{"type":"FeatureCollection", "features": [
{"type":"Feature","geometry":{"type":"Polygon","coordinates":[[[5.52282,43.32078],[5.52271,43.32019],[5.52266,43.31981],[5.52261,43.31972],[5.5226,43.31946],[5.52132,43.31774],[5.52119,43.31633],[5.5218,43.31521],[5.52302,43.31421],[5.52438,43.31378],[5.52449,43.31403],[5.52625,43.31403],[5.5266,43.31382],[5.52744,43.31367],[5.52774,43.31366],[5.52961,43.31427],[5.53012,43.31415],[5.53033,43.31406],[5.53073,43.31368],[5.53108,43.31297],[5.53111,43.31272],[5.53091,43.31247],[5.53074,43.31221],[5.52983,43.31184],[5.52844,43.31107],[5.52836,43.31101],[5.52705,43.30913],[5.52707,43.30891],[5.52849,43.30718],[5.52853,43.30545],[5.52857,43.30517],[5.52857,43.30484],[5.52836,43.30378],[5.52914,43.3029],[5.52944,43.30305],[5.52953,43.30278],[5.52977,43.30231],[5.53,43.30201],[5.53011,43.30181],[5.5302,43.30154],[5.53021,43.30143],[5.53013,43.30117],[5.53022,43.30105],[5.53046,43.30091],[5.53054,43.30082],[5.53101,43.30053],[5.53138,43.30023],[5.53163,43.30019],[5.53173,43.30004],[5.53254,43.29951],[5.5324,43.29899],[5.53223,43.29857],[5.53211,43.29835],[5.53019,43.29729],[5.52903,43.29608],[5.5287,43.29598],[5.52834,43.29596],[5.52799,43.29486],[5.52811,43.29449],[5.52809,43.29413],[5.5281,43.29386],[5.52763,43.29389],[5.52687,43.29422],[5.52539,43.29428],[5.52533,43.29425],[5.52497,43.29423],[5.5246,43.29414],[5.52355,43.29361],[5.52316,43.29343],[5.52297,43.29329],[5.52274,43.29316],[5.52259,43.29297],[5.52127,43.29173],[5.521,43.29133],[5.52117,43.28987],[5.51996,43.28915],[5.51852,43.28915],[5.51852,43.28856],[5.5184,43.28795],[5.51887,43.28611],[5.52046,43.28689],[5.52033,43.28183],[5.52274,43.28175],[5.52856,43.28368],[5.52914,43.28449],[5.53234,43.28533],[5.53022,43.28425],[5.53078,43.27955],[5.53119,43.27945],[5.5303,43.27728],[5.53037,43.27575],[5.5323,43.26843],[5.53076,43.26795],[5.52423,43.26766],[5.52145,43.26667],[5.517,43.26848],[5.5144,43.2677],[5.51477,43.26736],[5.51316,43.26332],[5.51481,43.26009],[5.51863,43.24777],[5.51869,43.24749],[5.51957,43.24431],[5.54737,43.24665],[5.54442,43.25462],[5.55299,43.25725],[5.55691,43.25774],[5.5576,43.25868],[5.56242,43.26131],[5.56478,43.26414],[5.57065,43.26781],[5.57851,43.26956],[5.58286,43.27135],[5.58665,43.26679],[5.59022,43.26475],[5.59545,43.26531],[5.59818,43.26473],[5.60033,43.26524],[5.60503,43.26821],[5.61228,43.26986],[5.6154,43.27015],[5.61263,43.27714],[5.60942,43.27842],[5.60979,43.27926],[5.60898,43.28002],[5.60888,43.28729],[5.60695,43.29328],[5.61009,43.31048],[5.61013,43.31384],[5.60931,43.31599],[5.60979,43.31693],[5.61041,43.31673],[5.61076,43.31723],[5.6096,43.32031],[5.60942,43.32379],[5.6045,43.32481],[5.59913,43.32533],[5.58432,43.32991],[5.58265,43.33112],[5.58223,43.33081],[5.57843,43.33215],[5.56498,43.33555],[5.56316,43.33461],[5.55961,43.334],[5.55532,43.33554],[5.55451,43.33633],[5.54845,43.33582],[5.54594,43.33534],[5.54062,43.33297],[5.53999,43.33183],[5.5364,43.33033],[5.52588,43.32177],[5.52483,43.32126],[5.52385,43.32095],[5.52282,43.32078]]]},"properties":{"code_territoire":"com13005","libelle_territoire":"Aubagne"}},
{"type":"Feature","geometry":{"type":"Polygon","coordinates":[[[5.53272,43.48296],[5.53003,43.48329],[5.52631,43.47872],[5.5221,43.47508],[5.5135,43.47258],[5.50864,43.47165],[5.50885,43.47036],[5.5096,43.46976],[5.50358,43.46843],[5.49613,43.46327],[5.49682,43.46276],[5.49975,43.46286],[5.50186,43.46221],[5.50719,43.45639],[5.50984,43.45496],[5.51363,43.45142],[5.51707,43.4492],[5.52012,43.44828],[5.52592,43.44439],[5.52949,43.44014],[5.5323,43.4394],[5.54018,43.43932],[5.54699,43.44049],[5.54702,43.44081],[5.55043,43.44079],[5.55138,43.44276],[5.55304,43.44069],[5.55252,43.43899],[5.55463,43.4378],[5.55579,43.43578],[5.55887,43.43397],[5.55956,43.43415],[5.5624,43.43178],[5.56328,43.43295],[5.56281,43.43334],[5.56428,43.43404],[5.57952,43.43856],[5.58393,43.44046],[5.58759,43.44274],[5.58978,43.44722],[5.58995,43.45081],[5.59115,43.45266],[5.59626,43.45473],[5.59912,43.45656],[5.60315,43.45781],[5.60705,43.4601],[5.60983,43.4594],[5.61121,43.46352],[5.60249,43.46797],[5.59767,43.4701],[5.59556,43.4706],[5.59476,43.47055],[5.5952,43.46985],[5.59477,43.46446],[5.59324,43.46477],[5.5932,43.46579],[5.58567,43.47087],[5.58522,43.47366],[5.58568,43.47455],[5.58467,43.47488],[5.5848,43.47579],[5.58366,43.47605],[5.57685,43.47405],[5.57679,43.47489],[5.57805,43.47534],[5.57778,43.47566],[5.57844,43.47593],[5.57656,43.4775],[5.57665,43.47835],[5.57525,43.47872],[5.5724,43.47836],[5.57146,43.4789],[5.57135,43.48052],[5.56773,43.47994],[5.56619,43.48022],[5.56419,43.47996],[5.562,43.47895],[5.56114,43.48001],[5.56093,43.48156],[5.55952,43.4821],[5.55812,43.48193],[5.55696,43.48088],[5.55548,43.48044],[5.55403,43.48122],[5.54719,43.48131],[5.54717,43.4818],[5.54603,43.48231],[5.54245,43.48139],[5.53989,43.48245],[5.53272,43.48296]]]},"properties":{"code_territoire":"com13040","libelle_territoire":"Fuveau"}},
{"type":"Feature","geometry":{"type":"Polygon","coordinates":[[[4.77747,43.68403],[4.78111,43.68313],[4.78455,43.68382],[4.78662,43.68253],[4.78988,43.68229],[4.79214,43.68118],[4.79995,43.69932],[4.79824,43.70282],[4.79549,43.70539],[4.79633,43.70559],[4.79659,43.70773],[4.79648,43.71016],[4.79595,43.71025],[4.79625,43.71254],[4.79767,43.71524],[4.79508,43.71624],[4.79513,43.71703],[4.79678,43.72138],[4.79644,43.722],[4.79736,43.72488],[4.79823,43.72536],[4.79868,43.72652],[4.79694,43.72794],[4.79741,43.73022],[4.78982,43.73291],[4.7824,43.73295],[4.77687,43.73271],[4.77396,43.72943],[4.77298,43.72892],[4.77151,43.7293],[4.76686,43.72907],[4.76568,43.72679],[4.76236,43.7238],[4.75782,43.72153],[4.75169,43.71982],[4.75129,43.71928],[4.75126,43.71711],[4.75233,43.7134],[4.75317,43.71308],[4.75407,43.70951],[4.75614,43.70539],[4.75855,43.70338],[4.75852,43.69587],[4.75886,43.69201],[4.76651,43.69239],[4.76696,43.69183],[4.76613,43.69067],[4.76685,43.6884],[4.76975,43.68742],[4.7709,43.68641],[4.77524,43.68453],[4.77747,43.68403]]]},"properties":{"code_territoire":"com13068","libelle_territoire":"Paradou"}},
{"type":"Feature","geometry":{"type":"Polygon","coordinates":[[[5.10295,43.36237],[5.10349,43.35852],[5.1048,43.35745],[5.10506,43.35618],[5.10381,43.35492],[5.10365,43.352],[5.10146,43.35092],[5.101,43.35017],[5.10126,43.349],[5.1031,43.34836],[5.10265,43.3473],[5.10305,43.346],[5.10241,43.34547],[5.10119,43.34583],[5.09974,43.34498],[5.09794,43.34258],[5.09524,43.34171],[5.09451,43.34017],[5.09161,43.34007],[5.0916,43.33899],[5.09234,43.3384],[5.08896,43.335],[5.08834,43.33292],[5.09219,43.33224],[5.09258,43.33247],[5.09412,43.33133],[5.09431,43.33027],[5.09615,43.32972],[5.09525,43.32874],[5.09797,43.32832],[5.09889,43.32828],[5.09958,43.32991],[5.10002,43.32928],[5.1009,43.32907],[5.10286,43.32989],[5.10418,43.32942],[5.10705,43.32953],[5.10873,43.3282],[5.10752,43.32937],[5.10825,43.32944],[5.10823,43.33007],[5.10698,43.33072],[5.10733,43.33116],[5.10772,43.33058],[5.10818,43.33108],[5.1095,43.33038],[5.10967,43.32966],[5.10852,43.32894],[5.1099,43.32952],[5.11279,43.32905],[5.11299,43.32863],[5.11323,43.329],[5.11434,43.32867],[5.11468,43.32906],[5.11548,43.32887],[5.11538,43.32843],[5.11612,43.32889],[5.11905,43.32783],[5.11945,43.32847],[5.12291,43.32887],[5.12339,43.32976],[5.12577,43.32877],[5.12614,43.32977],[5.12669,43.32985],[5.12955,43.3285],[5.12975,43.32796],[5.13081,43.32857],[5.13337,43.32814],[5.13368,43.32901],[5.13437,43.32854],[5.13431,43.32939],[5.13529,43.32918],[5.13471,43.32986],[5.13435,43.33252],[5.13482,43.33259],[5.13558,43.33421],[5.13738,43.33426],[5.13659,43.33719],[5.13593,43.33793],[5.13665,43.33922],[5.13634,43.34008],[5.13461,43.34116],[5.13493,43.34198],[5.13703,43.34455],[5.14285,43.34687],[5.14329,43.34785],[5.14154,43.34887],[5.14079,43.34876],[5.14041,43.34949],[5.13825,43.3498],[5.13935,43.35083],[5.13853,43.35157],[5.13953,43.35244],[5.13847,43.35303],[5.13864,43.35368],[5.13707,43.35383],[5.13684,43.35443],[5.13793,43.35471],[5.13746,43.35554],[5.13787,43.35714],[5.13898,43.35806],[5.13597,43.36023],[5.13439,43.3608],[5.13614,43.36173],[5.13646,43.36265],[5.13151,43.36622],[5.12773,43.36598],[5.11109,43.36229],[5.10295,43.36237]]]},"properties":{"code_territoire":"com13104","libelle_territoire":"Sausset-les-Pins"}},
{"type":"Feature","geometry":{"type":"Polygon","coordinates":[[[5.2696,43.49555],[5.24889,43.50488],[5.24842,43.50588],[5.24283,43.50724],[5.24038,43.50746],[5.23602,43.50902],[5.22528,43.51446],[5.21878,43.51889],[5.20648,43.52465],[5.20594,43.52267],[5.20676,43.52158],[5.20527,43.51955],[5.20462,43.51739],[5.20482,43.51461],[5.20385,43.5138],[5.2035,43.51259],[5.20079,43.51281],[5.20019,43.50918],[5.19864,43.50734],[5.19743,43.50708],[5.1951,43.50519],[5.19475,43.50385],[5.19415,43.50354],[5.19529,43.50125],[5.19564,43.49885],[5.20081,43.49434],[5.20274,43.49118],[5.20544,43.49217],[5.20703,43.4921],[5.20847,43.4916],[5.20938,43.49024],[5.21349,43.48846],[5.21859,43.48805],[5.21849,43.48688],[5.22007,43.48587],[5.2197,43.48464],[5.22208,43.48381],[5.22397,43.48241],[5.22463,43.48044],[5.22339,43.47913],[5.22641,43.48005],[5.22734,43.47883],[5.23222,43.47854],[5.2337,43.478],[5.23904,43.47729],[5.23841,43.47655],[5.24083,43.47456],[5.24261,43.47465],[5.24339,43.47622],[5.24907,43.4744],[5.25304,43.47794],[5.25431,43.47819],[5.25506,43.47886],[5.25727,43.481],[5.25798,43.48327],[5.25892,43.48386],[5.27165,43.48565],[5.27149,43.48997],[5.27035,43.49299],[5.26959,43.4937],[5.2696,43.49555]]]},"properties":{"code_territoire":"com13081","libelle_territoire":"Rognac"}},
{"type":"Feature","geometry":{"type":"Polygon","coordinates":[[[5.38908,43.30031],[5.38905,43.2989],[5.39118,43.2988],[5.39543,43.29942],[5.39547,43.29889],[5.40082,43.29751],[5.40031,43.2958],[5.40621,43.29623],[5.40674,43.29551],[5.40781,43.29597],[5.40875,43.29565],[5.40938,43.29621],[5.40857,43.29726],[5.40905,43.29731],[5.409,43.29829],[5.40995,43.29866],[5.40977,43.2993],[5.40834,43.29927],[5.4082,43.29859],[5.40728,43.2985],[5.40665,43.29873],[5.40645,43.29957],[5.40689,43.30096],[5.40775,43.30107],[5.40955,43.30416],[5.41126,43.30583],[5.41074,43.30765],[5.41102,43.30927],[5.4086,43.30969],[5.40969,43.31125],[5.4077,43.31158],[5.40871,43.3135],[5.40958,43.3133],[5.41053,43.31498],[5.40844,43.31512],[5.40739,43.31453],[5.4074,43.31603],[5.40671,43.31598],[5.40482,43.31696],[5.40343,43.31485],[5.39899,43.31658],[5.39909,43.31697],[5.39364,43.31646],[5.39318,43.31641],[5.39276,43.31187],[5.39193,43.31023],[5.3905,43.30939],[5.39179,43.30878],[5.39344,43.30595],[5.39305,43.30363],[5.39445,43.30204],[5.38908,43.30031]]]},"properties":{"code_territoire":"com13204","libelle_territoire":"Marseille 4e Arrondissement"}},
{"type":"Feature","geometry":{"type":"Polygon","coordinates":[[[5.06318,43.72156],[5.06499,43.72121],[5.06641,43.72239],[5.06691,43.72628],[5.06976,43.73089],[5.07733,43.72818],[5.08571,43.72577],[5.08807,43.72527],[5.09748,43.72458],[5.10328,43.72172],[5.1082,43.71471],[5.1166,43.70826],[5.11892,43.70934],[5.12138,43.70961],[5.12134,43.71],[5.12277,43.71042],[5.1219,43.71663],[5.12363,43.71688],[5.12337,43.72021],[5.12494,43.72018],[5.12791,43.7257],[5.12751,43.72572],[5.12763,43.72738],[5.12529,43.72943],[5.12542,43.73443],[5.12377,43.75883],[5.09075,43.77207],[5.07358,43.76629],[5.06724,43.76367],[5.06547,43.76425],[5.06268,43.76387],[5.05993,43.76442],[5.05789,43.76784],[5.05503,43.76671],[5.05241,43.76653],[5.04902,43.76544],[5.04974,43.7629],[5.04125,43.75852],[5.03427,43.75423],[5.02982,43.75247],[5.02666,43.75341],[5.02524,43.7531],[5.02319,43.75331],[5.02233,43.75216],[5.0204,43.75173],[5.0197,43.7505],[5.01838,43.75053],[5.01806,43.74992],[5.01895,43.75037],[5.02023,43.75009],[5.02103,43.75173],[5.02276,43.75177],[5.02362,43.75289],[5.02561,43.75248],[5.0263,43.75302],[5.028,43.75249],[5.02918,43.75158],[5.03012,43.75187],[5.03213,43.75098],[5.03426,43.74961],[5.03453,43.74869],[5.03575,43.74858],[5.03676,43.74759],[5.03951,43.74748],[5.04204,43.74666],[5.04548,43.7463],[5.04522,43.74598],[5.05023,43.74017],[5.05942,43.73025],[5.06318,43.72156]]]},"properties":{"code_territoire":"com13105","libelle_territoire":"Sénas"}},
{"type":"Feature","geometry":{"type":"Polygon","coordinates":[[[5.60092,43.50213],[5.60554,43.48842],[5.60542,43.48642],[5.60278,43.48633],[5.60133,43.48332],[5.60166,43.482],[5.59929,43.4815],[5.59858,43.48229],[5.59741,43.48174],[5.5951,43.48149],[5.5945,43.4823],[5.59255,43.48115],[5.59184,43.48118],[5.58854,43.48165],[5.58351,43.48329],[5.58197,43.48031],[5.58199,43.47937],[5.58223,43.47833],[5.58361,43.477],[5.58366,43.47605],[5.5848,43.47579],[5.58467,43.47488],[5.58568,43.47455],[5.58522,43.47366],[5.58567,43.47087],[5.5932,43.46579],[5.59324,43.46477],[5.59477,43.46446],[5.5952,43.46985],[5.59476,43.47055],[5.59556,43.4706],[5.59767,43.4701],[5.60249,43.46797],[5.61121,43.46352],[5.61148,43.46416],[5.61285,43.46394],[5.61307,43.46468],[5.61574,43.46604],[5.61671,43.46747],[5.61734,43.46995],[5.61946,43.47102],[5.62134,43.46894],[5.62284,43.46809],[5.62433,43.46778],[5.62823,43.46867],[5.62908,43.46781],[5.62846,43.46676],[5.6288,43.46608],[5.63119,43.46702],[5.6352,43.46616],[5.63771,43.46691],[5.64048,43.46605],[5.64123,43.46642],[5.64104,43.46743],[5.6419,43.46862],[5.6433,43.46895],[5.64506,43.46855],[5.64686,43.46966],[5.64773,43.46788],[5.64838,43.46776],[5.64856,43.46825],[5.6497,43.46863],[5.65081,43.46679],[5.65232,43.46639],[5.65283,43.46561],[5.65257,43.46428],[5.65325,43.46355],[5.65337,43.46413],[5.65435,43.46415],[5.65573,43.46544],[5.65795,43.47027],[5.65738,43.47292],[5.65804,43.47351],[5.65761,43.47608],[5.65844,43.47916],[5.65755,43.48315],[5.65673,43.48438],[5.65616,43.48809],[5.65434,43.49069],[5.64922,43.49548],[5.64487,43.49809],[5.63846,43.50344],[5.63817,43.50434],[5.63557,43.50605],[5.63356,43.50653],[5.63201,43.50831],[5.6304,43.50922],[5.62908,43.5094],[5.62819,43.51037],[5.62723,43.50918],[5.62578,43.50869],[5.62479,43.50769],[5.62122,43.50678],[5.62086,43.50614],[5.61805,43.50503],[5.61358,43.50406],[5.60989,43.504],[5.60092,43.50213]]]},"properties":{"code_territoire":"com13087","libelle_territoire":"Rousset"}},
{"type":"Feature","geometry":{"type":"Polygon","coordinates":[[[5.47947,43.51253],[5.48077,43.51266],[5.48351,43.5109],[5.48595,43.51052],[5.4918,43.50641],[5.49278,43.50647],[5.49597,43.50789],[5.50011,43.50722],[5.50203,43.50801],[5.5039,43.51002],[5.50641,43.50954],[5.50769,43.50839],[5.50964,43.50816],[5.51014,43.50659],[5.51193,43.5071],[5.51542,43.50707],[5.51757,43.50672],[5.51775,43.50614],[5.52053,43.50608],[5.52655,43.50478],[5.53169,43.50548],[5.53229,43.50593],[5.53156,43.5067],[5.53427,43.50957],[5.5342,43.51205],[5.52889,43.51437],[5.52788,43.51578],[5.52722,43.52121],[5.53039,43.52162],[5.53052,43.52271],[5.53159,43.52328],[5.53259,43.52486],[5.5317,43.5259],[5.52742,43.52652],[5.5258,43.5282],[5.52804,43.53634],[5.52587,43.53803],[5.5254,43.5377],[5.52547,43.53566],[5.52439,43.53884],[5.52168,43.53796],[5.51917,43.53831],[5.51682,43.53798],[5.51451,43.53667],[5.51403,43.53731],[5.51298,43.53664],[5.51193,43.53678],[5.51148,43.53738],[5.50994,43.53574],[5.50728,43.53605],[5.50572,43.5355],[5.50577,43.53481],[5.50486,43.53371],[5.50571,43.53331],[5.50629,43.53218],[5.50497,43.52908],[5.50308,43.52928],[5.4975,43.5285],[5.49548,43.52665],[5.4936,43.52586],[5.49319,43.5262],[5.4924,43.52608],[5.48828,43.52474],[5.48676,43.5237],[5.48397,43.52434],[5.4825,43.52547],[5.48272,43.52646],[5.48225,43.52716],[5.47794,43.52498],[5.47634,43.52265],[5.4764,43.52153],[5.47674,43.52038],[5.47988,43.51862],[5.48087,43.51657],[5.48106,43.51554],[5.47919,43.51402],[5.47947,43.51253]]]},"properties":{"code_territoire":"com13109","libelle_territoire":"Le Tholonet"}},
{"type":"Feature","geometry":{"type":"Polygon","coordinates":[[[5.39268,43.4164],[5.40002,43.41802],[5.40212,43.41879],[5.40512,43.42067],[5.40607,43.42099],[5.40694,43.42073],[5.41063,43.42237],[5.41319,43.42099],[5.41641,43.42159],[5.4173,43.42437],[5.4171,43.42551],[5.4195,43.4255],[5.41886,43.42791],[5.41718,43.43078],[5.41623,43.43445],[5.4184,43.43584],[5.42085,43.43614],[5.42684,43.43898],[5.42894,43.43885],[5.43006,43.43921],[5.43683,43.44248],[5.44276,43.44646],[5.4451,43.44748],[5.44455,43.44905],[5.44389,43.44891],[5.44347,43.44977],[5.44516,43.45078],[5.44563,43.45163],[5.44432,43.45199],[5.44507,43.45268],[5.44472,43.45313],[5.44571,43.45495],[5.44603,43.4552],[5.44643,43.45484],[5.44751,43.45651],[5.44867,43.46026],[5.44819,43.46329],[5.4487,43.46504],[5.44784,43.46743],[5.44695,43.46766],[5.44614,43.46873],[5.44456,43.4694],[5.44185,43.4715],[5.4373,43.47143],[5.43322,43.47395],[5.42601,43.47149],[5.42415,43.47287],[5.42157,43.47318],[5.41854,43.47075],[5.40959,43.47038],[5.40409,43.47072],[5.39977,43.46593],[5.39512,43.46629],[5.39346,43.46476],[5.39079,43.46328],[5.38851,43.4638],[5.3875,43.46193],[5.38825,43.45721],[5.38731,43.45313],[5.38856,43.45123],[5.38727,43.44878],[5.38812,43.44661],[5.39018,43.44501],[5.39051,43.44171],[5.39238,43.43925],[5.39196,43.43561],[5.39095,43.43389],[5.39144,43.43372],[5.39047,43.43249],[5.38805,43.43201],[5.38459,43.42989],[5.38461,43.42858],[5.38361,43.42753],[5.3841,43.42691],[5.38388,43.4255],[5.38012,43.42368],[5.37494,43.42],[5.37928,43.41462],[5.38101,43.41501],[5.38576,43.41437],[5.38792,43.41552],[5.39268,43.4164]]]},"properties":{"code_territoire":"com13015","libelle_territoire":"Bouc-Bel-Air"}},
{"type":"Feature","geometry":{"type":"MultiPolygon","coordinates":[[[[5.33225,43.37148],[5.3321,43.37152],[5.33194,43.37157],[5.3317,43.37165],[5.33144,43.37174],[5.33111,43.37185],[5.33084,43.37194],[5.33071,43.37198],[5.3305,43.37205],[5.33031,43.37211],[5.33015,43.37186],[5.32993,43.37153],[5.32978,43.37129],[5.32916,43.3716],[5.32887,43.37173],[5.32863,43.37184],[5.32819,43.37199],[5.32807,43.37206],[5.32765,43.37224],[5.32752,43.37229],[5.32714,43.37234],[5.32709,43.37232],[5.32639,43.37208],[5.32633,43.37206],[5.3261,43.37196],[5.32547,43.37174],[5.32461,43.37137],[5.32428,43.37108],[5.32418,43.3708],[5.32411,43.37053],[5.32406,43.37044],[5.32403,43.37032],[5.32407,43.36995],[5.32401,43.36976],[5.324,43.36969],[5.322,43.3682],[5.32177,43.36819],[5.32164,43.36821],[5.32153,43.36821],[5.32144,43.3682],[5.32047,43.36848],[5.3204,43.36865],[5.32039,43.36877],[5.32029,43.36906],[5.3202,43.3692],[5.32009,43.36931],[5.31982,43.36956],[5.31969,43.36964],[5.31943,43.36983],[5.31918,43.36995],[5.31886,43.37009],[5.31874,43.37015],[5.31869,43.3702],[5.31854,43.37032],[5.31849,43.37042],[5.31848,43.3705],[5.31837,43.37084],[5.31829,43.37118],[5.31836,43.37116],[5.31854,43.37099],[5.3189,43.37147],[5.31926,43.37232],[5.31924,43.37245],[5.31921,43.37257],[5.31921,43.37262],[5.31929,43.37315],[5.31927,43.37326],[5.31921,43.37337],[5.31916,43.37345],[5.31909,43.37351],[5.31879,43.37368],[5.31831,43.37404],[5.31815,43.37422],[5.31801,43.37444],[5.31798,43.3745],[5.31796,43.37463],[5.31798,43.37468],[5.31801,43.37477],[5.31804,43.37488],[5.31805,43.37508],[5.31801,43.37513],[5.31796,43.3752],[5.31791,43.37527],[5.31787,43.37536],[5.31784,43.3754],[5.31778,43.37549],[5.31758,43.37574],[5.31744,43.37608],[5.31734,43.37641],[5.31721,43.37663],[5.31703,43.37701],[5.31665,43.37708],[5.31635,43.37707],[5.31618,43.37703],[5.31553,43.37698],[5.31532,43.37725],[5.31278,43.37819],[5.31153,43.37909],[5.31123,43.37938],[5.3111,43.37968],[5.31071,43.38007],[5.31044,43.38148],[5.30942,43.38205],[5.30836,43.38168],[5.30812,43.38149],[5.30627,43.3812],[5.30621,43.38135],[5.30616,43.38144],[5.3061,43.38154],[5.30547,43.38126],[5.30472,43.38108],[5.30395,43.38089],[5.30399,43.38127],[5.30404,43.38143],[5.30407,43.38173],[5.30411,43.38188],[5.3041,43.38196],[5.30415,43.38212],[5.30415,43.38215],[5.30422,43.38221],[5.30423,43.38225],[5.30406,43.38258],[5.30403,43.38262],[5.304,43.38263],[5.30389,43.38264],[5.30383,43.38267],[5.3038,43.38272],[5.30377,43.38277],[5.30374,43.38292],[5.30375,43.38308],[5.3038,43.38329],[5.30398,43.38364],[5.30408,43.38476],[5.30395,43.38489],[5.30344,43.38532],[5.30246,43.38672],[5.30222,43.38698],[5.30129,43.38679],[5.30066,43.38698],[5.30034,43.38701],[5.30014,43.38696],[5.29987,43.38696],[5.29971,43.38698],[5.29905,43.38701],[5.29893,43.38705],[5.29887,43.38766],[5.29833,43.38826],[5.29813,43.38851],[5.29807,43.38864],[5.29798,43.38878],[5.29783,43.38884],[5.29764,43.38889],[5.29724,43.38896],[5.29696,43.38894],[5.2941,43.38728],[5.29394,43.38711],[5.29387,43.38681],[5.29383,43.38675],[5.29362,43.38656],[5.29333,43.38632],[5.29324,43.38622],[5.29315,43.3861],[5.29316,43.38604],[5.29314,43.38597],[5.29324,43.38588],[5.29337,43.38552],[5.29317,43.38531],[5.2929,43.38513],[5.29253,43.38515],[5.29227,43.38516],[5.29213,43.38516],[5.29197,43.38518],[5.29166,43.38519],[5.29111,43.38525],[5.2909,43.38526],[5.28998,43.38494],[5.28879,43.38495],[5.28841,43.38484],[5.28783,43.3849],[5.28576,43.38439],[5.28552,43.3842],[5.28569,43.38379],[5.2859,43.38342],[5.28539,43.38326],[5.28499,43.3831],[5.28354,43.38235],[5.28155,43.38194],[5.28179,43.3812],[5.28176,43.38115],[5.28155,43.38093],[5.2812,43.3803],[5.28101,43.38024],[5.28068,43.38023],[5.28039,43.38027],[5.28012,43.38031],[5.27878,43.38045],[5.27898,43.38015],[5.27901,43.3795],[5.28074,43.37883],[5.28162,43.37723],[5.28225,43.37716],[5.28224,43.37656],[5.28243,43.376],[5.28261,43.37582],[5.2826,43.37576],[5.28266,43.37571],[5.28279,43.37561],[5.28296,43.37544],[5.28315,43.37535],[5.285,43.37479],[5.28544,43.37431],[5.28469,43.37407],[5.28457,43.37393],[5.28452,43.37374],[5.28447,43.37358],[5.28448,43.37358],[5.2843,43.37329],[5.28424,43.37315],[5.2842,43.37301],[5.28417,43.37287],[5.28416,43.37276],[5.28405,43.37249],[5.28344,43.372],[5.2831,43.37177],[5.28272,43.37162],[5.28245,43.37153],[5.28188,43.37145],[5.28157,43.37133],[5.28066,43.37094],[5.28055,43.3709],[5.28016,43.37081],[5.27993,43.37073],[5.27984,43.37058],[5.27976,43.37048],[5.27927,43.36955],[5.27919,43.36811],[5.27913,43.368],[5.27903,43.36792],[5.27896,43.36771],[5.27813,43.36642],[5.27816,43.3662],[5.27864,43.36585],[5.27875,43.36572],[5.27855,43.36512],[5.27833,43.36496],[5.27802,43.36429],[5.27812,43.3635],[5.27818,43.36342],[5.27851,43.36317],[5.27871,43.36286],[5.27903,43.36259],[5.27904,43.36253],[5.27904,43.36247],[5.27902,43.36242],[5.27902,43.36239],[5.27897,43.36228],[5.27898,43.36212],[5.27901,43.36203],[5.27902,43.36197],[5.27902,43.36193],[5.27907,43.36189],[5.27909,43.36183],[5.27909,43.36179],[5.2791,43.36173],[5.27916,43.36162],[5.2793,43.36149],[5.27956,43.36133],[5.27959,43.36103],[5.2796,43.36103],[5.27964,43.36096],[5.2797,43.36091],[5.27985,43.36069],[5.27992,43.36049],[5.27979,43.36033],[5.27973,43.36009],[5.27976,43.35982],[5.28062,43.3581],[5.28077,43.35797],[5.28092,43.35785],[5.28118,43.3576],[5.28144,43.35712],[5.28152,43.35686],[5.28319,43.35597],[5.28311,43.35584],[5.28308,43.35574],[5.28248,43.35448],[5.28245,43.35438],[5.28238,43.35414],[5.28229,43.35384],[5.28225,43.35372],[5.2823,43.35372],[5.28236,43.35372],[5.28239,43.35373],[5.28255,43.35378],[5.28283,43.35378],[5.28342,43.35394],[5.28514,43.35506],[5.28704,43.35521],[5.28903,43.35766],[5.29008,43.35775],[5.28962,43.35714],[5.29667,43.35706],[5.29086,43.35733],[5.29108,43.35808],[5.29251,43.35858],[5.29318,43.35837],[5.29263,43.35798],[5.29326,43.35787],[5.29364,43.35849],[5.29469,43.35854],[5.29589,43.35798],[5.30179,43.3589],[5.30367,43.35878],[5.30214,43.3591],[5.2959,43.35823],[5.29422,43.35913],[5.29385,43.35979],[5.29538,43.35931],[5.3055,43.36128],[5.30988,43.36021],[5.30781,43.36111],[5.30813,43.36169],[5.30857,43.36116],[5.31148,43.36106],[5.31421,43.36028],[5.3147,43.35955],[5.31382,43.35888],[5.31544,43.35831],[5.31443,43.35889],[5.31501,43.35953],[5.31698,43.35877],[5.31717,43.35926],[5.3192,43.35752],[5.31882,43.35706],[5.31741,43.35763],[5.3223,43.35552],[5.32154,43.35602],[5.3218,43.35633],[5.32232,43.3561],[5.32294,43.35735],[5.32417,43.35759],[5.32385,43.35712],[5.32668,43.3559],[5.32664,43.3546],[5.32406,43.3557],[5.32351,43.35502],[5.32392,43.35479],[5.32236,43.35433],[5.31735,43.35646],[5.31404,43.3544],[5.31258,43.35515],[5.32051,43.35007],[5.3206,43.34908],[5.32112,43.34965],[5.32084,43.35015],[5.31603,43.35313],[5.31629,43.35341],[5.31694,43.35319],[5.3164,43.35353],[5.31685,43.35399],[5.32108,43.35139],[5.32135,43.35162],[5.31677,43.35444],[5.31744,43.35502],[5.32184,43.35232],[5.3226,43.35301],[5.32304,43.35202],[5.32402,43.35141],[5.32359,43.35173],[5.32411,43.35238],[5.3232,43.35407],[5.32452,43.35458],[5.32724,43.3534],[5.3266,43.3526],[5.32516,43.35302],[5.32683,43.35223],[5.32676,43.3518],[5.32849,43.35154],[5.32874,43.35104],[5.329,43.35128],[5.3313,43.35007],[5.33023,43.34845],[5.33202,43.35016],[5.34112,43.34512],[5.34064,43.34457],[5.34111,43.34487],[5.34079,43.34449],[5.34337,43.34323],[5.34033,43.34408],[5.34368,43.34236],[5.34011,43.34362],[5.33975,43.34317],[5.33988,43.34368],[5.33948,43.34322],[5.34051,43.34266],[5.33924,43.34117],[5.33624,43.34292],[5.33589,43.34256],[5.33511,43.34287],[5.33508,43.34348],[5.33473,43.34308],[5.33408,43.34339],[5.33443,43.34381],[5.33221,43.34487],[5.33177,43.34451],[5.33082,43.34495],[5.33119,43.34533],[5.33014,43.34529],[5.32962,43.34599],[5.32839,43.34477],[5.33779,43.33955],[5.33805,43.3398],[5.33857,43.33952],[5.33918,43.34016],[5.3434,43.33988],[5.3481,43.34207],[5.34533,43.34637],[5.34524,43.34748],[5.34625,43.34913],[5.3488,43.3502],[5.35198,43.35122],[5.35415,43.35091],[5.35269,43.35383],[5.35376,43.35386],[5.34921,43.35686],[5.34915,43.35882],[5.34709,43.36091],[5.3476,43.36205],[5.34703,43.36339],[5.34896,43.3634],[5.34899,43.36621],[5.34415,43.36608],[5.3442,43.36544],[5.34292,43.36544],[5.34178,43.36347],[5.34007,43.36269],[5.3392,43.36822],[5.33979,43.36922],[5.33764,43.36792],[5.33782,43.37104],[5.33664,43.37013],[5.33563,43.37014],[5.3347,43.3707],[5.33457,43.36979],[5.33351,43.3696],[5.33225,43.37148]]],[[[5.30223,43.35992],[5.30195,43.35967],[5.3064,43.36017],[5.30932,43.35969],[5.312,43.35862],[5.31225,43.35775],[5.31319,43.35745],[5.31235,43.35791],[5.31221,43.35864],[5.30881,43.35995],[5.30607,43.36032],[5.30223,43.35992]]],[[[5.31086,43.36066],[5.3125,43.35976],[5.31394,43.35961],[5.31265,43.35984],[5.31264,43.36053],[5.31196,43.36015],[5.31086,43.36066]]]]},"properties":{"code_territoire":"com13216","libelle_territoire":"Marseille 16e Arrondissement"}},
{"type":"Feature","geometry":{"type":"Polygon","coordinates":[[[5.40875,43.29565],[5.40781,43.29597],[5.40674,43.29551],[5.40621,43.29623],[5.40031,43.2958],[5.40082,43.29751],[5.39547,43.29889],[5.39543,43.29942],[5.39118,43.2988],[5.38905,43.2989],[5.38908,43.30031],[5.38556,43.29429],[5.38905,43.29318],[5.38915,43.28813],[5.38973,43.28828],[5.39036,43.28671],[5.39137,43.2863],[5.39072,43.28488],[5.39195,43.28476],[5.39633,43.28503],[5.3962,43.2857],[5.39868,43.28597],[5.39895,43.28683],[5.40236,43.28696],[5.40304,43.28657],[5.40637,43.28764],[5.40599,43.29038],[5.40679,43.29002],[5.40663,43.29113],[5.40718,43.29143],[5.40781,43.29091],[5.41023,43.29117],[5.41022,43.29155],[5.41492,43.2917],[5.4156,43.29347],[5.40875,43.29565]]]},"properties":{"code_territoire":"com13205","libelle_territoire":"Marseille 5e Arrondissement"}},
{"type":"Feature","geometry":{"type":"Polygon","coordinates":[[[5.5943,43.23639],[5.58828,43.24015],[5.58146,43.23558],[5.57969,43.23498],[5.57701,43.23329],[5.57526,43.23516],[5.57568,43.23591],[5.57451,43.23675],[5.57373,43.23929],[5.57203,43.24109],[5.57073,43.24176],[5.56802,43.24022],[5.56153,43.24241],[5.55487,43.24861],[5.55082,43.2471],[5.54737,43.24665],[5.51957,43.24431],[5.51921,43.24165],[5.52578,43.23823],[5.52616,43.23753],[5.52439,43.23523],[5.52309,43.23489],[5.51602,43.23503],[5.51273,43.23503],[5.5126,43.23491],[5.5107,43.23493],[5.5102,43.23506],[5.51,43.23508],[5.50959,43.23507],[5.50921,43.23497],[5.509,43.23476],[5.50857,43.23453],[5.50846,43.23444],[5.5082,43.23409],[5.50814,43.23373],[5.50803,43.23353],[5.50769,43.23336],[5.50749,43.23339],[5.50723,43.23328],[5.50678,43.23297],[5.50691,43.23284],[5.50681,43.23266],[5.50692,43.23253],[5.50701,43.23203],[5.50665,43.23163],[5.50691,43.23119],[5.50697,43.23084],[5.50695,43.23074],[5.50658,43.23054],[5.50636,43.23028],[5.5063,43.23017],[5.5066,43.22678],[5.507,43.22662],[5.5086,43.22546],[5.5107,43.2238],[5.5109,43.22345],[5.51106,43.22329],[5.51143,43.22254],[5.51189,43.22217],[5.51211,43.22138],[5.5114,43.22042],[5.51171,43.2202],[5.5139,43.21886],[5.51479,43.21834],[5.5152,43.21808],[5.51556,43.21788],[5.51597,43.21762],[5.51673,43.21717],[5.51769,43.21615],[5.51783,43.21591],[5.51788,43.21568],[5.51794,43.21562],[5.51795,43.21538],[5.51789,43.21513],[5.51775,43.21472],[5.51769,43.21447],[5.51755,43.21403],[5.51752,43.21359],[5.51596,43.21107],[5.51587,43.21086],[5.51416,43.20802],[5.5119,43.20687],[5.51134,43.20585],[5.51133,43.20537],[5.51152,43.20449],[5.51052,43.20003],[5.51011,43.19909],[5.50993,43.19769],[5.51337,43.20145],[5.51206,43.20302],[5.51208,43.2047],[5.51496,43.20573],[5.51574,43.2073],[5.51838,43.20846],[5.52122,43.21126],[5.52108,43.2104],[5.519,43.2082],[5.5164,43.2068],[5.51598,43.20499],[5.51385,43.20408],[5.51506,43.203],[5.51777,43.20491],[5.5194,43.20493],[5.52105,43.20582],[5.52135,43.20647],[5.52299,43.20671],[5.52461,43.20848],[5.52576,43.20824],[5.52605,43.20905],[5.53128,43.21192],[5.53094,43.21261],[5.53152,43.213],[5.53243,43.21296],[5.53378,43.21389],[5.53501,43.21407],[5.5351,43.21376],[5.53566,43.21446],[5.53714,43.21477],[5.53819,43.21408],[5.53791,43.21382],[5.53734,43.21353],[5.53701,43.21416],[5.53689,43.21372],[5.53514,43.21317],[5.53501,43.21353],[5.5338,43.21296],[5.53678,43.21291],[5.53827,43.21236],[5.53958,43.20957],[5.53918,43.20902],[5.54155,43.21005],[5.54487,43.21066],[5.54597,43.20975],[5.54511,43.20808],[5.54601,43.20792],[5.54769,43.20882],[5.54968,43.20786],[5.55,43.20721],[5.54859,43.2058],[5.54907,43.20524],[5.54882,43.20294],[5.54753,43.20124],[5.5477,43.19933],[5.54862,43.19757],[5.54856,43.19567],[5.54938,43.19397],[5.55128,43.19191],[5.553,43.19026],[5.55597,43.18846],[5.56194,43.19581],[5.56269,43.19787],[5.56591,43.20104],[5.56872,43.20191],[5.57456,43.20463],[5.57892,43.20484],[5.58168,43.20561],[5.58246,43.20794],[5.58222,43.20999],[5.58346,43.21225],[5.58529,43.21288],[5.58703,43.21507],[5.58979,43.21642],[5.59245,43.2188],[5.58848,43.22582],[5.58781,43.22941],[5.58912,43.23462],[5.59207,43.2365],[5.5943,43.23639]]]},"properties":{"code_territoire":"com13022","libelle_territoire":"Cassis"}},
{"type":"Feature","geometry":{"type":"Polygon","coordinates":[[[5.37214,43.29097],[5.38232,43.29348],[5.38149,43.29609],[5.38556,43.29429],[5.38908,43.30031],[5.39445,43.30204],[5.39305,43.30363],[5.39344,43.30595],[5.39179,43.30878],[5.3905,43.30939],[5.38105,43.30403],[5.37624,43.30204],[5.37629,43.30168],[5.37489,43.30161],[5.37433,43.29966],[5.37161,43.29939],[5.37419,43.29626],[5.37442,43.29528],[5.37375,43.29503],[5.37372,43.29413],[5.37108,43.29345],[5.37214,43.29097]]]},"properties":{"code_territoire":"com13201","libelle_territoire":"Marseille 1er Arrondissement"}},
{"type":"Feature","geometry":{"type":"Polygon","coordinates":[[[5.2651,43.40106],[5.266,43.40181],[5.26778,43.40228],[5.26739,43.4027],[5.27265,43.40516],[5.27196,43.40636],[5.27307,43.40651],[5.27285,43.40868],[5.27394,43.41459],[5.27487,43.41512],[5.27432,43.41561],[5.27495,43.41888],[5.27376,43.41853],[5.2731,43.41757],[5.27094,43.41651],[5.26816,43.41605],[5.26428,43.41638],[5.26377,43.41749],[5.26224,43.41848],[5.26125,43.41983],[5.25868,43.42077],[5.24951,43.42015],[5.24775,43.42151],[5.24424,43.42146],[5.24326,43.42218],[5.24278,43.42139],[5.24208,43.42131],[5.23903,43.42307],[5.23449,43.42276],[5.23228,43.42169],[5.22928,43.42133],[5.22659,43.42018],[5.22889,43.41623],[5.23186,43.41649],[5.23113,43.4158],[5.23335,43.41461],[5.23304,43.41389],[5.23375,43.41375],[5.23372,43.41182],[5.23734,43.41199],[5.24042,43.41141],[5.24285,43.41181],[5.24735,43.41044],[5.25431,43.41023],[5.25592,43.40728],[5.25849,43.40617],[5.25864,43.40531],[5.25934,43.40538],[5.26396,43.40201],[5.2651,43.40106]]]},"properties":{"code_territoire":"com13102","libelle_territoire":"Saint-Victoret"}},
{"type":"Feature","geometry":{"type":"Polygon","coordinates":[[[4.73205,43.81983],[4.7334,43.81903],[4.73317,43.81821],[4.74073,43.81757],[4.74473,43.81537],[4.74766,43.81553],[4.74941,43.81675],[4.7495,43.81747],[4.75012,43.81749],[4.75136,43.82165],[4.75385,43.82366],[4.75777,43.82534],[4.76194,43.82571],[4.76611,43.828],[4.76757,43.82833],[4.76832,43.82961],[4.7674,43.83119],[4.76831,43.8324],[4.76784,43.8333],[4.76879,43.83365],[4.76839,43.83501],[4.76996,43.83717],[4.77078,43.83727],[4.77162,43.83806],[4.7718,43.83934],[4.77643,43.84053],[4.77923,43.84022],[4.78305,43.84155],[4.78493,43.84134],[4.78491,43.84084],[4.78579,43.84079],[4.78708,43.84394],[4.78985,43.84741],[4.79112,43.84762],[4.79193,43.84745],[4.79199,43.84707],[4.79469,43.84681],[4.80214,43.84668],[4.80481,43.84621],[4.80499,43.85414],[4.80349,43.85428],[4.79935,43.85275],[4.79419,43.85221],[4.79323,43.85126],[4.79276,43.85182],[4.7914,43.85209],[4.78847,43.85157],[4.78764,43.85444],[4.78847,43.85619],[4.78784,43.85814],[4.78676,43.85786],[4.78924,43.86067],[4.796,43.8633],[4.79799,43.86495],[4.79828,43.86595],[4.79676,43.86865],[4.79686,43.86954],[4.79851,43.8706],[4.80117,43.87338],[4.80046,43.87331],[4.80156,43.87477],[4.80135,43.87627],[4.80218,43.87733],[4.80108,43.87982],[4.79964,43.87873],[4.79853,43.88019],[4.79825,43.88167],[4.79897,43.88337],[4.79349,43.88371],[4.78888,43.88523],[4.78611,43.89032],[4.78156,43.89112],[4.77865,43.88709],[4.77693,43.88714],[4.7746,43.88602],[4.77495,43.88453],[4.77285,43.88448],[4.77294,43.88334],[4.77047,43.87893],[4.75536,43.87062],[4.73928,43.85802],[4.73418,43.85794],[4.7368,43.85237],[4.73635,43.85087],[4.73665,43.84979],[4.74181,43.84406],[4.74148,43.84261],[4.7421,43.83988],[4.74123,43.83903],[4.74181,43.83704],[4.7409,43.8356],[4.74035,43.83282],[4.73947,43.83199],[4.73525,43.82406],[4.73205,43.81983]]]},"properties":{"code_territoire":"com13045","libelle_territoire":"Graveson"}},
{"type":"Feature","geometry":{"type":"Polygon","coordinates":[[[5.12602,43.69054],[5.13252,43.6918],[5.13749,43.69388],[5.1425,43.69238],[5.14802,43.69014],[5.15012,43.69013],[5.1545,43.69054],[5.15649,43.69112],[5.16134,43.69522],[5.16787,43.69691],[5.17763,43.69711],[5.17892,43.69645],[5.18084,43.6945],[5.18587,43.69545],[5.19026,43.69545],[5.19491,43.69676],[5.19414,43.70147],[5.1916,43.70496],[5.18895,43.70647],[5.18161,43.71333],[5.17214,43.7157],[5.16865,43.71872],[5.15935,43.72101],[5.14681,43.7259],[5.13384,43.72737],[5.12529,43.72943],[5.12763,43.72738],[5.12751,43.72572],[5.12791,43.7257],[5.12494,43.72018],[5.12337,43.72021],[5.12363,43.71688],[5.1219,43.71663],[5.12277,43.71042],[5.12134,43.71],[5.12138,43.70961],[5.11892,43.70934],[5.1166,43.70826],[5.12115,43.70497],[5.12341,43.69941],[5.12204,43.69805],[5.1217,43.69695],[5.12146,43.69278],[5.12192,43.69161],[5.12602,43.69054]]]},"properties":{"code_territoire":"com13003","libelle_territoire":"Alleins"}},
{"type":"Feature","geometry":{"type":"Polygon","coordinates":[[[5.0893,43.59658],[5.09146,43.59777],[5.09602,43.59885],[5.09505,43.6003],[5.09527,43.60159],[5.09739,43.60291],[5.09387,43.60696],[5.09295,43.60664],[5.09329,43.60854],[5.09191,43.6116],[5.0886,43.61598],[5.08738,43.61566],[5.08661,43.61741],[5.08724,43.619],[5.08621,43.62151],[5.08683,43.62224],[5.08719,43.62465],[5.0666,43.62802],[5.04855,43.63153],[5.03829,43.63427],[5.01247,43.64295],[5.01196,43.62916],[5.00346,43.62282],[4.9888,43.61809],[5.00809,43.60503],[5.01119,43.6065],[5.01823,43.60477],[5.02532,43.60115],[5.02581,43.59971],[5.03008,43.5981],[5.03883,43.59191],[5.04363,43.59228],[5.04305,43.59345],[5.04584,43.59356],[5.04745,43.59445],[5.04949,43.59435],[5.04998,43.59274],[5.05214,43.59257],[5.05337,43.59163],[5.05566,43.59246],[5.05556,43.59155],[5.05638,43.59147],[5.05883,43.59242],[5.06582,43.59215],[5.0708,43.59505],[5.0788,43.59731],[5.08607,43.59814],[5.08936,43.59762],[5.0893,43.59658]]]},"properties":{"code_territoire":"com13044","libelle_territoire":"Grans"}},
{"type":"Feature","geometry":{"type":"Polygon","coordinates":[[[5.19609,43.39255],[5.1951,43.39371],[5.19105,43.39325],[5.18724,43.39878],[5.18607,43.40564],[5.17166,43.41868],[5.16271,43.41257],[5.15576,43.40854],[5.15415,43.40793],[5.15345,43.4082],[5.14495,43.40361],[5.13647,43.39995],[5.1371,43.3995],[5.13289,43.39915],[5.12974,43.39762],[5.12873,43.39747],[5.12745,43.39786],[5.12523,43.39702],[5.12307,43.3972],[5.11806,43.40093],[5.1179,43.40182],[5.11875,43.40143],[5.11939,43.40189],[5.11865,43.40227],[5.11947,43.40233],[5.11813,43.40343],[5.11872,43.40425],[5.11829,43.40459],[5.11799,43.40425],[5.11749,43.40457],[5.11627,43.40424],[5.11529,43.40483],[5.11471,43.4043],[5.11535,43.40378],[5.10901,43.40304],[5.09683,43.40062],[5.09993,43.39688],[5.10402,43.38771],[5.10233,43.38734],[5.10079,43.38476],[5.10113,43.38321],[5.09987,43.38261],[5.09899,43.38306],[5.09879,43.38187],[5.09789,43.38119],[5.10162,43.37751],[5.10367,43.37689],[5.10364,43.37479],[5.10274,43.37438],[5.10348,43.37348],[5.10201,43.37334],[5.09961,43.36983],[5.10007,43.36784],[5.10186,43.36593],[5.10295,43.36237],[5.11109,43.36229],[5.12773,43.36598],[5.13151,43.36622],[5.13496,43.36636],[5.13599,43.36518],[5.13873,43.36446],[5.14026,43.36918],[5.14169,43.36998],[5.14337,43.36925],[5.14362,43.36838],[5.14504,43.36866],[5.14752,43.36815],[5.1479,43.36916],[5.15898,43.36683],[5.16815,43.36406],[5.16932,43.36443],[5.17262,43.36315],[5.17296,43.36238],[5.17345,43.36287],[5.17614,43.36296],[5.17612,43.36426],[5.17768,43.36461],[5.17913,43.36479],[5.18096,43.36426],[5.18204,43.36455],[5.18305,43.36411],[5.18506,43.36418],[5.18435,43.36488],[5.18579,43.36528],[5.18438,43.36685],[5.1842,43.36792],[5.18481,43.36858],[5.18381,43.3704],[5.18627,43.37493],[5.18667,43.37786],[5.18927,43.37892],[5.18888,43.38059],[5.19546,43.38252],[5.19609,43.39255]]]},"properties":{"code_territoire":"com13026","libelle_territoire":"Châteauneuf-les-Martigues"}},
{"type":"Feature","geometry":{"type":"Polygon","coordinates":[[[5.47534,43.39145],[5.47536,43.39301],[5.47609,43.39444],[5.47486,43.39768],[5.47688,43.39935],[5.47583,43.40432],[5.4786,43.40838],[5.47913,43.40843],[5.47872,43.41042],[5.47758,43.41178],[5.47679,43.41202],[5.47725,43.41262],[5.47692,43.41423],[5.47577,43.41435],[5.47278,43.41729],[5.46711,43.42024],[5.46735,43.42407],[5.4662,43.42475],[5.46694,43.42538],[5.46656,43.42606],[5.46369,43.42708],[5.46323,43.42834],[5.46433,43.43008],[5.45945,43.43363],[5.45102,43.43699],[5.4493,43.43925],[5.4495,43.44131],[5.45057,43.44208],[5.4505,43.4426],[5.448,43.44404],[5.44657,43.44437],[5.4451,43.44748],[5.44276,43.44646],[5.43683,43.44248],[5.43006,43.43921],[5.42894,43.43885],[5.42684,43.43898],[5.42085,43.43614],[5.4184,43.43584],[5.41623,43.43445],[5.41718,43.43078],[5.41886,43.42791],[5.4195,43.4255],[5.4171,43.42551],[5.4173,43.42437],[5.41641,43.42159],[5.41319,43.42099],[5.41063,43.42237],[5.40694,43.42073],[5.40607,43.42099],[5.40512,43.42067],[5.40212,43.41879],[5.40002,43.41802],[5.39268,43.4164],[5.39315,43.4111],[5.39438,43.4057],[5.39632,43.40114],[5.40691,43.39574],[5.40691,43.39271],[5.4076,43.39093],[5.41225,43.38919],[5.41598,43.38906],[5.41959,43.38665],[5.42043,43.38558],[5.4224,43.38541],[5.42495,43.38444],[5.4252,43.38411],[5.42465,43.38342],[5.42504,43.38329],[5.42546,43.38341],[5.42581,43.38343],[5.42605,43.38339],[5.42635,43.3835],[5.42659,43.38383],[5.42706,43.38391],[5.42735,43.38403],[5.42771,43.38411],[5.42822,43.38426],[5.42811,43.38451],[5.42835,43.38465],[5.42886,43.38475],[5.42891,43.38483],[5.42886,43.38506],[5.42972,43.38502],[5.43049,43.38513],[5.43082,43.38535],[5.43085,43.38542],[5.43119,43.38566],[5.43137,43.38583],[5.43157,43.38593],[5.43246,43.38659],[5.43272,43.38683],[5.43351,43.38702],[5.4343,43.38694],[5.43449,43.38703],[5.43513,43.38722],[5.4354,43.38717],[5.43583,43.38731],[5.43717,43.38852],[5.43744,43.38888],[5.43755,43.389],[5.4376,43.38921],[5.43758,43.38928],[5.43764,43.38945],[5.43792,43.38964],[5.43804,43.38983],[5.4381,43.39012],[5.43834,43.39046],[5.43841,43.3906],[5.4387,43.39091],[5.44024,43.39106],[5.4406,43.39092],[5.44097,43.39029],[5.44174,43.38987],[5.44557,43.38843],[5.44627,43.38763],[5.4472,43.38696],[5.44751,43.38699],[5.45066,43.38794],[5.45342,43.38797],[5.45583,43.38876],[5.45697,43.38997],[5.45979,43.38837],[5.46346,43.38728],[5.46723,43.39242],[5.4679,43.39261],[5.46886,43.39054],[5.47534,43.39145]]]},"properties":{"code_territoire":"com13107","libelle_territoire":"Simiane-Collongue"}},
{"type":"Feature","geometry":{"type":"Polygon","coordinates":[[[4.80108,43.87982],[4.80302,43.88182],[4.80339,43.88147],[4.80535,43.88207],[4.80594,43.88384],[4.80738,43.88419],[4.81046,43.88665],[4.81377,43.88741],[4.81546,43.88951],[4.81687,43.89013],[4.81667,43.89133],[4.81523,43.89289],[4.81665,43.8939],[4.81572,43.89448],[4.8188,43.89546],[4.81482,43.90363],[4.81184,43.90358],[4.8106,43.91445],[4.77363,43.91973],[4.77299,43.91651],[4.77079,43.9143],[4.77656,43.91498],[4.7814,43.91209],[4.7844,43.91198],[4.78694,43.91273],[4.79084,43.91192],[4.79152,43.91269],[4.79255,43.9124],[4.7929,43.91183],[4.78901,43.90341],[4.78452,43.89527],[4.78213,43.8928],[4.78156,43.89112],[4.78611,43.89032],[4.78888,43.88523],[4.79349,43.88371],[4.79897,43.88337],[4.79825,43.88167],[4.79853,43.88019],[4.79964,43.87873],[4.80108,43.87982]]]},"properties":{"code_territoire":"com13083","libelle_territoire":"Rognonas"}},
{"type":"Feature","geometry":{"type":"Polygon","coordinates":[[[5.41135,43.6227],[5.40599,43.62788],[5.40626,43.63312],[5.40538,43.63689],[5.40214,43.63825],[5.39873,43.64045],[5.39779,43.64055],[5.39694,43.64146],[5.39714,43.6424],[5.39859,43.64298],[5.39847,43.64355],[5.39535,43.64587],[5.39238,43.6497],[5.39917,43.66057],[5.39705,43.66299],[5.39836,43.66431],[5.39598,43.66617],[5.39415,43.66891],[5.39519,43.6694],[5.39481,43.67079],[5.39608,43.672],[5.39673,43.67501],[5.39614,43.67621],[5.39284,43.68005],[5.39006,43.68113],[5.38543,43.68119],[5.38557,43.68367],[5.38233,43.68759],[5.37355,43.69237],[5.37223,43.69157],[5.37085,43.69158],[5.37006,43.69581],[5.36786,43.69739],[5.36796,43.70048],[5.36857,43.70048],[5.36654,43.70104],[5.36529,43.70077],[5.36856,43.70464],[5.36794,43.70657],[5.36394,43.70749],[5.36224,43.70881],[5.3555,43.7061],[5.35351,43.70658],[5.35062,43.70769],[5.34846,43.71208],[5.3473,43.71288],[5.34503,43.71251],[5.34406,43.711],[5.34305,43.71069],[5.34295,43.70997],[5.34141,43.70935],[5.34071,43.70649],[5.33854,43.70704],[5.33714,43.71007],[5.33239,43.70902],[5.33224,43.70993],[5.32135,43.70625],[5.32134,43.70511],[5.31957,43.70376],[5.31974,43.7029],[5.31845,43.70225],[5.31752,43.70105],[5.31574,43.7003],[5.31458,43.70096],[5.31404,43.70065],[5.31304,43.70119],[5.31112,43.70123],[5.31152,43.70034],[5.31108,43.69884],[5.30911,43.6977],[5.31021,43.69408],[5.30986,43.6931],[5.30542,43.6926],[5.30261,43.69134],[5.29788,43.69064],[5.30211,43.68779],[5.30273,43.68585],[5.30145,43.68556],[5.30305,43.68331],[5.30264,43.68295],[5.30267,43.68058],[5.30421,43.67854],[5.30408,43.6765],[5.30322,43.67516],[5.30347,43.67409],[5.30245,43.67351],[5.30358,43.67187],[5.30749,43.65746],[5.30804,43.65749],[5.30763,43.65495],[5.30883,43.65235],[5.31003,43.6521],[5.31114,43.65237],[5.31057,43.65099],[5.31092,43.64893],[5.31337,43.64627],[5.31619,43.6464],[5.31748,43.63813],[5.31955,43.63779],[5.32526,43.63412],[5.32833,43.63344],[5.33206,43.63335],[5.33432,43.63147],[5.33772,43.63093],[5.34107,43.62937],[5.34917,43.62669],[5.36091,43.6244],[5.36529,43.62485],[5.3766,43.62598],[5.38114,43.62515],[5.38488,43.62557],[5.38988,43.62485],[5.39962,43.62171],[5.40336,43.62157],[5.41135,43.6227]]]},"properties":{"code_territoire":"com13082","libelle_territoire":"Rognes"}},
{"type":"Feature","geometry":{"type":"Polygon","coordinates":[[[4.9243,43.79924],[4.925,43.79904],[4.92681,43.79689],[4.92967,43.79701],[4.9333,43.79547],[4.93451,43.79568],[4.93711,43.7912],[4.94208,43.79167],[4.9447,43.79141],[4.94558,43.78686],[4.95378,43.78787],[4.962,43.78957],[4.96679,43.79202],[4.98456,43.80161],[4.97278,43.81989],[4.94762,43.81892],[4.93972,43.81802],[4.92192,43.81313],[4.90855,43.81213],[4.90964,43.80296],[4.91202,43.8028],[4.91513,43.80336],[4.91942,43.80049],[4.9243,43.79924]]]},"properties":{"code_territoire":"com13064","libelle_territoire":"Mollégès"}},
{"type":"Feature","geometry":{"type":"Polygon","coordinates":[[[5.39156,43.37211],[5.39148,43.37206],[5.3914,43.37205],[5.39126,43.37205],[5.39118,43.37206],[5.39115,43.37207],[5.39111,43.3721],[5.39099,43.37221],[5.3909,43.37226],[5.39085,43.37228],[5.39076,43.37229],[5.39071,43.37228],[5.39066,43.37225],[5.39057,43.37209],[5.39053,43.37206],[5.39048,43.37204],[5.39043,43.37204],[5.39033,43.37207],[5.39024,43.37213],[5.3902,43.37217],[5.39013,43.37226],[5.39004,43.37247],[5.38999,43.37248],[5.38988,43.37249],[5.38943,43.37244],[5.38916,43.37234],[5.38908,43.3723],[5.38902,43.37224],[5.38875,43.37199],[5.38861,43.37182],[5.3885,43.37178],[5.38842,43.37177],[5.38832,43.37177],[5.38825,43.37177],[5.38819,43.37179],[5.38809,43.37184],[5.38796,43.37197],[5.38784,43.37204],[5.38771,43.37206],[5.38763,43.37206],[5.38751,43.37206],[5.38744,43.37205],[5.38733,43.37204],[5.3871,43.37194],[5.38625,43.37179],[5.38573,43.37155],[5.3856,43.37153],[5.38542,43.37151],[5.38534,43.37149],[5.38529,43.37146],[5.38522,43.3714],[5.3852,43.37134],[5.38519,43.3713],[5.3852,43.37126],[5.38525,43.37119],[5.38544,43.37101],[5.38549,43.37069],[5.38552,43.37062],[5.38561,43.37048],[5.38563,43.37044],[5.38564,43.3704],[5.3856,43.37033],[5.38541,43.37021],[5.38377,43.37061],[5.38369,43.37065],[5.38365,43.37071],[5.38359,43.37087],[5.38356,43.3709],[5.38351,43.37092],[5.38346,43.37093],[5.38312,43.3709],[5.38301,43.37092],[5.38293,43.37094],[5.3828,43.371],[5.3827,43.37108],[5.38262,43.37116],[5.38257,43.37133],[5.38254,43.37136],[5.38246,43.37138],[5.38238,43.37138],[5.38234,43.37137],[5.38223,43.37136],[5.38215,43.37133],[5.38204,43.37126],[5.38197,43.37116],[5.3819,43.37054],[5.38173,43.37041],[5.38161,43.37032],[5.38134,43.37016],[5.38106,43.37007],[5.38082,43.37],[5.38057,43.36993],[5.38006,43.36983],[5.37988,43.36977],[5.37975,43.36974],[5.37972,43.36974],[5.37968,43.36974],[5.37882,43.36992],[5.37845,43.36996],[5.37834,43.36998],[5.37821,43.37004],[5.37792,43.37026],[5.37767,43.37037],[5.37732,43.37047],[5.37722,43.3705],[5.37713,43.37049],[5.37688,43.37045],[5.37678,43.37045],[5.37625,43.37058],[5.3751,43.37126],[5.3743,43.37158],[5.37402,43.37165],[5.37347,43.37172],[5.37337,43.37176],[5.3733,43.37187],[5.37403,43.37209],[5.37407,43.3721],[5.37419,43.37214],[5.37458,43.37226],[5.37567,43.37218],[5.37596,43.37223],[5.3764,43.37272],[5.37667,43.37301],[5.37692,43.3735],[5.37784,43.37437],[5.37801,43.37459],[5.37809,43.37476],[5.3781,43.37484],[5.3781,43.37488],[5.37811,43.37519],[5.37811,43.37538],[5.37812,43.37593],[5.37786,43.37648],[5.37778,43.37657],[5.37765,43.37665],[5.3771,43.37676],[5.37692,43.37677],[5.37675,43.37679],[5.37659,43.37682],[5.37645,43.37688],[5.37633,43.37697],[5.376,43.37728],[5.37597,43.37732],[5.37493,43.37779],[5.37477,43.37791],[5.37468,43.37797],[5.37452,43.3781],[5.37472,43.37826],[5.37503,43.37849],[5.3752,43.37862],[5.37527,43.37873],[5.37533,43.37882],[5.37538,43.37886],[5.37545,43.37889],[5.37721,43.37936],[5.37771,43.37959],[5.37751,43.37981],[5.37746,43.3799],[5.37748,43.37996],[5.37748,43.38002],[5.37738,43.38066],[5.37727,43.38128],[5.37707,43.3818],[5.37699,43.38217],[5.37684,43.3835],[5.37682,43.38376],[5.37684,43.38381],[5.37694,43.38397],[5.37759,43.38422],[5.37809,43.38428],[5.37827,43.38429],[5.37846,43.38429],[5.37849,43.38442],[5.37849,43.38459],[5.37836,43.38491],[5.37729,43.38586],[5.37708,43.38601],[5.37684,43.38622],[5.37677,43.3863],[5.3766,43.38652],[5.37653,43.38662],[5.37611,43.38708],[5.3756,43.38757],[5.37529,43.38788],[5.3752,43.38799],[5.37504,43.38815],[5.37498,43.38834],[5.37464,43.38869],[5.37007,43.38968],[5.36988,43.38967],[5.36926,43.38962],[5.36876,43.38964],[5.36854,43.38965],[5.36844,43.38963],[5.36828,43.38951],[5.36735,43.38859],[5.36673,43.38821],[5.36565,43.38831],[5.36559,43.3883],[5.36487,43.38815],[5.3647,43.3881],[5.36324,43.38722],[5.36083,43.3872],[5.36078,43.38653],[5.36071,43.38597],[5.36023,43.38594],[5.35994,43.38596],[5.35946,43.38575],[5.35895,43.38586],[5.35884,43.38584],[5.35881,43.3857],[5.35868,43.38498],[5.35804,43.38502],[5.35783,43.38502],[5.35722,43.38504],[5.3572,43.38492],[5.35716,43.38484],[5.35705,43.38483],[5.35699,43.38485],[5.35696,43.38493],[5.3569,43.38518],[5.35686,43.38521],[5.35682,43.38523],[5.35677,43.38523],[5.35671,43.38523],[5.35655,43.38521],[5.35654,43.38512],[5.35652,43.38508],[5.35649,43.38506],[5.35573,43.38505],[5.35476,43.38508],[5.35466,43.38469],[5.35453,43.38457],[5.3541,43.38435],[5.35344,43.38409],[5.35314,43.38398],[5.35315,43.38393],[5.35269,43.38373],[5.3526,43.3837],[5.35234,43.38359],[5.35217,43.38353],[5.35105,43.38309],[5.35066,43.38293],[5.3506,43.38291],[5.35043,43.38284],[5.35039,43.38261],[5.35039,43.3825],[5.3504,43.38237],[5.35045,43.3822],[5.35077,43.3815],[5.35099,43.38064],[5.35104,43.38053],[5.35264,43.378],[5.35338,43.37711],[5.35376,43.37682],[5.35387,43.37672],[5.35409,43.3766],[5.3542,43.37652],[5.35445,43.37633],[5.35449,43.37629],[5.35451,43.37619],[5.35452,43.37594],[5.35459,43.37568],[5.35461,43.37552],[5.35463,43.37541],[5.35477,43.37507],[5.35488,43.37501],[5.35491,43.37499],[5.35568,43.37462],[5.3555,43.3746],[5.3553,43.37453],[5.35514,43.37443],[5.35508,43.37443],[5.35476,43.37445],[5.35467,43.37445],[5.35444,43.37444],[5.35457,43.37432],[5.35373,43.37424],[5.35355,43.37422],[5.35215,43.37432],[5.35182,43.37451],[5.35071,43.3751],[5.35044,43.3752],[5.35021,43.37525],[5.34949,43.37532],[5.34928,43.37536],[5.34914,43.3754],[5.34894,43.37548],[5.34716,43.37533],[5.34596,43.37528],[5.34557,43.37525],[5.34507,43.37521],[5.34443,43.37517],[5.34132,43.37634],[5.34098,43.37652],[5.34052,43.37683],[5.34045,43.37687],[5.34038,43.37691],[5.33871,43.37724],[5.33855,43.37724],[5.3381,43.37716],[5.33792,43.37712],[5.33742,43.37697],[5.33639,43.37679],[5.33709,43.37526],[5.33664,43.37482],[5.33497,43.37409],[5.33385,43.37318],[5.33309,43.37242],[5.33233,43.37146],[5.33225,43.37148],[5.33351,43.3696],[5.33457,43.36979],[5.3347,43.3707],[5.33563,43.37014],[5.33664,43.37013],[5.33782,43.37104],[5.33764,43.36792],[5.33979,43.36922],[5.3392,43.36822],[5.34007,43.36269],[5.34178,43.36347],[5.34292,43.36544],[5.3442,43.36544],[5.34415,43.36608],[5.34899,43.36621],[5.34896,43.3634],[5.34703,43.36339],[5.3476,43.36205],[5.34709,43.36091],[5.34915,43.35882],[5.34921,43.35686],[5.35376,43.35386],[5.35269,43.35383],[5.35415,43.35091],[5.35198,43.35122],[5.3488,43.3502],[5.34625,43.34913],[5.34524,43.34748],[5.34533,43.34637],[5.3481,43.34207],[5.3434,43.33988],[5.33918,43.34016],[5.33857,43.33952],[5.33805,43.3398],[5.33779,43.33955],[5.3436,43.33888],[5.34528,43.33687],[5.34487,43.33636],[5.35108,43.33595],[5.35217,43.33655],[5.35424,43.33593],[5.35571,43.33191],[5.35802,43.33048],[5.35909,43.33046],[5.35921,43.32865],[5.36404,43.32285],[5.36526,43.32025],[5.36842,43.31651],[5.36914,43.31666],[5.36998,43.31958],[5.37158,43.32008],[5.37145,43.32205],[5.36889,43.32606],[5.36896,43.32697],[5.36765,43.32976],[5.36703,43.32959],[5.36637,43.33083],[5.36804,43.33334],[5.36681,43.3382],[5.37336,43.33952],[5.37456,43.33949],[5.37547,43.3389],[5.37565,43.34148],[5.37734,43.34101],[5.37827,43.34452],[5.37826,43.34666],[5.37523,43.34918],[5.37931,43.35134],[5.37637,43.35198],[5.37671,43.35378],[5.37594,43.3539],[5.37607,43.35443],[5.37784,43.35513],[5.38069,43.35906],[5.38611,43.36279],[5.38814,43.36668],[5.39173,43.36707],[5.3926,43.36657],[5.3948,43.36661],[5.39615,43.36783],[5.39841,43.36814],[5.39791,43.36915],[5.39705,43.3693],[5.39457,43.37216],[5.39156,43.37211]]]},"properties":{"code_territoire":"com13215","libelle_territoire":"Marseille 15e Arrondissement"}},
{"type":"Feature","geometry":{"type":"Polygon","coordinates":[[[4.8106,43.91445],[4.81184,43.90358],[4.81482,43.90363],[4.8188,43.89546],[4.81572,43.89448],[4.81665,43.8939],[4.81523,43.89289],[4.81667,43.89133],[4.81687,43.89013],[4.81546,43.88951],[4.81377,43.88741],[4.81046,43.88665],[4.80738,43.88419],[4.80594,43.88384],[4.80535,43.88207],[4.80339,43.88147],[4.80302,43.88182],[4.80108,43.87982],[4.80218,43.87733],[4.80135,43.87627],[4.80156,43.87477],[4.80046,43.87331],[4.80117,43.87338],[4.79851,43.8706],[4.79686,43.86954],[4.79676,43.86865],[4.79828,43.86595],[4.79799,43.86495],[4.796,43.8633],[4.78924,43.86067],[4.78676,43.85786],[4.78784,43.85814],[4.78847,43.85619],[4.78764,43.85444],[4.78847,43.85157],[4.7914,43.85209],[4.79276,43.85182],[4.79323,43.85126],[4.79419,43.85221],[4.79935,43.85275],[4.80349,43.85428],[4.80499,43.85414],[4.81121,43.85442],[4.81417,43.85498],[4.8172,43.85491],[4.82646,43.85687],[4.83188,43.85881],[4.84338,43.8605],[4.84933,43.86061],[4.85084,43.85986],[4.85662,43.85904],[4.86012,43.86058],[4.86152,43.86024],[4.86875,43.86055],[4.87427,43.85885],[4.87863,43.85915],[4.88197,43.86],[4.8793,43.86519],[4.8786,43.86949],[4.87953,43.87387],[4.87864,43.87953],[4.87927,43.87914],[4.87995,43.8793],[4.87945,43.88295],[4.87849,43.88403],[4.88001,43.88408],[4.87941,43.88534],[4.88117,43.90169],[4.85305,43.91131],[4.82121,43.91295],[4.8106,43.91445]]]},"properties":{"code_territoire":"com13027","libelle_territoire":"Châteaurenard"}},
{"type":"Feature","geometry":{"type":"Polygon","coordinates":[[[5.53497,43.5814],[5.53238,43.58409],[5.53081,43.58408],[5.52256,43.59222],[5.5112,43.60713],[5.50801,43.60878],[5.50034,43.61012],[5.49322,43.6124],[5.48796,43.61287],[5.4888,43.61616],[5.48685,43.61588],[5.48201,43.62005],[5.47943,43.62087],[5.47654,43.62352],[5.46379,43.6137],[5.46329,43.61199],[5.46349,43.60798],[5.4649,43.60265],[5.46386,43.5986],[5.46399,43.58948],[5.46509,43.5861],[5.4656,43.58199],[5.46682,43.58098],[5.46691,43.57968],[5.46389,43.57686],[5.4661,43.57428],[5.46865,43.57336],[5.46956,43.57376],[5.47104,43.57344],[5.47273,43.57365],[5.4771,43.57215],[5.47911,43.5729],[5.48444,43.57223],[5.48846,43.56985],[5.48969,43.56839],[5.49398,43.56672],[5.49513,43.56904],[5.49794,43.5708],[5.5007,43.57156],[5.50352,43.57388],[5.50627,43.57725],[5.51049,43.57751],[5.51477,43.57887],[5.5208,43.57994],[5.53053,43.58055],[5.53497,43.5814]]]},"properties":{"code_territoire":"com13113","libelle_territoire":"Venelles"}},
{"type":"Feature","geometry":{"type":"Polygon","coordinates":[[[5.49613,43.46327],[5.49571,43.46382],[5.49501,43.46326],[5.49044,43.46553],[5.48864,43.46715],[5.48209,43.47056],[5.48154,43.47233],[5.48262,43.48088],[5.47616,43.48776],[5.47493,43.48827],[5.47,43.48784],[5.46909,43.48901],[5.46814,43.48908],[5.46421,43.48681],[5.46331,43.48521],[5.46082,43.48275],[5.45908,43.48192],[5.45744,43.47881],[5.45569,43.47751],[5.45292,43.47759],[5.45215,43.47579],[5.44925,43.47548],[5.44774,43.47424],[5.44665,43.47472],[5.44658,43.47397],[5.4443,43.47271],[5.44197,43.47285],[5.44185,43.4715],[5.44456,43.4694],[5.44614,43.46873],[5.44695,43.46766],[5.44784,43.46743],[5.4487,43.46504],[5.44819,43.46329],[5.44867,43.46026],[5.44751,43.45651],[5.44643,43.45484],[5.44603,43.4552],[5.44571,43.45495],[5.44472,43.45313],[5.44507,43.45268],[5.44432,43.45199],[5.44563,43.45163],[5.44516,43.45078],[5.44347,43.44977],[5.44389,43.44891],[5.44455,43.44905],[5.4451,43.44748],[5.44657,43.44437],[5.448,43.44404],[5.4505,43.4426],[5.45057,43.44208],[5.4495,43.44131],[5.4493,43.43925],[5.45102,43.43699],[5.45945,43.43363],[5.46433,43.43008],[5.46611,43.42881],[5.46826,43.43119],[5.46844,43.43085],[5.46963,43.43132],[5.47147,43.43063],[5.47236,43.432],[5.47586,43.43152],[5.47707,43.43051],[5.47893,43.43054],[5.4829,43.42938],[5.48584,43.43202],[5.48684,43.43168],[5.49098,43.432],[5.49247,43.43071],[5.50225,43.42794],[5.50664,43.42839],[5.50819,43.43033],[5.51041,43.42993],[5.51484,43.43014],[5.51883,43.42886],[5.52163,43.4316],[5.52254,43.43325],[5.52739,43.43667],[5.52949,43.44014],[5.52592,43.44439],[5.52012,43.44828],[5.51707,43.4492],[5.51363,43.45142],[5.50984,43.45496],[5.50719,43.45639],[5.50186,43.46221],[5.49975,43.46286],[5.49682,43.46276],[5.49613,43.46327]]]},"properties":{"code_territoire":"com13041","libelle_territoire":"Gardanne"}},
{"type":"Feature","geometry":{"type":"Polygon","coordinates":[[[4.73418,43.85794],[4.73088,43.86363],[4.72874,43.86589],[4.72356,43.86281],[4.72102,43.8604],[4.72127,43.85244],[4.71322,43.85185],[4.71078,43.85125],[4.7075,43.84936],[4.6982,43.84538],[4.69221,43.8448],[4.68676,43.84499],[4.68141,43.84766],[4.67478,43.84686],[4.66811,43.84754],[4.66667,43.84723],[4.66646,43.84525],[4.66549,43.84394],[4.66038,43.84187],[4.6528,43.8403],[4.64993,43.83917],[4.651,43.83833],[4.64554,43.83534],[4.64335,43.83309],[4.64233,43.83106],[4.64447,43.82542],[4.64678,43.82551],[4.64808,43.82194],[4.65161,43.818],[4.65524,43.80749],[4.65438,43.80501],[4.65501,43.80281],[4.65464,43.7984],[4.65395,43.79756],[4.65333,43.79487],[4.65313,43.78906],[4.652,43.786],[4.65157,43.7825],[4.64755,43.7782],[4.64276,43.77393],[4.63972,43.77242],[4.63942,43.77139],[4.63423,43.76679],[4.63254,43.76413],[4.62997,43.76213],[4.6283,43.75788],[4.62999,43.7575],[4.63286,43.75789],[4.63557,43.75999],[4.63955,43.76042],[4.64231,43.75027],[4.64021,43.74613],[4.64333,43.74532],[4.64299,43.74479],[4.64733,43.74344],[4.65037,43.74308],[4.65789,43.74094],[4.66241,43.74032],[4.66906,43.73566],[4.67419,43.73407],[4.67479,43.73308],[4.67894,43.72995],[4.67978,43.72858],[4.6902,43.73137],[4.69092,43.73087],[4.6954,43.73185],[4.69568,43.7326],[4.7042,43.73298],[4.7139,43.7328],[4.72155,43.74493],[4.72367,43.74586],[4.72529,43.74899],[4.731,43.75209],[4.73353,43.75422],[4.70649,43.75887],[4.7093,43.766],[4.70782,43.7665],[4.70524,43.76644],[4.705,43.7685],[4.70564,43.77037],[4.70366,43.77405],[4.7028,43.7737],[4.70215,43.77467],[4.69738,43.77625],[4.70022,43.78014],[4.7084,43.7894],[4.71024,43.79103],[4.71175,43.79103],[4.71114,43.79272],[4.71251,43.79421],[4.71199,43.79619],[4.71198,43.80093],[4.71314,43.80728],[4.71367,43.81721],[4.72805,43.81788],[4.72974,43.81766],[4.73205,43.81983],[4.73525,43.82406],[4.73947,43.83199],[4.74035,43.83282],[4.7409,43.8356],[4.74181,43.83704],[4.74123,43.83903],[4.7421,43.83988],[4.74148,43.84261],[4.74181,43.84406],[4.73665,43.84979],[4.73635,43.85087],[4.7368,43.85237],[4.73418,43.85794]]]},"properties":{"code_territoire":"com13108","libelle_territoire":"Tarascon"}},
{"type":"Feature","geometry":{"type":"Polygon","coordinates":[[[5.22649,43.70693],[5.21997,43.70577],[5.21266,43.70054],[5.21103,43.69862],[5.20889,43.6972],[5.20757,43.69788],[5.20441,43.69765],[5.19664,43.70016],[5.19575,43.70143],[5.19414,43.70147],[5.19491,43.69676],[5.19026,43.69545],[5.18587,43.69545],[5.18084,43.6945],[5.17892,43.69645],[5.17763,43.69711],[5.16787,43.69691],[5.16134,43.69522],[5.15649,43.69112],[5.1545,43.69054],[5.15012,43.69013],[5.14979,43.68883],[5.15158,43.68547],[5.1505,43.68482],[5.15056,43.68352],[5.15005,43.68304],[5.15074,43.68266],[5.15028,43.68187],[5.15096,43.68143],[5.1507,43.6806],[5.15338,43.67807],[5.15606,43.67638],[5.15789,43.67626],[5.16411,43.67449],[5.16652,43.67302],[5.17587,43.67126],[5.18092,43.66524],[5.18125,43.66174],[5.18231,43.66124],[5.18575,43.66202],[5.18822,43.66159],[5.19219,43.66173],[5.19482,43.66687],[5.19822,43.66731],[5.19639,43.67015],[5.19821,43.66967],[5.19812,43.67091],[5.19928,43.67051],[5.19972,43.67073],[5.20106,43.67273],[5.20226,43.67242],[5.20506,43.67313],[5.20632,43.67555],[5.21073,43.67543],[5.21472,43.67703],[5.21943,43.67693],[5.22208,43.67837],[5.22366,43.68071],[5.22324,43.68159],[5.22515,43.68213],[5.22409,43.68347],[5.2211,43.68445],[5.21652,43.68711],[5.21185,43.69093],[5.22564,43.70157],[5.22854,43.7029],[5.22649,43.70693]]]},"properties":{"code_territoire":"com13115","libelle_territoire":"Vernègues"}},
{"type":"Feature","geometry":{"type":"MultiPolygon","coordinates":[[[[5.37382,43.2792],[5.37293,43.27962],[5.37287,43.28052],[5.37215,43.28042],[5.37245,43.2811],[5.37136,43.28338],[5.37033,43.28386],[5.37112,43.28451],[5.37012,43.28635],[5.3701,43.28776],[5.37214,43.29097],[5.37108,43.29345],[5.3651,43.29251],[5.36554,43.29144],[5.36433,43.29115],[5.36494,43.2926],[5.363,43.29392],[5.36152,43.2939],[5.36216,43.29375],[5.36144,43.29276],[5.36024,43.29384],[5.36126,43.29409],[5.35972,43.29419],[5.35785,43.2952],[5.35714,43.29438],[5.35626,43.29422],[5.35577,43.29437],[5.35603,43.29524],[5.3555,43.29529],[5.35421,43.29459],[5.35439,43.29377],[5.35338,43.29225],[5.35361,43.2914],[5.35439,43.29158],[5.35514,43.29114],[5.35482,43.28942],[5.35247,43.28832],[5.35114,43.28642],[5.3493,43.28571],[5.35136,43.28526],[5.35034,43.28536],[5.34958,43.2848],[5.34986,43.28521],[5.34878,43.28576],[5.34957,43.285],[5.34943,43.2838],[5.34826,43.28304],[5.34857,43.28226],[5.34715,43.28315],[5.34651,43.28253],[5.3457,43.28246],[5.34601,43.28103],[5.34701,43.28097],[5.34849,43.28013],[5.34899,43.2805],[5.34891,43.27999],[5.34905,43.28045],[5.34934,43.2799],[5.34985,43.28032],[5.35037,43.27978],[5.35037,43.28056],[5.35217,43.27979],[5.35316,43.28041],[5.35325,43.27883],[5.35418,43.27876],[5.35533,43.27763],[5.35819,43.27631],[5.35892,43.27536],[5.35979,43.27533],[5.35987,43.27464],[5.36197,43.2741],[5.36217,43.27353],[5.36102,43.27347],[5.3619,43.27248],[5.36173,43.27277],[5.36234,43.27279],[5.36309,43.27042],[5.36589,43.26984],[5.36628,43.2691],[5.36795,43.26886],[5.36802,43.26831],[5.3685,43.26887],[5.36955,43.26891],[5.37195,43.26763],[5.37262,43.26782],[5.37223,43.27058],[5.37292,43.277],[5.37435,43.2773],[5.37461,43.2781],[5.37382,43.2792]]],[[[5.28584,43.26601],[5.28617,43.26422],[5.28683,43.26434],[5.28786,43.26326],[5.28829,43.26333],[5.28725,43.26215],[5.28812,43.26167],[5.28798,43.2612],[5.28893,43.26124],[5.28911,43.2605],[5.28956,43.26055],[5.29035,43.26128],[5.28937,43.26264],[5.29013,43.26266],[5.29001,43.26232],[5.29061,43.26215],[5.29087,43.26273],[5.29189,43.26241],[5.29173,43.26342],[5.29259,43.26352],[5.29203,43.26485],[5.29431,43.26458],[5.29421,43.26549],[5.29594,43.26544],[5.29558,43.26629],[5.29631,43.26633],[5.2964,43.26714],[5.29718,43.26689],[5.29764,43.26774],[5.29889,43.26688],[5.29926,43.26713],[5.29867,43.26825],[5.29972,43.2677],[5.30127,43.26972],[5.30247,43.26958],[5.30343,43.26996],[5.30229,43.27035],[5.30044,43.26923],[5.29947,43.26957],[5.29948,43.27014],[5.30052,43.27022],[5.3007,43.27122],[5.3015,43.2712],[5.30107,43.27139],[5.30145,43.27217],[5.30224,43.2723],[5.30333,43.27169],[5.303,43.27255],[5.30367,43.27259],[5.30392,43.27314],[5.30453,43.27303],[5.30506,43.27223],[5.30535,43.27313],[5.30621,43.2728],[5.30709,43.27353],[5.30846,43.27292],[5.30872,43.27345],[5.31126,43.27463],[5.31114,43.27566],[5.31197,43.27581],[5.30973,43.27672],[5.30915,43.27653],[5.30798,43.27695],[5.30413,43.2765],[5.30359,43.27879],[5.30636,43.27911],[5.30671,43.27885],[5.30703,43.28018],[5.30839,43.28107],[5.30933,43.28086],[5.30883,43.28148],[5.31123,43.28079],[5.31202,43.28095],[5.31317,43.28034],[5.31071,43.27717],[5.31373,43.28101],[5.3146,43.28066],[5.31654,43.28233],[5.31549,43.2841],[5.31682,43.28426],[5.31784,43.28285],[5.31984,43.28271],[5.32139,43.28411],[5.32081,43.28395],[5.32049,43.2848],[5.32298,43.28516],[5.32398,43.28633],[5.32338,43.28657],[5.32275,43.28621],[5.32104,43.28626],[5.32097,43.28594],[5.31925,43.28609],[5.3187,43.28553],[5.31926,43.28499],[5.31893,43.28461],[5.31872,43.285],[5.31675,43.2853],[5.31776,43.286],[5.31762,43.28629],[5.31651,43.28607],[5.31677,43.28696],[5.31423,43.28683],[5.31272,43.28736],[5.31274,43.28597],[5.31422,43.28504],[5.313,43.28451],[5.31289,43.28504],[5.31232,43.28422],[5.31204,43.28457],[5.31133,43.28429],[5.31124,43.28469],[5.30987,43.28517],[5.30933,43.2847],[5.30798,43.28537],[5.30726,43.28444],[5.30693,43.28534],[5.30591,43.2854],[5.30539,43.28436],[5.30448,43.28429],[5.30438,43.28498],[5.30285,43.28485],[5.30285,43.28532],[5.30233,43.2854],[5.30141,43.28524],[5.30147,43.28438],[5.30018,43.2843],[5.30073,43.28346],[5.30152,43.28367],[5.30215,43.28333],[5.30265,43.28375],[5.30267,43.28309],[5.30378,43.28295],[5.30404,43.28333],[5.30426,43.28284],[5.3058,43.28227],[5.30543,43.28177],[5.30408,43.28207],[5.30389,43.28133],[5.30247,43.28146],[5.30152,43.28107],[5.30201,43.28204],[5.30116,43.28158],[5.30051,43.28208],[5.29954,43.28142],[5.29787,43.28178],[5.29745,43.28136],[5.29787,43.28091],[5.29675,43.28105],[5.29635,43.28055],[5.29562,43.28104],[5.29522,43.28088],[5.29594,43.28157],[5.29235,43.2807],[5.29161,43.28022],[5.29269,43.28008],[5.29253,43.27971],[5.29313,43.27938],[5.29343,43.27975],[5.29409,43.27916],[5.29723,43.27919],[5.29711,43.27862],[5.29799,43.27839],[5.29909,43.27917],[5.30038,43.27905],[5.30029,43.27951],[5.30207,43.28033],[5.30337,43.28013],[5.30211,43.27923],[5.30299,43.27891],[5.30359,43.2762],[5.3015,43.27535],[5.30231,43.27509],[5.30264,43.27443],[5.30123,43.27458],[5.30173,43.27425],[5.30131,43.2735],[5.30034,43.27407],[5.30034,43.27334],[5.30091,43.27305],[5.29943,43.273],[5.29977,43.27255],[5.29925,43.27223],[5.29835,43.27242],[5.29825,43.27173],[5.29733,43.27225],[5.29777,43.2713],[5.29683,43.27134],[5.29727,43.27091],[5.29647,43.27087],[5.29738,43.27039],[5.29682,43.27011],[5.29631,43.27051],[5.29653,43.26951],[5.29537,43.26998],[5.29548,43.26887],[5.29381,43.26896],[5.29367,43.26835],[5.2933,43.26892],[5.29272,43.26836],[5.29289,43.26766],[5.29211,43.26739],[5.29219,43.26896],[5.29176,43.26814],[5.29105,43.26842],[5.29074,43.26796],[5.29007,43.26808],[5.28999,43.26871],[5.28926,43.26837],[5.29,43.26793],[5.29011,43.26699],[5.28929,43.26736],[5.28845,43.26643],[5.28765,43.26664],[5.28672,43.26602],[5.28584,43.26601]]],[[[5.32452,43.28038],[5.32447,43.27901],[5.32616,43.27948],[5.32678,43.27925],[5.32791,43.28005],[5.32754,43.2804],[5.32452,43.28038]]],[[[5.28578,43.27945],[5.286,43.27884],[5.2877,43.27977],[5.28613,43.27987],[5.28578,43.27945]]],[[[5.34422,43.27973],[5.34487,43.27862],[5.34507,43.27949],[5.34422,43.27973]]],[[[5.34375,43.27741],[5.34416,43.27724],[5.3446,43.27787],[5.34375,43.27741]]],[[[5.30801,43.28008],[5.30737,43.27976],[5.30775,43.27962],[5.30801,43.28008]]]]},"properties":{"code_territoire":"com13207","libelle_territoire":"Marseille 7e Arrondissement"}},
{"type":"Feature","geometry":{"type":"Polygon","coordinates":[[[5.69885,43.48221],[5.69901,43.48545],[5.7025,43.4889],[5.7028,43.49183],[5.70229,43.49615],[5.71198,43.49708],[5.7159,43.50354],[5.71612,43.5043],[5.71135,43.50533],[5.71397,43.50884],[5.71248,43.51327],[5.71698,43.51721],[5.71626,43.51849],[5.71733,43.52071],[5.71809,43.53037],[5.71746,43.53455],[5.71789,43.53817],[5.71971,43.5391],[5.71943,43.54127],[5.72029,43.54296],[5.72139,43.54371],[5.72014,43.54546],[5.72259,43.54845],[5.72405,43.5489],[5.72453,43.55091],[5.72525,43.55117],[5.72192,43.55194],[5.71978,43.55117],[5.71705,43.55105],[5.7147,43.55155],[5.71358,43.55257],[5.71115,43.55343],[5.7102,43.55465],[5.7067,43.55626],[5.7026,43.55519],[5.69666,43.55153],[5.69328,43.55055],[5.69083,43.54854],[5.68872,43.5452],[5.68575,43.54507],[5.67866,43.54245],[5.67399,43.54175],[5.66592,43.53874],[5.66048,43.53876],[5.65914,43.53928],[5.6445,43.5391],[5.63713,43.5369],[5.63264,43.53712],[5.62968,43.53624],[5.62841,43.53652],[5.62506,43.53559],[5.62266,43.53553],[5.62079,43.53395],[5.61834,43.53311],[5.61855,43.53165],[5.61997,43.52773],[5.62263,43.52482],[5.62461,43.52494],[5.62492,43.52441],[5.62604,43.5242],[5.63038,43.52431],[5.6347,43.52342],[5.63681,43.5225],[5.63797,43.52143],[5.63766,43.52075],[5.6383,43.51999],[5.6361,43.51464],[5.62819,43.51037],[5.62908,43.5094],[5.6304,43.50922],[5.63201,43.50831],[5.63356,43.50653],[5.63557,43.50605],[5.63817,43.50434],[5.63846,43.50344],[5.64487,43.49809],[5.64922,43.49548],[5.65434,43.49069],[5.65982,43.49135],[5.66893,43.48874],[5.67417,43.48657],[5.68168,43.48441],[5.68743,43.48328],[5.69576,43.48316],[5.69885,43.48221]]]},"properties":{"code_territoire":"com13079","libelle_territoire":"Puyloubier"}},
{"type":"Feature","geometry":{"type":"Polygon","coordinates":[[[5.01806,43.74992],[5.00395,43.74988],[4.99775,43.7489],[4.98779,43.74545],[4.97709,43.74043],[4.97554,43.73653],[4.97026,43.73758],[4.96654,43.73756],[4.96652,43.73462],[4.96305,43.73168],[4.95723,43.73231],[4.95727,43.73184],[4.95359,43.72832],[4.95348,43.72603],[4.95874,43.72129],[4.96468,43.72038],[4.96632,43.72033],[4.96963,43.71923],[4.97768,43.71758],[4.98188,43.71785],[4.97915,43.70714],[4.98047,43.69401],[4.98288,43.68355],[4.9826,43.6806],[4.97775,43.67045],[4.96883,43.6583],[4.99837,43.64798],[5.02851,43.65952],[5.04367,43.6678],[5.06048,43.67515],[5.06962,43.68125],[5.07293,43.68398],[5.0725,43.68399],[5.07103,43.6864],[5.06719,43.69516],[5.06861,43.69786],[5.06727,43.69792],[5.06582,43.69922],[5.06245,43.69961],[5.06073,43.70369],[5.0615,43.70594],[5.05956,43.70749],[5.05955,43.70897],[5.06076,43.71385],[5.05439,43.71553],[5.05363,43.72161],[5.05407,43.7235],[5.05357,43.72422],[5.05579,43.72327],[5.06318,43.72156],[5.05942,43.73025],[5.05023,43.74017],[5.04522,43.74598],[5.04548,43.7463],[5.04204,43.74666],[5.03951,43.74748],[5.03676,43.74759],[5.03575,43.74858],[5.03453,43.74869],[5.03426,43.74961],[5.03213,43.75098],[5.03012,43.75187],[5.02918,43.75158],[5.028,43.75249],[5.0263,43.75302],[5.02561,43.75248],[5.02362,43.75289],[5.02276,43.75177],[5.02103,43.75173],[5.02023,43.75009],[5.01895,43.75037],[5.01806,43.74992]]]},"properties":{"code_territoire":"com13035","libelle_territoire":"Eyguières"}},
{"type":"Feature","geometry":{"type":"Polygon","coordinates":[[[4.96679,43.79202],[4.96806,43.79102],[4.9901,43.79623],[5.00296,43.80057],[5.00552,43.80062],[5.00574,43.80178],[5.00701,43.80334],[5.00844,43.80422],[5.01163,43.80325],[5.01271,43.80228],[5.01524,43.80431],[5.01614,43.8036],[5.01635,43.80471],[5.01778,43.80615],[5.01893,43.80699],[5.02103,43.80744],[5.02379,43.8106],[5.02557,43.81021],[5.02899,43.81554],[5.03547,43.81999],[5.03002,43.82735],[5.00678,43.83923],[4.99734,43.845],[4.99253,43.84014],[4.99232,43.83881],[4.98996,43.82347],[4.97278,43.81989],[4.98456,43.80161],[4.96679,43.79202]]]},"properties":{"code_territoire":"com13076","libelle_territoire":"Plan-d'Orgon"}},
{"type":"Feature","geometry":{"type":"Polygon","coordinates":[[[4.80214,43.84668],[4.80259,43.84409],[4.8013,43.84003],[4.80212,43.83689],[4.80568,43.83717],[4.80863,43.83887],[4.8119,43.83927],[4.81248,43.83815],[4.81302,43.83809],[4.81563,43.83283],[4.81477,43.82743],[4.81537,43.82494],[4.81632,43.82463],[4.81656,43.82571],[4.82049,43.82532],[4.81973,43.82434],[4.82058,43.82365],[4.82315,43.82285],[4.82334,43.82238],[4.82654,43.82211],[4.82899,43.82428],[4.83452,43.82485],[4.83695,43.82488],[4.8374,43.82445],[4.83941,43.82464],[4.84197,43.82315],[4.84455,43.82276],[4.84842,43.82389],[4.85482,43.82505],[4.86693,43.82627],[4.86859,43.82986],[4.88172,43.84629],[4.88317,43.85436],[4.88258,43.85777],[4.88335,43.85982],[4.88296,43.86049],[4.88197,43.86],[4.87863,43.85915],[4.87427,43.85885],[4.86875,43.86055],[4.86152,43.86024],[4.86012,43.86058],[4.85662,43.85904],[4.85084,43.85986],[4.84933,43.86061],[4.84338,43.8605],[4.83188,43.85881],[4.82646,43.85687],[4.8172,43.85491],[4.81417,43.85498],[4.81121,43.85442],[4.80499,43.85414],[4.80481,43.84621],[4.80214,43.84668]]]},"properties":{"code_territoire":"com13036","libelle_territoire":"Eyragues"}},
{"type":"Feature","geometry":{"type":"Polygon","coordinates":[[[4.67978,43.72858],[4.67295,43.72622],[4.66568,43.72229],[4.65103,43.71209],[4.65232,43.71185],[4.65969,43.70739],[4.66631,43.70859],[4.66651,43.70744],[4.66911,43.70752],[4.66892,43.70254],[4.66737,43.69975],[4.66678,43.69728],[4.66842,43.69723],[4.66935,43.69574],[4.68459,43.69497],[4.68947,43.69707],[4.69161,43.7007],[4.69625,43.70215],[4.70857,43.70013],[4.7136,43.6983],[4.75539,43.69421],[4.75557,43.69524],[4.75852,43.69587],[4.75855,43.70338],[4.75614,43.70539],[4.75407,43.70951],[4.75317,43.71308],[4.75233,43.7134],[4.75126,43.71711],[4.75129,43.71928],[4.75169,43.71982],[4.75782,43.72153],[4.76236,43.7238],[4.76568,43.72679],[4.76686,43.72907],[4.76764,43.73264],[4.7693,43.73305],[4.77159,43.738],[4.77062,43.73874],[4.7706,43.73956],[4.77449,43.74605],[4.77305,43.74715],[4.77337,43.75043],[4.77174,43.75066],[4.7703,43.76029],[4.76886,43.76062],[4.76554,43.76001],[4.7645,43.76115],[4.75918,43.76137],[4.75411,43.75958],[4.74955,43.75993],[4.74271,43.7578],[4.7389,43.75825],[4.73353,43.75422],[4.731,43.75209],[4.72529,43.74899],[4.72367,43.74586],[4.72155,43.74493],[4.7139,43.7328],[4.7042,43.73298],[4.69568,43.7326],[4.6954,43.73185],[4.69092,43.73087],[4.6902,43.73137],[4.67978,43.72858]]]},"properties":{"code_territoire":"com13038","libelle_territoire":"Fontvieille"}},
{"type":"Feature","geometry":{"type":"Polygon","coordinates":[[[4.76444,43.79862],[4.76713,43.79982],[4.7709,43.80273],[4.77854,43.80414],[4.78272,43.80662],[4.7857,43.8071],[4.78991,43.80856],[4.79526,43.80735],[4.79781,43.80811],[4.80037,43.80973],[4.803,43.81047],[4.8106,43.81483],[4.81315,43.81715],[4.81632,43.82463],[4.81537,43.82494],[4.81477,43.82743],[4.81563,43.83283],[4.81302,43.83809],[4.81248,43.83815],[4.8119,43.83927],[4.80863,43.83887],[4.80568,43.83717],[4.80212,43.83689],[4.8013,43.84003],[4.80259,43.84409],[4.80214,43.84668],[4.79469,43.84681],[4.79199,43.84707],[4.79193,43.84745],[4.79112,43.84762],[4.78985,43.84741],[4.78708,43.84394],[4.78579,43.84079],[4.78491,43.84084],[4.78493,43.84134],[4.78305,43.84155],[4.77923,43.84022],[4.77643,43.84053],[4.7718,43.83934],[4.77162,43.83806],[4.77078,43.83727],[4.76996,43.83717],[4.76839,43.83501],[4.76879,43.83365],[4.76784,43.8333],[4.76831,43.8324],[4.7674,43.83119],[4.76832,43.82961],[4.76757,43.82833],[4.76611,43.828],[4.76194,43.82571],[4.75777,43.82534],[4.75385,43.82366],[4.75136,43.82165],[4.75012,43.81749],[4.75108,43.81755],[4.75096,43.81718],[4.75178,43.81686],[4.75089,43.81628],[4.75246,43.81663],[4.75807,43.80618],[4.7612,43.80191],[4.76283,43.80222],[4.76444,43.79862]]]},"properties":{"code_territoire":"com13052","libelle_territoire":"Maillane"}},
{"type":"Feature","geometry":{"type":"Polygon","coordinates":[[[5.06266,43.55843],[5.06267,43.55993],[5.06015,43.56352],[5.05905,43.56798],[5.05695,43.57217],[5.0559,43.57333],[5.0546,43.57391],[5.05318,43.57298],[5.05315,43.57504],[5.0503,43.57558],[5.04993,43.57675],[5.04681,43.57918],[5.04804,43.58179],[5.04739,43.58372],[5.0472,43.58822],[5.04692,43.58892],[5.04593,43.58884],[5.04489,43.58937],[5.04489,43.59078],[5.04363,43.59228],[5.03883,43.59191],[5.03008,43.5981],[5.02581,43.59971],[5.02532,43.60115],[5.01823,43.60477],[5.01119,43.6065],[5.00809,43.60503],[4.9888,43.61809],[4.97824,43.61626],[4.97983,43.61307],[4.98032,43.61049],[4.98013,43.60324],[4.96695,43.60096],[4.99285,43.57989],[4.99144,43.57675],[5.00742,43.56372],[5.00583,43.56207],[5.00638,43.56182],[5.00438,43.55968],[5.00139,43.55426],[5.00247,43.55019],[5.00506,43.5505],[5.00796,43.55166],[5.00877,43.55245],[5.0098,43.55667],[5.01415,43.55552],[5.0166,43.55632],[5.01858,43.55547],[5.01921,43.55603],[5.02104,43.55642],[5.02199,43.55599],[5.02337,43.55687],[5.02394,43.5565],[5.02711,43.55755],[5.03022,43.55673],[5.03053,43.55816],[5.03181,43.55831],[5.03192,43.5578],[5.03314,43.55802],[5.03394,43.55898],[5.03386,43.56002],[5.03312,43.56063],[5.03358,43.56176],[5.03537,43.56201],[5.03671,43.56394],[5.03833,43.56454],[5.0382,43.56809],[5.03964,43.56887],[5.04206,43.56875],[5.0454,43.5693],[5.04668,43.56629],[5.04796,43.56517],[5.05005,43.56137],[5.05343,43.56127],[5.05358,43.56027],[5.05437,43.55958],[5.05583,43.55952],[5.05718,43.56],[5.0589,43.55954],[5.06032,43.55855],[5.06266,43.55843]]]},"properties":{"code_territoire":"com13063","libelle_territoire":"Miramas"}},
{"type":"Feature","geometry":{"type":"Polygon","coordinates":[[[5.02199,43.55599],[5.0228,43.55593],[5.02169,43.55523],[5.02328,43.55546],[5.02396,43.55459],[5.02126,43.55354],[5.02172,43.55337],[5.02355,43.55423],[5.02334,43.55384],[5.02439,43.55385],[5.02494,43.55302],[5.02437,43.55236],[5.02547,43.55168],[5.02462,43.55132],[5.02429,43.55054],[5.02328,43.55041],[5.02542,43.54952],[5.02375,43.54948],[5.02401,43.54921],[5.02585,43.54921],[5.02672,43.54849],[5.02904,43.54867],[5.03028,43.54738],[5.03142,43.5484],[5.03155,43.54789],[5.03038,43.54724],[5.0331,43.54455],[5.03335,43.54232],[5.03227,43.54012],[5.03114,43.53952],[5.03219,43.539],[5.03295,43.53666],[5.03479,43.5348],[5.04319,43.52797],[5.04332,43.52586],[5.04593,43.52374],[5.0452,43.52225],[5.0458,43.52145],[5.04908,43.52212],[5.04871,43.52286],[5.05248,43.51943],[5.05378,43.5189],[5.0498,43.52214],[5.05019,43.52367],[5.05149,43.52479],[5.0557,43.52699],[5.05948,43.52802],[5.06437,43.52795],[5.071,43.52677],[5.07267,43.52673],[5.07305,43.52727],[5.07371,43.52718],[5.07339,43.52593],[5.07195,43.52596],[5.07197,43.52568],[5.07705,43.52656],[5.07762,43.52597],[5.07914,43.52611],[5.07777,43.52611],[5.07737,43.52662],[5.07964,43.52707],[5.08115,43.52645],[5.07988,43.52639],[5.07963,43.52584],[5.0839,43.52654],[5.08534,43.52603],[5.09329,43.52509],[5.1018,43.52612],[5.10605,43.52607],[5.109,43.52548],[5.11371,43.52315],[5.11492,43.52198],[5.1152,43.52065],[5.11718,43.52017],[5.11832,43.51815],[5.11798,43.51521],[5.11725,43.51466],[5.11734,43.51409],[5.11799,43.51459],[5.11802,43.51389],[5.11753,43.51373],[5.11805,43.51325],[5.11921,43.51307],[5.12051,43.51476],[5.12188,43.51565],[5.12187,43.52295],[5.11742,43.53382],[5.11505,43.53766],[5.11386,43.54233],[5.11228,43.54391],[5.11029,43.54721],[5.10757,43.55509],[5.10342,43.55435],[5.10258,43.55697],[5.09932,43.55913],[5.09386,43.5665],[5.09005,43.5698],[5.08458,43.56511],[5.08569,43.56861],[5.08388,43.56849],[5.08373,43.56893],[5.0829,43.56885],[5.08274,43.56946],[5.08134,43.56893],[5.08151,43.56753],[5.07973,43.56721],[5.0797,43.56371],[5.07875,43.56249],[5.07837,43.5608],[5.07662,43.55874],[5.07506,43.55912],[5.07161,43.55756],[5.06948,43.55717],[5.0656,43.5574],[5.06495,43.55539],[5.06266,43.55843],[5.06032,43.55855],[5.0589,43.55954],[5.05718,43.56],[5.05583,43.55952],[5.05437,43.55958],[5.05358,43.56027],[5.05343,43.56127],[5.05005,43.56137],[5.04796,43.56517],[5.04668,43.56629],[5.0454,43.5693],[5.04206,43.56875],[5.03964,43.56887],[5.0382,43.56809],[5.03833,43.56454],[5.03671,43.56394],[5.03537,43.56201],[5.03358,43.56176],[5.03312,43.56063],[5.03386,43.56002],[5.03394,43.55898],[5.03314,43.55802],[5.03192,43.5578],[5.03181,43.55831],[5.03053,43.55816],[5.03022,43.55673],[5.02711,43.55755],[5.02394,43.5565],[5.02337,43.55687],[5.02199,43.55599]]]},"properties":{"code_territoire":"com13092","libelle_territoire":"Saint-Chamas"}},
{"type":"Feature","geometry":{"type":"Polygon","coordinates":[[[5.52949,43.44014],[5.53075,43.43671],[5.53015,43.43665],[5.5298,43.43586],[5.5305,43.43365],[5.53016,43.43133],[5.5316,43.42948],[5.53095,43.42834],[5.53489,43.42649],[5.53687,43.42395],[5.53635,43.4224],[5.5367,43.42178],[5.53485,43.4216],[5.53382,43.42082],[5.53605,43.41907],[5.53469,43.4174],[5.5333,43.41653],[5.54788,43.41547],[5.55061,43.41382],[5.55241,43.4137],[5.55605,43.41145],[5.55938,43.40757],[5.55964,43.40849],[5.5611,43.40933],[5.5615,43.41016],[5.56362,43.41327],[5.56232,43.41393],[5.56472,43.41686],[5.561,43.4181],[5.55774,43.42062],[5.55961,43.4227],[5.56033,43.42698],[5.5611,43.42753],[5.55994,43.43224],[5.55887,43.43397],[5.55579,43.43578],[5.55463,43.4378],[5.55252,43.43899],[5.55304,43.44069],[5.55138,43.44276],[5.55043,43.44079],[5.54702,43.44081],[5.54699,43.44049],[5.54018,43.43932],[5.5323,43.4394],[5.52949,43.44014]]]},"properties":{"code_territoire":"com13046","libelle_territoire":"Gréasque"}},
{"type":"Feature","geometry":{"type":"Polygon","coordinates":[[[5.36914,43.31666],[5.37057,43.31453],[5.36803,43.31377],[5.37451,43.30233],[5.374,43.30148],[5.37489,43.30161],[5.37629,43.30168],[5.37624,43.30204],[5.38105,43.30403],[5.3905,43.30939],[5.39193,43.31023],[5.39276,43.31187],[5.39318,43.31641],[5.39208,43.31597],[5.3899,43.31604],[5.38916,43.31528],[5.38835,43.31546],[5.38794,43.31496],[5.38224,43.31676],[5.37609,43.321],[5.37158,43.32008],[5.36998,43.31958],[5.36914,43.31666]]]},"properties":{"code_territoire":"com13203","libelle_territoire":"Marseille 3e Arrondissement"}},
{"type":"Feature","geometry":{"type":"Polygon","coordinates":[[[4.7703,43.76029],[4.77174,43.75066],[4.77337,43.75043],[4.77305,43.74715],[4.77449,43.74605],[4.7706,43.73956],[4.77062,43.73874],[4.77159,43.738],[4.7693,43.73305],[4.76764,43.73264],[4.76686,43.72907],[4.77151,43.7293],[4.77298,43.72892],[4.77396,43.72943],[4.77687,43.73271],[4.7824,43.73295],[4.78982,43.73291],[4.79741,43.73022],[4.79845,43.73058],[4.7998,43.7293],[4.80382,43.72861],[4.80699,43.72926],[4.80774,43.72879],[4.80843,43.72949],[4.81026,43.72966],[4.8124,43.72912],[4.81342,43.72929],[4.81451,43.72868],[4.81848,43.72916],[4.82008,43.72973],[4.82546,43.72871],[4.82929,43.72959],[4.83201,43.7292],[4.83247,43.72869],[4.83411,43.72993],[4.83523,43.73175],[4.83836,43.73162],[4.84003,43.73226],[4.84248,43.73464],[4.84246,43.73593],[4.84033,43.73757],[4.84211,43.73921],[4.8432,43.74183],[4.83998,43.743],[4.8353,43.74366],[4.83414,43.74516],[4.83254,43.74624],[4.83063,43.74611],[4.83116,43.74798],[4.83298,43.74962],[4.83093,43.75055],[4.83055,43.75146],[4.83241,43.75257],[4.83248,43.75324],[4.82644,43.75511],[4.82462,43.75609],[4.82299,43.75611],[4.82077,43.75772],[4.81747,43.75769],[4.80272,43.76312],[4.79853,43.76682],[4.79814,43.76816],[4.79635,43.76866],[4.79445,43.76823],[4.79283,43.76953],[4.79208,43.76897],[4.78904,43.76847],[4.78773,43.76642],[4.78536,43.76483],[4.78472,43.7639],[4.78007,43.76244],[4.77981,43.76119],[4.7703,43.76029]]]},"properties":{"code_territoire":"com13011","libelle_territoire":"Les Baux-de-Provence"}},
{"type":"Feature","geometry":{"type":"Polygon","coordinates":[[[5.27878,43.38045],[5.28012,43.38031],[5.28068,43.38023],[5.28101,43.38024],[5.2812,43.3803],[5.28156,43.38093],[5.28179,43.3812],[5.28155,43.38194],[5.28354,43.38235],[5.2859,43.38342],[5.28569,43.38379],[5.28552,43.3842],[5.28576,43.38439],[5.28613,43.38445],[5.28641,43.38446],[5.28727,43.38462],[5.28783,43.3849],[5.28841,43.38484],[5.28879,43.38495],[5.28998,43.38494],[5.2909,43.38526],[5.29166,43.38519],[5.2929,43.38513],[5.29317,43.38531],[5.29337,43.38552],[5.29324,43.38588],[5.29314,43.38597],[5.29315,43.3861],[5.29333,43.38632],[5.29363,43.38656],[5.29387,43.38681],[5.29394,43.38711],[5.29411,43.38728],[5.29696,43.38895],[5.29724,43.38896],[5.29783,43.38884],[5.29798,43.38878],[5.29813,43.38851],[5.29833,43.38826],[5.29887,43.38766],[5.29893,43.38705],[5.29905,43.38701],[5.30014,43.38696],[5.30034,43.38701],[5.30066,43.38698],[5.30129,43.38679],[5.30222,43.38698],[5.30246,43.38672],[5.30288,43.38621],[5.303,43.38602],[5.30312,43.38591],[5.30344,43.38533],[5.30396,43.38489],[5.30408,43.38476],[5.30375,43.38308],[5.30377,43.38277],[5.30384,43.38267],[5.30406,43.38258],[5.30408,43.38242],[5.30423,43.38225],[5.3041,43.38196],[5.30404,43.38143],[5.30399,43.38127],[5.30395,43.38089],[5.30472,43.38108],[5.30547,43.38126],[5.3061,43.38154],[5.30628,43.3812],[5.30812,43.38149],[5.30836,43.38168],[5.30942,43.38205],[5.31044,43.38148],[5.31071,43.38007],[5.3111,43.37968],[5.31123,43.37938],[5.31153,43.37909],[5.31278,43.37819],[5.31532,43.37725],[5.31553,43.37698],[5.31618,43.37703],[5.31635,43.37707],[5.31665,43.37708],[5.31703,43.37701],[5.31734,43.37641],[5.31744,43.37608],[5.31758,43.37574],[5.31778,43.37549],[5.31805,43.37508],[5.31796,43.37463],[5.31798,43.3745],[5.31815,43.37422],[5.31832,43.37404],[5.31909,43.37352],[5.31927,43.37326],[5.31929,43.37315],[5.31926,43.37232],[5.3189,43.37147],[5.31854,43.37099],[5.31836,43.37116],[5.31829,43.37118],[5.31837,43.37084],[5.31855,43.37032],[5.31874,43.37015],[5.31943,43.36983],[5.31982,43.36956],[5.3202,43.3692],[5.32029,43.36906],[5.32047,43.36848],[5.32095,43.36836],[5.32144,43.3682],[5.322,43.3682],[5.32385,43.36966],[5.324,43.36969],[5.32407,43.36995],[5.32403,43.37032],[5.32418,43.3708],[5.32428,43.37108],[5.32461,43.37137],[5.32547,43.37174],[5.32715,43.37234],[5.32752,43.37229],[5.32808,43.37206],[5.32819,43.37199],[5.32863,43.37184],[5.32916,43.3716],[5.32978,43.37129],[5.33031,43.37211],[5.33084,43.37194],[5.3317,43.37165],[5.33225,43.37148],[5.33233,43.37146],[5.3331,43.37242],[5.33385,43.37318],[5.33497,43.37409],[5.33536,43.3743],[5.33664,43.37482],[5.33709,43.37526],[5.33681,43.37554],[5.33644,43.37601],[5.33639,43.37679],[5.33742,43.37697],[5.3381,43.37716],[5.33855,43.37724],[5.33871,43.37724],[5.34038,43.37691],[5.34053,43.37683],[5.34098,43.37652],[5.34132,43.37634],[5.34443,43.37517],[5.34507,43.37521],[5.34596,43.37528],[5.34716,43.37533],[5.34894,43.37548],[5.34914,43.3754],[5.34949,43.37532],[5.35044,43.3752],[5.35215,43.37432],[5.3528,43.37437],[5.35355,43.37422],[5.35373,43.37424],[5.35457,43.37432],[5.35444,43.37444],[5.35476,43.37445],[5.35514,43.37443],[5.3553,43.37453],[5.35568,43.37462],[5.35491,43.37499],[5.35477,43.37507],[5.35463,43.37541],[5.35459,43.37568],[5.35452,43.37594],[5.35451,43.37619],[5.35445,43.37633],[5.35409,43.3766],[5.35387,43.37672],[5.35338,43.37711],[5.35264,43.378],[5.35104,43.38053],[5.35099,43.38064],[5.35077,43.3815],[5.35045,43.3822],[5.35039,43.3825],[5.34912,43.38317],[5.34943,43.38367],[5.34847,43.38539],[5.34856,43.38712],[5.34504,43.39184],[5.3451,43.39345],[5.34371,43.39746],[5.34461,43.39913],[5.34047,43.40305],[5.34442,43.40246],[5.34571,43.4032],[5.34497,43.40582],[5.34598,43.4065],[5.346,43.40789],[5.34768,43.40874],[5.35279,43.4085],[5.35987,43.4094],[5.3615,43.4086],[5.36261,43.40862],[5.36338,43.40962],[5.36436,43.40953],[5.36777,43.41147],[5.37047,43.41211],[5.37313,43.4122],[5.37928,43.41462],[5.37494,43.42],[5.36747,43.41933],[5.36681,43.42022],[5.3649,43.41968],[5.36574,43.41919],[5.36392,43.41791],[5.36084,43.41701],[5.35975,43.41814],[5.35842,43.41772],[5.35554,43.422],[5.34419,43.4193],[5.33542,43.4228],[5.32616,43.42823],[5.32224,43.42941],[5.3158,43.42973],[5.31079,43.43156],[5.29923,43.43278],[5.29833,43.43198],[5.29642,43.43164],[5.2959,43.43029],[5.29502,43.42964],[5.29443,43.42315],[5.29306,43.42086],[5.29115,43.41973],[5.2902,43.41957],[5.28783,43.42058],[5.28426,43.41977],[5.282,43.42051],[5.28094,43.41986],[5.27669,43.41949],[5.27495,43.41888],[5.27432,43.41561],[5.27487,43.41512],[5.27394,43.41459],[5.27285,43.40868],[5.27307,43.40651],[5.27196,43.40636],[5.27265,43.40516],[5.26739,43.4027],[5.26778,43.40228],[5.266,43.40181],[5.2651,43.40106],[5.26602,43.40058],[5.2709,43.39405],[5.27137,43.39118],[5.27228,43.39135],[5.27317,43.38983],[5.27562,43.38889],[5.27878,43.38045]]]},"properties":{"code_territoire":"com13071","libelle_territoire":"Les Pennes-Mirabeau"}},
{"type":"Feature","geometry":{"type":"Polygon","coordinates":[[[5.60092,43.50213],[5.60989,43.504],[5.61358,43.50406],[5.61805,43.50503],[5.62086,43.50614],[5.62122,43.50678],[5.62479,43.50769],[5.62578,43.50869],[5.62723,43.50918],[5.62819,43.51037],[5.6361,43.51464],[5.6383,43.51999],[5.63766,43.52075],[5.63797,43.52143],[5.63681,43.5225],[5.6347,43.52342],[5.63038,43.52431],[5.62604,43.5242],[5.62492,43.52441],[5.62461,43.52494],[5.62263,43.52482],[5.61997,43.52773],[5.61855,43.53165],[5.61508,43.53178],[5.6144,43.5311],[5.61248,43.53108],[5.61226,43.53074],[5.60986,43.53101],[5.60869,43.53042],[5.60604,43.53027],[5.60407,43.5306],[5.59982,43.52962],[5.59666,43.53014],[5.59238,43.52997],[5.58922,43.52938],[5.58595,43.53067],[5.58423,43.53033],[5.58176,43.53055],[5.58125,43.53109],[5.58002,43.53082],[5.57888,43.53135],[5.57497,43.53181],[5.57493,43.53278],[5.57404,43.53367],[5.57301,43.53396],[5.57158,43.53615],[5.57042,43.53672],[5.56323,43.52397],[5.55677,43.52376],[5.55755,43.52122],[5.55706,43.5202],[5.55862,43.51698],[5.5576,43.51687],[5.5562,43.51537],[5.55646,43.51121],[5.55778,43.50922],[5.55775,43.5079],[5.55849,43.50642],[5.5598,43.50525],[5.56208,43.50428],[5.56534,43.50261],[5.57004,43.50221],[5.57699,43.50251],[5.58026,43.50187],[5.59105,43.50139],[5.59548,43.50217],[5.60092,43.50213]]]},"properties":{"code_territoire":"com13090","libelle_territoire":"Saint-Antonin-sur-Bayon"}},
{"type":"Feature","geometry":{"type":"Polygon","coordinates":[[[5.20166,43.53513],[5.20081,43.53581],[5.20122,43.53705],[5.20304,43.53676],[5.20501,43.53759],[5.20681,43.54037],[5.20857,43.54149],[5.21015,43.54074],[5.2138,43.54045],[5.21498,43.53944],[5.21507,43.53846],[5.21771,43.53884],[5.21835,43.53979],[5.21798,43.5415],[5.21878,43.54352],[5.22014,43.54572],[5.22249,43.54734],[5.22824,43.54613],[5.23345,43.54736],[5.23193,43.55622],[5.22797,43.56144],[5.22602,43.56653],[5.22298,43.56716],[5.22115,43.56856],[5.21758,43.56956],[5.21446,43.57161],[5.21354,43.57279],[5.20621,43.57454],[5.20337,43.57185],[5.20323,43.5702],[5.19352,43.5711],[5.18844,43.5694],[5.18543,43.56933],[5.18035,43.56592],[5.17663,43.56228],[5.17718,43.54613],[5.17689,43.53975],[5.18836,43.53939],[5.19529,43.53356],[5.19759,43.53475],[5.20166,43.53513]]]},"properties":{"code_territoire":"com13037","libelle_territoire":"La Fare-les-Oliviers"}},
{"type":"Feature","geometry":{"type":"Polygon","coordinates":[[[5.09075,43.77207],[5.04981,43.78873],[5.04553,43.79152],[5.0442,43.79319],[5.04359,43.79531],[5.04291,43.80649],[5.04125,43.8112],[5.03547,43.81999],[5.02899,43.81554],[5.02557,43.81021],[5.02379,43.8106],[5.02103,43.80744],[5.01893,43.80699],[5.01778,43.80615],[5.01635,43.80471],[5.01614,43.8036],[5.01524,43.80431],[5.01271,43.80228],[5.01163,43.80325],[5.00844,43.80422],[5.00701,43.80334],[5.00574,43.80178],[5.00552,43.80062],[5.00296,43.80057],[4.9901,43.79623],[4.96806,43.79102],[4.98128,43.78046],[4.9871,43.77055],[4.98897,43.76554],[4.9978,43.75205],[4.99775,43.7489],[5.00395,43.74988],[5.01806,43.74992],[5.01838,43.75053],[5.0197,43.7505],[5.0204,43.75173],[5.02233,43.75216],[5.02319,43.75331],[5.02524,43.7531],[5.02666,43.75341],[5.02982,43.75247],[5.03427,43.75423],[5.04125,43.75852],[5.04974,43.7629],[5.04902,43.76544],[5.05241,43.76653],[5.05503,43.76671],[5.05789,43.76784],[5.05993,43.76442],[5.06268,43.76387],[5.06547,43.76425],[5.06724,43.76367],[5.07358,43.76629],[5.09075,43.77207]]]},"properties":{"code_territoire":"com13067","libelle_territoire":"Orgon"}},
{"type":"Feature","geometry":{"type":"Polygon","coordinates":[[[4.96806,43.79102],[4.96679,43.79202],[4.962,43.78957],[4.95378,43.78787],[4.94558,43.78686],[4.9447,43.79141],[4.94208,43.79167],[4.93711,43.7912],[4.93451,43.79568],[4.9333,43.79547],[4.92967,43.79701],[4.92681,43.79689],[4.925,43.79904],[4.9243,43.79924],[4.92355,43.79326],[4.92449,43.78903],[4.92665,43.78528],[4.9133,43.78504],[4.91352,43.78251],[4.913,43.77979],[4.91365,43.77862],[4.9156,43.77729],[4.91667,43.77334],[4.91674,43.77066],[4.9175,43.76971],[4.91673,43.76871],[4.91707,43.7671],[4.9163,43.76545],[4.91846,43.76456],[4.91897,43.76353],[4.91988,43.76327],[4.92038,43.76169],[4.92278,43.76077],[4.92389,43.75842],[4.9234,43.75768],[4.92474,43.75689],[4.92437,43.75508],[4.92285,43.75269],[4.92094,43.75298],[4.91826,43.75011],[4.91974,43.74239],[4.91935,43.7406],[4.91728,43.7376],[4.92863,43.73633],[4.93972,43.7334],[4.94915,43.72961],[4.95168,43.72927],[4.95359,43.72832],[4.95727,43.73184],[4.95723,43.73231],[4.96305,43.73168],[4.96652,43.73462],[4.96654,43.73756],[4.97026,43.73758],[4.97554,43.73653],[4.97709,43.74043],[4.98779,43.74545],[4.99775,43.7489],[4.9978,43.75205],[4.98897,43.76554],[4.9871,43.77055],[4.98128,43.78046],[4.96806,43.79102]]]},"properties":{"code_territoire":"com13034","libelle_territoire":"Eygalières"}},
{"type":"Feature","geometry":{"type":"Polygon","coordinates":[[[5.38156,43.20973],[5.38248,43.20955],[5.38419,43.21115],[5.38397,43.20986],[5.38533,43.21004],[5.38566,43.21052],[5.38604,43.21019],[5.38767,43.2104],[5.38844,43.21124],[5.38949,43.21141],[5.38958,43.21214],[5.39386,43.21262],[5.3969,43.21251],[5.39792,43.21321],[5.39898,43.21288],[5.39872,43.2125],[5.3992,43.21213],[5.40081,43.21315],[5.40139,43.21286],[5.40221,43.21403],[5.40279,43.21312],[5.40441,43.2132],[5.40402,43.2125],[5.40536,43.21267],[5.40549,43.21186],[5.40866,43.21202],[5.40885,43.21094],[5.40945,43.21088],[5.40956,43.21042],[5.4115,43.21028],[5.41124,43.20972],[5.41181,43.20909],[5.41545,43.20754],[5.41772,43.2075],[5.42239,43.20502],[5.42353,43.20536],[5.42499,43.20396],[5.42752,43.20354],[5.42682,43.20492],[5.42577,43.20538],[5.42664,43.20615],[5.42516,43.20638],[5.42376,43.20739],[5.42432,43.20742],[5.42203,43.20867],[5.4216,43.20851],[5.42169,43.2089],[5.42009,43.20977],[5.42078,43.21084],[5.42244,43.21064],[5.4229,43.21139],[5.42342,43.21114],[5.42303,43.21094],[5.42407,43.21094],[5.42429,43.20973],[5.42499,43.20979],[5.42497,43.21014],[5.42675,43.20947],[5.42689,43.21],[5.42782,43.21002],[5.428,43.21047],[5.42895,43.20926],[5.42983,43.20939],[5.4297,43.209],[5.43123,43.20943],[5.43094,43.20855],[5.43217,43.20843],[5.43206,43.20774],[5.43459,43.20721],[5.43534,43.2066],[5.43706,43.20645],[5.43855,43.20729],[5.43987,43.20724],[5.43994,43.20615],[5.44241,43.20539],[5.44329,43.20445],[5.4465,43.20553],[5.44944,43.20257],[5.45085,43.20337],[5.45219,43.20311],[5.45233,43.20262],[5.45116,43.20113],[5.45497,43.20282],[5.45414,43.20366],[5.45224,43.20414],[5.45063,43.20562],[5.44805,43.20659],[5.44677,43.20762],[5.44698,43.20868],[5.44759,43.20888],[5.44514,43.21133],[5.44437,43.21157],[5.4444,43.21235],[5.44326,43.21282],[5.44506,43.21263],[5.44516,43.21169],[5.44595,43.21192],[5.4473,43.21155],[5.44783,43.21057],[5.44902,43.21006],[5.45039,43.21036],[5.45071,43.21],[5.45225,43.21009],[5.45395,43.20935],[5.45456,43.2101],[5.45427,43.21209],[5.45563,43.21174],[5.4555,43.21123],[5.45656,43.21095],[5.45714,43.21151],[5.45873,43.21147],[5.4602,43.21011],[5.46313,43.20981],[5.46437,43.20844],[5.46891,43.20906],[5.46945,43.2082],[5.47072,43.20797],[5.46956,43.20657],[5.46999,43.2062],[5.47285,43.20576],[5.47345,43.20616],[5.47519,43.20559],[5.47627,43.20491],[5.47607,43.20448],[5.47707,43.20449],[5.47741,43.2041],[5.47934,43.20497],[5.47974,43.20444],[5.48023,43.20483],[5.48052,43.2044],[5.48078,43.20543],[5.48318,43.20624],[5.48492,43.2045],[5.48748,43.20449],[5.48754,43.20406],[5.48854,43.20381],[5.48783,43.20347],[5.48858,43.20309],[5.48883,43.20367],[5.4896,43.20354],[5.48968,43.20244],[5.49047,43.2022],[5.49141,43.2026],[5.49148,43.2039],[5.49287,43.20381],[5.49341,43.20311],[5.49405,43.20331],[5.49478,43.20283],[5.49431,43.20063],[5.49608,43.2001],[5.49723,43.19872],[5.50031,43.19718],[5.50203,43.19809],[5.50445,43.198],[5.50448,43.19874],[5.50012,43.20119],[5.49941,43.20115],[5.49798,43.20213],[5.49821,43.2024],[5.50266,43.20093],[5.50367,43.20014],[5.50483,43.20009],[5.506,43.1993],[5.50663,43.19967],[5.50681,43.19909],[5.50855,43.20213],[5.51052,43.2031],[5.51084,43.20391],[5.51104,43.2029],[5.50957,43.2017],[5.50911,43.20011],[5.50993,43.19771],[5.51011,43.19909],[5.51052,43.20003],[5.51084,43.20144],[5.51091,43.20178],[5.5115,43.20436],[5.51152,43.20449],[5.51133,43.20537],[5.51134,43.20585],[5.5119,43.20687],[5.51416,43.20802],[5.51495,43.20932],[5.5157,43.21056],[5.51587,43.21085],[5.51596,43.21107],[5.51752,43.21359],[5.51755,43.21397],[5.51755,43.21403],[5.51759,43.21412],[5.51761,43.21423],[5.51769,43.21446],[5.51775,43.21472],[5.51789,43.21513],[5.51795,43.21538],[5.51796,43.21551],[5.51794,43.21562],[5.51788,43.21568],[5.51783,43.21591],[5.51769,43.21615],[5.51673,43.21717],[5.51597,43.21761],[5.51555,43.21788],[5.5152,43.21807],[5.51479,43.21834],[5.5139,43.21886],[5.51171,43.2202],[5.51161,43.22027],[5.5114,43.22042],[5.51154,43.22054],[5.51178,43.22072],[5.51198,43.22098],[5.51211,43.22138],[5.51189,43.22217],[5.51143,43.22254],[5.51106,43.22329],[5.5109,43.22345],[5.51075,43.22368],[5.5107,43.2238],[5.5086,43.22546],[5.5066,43.22678],[5.5066,43.2269],[5.50661,43.22701],[5.5066,43.22963],[5.5063,43.23017],[5.50636,43.23028],[5.50658,43.23054],[5.50671,43.23063],[5.50684,43.23067],[5.50695,43.23074],[5.50697,43.23084],[5.50696,43.23095],[5.50694,43.23108],[5.50691,43.23119],[5.50665,43.23163],[5.50701,43.23203],[5.50692,43.23253],[5.50681,43.23265],[5.50685,43.23276],[5.50691,43.23284],[5.50681,43.23291],[5.50678,43.23297],[5.50723,43.23328],[5.50732,43.2333],[5.50749,43.23339],[5.50759,43.2334],[5.50769,43.23336],[5.50778,43.23339],[5.50803,43.23353],[5.50814,43.23373],[5.50816,43.23397],[5.5082,43.23409],[5.5083,43.23421],[5.50846,43.23444],[5.50857,43.23453],[5.509,43.23476],[5.50921,43.23497],[5.50959,43.23507],[5.5098,43.23508],[5.51,43.23508],[5.5102,43.23506],[5.5107,43.23493],[5.51126,43.23492],[5.5126,43.23491],[5.51273,43.23503],[5.51602,43.23503],[5.52309,43.23489],[5.52439,43.23523],[5.52616,43.23753],[5.52578,43.23823],[5.52274,43.23981],[5.51921,43.24165],[5.51946,43.24349],[5.51951,43.2439],[5.51957,43.24431],[5.51869,43.24749],[5.51863,43.24777],[5.51481,43.26009],[5.51418,43.26133],[5.51349,43.26268],[5.51316,43.26332],[5.51142,43.26322],[5.5084,43.26389],[5.50415,43.26575],[5.50326,43.26546],[5.50193,43.26591],[5.50016,43.26486],[5.49889,43.2677],[5.49614,43.26847],[5.49245,43.26732],[5.49155,43.26795],[5.48961,43.26572],[5.48709,43.26408],[5.48569,43.26387],[5.48565,43.26314],[5.48458,43.26205],[5.48618,43.25777],[5.48456,43.25699],[5.4837,43.25559],[5.48248,43.25492],[5.47299,43.25346],[5.46888,43.25354],[5.46634,43.25445],[5.46331,43.25392],[5.46112,43.25491],[5.45856,43.2549],[5.45701,43.25651],[5.45531,43.25675],[5.45187,43.25556],[5.45224,43.25746],[5.44966,43.25819],[5.44671,43.25778],[5.44463,43.25694],[5.44106,43.25843],[5.43856,43.25846],[5.4366,43.25952],[5.43456,43.25973],[5.43284,43.26053],[5.43071,43.2605],[5.42919,43.26132],[5.42891,43.26433],[5.42979,43.26558],[5.41981,43.2679],[5.41286,43.26837],[5.41148,43.2699],[5.41241,43.27033],[5.41315,43.27168],[5.41472,43.2724],[5.41386,43.27376],[5.41303,43.27339],[5.41124,43.27611],[5.40657,43.27419],[5.40412,43.27481],[5.4039,43.2755],[5.39983,43.27462],[5.39912,43.27442],[5.39917,43.27303],[5.40154,43.26969],[5.40102,43.26902],[5.39696,43.26748],[5.39393,43.26788],[5.39911,43.25872],[5.39695,43.25809],[5.39935,43.25465],[5.39456,43.25338],[5.39482,43.25134],[5.39698,43.24909],[5.39693,43.24741],[5.39489,43.24628],[5.39613,43.24461],[5.39441,43.24436],[5.39004,43.24153],[5.39277,43.23976],[5.39128,43.23809],[5.39108,43.2363],[5.39194,43.23497],[5.38955,43.23303],[5.38281,43.23156],[5.38146,43.232],[5.38072,43.22952],[5.38175,43.22894],[5.38185,43.22705],[5.38099,43.22632],[5.37944,43.22589],[5.37843,43.22343],[5.38152,43.22277],[5.38363,43.22339],[5.38156,43.20973]]]},"properties":{"code_territoire":"com13209","libelle_territoire":"Marseille 9e Arrondissement"}},
{"type":"Feature","geometry":{"type":"Polygon","coordinates":[[[4.98088,43.44525],[4.98129,43.44496],[4.98087,43.44453],[4.97928,43.44469],[4.97852,43.4442],[4.9782,43.44041],[4.97856,43.43755],[4.98167,43.43233],[4.98039,43.43093],[4.97807,43.42952],[4.97484,43.42917],[4.97342,43.42839],[4.9734,43.42705],[4.97522,43.42394],[4.97446,43.42251],[4.97216,43.42194],[4.97335,43.42065],[4.97292,43.41985],[4.97348,43.4199],[4.97366,43.41783],[4.97329,43.41682],[4.97144,43.41626],[4.97142,43.41415],[4.97195,43.41323],[4.97288,43.41309],[4.97363,43.41216],[4.97442,43.41223],[4.97533,43.41127],[4.97636,43.4083],[4.97739,43.40723],[4.97656,43.40446],[4.97502,43.40379],[4.97354,43.40229],[4.97457,43.40133],[4.97765,43.40029],[4.98182,43.39652],[4.98453,43.39599],[4.98502,43.3964],[4.98391,43.39806],[4.98455,43.39675],[4.98274,43.39662],[4.98227,43.39698],[4.98275,43.39813],[4.98367,43.39751],[4.98241,43.39892],[4.98212,43.40021],[4.98262,43.40223],[4.98369,43.40218],[4.98264,43.40236],[4.98261,43.40359],[4.98391,43.404],[4.98397,43.40463],[4.98438,43.4046],[4.98483,43.40337],[4.98624,43.4034],[4.98539,43.4022],[4.98447,43.40212],[4.98543,43.40207],[4.98574,43.40227],[4.98643,43.40326],[4.98678,43.4064],[4.98732,43.40637],[4.98726,43.40453],[4.98773,43.40445],[4.98723,43.40422],[4.98737,43.40238],[4.98867,43.40227],[4.98902,43.40494],[4.99257,43.40502],[4.99406,43.40477],[4.99436,43.40418],[4.99171,43.40387],[5.00449,43.40348],[5.00454,43.40382],[5.00471,43.40564],[5.00344,43.40787],[5.00362,43.40852],[5.00399,43.40907],[5.00618,43.40901],[5.00664,43.41015],[5.00642,43.41218],[5.00511,43.41377],[5.00468,43.41631],[5.00387,43.41774],[5.00418,43.42245],[5.00542,43.42791],[5.00825,43.42871],[5.00811,43.43071],[5.00912,43.43182],[5.00975,43.43141],[5.01178,43.43131],[5.01935,43.43151],[5.02104,43.42994],[5.02332,43.42888],[5.0273,43.42867],[5.02401,43.42983],[5.02352,43.42969],[5.02148,43.43288],[5.02067,43.43343],[5.0191,43.43855],[5.01818,43.43946],[5.01751,43.43962],[5.01737,43.43919],[5.01568,43.43881],[5.01463,43.43759],[5.01299,43.43751],[5.0121,43.43767],[5.01162,43.43841],[5.00427,43.44069],[4.98559,43.44485],[4.98291,43.44535],[4.98088,43.44525]]]},"properties":{"code_territoire":"com13077","libelle_territoire":"Port-de-Bouc"}},
{"type":"Feature","geometry":{"type":"Polygon","coordinates":[[[5.41292,43.69294],[5.40579,43.69627],[5.39661,43.6991],[5.39066,43.70161],[5.38276,43.70343],[5.37435,43.70806],[5.37092,43.70901],[5.36794,43.70657],[5.36856,43.70464],[5.36529,43.70077],[5.36654,43.70104],[5.36857,43.70048],[5.36796,43.70048],[5.36786,43.69739],[5.37006,43.69581],[5.37085,43.69158],[5.37223,43.69157],[5.37355,43.69237],[5.38233,43.68759],[5.38557,43.68367],[5.38543,43.68119],[5.39006,43.68113],[5.39284,43.68005],[5.39614,43.67621],[5.39951,43.67654],[5.4048,43.67873],[5.41292,43.69294]]]},"properties":{"code_territoire":"com13093","libelle_territoire":"Saint-Estève-Janson"}},
{"type":"Feature","geometry":{"type":"MultiPolygon","coordinates":[[[[5.37489,43.30161],[5.374,43.30148],[5.37451,43.30233],[5.36803,43.31377],[5.37057,43.31453],[5.36914,43.31666],[5.36842,43.31651],[5.36526,43.32025],[5.36404,43.32285],[5.35921,43.32865],[5.35909,43.33046],[5.35802,43.33048],[5.35571,43.33191],[5.35424,43.33593],[5.35217,43.33655],[5.35108,43.33595],[5.34487,43.33636],[5.34178,43.33632],[5.34271,43.33519],[5.34686,43.33499],[5.34745,43.33465],[5.34751,43.33495],[5.35114,43.33478],[5.35262,43.333],[5.34518,43.33309],[5.34603,43.33205],[5.3498,43.33186],[5.35046,43.33115],[5.34727,43.32969],[5.34803,43.32876],[5.34983,43.32956],[5.35349,43.32524],[5.35186,43.32426],[5.35217,43.32351],[5.35268,43.32324],[5.35601,43.32446],[5.35729,43.32299],[5.35451,43.32173],[5.35522,43.32096],[5.35771,43.32206],[5.35796,43.3218],[5.35889,43.32221],[5.35892,43.32301],[5.3575,43.32505],[5.35888,43.32379],[5.35845,43.32506],[5.35954,43.32406],[5.35816,43.3257],[5.35848,43.32582],[5.36084,43.32359],[5.3626,43.32101],[5.36159,43.32184],[5.36236,43.3208],[5.36133,43.32172],[5.36095,43.32153],[5.36144,43.32081],[5.36066,43.32142],[5.36113,43.32053],[5.35955,43.32194],[5.35861,43.3215],[5.35931,43.32064],[5.3591,43.32019],[5.3567,43.31913],[5.35746,43.3182],[5.36055,43.31837],[5.36083,43.31773],[5.35822,43.31654],[5.35916,43.31545],[5.36107,43.31628],[5.36178,43.31528],[5.3605,43.3147],[5.3611,43.31395],[5.36418,43.31524],[5.36462,43.31446],[5.36051,43.31244],[5.36148,43.31126],[5.36407,43.31238],[5.36466,43.31207],[5.36384,43.30936],[5.36348,43.30947],[5.36377,43.30909],[5.36263,43.30528],[5.36217,43.30521],[5.36432,43.30483],[5.36436,43.30434],[5.36154,43.30305],[5.36198,43.30259],[5.36318,43.30315],[5.36373,43.30258],[5.36131,43.30147],[5.36244,43.29884],[5.35963,43.29757],[5.35921,43.29803],[5.35862,43.29807],[5.3588,43.29781],[5.36039,43.29597],[5.36003,43.29654],[5.36044,43.29673],[5.36087,43.29623],[5.36193,43.29671],[5.36152,43.29722],[5.36196,43.29742],[5.36162,43.29723],[5.36201,43.29677],[5.36245,43.29697],[5.36232,43.29645],[5.3608,43.29561],[5.36279,43.29455],[5.36737,43.29558],[5.37268,43.29611],[5.37353,43.29589],[5.37375,43.29503],[5.37442,43.29528],[5.37419,43.29626],[5.37161,43.29939],[5.37433,43.29966],[5.37489,43.30161]]],[[[5.31851,43.3475],[5.32836,43.34196],[5.33367,43.33761],[5.33925,43.33482],[5.36096,43.30903],[5.35794,43.29961],[5.35283,43.29713],[5.35786,43.29898],[5.35835,43.29928],[5.36159,43.30901],[5.36014,43.31078],[5.36091,43.31111],[5.36006,43.31213],[5.3593,43.31179],[5.35699,43.31457],[5.35689,43.31491],[5.35796,43.31501],[5.35765,43.3154],[5.35734,43.31575],[5.3566,43.31543],[5.35077,43.3224],[5.35156,43.32275],[5.35146,43.3232],[5.35015,43.32298],[5.34603,43.32789],[5.34691,43.32832],[5.3464,43.32889],[5.34542,43.32847],[5.34057,43.33423],[5.34127,43.33455],[5.34106,43.33484],[5.34138,43.33462],[5.34014,43.33562],[5.33887,43.33529],[5.33431,43.33756],[5.32844,43.34204],[5.31851,43.3475]]]]},"properties":{"code_territoire":"com13202","libelle_territoire":"Marseille 2e Arrondissement"}},
{"type":"Feature","geometry":{"type":"Polygon","coordinates":[[[5.46661,43.323],[5.45953,43.33059],[5.45886,43.33111],[5.45824,43.33148],[5.45819,43.33155],[5.45812,43.33163],[5.45811,43.33165],[5.45809,43.33168],[5.45807,43.33171],[5.4574,43.33256],[5.45736,43.33261],[5.45704,43.33302],[5.45679,43.33335],[5.45678,43.33336],[5.45666,43.33349],[5.45583,43.3343],[5.45493,43.33544],[5.4548,43.33559],[5.45486,43.33562],[5.45498,43.33566],[5.45503,43.33571],[5.45498,43.33574],[5.45478,43.33585],[5.45473,43.33588],[5.45465,43.33592],[5.45463,43.33594],[5.45457,43.3359],[5.45424,43.33597],[5.45409,43.33603],[5.4536,43.33631],[5.45355,43.33635],[5.45326,43.33656],[5.4532,43.33658],[5.45289,43.33664],[5.45292,43.33673],[5.45226,43.33681],[5.45221,43.33694],[5.4522,43.33712],[5.45228,43.33752],[5.4523,43.33758],[5.45235,43.33779],[5.45179,43.33799],[5.45151,43.3381],[5.45023,43.33911],[5.45193,43.34542],[5.45196,43.34548],[5.45208,43.34568],[5.45252,43.34645],[5.45257,43.34654],[5.45259,43.3466],[5.45263,43.34672],[5.45264,43.34679],[5.45278,43.3471],[5.4528,43.34712],[5.45283,43.34718],[5.45552,43.34993],[5.45659,43.35179],[5.45742,43.35257],[5.45771,43.35278],[5.45786,43.35287],[5.45793,43.35293],[5.458,43.353],[5.45829,43.35332],[5.45793,43.35356],[5.45808,43.35372],[5.45798,43.35379],[5.45815,43.35397],[5.45822,43.35393],[5.45859,43.35374],[5.4591,43.35427],[5.45929,43.35454],[5.45936,43.35467],[5.45956,43.35486],[5.45986,43.35508],[5.45998,43.35514],[5.46017,43.35527],[5.4605,43.35554],[5.46172,43.35622],[5.46178,43.35627],[5.46181,43.35632],[5.46183,43.35637],[5.46187,43.3565],[5.4619,43.3566],[5.46197,43.35672],[5.46322,43.35845],[5.46333,43.35859],[5.46353,43.35885],[5.46368,43.35904],[5.4638,43.35915],[5.46397,43.35933],[5.4641,43.35947],[5.46423,43.35959],[5.46424,43.35961],[5.46427,43.35964],[5.46429,43.35966],[5.46445,43.35982],[5.46468,43.36012],[5.4645,43.36026],[5.46425,43.36045],[5.46411,43.36056],[5.46365,43.3609],[5.46361,43.36091],[5.46355,43.36092],[5.46353,43.36244],[5.46262,43.36314],[5.46255,43.36323],[5.46251,43.36331],[5.46247,43.3634],[5.46252,43.36362],[5.46239,43.36383],[5.46236,43.36386],[5.46233,43.36387],[5.4623,43.36388],[5.46228,43.36389],[5.46227,43.36391],[5.46225,43.36395],[5.46224,43.36407],[5.46224,43.36412],[5.46225,43.36416],[5.46229,43.36419],[5.46233,43.36423],[5.4625,43.36435],[5.46254,43.3644],[5.46256,43.36444],[5.46256,43.36457],[5.46253,43.36466],[5.46251,43.36468],[5.46251,43.36472],[5.46208,43.36495],[5.46188,43.36491],[5.46169,43.36484],[5.46155,43.36482],[5.46135,43.36491],[5.46109,43.36737],[5.46088,43.36759],[5.46062,43.36772],[5.46033,43.36794],[5.46022,43.36804],[5.46018,43.3681],[5.45981,43.36872],[5.45967,43.36884],[5.45963,43.36888],[5.45957,43.36894],[5.45946,43.36904],[5.45934,43.36917],[5.45928,43.36921],[5.45985,43.36924],[5.45989,43.36925],[5.45993,43.36925],[5.45971,43.36976],[5.45967,43.36987],[5.4596,43.37009],[5.45939,43.37058],[5.45936,43.37063],[5.45935,43.37066],[5.45931,43.37071],[5.45921,43.37083],[5.45909,43.37099],[5.45906,43.37103],[5.45899,43.37115],[5.4589,43.37129],[5.45886,43.37136],[5.45878,43.37152],[5.45854,43.37184],[5.45779,43.37264],[5.45692,43.37401],[5.45085,43.38216],[5.45078,43.3823],[5.45069,43.38246],[5.45039,43.38303],[5.45009,43.38344],[5.44987,43.38447],[5.44947,43.38503],[5.44934,43.38517],[5.44923,43.38537],[5.44889,43.38582],[5.44841,43.38612],[5.44805,43.38629],[5.44768,43.38684],[5.44751,43.38699],[5.44719,43.38696],[5.44627,43.38763],[5.44557,43.38843],[5.44174,43.38987],[5.44097,43.39029],[5.4406,43.39092],[5.44024,43.39106],[5.4387,43.39091],[5.43845,43.39064],[5.43841,43.3906],[5.43837,43.3905],[5.43834,43.39046],[5.43831,43.39042],[5.43829,43.39038],[5.43826,43.39034],[5.43822,43.3903],[5.43819,43.39027],[5.4381,43.39012],[5.4381,43.3901],[5.43811,43.39007],[5.43811,43.39003],[5.43805,43.38989],[5.43804,43.38984],[5.43804,43.38983],[5.43799,43.38973],[5.43792,43.38964],[5.43764,43.38945],[5.43763,43.38936],[5.4376,43.38931],[5.43758,43.38927],[5.43758,43.38924],[5.43759,43.38922],[5.4376,43.38921],[5.4376,43.38915],[5.43755,43.389],[5.43752,43.38895],[5.43748,43.38892],[5.43744,43.38888],[5.43717,43.38852],[5.43683,43.38826],[5.43621,43.38794],[5.43583,43.38731],[5.43498,43.3872],[5.43492,43.38717],[5.43488,43.38714],[5.43457,43.38704],[5.43451,43.38703],[5.43449,43.38703],[5.43443,43.387],[5.43437,43.38697],[5.43432,43.38695],[5.4343,43.38694],[5.43351,43.38702],[5.43272,43.38683],[5.43267,43.3868],[5.43251,43.38667],[5.43246,43.38659],[5.43217,43.38638],[5.43209,43.38632],[5.43157,43.38593],[5.43152,43.3859],[5.43137,43.38583],[5.43119,43.38566],[5.43085,43.38542],[5.43082,43.38535],[5.43073,43.38531],[5.43068,43.38528],[5.4306,43.38519],[5.43052,43.38514],[5.43049,43.38513],[5.43019,43.38512],[5.42971,43.38502],[5.42881,43.38507],[5.42883,43.38503],[5.4289,43.38499],[5.42891,43.38494],[5.42891,43.38488],[5.42891,43.38483],[5.42889,43.38478],[5.42886,43.38475],[5.4287,43.38471],[5.42854,43.38468],[5.42835,43.38465],[5.42811,43.38451],[5.42822,43.38426],[5.42617,43.38341],[5.42605,43.38339],[5.42581,43.38343],[5.42545,43.38341],[5.42504,43.38329],[5.42465,43.38342],[5.42453,43.38331],[5.42408,43.38312],[5.42371,43.38298],[5.4235,43.38292],[5.42314,43.38274],[5.41538,43.37874],[5.41312,43.37534],[5.414,43.36956],[5.41382,43.36378],[5.41206,43.36059],[5.41457,43.35678],[5.41492,43.3547],[5.41661,43.35248],[5.41423,43.35138],[5.41199,43.34952],[5.41457,43.34631],[5.41182,43.3442],[5.41045,43.34251],[5.41026,43.34135],[5.41091,43.34113],[5.41114,43.33924],[5.40888,43.33672],[5.40856,43.33526],[5.40749,43.33509],[5.4076,43.33415],[5.4061,43.33112],[5.4045,43.33053],[5.40335,43.32954],[5.40368,43.32912],[5.40279,43.32796],[5.40107,43.32714],[5.40299,43.32491],[5.40285,43.32452],[5.4007,43.32543],[5.40014,43.32315],[5.40063,43.32266],[5.39845,43.32306],[5.39829,43.32177],[5.3971,43.32079],[5.39609,43.32083],[5.39554,43.31874],[5.39356,43.31848],[5.39364,43.31646],[5.39909,43.31697],[5.39899,43.31658],[5.40343,43.31485],[5.40482,43.31696],[5.40671,43.31598],[5.4074,43.31603],[5.40739,43.31453],[5.40844,43.31512],[5.41053,43.31498],[5.4115,43.31484],[5.41274,43.31574],[5.41484,43.31644],[5.41464,43.31725],[5.41374,43.31749],[5.41341,43.31813],[5.41492,43.31863],[5.41529,43.31793],[5.41744,43.31867],[5.41815,43.31968],[5.41777,43.31983],[5.41805,43.32065],[5.41917,43.3209],[5.42094,43.31984],[5.42177,43.32125],[5.42398,43.32072],[5.42488,43.32232],[5.42656,43.32308],[5.4272,43.322],[5.42916,43.32166],[5.42995,43.32276],[5.43062,43.32278],[5.43099,43.32375],[5.43336,43.32348],[5.43467,43.32267],[5.43696,43.32438],[5.43911,43.32047],[5.44122,43.32094],[5.44104,43.31908],[5.44506,43.3205],[5.44527,43.32101],[5.44785,43.32131],[5.4484,43.32172],[5.4491,43.3205],[5.45129,43.31953],[5.45261,43.31833],[5.45344,43.31812],[5.45414,43.31841],[5.45498,43.31975],[5.45566,43.31956],[5.45695,43.32013],[5.4602,43.31764],[5.46349,43.31891],[5.46266,43.31927],[5.46308,43.3203],[5.46475,43.32034],[5.4639,43.32172],[5.46661,43.323]]]},"properties":{"code_territoire":"com13213","libelle_territoire":"Marseille 13e Arrondissement"}},
{"type":"Feature","geometry":{"type":"Polygon","coordinates":[[[5.66914,43.31941],[5.66487,43.31762],[5.65907,43.31692],[5.657,43.32052],[5.65051,43.32364],[5.64679,43.3231],[5.64469,43.32406],[5.63903,43.32527],[5.63682,43.32622],[5.63484,43.32777],[5.63184,43.327],[5.62934,43.32491],[5.62827,43.32485],[5.62556,43.32333],[5.62235,43.32296],[5.62083,43.32218],[5.61775,43.3231],[5.60942,43.32379],[5.6096,43.32031],[5.61076,43.31723],[5.61041,43.31673],[5.60979,43.31693],[5.60931,43.31599],[5.61013,43.31384],[5.61009,43.31048],[5.60695,43.29328],[5.60888,43.28729],[5.60898,43.28002],[5.60979,43.27926],[5.60942,43.27842],[5.61263,43.27714],[5.6154,43.27015],[5.6288,43.27027],[5.64284,43.26829],[5.64544,43.26841],[5.64904,43.26607],[5.65077,43.26631],[5.65084,43.2668],[5.65344,43.26632],[5.65502,43.26732],[5.65677,43.26706],[5.65707,43.26824],[5.66047,43.27149],[5.66078,43.27351],[5.66239,43.27657],[5.6653,43.27953],[5.66779,43.28313],[5.67053,43.28529],[5.67466,43.28735],[5.67479,43.28992],[5.67772,43.29187],[5.67827,43.29334],[5.67975,43.29427],[5.67797,43.29721],[5.67897,43.29929],[5.6947,43.3031],[5.69516,43.30357],[5.69661,43.30818],[5.69642,43.31001],[5.69104,43.31298],[5.68915,43.31508],[5.68323,43.3186],[5.68028,43.3195],[5.67547,43.31954],[5.67316,43.3191],[5.67205,43.31952],[5.66914,43.31941]]]},"properties":{"code_territoire":"com13042","libelle_territoire":"Gémenos"}},
{"type":"Feature","geometry":{"type":"Polygon","coordinates":[[[5.15012,43.69013],[5.14802,43.69014],[5.1425,43.69238],[5.13749,43.69388],[5.13252,43.6918],[5.12602,43.69054],[5.11864,43.68793],[5.11572,43.6851],[5.11723,43.6841],[5.12186,43.67724],[5.12243,43.67677],[5.12403,43.67684],[5.12645,43.67446],[5.12759,43.67392],[5.12762,43.6732],[5.13273,43.66845],[5.13575,43.66697],[5.14162,43.66562],[5.14398,43.6617],[5.1439,43.65956],[5.14197,43.65723],[5.14131,43.65556],[5.13929,43.65395],[5.14457,43.65221],[5.14999,43.65176],[5.15222,43.65045],[5.15947,43.65198],[5.163,43.65212],[5.16587,43.65406],[5.16859,43.65352],[5.17185,43.65612],[5.17599,43.65721],[5.17844,43.65895],[5.17906,43.65794],[5.18114,43.65764],[5.18112,43.65899],[5.18231,43.66124],[5.18125,43.66174],[5.18092,43.66524],[5.17587,43.67126],[5.16652,43.67302],[5.16411,43.67449],[5.15789,43.67626],[5.15606,43.67638],[5.15338,43.67807],[5.1507,43.6806],[5.15096,43.68143],[5.15028,43.68187],[5.15074,43.68266],[5.15005,43.68304],[5.15056,43.68352],[5.1505,43.68482],[5.15158,43.68547],[5.14979,43.68883],[5.15012,43.69013]]]},"properties":{"code_territoire":"com13008","libelle_territoire":"Aurons"}},
{"type":"Feature","geometry":{"type":"Polygon","coordinates":[[[5.26396,43.40201],[5.25934,43.40538],[5.25864,43.40531],[5.25849,43.40617],[5.25592,43.40728],[5.25431,43.41023],[5.24735,43.41044],[5.24285,43.41181],[5.24042,43.41141],[5.23734,43.41199],[5.23372,43.41182],[5.23375,43.41375],[5.23304,43.41389],[5.23335,43.41461],[5.23113,43.4158],[5.23186,43.41649],[5.22889,43.41623],[5.22659,43.42018],[5.22928,43.42133],[5.23228,43.42169],[5.23449,43.42276],[5.23903,43.42307],[5.23874,43.42354],[5.23912,43.42372],[5.23772,43.42453],[5.23741,43.42407],[5.23638,43.42548],[5.23623,43.42475],[5.23544,43.42478],[5.23383,43.42713],[5.23315,43.43002],[5.23343,43.43047],[5.23437,43.43038],[5.22932,43.43686],[5.2291,43.43788],[5.23026,43.44016],[5.22745,43.44186],[5.22674,43.44066],[5.22383,43.44402],[5.22301,43.44665],[5.22031,43.44911],[5.21632,43.44719],[5.2128,43.44659],[5.21138,43.44491],[5.21008,43.44427],[5.20977,43.44466],[5.2098,43.44424],[5.20847,43.44385],[5.19808,43.45106],[5.19514,43.44872],[5.20443,43.44209],[5.20362,43.44164],[5.20221,43.44204],[5.20192,43.44097],[5.20036,43.43959],[5.19559,43.43733],[5.1948,43.43753],[5.19448,43.43709],[5.19418,43.4374],[5.18105,43.42509],[5.18038,43.42519],[5.17166,43.41868],[5.18607,43.40564],[5.18724,43.39878],[5.19105,43.39325],[5.1951,43.39371],[5.19609,43.39255],[5.19803,43.39378],[5.21322,43.39659],[5.22704,43.39765],[5.2369,43.39924],[5.23936,43.39915],[5.24134,43.39843],[5.24202,43.39898],[5.24458,43.39856],[5.24965,43.39849],[5.25187,43.39879],[5.25388,43.39959],[5.25568,43.40094],[5.25642,43.39974],[5.257,43.39965],[5.25844,43.40023],[5.25908,43.40117],[5.26396,43.40201]]]},"properties":{"code_territoire":"com13054","libelle_territoire":"Marignane"}},
{"type":"Feature","geometry":{"type":"Polygon","coordinates":[[[5.56102,43.53869],[5.56124,43.5434],[5.55621,43.5444],[5.55424,43.54623],[5.551,43.54725],[5.55016,43.54972],[5.54697,43.55157],[5.54862,43.55302],[5.54688,43.55323],[5.54748,43.5539],[5.54596,43.55414],[5.54495,43.55375],[5.54145,43.55098],[5.54029,43.55057],[5.54103,43.55095],[5.54106,43.55176],[5.53849,43.55253],[5.53473,43.55606],[5.54041,43.55745],[5.54076,43.5587],[5.54336,43.55987],[5.54531,43.56018],[5.54543,43.56233],[5.54615,43.56167],[5.54754,43.56154],[5.54949,43.56217],[5.55009,43.56159],[5.55613,43.56261],[5.55662,43.56407],[5.55391,43.56901],[5.55732,43.57206],[5.5585,43.57489],[5.55763,43.57961],[5.55538,43.57995],[5.55097,43.57818],[5.54863,43.5783],[5.54764,43.57896],[5.54816,43.57986],[5.54742,43.58104],[5.54607,43.58163],[5.54396,43.58168],[5.54257,43.58072],[5.53932,43.58174],[5.53497,43.5814],[5.53053,43.58055],[5.5208,43.57994],[5.51477,43.57887],[5.51049,43.57751],[5.50627,43.57725],[5.50352,43.57388],[5.5007,43.57156],[5.49794,43.5708],[5.49513,43.56904],[5.49398,43.56672],[5.49333,43.56608],[5.49406,43.56506],[5.49415,43.5637],[5.49754,43.56248],[5.49859,43.56169],[5.49819,43.56055],[5.4946,43.55638],[5.4922,43.55542],[5.49022,43.55259],[5.49094,43.55207],[5.48954,43.55032],[5.48861,43.54742],[5.48972,43.5449],[5.48817,43.5443],[5.48379,43.54102],[5.48215,43.53927],[5.48284,43.5377],[5.48127,43.53776],[5.47942,43.53609],[5.4792,43.53523],[5.47991,43.5341],[5.48457,43.53309],[5.48543,43.53367],[5.48768,43.53413],[5.48847,43.53341],[5.49246,43.53389],[5.49367,43.53354],[5.49373,43.53297],[5.49749,43.53311],[5.50109,43.53165],[5.50345,43.53233],[5.50629,43.53218],[5.50571,43.53331],[5.50486,43.53371],[5.50577,43.53481],[5.50572,43.5355],[5.50728,43.53605],[5.50994,43.53574],[5.51148,43.53738],[5.51193,43.53678],[5.51298,43.53664],[5.51403,43.53731],[5.51451,43.53667],[5.51682,43.53798],[5.51917,43.53831],[5.52168,43.53796],[5.52439,43.53884],[5.52547,43.53566],[5.5254,43.5377],[5.52587,43.53803],[5.53018,43.53737],[5.53143,43.53752],[5.53296,43.54016],[5.53523,43.54033],[5.53966,43.53757],[5.54221,43.5352],[5.54568,43.53415],[5.55025,43.53634],[5.55179,43.53909],[5.55357,43.53922],[5.5571,43.53818],[5.56102,43.53869]]]},"properties":{"code_territoire":"com13095","libelle_territoire":"Saint-Marc-Jaumegarde"}},
{"type":"Feature","geometry":{"type":"Polygon","coordinates":[[[5.65325,43.46355],[5.65257,43.46428],[5.65283,43.46561],[5.65232,43.46639],[5.65081,43.46679],[5.6497,43.46863],[5.64856,43.46825],[5.64838,43.46776],[5.64773,43.46788],[5.64686,43.46966],[5.64506,43.46855],[5.6433,43.46895],[5.6419,43.46862],[5.64104,43.46743],[5.64123,43.46642],[5.64048,43.46605],[5.63771,43.46691],[5.6352,43.46616],[5.63119,43.46702],[5.6288,43.46608],[5.62846,43.46676],[5.62908,43.46781],[5.62823,43.46867],[5.62433,43.46778],[5.62284,43.46809],[5.62134,43.46894],[5.61946,43.47102],[5.61734,43.46995],[5.61671,43.46747],[5.61574,43.46604],[5.61307,43.46468],[5.61285,43.46394],[5.61148,43.46416],[5.61121,43.46352],[5.60983,43.4594],[5.60705,43.4601],[5.60315,43.45781],[5.59912,43.45656],[5.59626,43.45473],[5.59115,43.45266],[5.58995,43.45081],[5.58978,43.44722],[5.58759,43.44274],[5.59269,43.44001],[5.59785,43.43937],[5.59946,43.43611],[5.60109,43.43549],[5.60449,43.43189],[5.60573,43.42924],[5.60641,43.42337],[5.60921,43.42005],[5.61139,43.41614],[5.61039,43.4119],[5.61381,43.41107],[5.61442,43.40969],[5.62197,43.41005],[5.6244,43.40966],[5.62747,43.40977],[5.63628,43.40687],[5.63908,43.40403],[5.64861,43.4168],[5.6495,43.42019],[5.6504,43.42102],[5.65061,43.42553],[5.64952,43.42724],[5.64969,43.42835],[5.64872,43.43011],[5.64941,43.43138],[5.6486,43.43466],[5.64843,43.4488],[5.65107,43.4551],[5.65325,43.46355]]]},"properties":{"code_territoire":"com13072","libelle_territoire":"Peynier"}},
{"type":"Feature","geometry":{"type":"MultiPolygon","coordinates":[[[[5.17689,43.53975],[5.16502,43.54032],[5.15676,43.53722],[5.15653,43.53603],[5.15528,43.53437],[5.14548,43.53067],[5.14353,43.52884],[5.13817,43.52551],[5.13417,43.52431],[5.13115,43.52939],[5.13035,43.52862],[5.13039,43.52764],[5.12187,43.52295],[5.12188,43.51565],[5.12051,43.51476],[5.11921,43.51307],[5.11805,43.51325],[5.11615,43.51156],[5.11443,43.51128],[5.12026,43.50996],[5.12281,43.50666],[5.12114,43.50797],[5.12004,43.50813],[5.11248,43.50643],[5.11303,43.50647],[5.11399,43.50557],[5.11459,43.50414],[5.11581,43.50329],[5.11578,43.50166],[5.11958,43.49787],[5.12154,43.49138],[5.12281,43.48993],[5.12247,43.48805],[5.1237,43.48655],[5.12449,43.48409],[5.12593,43.4831],[5.12735,43.48001],[5.12969,43.47843],[5.13079,43.47571],[5.1322,43.47385],[5.13244,43.47183],[5.13358,43.47166],[5.13698,43.46965],[5.13938,43.46652],[5.14003,43.46644],[5.14231,43.4642],[5.14265,43.46239],[5.14161,43.45938],[5.14303,43.46025],[5.14606,43.45818],[5.14699,43.45877],[5.14787,43.45865],[5.14949,43.45733],[5.15097,43.45688],[5.15149,43.45544],[5.15273,43.45565],[5.1543,43.45496],[5.15493,43.45555],[5.15788,43.45532],[5.15487,43.45609],[5.15506,43.4574],[5.15599,43.45869],[5.15984,43.46088],[5.16111,43.46223],[5.15926,43.46189],[5.15936,43.46151],[5.15831,43.46074],[5.15473,43.45873],[5.15352,43.45988],[5.15794,43.4636],[5.15937,43.46363],[5.1591,43.46445],[5.16024,43.46781],[5.16151,43.46919],[5.16209,43.46895],[5.16175,43.46945],[5.16242,43.46915],[5.16216,43.46953],[5.16293,43.4706],[5.16404,43.47126],[5.16363,43.47189],[5.16446,43.47114],[5.1643,43.47157],[5.16517,43.47197],[5.16867,43.47029],[5.16697,43.47174],[5.16753,43.47209],[5.16927,43.47044],[5.16902,43.47171],[5.17032,43.47334],[5.17409,43.47569],[5.18212,43.47935],[5.18518,43.48171],[5.18496,43.48241],[5.18623,43.48243],[5.18603,43.48325],[5.18704,43.48471],[5.1876,43.48482],[5.18771,43.48438],[5.19092,43.48675],[5.19679,43.48852],[5.20274,43.49118],[5.20081,43.49434],[5.19564,43.49885],[5.19529,43.50125],[5.19415,43.50354],[5.19475,43.50385],[5.1951,43.50519],[5.19743,43.50708],[5.19864,43.50734],[5.20019,43.50918],[5.20079,43.51281],[5.2035,43.51259],[5.20385,43.5138],[5.20482,43.51461],[5.20462,43.51739],[5.20527,43.51955],[5.20676,43.52158],[5.20594,43.52267],[5.20648,43.52465],[5.1979,43.53185],[5.19825,43.53222],[5.19843,43.53191],[5.20046,43.53228],[5.20173,43.53385],[5.20166,43.53513],[5.19759,43.53475],[5.19529,43.53356],[5.18836,43.53939],[5.17689,43.53975]]],[[[5.11479,43.51105],[5.11315,43.51078],[5.11392,43.51048],[5.11406,43.50985],[5.11329,43.50736],[5.11238,43.50702],[5.11945,43.5083],[5.12136,43.50816],[5.1199,43.51002],[5.1177,43.51018],[5.11479,43.51105]]],[[[5.15873,43.4626],[5.15956,43.46262],[5.15954,43.46301],[5.15873,43.4626]]]]},"properties":{"code_territoire":"com13014","libelle_territoire":"Berre-l'Étang"}},
{"type":"Feature","geometry":{"type":"Polygon","coordinates":[[[4.90855,43.81213],[4.92192,43.81313],[4.93972,43.81802],[4.94762,43.81892],[4.97278,43.81989],[4.98996,43.82347],[4.99232,43.83881],[4.9848,43.83537],[4.97734,43.83484],[4.97565,43.84122],[4.97351,43.84238],[4.97029,43.84537],[4.9608,43.84712],[4.95028,43.84724],[4.93431,43.84893],[4.93192,43.85336],[4.92846,43.85265],[4.92559,43.85154],[4.93097,43.84765],[4.93335,43.84453],[4.93351,43.84374],[4.93158,43.84002],[4.92635,43.83797],[4.93116,43.82966],[4.9251,43.82814],[4.91301,43.82376],[4.90724,43.82176],[4.90774,43.81828],[4.90855,43.81213]]]},"properties":{"code_territoire":"com13089","libelle_territoire":"Saint-Andiol"}},
{"type":"Feature","geometry":{"type":"Polygon","coordinates":[[[5.58178,43.40497],[5.58225,43.40228],[5.58347,43.40155],[5.58455,43.39914],[5.58548,43.3986],[5.58545,43.39623],[5.58603,43.39501],[5.58559,43.39299],[5.58694,43.39367],[5.58776,43.39269],[5.58919,43.39256],[5.58976,43.39171],[5.59028,43.39222],[5.59144,43.39185],[5.59296,43.39223],[5.59525,43.39139],[5.59909,43.39071],[5.59859,43.39025],[5.5994,43.38888],[5.59993,43.3889],[5.60072,43.38752],[5.60215,43.3868],[5.604,43.38499],[5.60385,43.38433],[5.60514,43.38297],[5.60483,43.38125],[5.60554,43.38036],[5.60548,43.37952],[5.60651,43.37876],[5.6067,43.37731],[5.60823,43.37653],[5.60998,43.37706],[5.61091,43.37935],[5.61405,43.38045],[5.61562,43.38154],[5.61549,43.38303],[5.61731,43.38266],[5.61744,43.38396],[5.61904,43.38393],[5.61977,43.38571],[5.61854,43.38729],[5.61878,43.38943],[5.61934,43.39048],[5.62073,43.39167],[5.62117,43.39151],[5.62212,43.39281],[5.62242,43.39205],[5.62507,43.39284],[5.62884,43.39174],[5.63032,43.39085],[5.63021,43.39043],[5.63342,43.3892],[5.63618,43.38871],[5.63683,43.38772],[5.63851,43.38709],[5.64203,43.38763],[5.64479,43.3868],[5.65021,43.38687],[5.65168,43.38647],[5.6521,43.38798],[5.6538,43.38746],[5.65339,43.38913],[5.65397,43.39025],[5.65588,43.39177],[5.66057,43.39326],[5.66374,43.39778],[5.66458,43.39827],[5.66853,43.39888],[5.67032,43.40008],[5.66591,43.40086],[5.6615,43.39987],[5.65396,43.40086],[5.64949,43.40018],[5.6442,43.40056],[5.63908,43.40403],[5.63628,43.40687],[5.62747,43.40977],[5.6244,43.40966],[5.62197,43.41005],[5.61442,43.40969],[5.61381,43.41107],[5.61039,43.4119],[5.60838,43.41056],[5.60782,43.40905],[5.60515,43.40871],[5.60324,43.408],[5.60073,43.40791],[5.59996,43.40743],[5.59759,43.40764],[5.59613,43.4066],[5.59421,43.40623],[5.59155,43.40762],[5.59183,43.40698],[5.59075,43.4056],[5.58931,43.40585],[5.5833,43.40521],[5.5819,43.40545],[5.58178,43.40497]]]},"properties":{"code_territoire":"com13016","libelle_territoire":"La Bouilladisse"}},
{"type":"Feature","geometry":{"type":"Polygon","coordinates":[[[4.99734,43.845],[4.97544,43.86679],[4.96616,43.87182],[4.94724,43.87758],[4.93046,43.88443],[4.93509,43.87974],[4.93424,43.87746],[4.93448,43.87604],[4.93359,43.8724],[4.93209,43.87247],[4.92923,43.87125],[4.92662,43.86946],[4.92594,43.86982],[4.921,43.8678],[4.92119,43.86683],[4.92507,43.86382],[4.92545,43.8619],[4.92469,43.8618],[4.92435,43.86088],[4.9252,43.85861],[4.92666,43.85737],[4.93056,43.85596],[4.93192,43.85336],[4.93431,43.84893],[4.95028,43.84724],[4.9608,43.84712],[4.97029,43.84537],[4.97351,43.84238],[4.97565,43.84122],[4.97734,43.83484],[4.9848,43.83537],[4.99232,43.83881],[4.99253,43.84014],[4.99734,43.845]]]},"properties":{"code_territoire":"com13018","libelle_territoire":"Cabannes"}},
{"type":"Feature","geometry":{"type":"Polygon","coordinates":[[[5.3484,43.53633],[5.3484,43.53681],[5.3472,43.53771],[5.34442,43.53856],[5.34491,43.54027],[5.34322,43.54273],[5.34486,43.55059],[5.34451,43.55223],[5.3398,43.55165],[5.33853,43.55344],[5.33589,43.55231],[5.33521,43.55354],[5.33203,43.5522],[5.32532,43.55324],[5.32575,43.55738],[5.31241,43.55953],[5.30541,43.56583],[5.30257,43.56742],[5.29541,43.56868],[5.28626,43.57246],[5.27847,43.57487],[5.27416,43.57075],[5.27279,43.56871],[5.27135,43.56803],[5.27099,43.56714],[5.27771,43.5659],[5.2793,43.5645],[5.27943,43.56267],[5.28377,43.55633],[5.28336,43.55557],[5.28456,43.55374],[5.2844,43.55232],[5.28582,43.55079],[5.2833,43.55178],[5.27878,43.5525],[5.27564,43.55185],[5.27597,43.5513],[5.27463,43.55062],[5.27433,43.55116],[5.27125,43.55107],[5.27085,43.55164],[5.26965,43.55103],[5.26943,43.55131],[5.26815,43.55089],[5.2678,43.55009],[5.264,43.54848],[5.26462,43.54779],[5.26156,43.5462],[5.26104,43.54407],[5.26134,43.54264],[5.26057,43.54197],[5.26711,43.54019],[5.26479,43.53818],[5.26936,43.53737],[5.27377,43.53742],[5.27845,43.53461],[5.27785,43.53172],[5.28159,43.53186],[5.28504,43.52689],[5.28999,43.52646],[5.29274,43.52489],[5.29361,43.52374],[5.29413,43.51954],[5.29487,43.51845],[5.29653,43.51817],[5.29853,43.51824],[5.30066,43.51889],[5.30154,43.51871],[5.30356,43.51592],[5.30708,43.51436],[5.3106,43.51468],[5.31286,43.51553],[5.31373,43.51745],[5.3146,43.5179],[5.31938,43.51742],[5.32143,43.51791],[5.32471,43.51737],[5.33148,43.51831],[5.33306,43.51952],[5.33947,43.51942],[5.33906,43.52273],[5.34009,43.52634],[5.34539,43.53352],[5.3462,43.53635],[5.34739,43.536],[5.3484,43.53633]]]},"properties":{"code_territoire":"com13114","libelle_territoire":"Ventabren"}},
{"type":"Feature","geometry":{"type":"Polygon","coordinates":[[[5.54988,43.6598],[5.54391,43.6609],[5.53232,43.65917],[5.51938,43.66131],[5.50377,43.66573],[5.48772,43.66757],[5.4878,43.66538],[5.48559,43.65423],[5.47945,43.64879],[5.48069,43.64817],[5.48243,43.64802],[5.48218,43.64537],[5.48303,43.64133],[5.48123,43.63803],[5.48124,43.63601],[5.48498,43.63502],[5.48456,43.63152],[5.48424,43.63112],[5.48143,43.6308],[5.48029,43.62915],[5.48052,43.62741],[5.47654,43.62352],[5.47943,43.62087],[5.48201,43.62005],[5.48685,43.61588],[5.4888,43.61616],[5.48796,43.61287],[5.49322,43.6124],[5.50034,43.61012],[5.50801,43.60878],[5.5112,43.60713],[5.52256,43.59222],[5.53081,43.58408],[5.53238,43.58409],[5.53497,43.5814],[5.53932,43.58174],[5.54257,43.58072],[5.54396,43.58168],[5.54607,43.58163],[5.54742,43.58104],[5.54816,43.57986],[5.54764,43.57896],[5.54863,43.5783],[5.55097,43.57818],[5.55538,43.57995],[5.55763,43.57961],[5.55978,43.57836],[5.56078,43.57847],[5.5635,43.58134],[5.57176,43.58355],[5.57697,43.58624],[5.58487,43.58846],[5.58759,43.58987],[5.58765,43.59038],[5.58213,43.59152],[5.58013,43.59318],[5.57462,43.59455],[5.57187,43.5957],[5.57014,43.5971],[5.57067,43.59846],[5.5647,43.59952],[5.56248,43.59954],[5.56107,43.60044],[5.55867,43.60333],[5.55609,43.60217],[5.55472,43.60322],[5.55296,43.60347],[5.552,43.60681],[5.55032,43.60947],[5.54746,43.61105],[5.54753,43.6141],[5.54629,43.61725],[5.54666,43.61947],[5.54493,43.62145],[5.54617,43.62273],[5.54593,43.62435],[5.5441,43.62535],[5.5427,43.62685],[5.54138,43.6272],[5.54103,43.628],[5.53929,43.62852],[5.53859,43.62951],[5.53981,43.63168],[5.5409,43.63224],[5.54062,43.63294],[5.54151,43.63418],[5.54112,43.63482],[5.54469,43.63724],[5.5431,43.64018],[5.54347,43.64206],[5.54988,43.6598]]]},"properties":{"code_territoire":"com13059","libelle_territoire":"Meyrargues"}},
{"type":"Feature","geometry":{"type":"Polygon","coordinates":[[[5.25892,43.61115],[5.25973,43.61119],[5.26428,43.614],[5.26379,43.61446],[5.26524,43.61714],[5.26467,43.6186],[5.26621,43.62153],[5.26941,43.6236],[5.26838,43.62438],[5.26882,43.62533],[5.26839,43.62562],[5.2712,43.62865],[5.27121,43.6296],[5.27038,43.6304],[5.27588,43.63415],[5.28147,43.63716],[5.29348,43.64191],[5.29487,43.64136],[5.29863,43.64206],[5.31019,43.63935],[5.31748,43.63813],[5.31619,43.6464],[5.31337,43.64627],[5.31092,43.64893],[5.31057,43.65099],[5.31114,43.65237],[5.31003,43.6521],[5.30883,43.65235],[5.30763,43.65495],[5.30804,43.65749],[5.30749,43.65746],[5.30358,43.67187],[5.30245,43.67351],[5.30347,43.67409],[5.30322,43.67516],[5.30408,43.6765],[5.30421,43.67854],[5.30267,43.68058],[5.30264,43.68295],[5.30305,43.68331],[5.30145,43.68556],[5.30273,43.68585],[5.30211,43.68779],[5.29788,43.69064],[5.29637,43.69019],[5.29532,43.69059],[5.29103,43.68896],[5.28827,43.68944],[5.28728,43.69089],[5.28592,43.69158],[5.28445,43.69323],[5.28143,43.6942],[5.27996,43.69415],[5.27651,43.69587],[5.27682,43.69689],[5.27517,43.69707],[5.27555,43.69774],[5.27539,43.70232],[5.27614,43.70564],[5.27458,43.70822],[5.2744,43.71001],[5.27344,43.71046],[5.27326,43.71297],[5.27156,43.71553],[5.27165,43.71625],[5.26966,43.71817],[5.26872,43.71983],[5.26828,43.71892],[5.26778,43.71891],[5.26769,43.71944],[5.26703,43.71773],[5.26589,43.71691],[5.26589,43.7155],[5.26313,43.71382],[5.26026,43.7109],[5.25929,43.71075],[5.25918,43.70955],[5.25805,43.70844],[5.25802,43.70775],[5.25588,43.70561],[5.25624,43.70303],[5.25443,43.70333],[5.25482,43.7024],[5.2545,43.70105],[5.25072,43.69991],[5.25025,43.69825],[5.25151,43.69712],[5.25036,43.69454],[5.24753,43.69573],[5.24426,43.6946],[5.24311,43.69485],[5.24189,43.69412],[5.23834,43.69366],[5.23702,43.69563],[5.23622,43.69568],[5.23453,43.69729],[5.23394,43.69861],[5.23441,43.70037],[5.23227,43.70254],[5.22996,43.70348],[5.22854,43.7029],[5.22564,43.70157],[5.21185,43.69093],[5.21652,43.68711],[5.2211,43.68445],[5.22409,43.68347],[5.22515,43.68213],[5.22324,43.68159],[5.22366,43.68071],[5.22208,43.67837],[5.21943,43.67693],[5.21472,43.67703],[5.21073,43.67543],[5.20632,43.67555],[5.20506,43.67313],[5.20226,43.67242],[5.20106,43.67273],[5.19972,43.67073],[5.19928,43.67051],[5.19812,43.67091],[5.19821,43.66967],[5.19639,43.67015],[5.19822,43.66731],[5.19482,43.66687],[5.19219,43.66173],[5.18822,43.66159],[5.18575,43.66202],[5.18231,43.66124],[5.18112,43.65899],[5.18114,43.65764],[5.18121,43.65553],[5.18206,43.65425],[5.18175,43.64768],[5.1835,43.64673],[5.18372,43.64593],[5.18307,43.64567],[5.18371,43.64478],[5.18271,43.64453],[5.18314,43.64366],[5.18251,43.6435],[5.18338,43.64181],[5.18272,43.64144],[5.18437,43.63916],[5.18498,43.63936],[5.18558,43.63814],[5.18786,43.64053],[5.18805,43.63992],[5.1889,43.64142],[5.19048,43.64225],[5.19316,43.64207],[5.19972,43.64366],[5.2052,43.64439],[5.20764,43.64432],[5.21031,43.6451],[5.21373,43.64504],[5.21547,43.64567],[5.21564,43.64469],[5.21882,43.6427],[5.2206,43.63813],[5.22471,43.63821],[5.23069,43.63354],[5.23539,43.62711],[5.23686,43.6224],[5.23937,43.61876],[5.24093,43.61409],[5.23984,43.61045],[5.24046,43.60942],[5.24164,43.60861],[5.2526,43.60744],[5.25557,43.60914],[5.25701,43.60947],[5.25892,43.61115]]]},"properties":{"code_territoire":"com13050","libelle_territoire":"Lambesc"}},
{"type":"Feature","geometry":{"type":"Polygon","coordinates":[[[5.66914,43.31941],[5.669,43.31994],[5.67015,43.31955],[5.67226,43.31958],[5.67785,43.32088],[5.68053,43.32055],[5.68533,43.32268],[5.68581,43.3249],[5.68448,43.32578],[5.68442,43.32662],[5.68654,43.32615],[5.68969,43.32745],[5.69052,43.33118],[5.6888,43.33605],[5.68639,43.3402],[5.69468,43.34524],[5.69755,43.34832],[5.69976,43.34984],[5.70497,43.3559],[5.70376,43.35748],[5.70035,43.3601],[5.69931,43.36166],[5.69573,43.36278],[5.6948,43.36388],[5.69526,43.36552],[5.69405,43.36627],[5.69333,43.36768],[5.69292,43.37355],[5.6905,43.38044],[5.68953,43.38701],[5.69028,43.38861],[5.68764,43.39213],[5.68666,43.3927],[5.68272,43.39912],[5.68137,43.40139],[5.67982,43.40194],[5.67032,43.40008],[5.66853,43.39888],[5.66458,43.39827],[5.66374,43.39778],[5.66057,43.39326],[5.65588,43.39177],[5.65397,43.39025],[5.65339,43.38913],[5.6538,43.38746],[5.6521,43.38798],[5.65168,43.38647],[5.65021,43.38687],[5.64479,43.3868],[5.64203,43.38763],[5.63851,43.38709],[5.63683,43.38772],[5.63618,43.38871],[5.63342,43.3892],[5.63021,43.39043],[5.63032,43.39085],[5.62884,43.39174],[5.62507,43.39284],[5.62242,43.39205],[5.62212,43.39281],[5.62117,43.39151],[5.62073,43.39167],[5.61934,43.39048],[5.61878,43.38943],[5.61854,43.38729],[5.61977,43.38571],[5.61904,43.38393],[5.61744,43.38396],[5.61731,43.38266],[5.61549,43.38303],[5.61562,43.38154],[5.61405,43.38045],[5.61091,43.37935],[5.60998,43.37706],[5.60823,43.37653],[5.60999,43.37565],[5.60952,43.37516],[5.60969,43.37423],[5.60908,43.37431],[5.60899,43.37369],[5.60744,43.37282],[5.60786,43.37135],[5.60689,43.37046],[5.6071,43.36961],[5.60942,43.36736],[5.60969,43.36619],[5.61247,43.36381],[5.61299,43.36059],[5.61547,43.35919],[5.61667,43.35717],[5.6183,43.3557],[5.61831,43.35511],[5.62061,43.35412],[5.62661,43.34902],[5.62864,43.34521],[5.63268,43.34081],[5.63857,43.33625],[5.64083,43.33613],[5.64283,43.33656],[5.64382,43.33604],[5.6448,43.33467],[5.64619,43.32927],[5.64984,43.32733],[5.64679,43.3231],[5.65051,43.32364],[5.657,43.32052],[5.65907,43.31692],[5.66487,43.31762],[5.66914,43.31941]]]},"properties":{"code_territoire":"com13007","libelle_territoire":"Auriol"}},
{"type":"Feature","geometry":{"type":"Polygon","coordinates":[[[5.30101,43.44603],[5.29919,43.44785],[5.29836,43.44954],[5.29905,43.45067],[5.29808,43.45282],[5.29782,43.45418],[5.29834,43.45487],[5.29752,43.4572],[5.29907,43.45841],[5.29706,43.459],[5.29879,43.459],[5.29886,43.46005],[5.29971,43.46062],[5.29872,43.46087],[5.29915,43.46138],[5.29705,43.46139],[5.29913,43.46173],[5.2988,43.46295],[5.29577,43.46185],[5.29517,43.46222],[5.29439,43.46096],[5.29056,43.46323],[5.28874,43.46612],[5.28903,43.46791],[5.28759,43.46715],[5.28666,43.46767],[5.28765,43.46924],[5.28872,43.46956],[5.29003,43.46934],[5.29031,43.46971],[5.29013,43.473],[5.28882,43.4742],[5.28948,43.47497],[5.28911,43.47696],[5.28664,43.47774],[5.28709,43.47653],[5.28613,43.47633],[5.28611,43.47547],[5.28464,43.47731],[5.28236,43.47877],[5.28273,43.47949],[5.28161,43.47994],[5.28085,43.48179],[5.28133,43.48279],[5.28096,43.48358],[5.27929,43.485],[5.27871,43.48469],[5.27759,43.48552],[5.27665,43.48464],[5.27544,43.4853],[5.27404,43.48532],[5.27409,43.48391],[5.27526,43.48221],[5.27498,43.48115],[5.27415,43.48259],[5.27247,43.48242],[5.27315,43.48179],[5.273,43.48075],[5.27207,43.48114],[5.27095,43.48285],[5.27165,43.48565],[5.25892,43.48386],[5.25798,43.48327],[5.25727,43.481],[5.25506,43.47886],[5.25431,43.47819],[5.25304,43.47794],[5.24907,43.4744],[5.24339,43.47622],[5.24261,43.47465],[5.24083,43.47456],[5.23841,43.47655],[5.23904,43.47729],[5.2337,43.478],[5.23222,43.47854],[5.22734,43.47883],[5.22641,43.48005],[5.22339,43.47913],[5.22436,43.47733],[5.22441,43.47565],[5.22585,43.4748],[5.22761,43.47239],[5.22699,43.4702],[5.22917,43.46799],[5.22994,43.46528],[5.22746,43.46267],[5.22865,43.46029],[5.22696,43.45737],[5.2266,43.45296],[5.22031,43.44911],[5.22301,43.44665],[5.22383,43.44402],[5.22674,43.44066],[5.22745,43.44186],[5.23026,43.44016],[5.2291,43.43788],[5.22932,43.43686],[5.23437,43.43038],[5.23343,43.43047],[5.23315,43.43002],[5.23383,43.42713],[5.23544,43.42478],[5.23623,43.42475],[5.23638,43.42548],[5.23741,43.42407],[5.23772,43.42453],[5.23912,43.42372],[5.23874,43.42354],[5.23903,43.42307],[5.24208,43.42131],[5.24278,43.42139],[5.24326,43.42218],[5.24424,43.42146],[5.24775,43.42151],[5.24951,43.42015],[5.25868,43.42077],[5.26125,43.41983],[5.26224,43.41848],[5.26377,43.41749],[5.26428,43.41638],[5.26816,43.41605],[5.27094,43.41651],[5.2731,43.41757],[5.27376,43.41853],[5.27495,43.41888],[5.27669,43.41949],[5.28094,43.41986],[5.282,43.42051],[5.28426,43.41977],[5.28783,43.42058],[5.2902,43.41957],[5.29115,43.41973],[5.29306,43.42086],[5.29443,43.42315],[5.29502,43.42964],[5.2959,43.43029],[5.29642,43.43164],[5.29833,43.43198],[5.29923,43.43278],[5.31079,43.43156],[5.30995,43.4338],[5.30675,43.43623],[5.30368,43.44036],[5.30203,43.44361],[5.3018,43.44516],[5.30101,43.44603]]]},"properties":{"code_territoire":"com13117","libelle_territoire":"Vitrolles"}},
{"type":"Feature","geometry":{"type":"Polygon","coordinates":[[[5.56208,43.50428],[5.55204,43.49906],[5.54243,43.50337],[5.53692,43.5044],[5.53316,43.48714],[5.53272,43.48296],[5.53989,43.48245],[5.54245,43.48139],[5.54603,43.48231],[5.54717,43.4818],[5.54719,43.48131],[5.55403,43.48122],[5.55548,43.48044],[5.55696,43.48088],[5.55812,43.48193],[5.55952,43.4821],[5.56093,43.48156],[5.56114,43.48001],[5.562,43.47895],[5.56419,43.47996],[5.56619,43.48022],[5.56773,43.47994],[5.57135,43.48052],[5.57146,43.4789],[5.5724,43.47836],[5.57525,43.47872],[5.57665,43.47835],[5.57656,43.4775],[5.57844,43.47593],[5.57778,43.47566],[5.57805,43.47534],[5.57679,43.47489],[5.57685,43.47405],[5.58366,43.47605],[5.58361,43.477],[5.58223,43.47833],[5.58199,43.47937],[5.58197,43.48031],[5.58351,43.48329],[5.58854,43.48165],[5.59184,43.48118],[5.59255,43.48115],[5.5945,43.4823],[5.5951,43.48149],[5.59741,43.48174],[5.59858,43.48229],[5.59929,43.4815],[5.60166,43.482],[5.60133,43.48332],[5.60278,43.48633],[5.60542,43.48642],[5.60554,43.48842],[5.60092,43.50213],[5.59548,43.50217],[5.59105,43.50139],[5.58026,43.50187],[5.57699,43.50251],[5.57004,43.50221],[5.56534,43.50261],[5.56208,43.50428]]]},"properties":{"code_territoire":"com13025","libelle_territoire":"Châteauneuf-le-Rouge"}},
{"type":"Feature","geometry":{"type":"Polygon","coordinates":[[[5.54845,43.33582],[5.55451,43.33633],[5.55532,43.33554],[5.55961,43.334],[5.56316,43.33461],[5.56498,43.33555],[5.57843,43.33215],[5.58223,43.33081],[5.58265,43.33112],[5.58432,43.32991],[5.59913,43.32533],[5.6045,43.32481],[5.60942,43.32379],[5.61775,43.3231],[5.62083,43.32218],[5.62235,43.32296],[5.62556,43.32333],[5.62827,43.32485],[5.62934,43.32491],[5.63184,43.327],[5.63484,43.32777],[5.63682,43.32622],[5.63903,43.32527],[5.64469,43.32406],[5.64679,43.3231],[5.64984,43.32733],[5.64619,43.32927],[5.6448,43.33467],[5.64382,43.33604],[5.64283,43.33656],[5.64083,43.33613],[5.63857,43.33625],[5.63268,43.34081],[5.62864,43.34521],[5.62661,43.34902],[5.62061,43.35412],[5.61831,43.35511],[5.6183,43.3557],[5.61667,43.35717],[5.61547,43.35919],[5.61299,43.36059],[5.61247,43.36381],[5.60969,43.36619],[5.60752,43.36622],[5.60304,43.36826],[5.59438,43.36804],[5.58906,43.36722],[5.58741,43.36659],[5.58078,43.36205],[5.57596,43.36178],[5.57247,43.36077],[5.56893,43.35897],[5.5657,43.35666],[5.56297,43.35464],[5.5594,43.35334],[5.55842,43.35233],[5.55793,43.3515],[5.5581,43.34611],[5.55562,43.34524],[5.55219,43.34599],[5.5483,43.34446],[5.546,43.34473],[5.54795,43.34087],[5.54845,43.33582]]]},"properties":{"code_territoire":"com13086","libelle_territoire":"Roquevaire"}},
{"type":"Feature","geometry":{"type":"Polygon","coordinates":[[[5.68272,43.39912],[5.68733,43.40201],[5.68917,43.40204],[5.69652,43.40713],[5.7013,43.40806],[5.71486,43.40726],[5.72441,43.40888],[5.73081,43.4063],[5.73269,43.40733],[5.74077,43.40425],[5.74997,43.40146],[5.75511,43.40235],[5.75864,43.40319],[5.76147,43.40453],[5.76515,43.40466],[5.77062,43.4068],[5.77194,43.40776],[5.77712,43.40894],[5.78434,43.41333],[5.78636,43.4139],[5.78839,43.42039],[5.78624,43.42049],[5.78561,43.41973],[5.7828,43.41967],[5.78216,43.42006],[5.78078,43.41961],[5.77877,43.42026],[5.77575,43.42056],[5.77475,43.42101],[5.77411,43.42254],[5.77091,43.42311],[5.76743,43.42475],[5.76399,43.42798],[5.76276,43.42817],[5.76217,43.42881],[5.76233,43.42961],[5.75711,43.43146],[5.75481,43.4333],[5.75077,43.43446],[5.74672,43.43783],[5.74844,43.43962],[5.74819,43.44113],[5.74903,43.44213],[5.74671,43.44232],[5.74484,43.44365],[5.74445,43.44343],[5.73252,43.45924],[5.73354,43.45997],[5.73207,43.4607],[5.73159,43.46013],[5.73018,43.46081],[5.73136,43.46287],[5.72787,43.46688],[5.72554,43.46841],[5.72207,43.46963],[5.72237,43.47],[5.71986,43.47101],[5.71407,43.47462],[5.7153,43.47607],[5.71537,43.47721],[5.70775,43.48],[5.70701,43.47952],[5.70392,43.47938],[5.70375,43.4826],[5.69885,43.48221],[5.69576,43.48316],[5.68743,43.48328],[5.68168,43.48441],[5.67417,43.48657],[5.66893,43.48874],[5.65982,43.49135],[5.65434,43.49069],[5.65616,43.48809],[5.65673,43.48438],[5.65755,43.48315],[5.65844,43.47916],[5.65761,43.47608],[5.65804,43.47351],[5.65738,43.47292],[5.65795,43.47027],[5.65573,43.46544],[5.65435,43.46415],[5.65337,43.46413],[5.65325,43.46355],[5.65107,43.4551],[5.64843,43.4488],[5.6486,43.43466],[5.64941,43.43138],[5.64872,43.43011],[5.64969,43.42835],[5.64952,43.42724],[5.65061,43.42553],[5.6504,43.42102],[5.6495,43.42019],[5.64861,43.4168],[5.63908,43.40403],[5.6442,43.40056],[5.64949,43.40018],[5.65396,43.40086],[5.6615,43.39987],[5.66591,43.40086],[5.67032,43.40008],[5.67982,43.40194],[5.68137,43.40139],[5.68272,43.39912]]]},"properties":{"code_territoire":"com13110","libelle_territoire":"Trets"}},
{"type":"Feature","geometry":{"type":"Polygon","coordinates":[[[5.68249,43.23542],[5.68467,43.23624],[5.70242,43.2391],[5.70379,43.24161],[5.70453,43.24163],[5.70128,43.24717],[5.69751,43.24938],[5.68563,43.25348],[5.67189,43.25764],[5.66778,43.25853],[5.66679,43.26021],[5.66549,43.26019],[5.66735,43.26232],[5.66737,43.26358],[5.66377,43.26541],[5.66187,43.26561],[5.66173,43.26686],[5.66101,43.26753],[5.65836,43.26692],[5.65677,43.26706],[5.65502,43.26732],[5.65344,43.26632],[5.65084,43.2668],[5.65077,43.26631],[5.64904,43.26607],[5.64544,43.26841],[5.64284,43.26829],[5.6288,43.27027],[5.6154,43.27015],[5.61228,43.26986],[5.60503,43.26821],[5.60033,43.26524],[5.59818,43.26473],[5.59545,43.26531],[5.59022,43.26475],[5.58665,43.26679],[5.58575,43.2652],[5.58115,43.2623],[5.58004,43.2606],[5.57555,43.25691],[5.57909,43.2569],[5.57219,43.25423],[5.57125,43.25455],[5.56897,43.25404],[5.56684,43.2526],[5.56528,43.25237],[5.55487,43.24861],[5.56153,43.24241],[5.56802,43.24022],[5.57073,43.24176],[5.57203,43.24109],[5.57373,43.23929],[5.57451,43.23675],[5.57568,43.23591],[5.57526,43.23516],[5.57701,43.23329],[5.57969,43.23498],[5.58146,43.23558],[5.58828,43.24015],[5.5943,43.23639],[5.59993,43.23844],[5.61577,43.23986],[5.6194,43.24112],[5.62206,43.23996],[5.62561,43.23998],[5.63033,43.24204],[5.64373,43.23901],[5.64678,43.23947],[5.64951,43.23796],[5.65805,43.23611],[5.67174,43.23466],[5.67673,43.23546],[5.68249,43.23542]]]},"properties":{"code_territoire":"com13085","libelle_territoire":"Roquefort-la-Bédoule"}},
{"type":"Feature","geometry":{"type":"Polygon","coordinates":[[[5.41292,43.69294],[5.4048,43.67873],[5.39951,43.67654],[5.39614,43.67621],[5.39673,43.67501],[5.39608,43.672],[5.39481,43.67079],[5.39519,43.6694],[5.39415,43.66891],[5.39598,43.66617],[5.39836,43.66431],[5.39705,43.66299],[5.39917,43.66057],[5.39238,43.6497],[5.39535,43.64587],[5.39847,43.64355],[5.39859,43.64298],[5.39714,43.6424],[5.39694,43.64146],[5.39779,43.64055],[5.39873,43.64045],[5.40214,43.63825],[5.40538,43.63689],[5.40626,43.63312],[5.40599,43.62788],[5.41135,43.6227],[5.41347,43.62357],[5.42256,43.61996],[5.42403,43.62269],[5.43159,43.62025],[5.44915,43.62295],[5.4496,43.62054],[5.45177,43.61654],[5.45384,43.61616],[5.45896,43.61797],[5.46161,43.61516],[5.46379,43.6137],[5.47654,43.62352],[5.48052,43.62741],[5.48029,43.62915],[5.48143,43.6308],[5.48424,43.63112],[5.48456,43.63152],[5.48498,43.63502],[5.48124,43.63601],[5.48123,43.63803],[5.48303,43.64133],[5.48218,43.64537],[5.48243,43.64802],[5.48069,43.64817],[5.47945,43.64879],[5.48559,43.65423],[5.4878,43.66538],[5.48772,43.66757],[5.4819,43.66958],[5.47727,43.67039],[5.47254,43.67261],[5.46573,43.67439],[5.45614,43.67785],[5.45312,43.67841],[5.45065,43.67963],[5.44432,43.68004],[5.43912,43.68113],[5.42669,43.68633],[5.42393,43.68682],[5.41613,43.6908],[5.41292,43.69294]]]},"properties":{"code_territoire":"com13080","libelle_territoire":"Le Puy-Sainte-Réparade"}},
{"type":"Feature","geometry":{"type":"Polygon","coordinates":[[[5.58765,43.59038],[5.60061,43.5913],[5.61409,43.59435],[5.61239,43.59777],[5.6077,43.5996],[5.60635,43.60072],[5.60421,43.60732],[5.60094,43.61119],[5.60401,43.61308],[5.6046,43.61639],[5.60358,43.61828],[5.60408,43.61922],[5.60411,43.62347],[5.60503,43.62498],[5.60246,43.62659],[5.6058,43.6307],[5.60418,43.63358],[5.60485,43.634],[5.60505,43.63792],[5.60653,43.63816],[5.60674,43.63896],[5.6063,43.6438],[5.60518,43.64463],[5.60612,43.64619],[5.60559,43.64653],[5.60603,43.647],[5.60699,43.64699],[5.60721,43.64768],[5.60661,43.64779],[5.60896,43.6512],[5.61033,43.65181],[5.61166,43.65148],[5.61006,43.65266],[5.6123,43.6538],[5.61087,43.65474],[5.60832,43.65462],[5.6071,43.65872],[5.59506,43.65972],[5.58734,43.6614],[5.57513,43.66209],[5.55936,43.66137],[5.54988,43.6598],[5.54347,43.64206],[5.5431,43.64018],[5.54469,43.63724],[5.54112,43.63482],[5.54151,43.63418],[5.54062,43.63294],[5.5409,43.63224],[5.53981,43.63168],[5.53859,43.62951],[5.53929,43.62852],[5.54103,43.628],[5.54138,43.6272],[5.5427,43.62685],[5.5441,43.62535],[5.54593,43.62435],[5.54617,43.62273],[5.54493,43.62145],[5.54666,43.61947],[5.54629,43.61725],[5.54753,43.6141],[5.54746,43.61105],[5.55032,43.60947],[5.552,43.60681],[5.55296,43.60347],[5.55472,43.60322],[5.55609,43.60217],[5.55867,43.60333],[5.56107,43.60044],[5.56248,43.59954],[5.5647,43.59952],[5.57067,43.59846],[5.57014,43.5971],[5.57187,43.5957],[5.57462,43.59455],[5.58013,43.59318],[5.58213,43.59152],[5.58765,43.59038]]]},"properties":{"code_territoire":"com13074","libelle_territoire":"Peyrolles-en-Provence"}},
{"type":"Feature","geometry":{"type":"Polygon","coordinates":[[[5.66926,43.56469],[5.66664,43.56421],[5.6635,43.56432],[5.66096,43.56512],[5.65753,43.56476],[5.65691,43.56416],[5.65564,43.56822],[5.64692,43.57016],[5.64627,43.5702],[5.64594,43.56971],[5.64531,43.57014],[5.6434,43.56996],[5.64405,43.57351],[5.64302,43.57899],[5.63125,43.57972],[5.6295,43.58783],[5.62509,43.58703],[5.62209,43.58699],[5.62054,43.58744],[5.61924,43.58926],[5.61638,43.59132],[5.61574,43.59367],[5.61409,43.59435],[5.60061,43.5913],[5.58765,43.59038],[5.58759,43.58987],[5.58487,43.58846],[5.57697,43.58624],[5.57176,43.58355],[5.5635,43.58134],[5.56078,43.57847],[5.55978,43.57836],[5.55763,43.57961],[5.5585,43.57489],[5.55732,43.57206],[5.55391,43.56901],[5.55662,43.56407],[5.55613,43.56261],[5.55009,43.56159],[5.54949,43.56217],[5.54754,43.56154],[5.54615,43.56167],[5.54543,43.56233],[5.54531,43.56018],[5.54336,43.55987],[5.54076,43.5587],[5.54041,43.55745],[5.53473,43.55606],[5.53849,43.55253],[5.54106,43.55176],[5.54103,43.55095],[5.54029,43.55057],[5.54145,43.55098],[5.54495,43.55375],[5.54596,43.55414],[5.54748,43.5539],[5.54688,43.55323],[5.54862,43.55302],[5.54697,43.55157],[5.55016,43.54972],[5.551,43.54725],[5.55424,43.54623],[5.55621,43.5444],[5.56124,43.5434],[5.56102,43.53869],[5.56292,43.53816],[5.56683,43.53845],[5.57042,43.53672],[5.57158,43.53615],[5.57301,43.53396],[5.57404,43.53367],[5.57493,43.53278],[5.57497,43.53181],[5.57888,43.53135],[5.58002,43.53082],[5.58125,43.53109],[5.58176,43.53055],[5.58423,43.53033],[5.58595,43.53067],[5.58922,43.52938],[5.59238,43.52997],[5.59666,43.53014],[5.59982,43.52962],[5.60407,43.5306],[5.60604,43.53027],[5.60869,43.53042],[5.60986,43.53101],[5.61226,43.53074],[5.61248,43.53108],[5.6144,43.5311],[5.61508,43.53178],[5.61855,43.53165],[5.61834,43.53311],[5.62079,43.53395],[5.62266,43.53553],[5.62506,43.53559],[5.62841,43.53652],[5.62968,43.53624],[5.63264,43.53712],[5.63713,43.5369],[5.6445,43.5391],[5.65914,43.53928],[5.66048,43.53876],[5.66592,43.53874],[5.67399,43.54175],[5.67866,43.54245],[5.68575,43.54507],[5.68872,43.5452],[5.69083,43.54854],[5.69328,43.55055],[5.69666,43.55153],[5.7026,43.55519],[5.7067,43.55626],[5.70482,43.55794],[5.69629,43.56206],[5.6929,43.56271],[5.69121,43.56353],[5.68999,43.56292],[5.68633,43.56327],[5.68522,43.56277],[5.68211,43.5636],[5.68109,43.56333],[5.67946,43.56358],[5.67887,43.5632],[5.6712,43.56505],[5.66926,43.56469]]]},"properties":{"code_territoire":"com13111","libelle_territoire":"Vauvenargues"}},
{"type":"Feature","geometry":{"type":"Polygon","coordinates":[[[4.9265,43.68672],[4.92226,43.69801],[4.92293,43.70093],[4.92886,43.70965],[4.92967,43.71197],[4.92779,43.71528],[4.92671,43.72164],[4.92255,43.73106],[4.91728,43.7376],[4.9111,43.73938],[4.90961,43.7393],[4.90795,43.7385],[4.89309,43.74056],[4.88757,43.73932],[4.88604,43.73736],[4.88535,43.7344],[4.88337,43.73347],[4.88387,43.72874],[4.88291,43.7275],[4.88286,43.72533],[4.8812,43.72366],[4.88088,43.72254],[4.87924,43.72181],[4.87702,43.71958],[4.87528,43.7191],[4.87369,43.71931],[4.87081,43.71882],[4.87053,43.71683],[4.86147,43.71228],[4.85893,43.70811],[4.85698,43.70785],[4.85619,43.70706],[4.85579,43.70537],[4.85647,43.70254],[4.8541,43.70203],[4.85292,43.7013],[4.85063,43.70114],[4.84937,43.69973],[4.85108,43.69854],[4.85084,43.69719],[4.84997,43.69641],[4.84928,43.69269],[4.83521,43.69176],[4.82961,43.69005],[4.82344,43.67994],[4.83117,43.67973],[4.83444,43.68067],[4.8411,43.68163],[4.84198,43.68083],[4.84607,43.68032],[4.85012,43.67919],[4.85666,43.67894],[4.85739,43.67928],[4.85759,43.67869],[4.86778,43.67792],[4.87319,43.6789],[4.87646,43.6788],[4.88831,43.6754],[4.88942,43.6747],[4.89015,43.6748],[4.89124,43.67385],[4.89943,43.67103],[4.90822,43.67014],[4.91522,43.67016],[4.92643,43.6719],[4.93283,43.67054],[4.9265,43.68672]]]},"properties":{"code_territoire":"com13065","libelle_territoire":"Mouriès"}},
{"type":"Feature","geometry":{"type":"Polygon","coordinates":[[[5.53272,43.48296],[5.53316,43.48714],[5.53692,43.5044],[5.53169,43.50548],[5.52655,43.50478],[5.52053,43.50608],[5.51775,43.50614],[5.51757,43.50672],[5.51542,43.50707],[5.51193,43.5071],[5.51014,43.50659],[5.50964,43.50816],[5.50769,43.50839],[5.50641,43.50954],[5.5039,43.51002],[5.50203,43.50801],[5.50011,43.50722],[5.49597,43.50789],[5.49278,43.50647],[5.4918,43.50641],[5.48595,43.51052],[5.48351,43.5109],[5.48077,43.51266],[5.47947,43.51253],[5.47555,43.5108],[5.46977,43.51202],[5.4687,43.51057],[5.46943,43.5082],[5.46786,43.50693],[5.46553,43.50667],[5.46619,43.50429],[5.46483,43.50402],[5.46353,43.50194],[5.46372,43.49941],[5.46552,43.49793],[5.46546,43.49674],[5.46871,43.49343],[5.47123,43.49179],[5.46901,43.4901],[5.46909,43.48901],[5.47,43.48784],[5.47493,43.48827],[5.47616,43.48776],[5.48262,43.48088],[5.48154,43.47233],[5.48209,43.47056],[5.48864,43.46715],[5.49044,43.46553],[5.49501,43.46326],[5.49571,43.46382],[5.49613,43.46327],[5.50358,43.46843],[5.5096,43.46976],[5.50885,43.47036],[5.50864,43.47165],[5.5135,43.47258],[5.5221,43.47508],[5.52631,43.47872],[5.53003,43.48329],[5.53272,43.48296]]]},"properties":{"code_territoire":"com13060","libelle_territoire":"Meyreuil"}},
{"type":"Feature","geometry":{"type":"Polygon","coordinates":[[[5.24608,43.74734],[5.22917,43.74748],[5.18777,43.73507],[5.17335,43.7388],[5.12377,43.75883],[5.12542,43.73443],[5.12529,43.72943],[5.13384,43.72737],[5.14681,43.7259],[5.15935,43.72101],[5.16865,43.71872],[5.17214,43.7157],[5.18161,43.71333],[5.18895,43.70647],[5.1916,43.70496],[5.19414,43.70147],[5.19575,43.70143],[5.19664,43.70016],[5.20441,43.69765],[5.20757,43.69788],[5.20889,43.6972],[5.21103,43.69862],[5.21266,43.70054],[5.21997,43.70577],[5.22649,43.70693],[5.22527,43.70996],[5.22395,43.7168],[5.2234,43.723],[5.22381,43.72841],[5.2286,43.72839],[5.23228,43.73493],[5.24608,43.74734]]]},"properties":{"code_territoire":"com13053","libelle_territoire":"Mallemort"}},
{"type":"Feature","geometry":{"type":"Polygon","coordinates":[[[4.70933,43.89804],[4.71161,43.89931],[4.71343,43.89225],[4.71557,43.88662],[4.71993,43.88444],[4.72003,43.88193],[4.72657,43.88083],[4.73004,43.88098],[4.73011,43.87766],[4.72671,43.8712],[4.7261,43.86791],[4.72742,43.86729],[4.72874,43.86589],[4.73088,43.86363],[4.73418,43.85794],[4.73928,43.85802],[4.75536,43.87062],[4.77047,43.87893],[4.77294,43.88334],[4.77285,43.88448],[4.77495,43.88453],[4.7746,43.88602],[4.77693,43.88714],[4.77865,43.88709],[4.78156,43.89112],[4.78213,43.8928],[4.78452,43.89527],[4.78901,43.90341],[4.7929,43.91183],[4.79255,43.9124],[4.79152,43.91269],[4.79084,43.91192],[4.78694,43.91273],[4.7844,43.91198],[4.7814,43.91209],[4.77656,43.91498],[4.77079,43.9143],[4.77299,43.91651],[4.77363,43.91973],[4.73928,43.92413],[4.74047,43.92178],[4.74024,43.91976],[4.72989,43.91265],[4.72339,43.90607],[4.71442,43.90217],[4.69997,43.89818],[4.69798,43.89668],[4.70491,43.89723],[4.70933,43.89804]]]},"properties":{"code_territoire":"com13010","libelle_territoire":"Barbentane"}},
{"type":"Feature","geometry":{"type":"Polygon","coordinates":[[[5.68296,43.69286],[5.67653,43.6929],[5.67353,43.69365],[5.67219,43.69318],[5.66946,43.69092],[5.66511,43.68834],[5.66072,43.68722],[5.65701,43.68531],[5.65263,43.68012],[5.65005,43.67838],[5.64784,43.67585],[5.64286,43.67246],[5.64009,43.67177],[5.63148,43.66732],[5.62376,43.66626],[5.61464,43.66423],[5.60929,43.66124],[5.6071,43.65872],[5.60832,43.65462],[5.61087,43.65474],[5.6123,43.6538],[5.61006,43.65266],[5.61166,43.65148],[5.61033,43.65181],[5.60896,43.6512],[5.60661,43.64779],[5.60721,43.64768],[5.60699,43.64699],[5.60603,43.647],[5.60559,43.64653],[5.60612,43.64619],[5.60518,43.64463],[5.6063,43.6438],[5.60674,43.63896],[5.60653,43.63816],[5.60505,43.63792],[5.60485,43.634],[5.60418,43.63358],[5.6058,43.6307],[5.60246,43.62659],[5.60503,43.62498],[5.60411,43.62347],[5.60408,43.61922],[5.60358,43.61828],[5.6046,43.61639],[5.60401,43.61308],[5.60094,43.61119],[5.60421,43.60732],[5.60635,43.60072],[5.6077,43.5996],[5.61239,43.59777],[5.61409,43.59435],[5.61574,43.59367],[5.61638,43.59132],[5.61924,43.58926],[5.62054,43.58744],[5.62209,43.58699],[5.62509,43.58703],[5.6295,43.58783],[5.63125,43.57972],[5.64302,43.57899],[5.64405,43.57351],[5.6434,43.56996],[5.64531,43.57014],[5.64594,43.56971],[5.64627,43.5702],[5.64692,43.57016],[5.65564,43.56822],[5.65691,43.56416],[5.65753,43.56476],[5.66096,43.56512],[5.6635,43.56432],[5.66664,43.56421],[5.66926,43.56469],[5.66814,43.56494],[5.66591,43.56663],[5.66263,43.56971],[5.66122,43.57203],[5.66042,43.57243],[5.65803,43.57227],[5.65622,43.57395],[5.65591,43.57784],[5.66779,43.5792],[5.66937,43.57984],[5.67031,43.58077],[5.67163,43.58109],[5.67899,43.5815],[5.68262,43.58274],[5.68605,43.58324],[5.68723,43.58364],[5.68775,43.58441],[5.69183,43.58457],[5.6825,43.60055],[5.68332,43.60175],[5.68137,43.6047],[5.68192,43.60717],[5.68058,43.60781],[5.68117,43.60822],[5.68103,43.61078],[5.6781,43.61128],[5.67853,43.61244],[5.67944,43.61445],[5.68358,43.61351],[5.68665,43.61352],[5.68764,43.61464],[5.68501,43.6157],[5.68388,43.61794],[5.68687,43.61897],[5.68919,43.62397],[5.69056,43.62449],[5.69118,43.62535],[5.69109,43.62606],[5.69293,43.62981],[5.70045,43.63747],[5.70187,43.63748],[5.70215,43.63958],[5.70038,43.64155],[5.69834,43.64256],[5.70139,43.6441],[5.70957,43.64085],[5.71899,43.64984],[5.71989,43.65666],[5.71674,43.66045],[5.71224,43.66461],[5.71182,43.66745],[5.70448,43.67475],[5.70456,43.67598],[5.70267,43.67874],[5.70303,43.67932],[5.70125,43.68077],[5.69977,43.68291],[5.69656,43.68371],[5.69287,43.68528],[5.69057,43.68403],[5.68974,43.68596],[5.68504,43.68934],[5.68509,43.69034],[5.68264,43.69162],[5.68296,43.69286]]]},"properties":{"code_territoire":"com13048","libelle_territoire":"Jouques"}},
{"type":"Feature","geometry":{"type":"Polygon","coordinates":[[[5.50629,43.53218],[5.50345,43.53233],[5.50109,43.53165],[5.49749,43.53311],[5.49373,43.53297],[5.49367,43.53354],[5.49246,43.53389],[5.48847,43.53341],[5.48768,43.53413],[5.48543,43.53367],[5.48457,43.53309],[5.47991,43.5341],[5.4792,43.53523],[5.47942,43.53609],[5.48127,43.53776],[5.48284,43.5377],[5.48215,43.53927],[5.48379,43.54102],[5.48817,43.5443],[5.48972,43.5449],[5.48861,43.54742],[5.48954,43.55032],[5.49094,43.55207],[5.49022,43.55259],[5.4922,43.55542],[5.4946,43.55638],[5.49819,43.56055],[5.49859,43.56169],[5.49754,43.56248],[5.49415,43.5637],[5.49406,43.56506],[5.49333,43.56608],[5.49398,43.56672],[5.48969,43.56839],[5.48846,43.56985],[5.48444,43.57223],[5.47911,43.5729],[5.4771,43.57215],[5.47273,43.57365],[5.47104,43.57344],[5.46956,43.57376],[5.46865,43.57336],[5.4661,43.57428],[5.46389,43.57686],[5.46691,43.57968],[5.46682,43.58098],[5.4656,43.58199],[5.46509,43.5861],[5.46399,43.58948],[5.46386,43.5986],[5.4649,43.60265],[5.46349,43.60798],[5.46329,43.61199],[5.46379,43.6137],[5.46161,43.61516],[5.45896,43.61797],[5.45384,43.61616],[5.45177,43.61654],[5.4496,43.62054],[5.44915,43.62295],[5.43159,43.62025],[5.42403,43.62269],[5.42256,43.61996],[5.41347,43.62357],[5.41135,43.6227],[5.40336,43.62157],[5.39962,43.62171],[5.38988,43.62485],[5.38488,43.62557],[5.38114,43.62515],[5.3766,43.62598],[5.36529,43.62485],[5.36742,43.61996],[5.35682,43.60279],[5.35155,43.60003],[5.34791,43.60098],[5.34149,43.59838],[5.33453,43.59277],[5.33975,43.5917],[5.34266,43.59192],[5.34608,43.58958],[5.35123,43.59006],[5.35349,43.58934],[5.35765,43.58906],[5.36317,43.58425],[5.36725,43.58404],[5.36724,43.58336],[5.36595,43.58352],[5.3631,43.58198],[5.36136,43.57933],[5.37121,43.57492],[5.37049,43.5735],[5.37112,43.57299],[5.37599,43.57176],[5.37561,43.57134],[5.37754,43.56957],[5.37759,43.56755],[5.38437,43.56342],[5.38123,43.55983],[5.38036,43.55941],[5.37991,43.55974],[5.37854,43.55846],[5.37853,43.55562],[5.3773,43.55563],[5.37711,43.55381],[5.37296,43.55382],[5.37646,43.55006],[5.37811,43.54757],[5.37806,43.54622],[5.3775,43.54445],[5.37648,43.54457],[5.37471,43.54357],[5.3712,43.53759],[5.37001,43.53753],[5.36892,43.53935],[5.36639,43.54083],[5.36606,43.54031],[5.36427,43.54039],[5.3641,43.54005],[5.358,43.53996],[5.35856,43.53585],[5.35708,43.53545],[5.34909,43.53528],[5.34922,43.53663],[5.3484,43.53633],[5.34739,43.536],[5.3462,43.53635],[5.34539,43.53352],[5.34009,43.52634],[5.33906,43.52273],[5.33947,43.51942],[5.33306,43.51952],[5.33148,43.51831],[5.32471,43.51737],[5.32143,43.51791],[5.31938,43.51742],[5.3146,43.5179],[5.31373,43.51745],[5.31286,43.51553],[5.3106,43.51468],[5.30708,43.51436],[5.30356,43.51592],[5.30154,43.51871],[5.30066,43.51889],[5.29853,43.51824],[5.29653,43.51817],[5.29487,43.51845],[5.29413,43.51954],[5.29286,43.51776],[5.29275,43.51337],[5.28943,43.51044],[5.28853,43.50907],[5.2862,43.50893],[5.28554,43.51053],[5.28477,43.51043],[5.28466,43.509],[5.28247,43.50766],[5.28339,43.50699],[5.28259,43.50667],[5.28263,43.50556],[5.28131,43.50287],[5.27661,43.50136],[5.27687,43.50038],[5.27501,43.49963],[5.27327,43.4995],[5.27191,43.49817],[5.26979,43.49852],[5.2696,43.49555],[5.26959,43.4937],[5.27035,43.49299],[5.27149,43.48997],[5.27165,43.48565],[5.27095,43.48285],[5.27207,43.48114],[5.273,43.48075],[5.27315,43.48179],[5.27247,43.48242],[5.27415,43.48259],[5.27498,43.48115],[5.27526,43.48221],[5.27409,43.48391],[5.27404,43.48532],[5.27544,43.4853],[5.27665,43.48464],[5.27759,43.48552],[5.27871,43.48469],[5.27929,43.485],[5.28096,43.48358],[5.28133,43.48279],[5.28085,43.48179],[5.28161,43.47994],[5.28273,43.47949],[5.28236,43.47877],[5.28464,43.47731],[5.28611,43.47547],[5.28613,43.47633],[5.28709,43.47653],[5.28664,43.47774],[5.28911,43.47696],[5.28948,43.47497],[5.28882,43.4742],[5.29013,43.473],[5.29031,43.46971],[5.29003,43.46934],[5.28872,43.46956],[5.28765,43.46924],[5.28666,43.46767],[5.28759,43.46715],[5.28903,43.46791],[5.28874,43.46612],[5.29056,43.46323],[5.29439,43.46096],[5.29517,43.46222],[5.29577,43.46185],[5.2988,43.46295],[5.29913,43.46173],[5.29705,43.46139],[5.29915,43.46138],[5.29872,43.46087],[5.29971,43.46062],[5.29886,43.46005],[5.29879,43.459],[5.29706,43.459],[5.29907,43.45841],[5.29752,43.4572],[5.29834,43.45487],[5.29782,43.45418],[5.29808,43.45282],[5.29905,43.45067],[5.29836,43.44954],[5.29919,43.44785],[5.30101,43.44603],[5.30234,43.44777],[5.30797,43.45119],[5.31827,43.45523],[5.32932,43.46133],[5.32401,43.47023],[5.32267,43.47117],[5.32279,43.47315],[5.32122,43.47469],[5.31989,43.47724],[5.31987,43.47917],[5.32109,43.48002],[5.32003,43.4841],[5.32168,43.48508],[5.32262,43.4844],[5.32367,43.48456],[5.3247,43.48561],[5.32573,43.48451],[5.3315,43.48812],[5.33344,43.48808],[5.33497,43.48892],[5.33946,43.48732],[5.34084,43.48511],[5.34387,43.48347],[5.34493,43.48227],[5.34893,43.48257],[5.35439,43.47968],[5.35632,43.48008],[5.35775,43.48114],[5.36011,43.48036],[5.3613,43.47945],[5.36292,43.47593],[5.36572,43.47277],[5.37128,43.47158],[5.37315,43.47225],[5.37727,43.46969],[5.3794,43.46562],[5.38492,43.46393],[5.3875,43.46193],[5.38851,43.4638],[5.39079,43.46328],[5.39346,43.46476],[5.39512,43.46629],[5.39977,43.46593],[5.40409,43.47072],[5.40959,43.47038],[5.41854,43.47075],[5.42157,43.47318],[5.42415,43.47287],[5.42601,43.47149],[5.43322,43.47395],[5.4373,43.47143],[5.44185,43.4715],[5.44197,43.47285],[5.4443,43.47271],[5.44658,43.47397],[5.44665,43.47472],[5.44774,43.47424],[5.44925,43.47548],[5.45215,43.47579],[5.45292,43.47759],[5.45569,43.47751],[5.45744,43.47881],[5.45908,43.48192],[5.46082,43.48275],[5.46331,43.48521],[5.46421,43.48681],[5.46814,43.48908],[5.46909,43.48901],[5.46901,43.4901],[5.47123,43.49179],[5.46871,43.49343],[5.46546,43.49674],[5.46552,43.49793],[5.46372,43.49941],[5.46353,43.50194],[5.46483,43.50402],[5.46619,43.50429],[5.46553,43.50667],[5.46786,43.50693],[5.46943,43.5082],[5.4687,43.51057],[5.46977,43.51202],[5.47555,43.5108],[5.47947,43.51253],[5.47919,43.51402],[5.48106,43.51554],[5.48087,43.51657],[5.47988,43.51862],[5.47674,43.52038],[5.4764,43.52153],[5.47634,43.52265],[5.47794,43.52498],[5.48225,43.52716],[5.48272,43.52646],[5.4825,43.52547],[5.48397,43.52434],[5.48676,43.5237],[5.48828,43.52474],[5.4924,43.52608],[5.49319,43.5262],[5.4936,43.52586],[5.49548,43.52665],[5.4975,43.5285],[5.50308,43.52928],[5.50497,43.52908],[5.50629,43.53218]]]},"properties":{"code_territoire":"com13001","libelle_territoire":"Aix-en-Provence"}},
{"type":"Feature","geometry":{"type":"MultiPolygon","coordinates":[[[[4.83832,43.46257],[4.82266,43.47419],[4.81462,43.46853],[4.81155,43.47002],[4.80887,43.47222],[4.80648,43.47547],[4.80601,43.47746],[4.80384,43.47869],[4.8013,43.47883],[4.79888,43.47743],[4.79644,43.47799],[4.79212,43.47447],[4.78507,43.47899],[4.78377,43.47941],[4.77945,43.4795],[4.77348,43.47771],[4.77015,43.47742],[4.76353,43.4739],[4.76138,43.47116],[4.757,43.46756],[4.75449,43.46345],[4.75264,43.46144],[4.7501,43.46174],[4.74691,43.45436],[4.7361,43.43763],[4.73436,43.43427],[4.73372,43.4307],[4.73538,43.42693],[4.74038,43.42397],[4.74513,43.41992],[4.75346,43.40907],[4.76402,43.40473],[4.77787,43.39686],[4.78343,43.39305],[4.79875,43.3864],[4.80897,43.37969],[4.82256,43.37196],[4.8311,43.36862],[4.83318,43.36597],[4.83477,43.35821],[4.83494,43.35425],[4.83407,43.34622],[4.83448,43.3434],[4.83791,43.3373],[4.84156,43.33374],[4.85167,43.33548],[4.85448,43.33563],[4.85884,43.33522],[4.86222,43.33347],[4.86456,43.3388],[4.86794,43.34226],[4.89286,43.36126],[4.91587,43.37768],[4.91725,43.37935],[4.91784,43.38289],[4.9175,43.38654],[4.91663,43.38822],[4.91369,43.39056],[4.91045,43.39064],[4.91046,43.39],[4.91185,43.38986],[4.91494,43.38419],[4.91424,43.38092],[4.91045,43.37585],[4.9037,43.37143],[4.90061,43.36986],[4.89767,43.36913],[4.89757,43.36792],[4.89833,43.3684],[4.8983,43.36902],[4.8997,43.36907],[4.89914,43.36802],[4.89958,43.3671],[4.89512,43.36372],[4.89388,43.36393],[4.8946,43.36312],[4.89437,43.36274],[4.8935,43.36222],[4.89278,43.36264],[4.89313,43.36182],[4.89035,43.36042],[4.8899,43.35976],[4.88782,43.36356],[4.88694,43.36359],[4.8863,43.36313],[4.88528,43.36341],[4.88572,43.36298],[4.88512,43.36274],[4.8845,43.36366],[4.88522,43.36362],[4.88469,43.36406],[4.88323,43.3638],[4.88294,43.36197],[4.88566,43.35779],[4.88519,43.35684],[4.88441,43.35611],[4.8835,43.35605],[4.88357,43.35534],[4.88313,43.35518],[4.8809,43.35649],[4.88055,43.35715],[4.8798,43.3566],[4.8798,43.35585],[4.87832,43.35587],[4.87741,43.35629],[4.87624,43.36004],[4.87345,43.36103],[4.87254,43.36248],[4.87282,43.36313],[4.87084,43.36392],[4.86999,43.36565],[4.86816,43.36719],[4.86806,43.36845],[4.86597,43.36963],[4.86462,43.36946],[4.86614,43.36741],[4.86499,43.36628],[4.86597,43.36527],[4.8656,43.36501],[4.86473,43.36506],[4.86377,43.36643],[4.86312,43.36654],[4.8621,43.36872],[4.86071,43.36995],[4.85983,43.36989],[4.85984,43.36719],[4.85837,43.36731],[4.85609,43.36916],[4.85785,43.36803],[4.85717,43.37014],[4.85666,43.37068],[4.85484,43.37108],[4.85293,43.3748],[4.85112,43.37698],[4.85206,43.37502],[4.85142,43.37579],[4.85096,43.37573],[4.85085,43.37494],[4.84977,43.37389],[4.84953,43.37208],[4.84833,43.37287],[4.8472,43.37461],[4.84697,43.37439],[4.84725,43.37302],[4.84903,43.37103],[4.84876,43.37051],[4.84774,43.37078],[4.84592,43.37302],[4.84524,43.3726],[4.84432,43.37432],[4.84409,43.37371],[4.84262,43.37432],[4.84249,43.3746],[4.8435,43.37472],[4.8434,43.37553],[4.84211,43.37607],[4.83962,43.37543],[4.83256,43.37545],[4.83061,43.37509],[4.82863,43.3756],[4.829,43.37628],[4.8325,43.37659],[4.83255,43.37623],[4.83378,43.37634],[4.83397,43.37591],[4.83416,43.37626],[4.83634,43.37631],[4.83695,43.37675],[4.8369,43.3778],[4.83748,43.37664],[4.83952,43.3768],[4.83921,43.37799],[4.83973,43.37807],[4.83987,43.37682],[4.84092,43.37692],[4.84273,43.37828],[4.84622,43.37882],[4.8466,43.37856],[4.84662,43.37888],[4.84866,43.37879],[4.84943,43.37781],[4.85065,43.37787],[4.85019,43.37963],[4.84916,43.37972],[4.84738,43.38086],[4.84775,43.38149],[4.84822,43.38133],[4.8483,43.38157],[4.84859,43.38148],[4.84942,43.37999],[4.84884,43.38134],[4.84837,43.38177],[4.84832,43.3829],[4.85299,43.38738],[4.85581,43.38775],[4.8531,43.38788],[4.85519,43.38779],[4.85464,43.38863],[4.87172,43.39029],[4.85035,43.38835],[4.85141,43.38831],[4.85133,43.388],[4.84908,43.38784],[4.85009,43.38832],[4.84523,43.38786],[4.84185,43.3868],[4.84174,43.38514],[4.84123,43.38497],[4.83912,43.38681],[4.83795,43.38617],[4.83732,43.38511],[4.83543,43.38694],[4.8308,43.38611],[4.82986,43.38646],[4.82512,43.38573],[4.80959,43.38478],[4.80805,43.38403],[4.80899,43.38267],[4.80553,43.38599],[4.80947,43.38816],[4.81205,43.38577],[4.83109,43.38738],[4.83118,43.38774],[4.83148,43.38742],[4.83583,43.38781],[4.83695,43.38875],[4.83747,43.38866],[4.83728,43.38974],[4.83808,43.38981],[4.83842,43.39036],[4.84291,43.38934],[4.84277,43.38869],[4.84401,43.38854],[4.854,43.38949],[4.85186,43.38946],[4.85163,43.39019],[4.85328,43.39041],[4.85408,43.38991],[4.85458,43.39057],[4.85592,43.39071],[4.85392,43.39059],[4.85326,43.39114],[4.85226,43.39398],[4.85336,43.39465],[4.85192,43.3941],[4.84932,43.39191],[4.84808,43.39172],[4.84439,43.39391],[4.84203,43.39594],[4.84117,43.39568],[4.84127,43.39465],[4.8389,43.39453],[4.83725,43.39759],[4.83588,43.39766],[4.83633,43.39885],[4.838,43.39961],[4.83841,43.40149],[4.83886,43.4016],[4.83827,43.40199],[4.83859,43.40238],[4.83902,43.40284],[4.8403,43.40269],[4.84021,43.40344],[4.8412,43.40375],[4.83544,43.40634],[4.83346,43.40666],[4.8253,43.41178],[4.82401,43.41313],[4.82417,43.41432],[4.82238,43.41766],[4.82147,43.41816],[4.81945,43.41857],[4.81539,43.4175],[4.81417,43.4182],[4.81846,43.42553],[4.82608,43.43145],[4.82666,43.43203],[4.8263,43.43323],[4.82827,43.43507],[4.83186,43.43679],[4.83486,43.43968],[4.84368,43.45159],[4.84051,43.45174],[4.82904,43.45633],[4.82907,43.46064],[4.83832,43.46257]]],[[[4.87352,43.36819],[4.87453,43.36601],[4.87472,43.36268],[4.87513,43.36199],[4.87575,43.36201],[4.87644,43.36244],[4.87719,43.36409],[4.87701,43.36668],[4.87528,43.36809],[4.87392,43.36855],[4.87352,43.36819]]],[[[4.87665,43.35973],[4.87756,43.35634],[4.87794,43.35635],[4.87913,43.35685],[4.87989,43.35901],[4.87665,43.35973]]],[[[4.84512,43.402],[4.85003,43.39885],[4.84972,43.39843],[4.85031,43.39804],[4.85326,43.39849],[4.84512,43.402]]],[[[4.85593,43.3774],[4.85821,43.37742],[4.85884,43.37814],[4.85747,43.37861],[4.85701,43.37832],[4.85755,43.37808],[4.85593,43.3774]]],[[[4.88368,43.36782],[4.88541,43.36768],[4.88553,43.36732],[4.88776,43.3677],[4.88588,43.36818],[4.88583,43.36788],[4.88368,43.36782]]],[[[4.87504,43.3615],[4.87567,43.36066],[4.87629,43.36109],[4.87603,43.36171],[4.87504,43.3615]]],[[[4.84633,43.37627],[4.84677,43.375],[4.8471,43.37608],[4.84691,43.37641],[4.84633,43.37627]]],[[[4.88082,43.35826],[4.88136,43.35704],[4.88147,43.35798],[4.88113,43.35852],[4.88082,43.35826]]],[[[4.88872,43.3678],[4.88974,43.36711],[4.89023,43.36723],[4.88969,43.36796],[4.88872,43.3678]]],[[[4.87082,43.37371],[4.87253,43.37295],[4.87132,43.37391],[4.87082,43.37371]]],[[[4.84295,43.37433],[4.84354,43.37405],[4.8435,43.37456],[4.84295,43.37433]]],[[[4.85016,43.37645],[4.85091,43.37629],[4.85079,43.37662],[4.85016,43.37645]]]]},"properties":{"code_territoire":"com13078","libelle_territoire":"Port-Saint-Louis-du-Rhône"}},
{"type":"Feature","geometry":{"type":"Polygon","coordinates":[[[4.85326,43.39849],[4.85509,43.39922],[4.85619,43.39878],[4.85544,43.39971],[4.85654,43.40053],[4.85751,43.40014],[4.85728,43.40055],[4.85921,43.40156],[4.86061,43.40055],[4.85951,43.39923],[4.86069,43.39988],[4.86099,43.4006],[4.85654,43.40393],[4.83955,43.41488],[4.82346,43.42458],[4.82404,43.42453],[4.82533,43.42607],[4.82835,43.42785],[4.82819,43.42986],[4.82961,43.42993],[4.83024,43.42776],[4.84594,43.41811],[4.84819,43.41788],[4.85011,43.41716],[4.85196,43.41554],[4.85268,43.41357],[4.86395,43.40637],[4.86597,43.40597],[4.86585,43.40505],[4.8663,43.40476],[4.87143,43.40886],[4.87656,43.41064],[4.87523,43.41402],[4.87006,43.42255],[4.86884,43.4238],[4.86324,43.43366],[4.86218,43.43471],[4.85815,43.44216],[4.85229,43.44664],[4.84994,43.45076],[4.85473,43.45237],[4.85497,43.45198],[4.85501,43.45246],[4.85709,43.45287],[4.85916,43.45399],[4.86065,43.45404],[4.86202,43.45182],[4.86065,43.45159],[4.8602,43.45079],[4.86229,43.448],[4.86221,43.44695],[4.86392,43.44555],[4.86479,43.4425],[4.86607,43.44174],[4.86547,43.44041],[4.86583,43.43894],[4.86631,43.43908],[4.86653,43.43857],[4.86609,43.43732],[4.86629,43.43473],[4.86702,43.43421],[4.86718,43.43295],[4.86846,43.43215],[4.87267,43.43276],[4.87292,43.43196],[4.87373,43.43188],[4.87316,43.43093],[4.87629,43.42569],[4.87758,43.42601],[4.87994,43.42258],[4.88075,43.42269],[4.88002,43.42225],[4.88219,43.41953],[4.88379,43.41972],[4.88377,43.42096],[4.88742,43.42564],[4.88709,43.42687],[4.88782,43.42707],[4.88793,43.42666],[4.89273,43.4282],[4.89342,43.42908],[4.8944,43.42832],[4.89567,43.42828],[4.89903,43.42881],[4.90218,43.43028],[4.90348,43.42983],[4.90491,43.43059],[4.90567,43.43002],[4.90598,43.4292],[4.90142,43.42733],[4.89649,43.4259],[4.89559,43.42501],[4.89282,43.42385],[4.88935,43.42062],[4.8901,43.41885],[4.88945,43.41802],[4.88857,43.41832],[4.88807,43.41759],[4.88883,43.41701],[4.88784,43.41562],[4.88691,43.41599],[4.88643,43.41525],[4.88737,43.41497],[4.88702,43.41445],[4.88484,43.41374],[4.88567,43.41268],[4.88646,43.41306],[4.88825,43.41082],[4.8873,43.41058],[4.88834,43.4093],[4.8892,43.4096],[4.89072,43.4077],[4.88983,43.40747],[4.89094,43.40611],[4.89163,43.40654],[4.89326,43.40448],[4.89367,43.40484],[4.88793,43.41217],[4.89312,43.4159],[4.8975,43.41717],[4.89928,43.41475],[4.89826,43.41462],[4.89907,43.41339],[4.89982,43.4139],[4.90131,43.41148],[4.90192,43.41167],[4.8991,43.41608],[4.8993,43.41693],[4.90651,43.42055],[4.90756,43.42449],[4.91022,43.42759],[4.92014,43.43135],[4.92987,43.43307],[4.9341,43.43291],[4.93785,43.43209],[4.93974,43.43114],[4.94032,43.42939],[4.93849,43.4286],[4.93973,43.42874],[4.94009,43.42838],[4.93832,43.42773],[4.93931,43.42674],[4.93856,43.42772],[4.93959,43.42815],[4.93991,43.42691],[4.94109,43.42698],[4.94073,43.42807],[4.9428,43.42912],[4.94323,43.42832],[4.94301,43.42681],[4.93919,43.42619],[4.94153,43.42618],[4.94339,43.42672],[4.94385,43.42918],[4.94891,43.42949],[4.96614,43.42656],[4.96944,43.42526],[4.97216,43.42194],[4.97446,43.42251],[4.97522,43.42394],[4.9734,43.42705],[4.97342,43.42839],[4.97484,43.42917],[4.97807,43.42952],[4.98039,43.43093],[4.98167,43.43233],[4.97856,43.43755],[4.9782,43.44041],[4.97852,43.4442],[4.97928,43.44469],[4.98087,43.44453],[4.98129,43.44496],[4.98088,43.44525],[4.97555,43.45048],[4.9759,43.4507],[4.97558,43.45507],[4.97513,43.45559],[4.97881,43.45877],[4.97957,43.46011],[4.97914,43.46128],[4.98008,43.46316],[4.97946,43.46499],[4.9783,43.46627],[4.97783,43.46999],[4.97589,43.47409],[4.96548,43.4738],[4.9643,43.47497],[4.96353,43.47478],[4.96179,43.4772],[4.95873,43.47788],[4.95805,43.48461],[4.95752,43.48446],[4.9526,43.48855],[4.93643,43.50425],[4.9282,43.51061],[4.91438,43.5086],[4.88187,43.49812],[4.87635,43.49445],[4.87381,43.49266],[4.86857,43.48227],[4.8607,43.4727],[4.85402,43.46584],[4.83832,43.46257],[4.82907,43.46064],[4.82904,43.45633],[4.84051,43.45174],[4.84368,43.45159],[4.83486,43.43968],[4.83186,43.43679],[4.82827,43.43507],[4.8263,43.43323],[4.82666,43.43203],[4.82608,43.43145],[4.81846,43.42553],[4.81417,43.4182],[4.81539,43.4175],[4.81945,43.41857],[4.82147,43.41816],[4.82238,43.41766],[4.82417,43.41432],[4.82401,43.41313],[4.8253,43.41178],[4.83346,43.40666],[4.83544,43.40634],[4.8412,43.40375],[4.84512,43.402],[4.85326,43.39849]]]},"properties":{"code_territoire":"com13039","libelle_territoire":"Fos-sur-Mer"}},
{"type":"Feature","geometry":{"type":"Polygon","coordinates":[[[5.31079,43.43156],[5.3158,43.42973],[5.32224,43.42941],[5.32616,43.42823],[5.33542,43.4228],[5.34419,43.4193],[5.35554,43.422],[5.35842,43.41772],[5.35975,43.41814],[5.36084,43.41701],[5.36392,43.41791],[5.36574,43.41919],[5.3649,43.41968],[5.36681,43.42022],[5.36747,43.41933],[5.37494,43.42],[5.38012,43.42368],[5.38388,43.4255],[5.3841,43.42691],[5.38361,43.42753],[5.38461,43.42858],[5.38459,43.42989],[5.38805,43.43201],[5.39047,43.43249],[5.39144,43.43372],[5.39095,43.43389],[5.39196,43.43561],[5.39238,43.43925],[5.39051,43.44171],[5.39018,43.44501],[5.38812,43.44661],[5.38727,43.44878],[5.38856,43.45123],[5.38731,43.45313],[5.38825,43.45721],[5.3875,43.46193],[5.38492,43.46393],[5.3794,43.46562],[5.37727,43.46969],[5.37315,43.47225],[5.37128,43.47158],[5.36572,43.47277],[5.36292,43.47593],[5.3613,43.47945],[5.36011,43.48036],[5.35775,43.48114],[5.35632,43.48008],[5.35439,43.47968],[5.34893,43.48257],[5.34493,43.48227],[5.34387,43.48347],[5.34084,43.48511],[5.33946,43.48732],[5.33497,43.48892],[5.33344,43.48808],[5.3315,43.48812],[5.32573,43.48451],[5.3247,43.48561],[5.32367,43.48456],[5.32262,43.4844],[5.32168,43.48508],[5.32003,43.4841],[5.32109,43.48002],[5.31987,43.47917],[5.31989,43.47724],[5.32122,43.47469],[5.32279,43.47315],[5.32267,43.47117],[5.32401,43.47023],[5.32932,43.46133],[5.31827,43.45523],[5.30797,43.45119],[5.30234,43.44777],[5.30101,43.44603],[5.3018,43.44516],[5.30203,43.44361],[5.30368,43.44036],[5.30675,43.43623],[5.30995,43.4338],[5.31079,43.43156]]]},"properties":{"code_territoire":"com13019","libelle_territoire":"Cabriès"}},
{"type":"Feature","geometry":{"type":"Polygon","coordinates":[[[5.13151,43.36622],[5.13646,43.36265],[5.13614,43.36173],[5.13439,43.3608],[5.13597,43.36023],[5.13898,43.35806],[5.13787,43.35714],[5.13746,43.35554],[5.13793,43.35471],[5.13684,43.35443],[5.13707,43.35383],[5.13864,43.35368],[5.13847,43.35303],[5.13953,43.35244],[5.13853,43.35157],[5.13935,43.35083],[5.13825,43.3498],[5.14041,43.34949],[5.14079,43.34876],[5.14154,43.34887],[5.14329,43.34785],[5.14285,43.34687],[5.13703,43.34455],[5.13493,43.34198],[5.13461,43.34116],[5.13634,43.34008],[5.13665,43.33922],[5.13593,43.33793],[5.13659,43.33719],[5.13738,43.33426],[5.13558,43.33421],[5.13482,43.33259],[5.13435,43.33252],[5.13471,43.32986],[5.13529,43.32918],[5.13599,43.32848],[5.13882,43.32782],[5.13978,43.3282],[5.14074,43.32935],[5.14198,43.3294],[5.14428,43.32677],[5.14612,43.32707],[5.14938,43.32608],[5.15078,43.32689],[5.1523,43.32607],[5.15119,43.32789],[5.15137,43.32851],[5.15243,43.32877],[5.15121,43.3287],[5.15177,43.33047],[5.15248,43.33053],[5.15267,43.33001],[5.15262,43.3305],[5.15332,43.33042],[5.15388,43.3295],[5.15274,43.32926],[5.15327,43.3286],[5.15271,43.32789],[5.15448,43.3288],[5.15487,43.32859],[5.1543,43.32816],[5.15513,43.3284],[5.1566,43.32752],[5.15763,43.32772],[5.15918,43.32731],[5.15998,43.32771],[5.15977,43.32857],[5.16059,43.32899],[5.16149,43.32789],[5.16315,43.32711],[5.16505,43.32773],[5.1658,43.32872],[5.16753,43.32809],[5.16875,43.32816],[5.17042,43.3295],[5.17181,43.33263],[5.17349,43.33333],[5.17246,43.3332],[5.1724,43.33365],[5.1731,43.33355],[5.17294,43.33385],[5.17381,43.33432],[5.1756,43.33446],[5.17528,43.33404],[5.17742,43.33389],[5.17903,43.3314],[5.18293,43.33175],[5.1835,43.33229],[5.18475,43.33249],[5.1857,43.33364],[5.18516,43.33563],[5.18583,43.33632],[5.17912,43.33716],[5.17606,43.33845],[5.17015,43.34856],[5.14828,43.36208],[5.13873,43.36446],[5.13599,43.36518],[5.13496,43.36636],[5.13151,43.36622]]]},"properties":{"code_territoire":"com13021","libelle_territoire":"Carry-le-Rouet"}},
{"type":"Feature","geometry":{"type":"Polygon","coordinates":[[[5.59245,43.2188],[5.59553,43.21891],[5.60379,43.21657],[5.60464,43.21388],[5.60765,43.21264],[5.61056,43.21201],[5.6177,43.20826],[5.62144,43.2089],[5.62251,43.20811],[5.6235,43.2083],[5.62459,43.20929],[5.62883,43.21091],[5.62846,43.2094],[5.62916,43.20901],[5.62986,43.2066],[5.63102,43.20719],[5.63135,43.20675],[5.63089,43.20578],[5.63209,43.20481],[5.63265,43.20342],[5.63598,43.20251],[5.63682,43.20133],[5.63782,43.20101],[5.64169,43.2054],[5.64445,43.21027],[5.64663,43.21027],[5.64855,43.20833],[5.65079,43.20861],[5.6499,43.2076],[5.6506,43.20771],[5.65206,43.20654],[5.65535,43.20551],[5.6562,43.20463],[5.65875,43.20464],[5.65987,43.20608],[5.66139,43.20474],[5.6637,43.20515],[5.66506,43.2058],[5.66865,43.20643],[5.66966,43.20723],[5.67077,43.20972],[5.67318,43.21122],[5.67837,43.21665],[5.67792,43.21976],[5.67902,43.22203],[5.68044,43.22911],[5.68297,43.23438],[5.68249,43.23542],[5.67673,43.23546],[5.67174,43.23466],[5.65805,43.23611],[5.64951,43.23796],[5.64678,43.23947],[5.64373,43.23901],[5.63033,43.24204],[5.62561,43.23998],[5.62206,43.23996],[5.6194,43.24112],[5.61577,43.23986],[5.59993,43.23844],[5.5943,43.23639],[5.59207,43.2365],[5.58912,43.23462],[5.58781,43.22941],[5.58848,43.22582],[5.59245,43.2188]]]},"properties":{"code_territoire":"com13023","libelle_territoire":"Ceyreste"}},
{"type":"Feature","geometry":{"type":"Polygon","coordinates":[[[5.27137,43.39118],[5.26689,43.39112],[5.26143,43.38992],[5.25946,43.39023],[5.25831,43.3897],[5.25857,43.39277],[5.25249,43.39297],[5.24987,43.39216],[5.24405,43.38879],[5.24147,43.38633],[5.24117,43.38494],[5.2409,43.3853],[5.23972,43.38529],[5.22835,43.38273],[5.22846,43.38172],[5.21955,43.38156],[5.21409,43.38191],[5.21591,43.37777],[5.21694,43.3767],[5.21674,43.37627],[5.22177,43.37318],[5.22172,43.37153],[5.2242,43.36988],[5.22699,43.36906],[5.22746,43.3681],[5.22816,43.36799],[5.22874,43.36528],[5.23046,43.36264],[5.23023,43.36154],[5.2308,43.36128],[5.23024,43.36078],[5.23055,43.35956],[5.22977,43.358],[5.22798,43.35662],[5.22748,43.35537],[5.23438,43.35253],[5.2357,43.35115],[5.23702,43.34856],[5.23732,43.34414],[5.23644,43.34388],[5.23546,43.34461],[5.23349,43.34388],[5.23333,43.34239],[5.23469,43.3369],[5.23688,43.33395],[5.2365,43.33219],[5.23719,43.33178],[5.23898,43.33164],[5.23913,43.33132],[5.24204,43.33204],[5.24197,43.33149],[5.24316,43.33148],[5.24368,43.332],[5.24337,43.33258],[5.24496,43.33332],[5.24472,43.33355],[5.24655,43.33366],[5.24877,43.33492],[5.25149,43.33569],[5.2547,43.3381],[5.25541,43.33791],[5.25591,43.33835],[5.25619,43.33768],[5.25913,43.33771],[5.25943,43.33836],[5.25845,43.33862],[5.25783,43.33935],[5.25833,43.33964],[5.2602,43.33925],[5.26004,43.34015],[5.26077,43.34028],[5.26148,43.34119],[5.26108,43.34222],[5.26278,43.34174],[5.26575,43.34176],[5.26632,43.34274],[5.26566,43.34278],[5.26579,43.34327],[5.26782,43.34355],[5.26796,43.3441],[5.26901,43.34399],[5.27133,43.34501],[5.27367,43.34719],[5.27385,43.34814],[5.27823,43.34992],[5.279,43.35054],[5.27885,43.35121],[5.2794,43.35125],[5.27991,43.35214],[5.28225,43.35371],[5.28248,43.35448],[5.28308,43.35574],[5.2832,43.35597],[5.28264,43.35645],[5.28239,43.35651],[5.28191,43.35669],[5.28152,43.35686],[5.28118,43.3576],[5.28092,43.35785],[5.28062,43.3581],[5.28013,43.35954],[5.27976,43.35982],[5.27973,43.36009],[5.27992,43.36049],[5.27985,43.36069],[5.27959,43.36104],[5.27957,43.36133],[5.2793,43.36149],[5.27916,43.36162],[5.27902,43.36193],[5.27897,43.36228],[5.27904,43.36247],[5.27903,43.36259],[5.27871,43.36286],[5.27851,43.36317],[5.27818,43.36342],[5.27811,43.36364],[5.27875,43.36572],[5.27864,43.36585],[5.27816,43.3662],[5.27813,43.36642],[5.27897,43.36771],[5.27903,43.36792],[5.27919,43.36811],[5.27927,43.36955],[5.27976,43.37048],[5.27993,43.37073],[5.28016,43.37081],[5.28055,43.3709],[5.28157,43.37133],[5.28188,43.37145],[5.2831,43.37177],[5.28405,43.37249],[5.28416,43.37276],[5.2842,43.37301],[5.2843,43.37329],[5.28448,43.37358],[5.28457,43.37393],[5.28469,43.37407],[5.28544,43.37431],[5.28525,43.37449],[5.285,43.37479],[5.28315,43.37535],[5.28296,43.37544],[5.28279,43.37561],[5.2826,43.37576],[5.28243,43.376],[5.28224,43.37656],[5.28225,43.37716],[5.28162,43.37723],[5.28074,43.37883],[5.27901,43.3795],[5.27898,43.38015],[5.27878,43.38045],[5.27562,43.38889],[5.27317,43.38983],[5.27228,43.39135],[5.27137,43.39118]]]},"properties":{"code_territoire":"com13088","libelle_territoire":"Le Rove"}},
{"type":"Feature","geometry":{"type":"Polygon","coordinates":[[[5.46661,43.323],[5.4639,43.32172],[5.46475,43.32034],[5.46308,43.3203],[5.46266,43.31927],[5.46349,43.31891],[5.4602,43.31764],[5.45695,43.32013],[5.45566,43.31956],[5.45498,43.31975],[5.45414,43.31841],[5.45344,43.31812],[5.45261,43.31833],[5.45129,43.31953],[5.4491,43.3205],[5.4484,43.32172],[5.44785,43.32131],[5.44527,43.32101],[5.44506,43.3205],[5.44104,43.31908],[5.44122,43.32094],[5.43911,43.32047],[5.43696,43.32438],[5.43467,43.32267],[5.43336,43.32348],[5.43099,43.32375],[5.43062,43.32278],[5.42995,43.32276],[5.42916,43.32166],[5.4272,43.322],[5.42656,43.32308],[5.42488,43.32232],[5.42398,43.32072],[5.42177,43.32125],[5.42094,43.31984],[5.41917,43.3209],[5.41805,43.32065],[5.41777,43.31983],[5.41815,43.31968],[5.41744,43.31867],[5.41529,43.31793],[5.41492,43.31863],[5.41341,43.31813],[5.41374,43.31749],[5.41464,43.31725],[5.41484,43.31644],[5.41274,43.31574],[5.4115,43.31484],[5.41053,43.31498],[5.40958,43.3133],[5.40871,43.3135],[5.4077,43.31158],[5.40969,43.31125],[5.4086,43.30969],[5.41102,43.30927],[5.41074,43.30765],[5.41126,43.30583],[5.40955,43.30416],[5.40775,43.30107],[5.40689,43.30096],[5.40645,43.29957],[5.40665,43.29873],[5.40728,43.2985],[5.4082,43.29859],[5.40834,43.29927],[5.40977,43.2993],[5.40995,43.29866],[5.409,43.29829],[5.40905,43.29731],[5.40857,43.29726],[5.40938,43.29621],[5.40875,43.29565],[5.4156,43.29347],[5.41492,43.2917],[5.41913,43.29053],[5.42379,43.29062],[5.4258,43.29014],[5.42634,43.28991],[5.4264,43.29075],[5.42487,43.29268],[5.4253,43.29382],[5.43181,43.29404],[5.43746,43.29593],[5.43734,43.29637],[5.43852,43.29663],[5.43854,43.29706],[5.44016,43.29731],[5.44073,43.29733],[5.44129,43.2955],[5.44226,43.29471],[5.44843,43.29662],[5.45123,43.29862],[5.45616,43.2997],[5.45818,43.29973],[5.45775,43.30146],[5.46184,43.30143],[5.46275,43.30184],[5.4641,43.30115],[5.46688,43.30108],[5.46978,43.29969],[5.47174,43.29995],[5.47334,43.29961],[5.47404,43.3],[5.47667,43.30013],[5.4769,43.30174],[5.47574,43.30235],[5.47387,43.30449],[5.47588,43.3052],[5.47622,43.30613],[5.47547,43.30796],[5.4764,43.30777],[5.47668,43.30913],[5.47331,43.3119],[5.47211,43.31205],[5.47118,43.31456],[5.47362,43.31491],[5.47438,43.31485],[5.47484,43.31476],[5.47512,43.31468],[5.4751,43.31478],[5.47487,43.31535],[5.47468,43.31565],[5.47453,43.31578],[5.47433,43.31591],[5.47322,43.31651],[5.47217,43.31696],[5.47188,43.31714],[5.47136,43.3177],[5.47069,43.31969],[5.4707,43.31975],[5.47079,43.31988],[5.47081,43.31992],[5.46921,43.32056],[5.46935,43.32076],[5.46867,43.32121],[5.46818,43.3216],[5.467,43.3226],[5.46661,43.323]]]},"properties":{"code_territoire":"com13212","libelle_territoire":"Marseille 12e Arrondissement"}},
{"type":"Feature","geometry":{"type":"Polygon","coordinates":[[[5.71899,43.64984],[5.72081,43.64911],[5.72318,43.64965],[5.74461,43.65678],[5.76179,43.65857],[5.76721,43.65961],[5.77043,43.66104],[5.77644,43.66056],[5.77949,43.6611],[5.78201,43.66038],[5.78493,43.66024],[5.79045,43.66024],[5.79478,43.66096],[5.79782,43.66073],[5.79953,43.65983],[5.79871,43.66207],[5.79957,43.66523],[5.80186,43.66979],[5.80025,43.67327],[5.80304,43.67576],[5.80282,43.67728],[5.80356,43.68005],[5.80614,43.68246],[5.80835,43.68367],[5.81343,43.68914],[5.80958,43.68997],[5.80688,43.69287],[5.80554,43.69348],[5.80177,43.69361],[5.79677,43.69265],[5.79286,43.69255],[5.79061,43.69497],[5.78827,43.69662],[5.78414,43.70186],[5.78195,43.70629],[5.78556,43.71347],[5.78774,43.71635],[5.7872,43.71669],[5.78521,43.71764],[5.78071,43.7172],[5.77547,43.7188],[5.77668,43.72244],[5.76663,43.72264],[5.75348,43.72463],[5.75063,43.72157],[5.74823,43.71985],[5.7406,43.71806],[5.73738,43.71641],[5.73327,43.71228],[5.71724,43.69345],[5.714,43.69127],[5.70969,43.69004],[5.70633,43.69001],[5.68296,43.69286],[5.68264,43.69162],[5.68509,43.69034],[5.68504,43.68934],[5.68974,43.68596],[5.69057,43.68403],[5.69287,43.68528],[5.69656,43.68371],[5.69977,43.68291],[5.70125,43.68077],[5.70303,43.67932],[5.70267,43.67874],[5.70456,43.67598],[5.70448,43.67475],[5.71182,43.66745],[5.71224,43.66461],[5.71674,43.66045],[5.71989,43.65666],[5.71899,43.64984]]]},"properties":{"code_territoire":"com13099","libelle_territoire":"Saint-Paul-lès-Durance"}},
{"type":"Feature","geometry":{"type":"Polygon","coordinates":[[[5.54466,43.39076],[5.55171,43.38649],[5.55417,43.38576],[5.55269,43.38483],[5.55405,43.38421],[5.55744,43.38062],[5.55763,43.37873],[5.55902,43.3765],[5.55878,43.3754],[5.56007,43.37293],[5.55991,43.37158],[5.56074,43.3699],[5.56187,43.36349],[5.56387,43.36],[5.56317,43.35845],[5.5647,43.35776],[5.5657,43.35666],[5.56893,43.35897],[5.57247,43.36077],[5.57596,43.36178],[5.58078,43.36205],[5.58741,43.36659],[5.58678,43.37187],[5.58954,43.37256],[5.59011,43.37425],[5.59076,43.37441],[5.59152,43.37721],[5.59135,43.37992],[5.59321,43.38152],[5.59305,43.38355],[5.59417,43.38391],[5.59445,43.38465],[5.59237,43.38654],[5.59298,43.38738],[5.59207,43.38758],[5.59525,43.39139],[5.59296,43.39223],[5.59144,43.39185],[5.59028,43.39222],[5.58976,43.39171],[5.58919,43.39256],[5.58776,43.39269],[5.58694,43.39367],[5.58559,43.39299],[5.58603,43.39501],[5.58545,43.39623],[5.58548,43.3986],[5.58455,43.39914],[5.58347,43.40155],[5.58225,43.40228],[5.58178,43.40497],[5.57778,43.40336],[5.57092,43.40657],[5.57049,43.40565],[5.56822,43.40528],[5.56572,43.40606],[5.56506,43.40576],[5.56399,43.40786],[5.5615,43.41016],[5.5611,43.40933],[5.55964,43.40849],[5.55938,43.40757],[5.5598,43.40715],[5.55686,43.40592],[5.5571,43.40537],[5.55594,43.40505],[5.55479,43.40471],[5.55441,43.40401],[5.55621,43.4027],[5.55507,43.40225],[5.55553,43.40018],[5.55186,43.3969],[5.55098,43.39551],[5.54466,43.39076]]]},"properties":{"code_territoire":"com13073","libelle_territoire":"Peypin"}},
{"type":"Feature","geometry":{"type":"Polygon","coordinates":[[[5.55594,43.40505],[5.55333,43.40609],[5.55193,43.40514],[5.55044,43.406],[5.54952,43.4032],[5.54715,43.4035],[5.53725,43.40294],[5.53337,43.40166],[5.53518,43.40033],[5.53446,43.39985],[5.53058,43.39808],[5.53017,43.39848],[5.52873,43.39794],[5.50443,43.38806],[5.50798,43.38596],[5.509,43.38474],[5.51296,43.38251],[5.51451,43.38355],[5.51497,43.38597],[5.51705,43.38665],[5.51901,43.38658],[5.52383,43.38756],[5.53117,43.38751],[5.54466,43.39076],[5.55098,43.39551],[5.55186,43.3969],[5.55553,43.40018],[5.55507,43.40225],[5.55621,43.4027],[5.55441,43.40401],[5.55479,43.40471],[5.55594,43.40505]]]},"properties":{"code_territoire":"com13020","libelle_territoire":"Cadolive"}},
{"type":"Feature","geometry":{"type":"Polygon","coordinates":[[[5.37092,43.70901],[5.33908,43.7202],[5.32585,43.72898],[5.31664,43.73613],[5.30854,43.73783],[5.29554,43.7387],[5.28657,43.74043],[5.27449,43.74156],[5.26424,43.74433],[5.26267,43.74037],[5.26231,43.73072],[5.26333,43.72853],[5.26615,43.72608],[5.26719,43.72455],[5.26719,43.72023],[5.26858,43.72045],[5.26872,43.71983],[5.26966,43.71817],[5.27165,43.71625],[5.27156,43.71553],[5.27326,43.71297],[5.27344,43.71046],[5.2744,43.71001],[5.27458,43.70822],[5.27614,43.70564],[5.27539,43.70232],[5.27555,43.69774],[5.27517,43.69707],[5.27682,43.69689],[5.27651,43.69587],[5.27996,43.69415],[5.28143,43.6942],[5.28445,43.69323],[5.28592,43.69158],[5.28728,43.69089],[5.28827,43.68944],[5.29103,43.68896],[5.29532,43.69059],[5.29637,43.69019],[5.29788,43.69064],[5.30261,43.69134],[5.30542,43.6926],[5.30986,43.6931],[5.31021,43.69408],[5.30911,43.6977],[5.31108,43.69884],[5.31152,43.70034],[5.31112,43.70123],[5.31304,43.70119],[5.31404,43.70065],[5.31458,43.70096],[5.31574,43.7003],[5.31752,43.70105],[5.31845,43.70225],[5.31974,43.7029],[5.31957,43.70376],[5.32134,43.70511],[5.32135,43.70625],[5.33224,43.70993],[5.33239,43.70902],[5.33714,43.71007],[5.33854,43.70704],[5.34071,43.70649],[5.34141,43.70935],[5.34295,43.70997],[5.34305,43.71069],[5.34406,43.711],[5.34503,43.71251],[5.3473,43.71288],[5.34846,43.71208],[5.35062,43.70769],[5.35351,43.70658],[5.3555,43.7061],[5.36224,43.70881],[5.36394,43.70749],[5.36794,43.70657],[5.37092,43.70901]]]},"properties":{"code_territoire":"com13084","libelle_territoire":"La Roque-d'Anthéron"}},
{"type":"Feature","geometry":{"type":"Polygon","coordinates":[[[5.70128,43.24717],[5.7039,43.24897],[5.7092,43.24933],[5.71009,43.24896],[5.71038,43.2496],[5.70909,43.25008],[5.71178,43.2534],[5.71435,43.25377],[5.72328,43.25713],[5.72924,43.25792],[5.7325,43.25771],[5.73472,43.26165],[5.73748,43.26236],[5.74056,43.26243],[5.74334,43.26348],[5.74504,43.26323],[5.74623,43.2641],[5.75045,43.26396],[5.75084,43.26448],[5.74985,43.26603],[5.75707,43.26643],[5.76078,43.26737],[5.76019,43.27684],[5.76179,43.2783],[5.76131,43.28005],[5.76242,43.2807],[5.7629,43.2823],[5.75647,43.28392],[5.7553,43.28549],[5.74917,43.28977],[5.74567,43.29403],[5.74006,43.29958],[5.73511,43.30361],[5.72671,43.31726],[5.71095,43.3164],[5.70596,43.3152],[5.6978,43.3145],[5.69104,43.31298],[5.69642,43.31001],[5.69661,43.30818],[5.69516,43.30357],[5.6947,43.3031],[5.67897,43.29929],[5.67797,43.29721],[5.67975,43.29427],[5.67827,43.29334],[5.67772,43.29187],[5.67479,43.28992],[5.67466,43.28735],[5.67053,43.28529],[5.66779,43.28313],[5.6653,43.27953],[5.66239,43.27657],[5.66078,43.27351],[5.66047,43.27149],[5.65707,43.26824],[5.65677,43.26706],[5.65836,43.26692],[5.66101,43.26753],[5.66173,43.26686],[5.66187,43.26561],[5.66377,43.26541],[5.66737,43.26358],[5.66735,43.26232],[5.66549,43.26019],[5.66679,43.26021],[5.66778,43.25853],[5.67189,43.25764],[5.68563,43.25348],[5.69751,43.24938],[5.70128,43.24717]]]},"properties":{"code_territoire":"com13030","libelle_territoire":"Cuges-les-Pins"}},
{"type":"Feature","geometry":{"type":"Polygon","coordinates":[[[4.75852,43.69587],[4.75557,43.69524],[4.75539,43.69421],[4.7136,43.6983],[4.70857,43.70013],[4.69625,43.70215],[4.69161,43.7007],[4.68947,43.69707],[4.68459,43.69497],[4.66935,43.69574],[4.66842,43.69723],[4.66678,43.69728],[4.66737,43.69975],[4.66892,43.70254],[4.66911,43.70752],[4.66651,43.70744],[4.66631,43.70859],[4.65969,43.70739],[4.65232,43.71185],[4.65103,43.71209],[4.66568,43.72229],[4.67295,43.72622],[4.67978,43.72858],[4.67894,43.72995],[4.67479,43.73308],[4.67419,43.73407],[4.66906,43.73566],[4.66241,43.74032],[4.65789,43.74094],[4.65037,43.74308],[4.64733,43.74344],[4.64299,43.74479],[4.64333,43.74532],[4.64021,43.74613],[4.64231,43.75027],[4.63955,43.76042],[4.63557,43.75999],[4.63286,43.75789],[4.62999,43.7575],[4.6283,43.75788],[4.62562,43.74877],[4.62382,43.74505],[4.6142,43.73122],[4.6125,43.72614],[4.61216,43.72062],[4.61323,43.71396],[4.61525,43.70823],[4.61689,43.70582],[4.62333,43.69904],[4.62742,43.69124],[4.62795,43.68872],[4.62732,43.6854],[4.62508,43.68542],[4.62221,43.6872],[4.61736,43.68876],[4.61519,43.68867],[4.61423,43.68825],[4.6137,43.68884],[4.60938,43.68689],[4.60246,43.68581],[4.59495,43.68703],[4.59181,43.68809],[4.58943,43.68947],[4.58253,43.69601],[4.58043,43.69702],[4.57527,43.69813],[4.55943,43.69907],[4.55288,43.70111],[4.5443,43.70614],[4.54045,43.70746],[4.53861,43.70763],[4.53547,43.70743],[4.53341,43.70682],[4.52762,43.7033],[4.5251,43.70234],[4.50831,43.70247],[4.49989,43.70205],[4.49553,43.70149],[4.48662,43.69911],[4.48441,43.69768],[4.47908,43.69141],[4.47591,43.68548],[4.47584,43.68244],[4.47865,43.67609],[4.47765,43.67284],[4.47581,43.67133],[4.47279,43.67032],[4.45788,43.66804],[4.45493,43.6669],[4.45146,43.66458],[4.44703,43.65869],[4.44385,43.65312],[4.43933,43.64671],[4.43718,43.64205],[4.43473,43.63409],[4.43214,43.63037],[4.42777,43.62705],[4.42631,43.625],[4.42635,43.62229],[4.42821,43.61969],[4.43247,43.61577],[4.43768,43.61189],[4.4399,43.61077],[4.44459,43.60995],[4.45111,43.61071],[4.45586,43.61187],[4.46239,43.61496],[4.46449,43.61542],[4.46676,43.6152],[4.46961,43.61412],[4.47254,43.61187],[4.47467,43.60938],[4.47525,43.60724],[4.47449,43.60447],[4.47324,43.60316],[4.4687,43.60051],[4.46694,43.59891],[4.46091,43.58951],[4.45855,43.58756],[4.45443,43.58514],[4.4489,43.58345],[4.45,43.5807],[4.45207,43.57848],[4.45342,43.57838],[4.46069,43.56763],[4.46215,43.56259],[4.47738,43.55553],[4.47896,43.55765],[4.48593,43.55574],[4.48581,43.55526],[4.4887,43.55437],[4.48998,43.55676],[4.49382,43.56058],[4.49644,43.56441],[4.49757,43.56865],[4.50392,43.57298],[4.50446,43.57477],[4.50383,43.58046],[4.51278,43.58025],[4.52651,43.57371],[4.52762,43.57355],[4.52868,43.57239],[4.53246,43.57042],[4.54964,43.57275],[4.55789,43.57094],[4.56331,43.56804],[4.57217,43.56686],[4.5775,43.56564],[4.5871,43.56615],[4.59722,43.56927],[4.60741,43.57027],[4.62354,43.57374],[4.6247,43.57027],[4.62487,43.56737],[4.62376,43.56033],[4.62602,43.55364],[4.62735,43.5525],[4.62912,43.54961],[4.62961,43.54716],[4.63338,43.54205],[4.64203,43.53739],[4.64292,43.53617],[4.64295,43.53469],[4.64131,43.53028],[4.63782,43.52571],[4.63467,43.52011],[4.6337,43.5197],[4.63304,43.51457],[4.63348,43.51111],[4.63528,43.50637],[4.64152,43.50114],[4.64232,43.4981],[4.64167,43.49328],[4.64454,43.48532],[4.64121,43.48433],[4.6392,43.48211],[4.63818,43.48148],[4.63667,43.48149],[4.63613,43.48112],[4.63612,43.4803],[4.63074,43.4771],[4.62732,43.47568],[4.62326,43.47182],[4.62124,43.47087],[4.61977,43.46594],[4.62215,43.46334],[4.62343,43.46078],[4.62249,43.45941],[4.61987,43.45889],[4.61993,43.45533],[4.6212,43.44793],[4.6155,43.44603],[4.61508,43.44125],[4.61612,43.43758],[4.61584,43.43079],[4.61916,43.42908],[4.61972,43.42805],[4.61863,43.42634],[4.61871,43.42094],[4.62043,43.41739],[4.61699,43.41631],[4.61681,43.41514],[4.61416,43.41505],[4.61186,43.41401],[4.59706,43.40575],[4.59519,43.40628],[4.59214,43.4065],[4.5929,43.40562],[4.5899,43.40235],[4.5827,43.39778],[4.58125,43.39771],[4.57532,43.39439],[4.57459,43.39422],[4.57398,43.39506],[4.57489,43.39633],[4.57351,43.39561],[4.57319,43.39586],[4.56937,43.39482],[4.56646,43.39469],[4.56422,43.39382],[4.56469,43.39465],[4.56907,43.39539],[4.56949,43.39603],[4.56873,43.39635],[4.56559,43.39598],[4.5666,43.39666],[4.56329,43.39591],[4.56045,43.39434],[4.55657,43.39099],[4.55611,43.39079],[4.55583,43.39135],[4.55323,43.38894],[4.55309,43.38919],[4.55198,43.38741],[4.55149,43.38487],[4.55221,43.38197],[4.55516,43.37834],[4.55872,43.37512],[4.56256,43.37262],[4.57547,43.36602],[4.58656,43.3612],[4.5883,43.36145],[4.59077,43.36116],[4.59289,43.36175],[4.59346,43.3611],[4.59214,43.36097],[4.59295,43.35981],[4.59596,43.35884],[4.59699,43.35783],[4.60009,43.35699],[4.59543,43.35816],[4.59651,43.35782],[4.59995,43.3569],[4.60801,43.35526],[4.61539,43.35428],[4.61542,43.35354],[4.62478,43.35238],[4.62675,43.35178],[4.62674,43.35137],[4.62739,43.35201],[4.62982,43.35154],[4.63051,43.3519],[4.63252,43.35143],[4.63243,43.35096],[4.63271,43.35155],[4.63336,43.35156],[4.63521,43.35132],[4.63522,43.35097],[4.63574,43.35133],[4.63799,43.35104],[4.63807,43.35032],[4.63833,43.35083],[4.63979,43.35017],[4.64049,43.35063],[4.6409,43.35027],[4.64146,43.35059],[4.64347,43.35032],[4.64343,43.34952],[4.64373,43.35013],[4.64621,43.34975],[4.64629,43.34926],[4.64642,43.34972],[4.6486,43.3496],[4.64886,43.34905],[4.64957,43.34932],[4.65125,43.34882],[4.65127,43.34841],[4.65213,43.34865],[4.65713,43.34717],[4.65701,43.34684],[4.65777,43.34702],[4.65937,43.34639],[4.6599,43.34545],[4.65917,43.34695],[4.66123,43.34769],[4.66144,43.3483],[4.66188,43.34804],[4.66036,43.34636],[4.66026,43.34547],[4.66132,43.34657],[4.664,43.34685],[4.66568,43.34665],[4.66578,43.34615],[4.66627,43.34696],[4.66787,43.34724],[4.67076,43.34692],[4.67082,43.34638],[4.67091,43.34685],[4.67227,43.34698],[4.67315,43.34683],[4.6731,43.34647],[4.6733,43.34683],[4.67536,43.34652],[4.67537,43.346],[4.6758,43.3464],[4.68034,43.34578],[4.68226,43.34658],[4.68535,43.34673],[4.68572,43.34739],[4.69032,43.34757],[4.69073,43.34804],[4.69368,43.34847],[4.70301,43.34872],[4.70559,43.34787],[4.70785,43.34834],[4.70799,43.34796],[4.70803,43.34835],[4.70879,43.34847],[4.70897,43.34807],[4.70899,43.34853],[4.70972,43.34869],[4.71005,43.34825],[4.7099,43.34868],[4.71072,43.34883],[4.71106,43.34838],[4.71106,43.34889],[4.71179,43.34894],[4.71194,43.34847],[4.71191,43.34893],[4.71269,43.349],[4.71288,43.34851],[4.71285,43.34901],[4.71376,43.34917],[4.71398,43.34852],[4.714,43.34922],[4.71503,43.34976],[4.72214,43.35128],[4.72509,43.35087],[4.72918,43.35091],[4.72924,43.35038],[4.72983,43.35096],[4.74237,43.35102],[4.76599,43.34935],[4.78468,43.34698],[4.804,43.34267],[4.81389,43.33964],[4.8228,43.33624],[4.8322,43.33093],[4.83495,43.32873],[4.83613,43.32896],[4.83688,43.33006],[4.84156,43.33374],[4.83791,43.3373],[4.83448,43.3434],[4.83407,43.34622],[4.83494,43.35425],[4.83477,43.35821],[4.83318,43.36597],[4.8311,43.36862],[4.82256,43.37196],[4.80897,43.37969],[4.79875,43.3864],[4.78343,43.39305],[4.77787,43.39686],[4.76402,43.40473],[4.75346,43.40907],[4.74513,43.41992],[4.74038,43.42397],[4.73538,43.42693],[4.73372,43.4307],[4.73436,43.43427],[4.7361,43.43763],[4.74691,43.45436],[4.7501,43.46174],[4.75264,43.46144],[4.75449,43.46345],[4.757,43.46756],[4.76138,43.47116],[4.76353,43.4739],[4.77015,43.47742],[4.77348,43.47771],[4.77945,43.4795],[4.78377,43.47941],[4.78507,43.47899],[4.79212,43.47447],[4.79644,43.47799],[4.79888,43.47743],[4.8013,43.47883],[4.80384,43.47869],[4.80601,43.47746],[4.80648,43.47547],[4.80887,43.47222],[4.81155,43.47002],[4.81462,43.46853],[4.82266,43.47419],[4.83832,43.46257],[4.85402,43.46584],[4.8607,43.4727],[4.86857,43.48227],[4.87381,43.49266],[4.87635,43.49445],[4.81575,43.54194],[4.80658,43.55226],[4.79929,43.55912],[4.77943,43.57536],[4.77886,43.57574],[4.77519,43.57513],[4.77226,43.5774],[4.76632,43.58294],[4.76156,43.59085],[4.76032,43.59401],[4.76137,43.60019],[4.76088,43.60713],[4.75897,43.61051],[4.75186,43.61735],[4.75165,43.62171],[4.74886,43.62649],[4.75077,43.62694],[4.75403,43.62851],[4.75483,43.63149],[4.75595,43.63274],[4.75965,43.63399],[4.76211,43.63387],[4.76439,43.63472],[4.76693,43.63745],[4.76587,43.63768],[4.76509,43.64094],[4.76536,43.6513],[4.76698,43.66001],[4.76599,43.66004],[4.76842,43.66815],[4.77356,43.66771],[4.77282,43.67262],[4.77162,43.67388],[4.77541,43.68315],[4.77758,43.68283],[4.77747,43.68403],[4.77524,43.68453],[4.7709,43.68641],[4.76975,43.68742],[4.76685,43.6884],[4.76613,43.69067],[4.76696,43.69183],[4.76651,43.69239],[4.75886,43.69201],[4.75852,43.69587]]]},"properties":{"code_territoire":"com13004","libelle_territoire":"Arles"}},
{"type":"Feature","geometry":{"type":"Polygon","coordinates":[[[4.77287,43.78238],[4.77011,43.78631],[4.76928,43.79175],[4.76763,43.79623],[4.76352,43.79502],[4.75506,43.79103],[4.75451,43.79015],[4.75906,43.78125],[4.76583,43.78144],[4.77287,43.78238]]]},"properties":{"code_territoire":"com13057","libelle_territoire":"Mas-Blanc-des-Alpilles"}},
{"type":"Feature","geometry":{"type":"Polygon","coordinates":[[[5.36529,43.62485],[5.36091,43.6244],[5.34917,43.62669],[5.34107,43.62937],[5.33772,43.63093],[5.33432,43.63147],[5.33206,43.63335],[5.32833,43.63344],[5.32526,43.63412],[5.31955,43.63779],[5.31748,43.63813],[5.31019,43.63935],[5.29863,43.64206],[5.29487,43.64136],[5.29348,43.64191],[5.28147,43.63716],[5.27588,43.63415],[5.27038,43.6304],[5.27121,43.6296],[5.2712,43.62865],[5.26839,43.62562],[5.26882,43.62533],[5.26838,43.62438],[5.26941,43.6236],[5.26621,43.62153],[5.26467,43.6186],[5.26524,43.61714],[5.26379,43.61446],[5.26428,43.614],[5.25973,43.61119],[5.25892,43.61115],[5.25683,43.60886],[5.25512,43.60499],[5.25569,43.59853],[5.25422,43.59216],[5.26607,43.59046],[5.28336,43.58897],[5.30044,43.59143],[5.31281,43.59091],[5.31909,43.59428],[5.32186,43.59426],[5.32141,43.59545],[5.32251,43.59585],[5.32193,43.59639],[5.32291,43.59704],[5.3271,43.59598],[5.32885,43.59442],[5.33134,43.59322],[5.33453,43.59277],[5.34149,43.59838],[5.34791,43.60098],[5.35155,43.60003],[5.35682,43.60279],[5.36742,43.61996],[5.36529,43.62485]]]},"properties":{"code_territoire":"com13091","libelle_territoire":"Saint-Cannat"}},
{"type":"Feature","geometry":{"type":"Polygon","coordinates":[[[4.70933,43.89804],[4.708,43.89595],[4.70479,43.89492],[4.70291,43.89337],[4.70047,43.89098],[4.69933,43.88877],[4.69836,43.88865],[4.69287,43.88453],[4.68993,43.8838],[4.68851,43.88296],[4.68218,43.88168],[4.66731,43.87629],[4.66542,43.87504],[4.66545,43.87196],[4.66379,43.87098],[4.66236,43.87084],[4.66329,43.86862],[4.66393,43.8686],[4.66746,43.861],[4.67156,43.8606],[4.67425,43.85961],[4.67286,43.85764],[4.66811,43.84754],[4.67478,43.84686],[4.68141,43.84766],[4.68676,43.84499],[4.69221,43.8448],[4.6982,43.84538],[4.7075,43.84936],[4.71078,43.85125],[4.71322,43.85185],[4.72127,43.85244],[4.72102,43.8604],[4.72356,43.86281],[4.72874,43.86589],[4.72742,43.86729],[4.7261,43.86791],[4.72671,43.8712],[4.73011,43.87766],[4.73004,43.88098],[4.72657,43.88083],[4.72003,43.88193],[4.71993,43.88444],[4.71557,43.88662],[4.71343,43.89225],[4.71161,43.89931],[4.70933,43.89804]]]},"properties":{"code_territoire":"com13017","libelle_territoire":"Boulbon"}},
{"type":"Feature","geometry":{"type":"Polygon","coordinates":[[[4.76444,43.79862],[4.76283,43.80222],[4.7612,43.80191],[4.75807,43.80618],[4.75246,43.81663],[4.75089,43.81628],[4.75178,43.81686],[4.75096,43.81718],[4.75108,43.81755],[4.75012,43.81749],[4.7495,43.81747],[4.74941,43.81675],[4.74766,43.81553],[4.74473,43.81537],[4.74073,43.81757],[4.73317,43.81821],[4.7334,43.81903],[4.73205,43.81983],[4.72974,43.81766],[4.72805,43.81788],[4.71367,43.81721],[4.71314,43.80728],[4.71198,43.80093],[4.71199,43.79619],[4.71251,43.79421],[4.71114,43.79272],[4.71175,43.79103],[4.71024,43.79103],[4.7084,43.7894],[4.70022,43.78014],[4.69738,43.77625],[4.70215,43.77467],[4.7028,43.7737],[4.70366,43.77405],[4.70564,43.77037],[4.705,43.7685],[4.70524,43.76644],[4.70782,43.7665],[4.7093,43.766],[4.70649,43.75887],[4.73353,43.75422],[4.7389,43.75825],[4.74271,43.7578],[4.74955,43.75993],[4.75411,43.75958],[4.75918,43.76137],[4.7645,43.76115],[4.76554,43.76001],[4.76886,43.76062],[4.7703,43.76029],[4.77045,43.76685],[4.77065,43.76805],[4.77177,43.76901],[4.77051,43.77056],[4.77143,43.77311],[4.77105,43.77505],[4.77179,43.77637],[4.77287,43.78238],[4.76583,43.78144],[4.75906,43.78125],[4.75451,43.79015],[4.75506,43.79103],[4.76352,43.79502],[4.76763,43.79623],[4.76444,43.79862]]]},"properties":{"code_territoire":"com13094","libelle_territoire":"Saint-Étienne-du-Grès"}},
{"type":"Feature","geometry":{"type":"Polygon","coordinates":[[[5.26479,43.53818],[5.26392,43.53685],[5.2605,43.53605],[5.25965,43.5375],[5.26089,43.53865],[5.26091,43.53925],[5.259,43.54043],[5.25767,43.54203],[5.25423,43.54317],[5.25344,43.54388],[5.24972,43.54482],[5.24665,43.54626],[5.24392,43.54607],[5.24262,43.5471],[5.24113,43.54619],[5.23987,43.54439],[5.23784,43.54379],[5.23473,43.54486],[5.23455,43.54613],[5.23345,43.54736],[5.22824,43.54613],[5.22249,43.54734],[5.22014,43.54572],[5.21878,43.54352],[5.21798,43.5415],[5.21835,43.53979],[5.21771,43.53884],[5.21507,43.53846],[5.21498,43.53944],[5.2138,43.54045],[5.21015,43.54074],[5.20857,43.54149],[5.20681,43.54037],[5.20501,43.53759],[5.20304,43.53676],[5.20122,43.53705],[5.20081,43.53581],[5.20166,43.53513],[5.20173,43.53385],[5.20046,43.53228],[5.19843,43.53191],[5.19825,43.53222],[5.1979,43.53185],[5.20648,43.52465],[5.21878,43.51889],[5.22528,43.51446],[5.23602,43.50902],[5.24038,43.50746],[5.24283,43.50724],[5.24842,43.50588],[5.24889,43.50488],[5.2696,43.49555],[5.26979,43.49852],[5.27191,43.49817],[5.27327,43.4995],[5.27501,43.49963],[5.27687,43.50038],[5.27661,43.50136],[5.28131,43.50287],[5.28263,43.50556],[5.28259,43.50667],[5.28339,43.50699],[5.28247,43.50766],[5.28466,43.509],[5.28477,43.51043],[5.28554,43.51053],[5.2862,43.50893],[5.28853,43.50907],[5.28943,43.51044],[5.29275,43.51337],[5.29286,43.51776],[5.29413,43.51954],[5.29361,43.52374],[5.29274,43.52489],[5.28999,43.52646],[5.28504,43.52689],[5.28159,43.53186],[5.27785,43.53172],[5.27845,43.53461],[5.27377,43.53742],[5.26936,43.53737],[5.26479,43.53818]]]},"properties":{"code_territoire":"com13112","libelle_territoire":"Velaux"}},
{"type":"Feature","geometry":{"type":"Polygon","coordinates":[[[5.37928,43.41462],[5.37313,43.4122],[5.37047,43.41211],[5.36777,43.41147],[5.36436,43.40953],[5.36338,43.40962],[5.36261,43.40862],[5.3615,43.4086],[5.35987,43.4094],[5.35279,43.4085],[5.34768,43.40874],[5.346,43.40789],[5.34598,43.4065],[5.34497,43.40582],[5.34571,43.4032],[5.34442,43.40246],[5.34047,43.40305],[5.34461,43.39913],[5.34371,43.39746],[5.3451,43.39345],[5.34504,43.39184],[5.34856,43.38712],[5.34847,43.38539],[5.34943,43.38367],[5.34912,43.38317],[5.35039,43.3825],[5.35043,43.38285],[5.35269,43.38373],[5.35316,43.38393],[5.35314,43.38398],[5.3541,43.38435],[5.35453,43.38457],[5.35466,43.38469],[5.35476,43.38508],[5.35573,43.38505],[5.35649,43.38506],[5.35655,43.38521],[5.35682,43.38523],[5.3569,43.38518],[5.35699,43.38485],[5.35716,43.38484],[5.35722,43.38504],[5.35804,43.38502],[5.35868,43.38498],[5.35884,43.38584],[5.35947,43.38575],[5.36071,43.38597],[5.36078,43.38653],[5.36083,43.3872],[5.36324,43.38722],[5.3647,43.3881],[5.36559,43.3883],[5.36569,43.38831],[5.36673,43.38821],[5.36736,43.38859],[5.36828,43.38951],[5.36854,43.38965],[5.36926,43.38962],[5.37008,43.38968],[5.37122,43.38932],[5.37464,43.38869],[5.37498,43.38834],[5.37504,43.38815],[5.3756,43.38757],[5.37611,43.38708],[5.37653,43.38662],[5.37677,43.3863],[5.37708,43.38601],[5.37729,43.38586],[5.37836,43.38491],[5.37849,43.38459],[5.37846,43.38429],[5.37809,43.38428],[5.3776,43.38422],[5.37694,43.38397],[5.37682,43.38376],[5.37699,43.38217],[5.37707,43.3818],[5.37727,43.38128],[5.37748,43.38002],[5.37746,43.3799],[5.37771,43.37959],[5.37721,43.37936],[5.37545,43.37889],[5.37533,43.37882],[5.3752,43.37862],[5.37452,43.3781],[5.37493,43.37779],[5.37597,43.37732],[5.37645,43.37688],[5.37675,43.37679],[5.3771,43.37676],[5.37765,43.37665],[5.37786,43.37648],[5.37812,43.37593],[5.3781,43.37484],[5.37801,43.37459],[5.37784,43.37437],[5.37692,43.3735],[5.37679,43.37333],[5.37667,43.37301],[5.37596,43.37223],[5.37567,43.37218],[5.37458,43.37226],[5.3733,43.37187],[5.37347,43.37172],[5.3743,43.37158],[5.3751,43.37126],[5.37625,43.37058],[5.37678,43.37045],[5.37722,43.3705],[5.37767,43.37037],[5.37821,43.37004],[5.37845,43.36996],[5.37968,43.36974],[5.38006,43.36983],[5.38057,43.36993],[5.38134,43.37016],[5.38161,43.37032],[5.3819,43.37054],[5.38196,43.37066],[5.38197,43.37116],[5.38204,43.37126],[5.38223,43.37136],[5.38246,43.37138],[5.38257,43.37133],[5.38262,43.37116],[5.3828,43.371],[5.38312,43.3709],[5.38351,43.37092],[5.3836,43.37087],[5.38369,43.37065],[5.38381,43.37061],[5.38424,43.37067],[5.38541,43.37021],[5.3856,43.37033],[5.38564,43.3704],[5.3855,43.37069],[5.38544,43.37101],[5.38525,43.37119],[5.38519,43.3713],[5.38522,43.3714],[5.38534,43.37149],[5.38573,43.37155],[5.38626,43.37179],[5.38734,43.37204],[5.38771,43.37206],[5.38784,43.37204],[5.38809,43.37184],[5.38825,43.37177],[5.38842,43.37177],[5.38861,43.37182],[5.38875,43.37199],[5.38908,43.3723],[5.38943,43.37244],[5.38988,43.37249],[5.39004,43.37247],[5.39013,43.37226],[5.39033,43.37207],[5.39048,43.37204],[5.39066,43.37225],[5.39086,43.37228],[5.39111,43.3721],[5.39126,43.37205],[5.39148,43.37206],[5.39156,43.37211],[5.39171,43.37236],[5.3921,43.37287],[5.39231,43.37312],[5.39256,43.37325],[5.39282,43.37341],[5.3932,43.37359],[5.39391,43.37388],[5.39412,43.37407],[5.39443,43.3742],[5.39924,43.37435],[5.40098,43.3739],[5.40255,43.37495],[5.40385,43.37487],[5.40422,43.37495],[5.40473,43.37512],[5.40468,43.37571],[5.40582,43.37669],[5.40613,43.37664],[5.40692,43.3767],[5.40727,43.37666],[5.40784,43.37627],[5.40906,43.37601],[5.40934,43.3758],[5.40949,43.37578],[5.4098,43.37586],[5.41098,43.37566],[5.41153,43.37574],[5.41196,43.3759],[5.41268,43.37644],[5.41293,43.37654],[5.41309,43.3768],[5.41313,43.37697],[5.41324,43.37712],[5.41374,43.37766],[5.41382,43.37793],[5.41394,43.37806],[5.42315,43.38274],[5.4235,43.38292],[5.42371,43.38298],[5.42454,43.38331],[5.42465,43.38342],[5.4252,43.38411],[5.42495,43.38444],[5.4224,43.38541],[5.42043,43.38558],[5.41959,43.38665],[5.41598,43.38906],[5.41225,43.38919],[5.4076,43.39093],[5.40691,43.39271],[5.40691,43.39574],[5.39632,43.40114],[5.39438,43.4057],[5.39315,43.4111],[5.39268,43.4164],[5.38792,43.41552],[5.38576,43.41437],[5.38101,43.41501],[5.37928,43.41462]]]},"properties":{"code_territoire":"com13106","libelle_territoire":"Septèmes-les-Vallons"}},
{"type":"Feature","geometry":{"type":"Polygon","coordinates":[[[5.41492,43.2917],[5.41022,43.29155],[5.41023,43.29117],[5.40781,43.29091],[5.40718,43.29143],[5.40663,43.29113],[5.40679,43.29002],[5.40599,43.29038],[5.40637,43.28764],[5.40304,43.28657],[5.40236,43.28696],[5.39895,43.28683],[5.39868,43.28597],[5.3962,43.2857],[5.39633,43.28503],[5.39195,43.28476],[5.39274,43.28312],[5.39236,43.28281],[5.38874,43.28315],[5.39911,43.27757],[5.39983,43.27462],[5.4039,43.2755],[5.40412,43.27481],[5.40657,43.27419],[5.41124,43.27611],[5.41303,43.27339],[5.41386,43.27376],[5.41472,43.2724],[5.41315,43.27168],[5.41241,43.27033],[5.41148,43.2699],[5.41286,43.26837],[5.41981,43.2679],[5.42979,43.26558],[5.42891,43.26433],[5.42919,43.26132],[5.43071,43.2605],[5.43284,43.26053],[5.43456,43.25973],[5.4366,43.25952],[5.43856,43.25846],[5.44106,43.25843],[5.44463,43.25694],[5.44671,43.25778],[5.44966,43.25819],[5.45224,43.25746],[5.45549,43.25789],[5.45615,43.25872],[5.45767,43.2593],[5.45939,43.25889],[5.45984,43.25948],[5.4583,43.26277],[5.45432,43.26521],[5.45399,43.26583],[5.45362,43.26751],[5.45422,43.26999],[5.45351,43.27236],[5.45482,43.2736],[5.45602,43.27605],[5.45283,43.27534],[5.4522,43.27372],[5.44999,43.27475],[5.44659,43.27537],[5.44444,43.27676],[5.44431,43.27848],[5.4449,43.27928],[5.44212,43.28134],[5.44453,43.28233],[5.44419,43.28298],[5.44499,43.28327],[5.44474,43.28367],[5.44271,43.28413],[5.44204,43.28567],[5.43604,43.28422],[5.43669,43.28469],[5.43631,43.28512],[5.43262,43.28631],[5.42943,43.28584],[5.42933,43.28618],[5.42565,43.28585],[5.42516,43.28811],[5.4258,43.29014],[5.42379,43.29062],[5.41913,43.29053],[5.41492,43.2917]]]},"properties":{"code_territoire":"com13210","libelle_territoire":"Marseille 10e Arrondissement"}},
{"type":"Feature","geometry":{"type":"Polygon","coordinates":[[[5.18272,43.64144],[5.18127,43.6404],[5.18039,43.64031],[5.18076,43.63842],[5.17935,43.63815],[5.18137,43.63445],[5.18095,43.63403],[5.17644,43.63238],[5.17477,43.63304],[5.17371,43.63212],[5.17253,43.63207],[5.17268,43.63157],[5.16981,43.63132],[5.1696,43.63075],[5.16891,43.63084],[5.16858,43.62803],[5.1658,43.62835],[5.16581,43.62461],[5.1686,43.6251],[5.17094,43.62432],[5.17581,43.62199],[5.17576,43.62088],[5.17756,43.62012],[5.18563,43.61845],[5.18715,43.61746],[5.18705,43.61661],[5.19124,43.61578],[5.19169,43.61487],[5.19424,43.61331],[5.19595,43.61141],[5.19584,43.61034],[5.19804,43.60773],[5.19632,43.60112],[5.2063,43.59802],[5.22358,43.59653],[5.22756,43.59579],[5.23462,43.59552],[5.2378,43.59468],[5.25422,43.59216],[5.25569,43.59853],[5.25512,43.60499],[5.25683,43.60886],[5.25892,43.61115],[5.25701,43.60947],[5.25557,43.60914],[5.2526,43.60744],[5.24164,43.60861],[5.24046,43.60942],[5.23984,43.61045],[5.24093,43.61409],[5.23937,43.61876],[5.23686,43.6224],[5.23539,43.62711],[5.23069,43.63354],[5.22471,43.63821],[5.2206,43.63813],[5.21882,43.6427],[5.21564,43.64469],[5.21547,43.64567],[5.21373,43.64504],[5.21031,43.6451],[5.20764,43.64432],[5.2052,43.64439],[5.19972,43.64366],[5.19316,43.64207],[5.19048,43.64225],[5.1889,43.64142],[5.18805,43.63992],[5.18786,43.64053],[5.18558,43.63814],[5.18498,43.63936],[5.18437,43.63916],[5.18272,43.64144]]]},"properties":{"code_territoire":"com13009","libelle_territoire":"La Barben"}},
{"type":"Feature","geometry":{"type":"Polygon","coordinates":[[[5.47534,43.39145],[5.46886,43.39054],[5.4679,43.39261],[5.46723,43.39242],[5.46346,43.38728],[5.45979,43.38837],[5.45697,43.38997],[5.45583,43.38876],[5.45342,43.38797],[5.45066,43.38794],[5.44751,43.38699],[5.44769,43.38684],[5.44805,43.38629],[5.44841,43.38612],[5.44889,43.38582],[5.44923,43.38537],[5.44987,43.38447],[5.45011,43.38342],[5.45039,43.38303],[5.45085,43.38216],[5.45692,43.37401],[5.45779,43.37264],[5.45854,43.37184],[5.45878,43.37152],[5.45906,43.37103],[5.45939,43.37058],[5.4596,43.37009],[5.45971,43.36976],[5.45993,43.36925],[5.45928,43.36922],[5.45967,43.36884],[5.45982,43.36873],[5.46018,43.3681],[5.46033,43.36794],[5.46062,43.36772],[5.46088,43.36759],[5.46109,43.36737],[5.46135,43.36491],[5.46155,43.36482],[5.46208,43.36495],[5.46251,43.36472],[5.46256,43.36444],[5.4625,43.36435],[5.46229,43.36419],[5.46224,43.36412],[5.46227,43.36391],[5.46239,43.36383],[5.46252,43.36362],[5.46247,43.3634],[5.46255,43.36323],[5.46273,43.36307],[5.463,43.36304],[5.46354,43.36244],[5.46368,43.36139],[5.46355,43.36092],[5.46365,43.3609],[5.46411,43.36056],[5.46468,43.36012],[5.46445,43.35982],[5.46368,43.35904],[5.46322,43.35845],[5.4619,43.3566],[5.46181,43.35632],[5.46172,43.35622],[5.4605,43.35554],[5.46017,43.35527],[5.45986,43.35508],[5.45956,43.35486],[5.45936,43.35467],[5.4591,43.35427],[5.45859,43.35374],[5.45815,43.35397],[5.45798,43.35379],[5.45793,43.35356],[5.4583,43.35332],[5.45793,43.35293],[5.45742,43.35257],[5.45659,43.35179],[5.45552,43.34993],[5.45283,43.34718],[5.45264,43.34679],[5.45257,43.34654],[5.45193,43.34543],[5.45023,43.33911],[5.45151,43.3381],[5.45235,43.33779],[5.45226,43.33681],[5.45278,43.33677],[5.45292,43.33673],[5.45289,43.33664],[5.45326,43.33656],[5.45361,43.33631],[5.45424,43.33597],[5.45503,43.33571],[5.45554,43.33597],[5.45582,43.33604],[5.45729,43.33615],[5.45695,43.33657],[5.45884,43.33726],[5.45832,43.33768],[5.46093,43.3387],[5.46226,43.33986],[5.46292,43.33934],[5.46448,43.3408],[5.46543,43.34053],[5.4659,43.34087],[5.46651,43.3397],[5.46784,43.3402],[5.4678,43.34153],[5.46917,43.34175],[5.47018,43.34261],[5.47004,43.34426],[5.47085,43.34526],[5.47229,43.34601],[5.47452,43.34599],[5.47452,43.34651],[5.47318,43.34746],[5.47262,43.3493],[5.47431,43.35059],[5.47634,43.35029],[5.47673,43.35061],[5.4764,43.35233],[5.47437,43.35464],[5.47406,43.35809],[5.47188,43.36171],[5.47337,43.36512],[5.47347,43.36716],[5.47257,43.36926],[5.47345,43.37079],[5.47332,43.3724],[5.47776,43.3781],[5.47694,43.3816],[5.47805,43.38221],[5.47831,43.3833],[5.4795,43.38323],[5.48018,43.38374],[5.47984,43.38536],[5.47842,43.38836],[5.47534,43.39145]]]},"properties":{"code_territoire":"com13075","libelle_territoire":"Plan-de-Cuques"}},
{"type":"Feature","geometry":{"type":"Polygon","coordinates":[[[5.5333,43.41653],[5.53469,43.4174],[5.53605,43.41907],[5.53382,43.42082],[5.53485,43.4216],[5.5367,43.42178],[5.53635,43.4224],[5.53687,43.42395],[5.53489,43.42649],[5.53095,43.42834],[5.5316,43.42948],[5.53016,43.43133],[5.5305,43.43365],[5.5298,43.43586],[5.53015,43.43665],[5.53075,43.43671],[5.52949,43.44014],[5.52739,43.43667],[5.52254,43.43325],[5.52163,43.4316],[5.51883,43.42886],[5.51484,43.43014],[5.51041,43.42993],[5.50819,43.43033],[5.50664,43.42839],[5.50225,43.42794],[5.49247,43.43071],[5.49098,43.432],[5.48684,43.43168],[5.48584,43.43202],[5.4829,43.42938],[5.47893,43.43054],[5.47707,43.43051],[5.47586,43.43152],[5.47236,43.432],[5.47147,43.43063],[5.46963,43.43132],[5.46844,43.43085],[5.46826,43.43119],[5.46611,43.42881],[5.46433,43.43008],[5.46323,43.42834],[5.46369,43.42708],[5.46656,43.42606],[5.46694,43.42538],[5.4662,43.42475],[5.46735,43.42407],[5.46711,43.42024],[5.47278,43.41729],[5.47577,43.41435],[5.47692,43.41423],[5.47725,43.41262],[5.47679,43.41202],[5.47758,43.41178],[5.47872,43.41042],[5.47913,43.40843],[5.4786,43.40838],[5.47583,43.40432],[5.47688,43.39935],[5.47486,43.39768],[5.47609,43.39444],[5.47536,43.39301],[5.47534,43.39145],[5.47842,43.38836],[5.47984,43.38536],[5.48328,43.38441],[5.48875,43.38463],[5.49438,43.38533],[5.50443,43.38806],[5.50719,43.39564],[5.51423,43.402],[5.51462,43.40421],[5.51269,43.40539],[5.51297,43.40616],[5.51834,43.40711],[5.51978,43.40922],[5.52465,43.41401],[5.52742,43.41572],[5.52808,43.41685],[5.52979,43.41627],[5.5333,43.41653]]]},"properties":{"code_territoire":"com13062","libelle_territoire":"Mimet"}},
{"type":"Feature","geometry":{"type":"MultiPolygon","coordinates":[[[[5.10295,43.36237],[5.10186,43.36593],[5.10007,43.36784],[5.09961,43.36983],[5.10201,43.37334],[5.10348,43.37348],[5.10274,43.37438],[5.10364,43.37479],[5.10367,43.37689],[5.10162,43.37751],[5.09789,43.38119],[5.09879,43.38187],[5.09899,43.38306],[5.09987,43.38261],[5.10113,43.38321],[5.10079,43.38476],[5.10233,43.38734],[5.10402,43.38771],[5.09993,43.39688],[5.09683,43.40062],[5.09215,43.39972],[5.08364,43.39894],[5.07295,43.39937],[5.07082,43.39903],[5.06837,43.39918],[5.06119,43.40061],[5.0591,43.40198],[5.0597,43.40234],[5.05703,43.40427],[5.05081,43.40343],[5.04359,43.40151],[5.04298,43.40202],[5.04251,43.40122],[5.04073,43.40074],[5.03395,43.4001],[5.03013,43.40056],[5.02871,43.40008],[5.02826,43.399],[5.02848,43.39739],[5.02724,43.39752],[5.02774,43.39801],[5.02708,43.39802],[5.02637,43.40099],[5.02685,43.39753],[5.02612,43.39727],[5.02543,43.39798],[5.02506,43.40066],[5.01982,43.4008],[5.01793,43.40158],[4.99711,43.40239],[4.99686,43.40207],[4.99773,43.40139],[4.99735,43.40121],[4.99789,43.40129],[5.0012,43.39836],[4.99695,43.39604],[4.99606,43.39514],[4.99552,43.39516],[4.99567,43.39484],[4.99471,43.39424],[4.99069,43.39709],[4.99013,43.39673],[4.99131,43.39523],[4.99058,43.39474],[4.98976,43.39526],[4.99048,43.39469],[4.99056,43.39364],[4.99028,43.39343],[4.98957,43.39407],[4.99017,43.39338],[4.98921,43.3929],[4.98738,43.39478],[4.98807,43.39554],[4.98727,43.39505],[4.98764,43.39398],[4.98674,43.39385],[4.98612,43.39259],[4.98743,43.39215],[4.98845,43.39038],[4.98955,43.39018],[4.9903,43.38912],[4.99131,43.38879],[4.99276,43.38903],[4.99379,43.38857],[4.99225,43.38783],[4.99013,43.38769],[4.9904,43.38633],[4.99135,43.38572],[4.99258,43.38651],[4.99353,43.38633],[4.99339,43.38502],[4.99469,43.38479],[4.99677,43.38357],[4.99694,43.38303],[4.99637,43.3829],[4.9979,43.38026],[5.0004,43.37953],[5.00115,43.3787],[5.00081,43.37928],[5.00335,43.37999],[5.0028,43.37926],[5.00005,43.37832],[5.00046,43.37571],[5.00382,43.37433],[5.00497,43.37344],[5.00639,43.37321],[5.00743,43.37152],[5.00739,43.37057],[5.00851,43.36921],[5.0098,43.36973],[5.01141,43.3691],[5.01247,43.36971],[5.01328,43.3687],[5.01317,43.36972],[5.01402,43.36972],[5.01476,43.36841],[5.01186,43.36837],[5.00998,43.36753],[5.00992,43.36715],[5.01167,43.36714],[5.01216,43.36648],[5.00927,43.36522],[5.01305,43.36466],[5.01344,43.36396],[5.01263,43.3629],[5.0133,43.36246],[5.01723,43.36263],[5.0173,43.36218],[5.01436,43.3616],[5.01638,43.36],[5.0173,43.35986],[5.01727,43.35783],[5.01512,43.35756],[5.01673,43.35522],[5.01709,43.35528],[5.01596,43.35666],[5.01636,43.35725],[5.01781,43.35752],[5.0206,43.35645],[5.02201,43.35645],[5.02286,43.35696],[5.02294,43.35788],[5.02367,43.35693],[5.02255,43.35551],[5.02495,43.35587],[5.02563,43.35557],[5.02581,43.35502],[5.02501,43.35407],[5.02568,43.35342],[5.02566,43.35259],[5.02485,43.35221],[5.02372,43.35232],[5.02398,43.35363],[5.02315,43.35338],[5.02173,43.35107],[5.02266,43.3516],[5.02131,43.3497],[5.02249,43.34814],[5.0252,43.34756],[5.02535,43.34717],[5.02451,43.3466],[5.02495,43.34558],[5.02395,43.3457],[5.0235,43.34536],[5.02204,43.34649],[5.01972,43.3469],[5.01899,43.34754],[5.01851,43.34697],[5.01798,43.34733],[5.01791,43.34635],[5.01953,43.34433],[5.01884,43.34431],[5.01857,43.34387],[5.01867,43.34239],[5.01945,43.34278],[5.0207,43.34199],[5.02349,43.33895],[5.02519,43.33818],[5.02748,43.33785],[5.02881,43.33694],[5.02926,43.33554],[5.03046,43.33575],[5.03016,43.33636],[5.03077,43.3361],[5.03047,43.33363],[5.03124,43.33373],[5.03398,43.33219],[5.03643,43.33003],[5.03948,43.32893],[5.04164,43.32743],[5.04173,43.32901],[5.04271,43.32959],[5.04127,43.32936],[5.03969,43.33005],[5.03905,43.33042],[5.03953,43.33108],[5.04195,43.33023],[5.04269,43.3314],[5.04333,43.33151],[5.04408,43.32916],[5.04505,43.32847],[5.04685,43.32911],[5.04862,43.33214],[5.05027,43.33206],[5.05166,43.3311],[5.04845,43.32673],[5.05071,43.32509],[5.05369,43.32444],[5.05425,43.32475],[5.05406,43.32596],[5.05453,43.32597],[5.05472,43.32542],[5.05574,43.326],[5.05584,43.32682],[5.05473,43.32787],[5.05515,43.32843],[5.05758,43.32729],[5.05922,43.32809],[5.05936,43.32646],[5.0601,43.32659],[5.06099,43.32913],[5.06028,43.33055],[5.06241,43.33146],[5.06383,43.33119],[5.06462,43.33056],[5.06574,43.3319],[5.06783,43.3316],[5.06966,43.3321],[5.07126,43.33104],[5.07056,43.32897],[5.07186,43.32896],[5.07308,43.32841],[5.0756,43.32827],[5.07888,43.32888],[5.07831,43.32992],[5.07983,43.33021],[5.08055,43.32665],[5.08176,43.32819],[5.08381,43.32889],[5.08344,43.32935],[5.08438,43.32954],[5.08423,43.33003],[5.08608,43.33099],[5.086,43.33145],[5.08643,43.33109],[5.0876,43.3315],[5.0877,43.33261],[5.08834,43.33292],[5.08896,43.335],[5.09234,43.3384],[5.0916,43.33899],[5.09161,43.34007],[5.09451,43.34017],[5.09524,43.34171],[5.09794,43.34258],[5.09974,43.34498],[5.10119,43.34583],[5.10241,43.34547],[5.10305,43.346],[5.10265,43.3473],[5.1031,43.34836],[5.10126,43.349],[5.101,43.35017],[5.10146,43.35092],[5.10365,43.352],[5.10381,43.35492],[5.10506,43.35618],[5.1048,43.35745],[5.10349,43.35852],[5.10295,43.36237]]],[[[5.02148,43.43288],[5.02352,43.42969],[5.02401,43.42983],[5.0273,43.42867],[5.02332,43.42888],[5.02104,43.42994],[5.01935,43.43151],[5.01178,43.43131],[5.00975,43.43141],[5.00912,43.43182],[5.00811,43.43071],[5.00825,43.42871],[5.00542,43.42791],[5.00418,43.42245],[5.00387,43.41774],[5.00468,43.41631],[5.00511,43.41377],[5.00642,43.41218],[5.00664,43.41015],[5.00618,43.40901],[5.00399,43.40907],[5.00362,43.40852],[5.00344,43.40787],[5.00471,43.40564],[5.00454,43.40382],[5.00483,43.4034],[5.01019,43.40316],[5.02255,43.40313],[5.02496,43.40255],[5.02629,43.40294],[5.03944,43.40268],[5.04333,43.40372],[5.0443,43.40317],[5.04622,43.40358],[5.05,43.40524],[5.04962,43.40636],[5.05399,43.40743],[5.05678,43.40656],[5.0593,43.40663],[5.05934,43.40711],[5.0583,43.40719],[5.0573,43.40868],[5.05799,43.40953],[5.05955,43.41632],[5.06069,43.41734],[5.06052,43.41847],[5.06136,43.42025],[5.06083,43.42162],[5.06165,43.42242],[5.06072,43.4231],[5.05987,43.42695],[5.05844,43.42878],[5.0557,43.4383],[5.05432,43.44073],[5.0543,43.44303],[5.05173,43.44343],[5.04248,43.44209],[5.04261,43.4415],[5.04189,43.44085],[5.04049,43.44088],[5.04109,43.43922],[5.04018,43.43912],[5.03993,43.43798],[5.03883,43.43673],[5.03611,43.43586],[5.03385,43.43601],[5.02652,43.43473],[5.02148,43.43288]]],[[[5.0502,43.40464],[5.05455,43.40527],[5.05527,43.40525],[5.05561,43.40463],[5.0569,43.40477],[5.05717,43.40573],[5.05477,43.40676],[5.0502,43.40464]]],[[[5.04867,43.40394],[5.05541,43.40456],[5.05498,43.40517],[5.04867,43.40394]]],[[[4.9851,43.39404],[4.98614,43.39311],[4.98658,43.39397],[4.9851,43.39404]]],[[[4.99614,43.39922],[4.99808,43.39747],[4.99837,43.39766],[4.99614,43.39922]]],[[[4.99301,43.39725],[4.99456,43.39588],[4.99485,43.39606],[4.99301,43.39725]]],[[[4.99443,43.39815],[4.99598,43.39678],[4.99626,43.39697],[4.99443,43.39815]]],[[[5.08001,43.32467],[5.08022,43.32432],[5.08031,43.3248],[5.08001,43.32467]]]]},"properties":{"code_territoire":"com13056","libelle_territoire":"Martigues"}},
{"type":"Feature","geometry":{"type":"Polygon","coordinates":[[[4.66667,43.84723],[4.66811,43.84754],[4.67286,43.85764],[4.67425,43.85961],[4.67156,43.8606],[4.66746,43.861],[4.66393,43.8686],[4.66329,43.86862],[4.66236,43.87084],[4.66074,43.87592],[4.66001,43.87597],[4.65674,43.8748],[4.65618,43.8738],[4.65224,43.87145],[4.65221,43.87096],[4.65053,43.8698],[4.64851,43.86902],[4.64364,43.86828],[4.64208,43.86753],[4.64221,43.86554],[4.64321,43.86456],[4.64308,43.86335],[4.64447,43.86215],[4.64759,43.86067],[4.64838,43.85901],[4.64731,43.85675],[4.64304,43.8546],[4.64126,43.85111],[4.64495,43.84988],[4.64829,43.85145],[4.65158,43.85242],[4.65457,43.8523],[4.65747,43.8532],[4.66052,43.85318],[4.66298,43.85244],[4.66529,43.85097],[4.66667,43.84723]]]},"properties":{"code_territoire":"com13061","libelle_territoire":"Saint-Pierre-de-Mézoargues"}},
{"type":"Feature","geometry":{"type":"Polygon","coordinates":[[[5.19546,43.38252],[5.1989,43.37258],[5.20074,43.37768],[5.20703,43.38098],[5.21409,43.38191],[5.21955,43.38156],[5.22846,43.38172],[5.22835,43.38273],[5.23972,43.38529],[5.2409,43.3853],[5.24117,43.38494],[5.24147,43.38633],[5.24405,43.38879],[5.24987,43.39216],[5.25249,43.39297],[5.25857,43.39277],[5.25831,43.3897],[5.25946,43.39023],[5.26143,43.38992],[5.26689,43.39112],[5.27137,43.39118],[5.2709,43.39405],[5.26602,43.40058],[5.2651,43.40106],[5.26396,43.40201],[5.25908,43.40117],[5.25844,43.40023],[5.257,43.39965],[5.25642,43.39974],[5.25568,43.40094],[5.25388,43.39959],[5.25187,43.39879],[5.24965,43.39849],[5.24458,43.39856],[5.24202,43.39898],[5.24134,43.39843],[5.23936,43.39915],[5.2369,43.39924],[5.22704,43.39765],[5.21322,43.39659],[5.19803,43.39378],[5.19609,43.39255],[5.19546,43.38252]]]},"properties":{"code_territoire":"com13043","libelle_territoire":"Gignac-la-Nerthe"}},
{"type":"Feature","geometry":{"type":"MultiPolygon","coordinates":[[[[5.55597,43.18846],[5.55723,43.18669],[5.5591,43.18554],[5.56168,43.18285],[5.56165,43.18207],[5.56308,43.18181],[5.56278,43.18149],[5.5645,43.18049],[5.56509,43.17928],[5.56731,43.17839],[5.56946,43.17631],[5.56929,43.17524],[5.57216,43.17349],[5.5723,43.17292],[5.57358,43.17307],[5.57585,43.17234],[5.57675,43.17253],[5.57959,43.17145],[5.58152,43.16992],[5.58282,43.16971],[5.5835,43.16914],[5.58521,43.16904],[5.5855,43.16852],[5.58652,43.1686],[5.58709,43.16918],[5.58755,43.16854],[5.58856,43.16875],[5.58884,43.16699],[5.58939,43.16675],[5.59007,43.16722],[5.59035,43.16653],[5.59298,43.16526],[5.59415,43.16599],[5.59402,43.16461],[5.59515,43.1645],[5.59609,43.16633],[5.59736,43.16667],[5.59641,43.16408],[5.59856,43.16506],[5.59933,43.16418],[5.59888,43.16406],[5.59903,43.16347],[5.59996,43.16338],[5.60281,43.16191],[5.60434,43.16096],[5.60468,43.16026],[5.60738,43.16045],[5.60786,43.16121],[5.60754,43.16204],[5.60667,43.16257],[5.60579,43.16233],[5.60675,43.16347],[5.60783,43.16336],[5.60742,43.16441],[5.60609,43.16486],[5.60648,43.16546],[5.60605,43.16641],[5.60783,43.16667],[5.60998,43.16553],[5.61079,43.16551],[5.61571,43.16967],[5.61497,43.16946],[5.6143,43.16989],[5.61493,43.17164],[5.60983,43.16761],[5.6091,43.16826],[5.61323,43.17182],[5.61214,43.17187],[5.61152,43.1714],[5.61039,43.17181],[5.60841,43.17106],[5.60754,43.17156],[5.60856,43.1723],[5.60822,43.17261],[5.60597,43.17238],[5.60614,43.17374],[5.60737,43.17447],[5.60992,43.17341],[5.61096,43.17246],[5.61162,43.17252],[5.61112,43.17469],[5.61201,43.17484],[5.61106,43.17529],[5.61133,43.17636],[5.61245,43.17605],[5.61256,43.17463],[5.61276,43.17671],[5.61349,43.17755],[5.61245,43.17688],[5.61135,43.1771],[5.61197,43.17916],[5.61327,43.17878],[5.61279,43.17762],[5.61351,43.1787],[5.61249,43.1798],[5.61298,43.18024],[5.61328,43.18024],[5.61369,43.18072],[5.61321,43.18031],[5.61264,43.18051],[5.61372,43.18133],[5.61447,43.18132],[5.61447,43.18101],[5.61552,43.18121],[5.61508,43.18133],[5.61524,43.18186],[5.61666,43.18317],[5.61727,43.1831],[5.61766,43.18397],[5.61944,43.1848],[5.62017,43.18472],[5.62004,43.18446],[5.62163,43.18501],[5.62113,43.18509],[5.62124,43.18586],[5.62309,43.18665],[5.6272,43.18713],[5.62754,43.18649],[5.62755,43.18708],[5.62848,43.18658],[5.62744,43.18618],[5.6282,43.18607],[5.62809,43.18567],[5.63159,43.18685],[5.63366,43.18799],[5.63384,43.18858],[5.63938,43.18938],[5.64314,43.18919],[5.64519,43.18775],[5.64652,43.1876],[5.64774,43.18825],[5.65092,43.18858],[5.65292,43.18751],[5.65416,43.18592],[5.65578,43.18575],[5.65789,43.18455],[5.66004,43.18193],[5.66264,43.18234],[5.66434,43.18156],[5.66706,43.18223],[5.6683,43.18152],[5.66823,43.18041],[5.67208,43.17963],[5.67314,43.18091],[5.67618,43.18982],[5.67784,43.20323],[5.67912,43.20865],[5.67837,43.21198],[5.67837,43.21665],[5.67318,43.21122],[5.67077,43.20972],[5.66966,43.20723],[5.66865,43.20643],[5.66506,43.2058],[5.6637,43.20515],[5.66139,43.20474],[5.65987,43.20608],[5.65875,43.20464],[5.6562,43.20463],[5.65535,43.20551],[5.65206,43.20654],[5.6506,43.20771],[5.6499,43.2076],[5.65079,43.20861],[5.64855,43.20833],[5.64663,43.21027],[5.64445,43.21027],[5.64169,43.2054],[5.63782,43.20101],[5.63682,43.20133],[5.63598,43.20251],[5.63265,43.20342],[5.63209,43.20481],[5.63089,43.20578],[5.63135,43.20675],[5.63102,43.20719],[5.62986,43.2066],[5.62916,43.20901],[5.62846,43.2094],[5.62883,43.21091],[5.62459,43.20929],[5.6235,43.2083],[5.62251,43.20811],[5.62144,43.2089],[5.6177,43.20826],[5.61056,43.21201],[5.60765,43.21264],[5.60464,43.21388],[5.60379,43.21657],[5.59553,43.21891],[5.59245,43.2188],[5.58979,43.21642],[5.58703,43.21507],[5.58529,43.21288],[5.58346,43.21225],[5.58222,43.20999],[5.58246,43.20794],[5.58168,43.20561],[5.57892,43.20484],[5.57456,43.20463],[5.56872,43.20191],[5.56591,43.20104],[5.56269,43.19787],[5.56194,43.19581],[5.55597,43.18846]]],[[[5.61494,43.16137],[5.61608,43.15845],[5.6177,43.15962],[5.61738,43.15808],[5.61785,43.15775],[5.61929,43.15833],[5.61929,43.15739],[5.62095,43.15918],[5.61937,43.1592],[5.61967,43.15992],[5.61885,43.1616],[5.61761,43.16151],[5.61749,43.16235],[5.61539,43.16246],[5.61494,43.16137]]]]},"properties":{"code_territoire":"com13028","libelle_territoire":"La Ciotat"}},
{"type":"Feature","geometry":{"type":"Polygon","coordinates":[[[5.5184,43.28795],[5.51801,43.288],[5.51779,43.2881],[5.51758,43.28811],[5.51737,43.288],[5.5171,43.28798],[5.51514,43.28815],[5.5146,43.28834],[5.51456,43.28852],[5.5145,43.28858],[5.51418,43.28864],[5.51406,43.28871],[5.51354,43.28878],[5.51293,43.28888],[5.51193,43.28691],[5.51109,43.28222],[5.50534,43.28317],[5.50469,43.28135],[5.50593,43.28118],[5.50575,43.28061],[5.50551,43.28013],[5.5052,43.27729],[5.50526,43.27675],[5.50552,43.27626],[5.50574,43.27591],[5.50579,43.27575],[5.50578,43.27529],[5.50583,43.27522],[5.50587,43.27451],[5.50621,43.27432],[5.50668,43.27411],[5.50691,43.27392],[5.50849,43.27237],[5.51094,43.26852],[5.51115,43.26838],[5.51323,43.26806],[5.51412,43.26777],[5.5144,43.2677],[5.517,43.26848],[5.52145,43.26667],[5.52423,43.26766],[5.53076,43.26795],[5.5323,43.26843],[5.53037,43.27575],[5.5303,43.27728],[5.53119,43.27945],[5.53078,43.27955],[5.53022,43.28425],[5.53234,43.28533],[5.52914,43.28449],[5.52856,43.28368],[5.52274,43.28175],[5.52033,43.28183],[5.52046,43.28689],[5.51887,43.28611],[5.5184,43.28795]]]},"properties":{"code_territoire":"com13070","libelle_territoire":"La Penne-sur-Huveaune"}},
{"type":"Feature","geometry":{"type":"Polygon","coordinates":[[[4.4489,43.58345],[4.44596,43.58305],[4.44252,43.58334],[4.43096,43.5858],[4.42654,43.58552],[4.42398,43.58467],[4.40711,43.5759],[4.40298,43.57319],[4.40294,43.57241],[4.40479,43.57201],[4.41053,43.57285],[4.41444,43.57279],[4.41655,43.57154],[4.41661,43.56853],[4.41557,43.56638],[4.41291,43.56379],[4.40878,43.56082],[4.40595,43.55957],[4.40331,43.55925],[4.40085,43.55954],[4.39073,43.56222],[4.38771,43.56243],[4.38553,43.55652],[4.38334,43.55415],[4.38092,43.5526],[4.36943,43.54832],[4.36505,43.54716],[4.36002,43.54693],[4.35363,43.54734],[4.35093,43.54701],[4.34993,43.54608],[4.34892,43.54259],[4.34735,43.54218],[4.34242,43.53901],[4.33595,43.53605],[4.33559,43.53634],[4.33431,43.53539],[4.33143,43.53576],[4.31652,43.54413],[4.31574,43.54599],[4.3162,43.5479],[4.32169,43.55141],[4.32282,43.55257],[4.32305,43.55363],[4.3214,43.55574],[4.31849,43.55728],[4.3139,43.55562],[4.31703,43.55358],[4.31703,43.55197],[4.315,43.55102],[4.31128,43.55128],[4.30794,43.54782],[4.30783,43.54542],[4.31699,43.53382],[4.31825,43.53263],[4.3224,43.5306],[4.32469,43.52824],[4.32202,43.52629],[4.31941,43.5252],[4.31532,43.52458],[4.30965,43.525],[4.30154,43.51791],[4.2965,43.51472],[4.28838,43.51342],[4.27261,43.50812],[4.26304,43.50819],[4.25922,43.50778],[4.25445,43.50514],[4.24436,43.50155],[4.23974,43.4992],[4.23798,43.49661],[4.23939,43.49347],[4.23042,43.47861],[4.23188,43.4751],[4.23021,43.46049],[4.23223,43.46033],[4.23224,43.45972],[4.23271,43.46038],[4.23258,43.45968],[4.23346,43.4607],[4.23469,43.46053],[4.23476,43.46009],[4.23497,43.4607],[4.23609,43.46056],[4.23616,43.46019],[4.23693,43.46062],[4.2377,43.46035],[4.23769,43.45994],[4.23784,43.46045],[4.23873,43.46039],[4.23892,43.45997],[4.23909,43.46044],[4.24085,43.46042],[4.2415,43.46023],[4.24148,43.45957],[4.24161,43.46021],[4.24248,43.46036],[4.24404,43.46008],[4.24397,43.45938],[4.24415,43.46001],[4.24488,43.46021],[4.2465,43.45977],[4.25009,43.45993],[4.2514,43.45956],[4.25147,43.45886],[4.25195,43.45973],[4.25386,43.45941],[4.2539,43.45881],[4.254,43.45925],[4.2563,43.45915],[4.25639,43.45868],[4.25668,43.45939],[4.25882,43.45936],[4.25881,43.45886],[4.25899,43.45934],[4.25995,43.45947],[4.26128,43.4592],[4.26124,43.45842],[4.26138,43.45913],[4.26209,43.45937],[4.26368,43.45908],[4.26376,43.45828],[4.26389,43.45918],[4.26455,43.45927],[4.26623,43.45894],[4.26622,43.4582],[4.26644,43.45898],[4.26812,43.45903],[4.26861,43.45821],[4.26888,43.45875],[4.27111,43.45862],[4.27108,43.45791],[4.27127,43.45862],[4.27297,43.4588],[4.27349,43.45862],[4.27352,43.45802],[4.27377,43.4584],[4.27587,43.45831],[4.27593,43.45761],[4.27612,43.45822],[4.27788,43.4586],[4.27845,43.45828],[4.27845,43.45755],[4.27866,43.4583],[4.28013,43.45834],[4.28095,43.45812],[4.28099,43.45738],[4.28154,43.45812],[4.28343,43.4578],[4.28323,43.45702],[4.28351,43.4577],[4.28461,43.45767],[4.28583,43.45731],[4.28615,43.45676],[4.28658,43.45723],[4.28816,43.45727],[4.28832,43.4569],[4.28841,43.45732],[4.28921,43.45746],[4.2906,43.45742],[4.29082,43.45701],[4.2909,43.45748],[4.29281,43.45747],[4.29331,43.45696],[4.2934,43.4575],[4.29427,43.4576],[4.29561,43.45744],[4.29587,43.4569],[4.29618,43.45747],[4.29787,43.45735],[4.29809,43.4568],[4.29827,43.45733],[4.30019,43.45727],[4.30071,43.45662],[4.30075,43.45714],[4.30127,43.45725],[4.30302,43.45711],[4.30318,43.45662],[4.3032,43.45714],[4.30482,43.45724],[4.30552,43.45705],[4.3056,43.45646],[4.30563,43.45703],[4.30785,43.45704],[4.30797,43.45648],[4.30813,43.45704],[4.30935,43.45713],[4.31048,43.45695],[4.31048,43.45649],[4.3111,43.45695],[4.31285,43.45686],[4.31293,43.45639],[4.31308,43.45682],[4.31505,43.45682],[4.31536,43.45614],[4.31554,43.45666],[4.31727,43.45672],[4.31786,43.45655],[4.31796,43.45592],[4.31806,43.45658],[4.31871,43.45671],[4.32033,43.45653],[4.32041,43.45593],[4.32048,43.45653],[4.32099,43.45664],[4.3227,43.45651],[4.32277,43.45586],[4.32301,43.45649],[4.32471,43.45648],[4.3253,43.45634],[4.32529,43.45572],[4.32539,43.4563],[4.32692,43.45636],[4.32772,43.45613],[4.32771,43.45556],[4.32812,43.45628],[4.32988,43.45609],[4.33021,43.45546],[4.33034,43.45608],[4.33187,43.45605],[4.33263,43.45579],[4.33261,43.45533],[4.33278,43.45591],[4.33334,43.45595],[4.33508,43.45566],[4.33498,43.45521],[4.33522,43.45571],[4.33607,43.45587],[4.3372,43.45573],[4.33759,43.4551],[4.33774,43.45569],[4.33868,43.45571],[4.34004,43.45541],[4.33993,43.45495],[4.34053,43.45563],[4.34227,43.45546],[4.34255,43.45487],[4.34279,43.45552],[4.34344,43.4556],[4.34503,43.45531],[4.345,43.45465],[4.34531,43.45534],[4.34752,43.45513],[4.34748,43.45461],[4.34767,43.45518],[4.34863,43.45523],[4.34999,43.45498],[4.34997,43.45449],[4.35051,43.455],[4.35237,43.45457],[4.35235,43.45406],[4.35282,43.45464],[4.35495,43.45435],[4.35493,43.45375],[4.3555,43.45443],[4.35699,43.45428],[4.35732,43.45375],[4.35748,43.45433],[4.35892,43.45434],[4.35987,43.45417],[4.35988,43.45338],[4.36002,43.45401],[4.36096,43.45407],[4.3622,43.45378],[4.36226,43.45328],[4.36243,43.45399],[4.36318,43.45408],[4.36477,43.45388],[4.36475,43.45314],[4.36493,43.4539],[4.36583,43.45405],[4.36729,43.45378],[4.36727,43.45317],[4.36798,43.45403],[4.36959,43.45379],[4.36977,43.45319],[4.3699,43.45385],[4.37172,43.4538],[4.37227,43.45301],[4.37232,43.45367],[4.37286,43.4538],[4.37461,43.45362],[4.37462,43.45298],[4.3752,43.45362],[4.37705,43.45344],[4.37722,43.45278],[4.37728,43.45339],[4.37876,43.45343],[4.37965,43.45319],[4.3797,43.45263],[4.38025,43.45321],[4.38181,43.45304],[4.38203,43.4524],[4.38236,43.45295],[4.38354,43.45289],[4.38454,43.4526],[4.38459,43.45217],[4.38521,43.45263],[4.38645,43.45247],[4.38694,43.45188],[4.38705,43.45227],[4.38826,43.45226],[4.38936,43.45192],[4.38941,43.45146],[4.38964,43.45191],[4.39124,43.45164],[4.39144,43.45093],[4.39191,43.45139],[4.39585,43.45051],[4.39973,43.44838],[4.40168,43.44647],[4.4025,43.44664],[4.40173,43.44685],[4.40191,43.44751],[4.40332,43.44776],[4.40382,43.44716],[4.40311,43.44696],[4.40347,43.44689],[4.40458,43.44718],[4.40407,43.44772],[4.40501,43.44821],[4.40575,43.44792],[4.40551,43.44741],[4.40686,43.4478],[4.40632,43.44815],[4.4073,43.44892],[4.40987,43.44885],[4.4102,43.4479],[4.41042,43.44919],[4.4134,43.44943],[4.41558,43.44917],[4.41552,43.44819],[4.41576,43.44899],[4.41713,43.44923],[4.42113,43.44855],[4.42164,43.44824],[4.42155,43.44647],[4.42328,43.44583],[4.42177,43.44652],[4.42179,43.44862],[4.42255,43.44968],[4.42575,43.45017],[4.42535,43.44964],[4.42388,43.4494],[4.42259,43.44671],[4.42367,43.44882],[4.4254,43.44902],[4.42629,43.44872],[4.42604,43.44826],[4.42831,43.44818],[4.42761,43.44832],[4.42791,43.44917],[4.42864,43.4494],[4.42911,43.44892],[4.42982,43.45005],[4.43051,43.4501],[4.43064,43.44971],[4.43092,43.4502],[4.43204,43.45007],[4.43213,43.44879],[4.43219,43.4501],[4.43302,43.45039],[4.43224,43.45047],[4.43235,43.45131],[4.43478,43.45205],[4.43563,43.45178],[4.43603,43.45106],[4.4353,43.45077],[4.43689,43.45113],[4.43619,43.45108],[4.43564,43.45198],[4.43651,43.453],[4.4371,43.45266],[4.438,43.45293],[4.43753,43.45309],[4.4378,43.45373],[4.43936,43.45374],[4.43992,43.45274],[4.43938,43.45239],[4.44093,43.45291],[4.43988,43.45317],[4.44016,43.45421],[4.44105,43.45459],[4.44133,43.45421],[4.44255,43.45533],[4.44525,43.45541],[4.44605,43.45434],[4.44482,43.4564],[4.4451,43.45664],[4.44557,43.45644],[4.44518,43.45609],[4.4463,43.45437],[4.44542,43.45593],[4.4457,43.45643],[4.45225,43.45811],[4.46435,43.45867],[4.48251,43.45809],[4.50687,43.45633],[4.51939,43.45479],[4.5365,43.45153],[4.55093,43.44751],[4.56143,43.44353],[4.574,43.43683],[4.58073,43.43173],[4.58596,43.4261],[4.5899,43.41929],[4.59206,43.41303],[4.59292,43.40933],[4.59265,43.4069],[4.59214,43.40668],[4.59519,43.40628],[4.59706,43.40575],[4.61186,43.41401],[4.61416,43.41505],[4.61681,43.41514],[4.61699,43.41631],[4.62043,43.41739],[4.61871,43.42094],[4.61863,43.42634],[4.61972,43.42805],[4.61916,43.42908],[4.61584,43.43079],[4.61612,43.43758],[4.61508,43.44125],[4.6155,43.44603],[4.6212,43.44793],[4.61993,43.45533],[4.61987,43.45889],[4.62249,43.45941],[4.62343,43.46078],[4.62215,43.46334],[4.61977,43.46594],[4.62124,43.47087],[4.62326,43.47182],[4.62732,43.47568],[4.63074,43.4771],[4.63612,43.4803],[4.63613,43.48112],[4.63667,43.48149],[4.63818,43.48148],[4.6392,43.48211],[4.64121,43.48433],[4.64454,43.48532],[4.64167,43.49328],[4.64232,43.4981],[4.64152,43.50114],[4.63528,43.50637],[4.63348,43.51111],[4.63304,43.51457],[4.6337,43.5197],[4.63467,43.52011],[4.63782,43.52571],[4.64131,43.53028],[4.64295,43.53469],[4.64292,43.53617],[4.64203,43.53739],[4.63338,43.54205],[4.62961,43.54716],[4.62912,43.54961],[4.62735,43.5525],[4.62602,43.55364],[4.62376,43.56033],[4.62487,43.56737],[4.6247,43.57027],[4.62354,43.57374],[4.60741,43.57027],[4.59722,43.56927],[4.5871,43.56615],[4.5775,43.56564],[4.57217,43.56686],[4.56331,43.56804],[4.55789,43.57094],[4.54964,43.57275],[4.53246,43.57042],[4.52868,43.57239],[4.52762,43.57355],[4.52651,43.57371],[4.51278,43.58025],[4.50383,43.58046],[4.50446,43.57477],[4.50392,43.57298],[4.49757,43.56865],[4.49644,43.56441],[4.49382,43.56058],[4.48998,43.55676],[4.4887,43.55437],[4.48581,43.55526],[4.48593,43.55574],[4.47896,43.55765],[4.47738,43.55553],[4.46215,43.56259],[4.46069,43.56763],[4.45342,43.57838],[4.45207,43.57848],[4.45,43.5807],[4.4489,43.58345]]]},"properties":{"code_territoire":"com13096","libelle_territoire":"Saintes-Maries-de-la-Mer"}},
{"type":"Feature","geometry":{"type":"Polygon","coordinates":[[[5.10757,43.55509],[5.10531,43.56128],[5.1015,43.57618],[5.10188,43.57636],[5.09947,43.58209],[5.10275,43.58761],[5.10028,43.59192],[5.09812,43.59123],[5.09663,43.59381],[5.09514,43.59393],[5.09489,43.59502],[5.09141,43.59551],[5.0913,43.59499],[5.08941,43.59514],[5.0893,43.59658],[5.08936,43.59762],[5.08607,43.59814],[5.0788,43.59731],[5.0708,43.59505],[5.06582,43.59215],[5.05883,43.59242],[5.05638,43.59147],[5.05556,43.59155],[5.05566,43.59246],[5.05337,43.59163],[5.05214,43.59257],[5.04998,43.59274],[5.04949,43.59435],[5.04745,43.59445],[5.04584,43.59356],[5.04305,43.59345],[5.04363,43.59228],[5.04489,43.59078],[5.04489,43.58937],[5.04593,43.58884],[5.04692,43.58892],[5.0472,43.58822],[5.04739,43.58372],[5.04804,43.58179],[5.04681,43.57918],[5.04993,43.57675],[5.0503,43.57558],[5.05315,43.57504],[5.05318,43.57298],[5.0546,43.57391],[5.0559,43.57333],[5.05695,43.57217],[5.05905,43.56798],[5.06015,43.56352],[5.06267,43.55993],[5.06266,43.55843],[5.06495,43.55539],[5.0656,43.5574],[5.06948,43.55717],[5.07161,43.55756],[5.07506,43.55912],[5.07662,43.55874],[5.07837,43.5608],[5.07875,43.56249],[5.0797,43.56371],[5.07973,43.56721],[5.08151,43.56753],[5.08134,43.56893],[5.08274,43.56946],[5.0829,43.56885],[5.08373,43.56893],[5.08388,43.56849],[5.08569,43.56861],[5.08458,43.56511],[5.09005,43.5698],[5.09386,43.5665],[5.09932,43.55913],[5.10258,43.55697],[5.10342,43.55435],[5.10757,43.55509]]]},"properties":{"code_territoire":"com13029","libelle_territoire":"Cornillon-Confoux"}},
{"type":"Feature","geometry":{"type":"Polygon","coordinates":[[[5.60823,43.37653],[5.6067,43.37731],[5.60651,43.37876],[5.60548,43.37952],[5.60554,43.38036],[5.60483,43.38125],[5.60514,43.38297],[5.60385,43.38433],[5.604,43.38499],[5.60215,43.3868],[5.60072,43.38752],[5.59993,43.3889],[5.5994,43.38888],[5.59859,43.39025],[5.59909,43.39071],[5.59525,43.39139],[5.59207,43.38758],[5.59298,43.38738],[5.59237,43.38654],[5.59445,43.38465],[5.59417,43.38391],[5.59305,43.38355],[5.59321,43.38152],[5.59135,43.37992],[5.59152,43.37721],[5.59076,43.37441],[5.59011,43.37425],[5.58954,43.37256],[5.58678,43.37187],[5.58741,43.36659],[5.58906,43.36722],[5.59438,43.36804],[5.60304,43.36826],[5.60752,43.36622],[5.60969,43.36619],[5.60942,43.36736],[5.6071,43.36961],[5.60689,43.37046],[5.60786,43.37135],[5.60744,43.37282],[5.60899,43.37369],[5.60908,43.37431],[5.60969,43.37423],[5.60952,43.37516],[5.60999,43.37565],[5.60823,43.37653]]]},"properties":{"code_territoire":"com13031","libelle_territoire":"La Destrousse"}},
{"type":"Feature","geometry":{"type":"Polygon","coordinates":[[[4.88337,43.73347],[4.88162,43.73322],[4.87706,43.73375],[4.8762,43.7344],[4.87452,43.73401],[4.87114,43.73481],[4.86939,43.73466],[4.86536,43.73639],[4.86379,43.73757],[4.86292,43.73921],[4.86218,43.73936],[4.86099,43.74178],[4.85856,43.74173],[4.85649,43.74425],[4.85708,43.74589],[4.85693,43.75],[4.85495,43.74987],[4.85086,43.75314],[4.84744,43.75239],[4.84462,43.7531],[4.84173,43.75287],[4.83248,43.75324],[4.83241,43.75257],[4.83055,43.75146],[4.83093,43.75055],[4.83298,43.74962],[4.83116,43.74798],[4.83063,43.74611],[4.83254,43.74624],[4.83414,43.74516],[4.8353,43.74366],[4.83998,43.743],[4.8432,43.74183],[4.84211,43.73921],[4.84033,43.73757],[4.84246,43.73593],[4.84248,43.73464],[4.84003,43.73226],[4.83836,43.73162],[4.83523,43.73175],[4.83411,43.72993],[4.83247,43.72869],[4.83201,43.7292],[4.82929,43.72959],[4.82546,43.72871],[4.82008,43.72973],[4.81848,43.72916],[4.81451,43.72868],[4.81342,43.72929],[4.8124,43.72912],[4.81026,43.72966],[4.80843,43.72949],[4.80774,43.72879],[4.80699,43.72926],[4.80382,43.72861],[4.7998,43.7293],[4.79845,43.73058],[4.79741,43.73022],[4.79694,43.72794],[4.79868,43.72652],[4.79823,43.72536],[4.79736,43.72488],[4.79644,43.722],[4.79678,43.72138],[4.79513,43.71703],[4.79508,43.71624],[4.79767,43.71524],[4.79625,43.71254],[4.79595,43.71025],[4.79648,43.71016],[4.79659,43.70773],[4.79633,43.70559],[4.79549,43.70539],[4.79824,43.70282],[4.79995,43.69932],[4.79214,43.68118],[4.79558,43.67943],[4.79968,43.67844],[4.80152,43.67872],[4.80305,43.67978],[4.80504,43.68019],[4.80755,43.67988],[4.80988,43.68014],[4.81262,43.67945],[4.81376,43.67977],[4.81548,43.67956],[4.81577,43.68002],[4.81681,43.67959],[4.81803,43.6798],[4.81781,43.67954],[4.81919,43.67949],[4.82344,43.67994],[4.82961,43.69005],[4.83521,43.69176],[4.84928,43.69269],[4.84997,43.69641],[4.85084,43.69719],[4.85108,43.69854],[4.84937,43.69973],[4.85063,43.70114],[4.85292,43.7013],[4.8541,43.70203],[4.85647,43.70254],[4.85579,43.70537],[4.85619,43.70706],[4.85698,43.70785],[4.85893,43.70811],[4.86147,43.71228],[4.87053,43.71683],[4.87081,43.71882],[4.87369,43.71931],[4.87528,43.7191],[4.87702,43.71958],[4.87924,43.72181],[4.88088,43.72254],[4.8812,43.72366],[4.88286,43.72533],[4.88291,43.7275],[4.88387,43.72874],[4.88337,43.73347]]]},"properties":{"code_territoire":"com13058","libelle_territoire":"Maussane-les-Alpilles"}},
{"type":"Feature","geometry":{"type":"Polygon","coordinates":[[[5.50443,43.38806],[5.52873,43.39794],[5.53017,43.39848],[5.53058,43.39808],[5.53446,43.39985],[5.53518,43.40033],[5.53337,43.40166],[5.53725,43.40294],[5.54715,43.4035],[5.54952,43.4032],[5.55044,43.406],[5.55193,43.40514],[5.55333,43.40609],[5.55594,43.40505],[5.5571,43.40537],[5.55686,43.40592],[5.5598,43.40715],[5.55938,43.40757],[5.55605,43.41145],[5.55241,43.4137],[5.55061,43.41382],[5.54788,43.41547],[5.5333,43.41653],[5.52979,43.41627],[5.52808,43.41685],[5.52742,43.41572],[5.52465,43.41401],[5.51978,43.40922],[5.51834,43.40711],[5.51297,43.40616],[5.51269,43.40539],[5.51462,43.40421],[5.51423,43.402],[5.50719,43.39564],[5.50443,43.38806]]]},"properties":{"code_territoire":"com13101","libelle_territoire":"Saint-Savournin"}},
{"type":"Feature","geometry":{"type":"Polygon","coordinates":[[[4.82344,43.67994],[4.81919,43.67949],[4.81781,43.67954],[4.81803,43.6798],[4.81681,43.67959],[4.81577,43.68002],[4.81548,43.67956],[4.81376,43.67977],[4.81262,43.67945],[4.80988,43.68014],[4.80755,43.67988],[4.80504,43.68019],[4.80305,43.67978],[4.80152,43.67872],[4.79968,43.67844],[4.79558,43.67943],[4.79214,43.68118],[4.78988,43.68229],[4.78662,43.68253],[4.78455,43.68382],[4.78111,43.68313],[4.77747,43.68403],[4.77758,43.68283],[4.77541,43.68315],[4.77162,43.67388],[4.77282,43.67262],[4.77356,43.66771],[4.76842,43.66815],[4.76599,43.66004],[4.76698,43.66001],[4.76536,43.6513],[4.76509,43.64094],[4.76587,43.63768],[4.76693,43.63745],[4.76439,43.63472],[4.76211,43.63387],[4.75965,43.63399],[4.75595,43.63274],[4.75483,43.63149],[4.75403,43.62851],[4.75077,43.62694],[4.74886,43.62649],[4.75165,43.62171],[4.75186,43.61735],[4.75897,43.61051],[4.76088,43.60713],[4.76137,43.60019],[4.76032,43.59401],[4.76156,43.59085],[4.76632,43.58294],[4.77226,43.5774],[4.77519,43.57513],[4.77886,43.57574],[4.77943,43.57536],[4.79929,43.55912],[4.80658,43.55226],[4.81575,43.54194],[4.87635,43.49445],[4.88187,43.49812],[4.91438,43.5086],[4.9282,43.51061],[4.90537,43.52574],[4.87978,43.54159],[4.88668,43.54723],[4.88913,43.55244],[4.89013,43.55939],[4.88572,43.5688],[4.88294,43.57617],[4.88296,43.57852],[4.88522,43.58835],[4.8877,43.59196],[4.89054,43.59371],[4.8971,43.59951],[4.89748,43.60036],[4.90058,43.60233],[4.90125,43.60354],[4.91085,43.60941],[4.92017,43.61644],[4.93999,43.62054],[4.94484,43.62298],[4.94744,43.61975],[4.95173,43.61234],[4.97824,43.61626],[4.9888,43.61809],[4.96877,43.6295],[4.9541,43.63906],[4.9638,43.65241],[4.96883,43.6583],[4.97775,43.67045],[4.9826,43.6806],[4.98288,43.68355],[4.98047,43.69401],[4.97915,43.70714],[4.98188,43.71785],[4.97768,43.71758],[4.96963,43.71923],[4.96632,43.72033],[4.96468,43.72038],[4.96416,43.71129],[4.96292,43.71039],[4.96293,43.70865],[4.9643,43.70599],[4.96445,43.7024],[4.96429,43.67241],[4.96671,43.65901],[4.93402,43.66997],[4.93043,43.68745],[4.9265,43.68672],[4.93283,43.67054],[4.92643,43.6719],[4.91522,43.67016],[4.90822,43.67014],[4.89943,43.67103],[4.89124,43.67385],[4.89015,43.6748],[4.88942,43.6747],[4.88831,43.6754],[4.87646,43.6788],[4.87319,43.6789],[4.86778,43.67792],[4.85759,43.67869],[4.85739,43.67928],[4.85666,43.67894],[4.85012,43.67919],[4.84607,43.68032],[4.84198,43.68083],[4.8411,43.68163],[4.83444,43.68067],[4.83117,43.67973],[4.82344,43.67994]]]},"properties":{"code_territoire":"com13097","libelle_territoire":"Saint-Martin-de-Crau"}},
{"type":"Feature","geometry":{"type":"Polygon","coordinates":[[[5.12187,43.52295],[5.13039,43.52764],[5.13035,43.52862],[5.13115,43.52939],[5.13417,43.52431],[5.13817,43.52551],[5.14353,43.52884],[5.14548,43.53067],[5.15528,43.53437],[5.15653,43.53603],[5.15676,43.53722],[5.16502,43.54032],[5.17689,43.53975],[5.17718,43.54613],[5.17663,43.56228],[5.18035,43.56592],[5.18543,43.56933],[5.18844,43.5694],[5.19352,43.5711],[5.20323,43.5702],[5.20337,43.57185],[5.20621,43.57454],[5.21354,43.57279],[5.21446,43.57161],[5.21758,43.56956],[5.22115,43.56856],[5.22298,43.56716],[5.22602,43.56653],[5.23148,43.5699],[5.2421,43.57364],[5.25123,43.57505],[5.25058,43.57843],[5.25143,43.57998],[5.25579,43.5814],[5.25547,43.58305],[5.25108,43.58719],[5.25372,43.59067],[5.25422,43.59216],[5.2378,43.59468],[5.23462,43.59552],[5.22756,43.59579],[5.22358,43.59653],[5.2063,43.59802],[5.19632,43.60112],[5.18072,43.60618],[5.16478,43.61056],[5.14272,43.61244],[5.13871,43.61354],[5.13981,43.6159],[5.14001,43.61908],[5.1368,43.62151],[5.13294,43.62261],[5.12998,43.62211],[5.1302,43.61801],[5.12937,43.61658],[5.13149,43.61584],[5.13012,43.61434],[5.13183,43.60994],[5.12667,43.61024],[5.12295,43.60998],[5.12303,43.6057],[5.11858,43.60382],[5.11524,43.60291],[5.11357,43.60592],[5.1017,43.59799],[5.0998,43.60124],[5.09602,43.59885],[5.09146,43.59777],[5.0893,43.59658],[5.08941,43.59514],[5.0913,43.59499],[5.09141,43.59551],[5.09489,43.59502],[5.09514,43.59393],[5.09663,43.59381],[5.09812,43.59123],[5.10028,43.59192],[5.10275,43.58761],[5.09947,43.58209],[5.10188,43.57636],[5.1015,43.57618],[5.10531,43.56128],[5.10757,43.55509],[5.11029,43.54721],[5.11228,43.54391],[5.11386,43.54233],[5.11505,43.53766],[5.11742,43.53382],[5.12187,43.52295]]]},"properties":{"code_territoire":"com13051","libelle_territoire":"Lançon-Provence"}},
{"type":"Feature","geometry":{"type":"Polygon","coordinates":[[[5.02148,43.43288],[5.02652,43.43473],[5.03385,43.43601],[5.03611,43.43586],[5.03883,43.43673],[5.03993,43.43798],[5.04018,43.43912],[5.04109,43.43922],[5.04049,43.44088],[5.04189,43.44085],[5.04261,43.4415],[5.04248,43.44209],[5.05173,43.44343],[5.0543,43.44303],[5.05528,43.4485],[5.05487,43.45429],[5.05374,43.45692],[5.05385,43.45892],[5.05185,43.46372],[5.0488,43.46652],[5.0409,43.4702],[5.038,43.47069],[5.03461,43.47058],[5.03375,43.47003],[5.0302,43.47027],[5.02814,43.46968],[5.02759,43.4705],[5.02568,43.46984],[5.02406,43.47067],[5.02197,43.47007],[5.02165,43.46884],[5.02034,43.46855],[5.01869,43.46954],[5.01751,43.46952],[5.01711,43.47032],[5.01642,43.47049],[5.01373,43.47019],[5.01185,43.47062],[5.00934,43.47022],[5.00876,43.4696],[5.00632,43.46983],[5.00583,43.46968],[5.00584,43.46838],[5.00335,43.46803],[5.00231,43.46826],[5.00062,43.47043],[4.99904,43.46892],[4.99637,43.47138],[4.99507,43.47382],[4.99213,43.47543],[4.989,43.47833],[4.98773,43.48014],[4.98628,43.4798],[4.98451,43.47861],[4.98367,43.47683],[4.98098,43.47423],[4.97796,43.47436],[4.97708,43.47473],[4.97589,43.47409],[4.97783,43.46999],[4.9783,43.46627],[4.97946,43.46499],[4.98008,43.46316],[4.97914,43.46128],[4.97957,43.46011],[4.97881,43.45877],[4.97513,43.45559],[4.97558,43.45507],[4.9759,43.4507],[4.97555,43.45048],[4.98088,43.44525],[4.98291,43.44535],[4.98559,43.44485],[5.00427,43.44069],[5.01162,43.43841],[5.0121,43.43767],[5.01299,43.43751],[5.01463,43.43759],[5.01568,43.43881],[5.01737,43.43919],[5.01751,43.43962],[5.01818,43.43946],[5.0191,43.43855],[5.02067,43.43343],[5.02148,43.43288]]]},"properties":{"code_territoire":"com13098","libelle_territoire":"Saint-Mitre-les-Remparts"}},
{"type":"Feature","geometry":{"type":"Polygon","coordinates":[[[5.24608,43.74734],[5.23228,43.73493],[5.2286,43.72839],[5.22381,43.72841],[5.2234,43.723],[5.22395,43.7168],[5.22527,43.70996],[5.22649,43.70693],[5.22854,43.7029],[5.22996,43.70348],[5.23227,43.70254],[5.23441,43.70037],[5.23394,43.69861],[5.23453,43.69729],[5.23622,43.69568],[5.23702,43.69563],[5.23834,43.69366],[5.24189,43.69412],[5.24311,43.69485],[5.24426,43.6946],[5.24753,43.69573],[5.25036,43.69454],[5.25151,43.69712],[5.25025,43.69825],[5.25072,43.69991],[5.2545,43.70105],[5.25482,43.7024],[5.25443,43.70333],[5.25624,43.70303],[5.25588,43.70561],[5.25802,43.70775],[5.25805,43.70844],[5.25918,43.70955],[5.25929,43.71075],[5.26026,43.7109],[5.26313,43.71382],[5.26589,43.7155],[5.26589,43.71691],[5.26703,43.71773],[5.26769,43.71944],[5.26778,43.71891],[5.26828,43.71892],[5.26872,43.71983],[5.26858,43.72045],[5.26719,43.72023],[5.26719,43.72455],[5.26615,43.72608],[5.26333,43.72853],[5.26231,43.73072],[5.26267,43.74037],[5.26424,43.74433],[5.25679,43.74645],[5.24608,43.74734]]]},"properties":{"code_territoire":"com13024","libelle_territoire":"Charleval"}},
{"type":"Feature","geometry":{"type":"Polygon","coordinates":[[[4.97824,43.61626],[4.95173,43.61234],[4.94744,43.61975],[4.94484,43.62298],[4.93999,43.62054],[4.92017,43.61644],[4.91085,43.60941],[4.90125,43.60354],[4.90058,43.60233],[4.89748,43.60036],[4.8971,43.59951],[4.89054,43.59371],[4.8877,43.59196],[4.88522,43.58835],[4.88296,43.57852],[4.88294,43.57617],[4.88572,43.5688],[4.89013,43.55939],[4.88913,43.55244],[4.88668,43.54723],[4.87978,43.54159],[4.90537,43.52574],[4.9282,43.51061],[4.93643,43.50425],[4.9526,43.48855],[4.95752,43.48446],[4.95805,43.48461],[4.95873,43.47788],[4.96179,43.4772],[4.96353,43.47478],[4.9643,43.47497],[4.96548,43.4738],[4.97589,43.47409],[4.97708,43.47473],[4.97796,43.47436],[4.98098,43.47423],[4.98367,43.47683],[4.98451,43.47861],[4.98628,43.4798],[4.98773,43.48014],[4.989,43.47833],[4.99213,43.47543],[4.99507,43.47382],[4.99637,43.47138],[4.99904,43.46892],[5.00062,43.47043],[5.00231,43.46826],[5.00335,43.46803],[5.00584,43.46838],[5.00583,43.46968],[5.00632,43.46983],[5.00253,43.47148],[5.00219,43.4726],[5.00016,43.47491],[5.00033,43.47536],[5.00089,43.47538],[5.00015,43.47662],[5.00043,43.47841],[5.00118,43.47924],[5.00212,43.47936],[5.00275,43.48025],[5.00335,43.48612],[5.00097,43.48972],[4.99956,43.49567],[4.99975,43.49661],[4.99811,43.49823],[4.99904,43.49742],[4.99969,43.49777],[4.99906,43.49758],[4.9985,43.49832],[4.99935,43.49866],[5.00028,43.49776],[4.99928,43.49894],[4.99836,43.49853],[4.99796,43.49874],[4.99855,43.49925],[4.99789,43.4994],[4.99782,43.50041],[4.99854,43.50362],[4.99978,43.50567],[4.99931,43.50832],[5.00138,43.51047],[5.00048,43.51109],[5.00157,43.51054],[5.0012,43.51137],[5.00513,43.51623],[5.00542,43.51732],[5.00755,43.51934],[5.00857,43.52142],[5.01239,43.52406],[5.01406,43.52405],[5.01428,43.52591],[5.01549,43.52784],[5.01529,43.52972],[5.01316,43.53285],[5.01401,43.53545],[5.01391,43.53884],[5.01171,43.54593],[5.01216,43.54627],[5.01282,43.54611],[5.01249,43.54643],[5.01295,43.54667],[5.01193,43.54676],[5.01269,43.54857],[5.01167,43.54949],[5.01183,43.55165],[5.013,43.55456],[5.01415,43.55552],[5.0098,43.55667],[5.00877,43.55245],[5.00796,43.55166],[5.00506,43.5505],[5.00247,43.55019],[5.00139,43.55426],[5.00438,43.55968],[5.00638,43.56182],[5.00583,43.56207],[5.00742,43.56372],[4.99144,43.57675],[4.99285,43.57989],[4.96695,43.60096],[4.98013,43.60324],[4.98032,43.61049],[4.97983,43.61307],[4.97824,43.61626]]]},"properties":{"code_territoire":"com13047","libelle_territoire":"Istres"}},
{"type":"Feature","geometry":{"type":"Polygon","coordinates":[[[5.39156,43.37211],[5.39457,43.37216],[5.39705,43.3693],[5.39791,43.36915],[5.39841,43.36814],[5.39615,43.36783],[5.3948,43.36661],[5.3926,43.36657],[5.39173,43.36707],[5.38814,43.36668],[5.38611,43.36279],[5.38069,43.35906],[5.37784,43.35513],[5.37607,43.35443],[5.37594,43.3539],[5.37671,43.35378],[5.37637,43.35198],[5.37931,43.35134],[5.37523,43.34918],[5.37826,43.34666],[5.37827,43.34452],[5.37734,43.34101],[5.37565,43.34148],[5.37547,43.3389],[5.37456,43.33949],[5.37336,43.33952],[5.36681,43.3382],[5.36804,43.33334],[5.36637,43.33083],[5.36703,43.32959],[5.36765,43.32976],[5.36896,43.32697],[5.36889,43.32606],[5.37145,43.32205],[5.37158,43.32008],[5.37609,43.321],[5.38224,43.31676],[5.38794,43.31496],[5.38835,43.31546],[5.38916,43.31528],[5.3899,43.31604],[5.39208,43.31597],[5.39318,43.31641],[5.39364,43.31646],[5.39356,43.31848],[5.39554,43.31874],[5.39609,43.32083],[5.3971,43.32079],[5.39829,43.32177],[5.39845,43.32306],[5.40063,43.32266],[5.40014,43.32315],[5.4007,43.32543],[5.40285,43.32452],[5.40299,43.32491],[5.40107,43.32714],[5.40279,43.32796],[5.40368,43.32912],[5.40335,43.32954],[5.4045,43.33053],[5.4061,43.33112],[5.4076,43.33415],[5.40749,43.33509],[5.40856,43.33526],[5.40888,43.33672],[5.41114,43.33924],[5.41091,43.34113],[5.41026,43.34135],[5.41045,43.34251],[5.41182,43.3442],[5.41457,43.34631],[5.41199,43.34952],[5.41423,43.35138],[5.41661,43.35248],[5.41492,43.3547],[5.41457,43.35678],[5.41206,43.36059],[5.41382,43.36378],[5.414,43.36956],[5.41312,43.37534],[5.41538,43.37874],[5.41415,43.37816],[5.41394,43.37806],[5.41382,43.37793],[5.41374,43.37766],[5.41324,43.37712],[5.41317,43.37701],[5.41313,43.37697],[5.41309,43.3768],[5.41293,43.37654],[5.41268,43.37644],[5.41196,43.3759],[5.41153,43.37573],[5.41098,43.37566],[5.4098,43.37586],[5.40949,43.37577],[5.40934,43.3758],[5.40906,43.37601],[5.40784,43.37627],[5.40727,43.37666],[5.40692,43.3767],[5.40613,43.37664],[5.40582,43.37669],[5.40468,43.37571],[5.40473,43.37512],[5.40422,43.37495],[5.40385,43.37487],[5.40255,43.37495],[5.40098,43.3739],[5.39924,43.37435],[5.39443,43.3742],[5.39422,43.37412],[5.39412,43.37407],[5.39391,43.37388],[5.39346,43.37367],[5.39334,43.37364],[5.3932,43.37359],[5.39308,43.37354],[5.39282,43.37341],[5.39261,43.37327],[5.39256,43.37325],[5.39239,43.37318],[5.39231,43.37312],[5.3921,43.37286],[5.39171,43.37236],[5.39168,43.37226],[5.39156,43.37211]]]},"properties":{"code_territoire":"com13214","libelle_territoire":"Marseille 14e Arrondissement"}},
{"type":"Feature","geometry":{"type":"Polygon","coordinates":[[[5.61039,43.4119],[5.61139,43.41614],[5.60921,43.42005],[5.60641,43.42337],[5.60573,43.42924],[5.60449,43.43189],[5.60109,43.43549],[5.59946,43.43611],[5.59785,43.43937],[5.59269,43.44001],[5.58759,43.44274],[5.58393,43.44046],[5.57952,43.43856],[5.56428,43.43404],[5.56281,43.43334],[5.56328,43.43295],[5.5624,43.43178],[5.55956,43.43415],[5.55887,43.43397],[5.55994,43.43224],[5.5611,43.42753],[5.56033,43.42698],[5.55961,43.4227],[5.55774,43.42062],[5.561,43.4181],[5.56472,43.41686],[5.56232,43.41393],[5.56362,43.41327],[5.5615,43.41016],[5.56399,43.40786],[5.56506,43.40576],[5.56572,43.40606],[5.56822,43.40528],[5.57049,43.40565],[5.57092,43.40657],[5.57778,43.40336],[5.58178,43.40497],[5.5819,43.40545],[5.5833,43.40521],[5.58931,43.40585],[5.59075,43.4056],[5.59183,43.40698],[5.59155,43.40762],[5.59421,43.40623],[5.59613,43.4066],[5.59759,43.40764],[5.59996,43.40743],[5.60073,43.40791],[5.60324,43.408],[5.60515,43.40871],[5.60782,43.40905],[5.60838,43.41056],[5.61039,43.4119]]]},"properties":{"code_territoire":"com13013","libelle_territoire":"Belcodène"}},
{"type":"Feature","geometry":{"type":"Polygon","coordinates":[[[5.54845,43.33582],[5.54795,43.34087],[5.546,43.34473],[5.5483,43.34446],[5.55219,43.34599],[5.55562,43.34524],[5.5581,43.34611],[5.55793,43.3515],[5.55842,43.35233],[5.5594,43.35334],[5.56297,43.35464],[5.5657,43.35666],[5.5647,43.35776],[5.56317,43.35845],[5.56387,43.36],[5.56187,43.36349],[5.56074,43.3699],[5.55991,43.37158],[5.56007,43.37293],[5.55878,43.3754],[5.55902,43.3765],[5.55763,43.37873],[5.55744,43.38062],[5.55405,43.38421],[5.55269,43.38483],[5.55417,43.38576],[5.55171,43.38649],[5.54466,43.39076],[5.53117,43.38751],[5.52383,43.38756],[5.51901,43.38658],[5.51705,43.38665],[5.51497,43.38597],[5.51451,43.38355],[5.51296,43.38251],[5.509,43.38474],[5.50798,43.38596],[5.50443,43.38806],[5.49438,43.38533],[5.48875,43.38463],[5.48328,43.38441],[5.47984,43.38536],[5.48018,43.38374],[5.4795,43.38323],[5.47831,43.3833],[5.47805,43.38221],[5.47694,43.3816],[5.47776,43.3781],[5.47332,43.3724],[5.47345,43.37079],[5.47257,43.36926],[5.47347,43.36716],[5.47337,43.36512],[5.47188,43.36171],[5.47406,43.35809],[5.47437,43.35464],[5.4764,43.35233],[5.47673,43.35061],[5.47634,43.35029],[5.47431,43.35059],[5.47262,43.3493],[5.47318,43.34746],[5.47452,43.34651],[5.47452,43.34599],[5.47229,43.34601],[5.47085,43.34526],[5.47004,43.34426],[5.47018,43.34261],[5.46917,43.34175],[5.4678,43.34153],[5.46784,43.3402],[5.46651,43.3397],[5.4659,43.34087],[5.46543,43.34053],[5.46448,43.3408],[5.46292,43.33934],[5.46226,43.33986],[5.46093,43.3387],[5.45832,43.33768],[5.45884,43.33726],[5.45695,43.33657],[5.45729,43.33615],[5.45582,43.33604],[5.45554,43.33597],[5.45503,43.33571],[5.45481,43.33559],[5.45583,43.3343],[5.45679,43.33335],[5.45824,43.33148],[5.45886,43.33111],[5.45953,43.33059],[5.467,43.3226],[5.46867,43.32121],[5.46935,43.32076],[5.46921,43.32056],[5.47006,43.32017],[5.47045,43.32002],[5.47081,43.31992],[5.47136,43.3177],[5.47188,43.31714],[5.47322,43.31651],[5.47433,43.31591],[5.47468,43.31565],[5.47487,43.31536],[5.4751,43.31478],[5.47512,43.31468],[5.47578,43.31458],[5.47615,43.31455],[5.47946,43.31445],[5.48103,43.31367],[5.48169,43.31369],[5.48234,43.31382],[5.48247,43.3139],[5.48335,43.31471],[5.48373,43.31486],[5.48744,43.31544],[5.49274,43.31506],[5.49351,43.31529],[5.4941,43.31551],[5.49488,43.31511],[5.49513,43.31502],[5.49552,43.315],[5.49611,43.31528],[5.49747,43.31544],[5.49784,43.31495],[5.49966,43.31514],[5.50125,43.31643],[5.50183,43.31764],[5.50698,43.31793],[5.50857,43.31837],[5.50849,43.31861],[5.5091,43.31883],[5.50915,43.31884],[5.50955,43.31903],[5.51002,43.31923],[5.5124,43.32023],[5.51253,43.32055],[5.51253,43.32118],[5.51267,43.32123],[5.51353,43.32182],[5.51372,43.32188],[5.51428,43.32186],[5.51575,43.32112],[5.51794,43.32131],[5.52282,43.32078],[5.52385,43.32095],[5.52483,43.32126],[5.52588,43.32177],[5.5364,43.33033],[5.53999,43.33183],[5.54062,43.33297],[5.54594,43.33534],[5.54845,43.33582]]]},"properties":{"code_territoire":"com13002","libelle_territoire":"Allauch"}},
{"type":"Feature","geometry":{"type":"Polygon","coordinates":[[[5.3484,43.53633],[5.34922,43.53663],[5.34909,43.53528],[5.35708,43.53545],[5.35856,43.53585],[5.358,43.53996],[5.3641,43.54005],[5.36427,43.54039],[5.36606,43.54031],[5.36639,43.54083],[5.36892,43.53935],[5.37001,43.53753],[5.3712,43.53759],[5.37471,43.54357],[5.37648,43.54457],[5.3775,43.54445],[5.37806,43.54622],[5.37811,43.54757],[5.37646,43.55006],[5.37296,43.55382],[5.37711,43.55381],[5.3773,43.55563],[5.37853,43.55562],[5.37854,43.55846],[5.37991,43.55974],[5.38036,43.55941],[5.38123,43.55983],[5.38437,43.56342],[5.37759,43.56755],[5.37754,43.56957],[5.37561,43.57134],[5.37599,43.57176],[5.37112,43.57299],[5.37049,43.5735],[5.37121,43.57492],[5.36136,43.57933],[5.3631,43.58198],[5.36595,43.58352],[5.36724,43.58336],[5.36725,43.58404],[5.36317,43.58425],[5.35765,43.58906],[5.35349,43.58934],[5.35123,43.59006],[5.34608,43.58958],[5.34266,43.59192],[5.33975,43.5917],[5.33453,43.59277],[5.33134,43.59322],[5.32885,43.59442],[5.3271,43.59598],[5.32291,43.59704],[5.32193,43.59639],[5.32251,43.59585],[5.32141,43.59545],[5.32186,43.59426],[5.31909,43.59428],[5.31281,43.59091],[5.30044,43.59143],[5.28336,43.58897],[5.26607,43.59046],[5.25422,43.59216],[5.25372,43.59067],[5.25108,43.58719],[5.25547,43.58305],[5.25579,43.5814],[5.264,43.57425],[5.27249,43.57564],[5.27847,43.57487],[5.28626,43.57246],[5.29541,43.56868],[5.30257,43.56742],[5.30541,43.56583],[5.31241,43.55953],[5.32575,43.55738],[5.32532,43.55324],[5.33203,43.5522],[5.33521,43.55354],[5.33589,43.55231],[5.33853,43.55344],[5.3398,43.55165],[5.34451,43.55223],[5.34486,43.55059],[5.34322,43.54273],[5.34491,43.54027],[5.34442,43.53856],[5.3472,43.53771],[5.3484,43.53681],[5.3484,43.53633]]]},"properties":{"code_territoire":"com13032","libelle_territoire":"Éguilles"}},
{"type":"Feature","geometry":{"type":"Polygon","coordinates":[[[5.25579,43.5814],[5.25143,43.57998],[5.25058,43.57843],[5.25123,43.57505],[5.2421,43.57364],[5.23148,43.5699],[5.22602,43.56653],[5.22797,43.56144],[5.23193,43.55622],[5.23345,43.54736],[5.23455,43.54613],[5.23473,43.54486],[5.23784,43.54379],[5.23987,43.54439],[5.24113,43.54619],[5.24262,43.5471],[5.24392,43.54607],[5.24665,43.54626],[5.24972,43.54482],[5.25344,43.54388],[5.25423,43.54317],[5.25767,43.54203],[5.259,43.54043],[5.26091,43.53925],[5.26089,43.53865],[5.25965,43.5375],[5.2605,43.53605],[5.26392,43.53685],[5.26479,43.53818],[5.26711,43.54019],[5.26057,43.54197],[5.26134,43.54264],[5.26104,43.54407],[5.26156,43.5462],[5.26462,43.54779],[5.264,43.54848],[5.2678,43.55009],[5.26815,43.55089],[5.26943,43.55131],[5.26965,43.55103],[5.27085,43.55164],[5.27125,43.55107],[5.27433,43.55116],[5.27463,43.55062],[5.27597,43.5513],[5.27564,43.55185],[5.27878,43.5525],[5.2833,43.55178],[5.28582,43.55079],[5.2844,43.55232],[5.28456,43.55374],[5.28336,43.55557],[5.28377,43.55633],[5.27943,43.56267],[5.2793,43.5645],[5.27771,43.5659],[5.27099,43.56714],[5.27135,43.56803],[5.27279,43.56871],[5.27416,43.57075],[5.27847,43.57487],[5.27249,43.57564],[5.264,43.57425],[5.25579,43.5814]]]},"properties":{"code_territoire":"com13118","libelle_territoire":"Coudoux"}},
{"type":"Feature","geometry":{"type":"MultiPolygon","coordinates":[[[[5.19546,43.38252],[5.18888,43.38059],[5.18927,43.37892],[5.18667,43.37786],[5.18627,43.37493],[5.18381,43.3704],[5.18481,43.36858],[5.1842,43.36792],[5.18438,43.36685],[5.18579,43.36528],[5.18435,43.36488],[5.18506,43.36418],[5.18305,43.36411],[5.18204,43.36455],[5.18096,43.36426],[5.17913,43.36479],[5.17768,43.36461],[5.17612,43.36426],[5.17614,43.36296],[5.17345,43.36287],[5.17296,43.36238],[5.17262,43.36315],[5.16932,43.36443],[5.16815,43.36406],[5.15898,43.36683],[5.1479,43.36916],[5.14752,43.36815],[5.14504,43.36866],[5.14362,43.36838],[5.14337,43.36925],[5.14169,43.36998],[5.14026,43.36918],[5.13873,43.36446],[5.14828,43.36208],[5.17015,43.34856],[5.17606,43.33845],[5.17912,43.33716],[5.18583,43.33632],[5.18516,43.33563],[5.1857,43.33364],[5.18475,43.33249],[5.18594,43.33162],[5.18595,43.33105],[5.18698,43.33118],[5.19043,43.3302],[5.19063,43.33045],[5.19144,43.32966],[5.19265,43.32984],[5.1942,43.3309],[5.19525,43.33039],[5.19485,43.33014],[5.19698,43.33007],[5.19543,43.33092],[5.19765,43.33196],[5.19728,43.33361],[5.19793,43.3339],[5.19995,43.33292],[5.19824,43.33225],[5.20238,43.33066],[5.2035,43.33125],[5.20717,43.33061],[5.20847,43.32934],[5.21069,43.32942],[5.20967,43.32995],[5.21083,43.3306],[5.2125,43.32987],[5.21221,43.32947],[5.21402,43.32945],[5.21516,43.32987],[5.21705,43.32948],[5.2171,43.33123],[5.21808,43.33104],[5.2184,43.33176],[5.21929,43.33054],[5.21958,43.33081],[5.22053,43.33061],[5.22052,43.32957],[5.21968,43.32843],[5.22055,43.32825],[5.22167,43.32855],[5.22507,43.32837],[5.22689,43.32885],[5.22917,43.32872],[5.23018,43.32979],[5.23659,43.33096],[5.23719,43.33178],[5.2365,43.33219],[5.23688,43.33395],[5.23469,43.3369],[5.23333,43.34239],[5.23349,43.34388],[5.23546,43.34461],[5.23644,43.34388],[5.23732,43.34414],[5.23702,43.34856],[5.2357,43.35115],[5.23438,43.35253],[5.22748,43.35537],[5.22798,43.35662],[5.22977,43.358],[5.23055,43.35956],[5.23024,43.36078],[5.2308,43.36128],[5.23023,43.36154],[5.23046,43.36264],[5.22874,43.36528],[5.22816,43.36799],[5.22746,43.3681],[5.22699,43.36906],[5.2242,43.36988],[5.22172,43.37153],[5.22177,43.37318],[5.21674,43.37627],[5.21694,43.3767],[5.21591,43.37777],[5.21409,43.38191],[5.20703,43.38098],[5.20074,43.37768],[5.1989,43.37258],[5.19546,43.38252]]],[[[5.23513,43.32976],[5.2359,43.32945],[5.23694,43.33002],[5.23513,43.32976]]]]},"properties":{"code_territoire":"com13033","libelle_territoire":"Ensuès-la-Redonne"}},
{"type":"Feature","geometry":{"type":"Polygon","coordinates":[[[4.83248,43.75324],[4.84173,43.75287],[4.84462,43.7531],[4.84744,43.75239],[4.85086,43.75314],[4.85495,43.74987],[4.85693,43.75],[4.85708,43.74589],[4.85649,43.74425],[4.85856,43.74173],[4.86099,43.74178],[4.86218,43.73936],[4.86292,43.73921],[4.86379,43.73757],[4.86536,43.73639],[4.86939,43.73466],[4.87114,43.73481],[4.87452,43.73401],[4.8762,43.7344],[4.87706,43.73375],[4.88162,43.73322],[4.88337,43.73347],[4.88535,43.7344],[4.88604,43.73736],[4.88757,43.73932],[4.89309,43.74056],[4.90795,43.7385],[4.90961,43.7393],[4.9111,43.73938],[4.91728,43.7376],[4.91935,43.7406],[4.91974,43.74239],[4.91826,43.75011],[4.92094,43.75298],[4.92285,43.75269],[4.92437,43.75508],[4.92474,43.75689],[4.9234,43.75768],[4.92389,43.75842],[4.92278,43.76077],[4.92038,43.76169],[4.91988,43.76327],[4.91897,43.76353],[4.91846,43.76456],[4.9163,43.76545],[4.91707,43.7671],[4.91673,43.76871],[4.9175,43.76971],[4.91674,43.77066],[4.91667,43.77334],[4.9156,43.77729],[4.91365,43.77862],[4.913,43.77979],[4.91352,43.78251],[4.9133,43.78504],[4.92665,43.78528],[4.92449,43.78903],[4.92355,43.79326],[4.9243,43.79924],[4.91942,43.80049],[4.91513,43.80336],[4.91202,43.8028],[4.90964,43.80296],[4.90855,43.81213],[4.90774,43.81828],[4.89164,43.81956],[4.88726,43.82045],[4.88051,43.82104],[4.87665,43.82306],[4.86859,43.82986],[4.86693,43.82627],[4.85482,43.82505],[4.84842,43.82389],[4.84455,43.82276],[4.84197,43.82315],[4.83941,43.82464],[4.8374,43.82445],[4.83695,43.82488],[4.83452,43.82485],[4.82899,43.82428],[4.82654,43.82211],[4.82334,43.82238],[4.82315,43.82285],[4.82058,43.82365],[4.81973,43.82434],[4.82049,43.82532],[4.81656,43.82571],[4.81632,43.82463],[4.81315,43.81715],[4.8106,43.81483],[4.803,43.81047],[4.80037,43.80973],[4.79781,43.80811],[4.79526,43.80735],[4.78991,43.80856],[4.7857,43.8071],[4.78272,43.80662],[4.77854,43.80414],[4.7709,43.80273],[4.76713,43.79982],[4.76444,43.79862],[4.76763,43.79623],[4.76928,43.79175],[4.77011,43.78631],[4.77287,43.78238],[4.77179,43.77637],[4.77105,43.77505],[4.77143,43.77311],[4.77051,43.77056],[4.77177,43.76901],[4.77065,43.76805],[4.77045,43.76685],[4.7703,43.76029],[4.77981,43.76119],[4.78007,43.76244],[4.78472,43.7639],[4.78536,43.76483],[4.78773,43.76642],[4.78904,43.76847],[4.79208,43.76897],[4.79283,43.76953],[4.79445,43.76823],[4.79635,43.76866],[4.79814,43.76816],[4.79853,43.76682],[4.80272,43.76312],[4.81747,43.75769],[4.82077,43.75772],[4.82299,43.75611],[4.82462,43.75609],[4.82644,43.75511],[4.83248,43.75324]]]},"properties":{"code_territoire":"com13100","libelle_territoire":"Saint-Rémy-de-Provence"}},
{"type":"Feature","geometry":{"type":"Polygon","coordinates":[[[4.93046,43.88443],[4.92519,43.88658],[4.90769,43.88647],[4.90228,43.88823],[4.88534,43.90004],[4.88117,43.90169],[4.87941,43.88534],[4.88001,43.88408],[4.87849,43.88403],[4.87945,43.88295],[4.87995,43.8793],[4.87927,43.87914],[4.87864,43.87953],[4.87953,43.87387],[4.8786,43.86949],[4.8793,43.86519],[4.88197,43.86],[4.88296,43.86049],[4.88335,43.85982],[4.88258,43.85777],[4.88317,43.85436],[4.88172,43.84629],[4.86859,43.82986],[4.87665,43.82306],[4.88051,43.82104],[4.88726,43.82045],[4.89164,43.81956],[4.90774,43.81828],[4.90724,43.82176],[4.91301,43.82376],[4.90975,43.82927],[4.91058,43.82945],[4.90923,43.83084],[4.90813,43.83087],[4.90645,43.83386],[4.90648,43.83437],[4.90844,43.83585],[4.90777,43.83728],[4.90878,43.83889],[4.90637,43.84268],[4.90693,43.84274],[4.90517,43.84405],[4.90698,43.84498],[4.90494,43.84681],[4.90787,43.84765],[4.9093,43.84672],[4.91333,43.8488],[4.9185,43.85012],[4.91999,43.84989],[4.92559,43.85154],[4.92846,43.85265],[4.93192,43.85336],[4.93056,43.85596],[4.92666,43.85737],[4.9252,43.85861],[4.92435,43.86088],[4.92469,43.8618],[4.92545,43.8619],[4.92507,43.86382],[4.92119,43.86683],[4.921,43.8678],[4.92594,43.86982],[4.92662,43.86946],[4.92923,43.87125],[4.93209,43.87247],[4.93359,43.8724],[4.93448,43.87604],[4.93424,43.87746],[4.93509,43.87974],[4.93046,43.88443]]]},"properties":{"code_territoire":"com13066","libelle_territoire":"Noves"}},
{"type":"Feature","geometry":{"type":"Polygon","coordinates":[[[5.51316,43.26332],[5.51477,43.26736],[5.51439,43.2677],[5.51412,43.26776],[5.51323,43.26806],[5.51115,43.26838],[5.51094,43.26852],[5.50849,43.27237],[5.50587,43.27451],[5.50583,43.27522],[5.50578,43.27529],[5.50578,43.27535],[5.5058,43.27544],[5.50579,43.27574],[5.50578,43.27582],[5.50574,43.27591],[5.50552,43.27626],[5.50526,43.27675],[5.50524,43.27691],[5.50521,43.27713],[5.50519,43.27729],[5.50551,43.28013],[5.50575,43.28061],[5.50589,43.28107],[5.50593,43.28118],[5.50555,43.28123],[5.50543,43.28125],[5.50531,43.28126],[5.50491,43.28132],[5.50469,43.28135],[5.50481,43.28173],[5.50534,43.28317],[5.51109,43.28222],[5.51193,43.28691],[5.51293,43.28888],[5.51302,43.28886],[5.51353,43.28878],[5.51406,43.28871],[5.5145,43.28858],[5.51456,43.28851],[5.5146,43.28834],[5.51499,43.28821],[5.51514,43.28815],[5.51709,43.28798],[5.51736,43.288],[5.51749,43.28808],[5.51758,43.28811],[5.51769,43.28812],[5.51773,43.28811],[5.51779,43.2881],[5.51801,43.288],[5.51829,43.28799],[5.51836,43.28798],[5.5184,43.28795],[5.51852,43.28856],[5.51853,43.28889],[5.51852,43.28915],[5.51996,43.28915],[5.52117,43.28987],[5.521,43.29133],[5.52127,43.29173],[5.52274,43.29316],[5.52297,43.29329],[5.52316,43.29343],[5.52354,43.29361],[5.5246,43.29414],[5.52476,43.2942],[5.52497,43.29423],[5.52533,43.29425],[5.52539,43.29428],[5.52687,43.29422],[5.52763,43.29389],[5.5281,43.29386],[5.52833,43.29596],[5.5287,43.29598],[5.52903,43.29608],[5.53019,43.29729],[5.53211,43.29835],[5.53214,43.29846],[5.53222,43.29857],[5.5324,43.29899],[5.53254,43.29951],[5.53173,43.30004],[5.53163,43.30019],[5.53138,43.30023],[5.53101,43.30053],[5.53069,43.30074],[5.53059,43.3008],[5.53054,43.30082],[5.53046,43.30091],[5.5304,43.30094],[5.53022,43.30105],[5.53016,43.3011],[5.53014,43.30114],[5.53013,43.30117],[5.53013,43.30121],[5.53014,43.30126],[5.53018,43.30132],[5.5302,43.30137],[5.53021,43.30143],[5.53021,43.30148],[5.5302,43.30153],[5.53011,43.30181],[5.53,43.30201],[5.52982,43.30223],[5.52977,43.30231],[5.52961,43.30261],[5.52953,43.30277],[5.52948,43.30292],[5.52946,43.30297],[5.52944,43.30305],[5.52938,43.30301],[5.5293,43.30297],[5.52914,43.3029],[5.52836,43.30378],[5.52857,43.30484],[5.52857,43.30517],[5.52854,43.30516],[5.52854,43.30537],[5.52853,43.30541],[5.52853,43.30545],[5.52849,43.30718],[5.52707,43.30891],[5.52705,43.30913],[5.52725,43.30941],[5.52822,43.31082],[5.52836,43.31101],[5.52844,43.31107],[5.52983,43.31184],[5.53074,43.31221],[5.53091,43.31247],[5.53102,43.31263],[5.53111,43.31272],[5.5311,43.31281],[5.53108,43.31297],[5.53102,43.31305],[5.53099,43.31317],[5.53073,43.31368],[5.53061,43.31381],[5.53048,43.31391],[5.53042,43.314],[5.53033,43.31406],[5.53012,43.31415],[5.52961,43.31427],[5.52774,43.31366],[5.52744,43.31367],[5.5266,43.31381],[5.52625,43.31403],[5.52438,43.31378],[5.52302,43.3142],[5.52282,43.31437],[5.52258,43.31457],[5.52223,43.31486],[5.52205,43.31501],[5.5218,43.31521],[5.52165,43.31547],[5.52119,43.31633],[5.52132,43.31774],[5.5226,43.31946],[5.52261,43.31972],[5.52266,43.31981],[5.52267,43.3199],[5.52271,43.32019],[5.52279,43.32064],[5.52282,43.32078],[5.51794,43.32131],[5.51575,43.32112],[5.51428,43.32186],[5.51398,43.32189],[5.51372,43.32188],[5.51353,43.32182],[5.51267,43.32123],[5.51253,43.32118],[5.51253,43.32055],[5.5124,43.32023],[5.51002,43.31923],[5.50997,43.31922],[5.50986,43.31918],[5.50979,43.31913],[5.50915,43.31884],[5.5091,43.31883],[5.50874,43.3187],[5.50857,43.31864],[5.50849,43.31861],[5.50858,43.31837],[5.50698,43.31793],[5.50182,43.31764],[5.50125,43.31643],[5.49987,43.31515],[5.49784,43.31495],[5.49747,43.31544],[5.49611,43.31528],[5.49568,43.31506],[5.49552,43.315],[5.49533,43.31499],[5.49513,43.31502],[5.49488,43.31511],[5.49442,43.31534],[5.4941,43.31551],[5.49351,43.31529],[5.49274,43.31506],[5.48744,43.31544],[5.48373,43.31486],[5.48363,43.31483],[5.48346,43.31477],[5.48335,43.31471],[5.48271,43.31414],[5.48247,43.3139],[5.4824,43.31385],[5.48233,43.31382],[5.48211,43.31378],[5.48183,43.31372],[5.48169,43.31369],[5.48103,43.31367],[5.47946,43.31445],[5.47615,43.31454],[5.47578,43.31458],[5.47512,43.31468],[5.47484,43.31476],[5.47438,43.31485],[5.47362,43.31491],[5.47118,43.31456],[5.47211,43.31205],[5.47331,43.3119],[5.47668,43.30913],[5.4764,43.30777],[5.47547,43.30796],[5.47622,43.30613],[5.47588,43.3052],[5.47387,43.30449],[5.47574,43.30235],[5.4769,43.30174],[5.47667,43.30013],[5.47404,43.3],[5.47334,43.29961],[5.47174,43.29995],[5.46978,43.29969],[5.46688,43.30108],[5.4641,43.30115],[5.46275,43.30184],[5.46184,43.30143],[5.45775,43.30146],[5.45818,43.29973],[5.45616,43.2997],[5.45123,43.29862],[5.44843,43.29662],[5.44226,43.29471],[5.44129,43.2955],[5.44073,43.29733],[5.44016,43.29731],[5.43854,43.29706],[5.43852,43.29663],[5.43734,43.29637],[5.43746,43.29593],[5.43181,43.29404],[5.4253,43.29382],[5.42487,43.29268],[5.4264,43.29075],[5.42634,43.28991],[5.4258,43.29014],[5.42516,43.28811],[5.42565,43.28585],[5.42933,43.28618],[5.42943,43.28584],[5.43262,43.28631],[5.43631,43.28512],[5.43669,43.28469],[5.43604,43.28422],[5.44204,43.28567],[5.44271,43.28413],[5.44474,43.28367],[5.44499,43.28327],[5.44419,43.28298],[5.44453,43.28233],[5.44212,43.28134],[5.4449,43.27928],[5.44431,43.27848],[5.44444,43.27676],[5.44659,43.27537],[5.44999,43.27475],[5.4522,43.27372],[5.45283,43.27534],[5.45602,43.27605],[5.45482,43.2736],[5.45351,43.27236],[5.45422,43.26999],[5.45362,43.26751],[5.45399,43.26583],[5.45432,43.26521],[5.4583,43.26277],[5.45984,43.25948],[5.45939,43.25889],[5.45767,43.2593],[5.45615,43.25872],[5.45549,43.25789],[5.45224,43.25746],[5.45187,43.25556],[5.45531,43.25675],[5.45701,43.25651],[5.45856,43.2549],[5.46112,43.25491],[5.46331,43.25392],[5.46634,43.25445],[5.46888,43.25354],[5.47299,43.25346],[5.48248,43.25492],[5.4837,43.25559],[5.48456,43.25699],[5.48618,43.25777],[5.48458,43.26205],[5.48565,43.26314],[5.48569,43.26387],[5.48709,43.26408],[5.48961,43.26572],[5.49155,43.26795],[5.49245,43.26732],[5.49614,43.26847],[5.49889,43.2677],[5.50016,43.26486],[5.50193,43.26591],[5.50326,43.26546],[5.50415,43.26575],[5.5084,43.26389],[5.51142,43.26322],[5.51316,43.26332]]]},"properties":{"code_territoire":"com13211","libelle_territoire":"Marseille 11e Arrondissement"}},
{"type":"Feature","geometry":{"type":"MultiPolygon","coordinates":[[[[5.39983,43.27462],[5.39911,43.27757],[5.38874,43.28315],[5.38692,43.28327],[5.38826,43.28237],[5.38198,43.28114],[5.38177,43.28163],[5.37986,43.28145],[5.37968,43.28059],[5.37895,43.2806],[5.37858,43.28108],[5.37855,43.27999],[5.37791,43.28004],[5.37648,43.27919],[5.37563,43.27922],[5.37564,43.2796],[5.37475,43.27931],[5.37464,43.27985],[5.37382,43.2792],[5.37461,43.2781],[5.37435,43.2773],[5.37292,43.277],[5.37223,43.27058],[5.37262,43.26782],[5.37195,43.26763],[5.36955,43.26891],[5.3685,43.26887],[5.36802,43.26831],[5.36764,43.26612],[5.36883,43.26828],[5.36949,43.26771],[5.36983,43.268],[5.37044,43.2678],[5.37151,43.26624],[5.37055,43.26573],[5.36919,43.26594],[5.36865,43.26673],[5.36893,43.26602],[5.36784,43.26415],[5.36814,43.26304],[5.36848,43.26386],[5.36909,43.26363],[5.36965,43.26415],[5.37057,43.26378],[5.37109,43.26302],[5.37043,43.26246],[5.37046,43.26175],[5.37052,43.26219],[5.37117,43.26214],[5.37253,43.26135],[5.3725,43.26099],[5.37173,43.26086],[5.37155,43.25995],[5.3726,43.25903],[5.37386,43.25993],[5.37417,43.25975],[5.37369,43.2593],[5.37474,43.25952],[5.37568,43.25823],[5.37566,43.25765],[5.37451,43.25738],[5.37526,43.25745],[5.37541,43.25697],[5.37474,43.25536],[5.37329,43.25541],[5.373,43.25583],[5.37188,43.25432],[5.37267,43.25503],[5.37365,43.25478],[5.37436,43.25399],[5.37423,43.253],[5.37317,43.25252],[5.37272,43.25308],[5.37076,43.25157],[5.3721,43.25241],[5.37305,43.25183],[5.37356,43.24937],[5.37268,43.24772],[5.37391,43.24725],[5.37349,43.24594],[5.37232,43.24494],[5.37031,43.24459],[5.36933,43.24476],[5.36945,43.24634],[5.36781,43.24502],[5.36544,43.2455],[5.36551,43.24582],[5.36449,43.24571],[5.36421,43.24504],[5.36809,43.2441],[5.36774,43.24332],[5.36648,43.24258],[5.36345,43.24302],[5.36369,43.2436],[5.36311,43.24338],[5.36409,43.24627],[5.36372,43.24633],[5.36184,43.24214],[5.36264,43.24128],[5.36211,43.24028],[5.36239,43.23981],[5.36104,43.23934],[5.36177,43.23819],[5.36055,43.23769],[5.36038,43.23678],[5.3597,43.23655],[5.35974,43.23564],[5.35579,43.23293],[5.35427,43.23334],[5.35285,43.23304],[5.35373,43.23225],[5.35212,43.23268],[5.35261,43.23347],[5.35175,43.23259],[5.34993,43.23199],[5.35013,43.23166],[5.34794,43.22961],[5.34832,43.22903],[5.34942,43.22891],[5.34757,43.2278],[5.34901,43.22765],[5.34669,43.22695],[5.34734,43.22641],[5.34658,43.22619],[5.34697,43.2254],[5.34824,43.22518],[5.34615,43.22458],[5.34569,43.22395],[5.3463,43.22361],[5.34534,43.22356],[5.3456,43.22276],[5.34485,43.2218],[5.34499,43.22069],[5.34606,43.22042],[5.34484,43.21969],[5.34604,43.21725],[5.34535,43.2168],[5.34603,43.21678],[5.34639,43.21544],[5.34583,43.21523],[5.34482,43.21568],[5.34559,43.21599],[5.34462,43.21635],[5.34487,43.21705],[5.34425,43.21626],[5.34268,43.21676],[5.34189,43.21643],[5.34183,43.2156],[5.34296,43.21509],[5.34278,43.2147],[5.34104,43.215],[5.34095,43.2144],[5.34037,43.21461],[5.34021,43.2143],[5.33989,43.21472],[5.33972,43.21431],[5.33884,43.21429],[5.3373,43.21513],[5.33605,43.21491],[5.33731,43.21354],[5.33761,43.21403],[5.33919,43.21348],[5.34057,43.2139],[5.34158,43.2128],[5.34477,43.21216],[5.34573,43.21291],[5.34617,43.21257],[5.34715,43.213],[5.34791,43.21201],[5.34922,43.2123],[5.35088,43.21116],[5.35271,43.21237],[5.35391,43.21241],[5.35287,43.2122],[5.35301,43.21136],[5.35233,43.21018],[5.35329,43.21042],[5.35309,43.20999],[5.35377,43.21011],[5.35368,43.20964],[5.35716,43.2084],[5.3611,43.20918],[5.36158,43.20969],[5.3615,43.2086],[5.36393,43.20729],[5.37027,43.2077],[5.37204,43.20969],[5.37273,43.20935],[5.37255,43.20879],[5.37302,43.20849],[5.37565,43.20996],[5.37823,43.21007],[5.37998,43.21066],[5.38027,43.20969],[5.38156,43.20973],[5.38363,43.22339],[5.38152,43.22277],[5.37843,43.22343],[5.37944,43.22589],[5.38099,43.22632],[5.38185,43.22705],[5.38175,43.22894],[5.38072,43.22952],[5.38146,43.232],[5.38281,43.23156],[5.38955,43.23303],[5.39194,43.23497],[5.39108,43.2363],[5.39128,43.23809],[5.39277,43.23976],[5.39004,43.24153],[5.39441,43.24436],[5.39613,43.24461],[5.39489,43.24628],[5.39693,43.24741],[5.39698,43.24909],[5.39482,43.25134],[5.39456,43.25338],[5.39935,43.25465],[5.39695,43.25809],[5.39911,43.25872],[5.39393,43.26788],[5.39696,43.26748],[5.40102,43.26902],[5.40154,43.26969],[5.39917,43.27303],[5.39912,43.27442],[5.39983,43.27462]]],[[[5.37191,43.17948],[5.37352,43.17745],[5.37248,43.17741],[5.3727,43.17704],[5.37444,43.1767],[5.37531,43.17707],[5.37627,43.17629],[5.37806,43.17573],[5.37867,43.17604],[5.38069,43.17587],[5.38155,43.17629],[5.38178,43.17521],[5.38137,43.17473],[5.38288,43.17494],[5.38504,43.17453],[5.38554,43.17398],[5.38656,43.174],[5.38546,43.17354],[5.38472,43.17367],[5.38641,43.1726],[5.38637,43.17313],[5.38713,43.1732],[5.38983,43.17271],[5.39427,43.17325],[5.39779,43.17299],[5.39797,43.17389],[5.39866,43.17375],[5.39605,43.176],[5.39384,43.1767],[5.392,43.1766],[5.39012,43.17767],[5.38793,43.17816],[5.38638,43.17917],[5.38637,43.17834],[5.38518,43.17888],[5.38488,43.17851],[5.38385,43.17856],[5.3844,43.17941],[5.38372,43.17904],[5.38205,43.17974],[5.38174,43.17954],[5.38081,43.18073],[5.37991,43.18003],[5.37784,43.17975],[5.37756,43.17928],[5.37738,43.17961],[5.37496,43.17949],[5.37508,43.17822],[5.37327,43.17958],[5.37191,43.17948]]],[[[5.3286,43.21248],[5.32871,43.21193],[5.32947,43.21185],[5.32923,43.21149],[5.33037,43.21084],[5.33272,43.21075],[5.33308,43.21055],[5.33242,43.21027],[5.33353,43.20943],[5.33482,43.20994],[5.33597,43.20894],[5.33776,43.20886],[5.33834,43.20794],[5.34,43.20927],[5.33947,43.21157],[5.3398,43.21175],[5.33799,43.2128],[5.33546,43.21245],[5.33281,43.21301],[5.33027,43.21237],[5.3286,43.21248]]],[[[5.35527,43.20132],[5.35673,43.19959],[5.36098,43.19908],[5.36235,43.19763],[5.3614,43.19757],[5.36226,43.19685],[5.36313,43.19724],[5.36376,43.19691],[5.36343,43.19659],[5.36555,43.1962],[5.36622,43.19513],[5.36842,43.19516],[5.36934,43.19449],[5.36915,43.19405],[5.37167,43.19389],[5.37003,43.19542],[5.36757,43.19658],[5.36786,43.19682],[5.36683,43.19753],[5.36507,43.19794],[5.36467,43.19868],[5.36384,43.19855],[5.36289,43.19994],[5.36191,43.20018],[5.36098,43.19943],[5.35998,43.20002],[5.35851,43.19967],[5.35825,43.20056],[5.35747,43.20073],[5.35753,43.20133],[5.35653,43.2006],[5.35567,43.20102],[5.35582,43.20147],[5.35527,43.20132]]],[[[5.38139,43.19017],[5.38168,43.18913],[5.38329,43.18857],[5.38364,43.18746],[5.38765,43.1858],[5.38902,43.18536],[5.39046,43.18618],[5.39155,43.18616],[5.38944,43.18685],[5.38943,43.18721],[5.38765,43.18746],[5.38699,43.18836],[5.38435,43.18812],[5.38447,43.1888],[5.38532,43.18913],[5.38333,43.19034],[5.38197,43.19049],[5.38206,43.1902],[5.38139,43.19017]]],[[[5.32523,43.21375],[5.32742,43.21332],[5.32815,43.21373],[5.32756,43.2148],[5.32601,43.21447],[5.32554,43.21496],[5.326,43.21388],[5.32523,43.21375]]],[[[5.39996,43.17595],[5.40062,43.17519],[5.40266,43.1763],[5.40237,43.17673],[5.40096,43.17659],[5.39996,43.17595]]],[[[5.22886,43.19802],[5.22885,43.19769],[5.23001,43.19861],[5.23132,43.19868],[5.23137,43.19907],[5.2304,43.19904],[5.23027,43.19942],[5.22896,43.19918],[5.22928,43.19853],[5.22886,43.19802]]],[[[5.3955,43.17921],[5.39576,43.17878],[5.39672,43.17873],[5.3955,43.17921]]]]},"properties":{"code_territoire":"com13208","libelle_territoire":"Marseille 8e Arrondissement"}},
{"type":"Feature","geometry":{"type":"Polygon","coordinates":[[[5.37214,43.29097],[5.3701,43.28776],[5.37012,43.28635],[5.37112,43.28451],[5.37033,43.28386],[5.37136,43.28338],[5.37245,43.2811],[5.37215,43.28042],[5.37287,43.28052],[5.37293,43.27962],[5.37382,43.2792],[5.37464,43.27985],[5.37475,43.27931],[5.37564,43.2796],[5.37563,43.27922],[5.37648,43.27919],[5.37791,43.28004],[5.37855,43.27999],[5.37858,43.28108],[5.37895,43.2806],[5.37968,43.28059],[5.37986,43.28145],[5.38177,43.28163],[5.38198,43.28114],[5.38826,43.28237],[5.38692,43.28327],[5.38874,43.28315],[5.39236,43.28281],[5.39274,43.28312],[5.39195,43.28476],[5.39072,43.28488],[5.39137,43.2863],[5.39036,43.28671],[5.38973,43.28828],[5.38915,43.28813],[5.38905,43.29318],[5.38556,43.29429],[5.38149,43.29609],[5.38232,43.29348],[5.37214,43.29097]]]},"properties":{"code_territoire":"com13206","libelle_territoire":"Marseille 6e Arrondissement"}},
{"type":"Feature","geometry":{"type":"Polygon","coordinates":[[[5.52587,43.53803],[5.52804,43.53634],[5.5258,43.5282],[5.52742,43.52652],[5.5317,43.5259],[5.53259,43.52486],[5.53159,43.52328],[5.53052,43.52271],[5.53039,43.52162],[5.52722,43.52121],[5.52788,43.51578],[5.52889,43.51437],[5.5342,43.51205],[5.53427,43.50957],[5.53156,43.5067],[5.53229,43.50593],[5.53169,43.50548],[5.53692,43.5044],[5.54243,43.50337],[5.55204,43.49906],[5.56208,43.50428],[5.5598,43.50525],[5.55849,43.50642],[5.55775,43.5079],[5.55778,43.50922],[5.55646,43.51121],[5.5562,43.51537],[5.5576,43.51687],[5.55862,43.51698],[5.55706,43.5202],[5.55755,43.52122],[5.55677,43.52376],[5.56323,43.52397],[5.57042,43.53672],[5.56683,43.53845],[5.56292,43.53816],[5.56102,43.53869],[5.5571,43.53818],[5.55357,43.53922],[5.55179,43.53909],[5.55025,43.53634],[5.54568,43.53415],[5.54221,43.5352],[5.53966,43.53757],[5.53523,43.54033],[5.53296,43.54016],[5.53143,43.53752],[5.53018,43.53737],[5.52587,43.53803]]]},"properties":{"code_territoire":"com13012","libelle_territoire":"Beaurecueil"}},
{"type":"Feature","geometry":{"type":"Polygon","coordinates":[[[5.13929,43.65395],[5.13742,43.65151],[5.13565,43.65047],[5.13452,43.6478],[5.12937,43.64447],[5.12785,43.64436],[5.12853,43.64403],[5.12936,43.64183],[5.12756,43.64133],[5.12817,43.63835],[5.12965,43.63594],[5.12868,43.63511],[5.13103,43.63399],[5.13047,43.63272],[5.13071,43.63113],[5.13135,43.63121],[5.13241,43.6279],[5.13337,43.62832],[5.13387,43.62628],[5.13149,43.62594],[5.12991,43.62624],[5.12747,43.62467],[5.12812,43.62326],[5.12965,43.62358],[5.12998,43.62211],[5.13294,43.62261],[5.1368,43.62151],[5.14001,43.61908],[5.13981,43.6159],[5.13871,43.61354],[5.14272,43.61244],[5.16478,43.61056],[5.18072,43.60618],[5.19632,43.60112],[5.19804,43.60773],[5.19584,43.61034],[5.19595,43.61141],[5.19424,43.61331],[5.19169,43.61487],[5.19124,43.61578],[5.18705,43.61661],[5.18715,43.61746],[5.18563,43.61845],[5.17756,43.62012],[5.17576,43.62088],[5.17581,43.62199],[5.17094,43.62432],[5.1686,43.6251],[5.16581,43.62461],[5.1658,43.62835],[5.16858,43.62803],[5.16891,43.63084],[5.1696,43.63075],[5.16981,43.63132],[5.17268,43.63157],[5.17253,43.63207],[5.17371,43.63212],[5.17477,43.63304],[5.17644,43.63238],[5.18095,43.63403],[5.18137,43.63445],[5.17935,43.63815],[5.18076,43.63842],[5.18039,43.64031],[5.18127,43.6404],[5.18272,43.64144],[5.18338,43.64181],[5.18251,43.6435],[5.18314,43.64366],[5.18271,43.64453],[5.18371,43.64478],[5.18307,43.64567],[5.18372,43.64593],[5.1835,43.64673],[5.18175,43.64768],[5.18206,43.65425],[5.18121,43.65553],[5.18114,43.65764],[5.17906,43.65794],[5.17844,43.65895],[5.17599,43.65721],[5.17185,43.65612],[5.16859,43.65352],[5.16587,43.65406],[5.163,43.65212],[5.15947,43.65198],[5.15222,43.65045],[5.14999,43.65176],[5.14457,43.65221],[5.13929,43.65395]]]},"properties":{"code_territoire":"com13069","libelle_territoire":"Pélissanne"}},
{"type":"Feature","geometry":{"type":"Polygon","coordinates":[[[5.13929,43.65395],[5.14131,43.65556],[5.14197,43.65723],[5.1439,43.65956],[5.14398,43.6617],[5.14162,43.66562],[5.13575,43.66697],[5.13273,43.66845],[5.12762,43.6732],[5.12759,43.67392],[5.12645,43.67446],[5.12403,43.67684],[5.12243,43.67677],[5.12186,43.67724],[5.11723,43.6841],[5.11572,43.6851],[5.11306,43.68798],[5.10887,43.68372],[5.0811,43.68542],[5.07447,43.68455],[5.07293,43.68398],[5.06962,43.68125],[5.06048,43.67515],[5.04367,43.6678],[5.02851,43.65952],[4.99837,43.64798],[4.96883,43.6583],[4.9638,43.65241],[4.9541,43.63906],[4.96877,43.6295],[4.9888,43.61809],[5.00346,43.62282],[5.01196,43.62916],[5.01247,43.64295],[5.03829,43.63427],[5.04855,43.63153],[5.0666,43.62802],[5.08719,43.62465],[5.08683,43.62224],[5.08621,43.62151],[5.08724,43.619],[5.08661,43.61741],[5.08738,43.61566],[5.0886,43.61598],[5.09191,43.6116],[5.09329,43.60854],[5.09295,43.60664],[5.09387,43.60696],[5.09739,43.60291],[5.09527,43.60159],[5.09505,43.6003],[5.09602,43.59885],[5.0998,43.60124],[5.1017,43.59799],[5.11357,43.60592],[5.11524,43.60291],[5.11858,43.60382],[5.12303,43.6057],[5.12295,43.60998],[5.12667,43.61024],[5.13183,43.60994],[5.13012,43.61434],[5.13149,43.61584],[5.12937,43.61658],[5.1302,43.61801],[5.12998,43.62211],[5.12965,43.62358],[5.12812,43.62326],[5.12747,43.62467],[5.12991,43.62624],[5.13149,43.62594],[5.13387,43.62628],[5.13337,43.62832],[5.13241,43.6279],[5.13135,43.63121],[5.13071,43.63113],[5.13047,43.63272],[5.13103,43.63399],[5.12868,43.63511],[5.12965,43.63594],[5.12817,43.63835],[5.12756,43.64133],[5.12936,43.64183],[5.12853,43.64403],[5.12785,43.64436],[5.12937,43.64447],[5.13452,43.6478],[5.13565,43.65047],[5.13742,43.65151],[5.13929,43.65395]]]},"properties":{"code_territoire":"com13103","libelle_territoire":"Salon-de-Provence"}},
{"type":"Feature","geometry":{"type":"Polygon","coordinates":[[[5.1166,43.70826],[5.1082,43.71471],[5.10328,43.72172],[5.09748,43.72458],[5.08807,43.72527],[5.08571,43.72577],[5.07733,43.72818],[5.06976,43.73089],[5.06691,43.72628],[5.06641,43.72239],[5.06499,43.72121],[5.06318,43.72156],[5.05579,43.72327],[5.05357,43.72422],[5.05407,43.7235],[5.05363,43.72161],[5.05439,43.71553],[5.06076,43.71385],[5.05955,43.70897],[5.05956,43.70749],[5.0615,43.70594],[5.06073,43.70369],[5.06245,43.69961],[5.06582,43.69922],[5.06727,43.69792],[5.06861,43.69786],[5.06719,43.69516],[5.07103,43.6864],[5.0725,43.68399],[5.07293,43.68398],[5.07447,43.68455],[5.0811,43.68542],[5.10887,43.68372],[5.11306,43.68798],[5.11572,43.6851],[5.11864,43.68793],[5.12602,43.69054],[5.12192,43.69161],[5.12146,43.69278],[5.1217,43.69695],[5.12204,43.69805],[5.12341,43.69941],[5.12115,43.70497],[5.1166,43.70826]]]},"properties":{"code_territoire":"com13049","libelle_territoire":"Lamanon"}},
{"type":"Feature","geometry":{"type":"Polygon","coordinates":[[[5.55487,43.24861],[5.56528,43.25237],[5.56684,43.2526],[5.56897,43.25404],[5.57125,43.25455],[5.57219,43.25423],[5.57909,43.2569],[5.57555,43.25691],[5.58004,43.2606],[5.58115,43.2623],[5.58575,43.2652],[5.58665,43.26679],[5.58286,43.27135],[5.57851,43.26956],[5.57065,43.26781],[5.56478,43.26414],[5.56242,43.26131],[5.5576,43.25868],[5.55691,43.25774],[5.55299,43.25725],[5.54442,43.25462],[5.54737,43.24665],[5.55082,43.2471],[5.55487,43.24861]]]},"properties":{"code_territoire":"com13119","libelle_territoire":"Carnoux-en-Provence"}},
{"type":"Feature","geometry":{"type":"Polygon","coordinates":[[[4.96468,43.72038],[4.95874,43.72129],[4.95348,43.72603],[4.95359,43.72832],[4.95168,43.72927],[4.94915,43.72961],[4.93972,43.7334],[4.92863,43.73633],[4.91728,43.7376],[4.92255,43.73106],[4.92671,43.72164],[4.92779,43.71528],[4.92967,43.71197],[4.92886,43.70965],[4.92293,43.70093],[4.92226,43.69801],[4.9265,43.68672],[4.93043,43.68745],[4.93402,43.66997],[4.96671,43.65901],[4.96429,43.67241],[4.96445,43.7024],[4.9643,43.70599],[4.96293,43.70865],[4.96292,43.71039],[4.96416,43.71129],[4.96468,43.72038]]]},"properties":{"code_territoire":"com13006","libelle_territoire":"Aureille"}},
{"type":"Feature","geometry":{"type":"Polygon","coordinates":[[[4.92559,43.85154],[4.91999,43.84989],[4.9185,43.85012],[4.91333,43.8488],[4.9093,43.84672],[4.90787,43.84765],[4.90494,43.84681],[4.90698,43.84498],[4.90517,43.84405],[4.90693,43.84274],[4.90637,43.84268],[4.90878,43.83889],[4.90777,43.83728],[4.90844,43.83585],[4.90648,43.83437],[4.90645,43.83386],[4.90813,43.83087],[4.90923,43.83084],[4.91058,43.82945],[4.90975,43.82927],[4.91301,43.82376],[4.9251,43.82814],[4.93116,43.82966],[4.92635,43.83797],[4.93158,43.84002],[4.93351,43.84374],[4.93335,43.84453],[4.93097,43.84765],[4.92559,43.85154]]]},"properties":{"code_territoire":"com13116","libelle_territoire":"Verquières"}}
]}