{"type":"FeatureCollection", "features": [
{"type":"Feature","geometry":{"type":"Polygon","coordinates":[[[3.74048,46.57593],[3.73389,46.59513],[3.73666,46.60225],[3.73305,46.6047],[3.71972,46.60502],[3.71286,46.61023],[3.72437,46.62585],[3.71631,46.63109],[3.69822,46.62489],[3.68546,46.62508],[3.68465,46.62313],[3.67973,46.62306],[3.66302,46.61654],[3.6611,46.61853],[3.64338,46.61502],[3.6373,46.61569],[3.63756,46.62042],[3.63472,46.61949],[3.62686,46.62406],[3.62636,46.62735],[3.62272,46.62041],[3.61565,46.61652],[3.61452,46.60908],[3.62164,46.60072],[3.61991,46.59332],[3.61386,46.58655],[3.62033,46.58342],[3.60961,46.57376],[3.61255,46.56978],[3.60619,46.56585],[3.61217,46.56187],[3.61605,46.55507],[3.60632,46.54884],[3.61635,46.54584],[3.62132,46.55204],[3.62638,46.55035],[3.62652,46.54632],[3.64084,46.54607],[3.64688,46.5425],[3.65796,46.54861],[3.65771,46.55145],[3.6693,46.55072],[3.67344,46.54726],[3.67616,46.5512],[3.67995,46.55208],[3.68088,46.55775],[3.68918,46.56447],[3.68902,46.56784],[3.69794,46.56708],[3.70257,46.57206],[3.71342,46.57174],[3.71315,46.56888],[3.72274,46.57281],[3.7296,46.57253],[3.7351,46.57626],[3.74048,46.57593]]]},"properties":{"code_territoire":"iris030190000","libelle_territoire":"Beaulon (commune non irisée)"}},
{"type":"Feature","geometry":{"type":"Polygon","coordinates":[[[2.9259,46.24938],[2.92928,46.25676],[2.92454,46.26404],[2.9248,46.26921],[2.91841,46.28554],[2.90705,46.28884],[2.90875,46.29298],[2.90429,46.29718],[2.89952,46.29735],[2.89777,46.30265],[2.89292,46.30217],[2.89396,46.30791],[2.88424,46.30605],[2.88538,46.30254],[2.88138,46.29837],[2.87329,46.29643],[2.87446,46.29071],[2.86215,46.28037],[2.85738,46.27779],[2.85556,46.27167],[2.85166,46.27105],[2.85133,46.27243],[2.84857,46.27024],[2.854,46.26527],[2.85264,46.26038],[2.86122,46.25892],[2.85989,46.25659],[2.86493,46.24954],[2.87252,46.25231],[2.89076,46.25374],[2.90436,46.24853],[2.9259,46.24938]]]},"properties":{"code_territoire":"iris030200000","libelle_territoire":"Beaune-d'Allier (commune non irisée)"}},
{"type":"Feature","geometry":{"type":"Polygon","coordinates":[[[3.11539,46.12178],[3.11151,46.12023],[3.11197,46.11496],[3.1209,46.11445],[3.14652,46.10845],[3.15433,46.11512],[3.1666,46.11979],[3.16601,46.13411],[3.15532,46.13274],[3.14829,46.13786],[3.13879,46.13332],[3.13129,46.13482],[3.12672,46.12648],[3.12019,46.12611],[3.11539,46.12178]]]},"properties":{"code_territoire":"iris030210000","libelle_territoire":"Bègues (commune non irisée)"}},
{"type":"Feature","geometry":{"type":"Polygon","coordinates":[[[3.03082,46.18329],[3.04006,46.17822],[3.06598,46.17804],[3.07082,46.18085],[3.08141,46.17937],[3.08861,46.18084],[3.0878,46.17763],[3.09342,46.17423],[3.10015,46.17575],[3.1013,46.17947],[3.09863,46.18209],[3.10133,46.18421],[3.10871,46.18434],[3.11047,46.18961],[3.11787,46.19089],[3.11252,46.1973],[3.10681,46.19491],[3.1009,46.20187],[3.09696,46.20084],[3.09124,46.20615],[3.0947,46.20878],[3.09379,46.21072],[3.0968,46.21124],[3.09936,46.22334],[3.09614,46.22806],[3.09715,46.23143],[3.08803,46.2328],[3.09007,46.23747],[3.08426,46.23692],[3.07552,46.24436],[3.07009,46.24274],[3.06711,46.23776],[3.05098,46.22745],[3.0309,46.23117],[3.03266,46.21764],[3.02643,46.21859],[3.0207,46.20508],[3.02787,46.20656],[3.02748,46.20213],[3.02097,46.19662],[3.0289,46.1923],[3.02939,46.18738],[3.03274,46.18612],[3.03082,46.18329]]]},"properties":{"code_territoire":"iris030220000","libelle_territoire":"Bellenaves (commune non irisée)"}},
{"type":"Feature","geometry":{"type":"Polygon","coordinates":[[[3.38229,46.10997],[3.39266,46.11525],[3.39367,46.10761],[3.40273,46.11037],[3.4051,46.11726],[3.40133,46.12523],[3.38893,46.12339],[3.38397,46.11501],[3.37409,46.10965],[3.37357,46.10678],[3.38229,46.10997]]]},"properties":{"code_territoire":"iris030230101","libelle_territoire":"Centre Ville Haut"}},
{"type":"Feature","geometry":{"type":"Polygon","coordinates":[[[3.41525,46.1205],[3.41108,46.11873],[3.40658,46.11999],[3.40133,46.12523],[3.4051,46.11726],[3.40273,46.11037],[3.40673,46.10922],[3.40432,46.10704],[3.40766,46.10725],[3.41713,46.11923],[3.41525,46.1205]]]},"properties":{"code_territoire":"iris030230102","libelle_territoire":"Centre Ville Bas"}},
{"type":"Feature","geometry":{"type":"Polygon","coordinates":[[[3.41401,46.12908],[3.41356,46.13233],[3.41235,46.137],[3.41092,46.14204],[3.39762,46.14972],[3.37483,46.14749],[3.37367,46.1439],[3.36846,46.14262],[3.37143,46.13989],[3.36885,46.1372],[3.37123,46.13605],[3.37002,46.13292],[3.3798,46.1271],[3.37714,46.12549],[3.37004,46.11876],[3.37121,46.11077],[3.37409,46.10965],[3.38397,46.11501],[3.38893,46.12339],[3.40133,46.12523],[3.40658,46.11999],[3.41108,46.11873],[3.41525,46.1205],[3.41162,46.12561],[3.41401,46.12908]]]},"properties":{"code_territoire":"iris030230103","libelle_territoire":"Extérieur Haut"}},
{"type":"Feature","geometry":{"type":"Polygon","coordinates":[[[3.41713,46.11923],[3.40766,46.10725],[3.40432,46.10704],[3.40673,46.10922],[3.40273,46.11037],[3.39367,46.10761],[3.39266,46.11525],[3.38229,46.10997],[3.38535,46.10833],[3.3846,46.10475],[3.38793,46.10104],[3.39348,46.10195],[3.3981,46.09322],[3.40781,46.0907],[3.41512,46.09798],[3.42475,46.10294],[3.42237,46.10704],[3.42431,46.10993],[3.43661,46.11307],[3.43278,46.11612],[3.42646,46.11703],[3.41713,46.11923]]]},"properties":{"code_territoire":"iris030230104","libelle_territoire":"Extérieur Bas"}},
{"type":"Feature","geometry":{"type":"Polygon","coordinates":[[[3.68276,46.35248],[3.67934,46.34858],[3.68165,46.34709],[3.66456,46.34945],[3.6612,46.34254],[3.66581,46.32491],[3.66291,46.32323],[3.66827,46.31967],[3.66617,46.31375],[3.68716,46.30889],[3.69307,46.30451],[3.69754,46.31165],[3.7072,46.30759],[3.70998,46.31094],[3.71642,46.31285],[3.72108,46.3029],[3.73218,46.30398],[3.73635,46.31617],[3.73898,46.3145],[3.74501,46.31717],[3.74494,46.32491],[3.74696,46.33968],[3.74048,46.33821],[3.72811,46.34134],[3.71697,46.34133],[3.70904,46.33578],[3.70625,46.33833],[3.70988,46.33985],[3.70641,46.33946],[3.70692,46.34213],[3.71073,46.34215],[3.70837,46.34712],[3.69911,46.34744],[3.70152,46.35007],[3.69845,46.35099],[3.69421,46.34814],[3.69284,46.35009],[3.68823,46.3492],[3.68276,46.35248]]]},"properties":{"code_territoire":"iris030240000","libelle_territoire":"Bert (commune non irisée)"}},
{"type":"Feature","geometry":{"type":"Polygon","coordinates":[[[3.32828,46.44111],[3.34983,46.42987],[3.35746,46.42796],[3.35583,46.42283],[3.35624,46.42025],[3.36011,46.41917],[3.36167,46.42187],[3.37877,46.41487],[3.38497,46.41579],[3.37978,46.41998],[3.39014,46.42271],[3.40079,46.42276],[3.40381,46.42675],[3.41357,46.43073],[3.41595,46.43603],[3.41175,46.44432],[3.41559,46.4467],[3.39915,46.45321],[3.39414,46.45891],[3.38766,46.46153],[3.38344,46.46793],[3.38702,46.47153],[3.38574,46.47429],[3.38992,46.47716],[3.38651,46.47974],[3.38399,46.4792],[3.37955,46.48224],[3.3622,46.47947],[3.35322,46.48517],[3.34643,46.48184],[3.32647,46.48665],[3.32741,46.47548],[3.33167,46.4664],[3.32605,46.45753],[3.32789,46.45252],[3.33297,46.44889],[3.32828,46.44111]]]},"properties":{"code_territoire":"iris030250000","libelle_territoire":"Bessay-sur-Allier (commune non irisée)"}},
{"type":"Feature","geometry":{"type":"Polygon","coordinates":[[[3.2887,46.50893],[3.28044,46.50717],[3.28091,46.51124],[3.27637,46.51195],[3.27961,46.51286],[3.27786,46.52019],[3.26665,46.51505],[3.25808,46.51528],[3.25054,46.51932],[3.23777,46.52122],[3.23632,46.51722],[3.231,46.51318],[3.22873,46.51394],[3.19934,46.48487],[3.20591,46.46591],[3.21732,46.45862],[3.21922,46.45243],[3.22296,46.45154],[3.22901,46.45071],[3.24163,46.45684],[3.25111,46.45726],[3.2549,46.45233],[3.26618,46.4519],[3.26646,46.44388],[3.28803,46.44214],[3.29632,46.44797],[3.30522,46.45703],[3.30065,46.46426],[3.30446,46.47725],[3.29237,46.47991],[3.3003,46.48667],[3.30016,46.49053],[3.29288,46.4905],[3.29065,46.49659],[3.28708,46.49571],[3.28542,46.4974],[3.28756,46.49928],[3.28471,46.50012],[3.28702,46.50156],[3.28548,46.50584],[3.2887,46.50893]]]},"properties":{"code_territoire":"iris030260000","libelle_territoire":"Besson (commune non irisée)"}},
{"type":"Feature","geometry":{"type":"Polygon","coordinates":[[[3.42168,46.09055],[3.43484,46.08736],[3.44065,46.09692],[3.45568,46.08637],[3.4613,46.079],[3.47287,46.08251],[3.48004,46.08205],[3.48566,46.0837],[3.48773,46.08671],[3.47583,46.09931],[3.46655,46.10242],[3.46755,46.10002],[3.4612,46.10157],[3.45827,46.09999],[3.44527,46.11065],[3.43877,46.11335],[3.43661,46.11307],[3.42431,46.10993],[3.42237,46.10704],[3.42475,46.10294],[3.41512,46.09798],[3.41671,46.09082],[3.42168,46.09055]]]},"properties":{"code_territoire":"iris030010000","libelle_territoire":"Abrest (commune non irisée)"}},
{"type":"Feature","geometry":{"type":"Polygon","coordinates":[[[2.8544,46.31144],[2.85882,46.31514],[2.86673,46.31616],[2.86624,46.32217],[2.86887,46.32781],[2.86509,46.3448],[2.86094,46.3497],[2.85956,46.34833],[2.84913,46.34951],[2.84886,46.35144],[2.84812,46.35354],[2.84122,46.35509],[2.84092,46.34494],[2.83718,46.34574],[2.83147,46.34286],[2.8317,46.33709],[2.82301,46.33601],[2.8265,46.33315],[2.82649,46.32933],[2.83386,46.32372],[2.83819,46.32411],[2.8381,46.31819],[2.84192,46.31907],[2.84449,46.3146],[2.8512,46.31392],[2.8544,46.31144]]]},"properties":{"code_territoire":"iris030270000","libelle_territoire":"Bézenet (commune non irisée)"}},
{"type":"Feature","geometry":{"type":"Polygon","coordinates":[[[3.09267,46.61626],[3.10262,46.61284],[3.10129,46.61056],[3.1046,46.60816],[3.10607,46.60906],[3.10932,46.60494],[3.11617,46.6048],[3.12904,46.60047],[3.13358,46.59574],[3.14491,46.59597],[3.14194,46.60002],[3.17526,46.6002],[3.17399,46.60542],[3.1895,46.60247],[3.20089,46.59753],[3.20525,46.59925],[3.20424,46.60217],[3.18082,46.6056],[3.18356,46.60864],[3.19161,46.60826],[3.19277,46.61159],[3.18792,46.61898],[3.18076,46.62158],[3.17716,46.62806],[3.16919,46.63154],[3.172,46.6445],[3.1633,46.64747],[3.16245,46.65175],[3.15781,46.65063],[3.15923,46.64784],[3.15605,46.6425],[3.13144,46.63722],[3.12681,46.6269],[3.11882,46.62558],[3.11544,46.62767],[3.11229,46.62495],[3.11383,46.62371],[3.10769,46.62272],[3.10206,46.61758],[3.09303,46.61647],[3.09267,46.61626]]]},"properties":{"code_territoire":"iris030020000","libelle_territoire":"Agonges (commune non irisée)"}},
{"type":"Feature","geometry":{"type":"Polygon","coordinates":[[[2.67782,46.70454],[2.68564,46.6983],[2.69033,46.69963],[2.69379,46.69758],[2.6967,46.69926],[2.71041,46.68969],[2.71178,46.6916],[2.71875,46.68786],[2.73242,46.69085],[2.73333,46.69818],[2.74203,46.70157],[2.74814,46.69897],[2.75282,46.69987],[2.75535,46.70519],[2.75964,46.70468],[2.7599,46.71068],[2.75574,46.71335],[2.75852,46.71766],[2.75491,46.71925],[2.75663,46.72481],[2.74405,46.72879],[2.74177,46.73486],[2.7365,46.73807],[2.73973,46.74134],[2.72885,46.74849],[2.71849,46.74175],[2.71513,46.74518],[2.70487,46.73943],[2.70539,46.73302],[2.7008,46.72818],[2.7069,46.72539],[2.70213,46.7182],[2.69605,46.7235],[2.69208,46.72254],[2.69155,46.71967],[2.68719,46.72261],[2.68431,46.72178],[2.68621,46.71449],[2.67145,46.70884],[2.67782,46.70454]]]},"properties":{"code_territoire":"iris030030000","libelle_territoire":"Ainay-le-Château (commune non irisée)"}},
{"type":"Feature","geometry":{"type":"Polygon","coordinates":[[[3.69908,46.25944],[3.70007,46.25222],[3.70589,46.24788],[3.7149,46.24836],[3.72054,46.24288],[3.73089,46.24162],[3.7353,46.23551],[3.74515,46.23117],[3.7431,46.22425],[3.74811,46.22521],[3.75815,46.22273],[3.77335,46.22719],[3.76821,46.23881],[3.76928,46.24127],[3.77807,46.24322],[3.77697,46.24641],[3.78123,46.25305],[3.77144,46.25808],[3.77393,46.25926],[3.77557,46.26739],[3.75993,46.27151],[3.75121,46.26977],[3.7449,46.27319],[3.73823,46.2688],[3.72985,46.2676],[3.72474,46.26376],[3.71229,46.26541],[3.70536,46.26058],[3.69908,46.25944]]]},"properties":{"code_territoire":"iris030040000","libelle_territoire":"Andelaroche (commune non irisée)"}},
{"type":"Feature","geometry":{"type":"Polygon","coordinates":[[[3.54188,46.21294],[3.53813,46.2106],[3.54836,46.21003],[3.56011,46.19009],[3.56662,46.18855],[3.57455,46.19021],[3.59037,46.186],[3.59316,46.19661],[3.59139,46.19839],[3.60653,46.20965],[3.60701,46.21294],[3.60998,46.21303],[3.61351,46.21385],[3.61134,46.22468],[3.59229,46.2204],[3.58974,46.2278],[3.58897,46.23003],[3.57773,46.22619],[3.56528,46.229],[3.56272,46.22453],[3.54188,46.21294]]]},"properties":{"code_territoire":"iris030280000","libelle_territoire":"Billezois (commune non irisée)"}},
{"type":"Feature","geometry":{"type":"Polygon","coordinates":[[[3.42117,46.24705],[3.42492,46.24084],[3.41885,46.2233],[3.42111,46.21286],[3.43082,46.21564],[3.44207,46.21454],[3.44713,46.218],[3.46087,46.21911],[3.46125,46.22081],[3.45653,46.22121],[3.4598,46.22559],[3.45396,46.22715],[3.45426,46.23451],[3.45692,46.23737],[3.46373,46.23649],[3.46388,46.23876],[3.46177,46.24617],[3.45548,46.25041],[3.44619,46.24935],[3.44187,46.25092],[3.43975,46.24634],[3.42117,46.24705]]]},"properties":{"code_territoire":"iris030290000","libelle_territoire":"Billy (commune non irisée)"}},
{"type":"Feature","geometry":{"type":"Polygon","coordinates":[[[2.3882,46.33161],[2.3957,46.33898],[2.40476,46.34093],[2.40624,46.34499],[2.42078,46.35317],[2.43508,46.34871],[2.44873,46.35311],[2.44828,46.3568],[2.44536,46.35658],[2.43872,46.36676],[2.44087,46.37048],[2.43734,46.37615],[2.44371,46.37876],[2.44125,46.38267],[2.43819,46.38236],[2.44132,46.38528],[2.43528,46.38862],[2.43477,46.39343],[2.42924,46.39276],[2.42508,46.39488],[2.40972,46.39071],[2.40106,46.39427],[2.39095,46.39521],[2.38646,46.39319],[2.38098,46.38514],[2.37201,46.38703],[2.37707,46.38299],[2.38875,46.37958],[2.38444,46.37321],[2.38683,46.36863],[2.38455,46.36746],[2.38865,46.36656],[2.38676,46.36494],[2.38975,46.36314],[2.38721,46.36229],[2.39075,46.35988],[2.38767,46.3597],[2.38753,46.35504],[2.38313,46.35544],[2.37468,46.34801],[2.37758,46.34218],[2.37628,46.33818],[2.38587,46.33204],[2.3882,46.33161]]]},"properties":{"code_territoire":"iris030050000","libelle_territoire":"Archignat (commune non irisée)"}},
{"type":"Feature","geometry":{"type":"Polygon","coordinates":[[[3.74026,46.19459],[3.73552,46.18308],[3.73111,46.1825],[3.72664,46.18627],[3.70887,46.18278],[3.70667,46.17897],[3.70859,46.17602],[3.70213,46.16678],[3.69191,46.1614],[3.69613,46.15833],[3.68783,46.15041],[3.6914,46.1415],[3.67616,46.13773],[3.68126,46.12925],[3.69348,46.12836],[3.71167,46.11681],[3.72353,46.11548],[3.73819,46.11004],[3.74318,46.1059],[3.76455,46.09903],[3.77324,46.10011],[3.7933,46.11223],[3.79683,46.11816],[3.79696,46.12549],[3.80214,46.13066],[3.79857,46.13453],[3.79896,46.13832],[3.79123,46.14463],[3.79334,46.146],[3.79006,46.15112],[3.79149,46.15662],[3.77789,46.16271],[3.77511,46.16629],[3.76664,46.16761],[3.76637,46.17144],[3.76993,46.17283],[3.76415,46.17801],[3.76636,46.18144],[3.75081,46.1823],[3.74471,46.19398],[3.74026,46.19459]]]},"properties":{"code_territoire":"iris030060000","libelle_territoire":"Arfeuilles (commune non irisée)"}},
{"type":"Feature","geometry":{"type":"Polygon","coordinates":[[[3.30246,46.06594],[3.30711,46.07013],[3.3291,46.07577],[3.33282,46.08032],[3.32342,46.08149],[3.31959,46.0883],[3.31368,46.0899],[3.31731,46.09586],[3.27122,46.09633],[3.25856,46.10031],[3.25264,46.09038],[3.25404,46.08774],[3.26248,46.08527],[3.26098,46.08379],[3.2649,46.08346],[3.26088,46.06732],[3.25658,46.06596],[3.27732,46.06198],[3.28204,46.06684],[3.29492,46.06254],[3.30246,46.06594]]]},"properties":{"code_territoire":"iris030300000","libelle_territoire":"Biozat (commune non irisée)"}},
{"type":"Feature","geometry":{"type":"Polygon","coordinates":[[[2.7001,46.37536],[2.70884,46.36948],[2.72095,46.36817],[2.74802,46.37184],[2.74205,46.3811],[2.76491,46.39251],[2.7641,46.39487],[2.77756,46.40462],[2.77849,46.40769],[2.77735,46.4101],[2.77075,46.40966],[2.7656,46.41497],[2.76128,46.4142],[2.75743,46.41637],[2.75713,46.42033],[2.75319,46.42044],[2.75162,46.42593],[2.74766,46.42412],[2.74464,46.42949],[2.73691,46.43223],[2.71789,46.43086],[2.71326,46.43564],[2.70427,46.43373],[2.70206,46.43625],[2.70078,46.43476],[2.70205,46.43334],[2.69627,46.42701],[2.70309,46.41408],[2.70988,46.41013],[2.71688,46.4091],[2.7161,46.40325],[2.7036,46.39816],[2.69753,46.38773],[2.69158,46.38377],[2.7001,46.37536]]]},"properties":{"code_territoire":"iris030310000","libelle_territoire":"Bizeneuille (commune non irisée)"}},
{"type":"Feature","geometry":{"type":"Polygon","coordinates":[[[2.7157,46.23261],[2.7049,46.23886],[2.6993,46.23961],[2.68593,46.23899],[2.6809,46.23533],[2.67419,46.23902],[2.66408,46.23168],[2.66067,46.23149],[2.65449,46.23549],[2.65348,46.24099],[2.64814,46.25474],[2.63258,46.25887],[2.63347,46.25231],[2.62528,46.24534],[2.62745,46.241],[2.62369,46.23552],[2.64443,46.22991],[2.64593,46.22366],[2.64275,46.21726],[2.64884,46.20405],[2.66001,46.20054],[2.66152,46.19727],[2.66607,46.19573],[2.67102,46.1985],[2.67374,46.20721],[2.6819,46.20623],[2.68541,46.20988],[2.68345,46.21734],[2.69196,46.22274],[2.69239,46.22824],[2.70015,46.22716],[2.70233,46.22333],[2.70887,46.22182],[2.71468,46.22336],[2.71309,46.22792],[2.7157,46.23261]]]},"properties":{"code_territoire":"iris030070000","libelle_territoire":"Arpheuilles-Saint-Priest (commune non irisée)"}},
{"type":"Feature","geometry":{"type":"Polygon","coordinates":[[[3.53761,46.08719],[3.53262,46.08381],[3.53241,46.07729],[3.54007,46.06626],[3.55575,46.05823],[3.55159,46.0482],[3.54571,46.04737],[3.55172,46.03556],[3.55217,46.02565],[3.54874,46.01616],[3.55266,46.01549],[3.55613,46.01923],[3.57756,46.01771],[3.58826,46.02431],[3.59321,46.02845],[3.5906,46.0354],[3.59354,46.03407],[3.59234,46.03808],[3.60035,46.04658],[3.59702,46.04997],[3.60905,46.05531],[3.60686,46.06253],[3.61135,46.07463],[3.6063,46.07635],[3.60775,46.0794],[3.60171,46.08529],[3.59692,46.08603],[3.59111,46.08046],[3.57855,46.07724],[3.57162,46.07121],[3.56082,46.06952],[3.5536,46.07367],[3.54211,46.07504],[3.54084,46.08432],[3.53761,46.08719]]]},"properties":{"code_territoire":"iris030080000","libelle_territoire":"Arronnes (commune non irisée)"}},
{"type":"Feature","geometry":{"type":"Polygon","coordinates":[[[3.0104,46.2992],[3.00349,46.30074],[2.99663,46.29769],[2.98882,46.3042],[2.96934,46.31083],[2.96138,46.31523],[2.95306,46.31177],[2.95302,46.3087],[2.94574,46.30619],[2.94912,46.30331],[2.94878,46.29879],[2.94666,46.29701],[2.93339,46.29942],[2.91841,46.28554],[2.9248,46.26921],[2.93716,46.27122],[2.944,46.26629],[2.95478,46.26747],[2.97099,46.27082],[2.97855,46.27952],[2.98441,46.28071],[2.98947,46.27649],[3.00499,46.2754],[3.00331,46.28543],[3.0104,46.2992]]]},"properties":{"code_territoire":"iris030320000","libelle_territoire":"Blomard (commune non irisée)"}},
{"type":"Feature","geometry":{"type":"Polygon","coordinates":[[[3.12758,46.66795],[3.12544,46.66141],[3.13275,46.66131],[3.14148,46.65671],[3.14993,46.65619],[3.15781,46.65063],[3.16245,46.65175],[3.1633,46.64747],[3.172,46.6445],[3.17284,46.65074],[3.16841,46.65776],[3.19389,46.67189],[3.20845,46.67678],[3.20437,46.67886],[3.19025,46.68255],[3.17891,46.68866],[3.16612,46.69138],[3.14703,46.71023],[3.14407,46.70902],[3.15438,46.69275],[3.14678,46.68732],[3.1474,46.68338],[3.14505,46.68295],[3.14704,46.68104],[3.14086,46.6775],[3.12758,46.67511],[3.13006,46.67411],[3.12758,46.66795]]]},"properties":{"code_territoire":"iris030090000","libelle_territoire":"Aubigny (commune non irisée)"}},
{"type":"Feature","geometry":{"type":"Polygon","coordinates":[[[2.59502,46.44676],[2.59476,46.4494],[2.59007,46.44924],[2.59004,46.45065],[2.59957,46.45302],[2.6028,46.45826],[2.60905,46.45887],[2.60739,46.47043],[2.60121,46.47405],[2.6019,46.47594],[2.60735,46.47568],[2.61053,46.47822],[2.60612,46.48083],[2.60072,46.4803],[2.60139,46.48484],[2.5961,46.48764],[2.57166,46.48179],[2.54734,46.47869],[2.53206,46.47919],[2.53109,46.47277],[2.52044,46.46674],[2.52183,46.45558],[2.50648,46.44981],[2.50511,46.43929],[2.51749,46.44116],[2.52067,46.43438],[2.54932,46.43972],[2.55923,46.43841],[2.56273,46.44672],[2.5852,46.44909],[2.59502,46.44676]]]},"properties":{"code_territoire":"iris030100000","libelle_territoire":"Audes (commune non irisée)"}},
{"type":"Feature","geometry":{"type":"Polygon","coordinates":[[[3.48482,46.19057],[3.48847,46.18528],[3.48252,46.18422],[3.48302,46.18063],[3.49356,46.17275],[3.49951,46.16294],[3.50767,46.16973],[3.51686,46.16413],[3.5216,46.1637],[3.52719,46.16705],[3.52313,46.16901],[3.52625,46.1726],[3.51966,46.18197],[3.51878,46.18605],[3.52283,46.19275],[3.51783,46.20209],[3.5159,46.20098],[3.51264,46.20515],[3.49528,46.19711],[3.48482,46.19057]]]},"properties":{"code_territoire":"iris030330000","libelle_territoire":"Bost (commune non irisée)"}},
{"type":"Feature","geometry":{"type":"Polygon","coordinates":[[[3.47127,46.29469],[3.47865,46.2898],[3.48993,46.2928],[3.49042,46.2982],[3.49996,46.29943],[3.50384,46.30284],[3.52237,46.30985],[3.53181,46.30835],[3.5237,46.31925],[3.52702,46.32833],[3.52407,46.33785],[3.51243,46.33934],[3.50848,46.33866],[3.50599,46.34443],[3.49951,46.34519],[3.49456,46.34582],[3.4897,46.34283],[3.48054,46.34226],[3.47995,46.34433],[3.47732,46.34422],[3.47511,46.34357],[3.47732,46.34006],[3.47027,46.34109],[3.46167,46.3391],[3.45972,46.33024],[3.46172,46.31669],[3.46959,46.31107],[3.47127,46.29469]]]},"properties":{"code_territoire":"iris030340000","libelle_territoire":"Boucé (commune non irisée)"}},
{"type":"Feature","geometry":{"type":"Polygon","coordinates":[[[3.29277,46.65813],[3.31603,46.66103],[3.32336,46.65827],[3.3376,46.66587],[3.34981,46.66746],[3.35324,46.67546],[3.36355,46.67662],[3.35818,46.68349],[3.35584,46.68349],[3.35748,46.68878],[3.34656,46.68455],[3.3136,46.68904],[3.31164,46.69527],[3.3015,46.70638],[3.30063,46.7165],[3.28943,46.714],[3.28305,46.71514],[3.27208,46.70796],[3.27317,46.70376],[3.26505,46.69407],[3.26781,46.69213],[3.264,46.68631],[3.26107,46.68579],[3.27353,46.6762],[3.27814,46.66858],[3.28913,46.66286],[3.28971,46.65913],[3.29277,46.65813]]]},"properties":{"code_territoire":"iris030110000","libelle_territoire":"Aurouër (commune non irisée)"}},
{"type":"Feature","geometry":{"type":"Polygon","coordinates":[[[3.08502,46.54268],[3.09055,46.54091],[3.09371,46.53613],[3.10557,46.52877],[3.11547,46.52573],[3.12341,46.52791],[3.1219,46.52266],[3.12402,46.52031],[3.13974,46.52114],[3.15064,46.52474],[3.14767,46.53085],[3.15535,46.53289],[3.14948,46.5502],[3.1515,46.55682],[3.14017,46.55929],[3.12357,46.56937],[3.12009,46.56673],[3.11845,46.5683],[3.10792,46.56508],[3.08743,46.55636],[3.08973,46.54798],[3.08502,46.54268]]]},"properties":{"code_territoire":"iris030120000","libelle_territoire":"Autry-Issards (commune non irisée)"}},
{"type":"Feature","geometry":{"type":"Polygon","coordinates":[[[3.35339,46.61142],[3.34503,46.61223],[3.33219,46.60825],[3.33297,46.61205],[3.33,46.6121],[3.30676,46.6051],[3.30572,46.61248],[3.29961,46.61689],[3.2942,46.61517],[3.29277,46.617],[3.27335,46.61216],[3.28896,46.60146],[3.28788,46.59651],[3.30911,46.58047],[3.31247,46.58038],[3.31822,46.57524],[3.32729,46.57981],[3.33317,46.5814],[3.33349,46.58534],[3.34174,46.58917],[3.35087,46.59358],[3.35875,46.60409],[3.3584,46.60928],[3.35339,46.61142]]]},"properties":{"code_territoire":"iris030130000","libelle_territoire":"Avermes (commune non irisée)"}},
{"type":"Feature","geometry":{"type":"Polygon","coordinates":[[[3.94778,46.30562],[3.94936,46.31353],[3.94578,46.32124],[3.95899,46.319],[3.96905,46.32199],[3.97506,46.32114],[3.98402,46.31872],[3.98819,46.31492],[3.98941,46.32296],[3.99511,46.32247],[4.0047,46.32756],[3.98914,46.3271],[3.98561,46.32859],[3.98919,46.34375],[3.98742,46.35109],[3.96172,46.34846],[3.96217,46.34598],[3.95344,46.34264],[3.95467,46.34027],[3.95115,46.33718],[3.94777,46.34114],[3.93795,46.34121],[3.93767,46.33631],[3.9396,46.32365],[3.94686,46.31497],[3.94581,46.30641],[3.94778,46.30562]]]},"properties":{"code_territoire":"iris030140000","libelle_territoire":"Avrilly (commune non irisée)"}},
{"type":"Feature","geometry":{"type":"Polygon","coordinates":[[[3.88646,46.27381],[3.89953,46.27593],[3.89349,46.28004],[3.89124,46.28525],[3.89881,46.28842],[3.89723,46.2926],[3.91413,46.29685],[3.9347,46.29666],[3.94557,46.30084],[3.94778,46.30562],[3.94581,46.30641],[3.94686,46.31497],[3.9396,46.32365],[3.93767,46.33631],[3.92936,46.33502],[3.91417,46.33276],[3.91009,46.32844],[3.90476,46.32824],[3.89855,46.32056],[3.88855,46.32058],[3.88282,46.31661],[3.87696,46.31928],[3.87338,46.30558],[3.86604,46.29858],[3.87286,46.28674],[3.8791,46.28424],[3.88028,46.27888],[3.88646,46.27381]]]},"properties":{"code_territoire":"iris030350000","libelle_territoire":"Le Bouchaud (commune non irisée)"}},
{"type":"Feature","geometry":{"type":"Polygon","coordinates":[[[3.05334,46.54565],[3.06787,46.54927],[3.0716,46.55185],[3.07654,46.54198],[3.08502,46.54268],[3.08973,46.54798],[3.08743,46.55636],[3.10792,46.56508],[3.10479,46.56466],[3.09444,46.57078],[3.09986,46.57742],[3.09841,46.58103],[3.10123,46.582],[3.09852,46.58449],[3.09929,46.58795],[3.10645,46.58642],[3.1046,46.60816],[3.10129,46.61056],[3.10262,46.61284],[3.09267,46.61626],[3.07534,46.61668],[3.05789,46.62407],[3.05727,46.62226],[3.04731,46.61937],[3.04383,46.62143],[3.03819,46.62114],[3.04076,46.61529],[3.03745,46.61403],[3.02595,46.61411],[3.0291,46.60972],[3.02188,46.60293],[3.01613,46.60203],[3.00795,46.60598],[2.99881,46.59178],[2.98555,46.59531],[2.98161,46.58994],[2.98738,46.58721],[2.99306,46.58762],[2.99431,46.58545],[2.99639,46.57823],[2.98943,46.57357],[2.99451,46.57268],[2.98856,46.56664],[2.99178,46.56294],[2.99194,46.55965],[2.98917,46.55826],[2.99371,46.55519],[3.00426,46.55877],[3.00738,46.55505],[3.0167,46.56171],[3.02114,46.55813],[3.02862,46.56164],[3.0322,46.5575],[3.04378,46.5568],[3.04343,46.55268],[3.05135,46.55362],[3.05334,46.54565]]]},"properties":{"code_territoire":"iris030360000","libelle_territoire":"Bourbon-l'Archambault (commune non irisée)"}},
{"type":"Feature","geometry":{"type":"Polygon","coordinates":[[[3.20845,46.67678],[3.19389,46.67189],[3.16841,46.65776],[3.17284,46.65074],[3.172,46.6445],[3.16919,46.63154],[3.17716,46.62806],[3.18076,46.62158],[3.18792,46.61898],[3.19792,46.61852],[3.2026,46.62132],[3.23176,46.62608],[3.23201,46.62854],[3.24395,46.63379],[3.23698,46.63993],[3.24586,46.6392],[3.24338,46.64727],[3.23421,46.65319],[3.22242,46.66772],[3.20845,46.67678]]]},"properties":{"code_territoire":"iris030150000","libelle_territoire":"Bagneux (commune non irisée)"}},
{"type":"Feature","geometry":{"type":"Polygon","coordinates":[[[3.24404,46.20687],[3.26194,46.20177],[3.2631,46.2066],[3.26823,46.20925],[3.26856,46.21176],[3.26249,46.22135],[3.264,46.22505],[3.2608,46.23469],[3.24992,46.23611],[3.24133,46.243],[3.24125,46.23622],[3.2443,46.23421],[3.23651,46.22791],[3.23765,46.22403],[3.22826,46.22326],[3.22898,46.21852],[3.23352,46.21807],[3.22914,46.21765],[3.23028,46.21311],[3.22676,46.21214],[3.22651,46.20908],[3.24404,46.20687]]]},"properties":{"code_territoire":"iris030160000","libelle_territoire":"Barberier (commune non irisée)"}},
{"type":"Feature","geometry":{"type":"Polygon","coordinates":[[[3.73823,46.2688],[3.7319,46.28228],[3.72816,46.28457],[3.72864,46.29451],[3.7381,46.29813],[3.73218,46.30398],[3.72108,46.3029],[3.71642,46.31285],[3.70998,46.31094],[3.7072,46.30759],[3.69754,46.31165],[3.69307,46.30451],[3.68716,46.30889],[3.66617,46.31375],[3.65261,46.30736],[3.65486,46.30222],[3.65656,46.29878],[3.66633,46.29424],[3.68041,46.29596],[3.69867,46.2925],[3.7007,46.28954],[3.69463,46.28109],[3.66418,46.27347],[3.66342,46.26805],[3.65829,46.26527],[3.66886,46.26096],[3.66813,46.25625],[3.67173,46.25439],[3.66822,46.24962],[3.68371,46.24788],[3.68507,46.25609],[3.68284,46.25835],[3.69531,46.26051],[3.69908,46.25944],[3.70536,46.26058],[3.71229,46.26541],[3.72474,46.26376],[3.72985,46.2676],[3.73823,46.2688]]]},"properties":{"code_territoire":"iris030170000","libelle_territoire":"Barrais-Bussolles (commune non irisée)"}},
{"type":"Feature","geometry":{"type":"Polygon","coordinates":[[[2.63818,46.63271],[2.64595,46.6321],[2.70923,46.63971],[2.69439,46.64392],[2.6909,46.64906],[2.6804,46.65242],[2.67437,46.6579],[2.67452,46.66237],[2.66731,46.66638],[2.66083,46.67876],[2.65036,46.68525],[2.64808,46.68908],[2.64517,46.68728],[2.6445,46.69051],[2.63738,46.69168],[2.62325,46.68964],[2.62006,46.67971],[2.62512,46.67328],[2.63346,46.67558],[2.63373,46.67386],[2.62851,46.65943],[2.62381,46.6567],[2.62418,46.65609],[2.63792,46.64908],[2.63818,46.63271]]]},"properties":{"code_territoire":"iris030370000","libelle_territoire":"Braize (commune non irisée)"}},
{"type":"Feature","geometry":{"type":"Polygon","coordinates":[[[3.21394,46.35872],[3.20071,46.35267],[3.20279,46.35007],[3.19593,46.33801],[3.19589,46.33183],[3.18664,46.32692],[3.18787,46.3234],[3.18191,46.31771],[3.18445,46.31615],[3.2083,46.31488],[3.21067,46.30678],[3.2252,46.30798],[3.23103,46.31277],[3.24149,46.3151],[3.2439,46.31817],[3.2504,46.31766],[3.25189,46.3222],[3.24635,46.32346],[3.24503,46.32795],[3.24873,46.33593],[3.24711,46.33978],[3.22905,46.33618],[3.22462,46.33756],[3.2198,46.34124],[3.21775,46.35817],[3.21394,46.35872]]]},"properties":{"code_territoire":"iris030380000","libelle_territoire":"Bransat (commune non irisée)"}},
{"type":"Feature","geometry":{"type":"Polygon","coordinates":[[[3.2404,46.24953],[3.24133,46.243],[3.24992,46.23611],[3.2608,46.23469],[3.27165,46.22956],[3.27292,46.23218],[3.27805,46.23141],[3.27906,46.23353],[3.28401,46.23226],[3.28442,46.23484],[3.29255,46.2327],[3.29451,46.23403],[3.30147,46.23967],[3.29372,46.24666],[3.30343,46.25289],[3.30149,46.25405],[3.30714,46.25923],[3.31024,46.26701],[3.30755,46.2678],[3.30756,46.27142],[3.31064,46.27923],[3.30611,46.28439],[3.30077,46.28431],[3.30019,46.28046],[3.28757,46.28352],[3.28481,46.28706],[3.27965,46.28681],[3.27871,46.28279],[3.27469,46.28402],[3.26809,46.27732],[3.26332,46.27787],[3.25711,46.27479],[3.25797,46.27108],[3.25018,46.2671],[3.2441,46.26843],[3.24085,46.26302],[3.24826,46.25503],[3.2404,46.24953]]]},"properties":{"code_territoire":"iris030180000","libelle_territoire":"Bayet (commune non irisée)"}},
{"type":"Feature","geometry":{"type":"Polygon","coordinates":[[[2.49674,46.33465],[2.49149,46.32695],[2.47928,46.32354],[2.46202,46.31325],[2.46652,46.30905],[2.46698,46.30493],[2.45433,46.30398],[2.44303,46.295],[2.46274,46.28816],[2.46989,46.28818],[2.47441,46.2821],[2.4807,46.28105],[2.47941,46.27558],[2.48048,46.27349],[2.49439,46.27922],[2.51423,46.29233],[2.51686,46.29369],[2.51527,46.2999],[2.52237,46.30386],[2.51838,46.30561],[2.52167,46.3073],[2.51513,46.31438],[2.52488,46.31751],[2.53086,46.3163],[2.53423,46.32978],[2.53754,46.33316],[2.53493,46.33249],[2.52054,46.34036],[2.50652,46.34269],[2.50506,46.34519],[2.49674,46.33465]]]},"properties":{"code_territoire":"iris032120000","libelle_territoire":"Quinssaines (commune non irisée)"}},
{"type":"Feature","geometry":{"type":"Polygon","coordinates":[[[2.61053,46.47822],[2.60735,46.47568],[2.6019,46.47594],[2.60121,46.47405],[2.60739,46.47043],[2.60905,46.45887],[2.6028,46.45826],[2.59957,46.45302],[2.59004,46.45065],[2.59007,46.44924],[2.59476,46.4494],[2.59502,46.44676],[2.59772,46.44424],[2.59742,46.4384],[2.60343,46.43794],[2.60768,46.44074],[2.61222,46.43934],[2.61015,46.44502],[2.61627,46.44534],[2.61705,46.44697],[2.61841,46.4496],[2.62941,46.45011],[2.63038,46.4535],[2.62691,46.45914],[2.63049,46.47117],[2.62038,46.47721],[2.61053,46.47822]]]},"properties":{"code_territoire":"iris032130000","libelle_territoire":"Reugny (commune non irisée)"}},
{"type":"Feature","geometry":{"type":"Polygon","coordinates":[[[3.22296,46.45154],[3.21999,46.45034],[3.21717,46.44318],[3.21239,46.44171],[3.21481,46.43627],[3.21225,46.43023],[3.2141,46.42406],[3.20565,46.4222],[3.20819,46.41755],[3.21453,46.41145],[3.22184,46.40952],[3.24849,46.41436],[3.2644,46.42016],[3.28167,46.42403],[3.284,46.42723],[3.286,46.42648],[3.28733,46.43109],[3.29983,46.43324],[3.30594,46.4441],[3.29632,46.44797],[3.28803,46.44214],[3.26646,46.44388],[3.26618,46.4519],[3.2549,46.45233],[3.25111,46.45726],[3.24163,46.45684],[3.22901,46.45071],[3.22296,46.45154]]]},"properties":{"code_territoire":"iris030390000","libelle_territoire":"Bresnay (commune non irisée)"}},
{"type":"Feature","geometry":{"type":"Polygon","coordinates":[[[3.0095,46.44969],[3.00305,46.44747],[2.99664,46.43668],[2.9911,46.43585],[2.99059,46.43294],[3.01818,46.43336],[3.01853,46.42323],[3.02139,46.421],[3.02466,46.42165],[3.02388,46.41806],[3.03954,46.41061],[3.04947,46.40896],[3.04476,46.41417],[3.05052,46.41422],[3.0437,46.43043],[3.04842,46.42899],[3.04804,46.43133],[3.05266,46.4317],[3.05501,46.43691],[3.06663,46.43907],[3.06546,46.44521],[3.05993,46.44956],[3.06311,46.45413],[3.06751,46.45261],[3.06819,46.45873],[3.07245,46.46079],[3.06425,46.4669],[3.0698,46.4686],[3.06414,46.4706],[3.05958,46.46765],[3.05356,46.47489],[3.02542,46.46666],[3.02345,46.46484],[3.02691,46.45823],[3.0095,46.44969]]]},"properties":{"code_territoire":"iris032140000","libelle_territoire":"Rocles (commune non irisée)"}},
{"type":"Feature","geometry":{"type":"Polygon","coordinates":[[[3.46172,46.31669],[3.45106,46.30908],[3.44509,46.30935],[3.44012,46.31234],[3.43417,46.31043],[3.43611,46.30713],[3.43279,46.30501],[3.43561,46.30292],[3.42971,46.29855],[3.43011,46.29206],[3.43844,46.28749],[3.43719,46.28429],[3.44123,46.28325],[3.45678,46.28341],[3.45893,46.28067],[3.4724,46.28801],[3.47127,46.29469],[3.46959,46.31107],[3.46172,46.31669]]]},"properties":{"code_territoire":"iris032150000","libelle_territoire":"Rongères (commune non irisée)"}},
{"type":"Feature","geometry":{"type":"Polygon","coordinates":[[[2.73262,46.22349],[2.72485,46.22902],[2.71713,46.23372],[2.7157,46.23261],[2.71309,46.22792],[2.71468,46.22336],[2.70887,46.22182],[2.70233,46.22333],[2.70015,46.22716],[2.69239,46.22824],[2.69196,46.22274],[2.68345,46.21734],[2.68541,46.20988],[2.6819,46.20623],[2.67374,46.20721],[2.67102,46.1985],[2.66607,46.19573],[2.67078,46.19173],[2.6732,46.17927],[2.67948,46.17595],[2.68331,46.17706],[2.68562,46.17569],[2.69244,46.17581],[2.70434,46.18095],[2.71267,46.17926],[2.72317,46.18145],[2.721,46.18643],[2.73215,46.19452],[2.72687,46.1991],[2.72547,46.20458],[2.72217,46.20527],[2.72085,46.212],[2.72745,46.21612],[2.73262,46.22349]]]},"properties":{"code_territoire":"iris032160000","libelle_territoire":"Ronnet (commune non irisée)"}},
{"type":"Feature","geometry":{"type":"Polygon","coordinates":[[[3.27818,46.54038],[3.2701,46.53531],[3.25865,46.53225],[3.25006,46.53201],[3.24936,46.53618],[3.24026,46.53055],[3.23777,46.52122],[3.25054,46.51932],[3.25808,46.51528],[3.26665,46.51505],[3.27786,46.52019],[3.27961,46.51286],[3.27637,46.51195],[3.28091,46.51124],[3.28044,46.50717],[3.2887,46.50893],[3.29377,46.50968],[3.30373,46.50408],[3.31003,46.51187],[3.31707,46.51088],[3.3207,46.50757],[3.3298,46.50853],[3.33216,46.5152],[3.32907,46.51785],[3.33035,46.5228],[3.3383,46.52696],[3.33351,46.53845],[3.3271,46.54204],[3.32747,46.55511],[3.32095,46.55256],[3.31471,46.55426],[3.31287,46.54858],[3.30416,46.5483],[3.30401,46.55208],[3.30076,46.55292],[3.29219,46.5435],[3.27818,46.54038]]]},"properties":{"code_territoire":"iris030400000","libelle_territoire":"Bressolles (commune non irisée)"}},
{"type":"Feature","geometry":{"type":"Polygon","coordinates":[[[2.75274,46.35258],[2.75165,46.3544],[2.7476,46.35223],[2.74566,46.3547],[2.73252,46.35139],[2.72891,46.3611],[2.7248,46.36244],[2.72095,46.36817],[2.70884,46.36948],[2.7001,46.37536],[2.69016,46.37345],[2.68803,46.38174],[2.67123,46.37401],[2.65976,46.37166],[2.65398,46.37937],[2.64999,46.37451],[2.64578,46.37461],[2.64464,46.37201],[2.63888,46.37103],[2.6387,46.36576],[2.6504,46.36118],[2.65109,46.35384],[2.64477,46.34504],[2.64625,46.3435],[2.63877,46.34155],[2.63898,46.33595],[2.64585,46.33443],[2.66334,46.33013],[2.67333,46.33803],[2.70158,46.34558],[2.71837,46.34789],[2.72666,46.3453],[2.72779,46.34021],[2.74142,46.34602],[2.74885,46.34418],[2.75274,46.35258]]]},"properties":{"code_territoire":"iris032170000","libelle_territoire":"Saint-Angel (commune non irisée)"}},
{"type":"Feature","geometry":{"type":"Polygon","coordinates":[[[2.99371,46.55519],[2.99444,46.55118],[2.98793,46.54636],[2.99117,46.54427],[2.98715,46.54278],[2.98164,46.54392],[2.98026,46.54199],[2.97863,46.54368],[2.9783,46.54209],[2.97191,46.54199],[2.97006,46.54365],[2.96681,46.54037],[2.96324,46.54104],[2.96518,46.53927],[2.95943,46.53266],[2.96477,46.52863],[2.96495,46.52678],[2.96083,46.52554],[2.96207,46.52357],[2.96461,46.52413],[2.96788,46.51647],[2.96554,46.50862],[2.96833,46.50692],[2.97183,46.50898],[2.97564,46.50636],[2.98031,46.50857],[2.98789,46.51739],[3.00152,46.51538],[3.00563,46.51274],[3.00829,46.51259],[3.00931,46.5161],[3.01811,46.51439],[3.02257,46.53814],[3.03086,46.53961],[3.03818,46.54427],[3.05334,46.54565],[3.05135,46.55362],[3.04343,46.55268],[3.04378,46.5568],[3.0322,46.5575],[3.02862,46.56164],[3.02114,46.55813],[3.0167,46.56171],[3.00738,46.55505],[3.00426,46.55877],[2.99371,46.55519]]]},"properties":{"code_territoire":"iris032180000","libelle_territoire":"Saint-Aubin-le-Monial (commune non irisée)"}},
{"type":"Feature","geometry":{"type":"Polygon","coordinates":[[[2.72685,46.63347],[2.72805,46.62369],[2.72353,46.61852],[2.7236,46.61261],[2.70881,46.603],[2.6896,46.59869],[2.67902,46.59342],[2.67529,46.58831],[2.66664,46.5865],[2.65585,46.57424],[2.65179,46.57268],[2.6654,46.55996],[2.66588,46.55277],[2.66795,46.55438],[2.66918,46.55191],[2.67266,46.55457],[2.67558,46.55336],[2.66998,46.55026],[2.67263,46.547],[2.68392,46.54679],[2.68545,46.54473],[2.68958,46.54633],[2.69991,46.5579],[2.70839,46.55135],[2.73136,46.56305],[2.75031,46.56541],[2.75507,46.57307],[2.7668,46.58893],[2.77533,46.59442],[2.76401,46.60337],[2.75342,46.59941],[2.75117,46.60416],[2.75262,46.60935],[2.75562,46.61073],[2.7461,46.63064],[2.73146,46.63324],[2.72685,46.63347]]]},"properties":{"code_territoire":"iris030410000","libelle_territoire":"Le Brethon (commune non irisée)"}},
{"type":"Feature","geometry":{"type":"Polygon","coordinates":[[[2.86509,46.3448],[2.86887,46.32781],[2.86624,46.32217],[2.87596,46.32021],[2.88011,46.30751],[2.88424,46.30605],[2.89396,46.30791],[2.89292,46.30217],[2.89777,46.30265],[2.89952,46.29735],[2.90429,46.29718],[2.90875,46.29298],[2.90705,46.28884],[2.91841,46.28554],[2.93339,46.29942],[2.94666,46.29701],[2.94878,46.29879],[2.93712,46.30277],[2.94252,46.30712],[2.93518,46.30975],[2.93178,46.31877],[2.92238,46.32696],[2.92317,46.32895],[2.92796,46.33034],[2.92336,46.33502],[2.91094,46.33033],[2.90404,46.33265],[2.89611,46.33053],[2.88992,46.33199],[2.88972,46.33425],[2.88205,46.33826],[2.87376,46.33882],[2.86509,46.3448]]]},"properties":{"code_territoire":"iris032190000","libelle_territoire":"Saint-Bonnet-de-Four (commune non irisée)"}},
{"type":"Feature","geometry":{"type":"Polygon","coordinates":[[[3.16601,46.13411],[3.16421,46.14306],[3.17126,46.15252],[3.16844,46.16126],[3.1605,46.16703],[3.15386,46.16877],[3.15394,46.17533],[3.14747,46.17224],[3.14118,46.17368],[3.13741,46.17635],[3.13725,46.17143],[3.13483,46.16988],[3.13167,46.17152],[3.12889,46.17054],[3.12868,46.16652],[3.11999,46.167],[3.11608,46.16169],[3.12332,46.1571],[3.11574,46.14894],[3.11083,46.14797],[3.11214,46.13844],[3.11993,46.13426],[3.11633,46.1323],[3.11989,46.12955],[3.1124,46.12281],[3.11539,46.12178],[3.12019,46.12611],[3.12672,46.12648],[3.13129,46.13482],[3.13879,46.13332],[3.14829,46.13786],[3.15532,46.13274],[3.16601,46.13411]]]},"properties":{"code_territoire":"iris032200000","libelle_territoire":"Saint-Bonnet-de-Rochefort (commune non irisée)"}},
{"type":"Feature","geometry":{"type":"Polygon","coordinates":[[[2.73146,46.63324],[2.73052,46.64196],[2.74477,46.64971],[2.70464,46.68396],[2.71875,46.68786],[2.71178,46.6916],[2.71041,46.68969],[2.6967,46.69926],[2.69379,46.69758],[2.69033,46.69963],[2.68564,46.6983],[2.67782,46.70454],[2.6552,46.69692],[2.64808,46.68908],[2.65036,46.68525],[2.66083,46.67876],[2.66731,46.66638],[2.67452,46.66237],[2.67437,46.6579],[2.6804,46.65242],[2.6909,46.64906],[2.69439,46.64392],[2.70923,46.63971],[2.71653,46.64054],[2.71029,46.63381],[2.72685,46.63347],[2.73146,46.63324]]]},"properties":{"code_territoire":"iris032210000","libelle_territoire":"Saint-Bonnet-Tronçais (commune non irisée)"}},
{"type":"Feature","geometry":{"type":"Polygon","coordinates":[[[2.77094,46.52285],[2.78229,46.52962],[2.77415,46.53392],[2.76792,46.54392],[2.76808,46.5509],[2.76136,46.55552],[2.76109,46.56112],[2.76764,46.56303],[2.76379,46.56456],[2.76476,46.56763],[2.75507,46.57307],[2.75031,46.56541],[2.73136,46.56305],[2.70839,46.55135],[2.69991,46.5579],[2.68958,46.54633],[2.68943,46.53979],[2.69362,46.54099],[2.69754,46.53838],[2.70354,46.54375],[2.71132,46.54121],[2.70967,46.53866],[2.71463,46.53526],[2.71623,46.53772],[2.72549,46.52605],[2.74098,46.5352],[2.73892,46.53021],[2.74398,46.52479],[2.74459,46.5267],[2.74722,46.52637],[2.74808,46.5232],[2.75747,46.52076],[2.76617,46.52744],[2.76674,46.53206],[2.7699,46.53056],[2.77094,46.52285]]]},"properties":{"code_territoire":"iris032220000","libelle_territoire":"Saint-Caprais (commune non irisée)"}},
{"type":"Feature","geometry":{"type":"Polygon","coordinates":[[[3.70887,46.18278],[3.70261,46.19712],[3.67693,46.21354],[3.67361,46.21122],[3.67204,46.21218],[3.66454,46.20224],[3.6597,46.20054],[3.64918,46.20397],[3.63868,46.202],[3.62887,46.20344],[3.62394,46.19548],[3.63453,46.19363],[3.63021,46.18874],[3.62756,46.17853],[3.6329,46.16971],[3.64338,46.16218],[3.64519,46.15398],[3.6548,46.14769],[3.65843,46.13712],[3.66981,46.1414],[3.67616,46.13773],[3.6914,46.1415],[3.68783,46.15041],[3.69613,46.15833],[3.69191,46.1614],[3.70213,46.16678],[3.70859,46.17602],[3.70667,46.17897],[3.70887,46.18278]]]},"properties":{"code_territoire":"iris030420000","libelle_territoire":"Le Breuil (commune non irisée)"}},
{"type":"Feature","geometry":{"type":"Polygon","coordinates":[[[3.62394,46.19548],[3.62887,46.20344],[3.62911,46.20504],[3.61538,46.20878],[3.60998,46.21303],[3.60701,46.21294],[3.60653,46.20965],[3.59139,46.19839],[3.59316,46.19661],[3.59037,46.186],[3.57455,46.19021],[3.56662,46.18855],[3.56011,46.19009],[3.5588,46.18606],[3.54663,46.17931],[3.55188,46.17473],[3.54981,46.15921],[3.55353,46.15528],[3.55307,46.15008],[3.55096,46.14617],[3.54582,46.14657],[3.5408,46.14356],[3.53845,46.13542],[3.54494,46.13541],[3.55056,46.13123],[3.56173,46.13086],[3.56847,46.12482],[3.57782,46.1306],[3.58854,46.12405],[3.5921,46.13668],[3.58722,46.14169],[3.59034,46.14654],[3.59014,46.15329],[3.5865,46.1603],[3.59914,46.17129],[3.60646,46.18742],[3.62394,46.19548]]]},"properties":{"code_territoire":"iris032230000","libelle_territoire":"Saint-Christophe-en-Bourbonnais (commune non irisée)"}},
{"type":"Feature","geometry":{"type":"Polygon","coordinates":[[[3.76371,46.04337],[3.76625,46.04496],[3.76506,46.05193],[3.76287,46.05048],[3.75702,46.05836],[3.76206,46.06278],[3.75062,46.06971],[3.75106,46.07284],[3.74473,46.07956],[3.73059,46.08081],[3.72287,46.08715],[3.71624,46.08799],[3.71293,46.08431],[3.70881,46.08653],[3.69507,46.08144],[3.69377,46.0774],[3.68756,46.07413],[3.68571,46.06264],[3.68851,46.05841],[3.6939,46.05975],[3.6994,46.05493],[3.70128,46.04932],[3.70064,46.04339],[3.69649,46.04129],[3.69258,46.03431],[3.69625,46.03112],[3.69317,46.02935],[3.69864,46.02097],[3.7031,46.02219],[3.70933,46.02923],[3.72683,46.03117],[3.72839,46.03712],[3.73517,46.03613],[3.74287,46.04625],[3.7492,46.04606],[3.75487,46.0495],[3.7539,46.04478],[3.76371,46.04337]]]},"properties":{"code_territoire":"iris032240000","libelle_territoire":"Saint-Clément (commune non irisée)"}},
{"type":"Feature","geometry":{"type":"Polygon","coordinates":[[[3.2608,46.23469],[3.264,46.22505],[3.26249,46.22135],[3.26856,46.21176],[3.26823,46.20925],[3.2631,46.2066],[3.26194,46.20177],[3.25831,46.19658],[3.24919,46.19528],[3.24322,46.19104],[3.23907,46.18563],[3.24106,46.18222],[3.23927,46.17985],[3.24943,46.18229],[3.25729,46.17444],[3.2604,46.16431],[3.26206,46.16467],[3.26392,46.167],[3.27541,46.16704],[3.28145,46.17594],[3.2977,46.1765],[3.31573,46.17279],[3.32404,46.17672],[3.33023,46.17872],[3.33213,46.18212],[3.34728,46.19577],[3.33025,46.20167],[3.32428,46.20059],[3.31706,46.20247],[3.30711,46.2082],[3.30606,46.21648],[3.29555,46.22182],[3.30009,46.22581],[3.29451,46.23403],[3.29255,46.2327],[3.28442,46.23484],[3.28401,46.23226],[3.27906,46.23353],[3.27805,46.23141],[3.27292,46.23218],[3.27165,46.22956],[3.2608,46.23469]]]},"properties":{"code_territoire":"iris030430000","libelle_territoire":"Broût-Vernet (commune non irisée)"}},
{"type":"Feature","geometry":{"type":"Polygon","coordinates":[[[2.3683,46.51843],[2.36771,46.51565],[2.37696,46.50656],[2.3863,46.50448],[2.39392,46.49769],[2.3973,46.49238],[2.39248,46.49017],[2.38947,46.48406],[2.39697,46.48035],[2.40737,46.47789],[2.44661,46.48644],[2.45398,46.49228],[2.46039,46.4898],[2.49613,46.49715],[2.49606,46.5031],[2.50569,46.50278],[2.51014,46.50598],[2.52703,46.50694],[2.53539,46.51524],[2.53665,46.5197],[2.52937,46.52327],[2.53076,46.52943],[2.52732,46.52805],[2.52024,46.53123],[2.51228,46.52802],[2.51425,46.52523],[2.51244,46.52395],[2.50629,46.52141],[2.50467,46.52308],[2.49701,46.52139],[2.49693,46.53363],[2.48285,46.53267],[2.47014,46.52604],[2.45754,46.52516],[2.45008,46.52054],[2.44388,46.52036],[2.44172,46.52496],[2.43005,46.52654],[2.42073,46.52532],[2.41706,46.52067],[2.3683,46.51843]]]},"properties":{"code_territoire":"iris032250000","libelle_territoire":"Saint-Désiré (commune non irisée)"}},
{"type":"Feature","geometry":{"type":"Polygon","coordinates":[[[3.82011,46.40874],[3.81605,46.40832],[3.81842,46.40108],[3.813,46.38694],[3.81539,46.37995],[3.82213,46.37675],[3.81292,46.3702],[3.81419,46.36669],[3.82181,46.3658],[3.82031,46.36236],[3.83087,46.36692],[3.8423,46.35771],[3.84487,46.35926],[3.84766,46.35698],[3.85661,46.35739],[3.87594,46.36409],[3.88075,46.36135],[3.8821,46.36357],[3.88574,46.36343],[3.88653,46.3611],[3.88821,46.36268],[3.88556,46.36622],[3.88852,46.37067],[3.90787,46.36956],[3.91945,46.37155],[3.92729,46.38057],[3.92325,46.38392],[3.91976,46.38355],[3.92319,46.38673],[3.91678,46.38932],[3.91229,46.38727],[3.9044,46.38841],[3.9025,46.38588],[3.90007,46.38964],[3.8988,46.38602],[3.89538,46.38705],[3.89417,46.38554],[3.89468,46.38742],[3.89089,46.38905],[3.89423,46.39423],[3.89935,46.39433],[3.89742,46.39747],[3.89273,46.40039],[3.89175,46.39867],[3.88669,46.39932],[3.88675,46.39662],[3.88391,46.39733],[3.87699,46.40142],[3.88153,46.40414],[3.87348,46.40575],[3.87401,46.40831],[3.85939,46.40651],[3.8553,46.41158],[3.85079,46.411],[3.84656,46.40612],[3.83653,46.40769],[3.82978,46.40242],[3.82393,46.40097],[3.82011,46.40874]]]},"properties":{"code_territoire":"iris032260000","libelle_territoire":"Saint-Didier-en-Donjon (commune non irisée)"}},
{"type":"Feature","geometry":{"type":"Polygon","coordinates":[[[3.4196,46.07442],[3.42588,46.07504],[3.41785,46.08493],[3.42168,46.09055],[3.41671,46.09082],[3.41512,46.09798],[3.40781,46.0907],[3.3981,46.09322],[3.39348,46.10195],[3.38793,46.10104],[3.38085,46.09623],[3.37792,46.08889],[3.36961,46.08809],[3.36935,46.08479],[3.34597,46.08392],[3.34182,46.08591],[3.33282,46.08032],[3.3291,46.07577],[3.30711,46.07013],[3.30246,46.06594],[3.30122,46.06116],[3.31934,46.06139],[3.31353,46.05665],[3.33524,46.05502],[3.33161,46.04395],[3.33618,46.04631],[3.33989,46.04488],[3.34158,46.0489],[3.35326,46.05124],[3.35482,46.05319],[3.37233,46.05473],[3.37998,46.06507],[3.39276,46.06351],[3.4196,46.07442]]]},"properties":{"code_territoire":"iris030440000","libelle_territoire":"Brugheas (commune non irisée)"}},
{"type":"Feature","geometry":{"type":"Polygon","coordinates":[[[3.29451,46.23403],[3.30009,46.22581],[3.29555,46.22182],[3.30606,46.21648],[3.30711,46.2082],[3.31706,46.20247],[3.32428,46.20059],[3.33025,46.20167],[3.34728,46.19577],[3.35503,46.19738],[3.35565,46.20752],[3.36217,46.2074],[3.36717,46.21185],[3.37449,46.21098],[3.37639,46.21305],[3.38001,46.21148],[3.38075,46.21359],[3.36994,46.23666],[3.37121,46.24133],[3.36716,46.2507],[3.36496,46.25318],[3.33314,46.26365],[3.32637,46.26035],[3.32904,46.25382],[3.3226,46.25517],[3.32223,46.25708],[3.31298,46.2554],[3.30714,46.25923],[3.30149,46.25405],[3.30343,46.25289],[3.29372,46.24666],[3.30147,46.23967],[3.29451,46.23403]]]},"properties":{"code_territoire":"iris032270000","libelle_territoire":"Saint-Didier-la-Forêt (commune non irisée)"}},
{"type":"Feature","geometry":{"type":"Polygon","coordinates":[[[2.32953,46.48183],[2.33443,46.48588],[2.34729,46.48819],[2.37233,46.4863],[2.38194,46.47942],[2.39344,46.47839],[2.39697,46.48035],[2.38947,46.48406],[2.39248,46.49017],[2.3973,46.49238],[2.39392,46.49769],[2.3863,46.50448],[2.37696,46.50656],[2.36771,46.51565],[2.3683,46.51843],[2.35161,46.51226],[2.34461,46.50553],[2.33464,46.50103],[2.32889,46.49549],[2.32864,46.49207],[2.32373,46.48995],[2.32953,46.48183]]]},"properties":{"code_territoire":"iris032280000","libelle_territoire":"Saint-Éloy-d'Allier (commune non irisée)"}},
{"type":"Feature","geometry":{"type":"Polygon","coordinates":[[[3.44208,46.662],[3.44711,46.66361],[3.44846,46.6685],[3.44551,46.6709],[3.45387,46.67428],[3.4518,46.67943],[3.4546,46.68016],[3.45245,46.68217],[3.45527,46.6825],[3.45312,46.69004],[3.4485,46.69037],[3.44597,46.69322],[3.4332,46.69343],[3.42835,46.70077],[3.43436,46.71241],[3.42043,46.71391],[3.41708,46.7104],[3.38821,46.71485],[3.37896,46.71248],[3.37542,46.69957],[3.36564,46.68972],[3.35748,46.68878],[3.35584,46.68349],[3.35818,46.68349],[3.36355,46.67662],[3.35324,46.67546],[3.34981,46.66746],[3.35949,46.66538],[3.36314,46.65841],[3.36755,46.65656],[3.36961,46.65975],[3.37232,46.65938],[3.37878,46.66412],[3.38526,46.66151],[3.3825,46.66122],[3.38339,46.65742],[3.39499,46.64974],[3.40666,46.65091],[3.42503,46.64932],[3.44208,46.662]]]},"properties":{"code_territoire":"iris032290000","libelle_territoire":"Saint-Ennemond (commune non irisée)"}},
{"type":"Feature","geometry":{"type":"Polygon","coordinates":[[[3.52072,46.0205],[3.53541,46.02258],[3.53934,46.02128],[3.53779,46.01824],[3.54362,46.01319],[3.54874,46.01616],[3.55217,46.02565],[3.55172,46.03556],[3.54571,46.04737],[3.55159,46.0482],[3.55575,46.05823],[3.54007,46.06626],[3.53241,46.07729],[3.53262,46.08381],[3.53761,46.08719],[3.53731,46.08734],[3.52056,46.09558],[3.51205,46.10278],[3.50838,46.10133],[3.50953,46.09677],[3.50372,46.09002],[3.50019,46.08962],[3.49912,46.08552],[3.48773,46.08671],[3.48566,46.0837],[3.48004,46.08205],[3.4861,46.07848],[3.48315,46.07137],[3.47625,46.06869],[3.47928,46.0669],[3.47762,46.06376],[3.47285,46.06457],[3.47205,46.05942],[3.47481,46.05863],[3.47315,46.0537],[3.4778,46.04151],[3.49165,46.04281],[3.49515,46.04014],[3.49535,46.03384],[3.50642,46.03203],[3.50595,46.02212],[3.51108,46.02284],[3.52072,46.0205]]]},"properties":{"code_territoire":"iris030450000","libelle_territoire":"Busset (commune non irisée)"}},
{"type":"Feature","geometry":{"type":"Polygon","coordinates":[[[3.5185,46.13578],[3.52407,46.12853],[3.53845,46.13542],[3.5408,46.14356],[3.54582,46.14657],[3.55096,46.14617],[3.55307,46.15008],[3.55353,46.15528],[3.54981,46.15921],[3.55188,46.17473],[3.54663,46.17931],[3.5588,46.18606],[3.56011,46.19009],[3.54836,46.21003],[3.53813,46.2106],[3.53072,46.20588],[3.51783,46.20209],[3.52283,46.19275],[3.51878,46.18605],[3.51966,46.18197],[3.52625,46.1726],[3.52313,46.16901],[3.52719,46.16705],[3.5216,46.1637],[3.51686,46.16413],[3.51742,46.15841],[3.52475,46.14696],[3.52163,46.14511],[3.5185,46.13578]]]},"properties":{"code_territoire":"iris032300000","libelle_territoire":"Saint-Étienne-de-Vicq (commune non irisée)"}},
{"type":"Feature","geometry":{"type":"Polygon","coordinates":[[[2.66221,46.1373],[2.65803,46.14293],[2.64796,46.14295],[2.64156,46.14619],[2.6168,46.1439],[2.59894,46.1474],[2.59734,46.14234],[2.60217,46.1372],[2.60247,46.1309],[2.61041,46.12988],[2.61732,46.12365],[2.61981,46.12512],[2.62213,46.12258],[2.62688,46.12397],[2.63251,46.11885],[2.64068,46.11836],[2.65511,46.12432],[2.6565,46.1335],[2.65917,46.13348],[2.66221,46.1373]]]},"properties":{"code_territoire":"iris032310000","libelle_territoire":"Saint-Fargeol (commune non irisée)"}},
{"type":"Feature","geometry":{"type":"Polygon","coordinates":[[[3.49389,46.2381],[3.47961,46.23377],[3.47845,46.2369],[3.47556,46.23683],[3.47597,46.23236],[3.46388,46.23876],[3.46373,46.23649],[3.45692,46.23737],[3.45426,46.23451],[3.45396,46.22715],[3.4598,46.22559],[3.45653,46.22121],[3.46125,46.22081],[3.46087,46.21911],[3.46045,46.21769],[3.46422,46.2178],[3.4642,46.21998],[3.47198,46.22076],[3.47748,46.21728],[3.48085,46.21977],[3.47914,46.22537],[3.49866,46.22945],[3.50447,46.22894],[3.50384,46.23099],[3.50195,46.23445],[3.49389,46.2381]]]},"properties":{"code_territoire":"iris032320000","libelle_territoire":"Saint-Félix (commune non irisée)"}},
{"type":"Feature","geometry":{"type":"Polygon","coordinates":[[[2.98555,46.43435],[2.9911,46.43585],[2.99664,46.43668],[3.00305,46.44747],[3.0095,46.44969],[3.00772,46.45218],[3.01141,46.45362],[3.00369,46.45735],[3.0079,46.46043],[3.00143,46.46083],[3.00904,46.46452],[3.00558,46.46909],[3.00282,46.46892],[3.00111,46.47432],[2.99639,46.47534],[2.99108,46.4847],[2.99266,46.49673],[2.98281,46.49927],[2.98818,46.50351],[2.98273,46.50394],[2.98031,46.50857],[2.97564,46.50636],[2.97183,46.50898],[2.96833,46.50692],[2.96554,46.50862],[2.95966,46.50895],[2.9559,46.50108],[2.93924,46.50193],[2.92778,46.50008],[2.92318,46.49754],[2.92733,46.49545],[2.91724,46.49044],[2.91688,46.47839],[2.90946,46.48115],[2.90364,46.47915],[2.89958,46.48077],[2.90104,46.47127],[2.87868,46.47081],[2.9061,46.4593],[2.90885,46.45393],[2.90757,46.44659],[2.9095,46.44773],[2.92372,46.43901],[2.92847,46.44006],[2.93238,46.44445],[2.93021,46.44624],[2.93898,46.4481],[2.95176,46.44296],[2.96029,46.44238],[2.96719,46.43859],[2.9772,46.441],[2.98555,46.43435]]]},"properties":{"code_territoire":"iris030460000","libelle_territoire":"Buxières-les-Mines (commune non irisée)"}},
{"type":"Feature","geometry":{"type":"Polygon","coordinates":[[[2.57231,46.26203],[2.57439,46.25822],[2.58429,46.25207],[2.605,46.25102],[2.61178,46.24142],[2.61811,46.24012],[2.62369,46.23552],[2.62745,46.241],[2.62528,46.24534],[2.63347,46.25231],[2.63258,46.25887],[2.62299,46.2701],[2.60882,46.2787],[2.60054,46.29112],[2.59637,46.2918],[2.58825,46.28265],[2.58279,46.28171],[2.58184,46.27704],[2.57659,46.27478],[2.57811,46.27266],[2.57041,46.27032],[2.57231,46.26203]]]},"properties":{"code_territoire":"iris032330000","libelle_territoire":"Saint-Genest (commune non irisée)"}},
{"type":"Feature","geometry":{"type":"Polygon","coordinates":[[[3.38497,46.41579],[3.37877,46.41487],[3.36167,46.42187],[3.36011,46.41917],[3.35624,46.42025],[3.35583,46.42283],[3.35336,46.40375],[3.36205,46.37537],[3.3638,46.37004],[3.37478,46.37253],[3.37451,46.36853],[3.37796,46.36882],[3.37931,46.36493],[3.376,46.36331],[3.39289,46.36118],[3.39806,46.36844],[3.41537,46.35677],[3.42513,46.35716],[3.42379,46.34921],[3.44426,46.35676],[3.45366,46.35773],[3.46764,46.35581],[3.47234,46.36332],[3.46681,46.36594],[3.46336,46.37283],[3.47116,46.38381],[3.46437,46.38338],[3.45131,46.38903],[3.44702,46.38765],[3.44166,46.39554],[3.43122,46.39621],[3.42566,46.39864],[3.40597,46.3969],[3.4129,46.40995],[3.39783,46.41389],[3.38786,46.41253],[3.38497,46.41579]]]},"properties":{"code_territoire":"iris032340000","libelle_territoire":"Saint-Gérand-de-Vaux (commune non irisée)"}},
{"type":"Feature","geometry":{"type":"Polygon","coordinates":[[[3.5593,46.28878],[3.55394,46.28898],[3.53368,46.2827],[3.52602,46.27509],[3.5216,46.27387],[3.50912,46.2785],[3.49347,46.27292],[3.4885,46.27448],[3.48408,46.28066],[3.48993,46.2928],[3.47865,46.2898],[3.47442,46.28914],[3.47348,46.27837],[3.48132,46.27181],[3.48011,46.2662],[3.4871,46.25957],[3.48498,46.25488],[3.49007,46.25398],[3.48782,46.24935],[3.49336,46.24172],[3.4907,46.24031],[3.49389,46.2381],[3.50195,46.23445],[3.50384,46.23099],[3.50643,46.22876],[3.50827,46.23343],[3.51333,46.23152],[3.51676,46.23315],[3.51777,46.24657],[3.51538,46.25093],[3.52381,46.25067],[3.52824,46.24831],[3.5317,46.25561],[3.52871,46.25951],[3.53441,46.26509],[3.54938,46.26604],[3.54755,46.2734],[3.55816,46.27526],[3.55635,46.27675],[3.55336,46.27955],[3.5593,46.28878]]]},"properties":{"code_territoire":"iris032350000","libelle_territoire":"Saint-Gérand-le-Puy (commune non irisée)"}},
{"type":"Feature","geometry":{"type":"Polygon","coordinates":[[[2.81634,46.24506],[2.80211,46.23929],[2.79855,46.2435],[2.79096,46.24669],[2.78411,46.25508],[2.78,46.25228],[2.77102,46.2544],[2.7683,46.25477],[2.76734,46.2592],[2.76114,46.25682],[2.75473,46.2592],[2.74749,46.25426],[2.74763,46.2495],[2.74089,46.24511],[2.73551,46.24263],[2.73427,46.23542],[2.72485,46.22902],[2.73262,46.22349],[2.74916,46.21935],[2.76023,46.20923],[2.76975,46.2118],[2.78678,46.19858],[2.80591,46.19715],[2.80862,46.19474],[2.81768,46.20339],[2.81716,46.21707],[2.82345,46.22049],[2.823,46.22663],[2.81774,46.23128],[2.8192,46.2419],[2.81634,46.24506]]]},"properties":{"code_territoire":"iris030470000","libelle_territoire":"La Celle (commune non irisée)"}},
{"type":"Feature","geometry":{"type":"Polygon","coordinates":[[[3.42136,46.21252],[3.41645,46.20599],[3.41596,46.19731],[3.41912,46.19035],[3.41265,46.18253],[3.41301,46.17499],[3.42068,46.17852],[3.42481,46.17572],[3.42844,46.18092],[3.43341,46.18289],[3.43748,46.18777],[3.44163,46.18678],[3.44566,46.19217],[3.45048,46.19415],[3.44135,46.20815],[3.44436,46.21164],[3.44207,46.21454],[3.43082,46.21564],[3.42111,46.21286],[3.42136,46.21252]]]},"properties":{"code_territoire":"iris032360000","libelle_territoire":"Saint-Germain-des-Fossés (commune non irisée)"}},
{"type":"Feature","geometry":{"type":"Polygon","coordinates":[[[3.23139,46.17376],[3.23927,46.17985],[3.24106,46.18222],[3.23907,46.18563],[3.24322,46.19104],[3.24919,46.19528],[3.25831,46.19658],[3.26194,46.20177],[3.24404,46.20687],[3.2415,46.20149],[3.23456,46.20177],[3.22923,46.19563],[3.22691,46.19702],[3.22011,46.1952],[3.20236,46.19539],[3.19369,46.19096],[3.19089,46.19288],[3.18478,46.18938],[3.19036,46.18287],[3.19103,46.17725],[3.20109,46.17137],[3.20662,46.17339],[3.21568,46.16938],[3.22398,46.17097],[3.22732,46.17431],[3.23139,46.17376]]]},"properties":{"code_territoire":"iris032370000","libelle_territoire":"Saint-Germain-de-Salles (commune non irisée)"}},
{"type":"Feature","geometry":{"type":"Polygon","coordinates":[[[3.01811,46.51439],[3.00931,46.5161],[3.00829,46.51259],[3.00563,46.51274],[3.00152,46.51538],[2.98789,46.51739],[2.98031,46.50857],[2.98273,46.50394],[2.98818,46.50351],[2.98281,46.49927],[2.99266,46.49673],[2.99108,46.4847],[2.99639,46.47534],[3.00111,46.47432],[3.00282,46.46892],[3.00558,46.46909],[3.00904,46.46452],[3.00143,46.46083],[3.0079,46.46043],[3.00369,46.45735],[3.01141,46.45362],[3.00772,46.45218],[3.0095,46.44969],[3.02691,46.45823],[3.02345,46.46484],[3.02542,46.46666],[3.05356,46.47489],[3.05115,46.47857],[3.05622,46.48711],[3.04944,46.48894],[3.04693,46.49214],[3.03525,46.49033],[3.03323,46.49789],[3.02719,46.49895],[3.02306,46.50402],[3.01677,46.50293],[3.01956,46.51018],[3.01811,46.51439]]]},"properties":{"code_territoire":"iris032380000","libelle_territoire":"Saint-Hilaire (commune non irisée)"}},
{"type":"Feature","geometry":{"type":"Polygon","coordinates":[[[2.77533,46.59442],[2.7843,46.58944],[2.78429,46.58496],[2.79662,46.5801],[2.81454,46.58526],[2.82855,46.58555],[2.82965,46.59046],[2.84234,46.59243],[2.83705,46.59748],[2.84704,46.59942],[2.85309,46.60258],[2.85193,46.60383],[2.86692,46.60751],[2.85744,46.61004],[2.88046,46.6152],[2.87755,46.62243],[2.88303,46.62584],[2.88112,46.62929],[2.88787,46.63222],[2.88402,46.63379],[2.88397,46.64132],[2.88029,46.63838],[2.87856,46.64138],[2.87348,46.64203],[2.87413,46.64364],[2.85217,46.64842],[2.8496,46.65211],[2.84412,46.65321],[2.84123,46.65806],[2.84549,46.66593],[2.8327,46.6725],[2.82148,46.66829],[2.82243,46.664],[2.81395,46.66167],[2.79828,46.66335],[2.74477,46.64971],[2.73052,46.64196],[2.73146,46.63324],[2.7461,46.63064],[2.75562,46.61073],[2.75262,46.60935],[2.75117,46.60416],[2.75342,46.59941],[2.76401,46.60337],[2.77533,46.59442]]]},"properties":{"code_territoire":"iris030480000","libelle_territoire":"Cérilly (commune non irisée)"}},
{"type":"Feature","geometry":{"type":"Polygon","coordinates":[[[3.91225,46.4264],[3.91009,46.42486],[3.91934,46.41714],[3.90851,46.41148],[3.91138,46.41176],[3.91217,46.40828],[3.9226,46.40533],[3.90863,46.39597],[3.90926,46.39244],[3.91678,46.38932],[3.92319,46.38673],[3.91976,46.38355],[3.92325,46.38392],[3.92729,46.38057],[3.94573,46.38577],[3.9502,46.3912],[3.95622,46.39272],[3.96119,46.3977],[3.96502,46.40499],[3.96323,46.41669],[3.96539,46.41998],[3.96092,46.42516],[3.95597,46.42378],[3.94364,46.43794],[3.93986,46.43566],[3.93228,46.43622],[3.93386,46.43226],[3.92334,46.42757],[3.91225,46.4264]]]},"properties":{"code_territoire":"iris032390000","libelle_territoire":"Saint-Léger-sur-Vouzance (commune non irisée)"}},
{"type":"Feature","geometry":{"type":"Polygon","coordinates":[[[3.64997,46.42108],[3.65824,46.41524],[3.65543,46.41187],[3.65667,46.40819],[3.65092,46.40873],[3.65058,46.40628],[3.66079,46.40217],[3.65453,46.39965],[3.66028,46.39561],[3.65652,46.39514],[3.66479,46.38812],[3.66164,46.38435],[3.67149,46.38376],[3.67253,46.38191],[3.67032,46.38277],[3.6691,46.3803],[3.6726,46.37926],[3.67085,46.37449],[3.67278,46.37355],[3.67723,46.37512],[3.67835,46.37329],[3.68948,46.37705],[3.6935,46.37336],[3.69454,46.37481],[3.69741,46.3738],[3.71018,46.381],[3.71423,46.38003],[3.71051,46.38244],[3.70925,46.38788],[3.72047,46.38896],[3.72155,46.39318],[3.7171,46.39728],[3.71715,46.40434],[3.72301,46.40972],[3.72621,46.41717],[3.73224,46.42127],[3.72846,46.42445],[3.72879,46.43075],[3.71998,46.43238],[3.70928,46.42561],[3.70571,46.42586],[3.70684,46.42858],[3.70381,46.42979],[3.69838,46.42859],[3.69701,46.43392],[3.70041,46.43451],[3.70188,46.43841],[3.70522,46.43821],[3.70561,46.44242],[3.70018,46.44923],[3.70045,46.44509],[3.69607,46.4449],[3.69729,46.4502],[3.69085,46.44961],[3.69199,46.44578],[3.68771,46.443],[3.67046,46.44169],[3.66474,46.43774],[3.65942,46.44022],[3.65962,46.4357],[3.64898,46.43464],[3.65064,46.43264],[3.64511,46.42417],[3.64997,46.42108]]]},"properties":{"code_territoire":"iris032400000","libelle_territoire":"Saint-Léon (commune non irisée)"}},
{"type":"Feature","geometry":{"type":"Polygon","coordinates":[[[3.21567,46.28214],[3.2186,46.2882],[3.22442,46.29143],[3.22421,46.29627],[3.22893,46.30076],[3.22106,46.30193],[3.2252,46.30798],[3.21067,46.30678],[3.2083,46.31488],[3.18445,46.31615],[3.18191,46.31771],[3.17835,46.31725],[3.17831,46.31428],[3.16866,46.30788],[3.18099,46.29934],[3.17696,46.29512],[3.1809,46.29375],[3.18009,46.29116],[3.18681,46.28342],[3.2099,46.27977],[3.21567,46.28214]]]},"properties":{"code_territoire":"iris030490000","libelle_territoire":"Cesset (commune non irisée)"}},
{"type":"Feature","geometry":{"type":"Polygon","coordinates":[[[3.14703,46.71023],[3.12956,46.72743],[3.08354,46.73786],[3.08088,46.73459],[3.08323,46.73304],[3.0778,46.72636],[3.08204,46.72401],[3.08134,46.72194],[3.06221,46.71301],[3.0634,46.70947],[3.05836,46.70528],[3.0635,46.70206],[3.06674,46.69528],[3.07061,46.69497],[3.07652,46.68847],[3.07768,46.67077],[3.07127,46.6643],[3.08395,46.6564],[3.09137,46.65611],[3.09476,46.66129],[3.10691,46.66529],[3.1071,46.66892],[3.11474,46.66867],[3.11875,46.66633],[3.12195,46.66828],[3.12758,46.66795],[3.13006,46.67411],[3.12758,46.67511],[3.14086,46.6775],[3.14704,46.68104],[3.14505,46.68295],[3.1474,46.68338],[3.14678,46.68732],[3.15438,46.69275],[3.14407,46.70902],[3.14703,46.71023]]]},"properties":{"code_territoire":"iris032410000","libelle_territoire":"Saint-Léopardin-d'Augy (commune non irisée)"}},
{"type":"Feature","geometry":{"type":"Polygon","coordinates":[[[3.42379,46.34921],[3.42513,46.35716],[3.41537,46.35677],[3.39806,46.36844],[3.39289,46.36118],[3.376,46.36331],[3.37931,46.36493],[3.37796,46.36882],[3.37451,46.36853],[3.37478,46.37253],[3.3638,46.37004],[3.36205,46.37537],[3.33933,46.37239],[3.3399,46.36885],[3.33656,46.3694],[3.33751,46.35904],[3.34228,46.3519],[3.3495,46.34815],[3.35652,46.33641],[3.37956,46.33833],[3.3837,46.3418],[3.40158,46.34221],[3.40802,46.3455],[3.41389,46.34526],[3.42379,46.34921]]]},"properties":{"code_territoire":"iris032420000","libelle_territoire":"Saint-Loup (commune non irisée)"}},
{"type":"Feature","geometry":{"type":"Polygon","coordinates":[[[3.02058,46.34672],[3.00693,46.34413],[2.99948,46.34553],[2.99772,46.34267],[2.99403,46.34337],[2.98932,46.33903],[2.99061,46.33579],[2.98488,46.33418],[2.98922,46.33218],[2.98572,46.32957],[2.99033,46.32798],[2.98897,46.32354],[2.97467,46.32494],[2.96954,46.32306],[2.97588,46.32015],[2.9757,46.3157],[2.96934,46.31083],[2.98882,46.3042],[2.99663,46.29769],[3.00349,46.30074],[3.0104,46.2992],[3.0221,46.30639],[3.02146,46.30962],[3.02922,46.31311],[3.02758,46.31628],[3.03516,46.31899],[3.03261,46.32061],[3.0394,46.32762],[3.02685,46.33073],[3.01958,46.33591],[3.03518,46.33885],[3.02564,46.34138],[3.02058,46.34672]]]},"properties":{"code_territoire":"iris032430000","libelle_territoire":"Saint-Marcel-en-Murat (commune non irisée)"}},
{"type":"Feature","geometry":{"type":"Polygon","coordinates":[[[3.8022,46.02232],[3.79817,46.02568],[3.79745,46.03142],[3.79253,46.02998],[3.78006,46.03447],[3.77297,46.03414],[3.77126,46.03973],[3.76848,46.04012],[3.76983,46.04227],[3.76371,46.04337],[3.7539,46.04478],[3.75487,46.0495],[3.7492,46.04606],[3.74287,46.04625],[3.73517,46.03613],[3.72839,46.03712],[3.72683,46.03117],[3.70933,46.02923],[3.7031,46.02219],[3.70676,46.0202],[3.70886,46.01126],[3.72154,46.01575],[3.72888,46.01356],[3.73351,46.00813],[3.74563,46.00881],[3.7599,46.00401],[3.77332,46.0127],[3.78029,46.01265],[3.78807,46.01769],[3.79827,46.0177],[3.80006,46.01609],[3.79916,46.01962],[3.8022,46.02232]]]},"properties":{"code_territoire":"iris030500000","libelle_territoire":"La Chabanne (commune non irisée)"}},
{"type":"Feature","geometry":{"type":"Polygon","coordinates":[[[2.55935,46.174],[2.56189,46.16381],[2.56069,46.15399],[2.563,46.15605],[2.56587,46.15495],[2.56298,46.14959],[2.5663,46.14315],[2.57294,46.14151],[2.59072,46.12701],[2.60247,46.1309],[2.60217,46.1372],[2.59734,46.14234],[2.59894,46.1474],[2.59209,46.15559],[2.59184,46.16293],[2.58783,46.16761],[2.58975,46.17106],[2.58595,46.17698],[2.5824,46.17554],[2.57616,46.17278],[2.57088,46.17457],[2.56893,46.17278],[2.55935,46.174]]]},"properties":{"code_territoire":"iris032440000","libelle_territoire":"Saint-Marcel-en-Marcillat (commune non irisée)"}},
{"type":"Feature","geometry":{"type":"Polygon","coordinates":[[[3.69961,46.65191],[3.69433,46.66259],[3.66981,46.67251],[3.66876,46.67531],[3.67291,46.6822],[3.65589,46.68651],[3.65066,46.70517],[3.63764,46.70748],[3.62654,46.71166],[3.62363,46.70531],[3.62856,46.69139],[3.63334,46.67829],[3.63997,46.67893],[3.63928,46.6726],[3.63456,46.66598],[3.64603,46.65418],[3.65416,46.65272],[3.65167,46.64955],[3.65942,46.65126],[3.66964,46.64975],[3.67176,46.64735],[3.69961,46.65191]]]},"properties":{"code_territoire":"iris032450000","libelle_territoire":"Saint-Martin-des-Lais (commune non irisée)"}},
{"type":"Feature","geometry":{"type":"Polygon","coordinates":[[[2.49674,46.33465],[2.49072,46.33925],[2.48638,46.33946],[2.48786,46.34446],[2.46971,46.34666],[2.45712,46.35661],[2.44873,46.35311],[2.43508,46.34871],[2.42078,46.35317],[2.40624,46.34499],[2.40476,46.34093],[2.3957,46.33898],[2.3882,46.33161],[2.39705,46.32638],[2.40777,46.31496],[2.42047,46.31013],[2.42065,46.31418],[2.42972,46.30904],[2.44017,46.31441],[2.44142,46.31753],[2.45008,46.31766],[2.45491,46.32027],[2.45833,46.3204],[2.46202,46.31325],[2.47928,46.32354],[2.49149,46.32695],[2.49674,46.33465]]]},"properties":{"code_territoire":"iris032460000","libelle_territoire":"Saint-Martinien (commune non irisée)"}},
{"type":"Feature","geometry":{"type":"Polygon","coordinates":[[[2.39999,46.43335],[2.39537,46.41715],[2.37724,46.41065],[2.38972,46.40012],[2.38373,46.39882],[2.37118,46.38898],[2.37201,46.38703],[2.38098,46.38514],[2.38646,46.39319],[2.39095,46.39521],[2.40106,46.39427],[2.40972,46.39071],[2.42508,46.39488],[2.42924,46.39276],[2.43477,46.39343],[2.43971,46.39599],[2.45876,46.39494],[2.47432,46.40117],[2.4657,46.4087],[2.47342,46.41496],[2.46218,46.4177],[2.45816,46.43043],[2.45322,46.42959],[2.44541,46.43923],[2.43139,46.44135],[2.43004,46.44355],[2.41921,46.44394],[2.39999,46.43335]]]},"properties":{"code_territoire":"iris030510000","libelle_territoire":"Chambérat (commune non irisée)"}},
{"type":"Feature","geometry":{"type":"Polygon","coordinates":[[[2.72433,46.30731],[2.72079,46.31012],[2.7242,46.31067],[2.72622,46.30845],[2.72981,46.31],[2.72738,46.31553],[2.73069,46.31694],[2.73171,46.31271],[2.75521,46.31852],[2.75637,46.32346],[2.75304,46.32577],[2.75622,46.32795],[2.7486,46.33471],[2.74885,46.34418],[2.74142,46.34602],[2.72779,46.34021],[2.72666,46.3453],[2.71837,46.34789],[2.70158,46.34558],[2.67333,46.33803],[2.66334,46.33013],[2.68768,46.31511],[2.71091,46.31228],[2.71653,46.30502],[2.72433,46.30731]]]},"properties":{"code_territoire":"iris030520000","libelle_territoire":"Chamblet (commune non irisée)"}},
{"type":"Feature","geometry":{"type":"Polygon","coordinates":[[[3.10792,46.56508],[3.11845,46.5683],[3.12009,46.56673],[3.12357,46.56937],[3.14017,46.55929],[3.1515,46.55682],[3.15886,46.56312],[3.1713,46.5605],[3.17757,46.56241],[3.1858,46.56572],[3.17844,46.57516],[3.18353,46.57935],[3.18202,46.58416],[3.18825,46.58587],[3.18784,46.5894],[3.19591,46.59195],[3.20089,46.59753],[3.1895,46.60247],[3.17399,46.60542],[3.17526,46.6002],[3.14194,46.60002],[3.14491,46.59597],[3.13358,46.59574],[3.12904,46.60047],[3.11617,46.6048],[3.10932,46.60494],[3.10607,46.60906],[3.1046,46.60816],[3.10645,46.58642],[3.09929,46.58795],[3.09852,46.58449],[3.10123,46.582],[3.09841,46.58103],[3.09986,46.57742],[3.09444,46.57078],[3.10479,46.56466],[3.10792,46.56508]]]},"properties":{"code_territoire":"iris032470000","libelle_territoire":"Saint-Menoux (commune non irisée)"}},
{"type":"Feature","geometry":{"type":"Polygon","coordinates":[[[3.8022,46.02232],[3.80888,46.01453],[3.81327,46.00328],[3.81934,46.00163],[3.82455,46.00636],[3.82256,46.01315],[3.8157,46.01909],[3.81286,46.02839],[3.81365,46.03981],[3.807,46.04546],[3.808,46.05014],[3.80509,46.0531],[3.80749,46.06183],[3.81525,46.06935],[3.81435,46.07344],[3.82001,46.07996],[3.81482,46.08524],[3.82167,46.08767],[3.82154,46.08983],[3.81179,46.09779],[3.8037,46.10955],[3.7933,46.11223],[3.77324,46.10011],[3.77261,46.09565],[3.7857,46.07748],[3.78556,46.07439],[3.78376,46.0715],[3.77835,46.07055],[3.77417,46.06374],[3.76699,46.06544],[3.76206,46.06278],[3.75702,46.05836],[3.76287,46.05048],[3.76506,46.05193],[3.76625,46.04496],[3.76371,46.04337],[3.76983,46.04227],[3.76848,46.04012],[3.77126,46.03973],[3.77297,46.03414],[3.78006,46.03447],[3.79253,46.02998],[3.79745,46.03142],[3.79817,46.02568],[3.8022,46.02232]]]},"properties":{"code_territoire":"iris032480000","libelle_territoire":"Saint-Nicolas-des-Biefs (commune non irisée)"}},
{"type":"Feature","geometry":{"type":"Polygon","coordinates":[[[3.12941,46.23881],[3.12598,46.23942],[3.12364,46.23565],[3.12603,46.23451],[3.1215,46.23236],[3.12303,46.23066],[3.13381,46.22363],[3.13709,46.22735],[3.15388,46.21743],[3.16197,46.22116],[3.1616,46.22345],[3.17062,46.22666],[3.17734,46.22199],[3.18286,46.22447],[3.18124,46.2269],[3.18561,46.22809],[3.18779,46.23148],[3.18137,46.23245],[3.17928,46.24008],[3.18234,46.25022],[3.18671,46.2546],[3.18441,46.25739],[3.17313,46.25794],[3.17139,46.26195],[3.15934,46.2513],[3.17135,46.25018],[3.16618,46.24666],[3.16715,46.24417],[3.15786,46.24339],[3.15532,46.2408],[3.15084,46.24342],[3.14808,46.23715],[3.14259,46.23905],[3.14375,46.24124],[3.14104,46.24197],[3.13764,46.23825],[3.12941,46.23881]]]},"properties":{"code_territoire":"iris030530000","libelle_territoire":"Chantelle (commune non irisée)"}},
{"type":"Feature","geometry":{"type":"Polygon","coordinates":[[[2.31675,46.46868],[2.30537,46.47546],[2.30076,46.47241],[2.29694,46.46366],[2.28577,46.4537],[2.28335,46.44948],[2.28397,46.43754],[2.27679,46.42493],[2.28169,46.42152],[2.27851,46.41914],[2.27877,46.41379],[2.28205,46.41085],[2.28242,46.40758],[2.29889,46.4118],[2.31071,46.42089],[2.33193,46.42183],[2.32591,46.43022],[2.33328,46.43954],[2.33874,46.44264],[2.31675,46.46868]]]},"properties":{"code_territoire":"iris032490000","libelle_territoire":"Saint-Palais (commune non irisée)"}},
{"type":"Feature","geometry":{"type":"Polygon","coordinates":[[[3.79149,46.15662],[3.79616,46.15621],[3.80765,46.16141],[3.80867,46.16464],[3.7888,46.18576],[3.79024,46.19457],[3.7875,46.19621],[3.78803,46.20191],[3.79664,46.207],[3.79034,46.21084],[3.78494,46.22092],[3.77335,46.22719],[3.75815,46.22273],[3.74811,46.22521],[3.7431,46.22425],[3.73598,46.22484],[3.73561,46.22306],[3.73984,46.21038],[3.73479,46.2027],[3.74179,46.19636],[3.74026,46.19459],[3.74471,46.19398],[3.75081,46.1823],[3.76636,46.18144],[3.76415,46.17801],[3.76993,46.17283],[3.76637,46.17144],[3.76664,46.16761],[3.77511,46.16629],[3.77789,46.16271],[3.79149,46.15662]]]},"properties":{"code_territoire":"iris032500000","libelle_territoire":"Saint-Pierre-Laval (commune non irisée)"}},
{"type":"Feature","geometry":{"type":"Polygon","coordinates":[[[2.89421,46.63452],[2.89613,46.61597],[2.90926,46.61585],[2.91348,46.60848],[2.93278,46.58908],[2.96282,46.59418],[2.96167,46.58908],[2.96743,46.58684],[2.97578,46.5867],[2.98161,46.58994],[2.98555,46.59531],[2.99881,46.59178],[3.00795,46.60598],[3.01386,46.61013],[3.00421,46.61146],[3.01619,46.61851],[3.00776,46.62174],[3.01285,46.62359],[3.00621,46.6295],[2.99855,46.63162],[2.99693,46.63693],[2.98744,46.64132],[2.98984,46.6455],[2.98727,46.65029],[2.98986,46.65196],[2.99451,46.65042],[2.99599,46.65213],[2.9936,46.65694],[2.98986,46.65826],[2.98899,46.66118],[2.99326,46.6636],[2.98905,46.66632],[2.99,46.66916],[2.98216,46.66826],[2.98014,46.67108],[2.97509,46.66761],[2.96227,46.65483],[2.95377,46.65636],[2.95175,46.65025],[2.93965,46.651],[2.93662,46.65329],[2.92144,46.64878],[2.90523,46.64755],[2.90342,46.64533],[2.89642,46.64419],[2.89421,46.63452]]]},"properties":{"code_territoire":"iris032510000","libelle_territoire":"Saint-Plaisir (commune non irisée)"}},
{"type":"Feature","geometry":{"type":"Polygon","coordinates":[[[3.52897,46.51492],[3.52312,46.51351],[3.50333,46.51469],[3.49854,46.51092],[3.49545,46.51377],[3.48763,46.51442],[3.48266,46.51718],[3.48058,46.50893],[3.46775,46.50773],[3.45785,46.49908],[3.46547,46.49842],[3.46207,46.49292],[3.46588,46.49105],[3.46495,46.4865],[3.4699,46.4855],[3.46837,46.4788],[3.47359,46.47926],[3.47105,46.4759],[3.47896,46.47529],[3.47851,46.4727],[3.48356,46.47324],[3.48676,46.47043],[3.49361,46.47415],[3.49577,46.47097],[3.50708,46.46911],[3.51648,46.47256],[3.52245,46.47236],[3.52676,46.47545],[3.53129,46.47101],[3.54335,46.46985],[3.54323,46.47133],[3.55986,46.46834],[3.56705,46.47148],[3.56574,46.47837],[3.55887,46.49366],[3.55925,46.51202],[3.54942,46.51188],[3.54056,46.51571],[3.53049,46.51333],[3.52897,46.51492]]]},"properties":{"code_territoire":"iris030540000","libelle_territoire":"Chapeau (commune non irisée)"}},
{"type":"Feature","geometry":{"type":"Polygon","coordinates":[[[2.534,46.40878],[2.53224,46.41608],[2.55451,46.4242],[2.57169,46.42159],[2.57737,46.42748],[2.5681,46.43826],[2.55923,46.43841],[2.54932,46.43972],[2.52067,46.43438],[2.51749,46.44116],[2.50511,46.43929],[2.50648,46.44981],[2.50734,46.4548],[2.50077,46.45419],[2.49524,46.44957],[2.48971,46.44931],[2.47417,46.44468],[2.46388,46.44509],[2.46245,46.44244],[2.44541,46.43923],[2.45322,46.42959],[2.45816,46.43043],[2.46218,46.4177],[2.47342,46.41496],[2.4657,46.4087],[2.47432,46.40117],[2.49072,46.40619],[2.507,46.4168],[2.51605,46.413],[2.51656,46.40486],[2.52755,46.40723],[2.534,46.40878]]]},"properties":{"code_territoire":"iris030550000","libelle_territoire":"La Chapelaude (commune non irisée)"}},
{"type":"Feature","geometry":{"type":"Polygon","coordinates":[[[3.26206,46.16467],[3.26728,46.15887],[3.27031,46.15888],[3.26844,46.15595],[3.28514,46.15657],[3.28276,46.15365],[3.29414,46.15195],[3.29296,46.13373],[3.30904,46.13529],[3.30683,46.14056],[3.32112,46.14513],[3.31959,46.1471],[3.3235,46.14978],[3.31369,46.15082],[3.3196,46.15182],[3.31883,46.1594],[3.31454,46.15984],[3.32003,46.16304],[3.31879,46.16562],[3.32476,46.1681],[3.32404,46.17672],[3.31573,46.17279],[3.2977,46.1765],[3.28145,46.17594],[3.27541,46.16704],[3.26392,46.167],[3.26206,46.16467]]]},"properties":{"code_territoire":"iris032520000","libelle_territoire":"Saint-Pont (commune non irisée)"}},
{"type":"Feature","geometry":{"type":"Polygon","coordinates":[[[3.69127,46.4644],[3.70107,46.46973],[3.70222,46.47542],[3.70885,46.481],[3.7139,46.48097],[3.72037,46.48646],[3.71022,46.49608],[3.70365,46.49332],[3.7009,46.49552],[3.6964,46.49493],[3.69581,46.49072],[3.68557,46.49423],[3.67339,46.49221],[3.67254,46.49477],[3.67076,46.49393],[3.66573,46.49702],[3.66212,46.49596],[3.66243,46.49321],[3.65573,46.49365],[3.65221,46.49684],[3.64938,46.4938],[3.64208,46.49349],[3.64307,46.4948],[3.63109,46.49738],[3.63638,46.49735],[3.64261,46.50414],[3.64864,46.50451],[3.64707,46.51007],[3.6399,46.50819],[3.64376,46.51219],[3.64632,46.51195],[3.64477,46.51613],[3.62198,46.51501],[3.61759,46.50888],[3.62525,46.49864],[3.60643,46.49246],[3.6028,46.48554],[3.58721,46.478],[3.58915,46.473],[3.59503,46.46848],[3.60462,46.46768],[3.6077,46.46081],[3.6157,46.46084],[3.6281,46.4662],[3.62825,46.46303],[3.62127,46.45843],[3.62594,46.45611],[3.63436,46.45915],[3.63651,46.4553],[3.6406,46.45513],[3.642,46.45731],[3.63716,46.45794],[3.6375,46.4622],[3.63169,46.46117],[3.63298,46.46373],[3.6399,46.4634],[3.644,46.46086],[3.64123,46.46444],[3.64333,46.46555],[3.64567,46.46368],[3.65113,46.46825],[3.6612,46.46485],[3.66018,46.4628],[3.66322,46.46126],[3.66549,46.46571],[3.6695,46.46409],[3.66761,46.45564],[3.67828,46.45809],[3.68101,46.46617],[3.69127,46.4644]]]},"properties":{"code_territoire":"iris032530000","libelle_territoire":"Saint-Pourçain-sur-Besbre (commune non irisée)"}},
{"type":"Feature","geometry":{"type":"Polygon","coordinates":[[[3.60775,46.0794],[3.61024,46.07626],[3.61186,46.08009],[3.61498,46.07853],[3.62068,46.07175],[3.63202,46.07417],[3.6432,46.0819],[3.63557,46.09035],[3.6344,46.09744],[3.62487,46.09982],[3.61915,46.10564],[3.6165,46.10156],[3.61072,46.10211],[3.61037,46.10005],[3.59508,46.10317],[3.58992,46.10078],[3.58114,46.10457],[3.57558,46.1027],[3.56533,46.10474],[3.55326,46.10124],[3.54815,46.10256],[3.54661,46.0949],[3.53731,46.08734],[3.53761,46.08719],[3.54084,46.08432],[3.54211,46.07504],[3.5536,46.07367],[3.56082,46.06952],[3.57162,46.07121],[3.57855,46.07724],[3.59111,46.08046],[3.59692,46.08603],[3.60171,46.08529],[3.60775,46.0794]]]},"properties":{"code_territoire":"iris030560000","libelle_territoire":"La Chapelle (commune non irisée)"}},
{"type":"Feature","geometry":{"type":"Polygon","coordinates":[[[3.25376,46.29993],[3.26123,46.30163],[3.27283,46.30037],[3.28735,46.30726],[3.29127,46.30621],[3.29321,46.30793],[3.28968,46.31145],[3.29692,46.31026],[3.29664,46.31369],[3.29325,46.31543],[3.29601,46.32282],[3.30943,46.32642],[3.3065,46.3301],[3.29729,46.32992],[3.29688,46.33416],[3.30203,46.33619],[3.2958,46.34026],[3.28697,46.3421],[3.2845,46.33128],[3.28625,46.31943],[3.27616,46.32203],[3.27397,46.31271],[3.26192,46.3149],[3.27061,46.31178],[3.271,46.30887],[3.25828,46.30523],[3.26135,46.30309],[3.25376,46.29993]]]},"properties":{"code_territoire":"iris032540101","libelle_territoire":"Centre-Ouest"}},
{"type":"Feature","geometry":{"type":"Polygon","coordinates":[[[3.31024,46.26701],[3.31739,46.268],[3.31924,46.27378],[3.32711,46.27474],[3.32704,46.27789],[3.33232,46.28063],[3.33664,46.28803],[3.34668,46.29693],[3.34833,46.30922],[3.34483,46.31125],[3.34548,46.31954],[3.35168,46.32228],[3.35887,46.33205],[3.35664,46.33623],[3.35076,46.33748],[3.34643,46.33316],[3.33133,46.32771],[3.328,46.32928],[3.32407,46.32602],[3.3162,46.32816],[3.30943,46.32642],[3.29601,46.32282],[3.29325,46.31543],[3.29664,46.31369],[3.29692,46.31026],[3.28968,46.31145],[3.29321,46.30793],[3.29127,46.30621],[3.28735,46.30726],[3.27283,46.30037],[3.26123,46.30163],[3.25376,46.29993],[3.24665,46.2972],[3.25364,46.28859],[3.25681,46.2891],[3.26252,46.28517],[3.25731,46.28027],[3.26332,46.27787],[3.26809,46.27732],[3.27469,46.28402],[3.27871,46.28279],[3.27965,46.28681],[3.28481,46.28706],[3.28757,46.28352],[3.30019,46.28046],[3.30077,46.28431],[3.30611,46.28439],[3.31064,46.27923],[3.30756,46.27142],[3.30755,46.2678],[3.31024,46.26701]]]},"properties":{"code_territoire":"iris032540102","libelle_territoire":"Est"}},
{"type":"Feature","geometry":{"type":"Polygon","coordinates":[[[3.11835,46.07855],[3.1314,46.06933],[3.14139,46.0696],[3.16081,46.06602],[3.17932,46.06648],[3.17955,46.07356],[3.17389,46.07335],[3.17811,46.08121],[3.17612,46.09082],[3.16282,46.08698],[3.14995,46.08686],[3.11835,46.07855]]]},"properties":{"code_territoire":"iris032550000","libelle_territoire":"Saint-Priest-d'Andelot (commune non irisée)"}},
{"type":"Feature","geometry":{"type":"Polygon","coordinates":[[[3.55409,46.68474],[3.54692,46.67821],[3.5397,46.67995],[3.53706,46.68666],[3.5304,46.68924],[3.51394,46.68359],[3.51664,46.68169],[3.511,46.68008],[3.51337,46.67743],[3.5035,46.67256],[3.49298,46.6622],[3.48622,46.66085],[3.48661,46.65408],[3.49626,46.6421],[3.50688,46.63472],[3.52802,46.63654],[3.54931,46.64618],[3.5531,46.637],[3.56607,46.64196],[3.56517,46.64677],[3.57251,46.66172],[3.5593,46.66513],[3.56034,46.66877],[3.55655,46.66927],[3.55934,46.67222],[3.56985,46.67474],[3.56996,46.67747],[3.5653,46.68033],[3.55409,46.68474]]]},"properties":{"code_territoire":"iris030570000","libelle_territoire":"La Chapelle-aux-Chasses (commune non irisée)"}},
{"type":"Feature","geometry":{"type":"Polygon","coordinates":[[[2.92336,46.33502],[2.93349,46.3384],[2.93617,46.33676],[2.94025,46.33958],[2.93608,46.3497],[2.93709,46.35902],[2.96334,46.36343],[2.96296,46.36712],[2.9447,46.37155],[2.93822,46.36954],[2.93974,46.36722],[2.92426,46.36551],[2.91701,46.36218],[2.90676,46.3716],[2.909,46.37523],[2.907,46.38186],[2.89983,46.38336],[2.88749,46.38034],[2.88596,46.38369],[2.87332,46.38396],[2.87152,46.37599],[2.87785,46.36987],[2.87005,46.36457],[2.86602,46.35615],[2.86144,46.35603],[2.85908,46.35265],[2.84886,46.35144],[2.84913,46.34951],[2.85956,46.34833],[2.86094,46.3497],[2.86509,46.3448],[2.87376,46.33882],[2.88205,46.33826],[2.88972,46.33425],[2.88992,46.33199],[2.89611,46.33053],[2.90404,46.33265],[2.91094,46.33033],[2.92336,46.33502]]]},"properties":{"code_territoire":"iris032560000","libelle_territoire":"Saint-Priest-en-Murat (commune non irisée)"}},
{"type":"Feature","geometry":{"type":"Polygon","coordinates":[[[3.61134,46.22468],[3.61351,46.21385],[3.60998,46.21303],[3.61538,46.20878],[3.62911,46.20504],[3.62887,46.20344],[3.63868,46.202],[3.64918,46.20397],[3.6597,46.20054],[3.66454,46.20224],[3.67204,46.21218],[3.67361,46.21122],[3.67693,46.21354],[3.67179,46.21586],[3.6774,46.22422],[3.67633,46.23257],[3.68241,46.24049],[3.69033,46.24506],[3.68371,46.24788],[3.66822,46.24962],[3.64306,46.24945],[3.63589,46.24445],[3.63663,46.24074],[3.63197,46.23596],[3.61846,46.23081],[3.61134,46.22468]]]},"properties":{"code_territoire":"iris032570000","libelle_territoire":"Saint-Prix (commune non irisée)"}},
{"type":"Feature","geometry":{"type":"Polygon","coordinates":[[[3.41301,46.17499],[3.41265,46.18253],[3.41912,46.19035],[3.41596,46.19731],[3.41645,46.20599],[3.42136,46.21252],[3.3997,46.21241],[3.38682,46.21],[3.38075,46.21359],[3.38001,46.21148],[3.37639,46.21305],[3.37449,46.21098],[3.36717,46.21185],[3.36217,46.2074],[3.35565,46.20752],[3.35503,46.19738],[3.34728,46.19577],[3.33213,46.18212],[3.33581,46.1787],[3.36882,46.18118],[3.3804,46.17308],[3.39167,46.17393],[3.39811,46.17267],[3.3969,46.17027],[3.40038,46.16946],[3.40942,46.17377],[3.41301,46.17499]]]},"properties":{"code_territoire":"iris032580000","libelle_territoire":"Saint-Rémy-en-Rollat (commune non irisée)"}},
{"type":"Feature","geometry":{"type":"Polygon","coordinates":[[[2.98038,46.39934],[2.9711,46.39546],[2.96464,46.39848],[2.95845,46.39818],[2.95855,46.4009],[2.95583,46.40182],[2.95242,46.39878],[2.94567,46.39962],[2.94188,46.40316],[2.93071,46.40396],[2.9229,46.39268],[2.89983,46.38336],[2.907,46.38186],[2.909,46.37523],[2.90676,46.3716],[2.91701,46.36218],[2.92426,46.36551],[2.93974,46.36722],[2.93822,46.36954],[2.9447,46.37155],[2.96296,46.36712],[2.97424,46.36458],[2.97845,46.37875],[2.97699,46.38186],[2.98545,46.38816],[2.97879,46.39103],[2.98105,46.39319],[2.98038,46.39934]]]},"properties":{"code_territoire":"iris030580000","libelle_territoire":"Chappes (commune non irisée)"}},
{"type":"Feature","geometry":{"type":"Polygon","coordinates":[[[2.33648,46.36913],[2.34493,46.37148],[2.36447,46.372],[2.36805,46.38137],[2.37707,46.38299],[2.37201,46.38703],[2.37118,46.38898],[2.38373,46.39882],[2.38972,46.40012],[2.37724,46.41065],[2.36878,46.40361],[2.36521,46.40558],[2.36509,46.41104],[2.35742,46.41619],[2.33193,46.42183],[2.31071,46.42089],[2.29889,46.4118],[2.28242,46.40758],[2.28205,46.41085],[2.27764,46.40984],[2.28391,46.39961],[2.28478,46.39427],[2.28237,46.39195],[2.28745,46.38241],[2.29804,46.38412],[2.30407,46.37894],[2.31547,46.37521],[2.33136,46.37897],[2.33648,46.36913]]]},"properties":{"code_territoire":"iris032590000","libelle_territoire":"Saint-Sauvier (commune non irisée)"}},
{"type":"Feature","geometry":{"type":"Polygon","coordinates":[[[2.98105,46.39319],[2.98802,46.39422],[3.00352,46.39],[3.02084,46.39127],[3.03057,46.39377],[3.0387,46.40318],[3.03935,46.40563],[3.04506,46.40531],[3.04947,46.40896],[3.03954,46.41061],[3.02388,46.41806],[3.02466,46.42165],[3.02139,46.421],[3.01853,46.42323],[3.01818,46.43336],[2.99059,46.43294],[2.9911,46.43585],[2.98555,46.43435],[2.97677,46.43389],[2.97542,46.42097],[2.97129,46.41466],[2.96706,46.41403],[2.98038,46.39934],[2.98105,46.39319]]]},"properties":{"code_territoire":"iris032600000","libelle_territoire":"Saint-Sornin (commune non irisée)"}},
{"type":"Feature","geometry":{"type":"Polygon","coordinates":[[[2.55994,46.26288],[2.55528,46.25494],[2.54511,46.25163],[2.54403,46.24655],[2.53892,46.24447],[2.54649,46.23802],[2.54354,46.23272],[2.55008,46.2319],[2.5573,46.22704],[2.55873,46.22281],[2.57266,46.23534],[2.58948,46.22842],[2.61178,46.24142],[2.605,46.25102],[2.58429,46.25207],[2.57439,46.25822],[2.57231,46.26203],[2.56688,46.25939],[2.55994,46.26288]]]},"properties":{"code_territoire":"iris032610000","libelle_territoire":"Sainte-Thérence (commune non irisée)"}},
{"type":"Feature","geometry":{"type":"Polygon","coordinates":[[[3.26332,46.27787],[3.25731,46.28027],[3.25458,46.27874],[3.24072,46.28319],[3.23326,46.28271],[3.22398,46.28689],[3.22078,46.28492],[3.2186,46.2882],[3.21567,46.28214],[3.2114,46.27264],[3.21366,46.26928],[3.2014,46.26284],[3.20582,46.25808],[3.20203,46.25436],[3.21043,46.25193],[3.2126,46.2465],[3.21684,46.24421],[3.22861,46.24339],[3.22916,46.25029],[3.23721,46.24662],[3.2404,46.24953],[3.24826,46.25503],[3.24085,46.26302],[3.2441,46.26843],[3.25018,46.2671],[3.25797,46.27108],[3.25711,46.27479],[3.26332,46.27787]]]},"properties":{"code_territoire":"iris030590000","libelle_territoire":"Chareil-Cintrat (commune non irisée)"}},
{"type":"Feature","geometry":{"type":"Polygon","coordinates":[[[2.60394,46.41241],[2.59553,46.40329],[2.59071,46.40532],[2.58545,46.40369],[2.58336,46.40748],[2.57906,46.40636],[2.57031,46.39913],[2.57243,46.39473],[2.56844,46.39121],[2.57096,46.38494],[2.56546,46.38363],[2.56322,46.37818],[2.57321,46.37328],[2.58488,46.37541],[2.58797,46.37111],[2.60933,46.37154],[2.61257,46.37252],[2.62046,46.36886],[2.62853,46.36912],[2.6387,46.36576],[2.63888,46.37103],[2.64464,46.37201],[2.64578,46.37461],[2.64999,46.37451],[2.65398,46.37937],[2.64396,46.38634],[2.64545,46.39309],[2.65025,46.39536],[2.64834,46.39898],[2.63972,46.39893],[2.63495,46.40223],[2.63564,46.40483],[2.63257,46.40634],[2.60982,46.40889],[2.60394,46.41241]]]},"properties":{"code_territoire":"iris032620000","libelle_territoire":"Saint-Victor (commune non irisée)"}},
{"type":"Feature","geometry":{"type":"Polygon","coordinates":[[[3.47124,46.42591],[3.47203,46.42294],[3.46788,46.4205],[3.46802,46.41794],[3.47429,46.41366],[3.4774,46.40759],[3.46814,46.40523],[3.47216,46.39957],[3.4848,46.39222],[3.49652,46.38994],[3.50577,46.38398],[3.51017,46.38467],[3.51036,46.38889],[3.53027,46.385],[3.53612,46.38534],[3.53925,46.38855],[3.53913,46.3964],[3.54388,46.39587],[3.54459,46.40873],[3.53575,46.42449],[3.53091,46.42319],[3.53099,46.42725],[3.52398,46.43082],[3.5094,46.43276],[3.50928,46.43082],[3.49709,46.42993],[3.49199,46.43749],[3.48168,46.43888],[3.4803,46.43311],[3.47234,46.43267],[3.47124,46.42591]]]},"properties":{"code_territoire":"iris032630000","libelle_territoire":"Saint-Voir (commune non irisée)"}},
{"type":"Feature","geometry":{"type":"Polygon","coordinates":[[[3.4532,46.06388],[3.45948,46.06107],[3.45746,46.05899],[3.46245,46.056],[3.46062,46.05032],[3.4717,46.04019],[3.4778,46.04151],[3.47315,46.0537],[3.47481,46.05863],[3.47205,46.05942],[3.47285,46.06457],[3.47762,46.06376],[3.47928,46.0669],[3.47625,46.06869],[3.48315,46.07137],[3.4861,46.07848],[3.48004,46.08205],[3.47287,46.08251],[3.4613,46.079],[3.4485,46.069],[3.4532,46.06388]]]},"properties":{"code_territoire":"iris032640000","libelle_territoire":"Saint-Yorre (commune non irisée)"}},
{"type":"Feature","geometry":{"type":"Polygon","coordinates":[[[3.41039,46.15301],[3.40706,46.16267],[3.40946,46.16459],[3.41588,46.16475],[3.41845,46.16757],[3.40942,46.17377],[3.40038,46.16946],[3.3969,46.17027],[3.39811,46.17267],[3.39167,46.17393],[3.3804,46.17308],[3.37842,46.16627],[3.37394,46.16356],[3.3779,46.15864],[3.36864,46.15143],[3.37483,46.14749],[3.39762,46.14972],[3.41092,46.14204],[3.40528,46.14814],[3.41039,46.15301]]]},"properties":{"code_territoire":"iris030600000","libelle_territoire":"Charmeil (commune non irisée)"}},
{"type":"Feature","geometry":{"type":"Polygon","coordinates":[[[3.25994,46.10338],[3.22794,46.10058],[3.23318,46.0935],[3.23236,46.08428],[3.24243,46.07944],[3.23247,46.06967],[3.22932,46.06575],[3.23395,46.06338],[3.24486,46.06217],[3.24723,46.06414],[3.24967,46.06261],[3.25658,46.06596],[3.26088,46.06732],[3.2649,46.08346],[3.26098,46.08379],[3.26248,46.08527],[3.25404,46.08774],[3.25264,46.09038],[3.25856,46.10031],[3.25994,46.10338]]]},"properties":{"code_territoire":"iris030610000","libelle_territoire":"Charmes (commune non irisée)"}},
{"type":"Feature","geometry":{"type":"Polygon","coordinates":[[[3.73224,46.42127],[3.73799,46.42073],[3.73892,46.42378],[3.74652,46.42474],[3.74679,46.42989],[3.75142,46.42921],[3.75518,46.42376],[3.76945,46.42192],[3.77787,46.4289],[3.78003,46.43587],[3.78638,46.4398],[3.78331,46.44088],[3.78592,46.44535],[3.77973,46.44831],[3.79283,46.45555],[3.79387,46.46023],[3.80367,46.46301],[3.81863,46.45643],[3.82269,46.45878],[3.82475,46.46503],[3.82619,46.47288],[3.8237,46.47493],[3.81671,46.47095],[3.81186,46.47518],[3.80618,46.47427],[3.79936,46.48502],[3.78949,46.48924],[3.78392,46.49483],[3.78793,46.50327],[3.76632,46.4961],[3.75895,46.50794],[3.75358,46.50207],[3.73619,46.50198],[3.73338,46.49837],[3.72587,46.49905],[3.72483,46.49516],[3.72204,46.49549],[3.72046,46.49318],[3.72037,46.48646],[3.7139,46.48097],[3.70885,46.481],[3.70222,46.47542],[3.70107,46.46973],[3.69127,46.4644],[3.69756,46.45612],[3.69729,46.4502],[3.69607,46.4449],[3.70045,46.44509],[3.70018,46.44923],[3.70561,46.44242],[3.70522,46.43821],[3.70188,46.43841],[3.70041,46.43451],[3.69701,46.43392],[3.69838,46.42859],[3.70381,46.42979],[3.70684,46.42858],[3.70571,46.42586],[3.70928,46.42561],[3.71998,46.43238],[3.72879,46.43075],[3.72846,46.42445],[3.73224,46.42127]]]},"properties":{"code_territoire":"iris032650000","libelle_territoire":"Saligny-sur-Roudon (commune non irisée)"}},
{"type":"Feature","geometry":{"type":"Polygon","coordinates":[[[3.19103,46.17725],[3.19036,46.18287],[3.18478,46.18938],[3.17314,46.19815],[3.16866,46.20214],[3.16218,46.19509],[3.15744,46.20057],[3.15564,46.19726],[3.15143,46.19711],[3.14942,46.19235],[3.13409,46.18499],[3.13566,46.18228],[3.13838,46.18177],[3.14081,46.18411],[3.143,46.18133],[3.14135,46.1772],[3.14469,46.17511],[3.14118,46.17368],[3.14747,46.17224],[3.15394,46.17533],[3.15386,46.16877],[3.1605,46.16703],[3.16844,46.16126],[3.17976,46.17306],[3.19103,46.17725]]]},"properties":{"code_territoire":"iris030620000","libelle_territoire":"Charroux (commune non irisée)"}},
{"type":"Feature","geometry":{"type":"Polygon","coordinates":[[[3.46388,46.23876],[3.47597,46.23236],[3.47556,46.23683],[3.47845,46.2369],[3.47961,46.23377],[3.49389,46.2381],[3.4907,46.24031],[3.49336,46.24172],[3.48782,46.24935],[3.49007,46.25398],[3.48498,46.25488],[3.4871,46.25957],[3.48011,46.2662],[3.48145,46.25895],[3.47004,46.25826],[3.46131,46.26032],[3.45835,46.26517],[3.45421,46.26225],[3.45046,46.26654],[3.44441,46.26571],[3.44419,46.26785],[3.44136,46.2663],[3.43859,46.26045],[3.43949,46.25279],[3.44601,46.25324],[3.44619,46.24935],[3.45548,46.25041],[3.46177,46.24617],[3.46388,46.23876]]]},"properties":{"code_territoire":"iris032660000","libelle_territoire":"Sanssat (commune non irisée)"}},
{"type":"Feature","geometry":{"type":"Polygon","coordinates":[[[3.26192,46.3149],[3.27397,46.31271],[3.27616,46.32203],[3.28625,46.31943],[3.2845,46.33128],[3.28697,46.3421],[3.28425,46.34107],[3.27444,46.34404],[3.25812,46.34195],[3.24873,46.33593],[3.24503,46.32795],[3.24635,46.32346],[3.25189,46.3222],[3.2504,46.31766],[3.26192,46.3149]]]},"properties":{"code_territoire":"iris032670000","libelle_territoire":"Saulcet (commune non irisée)"}},
{"type":"Feature","geometry":{"type":"Polygon","coordinates":[[[3.22948,46.12529],[3.23288,46.12613],[3.23145,46.12822],[3.24247,46.12802],[3.24725,46.13714],[3.24223,46.13838],[3.24212,46.1447],[3.23972,46.14486],[3.24154,46.15084],[3.21931,46.15168],[3.21161,46.1453],[3.19343,46.14439],[3.19448,46.14027],[3.19891,46.13973],[3.19435,46.12897],[3.20357,46.12758],[3.20823,46.12969],[3.2056,46.12437],[3.22948,46.12529]]]},"properties":{"code_territoire":"iris032680000","libelle_territoire":"Saulzet (commune non irisée)"}},
{"type":"Feature","geometry":{"type":"Polygon","coordinates":[[[2.84573,46.44278],[2.83954,46.45752],[2.83128,46.45556],[2.82676,46.45674],[2.82609,46.45469],[2.81793,46.45739],[2.79222,46.4557],[2.78694,46.44779],[2.78893,46.44491],[2.78056,46.44506],[2.78081,46.43705],[2.77808,46.43509],[2.77481,46.43635],[2.77908,46.43198],[2.77663,46.42945],[2.76985,46.42683],[2.76084,46.42717],[2.75162,46.42593],[2.75319,46.42044],[2.75713,46.42033],[2.75743,46.41637],[2.76128,46.4142],[2.7656,46.41497],[2.77075,46.40966],[2.77735,46.4101],[2.77849,46.40769],[2.79433,46.40806],[2.79637,46.41769],[2.8067,46.42039],[2.81312,46.42464],[2.81366,46.42813],[2.82173,46.42927],[2.82262,46.43818],[2.82581,46.43787],[2.82881,46.44099],[2.83288,46.43959],[2.84573,46.44278]]]},"properties":{"code_territoire":"iris032690000","libelle_territoire":"Sauvagny (commune non irisée)"}},
{"type":"Feature","geometry":{"type":"Polygon","coordinates":[[[3.97757,46.39787],[3.97818,46.40115],[3.9887,46.40877],[3.98408,46.41964],[3.99599,46.42617],[3.99536,46.42901],[3.99022,46.43107],[3.9883,46.43645],[3.9945,46.43979],[4.0022,46.43979],[4.00574,46.44309],[3.99735,46.45158],[4.00167,46.45929],[3.99841,46.46531],[3.97788,46.47485],[3.97627,46.47921],[3.96507,46.47809],[3.96634,46.47556],[3.96026,46.47406],[3.94887,46.4641],[3.95361,46.46059],[3.95421,46.45481],[3.9487,46.45161],[3.94857,46.44716],[3.94325,46.44737],[3.93873,46.4441],[3.94364,46.43794],[3.95597,46.42378],[3.96092,46.42516],[3.96539,46.41998],[3.96323,46.41669],[3.96502,46.40499],[3.96119,46.3977],[3.97757,46.39787]]]},"properties":{"code_territoire":"iris030630000","libelle_territoire":"Chassenard (commune non irisée)"}},
{"type":"Feature","geometry":{"type":"Polygon","coordinates":[[[2.92336,46.33502],[2.92796,46.33034],[2.92317,46.32895],[2.92921,46.32764],[2.93749,46.334],[2.94158,46.33019],[2.95005,46.33266],[2.96103,46.33231],[2.97035,46.32705],[2.97437,46.33037],[2.98413,46.3284],[2.98572,46.32957],[2.98922,46.33218],[2.98488,46.33418],[2.99061,46.33579],[2.98932,46.33903],[2.99403,46.34337],[2.99772,46.34267],[2.99948,46.34553],[3.00693,46.34413],[3.02058,46.34672],[3.01051,46.35143],[3.01236,46.35647],[3.00929,46.36022],[2.99007,46.3596],[2.97424,46.36458],[2.96296,46.36712],[2.96334,46.36343],[2.93709,46.35902],[2.93608,46.3497],[2.94025,46.33958],[2.93617,46.33676],[2.93349,46.3384],[2.92336,46.33502]]]},"properties":{"code_territoire":"iris032700000","libelle_territoire":"Sazeret (commune non irisée)"}},
{"type":"Feature","geometry":{"type":"Polygon","coordinates":[[[3.33282,46.08032],[3.34182,46.08591],[3.34597,46.08392],[3.36935,46.08479],[3.36961,46.08809],[3.37792,46.08889],[3.38085,46.09623],[3.38793,46.10104],[3.3846,46.10475],[3.38535,46.10833],[3.38229,46.10997],[3.37357,46.10678],[3.37409,46.10965],[3.37121,46.11077],[3.37004,46.11876],[3.37714,46.12549],[3.36777,46.12312],[3.35842,46.11407],[3.34507,46.11122],[3.34016,46.11416],[3.33725,46.11042],[3.34175,46.10069],[3.32543,46.10393],[3.31731,46.09586],[3.31368,46.0899],[3.31959,46.0883],[3.32342,46.08149],[3.33282,46.08032]]]},"properties":{"code_territoire":"iris032710000","libelle_territoire":"Serbannes (commune non irisée)"}},
{"type":"Feature","geometry":{"type":"Polygon","coordinates":[[[3.55635,46.27675],[3.56237,46.27822],[3.58007,46.26736],[3.59537,46.2626],[3.59991,46.25881],[3.60688,46.27003],[3.61945,46.27325],[3.61618,46.2792],[3.61849,46.28688],[3.61574,46.29111],[3.61333,46.29254],[3.61041,46.29021],[3.60351,46.29038],[3.59932,46.29497],[3.5818,46.29635],[3.5744,46.29104],[3.56583,46.28992],[3.56453,46.28837],[3.5593,46.28878],[3.55336,46.27955],[3.55635,46.27675]]]},"properties":{"code_territoire":"iris032720000","libelle_territoire":"Servilly (commune non irisée)"}},
{"type":"Feature","geometry":{"type":"Polygon","coordinates":[[[2.93996,46.79316],[2.9378,46.78847],[2.93116,46.78596],[2.93146,46.78138],[2.93323,46.77951],[2.93916,46.78122],[2.9438,46.78003],[2.94349,46.77562],[2.94898,46.76934],[2.95095,46.77014],[2.95416,46.76383],[2.96246,46.76321],[2.96956,46.75802],[2.98311,46.76047],[2.99508,46.76636],[3.01575,46.76689],[3.02568,46.76286],[3.03179,46.76326],[3.03599,46.76409],[3.03757,46.77285],[3.03593,46.78883],[3.03206,46.79491],[3.02541,46.79382],[3.0173,46.79994],[2.9922,46.79697],[2.98331,46.80276],[2.95961,46.80429],[2.95912,46.79919],[2.95355,46.79716],[2.95303,46.79103],[2.94709,46.79065],[2.94144,46.79512],[2.93996,46.79316]]]},"properties":{"code_territoire":"iris030640000","libelle_territoire":"Château-sur-Allier (commune non irisée)"}},
{"type":"Feature","geometry":{"type":"Polygon","coordinates":[[[3.47748,46.21728],[3.47198,46.22076],[3.4642,46.21998],[3.46422,46.2178],[3.46045,46.21769],[3.46087,46.21911],[3.44713,46.218],[3.44207,46.21454],[3.44436,46.21164],[3.44135,46.20815],[3.45048,46.19415],[3.45892,46.19513],[3.45776,46.1926],[3.46793,46.18915],[3.48482,46.19057],[3.49528,46.19711],[3.48902,46.20956],[3.47748,46.21728]]]},"properties":{"code_territoire":"iris032730000","libelle_territoire":"Seuillet (commune non irisée)"}},
{"type":"Feature","geometry":{"type":"Polygon","coordinates":[[[3.69741,46.3738],[3.69454,46.37481],[3.6935,46.37336],[3.68948,46.37705],[3.67835,46.37329],[3.67723,46.37512],[3.67278,46.37355],[3.67085,46.37449],[3.6726,46.37926],[3.6691,46.3803],[3.67032,46.38277],[3.67253,46.38191],[3.67149,46.38376],[3.66164,46.38435],[3.65657,46.37694],[3.64004,46.37363],[3.63128,46.36809],[3.62293,46.36879],[3.61916,46.35605],[3.62058,46.35369],[3.62843,46.35213],[3.63171,46.34607],[3.63176,46.34605],[3.65195,46.33834],[3.6612,46.34254],[3.66456,46.34945],[3.68165,46.34709],[3.67934,46.34858],[3.68276,46.35248],[3.67894,46.35688],[3.68343,46.36009],[3.68505,46.359],[3.68841,46.36311],[3.69842,46.36424],[3.70088,46.36973],[3.69853,46.36965],[3.69741,46.3738]]]},"properties":{"code_territoire":"iris032740000","libelle_territoire":"Sorbier (commune non irisée)"}},
{"type":"Feature","geometry":{"type":"Polygon","coordinates":[[[3.20362,46.55661],[3.20195,46.5575],[3.19754,46.55051],[3.18887,46.55817],[3.18171,46.55687],[3.17757,46.56241],[3.1713,46.5605],[3.15886,46.56312],[3.1515,46.55682],[3.14948,46.5502],[3.15535,46.53289],[3.14767,46.53085],[3.15064,46.52474],[3.13974,46.52114],[3.14829,46.51325],[3.15559,46.51277],[3.15546,46.50841],[3.15786,46.50799],[3.15563,46.50439],[3.16552,46.48956],[3.17657,46.48218],[3.1788,46.48088],[3.19934,46.48487],[3.22873,46.51394],[3.231,46.51318],[3.23632,46.51722],[3.23777,46.52122],[3.24026,46.53055],[3.24936,46.53618],[3.24297,46.54024],[3.22974,46.53903],[3.22748,46.54271],[3.22494,46.5426],[3.22543,46.54871],[3.22042,46.55035],[3.21376,46.54867],[3.21249,46.55356],[3.20585,46.55247],[3.20362,46.55661]]]},"properties":{"code_territoire":"iris032750000","libelle_territoire":"Souvigny (commune non irisée)"}},
{"type":"Feature","geometry":{"type":"Polygon","coordinates":[[[3.2644,46.42016],[3.2643,46.39514],[3.2715,46.39341],[3.28709,46.39449],[3.30519,46.40207],[3.30392,46.39727],[3.31596,46.39381],[3.32419,46.40362],[3.3267,46.41633],[3.32377,46.42689],[3.32828,46.44111],[3.32207,46.44399],[3.31672,46.44328],[3.31667,46.44604],[3.30594,46.4441],[3.29983,46.43324],[3.28733,46.43109],[3.286,46.42648],[3.284,46.42723],[3.28167,46.42403],[3.2644,46.42016]]]},"properties":{"code_territoire":"iris030650000","libelle_territoire":"Châtel-de-Neuvre (commune non irisée)"}},
{"type":"Feature","geometry":{"type":"Polygon","coordinates":[[[3.65548,46.13184],[3.65101,46.12696],[3.66137,46.11761],[3.66585,46.1167],[3.6632,46.1162],[3.66467,46.11263],[3.65697,46.11127],[3.65769,46.10923],[3.6617,46.11074],[3.66567,46.10916],[3.66355,46.10521],[3.67512,46.09912],[3.67666,46.09173],[3.69507,46.08144],[3.70881,46.08653],[3.71293,46.08431],[3.71624,46.08799],[3.72287,46.08715],[3.73059,46.08081],[3.74473,46.07956],[3.75106,46.07284],[3.75062,46.06971],[3.76206,46.06278],[3.76699,46.06544],[3.77417,46.06374],[3.77835,46.07055],[3.78376,46.0715],[3.78556,46.07439],[3.7857,46.07748],[3.77261,46.09565],[3.77324,46.10011],[3.76455,46.09903],[3.74318,46.1059],[3.73819,46.11004],[3.72353,46.11548],[3.71167,46.11681],[3.69348,46.12836],[3.68126,46.12925],[3.67616,46.13773],[3.66981,46.1414],[3.65843,46.13712],[3.65548,46.13184]]]},"properties":{"code_territoire":"iris030660000","libelle_territoire":"Châtel-Montagne (commune non irisée)"}},
{"type":"Feature","geometry":{"type":"Polygon","coordinates":[[[3.0386,46.1609],[3.04175,46.15707],[3.03326,46.15588],[3.02916,46.15314],[3.03255,46.15098],[3.03251,46.14788],[3.03643,46.14652],[3.03582,46.14307],[3.05113,46.13619],[3.06813,46.14069],[3.06328,46.14413],[3.07173,46.14493],[3.07191,46.148],[3.07532,46.14893],[3.07465,46.15249],[3.07071,46.15477],[3.07644,46.16132],[3.08083,46.16202],[3.08228,46.16663],[3.0801,46.16841],[3.0728,46.16913],[3.06859,46.1641],[3.0636,46.16275],[3.06551,46.16139],[3.04897,46.16457],[3.0386,46.1609]]]},"properties":{"code_territoire":"iris032760000","libelle_territoire":"Sussat (commune non irisée)"}},
{"type":"Feature","geometry":{"type":"Polygon","coordinates":[[[3.03024,46.27342],[3.03662,46.26935],[3.03793,46.2649],[3.04304,46.26289],[3.03863,46.26145],[3.03879,46.25864],[3.04507,46.25882],[3.04437,46.25499],[3.05131,46.25101],[3.05848,46.25197],[3.06062,46.25808],[3.06516,46.2601],[3.07187,46.26906],[3.06721,46.2698],[3.06839,46.27657],[3.07313,46.27277],[3.07389,46.27716],[3.07925,46.27819],[3.08803,46.27599],[3.09159,46.27805],[3.09077,46.28467],[3.09489,46.28403],[3.09745,46.28738],[3.09231,46.2889],[3.09169,46.29496],[3.0923,46.29706],[3.09675,46.29743],[3.08773,46.29904],[3.08129,46.30283],[3.06459,46.30189],[3.06444,46.29977],[3.05512,46.2985],[3.05258,46.30655],[3.04984,46.30549],[3.04196,46.30873],[3.03948,46.3074],[3.02922,46.31311],[3.02146,46.30962],[3.0221,46.30639],[3.0104,46.2992],[3.00331,46.28543],[3.00499,46.2754],[3.01492,46.27106],[3.02491,46.27594],[3.03024,46.27342]]]},"properties":{"code_territoire":"iris032770000","libelle_territoire":"Target (commune non irisée)"}},
{"type":"Feature","geometry":{"type":"Polygon","coordinates":[[[3.13409,46.18499],[3.14942,46.19235],[3.15143,46.19711],[3.15564,46.19726],[3.15744,46.20057],[3.16218,46.19509],[3.16866,46.20214],[3.17314,46.19815],[3.17689,46.20308],[3.17633,46.20492],[3.17158,46.20553],[3.1718,46.20745],[3.17954,46.21897],[3.17734,46.22199],[3.17062,46.22666],[3.1616,46.22345],[3.16197,46.22116],[3.15388,46.21743],[3.13709,46.22735],[3.13381,46.22363],[3.12303,46.23066],[3.12818,46.21634],[3.12745,46.20264],[3.11725,46.20245],[3.11252,46.1973],[3.11787,46.19089],[3.1291,46.18965],[3.12776,46.18697],[3.13409,46.18499]]]},"properties":{"code_territoire":"iris032780000","libelle_territoire":"Taxat-Senat (commune non irisée)"}},
{"type":"Feature","geometry":{"type":"Polygon","coordinates":[[[2.47941,46.27558],[2.47676,46.26985],[2.48006,46.26643],[2.47866,46.26358],[2.48832,46.25302],[2.48952,46.24747],[2.49436,46.24865],[2.50311,46.24719],[2.51002,46.23931],[2.51597,46.23957],[2.52147,46.23959],[2.52309,46.23642],[2.53174,46.2383],[2.53892,46.24447],[2.54403,46.24655],[2.54511,46.25163],[2.55528,46.25494],[2.55994,46.26288],[2.55575,46.26655],[2.54458,46.26959],[2.54721,46.27427],[2.53096,46.2781],[2.52474,46.2803],[2.52274,46.28383],[2.51634,46.28401],[2.51423,46.29233],[2.49439,46.27922],[2.48048,46.27349],[2.47941,46.27558]]]},"properties":{"code_territoire":"iris032790000","libelle_territoire":"Teillet-Argenty (commune non irisée)"}},
{"type":"Feature","geometry":{"type":"Polygon","coordinates":[[[2.61178,46.24142],[2.58948,46.22842],[2.59622,46.22494],[2.5937,46.22111],[2.59773,46.21535],[2.58893,46.20193],[2.60286,46.19593],[2.60562,46.19649],[2.61072,46.19269],[2.61677,46.1918],[2.61932,46.18889],[2.62778,46.19503],[2.64467,46.19604],[2.64457,46.20328],[2.64884,46.20405],[2.64275,46.21726],[2.64593,46.22366],[2.64443,46.22991],[2.62369,46.23552],[2.61811,46.24012],[2.61178,46.24142]]]},"properties":{"code_territoire":"iris032800000","libelle_territoire":"Terjat (commune non irisée)"}},
{"type":"Feature","geometry":{"type":"Polygon","coordinates":[[[3.12709,46.38631],[3.12352,46.38548],[3.11908,46.38781],[3.11358,46.38122],[3.10691,46.37781],[3.09092,46.38481],[3.0873,46.38186],[3.08851,46.37502],[3.09441,46.3743],[3.09638,46.37082],[3.10151,46.37021],[3.09881,46.36471],[3.10269,46.35756],[3.10174,46.3534],[3.09859,46.35241],[3.0972,46.35048],[3.0875,46.3488],[3.08688,46.34628],[3.08386,46.34695],[3.08013,46.34192],[3.08769,46.33382],[3.0896,46.33219],[3.11126,46.33573],[3.12249,46.33374],[3.11787,46.32367],[3.12031,46.32194],[3.1342,46.32237],[3.13403,46.32091],[3.14161,46.31975],[3.14333,46.32452],[3.14751,46.33879],[3.14473,46.33949],[3.14464,46.34287],[3.15383,46.34744],[3.15306,46.34992],[3.1566,46.35178],[3.15824,46.35676],[3.16577,46.36062],[3.16729,46.36674],[3.16065,46.36955],[3.15826,46.36922],[3.15917,46.37282],[3.16234,46.37408],[3.15682,46.37608],[3.16,46.37906],[3.15886,46.38403],[3.15459,46.38538],[3.15364,46.38191],[3.14141,46.38169],[3.13007,46.38325],[3.12709,46.38631]]]},"properties":{"code_territoire":"iris032810000","libelle_territoire":"Le Theil (commune non irisée)"}},
{"type":"Feature","geometry":{"type":"Polygon","coordinates":[[[3.61872,46.42117],[3.61395,46.41793],[3.61304,46.41359],[3.60764,46.41143],[3.60975,46.40757],[3.60705,46.4038],[3.61104,46.40257],[3.60024,46.39428],[3.61108,46.38816],[3.61836,46.36852],[3.62293,46.36879],[3.63128,46.36809],[3.64004,46.37363],[3.65657,46.37694],[3.66164,46.38435],[3.66479,46.38812],[3.65652,46.39514],[3.66028,46.39561],[3.65453,46.39965],[3.66079,46.40217],[3.65058,46.40628],[3.65092,46.40873],[3.65667,46.40819],[3.65543,46.41187],[3.65824,46.41524],[3.64997,46.42108],[3.64594,46.41806],[3.64037,46.42381],[3.63023,46.42276],[3.62958,46.42769],[3.62231,46.43109],[3.61918,46.42564],[3.62227,46.4264],[3.62362,46.42433],[3.61872,46.42117]]]},"properties":{"code_territoire":"iris030670000","libelle_territoire":"Châtelperron (commune non irisée)"}},
{"type":"Feature","geometry":{"type":"Polygon","coordinates":[[[2.93278,46.58908],[2.91348,46.60848],[2.90926,46.61585],[2.89613,46.61597],[2.89421,46.63452],[2.88944,46.63535],[2.88787,46.63222],[2.88112,46.62929],[2.88303,46.62584],[2.87755,46.62243],[2.88046,46.6152],[2.85744,46.61004],[2.86692,46.60751],[2.85193,46.60383],[2.85309,46.60258],[2.84704,46.59942],[2.83705,46.59748],[2.84234,46.59243],[2.82965,46.59046],[2.82855,46.58555],[2.82937,46.57334],[2.83532,46.56391],[2.85068,46.55992],[2.86159,46.55952],[2.86111,46.5578],[2.87338,46.55345],[2.87999,46.55415],[2.89396,46.55993],[2.90039,46.55938],[2.90648,46.56627],[2.90951,46.56633],[2.90782,46.56875],[2.91106,46.57129],[2.92244,46.57147],[2.92731,46.57687],[2.92116,46.5817],[2.92286,46.58488],[2.92061,46.58582],[2.92906,46.5866],[2.93278,46.58908]]]},"properties":{"code_territoire":"iris032820000","libelle_territoire":"Theneuille (commune non irisée)"}},
{"type":"Feature","geometry":{"type":"Polygon","coordinates":[[[3.56574,46.47837],[3.58721,46.478],[3.6028,46.48554],[3.60643,46.49246],[3.62525,46.49864],[3.61759,46.50888],[3.62198,46.51501],[3.61896,46.53254],[3.61443,46.5377],[3.61712,46.54015],[3.61635,46.54584],[3.60632,46.54884],[3.61605,46.55507],[3.61217,46.56187],[3.60619,46.56585],[3.61255,46.56978],[3.60961,46.57376],[3.58429,46.57911],[3.57695,46.57826],[3.57148,46.5743],[3.55876,46.58075],[3.5557,46.57768],[3.54551,46.57777],[3.54389,46.57457],[3.54803,46.57112],[3.54591,46.56812],[3.54792,46.56456],[3.54304,46.56335],[3.54806,46.5565],[3.54058,46.55456],[3.54182,46.54985],[3.53022,46.54527],[3.52222,46.53846],[3.51898,46.53352],[3.52721,46.52832],[3.53031,46.52764],[3.53439,46.53068],[3.54239,46.53056],[3.53449,46.51675],[3.52897,46.51492],[3.53049,46.51333],[3.54056,46.51571],[3.54942,46.51188],[3.55925,46.51202],[3.55887,46.49366],[3.56574,46.47837]]]},"properties":{"code_territoire":"iris032830000","libelle_territoire":"Thiel-sur-Acolin (commune non irisée)"}},
{"type":"Feature","geometry":{"type":"Polygon","coordinates":[[[3.73561,46.22306],[3.72797,46.22019],[3.72959,46.21721],[3.72186,46.20014],[3.70261,46.19712],[3.70887,46.18278],[3.72664,46.18627],[3.73111,46.1825],[3.73552,46.18308],[3.74026,46.19459],[3.74179,46.19636],[3.73479,46.2027],[3.73984,46.21038],[3.73561,46.22306]]]},"properties":{"code_territoire":"iris030680000","libelle_territoire":"Châtelus (commune non irisée)"}},
{"type":"Feature","geometry":{"type":"Polygon","coordinates":[[[3.16331,46.47266],[3.15963,46.47934],[3.16112,46.48108],[3.15475,46.48388],[3.15328,46.48709],[3.14526,46.48935],[3.12797,46.46812],[3.11422,46.46608],[3.10525,46.46244],[3.09951,46.45436],[3.08686,46.44801],[3.08238,46.44898],[3.08316,46.44592],[3.09114,46.44652],[3.09152,46.44225],[3.09655,46.44215],[3.09768,46.43953],[3.11041,46.44142],[3.11527,46.43934],[3.11779,46.4399],[3.12022,46.45228],[3.12465,46.45609],[3.13162,46.45592],[3.13864,46.4528],[3.1462,46.45586],[3.15156,46.45509],[3.1584,46.46021],[3.15498,46.46462],[3.15952,46.46729],[3.15795,46.47328],[3.16331,46.47266]]]},"properties":{"code_territoire":"iris030690000","libelle_territoire":"Châtillon (commune non irisée)"}},
{"type":"Feature","geometry":{"type":"Polygon","coordinates":[[[3.53925,46.38855],[3.55518,46.38856],[3.56018,46.38636],[3.56146,46.3884],[3.56913,46.38812],[3.57778,46.38498],[3.58515,46.38492],[3.58662,46.38652],[3.59462,46.38461],[3.60024,46.39428],[3.61104,46.40257],[3.60705,46.4038],[3.60975,46.40757],[3.60764,46.41143],[3.61304,46.41359],[3.61395,46.41793],[3.61872,46.42117],[3.6036,46.4224],[3.59528,46.4355],[3.59145,46.43306],[3.58952,46.43439],[3.5883,46.43206],[3.57948,46.43145],[3.57269,46.44366],[3.56605,46.44576],[3.55097,46.43886],[3.5445,46.42574],[3.53575,46.42449],[3.54459,46.40873],[3.54388,46.39587],[3.53913,46.3964],[3.53925,46.38855]]]},"properties":{"code_territoire":"iris032840000","libelle_territoire":"Thionne (commune non irisée)"}},
{"type":"Feature","geometry":{"type":"Polygon","coordinates":[[[2.87797,46.471],[2.86875,46.47424],[2.86556,46.47086],[2.8562,46.46899],[2.84729,46.46957],[2.84641,46.47128],[2.84662,46.46234],[2.83924,46.46027],[2.83954,46.45752],[2.84573,46.44278],[2.849,46.4211],[2.86302,46.42267],[2.86395,46.41861],[2.87266,46.41732],[2.87634,46.4139],[2.8789,46.41124],[2.88777,46.41638],[2.88915,46.42447],[2.89196,46.42568],[2.88962,46.42677],[2.89625,46.43633],[2.9095,46.43714],[2.90795,46.44278],[2.90559,46.44323],[2.90757,46.44659],[2.90885,46.45393],[2.9061,46.4593],[2.87868,46.47081],[2.87797,46.471]]]},"properties":{"code_territoire":"iris032850000","libelle_territoire":"Tortezais (commune non irisée)"}},
{"type":"Feature","geometry":{"type":"Polygon","coordinates":[[[3.32647,46.48665],[3.34643,46.48184],[3.35322,46.48517],[3.3622,46.47947],[3.37955,46.48224],[3.38399,46.4792],[3.38651,46.47974],[3.38662,46.48542],[3.39102,46.48786],[3.39071,46.49018],[3.39698,46.49116],[3.39056,46.49331],[3.39119,46.49594],[3.40359,46.49734],[3.42783,46.50465],[3.42709,46.50709],[3.43424,46.50606],[3.42704,46.5142],[3.43857,46.51723],[3.43753,46.52116],[3.43295,46.51939],[3.42958,46.52049],[3.43683,46.52851],[3.43155,46.53152],[3.43095,46.53951],[3.4128,46.53905],[3.39213,46.53398],[3.3839,46.53454],[3.38645,46.5291],[3.38197,46.52688],[3.35929,46.5314],[3.35706,46.53283],[3.34957,46.53166],[3.34641,46.53712],[3.33582,46.53842],[3.33351,46.53845],[3.3383,46.52696],[3.33035,46.5228],[3.32907,46.51785],[3.33216,46.5152],[3.3298,46.50853],[3.32522,46.49996],[3.32647,46.48665]]]},"properties":{"code_territoire":"iris032860000","libelle_territoire":"Toulon-sur-Allier (commune non irisée)"}},
{"type":"Feature","geometry":{"type":"Polygon","coordinates":[[[3.11676,46.41962],[3.11884,46.41551],[3.1159,46.40861],[3.12936,46.40452],[3.12646,46.40305],[3.12597,46.39618],[3.12886,46.3938],[3.12363,46.39034],[3.12709,46.38631],[3.13007,46.38325],[3.14141,46.38169],[3.15364,46.38191],[3.15459,46.38538],[3.15886,46.38403],[3.16,46.37906],[3.15682,46.37608],[3.16234,46.37408],[3.15917,46.37282],[3.15826,46.36922],[3.16065,46.36955],[3.17762,46.37551],[3.17928,46.3778],[3.18369,46.37717],[3.18993,46.3805],[3.19582,46.37999],[3.19283,46.38559],[3.19554,46.39459],[3.21336,46.40051],[3.21453,46.41145],[3.20819,46.41755],[3.20352,46.41485],[3.17937,46.41808],[3.16924,46.41368],[3.16615,46.41885],[3.15986,46.41708],[3.15126,46.41998],[3.13723,46.41631],[3.13514,46.41366],[3.11676,46.41962]]]},"properties":{"code_territoire":"iris032870000","libelle_territoire":"Treban (commune non irisée)"}},
{"type":"Feature","geometry":{"type":"Polygon","coordinates":[[[2.38587,46.33204],[2.37628,46.33818],[2.37758,46.34218],[2.37468,46.34801],[2.38313,46.35544],[2.38753,46.35504],[2.38767,46.3597],[2.39075,46.35988],[2.38721,46.36229],[2.38975,46.36314],[2.38676,46.36494],[2.38865,46.36656],[2.38455,46.36746],[2.38683,46.36863],[2.38444,46.37321],[2.38875,46.37958],[2.37707,46.38299],[2.36805,46.38137],[2.36447,46.372],[2.34493,46.37148],[2.33648,46.36913],[2.33775,46.36439],[2.32314,46.36761],[2.31691,46.35838],[2.31091,46.35991],[2.31139,46.35555],[2.30278,46.35466],[2.30509,46.3506],[2.31145,46.35217],[2.3071,46.3479],[2.30812,46.34471],[2.30483,46.34512],[2.30108,46.34229],[2.31159,46.34183],[2.31204,46.33499],[2.3186,46.33441],[2.3215,46.32917],[2.33086,46.32876],[2.33064,46.32565],[2.33354,46.3264],[2.33588,46.3233],[2.34319,46.32629],[2.34607,46.32505],[2.34885,46.32695],[2.3522,46.32362],[2.35517,46.32563],[2.36179,46.31942],[2.36477,46.31079],[2.37685,46.3169],[2.37458,46.3192],[2.37828,46.32554],[2.38587,46.33204]]]},"properties":{"code_territoire":"iris032880000","libelle_territoire":"Treignat (commune non irisée)"}},
{"type":"Feature","geometry":{"type":"Polygon","coordinates":[[[2.98555,46.43435],[2.9772,46.441],[2.96719,46.43859],[2.96029,46.44238],[2.95176,46.44296],[2.93898,46.4481],[2.93021,46.44624],[2.93238,46.44445],[2.92847,46.44006],[2.92383,46.43536],[2.92988,46.43419],[2.93008,46.43151],[2.92431,46.42909],[2.92915,46.42802],[2.93376,46.42294],[2.92218,46.4168],[2.92328,46.41535],[2.9269,46.41639],[2.92521,46.41294],[2.93187,46.41022],[2.92638,46.40547],[2.93071,46.40396],[2.94188,46.40316],[2.94567,46.39962],[2.95242,46.39878],[2.95583,46.40182],[2.95855,46.4009],[2.95845,46.39818],[2.96464,46.39848],[2.9711,46.39546],[2.98038,46.39934],[2.96706,46.41403],[2.97129,46.41466],[2.97542,46.42097],[2.97677,46.43389],[2.98555,46.43435]]]},"properties":{"code_territoire":"iris030700000","libelle_territoire":"Chavenon (commune non irisée)"}},
{"type":"Feature","geometry":{"type":"Polygon","coordinates":[[[3.47234,46.36332],[3.47691,46.36724],[3.4798,46.35758],[3.48965,46.35505],[3.49535,46.3482],[3.49902,46.34978],[3.49951,46.34519],[3.50599,46.34443],[3.50848,46.33866],[3.51243,46.33934],[3.52881,46.34417],[3.55189,46.35458],[3.56531,46.35428],[3.57754,46.35673],[3.5797,46.3665],[3.58078,46.36982],[3.56893,46.36992],[3.56564,46.37072],[3.56499,46.3737],[3.5588,46.37349],[3.56049,46.3763],[3.5528,46.38332],[3.56018,46.38636],[3.55518,46.38856],[3.53925,46.38855],[3.53612,46.38534],[3.53027,46.385],[3.51036,46.38889],[3.51017,46.38467],[3.50577,46.38398],[3.49652,46.38994],[3.4848,46.39222],[3.48377,46.38831],[3.47116,46.38381],[3.46336,46.37283],[3.46681,46.36594],[3.47234,46.36332]]]},"properties":{"code_territoire":"iris032890000","libelle_territoire":"Treteau (commune non irisée)"}},
{"type":"Feature","geometry":{"type":"Polygon","coordinates":[[[3.27335,46.61216],[3.29277,46.617],[3.2942,46.61517],[3.29961,46.61689],[3.30572,46.61248],[3.30676,46.6051],[3.33,46.6121],[3.33297,46.61205],[3.33219,46.60825],[3.34503,46.61223],[3.35339,46.61142],[3.35054,46.62059],[3.3568,46.63153],[3.36493,46.63635],[3.37354,46.64712],[3.37279,46.65257],[3.36755,46.65656],[3.36314,46.65841],[3.35949,46.66538],[3.34981,46.66746],[3.3376,46.66587],[3.32336,46.65827],[3.31603,46.66103],[3.29277,46.65813],[3.26456,46.65073],[3.26601,46.64604],[3.25524,46.63386],[3.27335,46.61216]]]},"properties":{"code_territoire":"iris032900000","libelle_territoire":"Trévol (commune non irisée)"}},
{"type":"Feature","geometry":{"type":"Polygon","coordinates":[[[3.63176,46.34605],[3.63171,46.34607],[3.62242,46.34869],[3.62108,46.34604],[3.61637,46.34697],[3.60346,46.34456],[3.58827,46.3385],[3.58403,46.34047],[3.58076,46.33903],[3.5788,46.34381],[3.57224,46.3437],[3.5769,46.33539],[3.57294,46.33065],[3.57464,46.32635],[3.57149,46.31662],[3.57557,46.30763],[3.5813,46.30282],[3.5759,46.29687],[3.56759,46.29397],[3.56583,46.28992],[3.5744,46.29104],[3.5818,46.29635],[3.59932,46.29497],[3.60351,46.29038],[3.61041,46.29021],[3.61333,46.29254],[3.61574,46.29111],[3.61343,46.29448],[3.61671,46.29644],[3.6141,46.29819],[3.61843,46.29807],[3.61447,46.30334],[3.60824,46.30542],[3.60871,46.30911],[3.61762,46.31037],[3.61863,46.31319],[3.61573,46.32018],[3.61741,46.3249],[3.61393,46.32964],[3.62454,46.33709],[3.62131,46.34081],[3.63176,46.34605]]]},"properties":{"code_territoire":"iris032910000","libelle_territoire":"Trézelles (commune non irisée)"}},
{"type":"Feature","geometry":{"type":"Polygon","coordinates":[[[3.63171,46.34607],[3.62843,46.35213],[3.62058,46.35369],[3.61916,46.35605],[3.62293,46.36879],[3.61836,46.36852],[3.61229,46.36454],[3.60488,46.36652],[3.59426,46.36358],[3.5797,46.3665],[3.57754,46.35673],[3.56531,46.35428],[3.56444,46.34959],[3.5721,46.34636],[3.57224,46.3437],[3.5788,46.34381],[3.58076,46.33903],[3.58403,46.34047],[3.58827,46.3385],[3.60346,46.34456],[3.61637,46.34697],[3.62108,46.34604],[3.62242,46.34869],[3.63171,46.34607]]]},"properties":{"code_territoire":"iris030710000","libelle_territoire":"Chavroches (commune non irisée)"}},
{"type":"Feature","geometry":{"type":"Polygon","coordinates":[[[2.53665,46.5197],[2.53539,46.51524],[2.52703,46.50694],[2.51014,46.50598],[2.50569,46.50278],[2.49606,46.5031],[2.49613,46.49715],[2.46039,46.4898],[2.47634,46.48133],[2.48216,46.48045],[2.48915,46.4752],[2.48938,46.46287],[2.48521,46.46148],[2.4902,46.45329],[2.48971,46.44931],[2.49524,46.44957],[2.50077,46.45419],[2.50734,46.4548],[2.50648,46.44981],[2.52183,46.45558],[2.52044,46.46674],[2.53109,46.47277],[2.53206,46.47919],[2.54734,46.47869],[2.55276,46.4895],[2.56901,46.49616],[2.56569,46.51322],[2.5575,46.51858],[2.53613,46.51742],[2.53665,46.5197]]]},"properties":{"code_territoire":"iris030720000","libelle_territoire":"Chazemais (commune non irisée)"}},
{"type":"Feature","geometry":{"type":"Polygon","coordinates":[[[3.07434,46.46803],[3.0698,46.4686],[3.06425,46.4669],[3.07245,46.46079],[3.06819,46.45873],[3.06751,46.45261],[3.06311,46.45413],[3.05993,46.44956],[3.06546,46.44521],[3.06663,46.43907],[3.05501,46.43691],[3.05266,46.4317],[3.04804,46.43133],[3.04842,46.42899],[3.0437,46.43043],[3.05052,46.41422],[3.05627,46.41024],[3.06177,46.41016],[3.06534,46.40627],[3.06224,46.40362],[3.06745,46.4004],[3.07467,46.39904],[3.07848,46.40102],[3.0878,46.39691],[3.09455,46.38823],[3.092,46.38799],[3.09092,46.38481],[3.10691,46.37781],[3.11358,46.38122],[3.11908,46.38781],[3.12352,46.38548],[3.12709,46.38631],[3.12363,46.39034],[3.12886,46.3938],[3.12597,46.39618],[3.12646,46.40305],[3.12936,46.40452],[3.1159,46.40861],[3.11884,46.41551],[3.11676,46.41962],[3.1162,46.42195],[3.1226,46.42591],[3.11779,46.43023],[3.11021,46.43122],[3.11353,46.4331],[3.11527,46.43934],[3.11041,46.44142],[3.09768,46.43953],[3.09655,46.44215],[3.09152,46.44225],[3.09114,46.44652],[3.08316,46.44592],[3.08238,46.44898],[3.07434,46.46803]]]},"properties":{"code_territoire":"iris032920000","libelle_territoire":"Tronget (commune non irisée)"}},
{"type":"Feature","geometry":{"type":"Polygon","coordinates":[[[2.62418,46.65609],[2.60523,46.64708],[2.5957,46.64499],[2.593,46.64656],[2.59655,46.63751],[2.59172,46.62981],[2.58432,46.62613],[2.58873,46.61699],[2.61796,46.61689],[2.62591,46.62066],[2.63071,46.61795],[2.63818,46.63271],[2.63792,46.64908],[2.62418,46.65609]]]},"properties":{"code_territoire":"iris032930000","libelle_territoire":"Urçay (commune non irisée)"}},
{"type":"Feature","geometry":{"type":"Polygon","coordinates":[[[3.17314,46.19815],[3.18478,46.18938],[3.19089,46.19288],[3.19369,46.19096],[3.20236,46.19539],[3.19811,46.19898],[3.20395,46.20146],[3.20315,46.20802],[3.19772,46.21122],[3.20842,46.22024],[3.20033,46.2216],[3.20483,46.2276],[3.18779,46.23148],[3.18561,46.22809],[3.18124,46.2269],[3.18286,46.22447],[3.17734,46.22199],[3.17954,46.21897],[3.1718,46.20745],[3.17158,46.20553],[3.17633,46.20492],[3.17689,46.20308],[3.17314,46.19815]]]},"properties":{"code_territoire":"iris032940000","libelle_territoire":"Ussel-d'Allier (commune non irisée)"}},
{"type":"Feature","geometry":{"type":"Polygon","coordinates":[[[3.29632,46.44797],[3.30594,46.4441],[3.31667,46.44604],[3.31672,46.44328],[3.32207,46.44399],[3.32828,46.44111],[3.33297,46.44889],[3.32789,46.45252],[3.32605,46.45753],[3.33167,46.4664],[3.32741,46.47548],[3.32647,46.48665],[3.32522,46.49996],[3.3298,46.50853],[3.3207,46.50757],[3.31707,46.51088],[3.31003,46.51187],[3.30373,46.50408],[3.29377,46.50968],[3.2887,46.50893],[3.28548,46.50584],[3.28702,46.50156],[3.28471,46.50012],[3.28756,46.49928],[3.28542,46.4974],[3.28708,46.49571],[3.29065,46.49659],[3.29288,46.4905],[3.30016,46.49053],[3.3003,46.48667],[3.29237,46.47991],[3.30446,46.47725],[3.30065,46.46426],[3.30522,46.45703],[3.29632,46.44797]]]},"properties":{"code_territoire":"iris030730000","libelle_territoire":"Chemilly (commune non irisée)"}},
{"type":"Feature","geometry":{"type":"Polygon","coordinates":[[[3.09342,46.17423],[3.0878,46.17763],[3.08861,46.18084],[3.08141,46.17937],[3.07082,46.18085],[3.06598,46.17804],[3.06359,46.17116],[3.0728,46.16913],[3.0801,46.16841],[3.08773,46.16911],[3.0861,46.17124],[3.09342,46.17423]]]},"properties":{"code_territoire":"iris032950000","libelle_territoire":"Valignat (commune non irisée)"}},
{"type":"Feature","geometry":{"type":"Polygon","coordinates":[[[2.8454,46.72667],[2.83497,46.72792],[2.82752,46.73534],[2.81493,46.73534],[2.80738,46.73308],[2.79296,46.73425],[2.78521,46.72718],[2.78564,46.72254],[2.77814,46.72163],[2.77473,46.71894],[2.77892,46.71301],[2.77947,46.70624],[2.78604,46.70503],[2.79042,46.7012],[2.81513,46.6997],[2.82608,46.70381],[2.84181,46.69897],[2.84612,46.69945],[2.85673,46.69506],[2.86345,46.70565],[2.86376,46.71392],[2.86803,46.7171],[2.8454,46.72667]]]},"properties":{"code_territoire":"iris032960000","libelle_territoire":"Valigny (commune non irisée)"}},
{"type":"Feature","geometry":{"type":"Polygon","coordinates":[[[2.56569,46.51322],[2.57548,46.51594],[2.58784,46.51356],[2.60271,46.51588],[2.61892,46.5155],[2.62241,46.51367],[2.62688,46.51788],[2.62811,46.51582],[2.63966,46.51392],[2.6471,46.51847],[2.65601,46.51462],[2.65816,46.51639],[2.65821,46.52274],[2.65265,46.52792],[2.65058,46.53438],[2.66588,46.55277],[2.6654,46.55996],[2.65179,46.57268],[2.63704,46.58024],[2.62376,46.57696],[2.61983,46.57351],[2.60813,46.57294],[2.60876,46.56749],[2.60301,46.56451],[2.6051,46.56205],[2.60846,46.56347],[2.6105,46.56217],[2.60918,46.55705],[2.61432,46.55629],[2.61489,46.55329],[2.58353,46.54276],[2.57392,46.53717],[2.5725,46.53391],[2.55309,46.52944],[2.53665,46.5197],[2.53613,46.51742],[2.5575,46.51858],[2.56569,46.51322]]]},"properties":{"code_territoire":"iris032970000","libelle_territoire":"Vallon-en-Sully (commune non irisée)"}},
{"type":"Feature","geometry":{"type":"Polygon","coordinates":[[[3.35664,46.33623],[3.35887,46.33205],[3.36592,46.31998],[3.37137,46.31633],[3.37677,46.31681],[3.38118,46.31404],[3.37987,46.30595],[3.3824,46.30233],[3.3891,46.29997],[3.38409,46.29556],[3.39254,46.28986],[3.39129,46.28294],[3.39362,46.28226],[3.40051,46.28587],[3.40651,46.2886],[3.43011,46.29206],[3.42971,46.29855],[3.43561,46.30292],[3.43279,46.30501],[3.43611,46.30713],[3.43417,46.31043],[3.43156,46.31188],[3.42735,46.30928],[3.4229,46.31019],[3.42733,46.33375],[3.42434,46.33405],[3.42507,46.33874],[3.41389,46.34526],[3.40802,46.3455],[3.40158,46.34221],[3.3837,46.3418],[3.37956,46.33833],[3.35652,46.33641],[3.35664,46.33623]]]},"properties":{"code_territoire":"iris032980000","libelle_territoire":"Varennes-sur-Allier (commune non irisée)"}},
{"type":"Feature","geometry":{"type":"Polygon","coordinates":[[[3.54551,46.57777],[3.5557,46.57768],[3.55876,46.58075],[3.57148,46.5743],[3.57695,46.57826],[3.58429,46.57911],[3.60961,46.57376],[3.62033,46.58342],[3.61386,46.58655],[3.61991,46.59332],[3.62164,46.60072],[3.61452,46.60908],[3.61565,46.61652],[3.61536,46.62138],[3.60326,46.62378],[3.60445,46.6268],[3.59705,46.63401],[3.59291,46.63499],[3.58883,46.6333],[3.58752,46.63537],[3.5826,46.63241],[3.57527,46.63528],[3.57405,46.64078],[3.5689,46.63979],[3.56607,46.64196],[3.5531,46.637],[3.54931,46.64618],[3.52802,46.63654],[3.50688,46.63472],[3.5097,46.63189],[3.50603,46.62799],[3.50858,46.62188],[3.50568,46.60852],[3.52497,46.60373],[3.52069,46.60072],[3.51789,46.58749],[3.53148,46.58918],[3.53779,46.58167],[3.54056,46.58191],[3.53939,46.57772],[3.54551,46.57777]]]},"properties":{"code_territoire":"iris030740000","libelle_territoire":"Chevagnes (commune non irisée)"}},
{"type":"Feature","geometry":{"type":"Polygon","coordinates":[[[3.61574,46.29111],[3.61849,46.28688],[3.63849,46.29176],[3.65179,46.2982],[3.65486,46.30222],[3.65261,46.30736],[3.66617,46.31375],[3.66827,46.31967],[3.66291,46.32323],[3.66581,46.32491],[3.6612,46.34254],[3.65195,46.33834],[3.63176,46.34605],[3.62131,46.34081],[3.62454,46.33709],[3.61393,46.32964],[3.61741,46.3249],[3.61573,46.32018],[3.61863,46.31319],[3.61762,46.31037],[3.60871,46.30911],[3.60824,46.30542],[3.61447,46.30334],[3.61843,46.29807],[3.6141,46.29819],[3.61671,46.29644],[3.61343,46.29448],[3.61574,46.29111]]]},"properties":{"code_territoire":"iris032990000","libelle_territoire":"Varennes-sur-Tèche (commune non irisée)"}},
{"type":"Feature","geometry":{"type":"Polygon","coordinates":[[[3.64997,46.42108],[3.64511,46.42417],[3.65064,46.43264],[3.64898,46.43464],[3.65962,46.4357],[3.65942,46.44022],[3.66474,46.43774],[3.67046,46.44169],[3.68771,46.443],[3.69199,46.44578],[3.69085,46.44961],[3.69729,46.4502],[3.69756,46.45612],[3.69127,46.4644],[3.68101,46.46617],[3.67828,46.45809],[3.66761,46.45564],[3.6695,46.46409],[3.66549,46.46571],[3.66322,46.46126],[3.66018,46.4628],[3.6612,46.46485],[3.65113,46.46825],[3.64567,46.46368],[3.64333,46.46555],[3.64123,46.46444],[3.644,46.46086],[3.6399,46.4634],[3.63298,46.46373],[3.63169,46.46117],[3.6375,46.4622],[3.63716,46.45794],[3.642,46.45731],[3.6406,46.45513],[3.63651,46.4553],[3.63436,46.45915],[3.62594,46.45611],[3.62127,46.45843],[3.62825,46.46303],[3.6281,46.4662],[3.6157,46.46084],[3.6077,46.46081],[3.60462,46.46768],[3.59503,46.46848],[3.58915,46.473],[3.58721,46.478],[3.56574,46.47837],[3.56705,46.47148],[3.57633,46.46865],[3.57802,46.46614],[3.56605,46.44576],[3.57269,46.44366],[3.57948,46.43145],[3.5883,46.43206],[3.58952,46.43439],[3.59145,46.43306],[3.59528,46.4355],[3.6036,46.4224],[3.61872,46.42117],[3.62362,46.42433],[3.62227,46.4264],[3.61918,46.42564],[3.62231,46.43109],[3.62958,46.42769],[3.63023,46.42276],[3.64037,46.42381],[3.64594,46.41806],[3.64997,46.42108]]]},"properties":{"code_territoire":"iris033000000","libelle_territoire":"Vaumas (commune non irisée)"}},
{"type":"Feature","geometry":{"type":"Polygon","coordinates":[[[3.1215,46.23236],[3.09936,46.22334],[3.0968,46.21124],[3.09379,46.21072],[3.0947,46.20878],[3.09124,46.20615],[3.09696,46.20084],[3.1009,46.20187],[3.10681,46.19491],[3.11252,46.1973],[3.11725,46.20245],[3.12745,46.20264],[3.12818,46.21634],[3.12303,46.23066],[3.1215,46.23236]]]},"properties":{"code_territoire":"iris030750000","libelle_territoire":"Chezelle (commune non irisée)"}},
{"type":"Feature","geometry":{"type":"Polygon","coordinates":[[[3.50568,46.60852],[3.50858,46.62188],[3.50603,46.62799],[3.5097,46.63189],[3.50688,46.63472],[3.49626,46.6421],[3.48661,46.65408],[3.48171,46.65102],[3.47479,46.65416],[3.45531,46.65244],[3.46254,46.64598],[3.46496,46.63313],[3.4531,46.62641],[3.44719,46.61951],[3.44008,46.62003],[3.42206,46.61331],[3.39969,46.59145],[3.39404,46.58378],[3.39609,46.5805],[3.39312,46.57953],[3.40902,46.5776],[3.43118,46.57856],[3.44708,46.58201],[3.44578,46.59333],[3.47597,46.59402],[3.47868,46.5967],[3.48521,46.5967],[3.49733,46.60058],[3.50576,46.60517],[3.50568,46.60852]]]},"properties":{"code_territoire":"iris030760000","libelle_territoire":"Chézy (commune non irisée)"}},
{"type":"Feature","geometry":{"type":"Polygon","coordinates":[[[2.55923,46.43841],[2.5681,46.43826],[2.57737,46.42748],[2.57169,46.42159],[2.55451,46.4242],[2.53224,46.41608],[2.534,46.40878],[2.56395,46.39621],[2.57243,46.39473],[2.57031,46.39913],[2.57906,46.40636],[2.58336,46.40748],[2.58545,46.40369],[2.59071,46.40532],[2.59553,46.40329],[2.60394,46.41241],[2.60295,46.41577],[2.60619,46.42033],[2.59962,46.42412],[2.60587,46.43076],[2.60343,46.43794],[2.59742,46.4384],[2.59772,46.44424],[2.59502,46.44676],[2.5852,46.44909],[2.56273,46.44672],[2.55923,46.43841]]]},"properties":{"code_territoire":"iris033010000","libelle_territoire":"Vaux (commune non irisée)"}},
{"type":"Feature","geometry":{"type":"Polygon","coordinates":[[[3.0728,46.16913],[3.06359,46.17116],[3.06598,46.17804],[3.04006,46.17822],[3.04411,46.17509],[3.04381,46.17124],[3.03909,46.16632],[3.0386,46.1609],[3.04897,46.16457],[3.06551,46.16139],[3.0636,46.16275],[3.06859,46.1641],[3.0728,46.16913]]]},"properties":{"code_territoire":"iris033020000","libelle_territoire":"Veauce (commune non irisée)"}},
{"type":"Feature","geometry":{"type":"Polygon","coordinates":[[[2.73193,46.49351],[2.72909,46.47645],[2.7383,46.45833],[2.74222,46.45778],[2.74249,46.45376],[2.75166,46.4493],[2.76109,46.43453],[2.76084,46.42717],[2.76985,46.42683],[2.77663,46.42945],[2.77908,46.43198],[2.77481,46.43635],[2.77808,46.43509],[2.78081,46.43705],[2.78056,46.44506],[2.78893,46.44491],[2.78694,46.44779],[2.79222,46.4557],[2.79668,46.46757],[2.79401,46.46785],[2.7949,46.47226],[2.80168,46.47793],[2.79884,46.48342],[2.80084,46.4862],[2.79962,46.49749],[2.78548,46.49755],[2.78965,46.50721],[2.78562,46.50784],[2.78455,46.51133],[2.77627,46.51183],[2.77173,46.50689],[2.76664,46.50633],[2.76591,46.50797],[2.76447,46.50507],[2.75998,46.50378],[2.75959,46.497],[2.7446,46.49436],[2.74187,46.49839],[2.73193,46.49351]]]},"properties":{"code_territoire":"iris033030000","libelle_territoire":"Venas (commune non irisée)"}},
{"type":"Feature","geometry":{"type":"Polygon","coordinates":[[[3.36864,46.15143],[3.3779,46.15864],[3.37394,46.16356],[3.37842,46.16627],[3.3804,46.17308],[3.36882,46.18118],[3.33581,46.1787],[3.33213,46.18212],[3.33023,46.17872],[3.32404,46.17672],[3.32476,46.1681],[3.31879,46.16562],[3.32003,46.16304],[3.31454,46.15984],[3.31883,46.1594],[3.3196,46.15182],[3.31369,46.15082],[3.3235,46.14978],[3.31959,46.1471],[3.32112,46.14513],[3.3214,46.14289],[3.32705,46.14016],[3.33737,46.14622],[3.33835,46.14166],[3.34654,46.1376],[3.36864,46.15143]]]},"properties":{"code_territoire":"iris033040000","libelle_territoire":"Vendat (commune non irisée)"}},
{"type":"Feature","geometry":{"type":"Polygon","coordinates":[[[3.01384,46.22608],[3.0309,46.23117],[3.05098,46.22745],[3.06711,46.23776],[3.07009,46.24274],[3.07283,46.24426],[3.0722,46.25431],[3.06516,46.2601],[3.06062,46.25808],[3.05848,46.25197],[3.05131,46.25101],[3.04437,46.25499],[3.04507,46.25882],[3.03879,46.25864],[3.03863,46.26145],[3.04304,46.26289],[3.03793,46.2649],[3.03662,46.26935],[3.03024,46.27342],[3.02699,46.27344],[3.02057,46.2681],[3.02005,46.26332],[3.00917,46.26218],[3.00605,46.25698],[3.00766,46.25513],[2.99457,46.24804],[2.99612,46.2411],[3.00795,46.23713],[2.99836,46.22926],[3.00782,46.22888],[3.01384,46.22608]]]},"properties":{"code_territoire":"iris030770000","libelle_territoire":"Chirat-l'Église (commune non irisée)"}},
{"type":"Feature","geometry":{"type":"Polygon","coordinates":[[[2.70078,46.43476],[2.69191,46.44492],[2.67541,46.44258],[2.67195,46.4408],[2.67223,46.43493],[2.66144,46.43607],[2.64547,46.43149],[2.63754,46.42567],[2.63796,46.41949],[2.64365,46.41713],[2.64532,46.41124],[2.64286,46.40639],[2.63495,46.40223],[2.63972,46.39893],[2.64834,46.39898],[2.65025,46.39536],[2.64545,46.39309],[2.64396,46.38634],[2.65398,46.37937],[2.65976,46.37166],[2.67123,46.37401],[2.68803,46.38174],[2.69016,46.37345],[2.7001,46.37536],[2.69158,46.38377],[2.69753,46.38773],[2.7036,46.39816],[2.7161,46.40325],[2.71688,46.4091],[2.70988,46.41013],[2.70309,46.41408],[2.69627,46.42701],[2.70205,46.43334],[2.70078,46.43476]]]},"properties":{"code_territoire":"iris033050000","libelle_territoire":"Verneix (commune non irisée)"}},
{"type":"Feature","geometry":{"type":"Polygon","coordinates":[[[3.44527,46.11065],[3.45827,46.09999],[3.4612,46.10157],[3.46755,46.10002],[3.46655,46.10242],[3.47583,46.09931],[3.48773,46.08671],[3.49912,46.08552],[3.50019,46.08962],[3.50372,46.09002],[3.50953,46.09677],[3.50838,46.10133],[3.50128,46.10181],[3.48643,46.1096],[3.48201,46.10961],[3.48075,46.11385],[3.47418,46.11754],[3.47439,46.12429],[3.46814,46.12726],[3.4643,46.12503],[3.45342,46.12679],[3.45067,46.11747],[3.44355,46.11733],[3.44527,46.11065]]]},"properties":{"code_territoire":"iris033060000","libelle_territoire":"Le Vernet (commune non irisée)"}},
{"type":"Feature","geometry":{"type":"Polygon","coordinates":[[[3.24873,46.33593],[3.25812,46.34195],[3.27444,46.34404],[3.27243,46.34794],[3.27619,46.34982],[3.2826,46.36084],[3.28104,46.36828],[3.26104,46.37289],[3.25385,46.37142],[3.24644,46.36662],[3.23732,46.36598],[3.23447,46.36351],[3.22597,46.36496],[3.21775,46.35817],[3.2198,46.34124],[3.22462,46.33756],[3.22905,46.33618],[3.24711,46.33978],[3.24873,46.33593]]]},"properties":{"code_territoire":"iris033070000","libelle_territoire":"Verneuil-en-Bourbonnais (commune non irisée)"}},
{"type":"Feature","geometry":{"type":"Polygon","coordinates":[[[2.96452,46.12911],[2.97144,46.12152],[2.97638,46.12512],[2.98661,46.12523],[3.00168,46.1201],[3.0098,46.11468],[3.01591,46.10247],[3.02272,46.10176],[3.02783,46.10423],[3.03385,46.10408],[3.03905,46.10756],[3.03328,46.11175],[3.03392,46.11819],[3.0315,46.11985],[3.03774,46.12553],[3.02602,46.13345],[3.00819,46.13684],[2.99896,46.14085],[2.99631,46.1451],[2.98945,46.14717],[2.98612,46.14751],[2.98049,46.14211],[2.97779,46.14251],[2.966,46.13351],[2.96452,46.12911]]]},"properties":{"code_territoire":"iris030780000","libelle_territoire":"Chouvigny (commune non irisée)"}},
{"type":"Feature","geometry":{"type":"Polygon","coordinates":[[[2.94593,46.2417],[2.95432,46.24433],[2.96472,46.24382],[2.97119,46.24993],[2.97229,46.24782],[2.97641,46.24929],[2.98384,46.24368],[2.98466,46.24678],[2.98797,46.24461],[2.99457,46.24804],[3.00766,46.25513],[3.00605,46.25698],[3.00917,46.26218],[3.02005,46.26332],[3.02057,46.2681],[3.02699,46.27344],[3.03024,46.27342],[3.02491,46.27594],[3.01492,46.27106],[3.00499,46.2754],[2.98947,46.27649],[2.98441,46.28071],[2.97855,46.27952],[2.97099,46.27082],[2.95478,46.26747],[2.944,46.26629],[2.93716,46.27122],[2.9248,46.26921],[2.92454,46.26404],[2.92928,46.25676],[2.9259,46.24938],[2.9323,46.24761],[2.93792,46.24211],[2.94593,46.2417]]]},"properties":{"code_territoire":"iris033080000","libelle_territoire":"Vernusse (commune non irisée)"}},
{"type":"Feature","geometry":{"type":"Polygon","coordinates":[[[3.03757,46.77285],[3.03599,46.76409],[3.03179,46.76326],[3.02568,46.76286],[3.01575,46.76689],[2.99508,46.76636],[2.99876,46.76237],[2.99801,46.75181],[3.00394,46.74412],[3.03182,46.74042],[3.03264,46.73134],[3.05009,46.71336],[3.06221,46.71301],[3.08134,46.72194],[3.08204,46.72401],[3.0778,46.72636],[3.08323,46.73304],[3.08088,46.73459],[3.08354,46.73786],[3.06647,46.74579],[3.04888,46.75835],[3.03757,46.77285]]]},"properties":{"code_territoire":"iris033090000","libelle_territoire":"Le Veurdre (commune non irisée)"}},
{"type":"Feature","geometry":{"type":"Polygon","coordinates":[[[3.42651,46.12078],[3.4311,46.12354],[3.42979,46.12689],[3.42271,46.12602],[3.4222,46.1231],[3.42651,46.12078]]]},"properties":{"code_territoire":"iris033100101","libelle_territoire":"Hôtel de Ville"}},
{"type":"Feature","geometry":{"type":"Polygon","coordinates":[[[3.42271,46.12602],[3.42979,46.12689],[3.4311,46.12354],[3.43224,46.12244],[3.42755,46.13361],[3.42706,46.13354],[3.4233,46.1332],[3.42295,46.12748],[3.42271,46.12602]]]},"properties":{"code_territoire":"iris033100102","libelle_territoire":"Marché"}},
{"type":"Feature","geometry":{"type":"Polygon","coordinates":[[[3.43178,46.13413],[3.42755,46.13361],[3.43224,46.12244],[3.43301,46.12473],[3.43727,46.12481],[3.43594,46.1321],[3.43178,46.13413]]]},"properties":{"code_territoire":"iris033100103","libelle_territoire":"Denière Les Romains"}},
{"type":"Feature","geometry":{"type":"Polygon","coordinates":[[[3.56583,46.28992],[3.56759,46.29397],[3.5759,46.29687],[3.5813,46.30282],[3.57557,46.30763],[3.57149,46.31662],[3.57464,46.32635],[3.57294,46.33065],[3.5769,46.33539],[3.57224,46.3437],[3.5721,46.34636],[3.56444,46.34959],[3.56531,46.35428],[3.55189,46.35458],[3.52881,46.34417],[3.51243,46.33934],[3.52407,46.33785],[3.52702,46.32833],[3.5237,46.31925],[3.53181,46.30835],[3.5498,46.28984],[3.55394,46.28898],[3.5593,46.28878],[3.56453,46.28837],[3.56583,46.28992]]]},"properties":{"code_territoire":"iris030790000","libelle_territoire":"Cindré (commune non irisée)"}},
{"type":"Feature","geometry":{"type":"Polygon","coordinates":[[[3.25856,46.10031],[3.27122,46.09633],[3.31731,46.09586],[3.32543,46.10393],[3.34175,46.10069],[3.33725,46.11042],[3.34016,46.11416],[3.33155,46.11318],[3.32995,46.11674],[3.31887,46.1126],[3.31058,46.11827],[3.29067,46.11983],[3.28765,46.12422],[3.27958,46.12145],[3.27176,46.11788],[3.27044,46.11036],[3.26698,46.11037],[3.26742,46.10587],[3.2606,46.10661],[3.25994,46.10338],[3.25856,46.10031]]]},"properties":{"code_territoire":"iris030800000","libelle_territoire":"Cognat-Lyonne (commune non irisée)"}},
{"type":"Feature","geometry":{"type":"Polygon","coordinates":[[[3.43727,46.12481],[3.43301,46.12473],[3.43224,46.12244],[3.43877,46.11335],[3.44527,46.11065],[3.44355,46.11733],[3.44431,46.12065],[3.4394,46.12075],[3.43727,46.12481]]]},"properties":{"code_territoire":"iris033100104","libelle_territoire":"Les Garets-Bellevue"}},
{"type":"Feature","geometry":{"type":"Polygon","coordinates":[[[3.43877,46.11335],[3.43224,46.12244],[3.4311,46.12354],[3.42651,46.12078],[3.42646,46.11703],[3.43278,46.11612],[3.43661,46.11307],[3.43877,46.11335]]]},"properties":{"code_territoire":"iris033100105","libelle_territoire":"France et Rosières"}},
{"type":"Feature","geometry":{"type":"Polygon","coordinates":[[[3.41525,46.1205],[3.41713,46.11923],[3.42646,46.11703],[3.42651,46.12078],[3.4222,46.1231],[3.42271,46.12602],[3.42295,46.12748],[3.41401,46.12908],[3.41162,46.12561],[3.41525,46.1205]]]},"properties":{"code_territoire":"iris033100106","libelle_territoire":"Thermal-Vieux Vican"}},
{"type":"Feature","geometry":{"type":"Polygon","coordinates":[[[3.41401,46.12908],[3.42295,46.12748],[3.4233,46.1332],[3.41356,46.13233],[3.41401,46.12908]]]},"properties":{"code_territoire":"iris033100107","libelle_territoire":"Les Bains-République"}},
{"type":"Feature","geometry":{"type":"Polygon","coordinates":[[[3.41356,46.13233],[3.4233,46.1332],[3.42706,46.13354],[3.41878,46.13799],[3.41552,46.13581],[3.41235,46.137],[3.41356,46.13233]]]},"properties":{"code_territoire":"iris033100108","libelle_territoire":"Jeanne d'Arc-Stade"}},
{"type":"Feature","geometry":{"type":"Polygon","coordinates":[[[3.41235,46.137],[3.41552,46.13581],[3.41878,46.13799],[3.41695,46.14422],[3.41039,46.15301],[3.40528,46.14814],[3.41092,46.14204],[3.41235,46.137]]]},"properties":{"code_territoire":"iris033100109","libelle_territoire":"Les Ailes"}},
{"type":"Feature","geometry":{"type":"Polygon","coordinates":[[[3.41695,46.14422],[3.41878,46.13799],[3.42706,46.13354],[3.42755,46.13361],[3.43178,46.13413],[3.43162,46.13479],[3.43115,46.13651],[3.42746,46.13661],[3.42771,46.14564],[3.42357,46.1436],[3.41695,46.14422]]]},"properties":{"code_territoire":"iris033100110","libelle_territoire":"Beauséjour-Les Graves-Les Bartins"}},
{"type":"Feature","geometry":{"type":"Polygon","coordinates":[[[3.1124,46.12281],[3.11989,46.12955],[3.11633,46.1323],[3.11993,46.13426],[3.11214,46.13844],[3.11083,46.14797],[3.11574,46.14894],[3.12332,46.1571],[3.11608,46.16169],[3.1003,46.164],[3.08773,46.16911],[3.0801,46.16841],[3.08228,46.16663],[3.08083,46.16202],[3.07644,46.16132],[3.07071,46.15477],[3.07465,46.15249],[3.07532,46.14893],[3.07191,46.148],[3.07173,46.14493],[3.06328,46.14413],[3.06813,46.14069],[3.07174,46.13693],[3.07856,46.1362],[3.08796,46.12984],[3.0985,46.12912],[3.10143,46.12175],[3.10515,46.12135],[3.10766,46.1238],[3.1124,46.12281]]]},"properties":{"code_territoire":"iris033110000","libelle_territoire":"Vicq (commune non irisée)"}},
{"type":"Feature","geometry":{"type":"Polygon","coordinates":[[[2.82085,46.51246],[2.82114,46.50719],[2.83732,46.50141],[2.83224,46.49942],[2.83387,46.49575],[2.83988,46.49598],[2.84069,46.49052],[2.85626,46.48838],[2.868,46.48239],[2.86782,46.47851],[2.87797,46.471],[2.87868,46.47081],[2.90104,46.47127],[2.89958,46.48077],[2.90364,46.47915],[2.90946,46.48115],[2.91688,46.47839],[2.91724,46.49044],[2.92733,46.49545],[2.92318,46.49754],[2.92778,46.50008],[2.92915,46.50207],[2.92315,46.50742],[2.92747,46.50931],[2.91711,46.52074],[2.91541,46.5221],[2.90167,46.52075],[2.89695,46.52794],[2.89483,46.52796],[2.89107,46.52026],[2.87867,46.52645],[2.86664,46.5182],[2.8591,46.51647],[2.85058,46.51743],[2.82728,46.51014],[2.82085,46.51246]]]},"properties":{"code_territoire":"iris033120000","libelle_territoire":"Vieure (commune non irisée)"}},
{"type":"Feature","geometry":{"type":"Polygon","coordinates":[[[2.81634,46.24506],[2.8136,46.24736],[2.81292,46.26859],[2.80843,46.27151],[2.80295,46.27177],[2.79993,46.2749],[2.81137,46.28043],[2.79438,46.29116],[2.78769,46.29581],[2.78789,46.29261],[2.78368,46.2939],[2.78122,46.29086],[2.77418,46.28972],[2.77883,46.28501],[2.77917,46.27781],[2.77369,46.27173],[2.77497,46.26356],[2.77102,46.2544],[2.78,46.25228],[2.78411,46.25508],[2.79096,46.24669],[2.79855,46.2435],[2.80211,46.23929],[2.81634,46.24506]]]},"properties":{"code_territoire":"iris030810000","libelle_territoire":"Colombier (commune non irisée)"}},
{"type":"Feature","geometry":{"type":"Polygon","coordinates":[[[2.77102,46.2544],[2.77497,46.26356],[2.77369,46.27173],[2.77917,46.27781],[2.77883,46.28501],[2.77418,46.28972],[2.78122,46.29086],[2.78368,46.2939],[2.78789,46.29261],[2.78769,46.29581],[2.75017,46.30126],[2.73887,46.29448],[2.74607,46.29324],[2.75469,46.28818],[2.75209,46.28646],[2.75641,46.28417],[2.75466,46.2799],[2.74212,46.28024],[2.74293,46.27785],[2.73329,46.28227],[2.72049,46.27551],[2.72387,46.2748],[2.72626,46.26822],[2.73016,46.26657],[2.73538,46.25168],[2.74089,46.24511],[2.74763,46.2495],[2.74749,46.25426],[2.75473,46.2592],[2.76114,46.25682],[2.76734,46.2592],[2.7683,46.25477],[2.77102,46.2544]]]},"properties":{"code_territoire":"iris030820101","libelle_territoire":"1re Zone"}},
{"type":"Feature","geometry":{"type":"Polygon","coordinates":[[[2.83532,46.56391],[2.82937,46.57334],[2.82855,46.58555],[2.81454,46.58526],[2.79662,46.5801],[2.78429,46.58496],[2.7843,46.58944],[2.77533,46.59442],[2.7668,46.58893],[2.75507,46.57307],[2.76476,46.56763],[2.76379,46.56456],[2.76764,46.56303],[2.76109,46.56112],[2.76136,46.55552],[2.76808,46.5509],[2.76792,46.54392],[2.77415,46.53392],[2.78229,46.52962],[2.78644,46.52799],[2.79443,46.52986],[2.80054,46.52725],[2.80761,46.5297],[2.81163,46.53479],[2.80712,46.54787],[2.81745,46.54916],[2.82182,46.54753],[2.81634,46.55383],[2.81731,46.55963],[2.83532,46.56391]]]},"properties":{"code_territoire":"iris033130000","libelle_territoire":"Le Vilhain (commune non irisée)"}},
{"type":"Feature","geometry":{"type":"Polygon","coordinates":[[[2.6002,46.29655],[2.59637,46.2918],[2.60054,46.29112],[2.60882,46.2787],[2.62299,46.2701],[2.63258,46.25887],[2.64814,46.25474],[2.65348,46.24099],[2.66326,46.24562],[2.65648,46.25299],[2.66204,46.25954],[2.65254,46.25908],[2.65607,46.26102],[2.66207,46.26051],[2.66356,46.26481],[2.66,46.26879],[2.66171,46.27417],[2.65096,46.27702],[2.64478,46.28266],[2.63983,46.28174],[2.6375,46.28324],[2.63556,46.29135],[2.64306,46.30281],[2.63743,46.3066],[2.6143,46.30202],[2.60594,46.2967],[2.6002,46.29655]]]},"properties":{"code_territoire":"iris033140000","libelle_territoire":"Villebret (commune non irisée)"}},
{"type":"Feature","geometry":{"type":"Polygon","coordinates":[[[2.79433,46.40806],[2.79519,46.40495],[2.80554,46.40137],[2.81433,46.39181],[2.81416,46.38602],[2.81743,46.38385],[2.81212,46.37525],[2.81471,46.36969],[2.82147,46.36986],[2.82433,46.37472],[2.82596,46.37225],[2.83192,46.37368],[2.8269,46.36496],[2.82947,46.36419],[2.82544,46.36099],[2.82859,46.35702],[2.84122,46.35509],[2.84812,46.35354],[2.84886,46.35144],[2.85908,46.35265],[2.86144,46.35603],[2.86602,46.35615],[2.87005,46.36457],[2.87785,46.36987],[2.87152,46.37599],[2.87332,46.38396],[2.88596,46.38369],[2.88443,46.39225],[2.87096,46.39705],[2.86484,46.40416],[2.87655,46.40732],[2.87634,46.4139],[2.87266,46.41732],[2.86395,46.41861],[2.86302,46.42267],[2.849,46.4211],[2.84573,46.44278],[2.83288,46.43959],[2.82881,46.44099],[2.82581,46.43787],[2.82262,46.43818],[2.82173,46.42927],[2.81366,46.42813],[2.81312,46.42464],[2.8067,46.42039],[2.79637,46.41769],[2.79433,46.40806]]]},"properties":{"code_territoire":"iris033150000","libelle_territoire":"Villefranche-d'Allier (commune non irisée)"}},
{"type":"Feature","geometry":{"type":"Polygon","coordinates":[[[2.72049,46.27551],[2.73329,46.28227],[2.74293,46.27785],[2.74212,46.28024],[2.75466,46.2799],[2.75641,46.28417],[2.75209,46.28646],[2.75469,46.28818],[2.74607,46.29324],[2.73887,46.29448],[2.73786,46.29172],[2.72854,46.2876],[2.71991,46.28717],[2.71665,46.289],[2.7177,46.28475],[2.72094,46.28453],[2.71394,46.2763],[2.72049,46.27551]]]},"properties":{"code_territoire":"iris030820102","libelle_territoire":"2e Zone"}},
{"type":"Feature","geometry":{"type":"Polygon","coordinates":[[[3.28305,46.71514],[3.26961,46.71673],[3.25952,46.70779],[3.2285,46.69644],[3.22773,46.69021],[3.22098,46.6864],[3.22216,46.68518],[3.20705,46.68178],[3.20437,46.67886],[3.20845,46.67678],[3.22242,46.66772],[3.23421,46.65319],[3.24338,46.64727],[3.24586,46.6392],[3.24906,46.63499],[3.25524,46.63386],[3.26601,46.64604],[3.26456,46.65073],[3.29277,46.65813],[3.28971,46.65913],[3.28913,46.66286],[3.27814,46.66858],[3.27353,46.6762],[3.26107,46.68579],[3.264,46.68631],[3.26781,46.69213],[3.26505,46.69407],[3.27317,46.70376],[3.27208,46.70796],[3.28305,46.71514]]]},"properties":{"code_territoire":"iris033160000","libelle_territoire":"Villeneuve-sur-Allier (commune non irisée)"}},
{"type":"Feature","geometry":{"type":"Polygon","coordinates":[[[2.31675,46.46868],[2.33874,46.44264],[2.35361,46.44443],[2.3664,46.44354],[2.39999,46.43335],[2.41921,46.44394],[2.41474,46.44865],[2.40737,46.47789],[2.39697,46.48035],[2.39344,46.47839],[2.38194,46.47942],[2.37233,46.4863],[2.34729,46.48819],[2.33443,46.48588],[2.32953,46.48183],[2.3312,46.47919],[2.32716,46.47597],[2.32798,46.47379],[2.32137,46.4689],[2.31675,46.46868]]]},"properties":{"code_territoire":"iris033170000","libelle_territoire":"Viplaix (commune non irisée)"}},
{"type":"Feature","geometry":{"type":"Polygon","coordinates":[[[3.02922,46.31311],[3.03948,46.3074],[3.04196,46.30873],[3.04984,46.30549],[3.05258,46.30655],[3.05512,46.2985],[3.06444,46.29977],[3.06459,46.30189],[3.08129,46.30283],[3.08773,46.29904],[3.09675,46.29743],[3.10529,46.30027],[3.10389,46.30437],[3.10956,46.30492],[3.11896,46.30962],[3.13382,46.31063],[3.13403,46.32091],[3.1342,46.32237],[3.12031,46.32194],[3.11787,46.32367],[3.12249,46.33374],[3.11126,46.33573],[3.0896,46.33219],[3.08769,46.33382],[3.08013,46.34192],[3.08386,46.34695],[3.08688,46.34628],[3.0875,46.3488],[3.0972,46.35048],[3.09859,46.35241],[3.0889,46.35639],[3.07792,46.35588],[3.0733,46.35204],[3.06218,46.35314],[3.05518,46.35082],[3.05634,46.34917],[3.04613,46.35123],[3.04367,46.35619],[3.02242,46.34945],[3.02058,46.34672],[3.02564,46.34138],[3.03518,46.33885],[3.01958,46.33591],[3.02685,46.33073],[3.0394,46.32762],[3.03261,46.32061],[3.03516,46.31899],[3.02758,46.31628],[3.02922,46.31311]]]},"properties":{"code_territoire":"iris033190000","libelle_territoire":"Voussac (commune non irisée)"}},
{"type":"Feature","geometry":{"type":"Polygon","coordinates":[[[2.71665,46.289],[2.71991,46.28717],[2.72854,46.2876],[2.73786,46.29172],[2.73887,46.29448],[2.75017,46.30126],[2.7328,46.2997],[2.7254,46.29992],[2.71947,46.29585],[2.71665,46.289]]]},"properties":{"code_territoire":"iris030820103","libelle_territoire":"3e Zone"}},
{"type":"Feature","geometry":{"type":"Polygon","coordinates":[[[3.35652,46.33641],[3.3495,46.34815],[3.34228,46.3519],[3.33751,46.35904],[3.33468,46.35832],[3.3317,46.36113],[3.32475,46.36267],[3.31022,46.36339],[3.30256,46.36612],[3.2826,46.36084],[3.27619,46.34982],[3.27243,46.34794],[3.27444,46.34404],[3.28425,46.34107],[3.28697,46.3421],[3.2958,46.34026],[3.30203,46.33619],[3.29688,46.33416],[3.29729,46.32992],[3.3065,46.3301],[3.30943,46.32642],[3.3162,46.32816],[3.32407,46.32602],[3.328,46.32928],[3.33133,46.32771],[3.34643,46.33316],[3.35076,46.33748],[3.35664,46.33623],[3.35652,46.33641]]]},"properties":{"code_territoire":"iris030830000","libelle_territoire":"Contigny (commune non irisée)"}},
{"type":"Feature","geometry":{"type":"Polygon","coordinates":[[[2.87797,46.471],[2.86782,46.47851],[2.868,46.48239],[2.85626,46.48838],[2.84069,46.49052],[2.83988,46.49598],[2.83387,46.49575],[2.83224,46.49942],[2.83732,46.50141],[2.82114,46.50719],[2.82085,46.51246],[2.81777,46.51614],[2.81462,46.51626],[2.81411,46.52043],[2.80231,46.51583],[2.79816,46.51036],[2.79289,46.51385],[2.78965,46.50721],[2.78548,46.49755],[2.79962,46.49749],[2.80084,46.4862],[2.79884,46.48342],[2.80168,46.47793],[2.7949,46.47226],[2.79401,46.46785],[2.79668,46.46757],[2.79222,46.4557],[2.81793,46.45739],[2.82609,46.45469],[2.82676,46.45674],[2.83128,46.45556],[2.83954,46.45752],[2.83924,46.46027],[2.84662,46.46234],[2.84641,46.47128],[2.84729,46.46957],[2.8562,46.46899],[2.86556,46.47086],[2.86875,46.47424],[2.87797,46.471]]]},"properties":{"code_territoire":"iris030840000","libelle_territoire":"Cosne-d'Allier (commune non irisée)"}},
{"type":"Feature","geometry":{"type":"Polygon","coordinates":[[[2.87999,46.55415],[2.88558,46.55174],[2.8917,46.53964],[2.89735,46.53534],[2.89695,46.52794],[2.90167,46.52075],[2.91541,46.5221],[2.91711,46.52074],[2.92747,46.50931],[2.92315,46.50742],[2.92915,46.50207],[2.92778,46.50008],[2.93924,46.50193],[2.9559,46.50108],[2.95966,46.50895],[2.96554,46.50862],[2.96788,46.51647],[2.96461,46.52413],[2.96207,46.52357],[2.96083,46.52554],[2.96495,46.52678],[2.96477,46.52863],[2.95943,46.53266],[2.96518,46.53927],[2.96324,46.54104],[2.96681,46.54037],[2.97006,46.54365],[2.97191,46.54199],[2.9783,46.54209],[2.97863,46.54368],[2.98026,46.54199],[2.98164,46.54392],[2.98715,46.54278],[2.99117,46.54427],[2.98793,46.54636],[2.99444,46.55118],[2.99371,46.55519],[2.98917,46.55826],[2.99194,46.55965],[2.99178,46.56294],[2.98856,46.56664],[2.99451,46.57268],[2.98943,46.57357],[2.99639,46.57823],[2.99431,46.58545],[2.99306,46.58762],[2.98738,46.58721],[2.98161,46.58994],[2.97578,46.5867],[2.96743,46.58684],[2.96167,46.58908],[2.96282,46.59418],[2.93278,46.58908],[2.92906,46.5866],[2.92061,46.58582],[2.92286,46.58488],[2.92116,46.5817],[2.92731,46.57687],[2.92244,46.57147],[2.91106,46.57129],[2.90782,46.56875],[2.90951,46.56633],[2.90648,46.56627],[2.90039,46.55938],[2.89396,46.55993],[2.87999,46.55415]]]},"properties":{"code_territoire":"iris033200000","libelle_territoire":"Ygrande (commune non irisée)"}},
{"type":"Feature","geometry":{"type":"Polygon","coordinates":[[[3.34461,46.56456],[3.36543,46.55796],[3.36129,46.56437],[3.35342,46.5663],[3.36373,46.57304],[3.35522,46.57294],[3.34584,46.56942],[3.34736,46.56724],[3.34207,46.56751],[3.34461,46.56456]]]},"properties":{"code_territoire":"iris033210101","libelle_territoire":"Centre Ville"}},
{"type":"Feature","geometry":{"type":"Polygon","coordinates":[[[3.24936,46.53618],[3.25006,46.53201],[3.25865,46.53225],[3.2701,46.53531],[3.27818,46.54038],[3.27635,46.54452],[3.27881,46.54738],[3.27454,46.54886],[3.27821,46.55191],[3.27708,46.55791],[3.2699,46.55582],[3.26738,46.55733],[3.26345,46.5691],[3.25852,46.57082],[3.26185,46.57262],[3.25344,46.57775],[3.24726,46.5769],[3.24641,46.57882],[3.24069,46.57977],[3.24025,46.57716],[3.23697,46.57628],[3.24188,46.57013],[3.23293,46.57192],[3.21774,46.57069],[3.22079,46.568],[3.21817,46.56325],[3.20957,46.5589],[3.21018,46.55724],[3.20362,46.55661],[3.20585,46.55247],[3.21249,46.55356],[3.21376,46.54867],[3.22042,46.55035],[3.22543,46.54871],[3.22494,46.5426],[3.22748,46.54271],[3.22974,46.53903],[3.24297,46.54024],[3.24936,46.53618]]]},"properties":{"code_territoire":"iris030850000","libelle_territoire":"Coulandon (commune non irisée)"}},
{"type":"Feature","geometry":{"type":"Polygon","coordinates":[[[3.34225,46.56358],[3.34523,46.55767],[3.35718,46.5534],[3.35836,46.54714],[3.3745,46.54168],[3.377,46.54298],[3.37458,46.54718],[3.3694,46.54888],[3.37705,46.55617],[3.36543,46.55796],[3.34461,46.56456],[3.34225,46.56358]]]},"properties":{"code_territoire":"iris033210102","libelle_territoire":"Bellevue-Les Ozières"}},
{"type":"Feature","geometry":{"type":"Polygon","coordinates":[[[3.33843,46.55929],[3.34051,46.55339],[3.35836,46.54714],[3.35718,46.5534],[3.34523,46.55767],[3.34225,46.56358],[3.33843,46.55929]]]},"properties":{"code_territoire":"iris033210103","libelle_territoire":"Bataillots"}},
{"type":"Feature","geometry":{"type":"Polygon","coordinates":[[[3.34584,46.56942],[3.35522,46.57294],[3.36242,46.57884],[3.35078,46.57612],[3.35272,46.57721],[3.35168,46.58766],[3.34174,46.58917],[3.33349,46.58534],[3.33317,46.5814],[3.3336,46.5794],[3.3432,46.57779],[3.33684,46.57458],[3.34014,46.572],[3.34584,46.56942]]]},"properties":{"code_territoire":"iris033210104","libelle_territoire":"Saint-Bonnet"}},
{"type":"Feature","geometry":{"type":"Polygon","coordinates":[[[3.34174,46.58917],[3.35168,46.58766],[3.35272,46.57721],[3.35078,46.57612],[3.36242,46.57884],[3.35522,46.57294],[3.36373,46.57304],[3.35342,46.5663],[3.36129,46.56437],[3.36543,46.55796],[3.37705,46.55617],[3.3694,46.54888],[3.37458,46.54718],[3.377,46.54298],[3.3812,46.54173],[3.37406,46.53623],[3.35929,46.5314],[3.38197,46.52688],[3.38645,46.5291],[3.3839,46.53454],[3.39213,46.53398],[3.4128,46.53905],[3.43095,46.53951],[3.43081,46.54765],[3.43772,46.55473],[3.42688,46.56015],[3.42425,46.57019],[3.41826,46.57487],[3.40902,46.5776],[3.39312,46.57953],[3.39609,46.5805],[3.39404,46.58378],[3.39969,46.59145],[3.39553,46.5906],[3.39765,46.59583],[3.39525,46.59867],[3.39062,46.59661],[3.38229,46.59936],[3.37812,46.60542],[3.37064,46.60264],[3.36819,46.60501],[3.36296,46.60504],[3.35856,46.60229],[3.35875,46.60409],[3.35087,46.59358],[3.34174,46.58917]]]},"properties":{"code_territoire":"iris033210105","libelle_territoire":"Zone Verte"}},
{"type":"Feature","geometry":{"type":"Polygon","coordinates":[[[3.35929,46.5314],[3.37406,46.53623],[3.3812,46.54173],[3.377,46.54298],[3.3745,46.54168],[3.35836,46.54714],[3.34051,46.55339],[3.33843,46.55929],[3.33554,46.55592],[3.34097,46.54658],[3.34641,46.53712],[3.34957,46.53166],[3.35706,46.53283],[3.35929,46.5314]]]},"properties":{"code_territoire":"iris033210106","libelle_territoire":"Zone Industrielle"}},
{"type":"Feature","geometry":{"type":"Polygon","coordinates":[[[3.84504,46.51308],[3.84511,46.51065],[3.85183,46.5059],[3.85028,46.49911],[3.8432,46.49518],[3.83242,46.49345],[3.83265,46.48338],[3.824,46.47837],[3.8237,46.47493],[3.82619,46.47288],[3.82475,46.46503],[3.84426,46.46583],[3.84389,46.46353],[3.84828,46.46038],[3.84604,46.45667],[3.8528,46.45212],[3.85264,46.4464],[3.86636,46.44565],[3.86891,46.44591],[3.87145,46.44233],[3.87504,46.44249],[3.88055,46.44751],[3.8761,46.45456],[3.88409,46.4555],[3.88346,46.45761],[3.8871,46.4583],[3.90471,46.46237],[3.90117,46.46542],[3.90381,46.46725],[3.90315,46.47415],[3.90477,46.47592],[3.90847,46.47527],[3.91062,46.47852],[3.89822,46.48514],[3.89659,46.48123],[3.89124,46.48095],[3.87972,46.48608],[3.86601,46.48911],[3.86025,46.49516],[3.86414,46.51234],[3.85717,46.51558],[3.84504,46.51308]]]},"properties":{"code_territoire":"iris030860000","libelle_territoire":"Coulanges (commune non irisée)"}},
{"type":"Feature","geometry":{"type":"Polygon","coordinates":[[[2.97509,46.66761],[2.97549,46.66964],[2.96734,46.67352],[2.96771,46.67852],[2.97041,46.67934],[2.96662,46.68538],[2.95885,46.68242],[2.94816,46.68237],[2.9401,46.67846],[2.92959,46.68067],[2.92748,46.68888],[2.91789,46.69717],[2.91824,46.70149],[2.91228,46.70285],[2.90817,46.70148],[2.90707,46.70454],[2.90162,46.70427],[2.89509,46.71131],[2.88561,46.71195],[2.86803,46.7171],[2.86376,46.71392],[2.86345,46.70565],[2.85673,46.69506],[2.84612,46.69945],[2.84181,46.69897],[2.83799,46.6937],[2.84781,46.67805],[2.8327,46.6725],[2.84549,46.66593],[2.84123,46.65806],[2.84412,46.65321],[2.8496,46.65211],[2.85217,46.64842],[2.87413,46.64364],[2.87348,46.64203],[2.87856,46.64138],[2.88029,46.63838],[2.88397,46.64132],[2.88402,46.63379],[2.88787,46.63222],[2.88944,46.63535],[2.89421,46.63452],[2.89642,46.64419],[2.90342,46.64533],[2.90523,46.64755],[2.92144,46.64878],[2.93662,46.65329],[2.93965,46.651],[2.95175,46.65025],[2.95377,46.65636],[2.96227,46.65483],[2.97509,46.66761]]]},"properties":{"code_territoire":"iris030870000","libelle_territoire":"Couleuvre (commune non irisée)"}},
{"type":"Feature","geometry":{"type":"Polygon","coordinates":[[[2.41921,46.44394],[2.43004,46.44355],[2.43139,46.44135],[2.44541,46.43923],[2.46245,46.44244],[2.46388,46.44509],[2.47417,46.44468],[2.48971,46.44931],[2.4902,46.45329],[2.48521,46.46148],[2.48938,46.46287],[2.48915,46.4752],[2.48216,46.48045],[2.47634,46.48133],[2.46039,46.4898],[2.45398,46.49228],[2.44661,46.48644],[2.40737,46.47789],[2.41474,46.44865],[2.41921,46.44394]]]},"properties":{"code_territoire":"iris030880000","libelle_territoire":"Courçais (commune non irisée)"}},
{"type":"Feature","geometry":{"type":"Polygon","coordinates":[[[2.98283,46.18647],[3.00085,46.18977],[3.03082,46.18329],[3.03274,46.18612],[3.02939,46.18738],[3.0289,46.1923],[3.02097,46.19662],[3.02748,46.20213],[3.02787,46.20656],[3.0207,46.20508],[3.02643,46.21859],[3.03266,46.21764],[3.0309,46.23117],[3.01384,46.22608],[2.98991,46.21712],[2.98292,46.20792],[2.98469,46.19689],[2.97853,46.19467],[2.97448,46.18953],[2.98283,46.18647]]]},"properties":{"code_territoire":"iris030890000","libelle_territoire":"Coutansouze (commune non irisée)"}},
{"type":"Feature","geometry":{"type":"Polygon","coordinates":[[[3.15781,46.65063],[3.14993,46.65619],[3.14148,46.65671],[3.13275,46.66131],[3.12544,46.66141],[3.12758,46.66795],[3.12195,46.66828],[3.11875,46.66633],[3.11474,46.66867],[3.1071,46.66892],[3.10691,46.66529],[3.09476,46.66129],[3.09137,46.65611],[3.08395,46.6564],[3.08263,46.64326],[3.07913,46.64004],[3.08033,46.63639],[3.08745,46.6339],[3.08188,46.62848],[3.08554,46.62214],[3.08968,46.62285],[3.0891,46.62019],[3.09498,46.61986],[3.09303,46.61647],[3.10206,46.61758],[3.10769,46.62272],[3.11383,46.62371],[3.11229,46.62495],[3.11544,46.62767],[3.11882,46.62558],[3.12681,46.6269],[3.13144,46.63722],[3.15605,46.6425],[3.15923,46.64784],[3.15781,46.65063]]]},"properties":{"code_territoire":"iris030900000","libelle_territoire":"Couzon (commune non irisée)"}},
{"type":"Feature","geometry":{"type":"Polygon","coordinates":[[[3.44619,46.24935],[3.44601,46.25324],[3.43949,46.25279],[3.43859,46.26045],[3.44136,46.2663],[3.43922,46.27785],[3.44123,46.28325],[3.43719,46.28429],[3.43844,46.28749],[3.43011,46.29206],[3.40651,46.2886],[3.40051,46.28587],[3.40943,46.26966],[3.40753,46.26673],[3.40027,46.26494],[3.40006,46.25915],[3.40273,46.25774],[3.41431,46.25945],[3.41314,46.2536],[3.42117,46.24705],[3.43975,46.24634],[3.44187,46.25092],[3.44619,46.24935]]]},"properties":{"code_territoire":"iris030910000","libelle_territoire":"Créchy (commune non irisée)"}},
{"type":"Feature","geometry":{"type":"Polygon","coordinates":[[[3.20819,46.41755],[3.20565,46.4222],[3.2141,46.42406],[3.21225,46.43023],[3.21481,46.43627],[3.21239,46.44171],[3.21717,46.44318],[3.21999,46.45034],[3.22296,46.45154],[3.21922,46.45243],[3.21732,46.45862],[3.20591,46.46591],[3.19934,46.48487],[3.1788,46.48088],[3.17657,46.48218],[3.17773,46.47925],[3.16331,46.47266],[3.15795,46.47328],[3.15952,46.46729],[3.15498,46.46462],[3.1584,46.46021],[3.15156,46.45509],[3.1462,46.45586],[3.13864,46.4528],[3.13162,46.45592],[3.12465,46.45609],[3.12022,46.45228],[3.11779,46.4399],[3.11527,46.43934],[3.11353,46.4331],[3.11021,46.43122],[3.11779,46.43023],[3.1226,46.42591],[3.1162,46.42195],[3.11676,46.41962],[3.13514,46.41366],[3.13723,46.41631],[3.15126,46.41998],[3.15986,46.41708],[3.16615,46.41885],[3.16924,46.41368],[3.17937,46.41808],[3.20352,46.41485],[3.20819,46.41755]]]},"properties":{"code_territoire":"iris030920000","libelle_territoire":"Cressanges (commune non irisée)"}},
{"type":"Feature","geometry":{"type":"Polygon","coordinates":[[[3.49356,46.17275],[3.48302,46.18063],[3.48252,46.18422],[3.48847,46.18528],[3.48482,46.19057],[3.46793,46.18915],[3.45776,46.1926],[3.45892,46.19513],[3.45048,46.19415],[3.44566,46.19217],[3.44163,46.18678],[3.43748,46.18777],[3.43341,46.18289],[3.4409,46.17615],[3.4379,46.17343],[3.44763,46.16711],[3.4461,46.16234],[3.45554,46.16408],[3.46192,46.16188],[3.46864,46.16384],[3.4695,46.16629],[3.47432,46.16464],[3.48247,46.1698],[3.49056,46.16671],[3.49356,46.17275]]]},"properties":{"code_territoire":"iris030930000","libelle_territoire":"Creuzier-le-Neuf (commune non irisée)"}},
{"type":"Feature","geometry":{"type":"Polygon","coordinates":[[[3.40942,46.17377],[3.41845,46.16757],[3.41588,46.16475],[3.40946,46.16459],[3.40706,46.16267],[3.41039,46.15301],[3.41695,46.14422],[3.42357,46.1436],[3.42771,46.14564],[3.43108,46.15073],[3.44193,46.14585],[3.45948,46.15028],[3.46188,46.15209],[3.46306,46.15076],[3.47082,46.15831],[3.46671,46.15908],[3.46864,46.16384],[3.46192,46.16188],[3.45554,46.16408],[3.4461,46.16234],[3.44763,46.16711],[3.4379,46.17343],[3.4409,46.17615],[3.43341,46.18289],[3.42844,46.18092],[3.42481,46.17572],[3.42068,46.17852],[3.41301,46.17499],[3.40942,46.17377]]]},"properties":{"code_territoire":"iris030940000","libelle_territoire":"Creuzier-le-Vieux (commune non irisée)"}},
{"type":"Feature","geometry":{"type":"Polygon","coordinates":[[[3.44968,46.13683],[3.45522,46.1311],[3.45844,46.13097],[3.46199,46.13478],[3.45983,46.1379],[3.45615,46.13768],[3.44968,46.13683]]]},"properties":{"code_territoire":"iris030950101","libelle_territoire":"Centre Historique"}},
{"type":"Feature","geometry":{"type":"Polygon","coordinates":[[[3.45342,46.12679],[3.45522,46.1311],[3.44968,46.13683],[3.44643,46.13578],[3.44427,46.13391],[3.44722,46.12943],[3.44398,46.12719],[3.44815,46.12535],[3.44658,46.12357],[3.43727,46.12481],[3.4394,46.12075],[3.44431,46.12065],[3.44355,46.11733],[3.45067,46.11747],[3.45342,46.12679]]]},"properties":{"code_territoire":"iris030950102","libelle_territoire":"Montbeton-Les Jonchères"}},
{"type":"Feature","geometry":{"type":"Polygon","coordinates":[[[3.43727,46.12481],[3.44658,46.12357],[3.44815,46.12535],[3.44398,46.12719],[3.44722,46.12943],[3.44427,46.13391],[3.44643,46.13578],[3.43829,46.13717],[3.43162,46.13479],[3.43178,46.13413],[3.43594,46.1321],[3.43727,46.12481]]]},"properties":{"code_territoire":"iris030950103","libelle_territoire":"Presles-Puybesseau"}},
{"type":"Feature","geometry":{"type":"Polygon","coordinates":[[[3.46814,46.12726],[3.46689,46.12903],[3.47151,46.12874],[3.47249,46.13661],[3.4681,46.1393],[3.46043,46.13997],[3.46306,46.15076],[3.46188,46.15209],[3.45948,46.15028],[3.45615,46.13768],[3.45983,46.1379],[3.46199,46.13478],[3.45844,46.13097],[3.45522,46.1311],[3.45342,46.12679],[3.4643,46.12503],[3.46814,46.12726]]]},"properties":{"code_territoire":"iris030950105","libelle_territoire":"Champcourt-Zone Industrielle"}},
{"type":"Feature","geometry":{"type":"Polygon","coordinates":[[[3.5185,46.13578],[3.52163,46.14511],[3.52475,46.14696],[3.51742,46.15841],[3.51686,46.16413],[3.50767,46.16973],[3.49951,46.16294],[3.49356,46.17275],[3.49056,46.16671],[3.48247,46.1698],[3.47432,46.16464],[3.4695,46.16629],[3.46864,46.16384],[3.46671,46.15908],[3.47082,46.15831],[3.46306,46.15076],[3.46043,46.13997],[3.4681,46.1393],[3.47249,46.13661],[3.47151,46.12874],[3.46689,46.12903],[3.46814,46.12726],[3.47439,46.12429],[3.47418,46.11754],[3.48075,46.11385],[3.48201,46.10961],[3.48643,46.1096],[3.50128,46.10181],[3.50838,46.10133],[3.51205,46.10278],[3.52056,46.09558],[3.52044,46.09875],[3.52742,46.10366],[3.51773,46.10713],[3.51592,46.11738],[3.51093,46.11702],[3.50343,46.12103],[3.49886,46.12821],[3.49287,46.13196],[3.50069,46.13111],[3.51071,46.1369],[3.5185,46.13578]]]},"properties":{"code_territoire":"iris030950106","libelle_territoire":"Zone Verte"}},
{"type":"Feature","geometry":{"type":"Polygon","coordinates":[[[3.43162,46.13479],[3.43829,46.13717],[3.44643,46.13578],[3.44968,46.13683],[3.45615,46.13768],[3.45948,46.15028],[3.44193,46.14585],[3.43108,46.15073],[3.42771,46.14564],[3.42746,46.13661],[3.43115,46.13651],[3.43162,46.13479]]]},"properties":{"code_territoire":"iris030950111","libelle_territoire":"Boulaires-Graves-Chambon Étendu"}},
{"type":"Feature","geometry":{"type":"Polygon","coordinates":[[[3.14189,46.26618],[3.13016,46.26529],[3.12463,46.25889],[3.12688,46.25563],[3.12363,46.25025],[3.12756,46.24923],[3.13254,46.24266],[3.12948,46.2419],[3.12941,46.23881],[3.13764,46.23825],[3.14104,46.24197],[3.14375,46.24124],[3.14259,46.23905],[3.14808,46.23715],[3.15084,46.24342],[3.15532,46.2408],[3.15786,46.24339],[3.16715,46.24417],[3.16618,46.24666],[3.17135,46.25018],[3.15934,46.2513],[3.17139,46.26195],[3.14189,46.26618]]]},"properties":{"code_territoire":"iris030960000","libelle_territoire":"Deneuille-lès-Chantelle (commune non irisée)"}},
{"type":"Feature","geometry":{"type":"Polygon","coordinates":[[[2.72095,46.36817],[2.7248,46.36244],[2.72891,46.3611],[2.73252,46.35139],[2.74566,46.3547],[2.7476,46.35223],[2.75165,46.3544],[2.75274,46.35258],[2.75706,46.3556],[2.75625,46.3595],[2.77454,46.35901],[2.79039,46.36337],[2.79278,46.366],[2.79692,46.36521],[2.79774,46.36185],[2.81135,46.36648],[2.81471,46.36969],[2.81212,46.37525],[2.81743,46.38385],[2.81416,46.38602],[2.81433,46.39181],[2.80554,46.40137],[2.79519,46.40495],[2.79433,46.40806],[2.77849,46.40769],[2.77756,46.40462],[2.7641,46.39487],[2.76491,46.39251],[2.74205,46.3811],[2.74802,46.37184],[2.72095,46.36817]]]},"properties":{"code_territoire":"iris030970000","libelle_territoire":"Deneuille-les-Mines (commune non irisée)"}},
{"type":"Feature","geometry":{"type":"Polygon","coordinates":[[[2.60933,46.37154],[2.61106,46.36887],[2.60155,46.36718],[2.5995,46.36441],[2.60111,46.36197],[2.60666,46.36078],[2.6057,46.35845],[2.61007,46.35361],[2.61584,46.35322],[2.61455,46.34596],[2.62249,46.3437],[2.63282,46.34549],[2.63877,46.34155],[2.64625,46.3435],[2.64477,46.34504],[2.65109,46.35384],[2.6504,46.36118],[2.6387,46.36576],[2.62853,46.36912],[2.62046,46.36886],[2.61257,46.37252],[2.60933,46.37154]]]},"properties":{"code_territoire":"iris030980000","libelle_territoire":"Désertines (commune non irisée)"}},
{"type":"Feature","geometry":{"type":"Polygon","coordinates":[[[3.02058,46.34672],[3.02242,46.34945],[3.04367,46.35619],[3.04613,46.35123],[3.05634,46.34917],[3.05518,46.35082],[3.06218,46.35314],[3.0733,46.35204],[3.07792,46.35588],[3.0889,46.35639],[3.09859,46.35241],[3.10174,46.3534],[3.10269,46.35756],[3.09881,46.36471],[3.10151,46.37021],[3.09638,46.37082],[3.09441,46.3743],[3.08851,46.37502],[3.0873,46.38186],[3.09092,46.38481],[3.092,46.38799],[3.09455,46.38823],[3.0878,46.39691],[3.07848,46.40102],[3.07467,46.39904],[3.06745,46.4004],[3.04866,46.39996],[3.04691,46.40351],[3.0387,46.40318],[3.03057,46.39377],[3.02084,46.39127],[3.00352,46.39],[2.98802,46.39422],[2.98105,46.39319],[2.97879,46.39103],[2.98545,46.38816],[2.97699,46.38186],[2.97845,46.37875],[2.97424,46.36458],[2.99007,46.3596],[3.00929,46.36022],[3.01236,46.35647],[3.01051,46.35143],[3.02058,46.34672]]]},"properties":{"code_territoire":"iris030990000","libelle_territoire":"Deux-Chaises (commune non irisée)"}},
{"type":"Feature","geometry":{"type":"Polygon","coordinates":[[[3.74098,46.5602],[3.7371,46.56031],[3.72429,46.55156],[3.72535,46.5496],[3.71359,46.54978],[3.71138,46.5528],[3.70439,46.54689],[3.70574,46.54029],[3.70972,46.53833],[3.70456,46.53132],[3.71026,46.52934],[3.70742,46.52233],[3.71186,46.5228],[3.70484,46.5176],[3.69983,46.50923],[3.708,46.50538],[3.70413,46.49996],[3.71022,46.49608],[3.72037,46.48646],[3.72046,46.49318],[3.72204,46.49549],[3.72483,46.49516],[3.72587,46.49905],[3.73338,46.49837],[3.73619,46.50198],[3.75358,46.50207],[3.75895,46.50794],[3.7641,46.51298],[3.77014,46.51261],[3.78334,46.5187],[3.78529,46.52288],[3.78067,46.52836],[3.77762,46.53618],[3.7716,46.53892],[3.75449,46.53613],[3.74189,46.53911],[3.73393,46.54607],[3.73195,46.55151],[3.74098,46.5602]]]},"properties":{"code_territoire":"iris031000000","libelle_territoire":"Diou (commune non irisée)"}},
{"type":"Feature","geometry":{"type":"Polygon","coordinates":[[[2.57699,46.34981],[2.56203,46.34918],[2.54962,46.35384],[2.54045,46.35182],[2.52664,46.35206],[2.52139,46.35676],[2.5165,46.35685],[2.51492,46.3616],[2.50905,46.36316],[2.50986,46.3592],[2.50643,46.35784],[2.50819,46.35033],[2.50506,46.34519],[2.50652,46.34269],[2.52054,46.34036],[2.53493,46.33249],[2.53754,46.33316],[2.55031,46.3373],[2.57339,46.33831],[2.57003,46.3438],[2.57699,46.34981]]]},"properties":{"code_territoire":"iris031010101","libelle_territoire":"Banlieue"}},
{"type":"Feature","geometry":{"type":"Polygon","coordinates":[[[2.50905,46.36316],[2.51492,46.3616],[2.5165,46.35685],[2.52139,46.35676],[2.52664,46.35206],[2.54045,46.35182],[2.5371,46.35719],[2.54017,46.36038],[2.53226,46.36391],[2.53773,46.3699],[2.52754,46.37504],[2.52156,46.38493],[2.51682,46.38297],[2.51051,46.38064],[2.50621,46.38141],[2.50435,46.37931],[2.51147,46.36959],[2.51198,46.36405],[2.50905,46.36316]]]},"properties":{"code_territoire":"iris031010102","libelle_territoire":"Centre"}},
{"type":"Feature","geometry":{"type":"Polygon","coordinates":[[[2.58238,46.36041],[2.58728,46.3613],[2.58699,46.36511],[2.58797,46.37111],[2.58488,46.37541],[2.57321,46.37328],[2.56322,46.37818],[2.56546,46.38363],[2.57096,46.38494],[2.56844,46.39121],[2.57243,46.39473],[2.56395,46.39621],[2.534,46.40878],[2.52755,46.40723],[2.52173,46.39827],[2.52307,46.39187],[2.516,46.3894],[2.51682,46.38297],[2.52156,46.38493],[2.52754,46.37504],[2.53773,46.3699],[2.53226,46.36391],[2.54017,46.36038],[2.5371,46.35719],[2.54045,46.35182],[2.54962,46.35384],[2.56203,46.34918],[2.57699,46.34981],[2.57995,46.35134],[2.57713,46.35303],[2.58238,46.36041]]]},"properties":{"code_territoire":"iris031010103","libelle_territoire":"Campagne"}},
{"type":"Feature","geometry":{"type":"Polygon","coordinates":[[[3.61635,46.54584],[3.61712,46.54015],[3.61443,46.5377],[3.61896,46.53254],[3.62198,46.51501],[3.64477,46.51613],[3.64632,46.51195],[3.64376,46.51219],[3.6399,46.50819],[3.64707,46.51007],[3.64864,46.50451],[3.64261,46.50414],[3.63638,46.49735],[3.63109,46.49738],[3.64307,46.4948],[3.64208,46.49349],[3.64938,46.4938],[3.65221,46.49684],[3.65573,46.49365],[3.66243,46.49321],[3.66212,46.49596],[3.66573,46.49702],[3.67076,46.49393],[3.67254,46.49477],[3.67339,46.49221],[3.68557,46.49423],[3.69581,46.49072],[3.6964,46.49493],[3.7009,46.49552],[3.70365,46.49332],[3.71022,46.49608],[3.70413,46.49996],[3.708,46.50538],[3.69983,46.50923],[3.70484,46.5176],[3.71186,46.5228],[3.70742,46.52233],[3.71026,46.52934],[3.70456,46.53132],[3.70972,46.53833],[3.70574,46.54029],[3.70439,46.54689],[3.71138,46.5528],[3.71359,46.54978],[3.72535,46.5496],[3.72429,46.55156],[3.7371,46.56031],[3.74098,46.5602],[3.74302,46.56721],[3.74048,46.57593],[3.7351,46.57626],[3.7296,46.57253],[3.72274,46.57281],[3.71315,46.56888],[3.71342,46.57174],[3.70257,46.57206],[3.69794,46.56708],[3.68902,46.56784],[3.68918,46.56447],[3.68088,46.55775],[3.67995,46.55208],[3.67616,46.5512],[3.67344,46.54726],[3.6693,46.55072],[3.65771,46.55145],[3.65796,46.54861],[3.64688,46.5425],[3.64084,46.54607],[3.62652,46.54632],[3.62638,46.55035],[3.62132,46.55204],[3.61635,46.54584]]]},"properties":{"code_territoire":"iris031020000","libelle_territoire":"Dompierre-sur-Besbre (commune non irisée)"}},
{"type":"Feature","geometry":{"type":"Polygon","coordinates":[[[3.76815,46.36649],[3.76602,46.36373],[3.76887,46.36276],[3.7688,46.36008],[3.76212,46.35839],[3.76696,46.35693],[3.77041,46.34918],[3.75614,46.34265],[3.75302,46.34393],[3.74696,46.33968],[3.74494,46.32491],[3.74966,46.32504],[3.75457,46.33134],[3.76013,46.32976],[3.75931,46.3198],[3.76429,46.31862],[3.76584,46.31598],[3.77884,46.31718],[3.78526,46.31241],[3.79023,46.31632],[3.79352,46.31502],[3.81258,46.32128],[3.82212,46.32211],[3.83109,46.32812],[3.84001,46.33051],[3.84725,46.32925],[3.84827,46.33181],[3.84441,46.33754],[3.84646,46.33899],[3.84249,46.34609],[3.85661,46.35739],[3.84766,46.35698],[3.84487,46.35926],[3.8423,46.35771],[3.83087,46.36692],[3.82031,46.36236],[3.82181,46.3658],[3.81419,46.36669],[3.81292,46.3702],[3.82213,46.37675],[3.81539,46.37995],[3.813,46.38694],[3.80464,46.38384],[3.80492,46.38109],[3.79357,46.38062],[3.79496,46.37614],[3.78857,46.3771],[3.79343,46.37163],[3.80016,46.3762],[3.78947,46.36607],[3.7804,46.3698],[3.78037,46.36522],[3.77613,46.36166],[3.77392,46.36697],[3.76815,46.36649]]]},"properties":{"code_territoire":"iris031030000","libelle_territoire":"Le Donjon (commune non irisée)"}},
{"type":"Feature","geometry":{"type":"Polygon","coordinates":[[[2.74885,46.34418],[2.7486,46.33471],[2.75622,46.32795],[2.75304,46.32577],[2.75637,46.32346],[2.75521,46.31852],[2.76848,46.31533],[2.77511,46.31839],[2.77815,46.31603],[2.78799,46.31554],[2.79449,46.31884],[2.79902,46.32604],[2.80435,46.32726],[2.81304,46.33443],[2.82301,46.33601],[2.8317,46.33709],[2.83147,46.34286],[2.83718,46.34574],[2.84092,46.34494],[2.84122,46.35509],[2.82859,46.35702],[2.82544,46.36099],[2.82947,46.36419],[2.8269,46.36496],[2.83192,46.37368],[2.82596,46.37225],[2.82433,46.37472],[2.82147,46.36986],[2.81471,46.36969],[2.81135,46.36648],[2.79774,46.36185],[2.79692,46.36521],[2.79278,46.366],[2.79039,46.36337],[2.77454,46.35901],[2.75625,46.3595],[2.75706,46.3556],[2.75274,46.35258],[2.74885,46.34418]]]},"properties":{"code_territoire":"iris031040000","libelle_territoire":"Doyet (commune non irisée)"}},
{"type":"Feature","geometry":{"type":"Polygon","coordinates":[[[3.68371,46.24788],[3.69033,46.24506],[3.68241,46.24049],[3.67633,46.23257],[3.6774,46.22422],[3.67179,46.21586],[3.67693,46.21354],[3.70261,46.19712],[3.72186,46.20014],[3.72959,46.21721],[3.72797,46.22019],[3.73561,46.22306],[3.73598,46.22484],[3.7431,46.22425],[3.74515,46.23117],[3.7353,46.23551],[3.73089,46.24162],[3.72054,46.24288],[3.7149,46.24836],[3.70589,46.24788],[3.70007,46.25222],[3.69908,46.25944],[3.69531,46.26051],[3.68284,46.25835],[3.68507,46.25609],[3.68371,46.24788]]]},"properties":{"code_territoire":"iris031050000","libelle_territoire":"Droiturier (commune non irisée)"}},
{"type":"Feature","geometry":{"type":"Polygon","coordinates":[[[2.71394,46.2763],[2.7098,46.27251],[2.70321,46.27097],[2.68926,46.27282],[2.6767,46.27828],[2.6688,46.27195],[2.66171,46.27417],[2.66,46.26879],[2.66356,46.26481],[2.66207,46.26051],[2.65607,46.26102],[2.65254,46.25908],[2.66204,46.25954],[2.65648,46.25299],[2.66326,46.24562],[2.65348,46.24099],[2.65449,46.23549],[2.66067,46.23149],[2.66408,46.23168],[2.67419,46.23902],[2.6809,46.23533],[2.68593,46.23899],[2.6993,46.23961],[2.7049,46.23886],[2.7157,46.23261],[2.71713,46.23372],[2.72485,46.22902],[2.73427,46.23542],[2.73551,46.24263],[2.74089,46.24511],[2.73538,46.25168],[2.73016,46.26657],[2.72626,46.26822],[2.72387,46.2748],[2.72049,46.27551],[2.71394,46.2763]]]},"properties":{"code_territoire":"iris031060000","libelle_territoire":"Durdat-Larequille (commune non irisée)"}},
{"type":"Feature","geometry":{"type":"Polygon","coordinates":[[[3.06813,46.14069],[3.05113,46.13619],[3.03582,46.14307],[3.03324,46.14287],[3.02602,46.13345],[3.03774,46.12553],[3.0315,46.11985],[3.03392,46.11819],[3.03328,46.11175],[3.03905,46.10756],[3.04985,46.1002],[3.05943,46.10357],[3.06729,46.10291],[3.09111,46.11425],[3.09086,46.10507],[3.09563,46.10215],[3.10107,46.09344],[3.09821,46.08349],[3.10338,46.08129],[3.11382,46.08139],[3.11057,46.08261],[3.10835,46.08882],[3.10886,46.09615],[3.1105,46.09964],[3.11528,46.09722],[3.12198,46.09952],[3.12038,46.10569],[3.11639,46.10684],[3.11465,46.11019],[3.1209,46.11445],[3.11197,46.11496],[3.11151,46.12023],[3.11539,46.12178],[3.1124,46.12281],[3.10766,46.1238],[3.10515,46.12135],[3.10143,46.12175],[3.0985,46.12912],[3.08796,46.12984],[3.07856,46.1362],[3.07174,46.13693],[3.06813,46.14069]]]},"properties":{"code_territoire":"iris031070000","libelle_territoire":"Ébreuil (commune non irisée)"}},
{"type":"Feature","geometry":{"type":"Polygon","coordinates":[[[2.93616,46.22087],[2.93355,46.21852],[2.92633,46.21948],[2.92305,46.21578],[2.91455,46.21379],[2.91701,46.21177],[2.91317,46.21032],[2.9159,46.20807],[2.91226,46.20713],[2.9098,46.20324],[2.92073,46.19088],[2.9181,46.18503],[2.92119,46.18238],[2.91634,46.18151],[2.91263,46.17779],[2.91037,46.17851],[2.91555,46.17433],[2.92372,46.17481],[2.92725,46.17224],[2.93393,46.17224],[2.94369,46.16822],[2.95177,46.17109],[2.9579,46.17544],[2.97237,46.17834],[2.97627,46.185],[2.98283,46.18647],[2.97448,46.18953],[2.97853,46.19467],[2.98469,46.19689],[2.98292,46.20792],[2.97464,46.20904],[2.97197,46.20721],[2.96908,46.21019],[2.95976,46.21048],[2.95395,46.21518],[2.95611,46.22075],[2.95368,46.22771],[2.94961,46.22705],[2.94279,46.22024],[2.93616,46.22087]]]},"properties":{"code_territoire":"iris031080000","libelle_territoire":"Échassières (commune non irisée)"}},
{"type":"Feature","geometry":{"type":"Polygon","coordinates":[[[3.24247,46.12802],[3.27145,46.12645],[3.27958,46.12145],[3.28765,46.12422],[3.29296,46.13373],[3.29414,46.15195],[3.28276,46.15365],[3.28514,46.15657],[3.26844,46.15595],[3.27031,46.15888],[3.26728,46.15887],[3.26206,46.16467],[3.2604,46.16431],[3.24154,46.15084],[3.23972,46.14486],[3.24212,46.1447],[3.24223,46.13838],[3.24725,46.13714],[3.24247,46.12802]]]},"properties":{"code_territoire":"iris031090000","libelle_territoire":"Escurolles (commune non irisée)"}},
{"type":"Feature","geometry":{"type":"Polygon","coordinates":[[[3.34016,46.11416],[3.34507,46.11122],[3.35842,46.11407],[3.36777,46.12312],[3.37714,46.12549],[3.3798,46.1271],[3.37002,46.13292],[3.37123,46.13605],[3.36885,46.1372],[3.37143,46.13989],[3.36846,46.14262],[3.37367,46.1439],[3.37483,46.14749],[3.36864,46.15143],[3.34654,46.1376],[3.33835,46.14166],[3.33737,46.14622],[3.32705,46.14016],[3.3214,46.14289],[3.32112,46.14513],[3.30683,46.14056],[3.30904,46.13529],[3.29296,46.13373],[3.28765,46.12422],[3.29067,46.11983],[3.31058,46.11827],[3.31887,46.1126],[3.32995,46.11674],[3.33155,46.11318],[3.34016,46.11416]]]},"properties":{"code_territoire":"iris031100000","libelle_territoire":"Espinasse-Vozelle (commune non irisée)"}},
{"type":"Feature","geometry":{"type":"Polygon","coordinates":[[[2.63495,46.40223],[2.64286,46.40639],[2.64532,46.41124],[2.64365,46.41713],[2.63796,46.41949],[2.63754,46.42567],[2.64547,46.43149],[2.66144,46.43607],[2.65886,46.43988],[2.64739,46.436],[2.63475,46.43496],[2.62307,46.44547],[2.61705,46.44697],[2.61627,46.44534],[2.61015,46.44502],[2.61222,46.43934],[2.60768,46.44074],[2.60343,46.43794],[2.60587,46.43076],[2.59962,46.42412],[2.60619,46.42033],[2.60295,46.41577],[2.60394,46.41241],[2.60982,46.40889],[2.63257,46.40634],[2.63564,46.40483],[2.63495,46.40223]]]},"properties":{"code_territoire":"iris031110000","libelle_territoire":"Estivareilles (commune non irisée)"}},
{"type":"Feature","geometry":{"type":"Polygon","coordinates":[[[3.24133,46.243],[3.2404,46.24953],[3.23721,46.24662],[3.22916,46.25029],[3.22861,46.24339],[3.21684,46.24421],[3.21379,46.23549],[3.21087,46.23343],[3.20823,46.2355],[3.20483,46.2276],[3.20033,46.2216],[3.20842,46.22024],[3.19772,46.21122],[3.20315,46.20802],[3.20395,46.20146],[3.19811,46.19898],[3.20236,46.19539],[3.22011,46.1952],[3.22691,46.19702],[3.22923,46.19563],[3.23456,46.20177],[3.2415,46.20149],[3.24404,46.20687],[3.22651,46.20908],[3.22676,46.21214],[3.23028,46.21311],[3.22914,46.21765],[3.23352,46.21807],[3.22898,46.21852],[3.22826,46.22326],[3.23765,46.22403],[3.23651,46.22791],[3.2443,46.23421],[3.24125,46.23622],[3.24133,46.243]]]},"properties":{"code_territoire":"iris031120000","libelle_territoire":"Étroussat (commune non irisée)"}},
{"type":"Feature","geometry":{"type":"Polygon","coordinates":[[[3.61336,45.99748],[3.61577,45.99827],[3.61896,45.99488],[3.62408,45.99684],[3.62354,46.00078],[3.63091,46.00242],[3.6305,46.00014],[3.63283,45.99983],[3.64625,46.00056],[3.64785,45.9975],[3.6534,45.99804],[3.65704,45.99375],[3.66122,45.99334],[3.6642,45.99875],[3.6654,45.99742],[3.66736,45.99592],[3.67194,45.99848],[3.67115,46.00047],[3.68133,46.00423],[3.69126,45.99984],[3.6977,45.99356],[3.71206,45.99041],[3.70395,46.01037],[3.70501,46.01212],[3.70886,46.01126],[3.70676,46.0202],[3.7031,46.02219],[3.69864,46.02097],[3.69317,46.02935],[3.68011,46.03482],[3.67272,46.03345],[3.66816,46.03695],[3.67022,46.03831],[3.66863,46.04253],[3.64387,46.05064],[3.63946,46.04439],[3.62656,46.04514],[3.61648,46.0389],[3.61345,46.04358],[3.60035,46.04658],[3.59234,46.03808],[3.59354,46.03407],[3.5906,46.0354],[3.59321,46.02845],[3.58826,46.02431],[3.59232,46.02425],[3.59663,46.01762],[3.60034,46.01754],[3.60329,46.00814],[3.61268,46.0015],[3.61336,45.99748]]]},"properties":{"code_territoire":"iris031130000","libelle_territoire":"Ferrières-sur-Sichon (commune non irisée)"}},
{"type":"Feature","geometry":{"type":"Polygon","coordinates":[[[3.33751,46.35904],[3.33656,46.3694],[3.3399,46.36885],[3.33933,46.37239],[3.36205,46.37537],[3.35336,46.40375],[3.35583,46.42283],[3.35746,46.42796],[3.34983,46.42987],[3.32828,46.44111],[3.32377,46.42689],[3.3267,46.41633],[3.32419,46.40362],[3.31596,46.39381],[3.30826,46.38674],[3.30803,46.3801],[3.31595,46.37229],[3.30904,46.36956],[3.31022,46.36339],[3.32475,46.36267],[3.3317,46.36113],[3.33468,46.35832],[3.33751,46.35904]]]},"properties":{"code_territoire":"iris031140000","libelle_territoire":"La Ferté-Hauterive (commune non irisée)"}},
{"type":"Feature","geometry":{"type":"Polygon","coordinates":[[[3.17139,46.26195],[3.17313,46.25794],[3.18441,46.25739],[3.18671,46.2546],[3.2014,46.26284],[3.21366,46.26928],[3.2114,46.27264],[3.21567,46.28214],[3.2099,46.27977],[3.18681,46.28342],[3.18009,46.29116],[3.1809,46.29375],[3.17696,46.29512],[3.18099,46.29934],[3.16866,46.30788],[3.15519,46.31418],[3.14718,46.32463],[3.14333,46.32452],[3.14161,46.31975],[3.13403,46.32091],[3.13382,46.31063],[3.11896,46.30962],[3.10956,46.30492],[3.10938,46.30209],[3.11255,46.30117],[3.10942,46.30056],[3.11164,46.29681],[3.11557,46.29489],[3.11934,46.29814],[3.13467,46.28551],[3.13933,46.28451],[3.1351,46.27679],[3.14189,46.26618],[3.17139,46.26195]]]},"properties":{"code_territoire":"iris031150000","libelle_territoire":"Fleuriel (commune non irisée)"}},
{"type":"Feature","geometry":{"type":"Polygon","coordinates":[[[3.2014,46.26284],[3.18671,46.2546],[3.18234,46.25022],[3.17928,46.24008],[3.18137,46.23245],[3.18779,46.23148],[3.20483,46.2276],[3.20823,46.2355],[3.21087,46.23343],[3.21379,46.23549],[3.21684,46.24421],[3.2126,46.2465],[3.21043,46.25193],[3.20203,46.25436],[3.20582,46.25808],[3.2014,46.26284]]]},"properties":{"code_territoire":"iris031160000","libelle_territoire":"Fourilles (commune non irisée)"}},
{"type":"Feature","geometry":{"type":"Polygon","coordinates":[[[2.99,46.66916],[2.98905,46.66632],[2.99326,46.6636],[2.98899,46.66118],[2.98986,46.65826],[2.9936,46.65694],[2.99599,46.65213],[2.99451,46.65042],[2.98986,46.65196],[2.98727,46.65029],[2.98984,46.6455],[2.98744,46.64132],[2.99693,46.63693],[2.99855,46.63162],[3.00621,46.6295],[3.01285,46.62359],[3.00776,46.62174],[3.01619,46.61851],[3.00421,46.61146],[3.01386,46.61013],[3.00795,46.60598],[3.01613,46.60203],[3.02188,46.60293],[3.0291,46.60972],[3.02595,46.61411],[3.03745,46.61403],[3.04076,46.61529],[3.03819,46.62114],[3.04383,46.62143],[3.04731,46.61937],[3.05727,46.62226],[3.05789,46.62407],[3.07534,46.61668],[3.09267,46.61626],[3.09303,46.61647],[3.09498,46.61986],[3.0891,46.62019],[3.08968,46.62285],[3.08554,46.62214],[3.08188,46.62848],[3.08745,46.6339],[3.08033,46.63639],[3.07913,46.64004],[3.08263,46.64326],[3.08395,46.6564],[3.07127,46.6643],[3.06597,46.66735],[3.05684,46.66177],[3.05672,46.66338],[3.04421,46.66708],[3.03402,46.67222],[3.03064,46.68241],[3.02059,46.68149],[3.01893,46.67719],[3.01194,46.67843],[3.0058,46.67706],[3.00692,46.67012],[3.00016,46.66797],[2.99874,46.6653],[2.99229,46.66982],[2.99,46.66916]]]},"properties":{"code_territoire":"iris031170000","libelle_territoire":"Franchesse (commune non irisée)"}},
{"type":"Feature","geometry":{"type":"Polygon","coordinates":[[[3.20708,46.0728],[3.20619,46.08883],[3.20771,46.09084],[3.21521,46.09217],[3.21614,46.09876],[3.21824,46.09904],[3.2139,46.1013],[3.2147,46.10392],[3.21183,46.10352],[3.20818,46.10657],[3.20627,46.10541],[3.20407,46.10778],[3.19533,46.10049],[3.19815,46.09813],[3.20296,46.0726],[3.20708,46.0728]]]},"properties":{"code_territoire":"iris031180101","libelle_territoire":"Centre-Est"}},
{"type":"Feature","geometry":{"type":"Polygon","coordinates":[[[3.2056,46.12437],[3.20072,46.12458],[3.19715,46.11914],[3.19207,46.11995],[3.19108,46.1176],[3.18823,46.11967],[3.1666,46.11979],[3.15433,46.11512],[3.14652,46.10845],[3.1209,46.11445],[3.11465,46.11019],[3.11639,46.10684],[3.12038,46.10569],[3.12198,46.09952],[3.11528,46.09722],[3.1105,46.09964],[3.10886,46.09615],[3.10835,46.08882],[3.11057,46.08261],[3.11382,46.08139],[3.11835,46.07855],[3.14995,46.08686],[3.16282,46.08698],[3.17612,46.09082],[3.17811,46.08121],[3.17389,46.07335],[3.17955,46.07356],[3.18466,46.07509],[3.20296,46.0726],[3.19815,46.09813],[3.19533,46.10049],[3.20407,46.10778],[3.20627,46.10541],[3.20818,46.10657],[3.21183,46.10352],[3.2147,46.10392],[3.2139,46.1013],[3.21824,46.09904],[3.21614,46.09876],[3.21521,46.09217],[3.20771,46.09084],[3.20619,46.08883],[3.20708,46.0728],[3.21445,46.07492],[3.21167,46.07801],[3.21854,46.08035],[3.22896,46.0791],[3.23236,46.08428],[3.23318,46.0935],[3.22794,46.10058],[3.22537,46.1108],[3.22243,46.1129],[3.2324,46.12218],[3.22948,46.12529],[3.2056,46.12437]]]},"properties":{"code_territoire":"iris031180102","libelle_territoire":"Centre-Ouest et Extérieurs"}},
{"type":"Feature","geometry":{"type":"Polygon","coordinates":[[[3.5653,46.68033],[3.59186,46.69421],[3.59031,46.69955],[3.60181,46.69929],[3.61433,46.68994],[3.61347,46.68829],[3.62856,46.69139],[3.62363,46.70531],[3.62654,46.71166],[3.63764,46.70748],[3.63695,46.72557],[3.62259,46.74013],[3.6294,46.74959],[3.62078,46.7543],[3.6019,46.75137],[3.59722,46.75584],[3.59785,46.76215],[3.5925,46.76298],[3.58853,46.76134],[3.58484,46.75404],[3.57565,46.74971],[3.58496,46.7445],[3.58443,46.73995],[3.5981,46.728],[3.59792,46.72435],[3.57718,46.71505],[3.57679,46.72301],[3.57154,46.72084],[3.57421,46.71624],[3.56886,46.71543],[3.55967,46.71663],[3.55753,46.72037],[3.5477,46.72261],[3.55032,46.71589],[3.5481,46.70623],[3.56095,46.68888],[3.55409,46.68474],[3.5653,46.68033]]]},"properties":{"code_territoire":"iris031190000","libelle_territoire":"Gannay-sur-Loire (commune non irisée)"}},
{"type":"Feature","geometry":{"type":"Polygon","coordinates":[[[3.64603,46.65418],[3.63671,46.64929],[3.63743,46.63374],[3.62636,46.62735],[3.62686,46.62406],[3.63472,46.61949],[3.63756,46.62042],[3.6373,46.61569],[3.64338,46.61502],[3.6611,46.61853],[3.66302,46.61654],[3.67973,46.62306],[3.68465,46.62313],[3.68546,46.62508],[3.69822,46.62489],[3.71631,46.63109],[3.70998,46.63429],[3.69961,46.65191],[3.67176,46.64735],[3.66964,46.64975],[3.65942,46.65126],[3.65167,46.64955],[3.65416,46.65272],[3.64603,46.65418]]]},"properties":{"code_territoire":"iris031200000","libelle_territoire":"Garnat-sur-Engièvre (commune non irisée)"}},
{"type":"Feature","geometry":{"type":"Polygon","coordinates":[[[3.44208,46.662],[3.42503,46.64932],[3.40666,46.65091],[3.39499,46.64974],[3.38339,46.65742],[3.3825,46.66122],[3.38526,46.66151],[3.37878,46.66412],[3.37232,46.65938],[3.36961,46.65975],[3.36755,46.65656],[3.37279,46.65257],[3.37354,46.64712],[3.36493,46.63635],[3.3568,46.63153],[3.35054,46.62059],[3.35339,46.61142],[3.3584,46.60928],[3.35875,46.60409],[3.35856,46.60229],[3.36296,46.60504],[3.36819,46.60501],[3.37064,46.60264],[3.37812,46.60542],[3.38229,46.59936],[3.39062,46.59661],[3.39525,46.59867],[3.39765,46.59583],[3.39553,46.5906],[3.39969,46.59145],[3.42206,46.61331],[3.44008,46.62003],[3.44719,46.61951],[3.4531,46.62641],[3.46496,46.63313],[3.46254,46.64598],[3.45531,46.65244],[3.45186,46.6585],[3.44208,46.662]]]},"properties":{"code_territoire":"iris031210000","libelle_territoire":"Gennetines (commune non irisée)"}},
{"type":"Feature","geometry":{"type":"Polygon","coordinates":[[[3.05356,46.47489],[3.05958,46.46765],[3.06414,46.4706],[3.0698,46.4686],[3.07434,46.46803],[3.07544,46.47542],[3.0814,46.4828],[3.08239,46.48457],[3.07351,46.49085],[3.07868,46.50579],[3.07373,46.50778],[3.08051,46.51943],[3.0781,46.52494],[3.06766,46.53167],[3.06267,46.5383],[3.06787,46.54927],[3.05334,46.54565],[3.03818,46.54427],[3.03086,46.53961],[3.02257,46.53814],[3.01811,46.51439],[3.01956,46.51018],[3.01677,46.50293],[3.02306,46.50402],[3.02719,46.49895],[3.03323,46.49789],[3.03525,46.49033],[3.04693,46.49214],[3.04944,46.48894],[3.05622,46.48711],[3.05115,46.47857],[3.05356,46.47489]]]},"properties":{"code_territoire":"iris031220000","libelle_territoire":"Gipcy (commune non irisée)"}},
{"type":"Feature","geometry":{"type":"Polygon","coordinates":[[[3.47116,46.38381],[3.48377,46.38831],[3.4848,46.39222],[3.47216,46.39957],[3.46814,46.40523],[3.4774,46.40759],[3.47429,46.41366],[3.46802,46.41794],[3.46788,46.4205],[3.47203,46.42294],[3.47124,46.42591],[3.46414,46.42653],[3.46071,46.42251],[3.45364,46.42165],[3.44618,46.42601],[3.44399,46.43364],[3.43197,46.43365],[3.42909,46.43613],[3.42371,46.43376],[3.42021,46.43715],[3.41595,46.43603],[3.41357,46.43073],[3.40381,46.42675],[3.40079,46.42276],[3.39014,46.42271],[3.37978,46.41998],[3.38497,46.41579],[3.38786,46.41253],[3.39783,46.41389],[3.4129,46.40995],[3.40597,46.3969],[3.42566,46.39864],[3.43122,46.39621],[3.44166,46.39554],[3.44702,46.38765],[3.45131,46.38903],[3.46437,46.38338],[3.47116,46.38381]]]},"properties":{"code_territoire":"iris031240000","libelle_territoire":"Gouise (commune non irisée)"}},
{"type":"Feature","geometry":{"type":"Polygon","coordinates":[[[3.66668,45.96122],[3.67347,45.9677],[3.67117,45.9667],[3.6672,45.98067],[3.66024,45.98515],[3.6654,45.99742],[3.6642,45.99875],[3.66122,45.99334],[3.65704,45.99375],[3.6534,45.99804],[3.64785,45.9975],[3.64625,46.00056],[3.63283,45.99983],[3.6305,46.00014],[3.63091,46.00242],[3.62354,46.00078],[3.62408,45.99684],[3.61896,45.99488],[3.61577,45.99827],[3.61336,45.99748],[3.6254,45.98586],[3.63049,45.97505],[3.62823,45.97111],[3.63113,45.96904],[3.632,45.96101],[3.64147,45.96683],[3.6461,45.96358],[3.66668,45.96122]]]},"properties":{"code_territoire":"iris031250000","libelle_territoire":"La Guillermie (commune non irisée)"}},
{"type":"Feature","geometry":{"type":"Polygon","coordinates":[[[3.4613,46.079],[3.45568,46.08637],[3.44065,46.09692],[3.43484,46.08736],[3.42168,46.09055],[3.41785,46.08493],[3.42588,46.07504],[3.4196,46.07442],[3.42552,46.06601],[3.42829,46.0661],[3.43455,46.0606],[3.44333,46.05971],[3.4532,46.06388],[3.4485,46.069],[3.4613,46.079]]]},"properties":{"code_territoire":"iris031260000","libelle_territoire":"Hauterive (commune non irisée)"}},
{"type":"Feature","geometry":{"type":"Polygon","coordinates":[[[2.77627,46.51183],[2.7712,46.51288],[2.77309,46.51542],[2.76832,46.51893],[2.77094,46.52285],[2.7699,46.53056],[2.76674,46.53206],[2.76617,46.52744],[2.75747,46.52076],[2.74808,46.5232],[2.74722,46.52637],[2.74459,46.5267],[2.74398,46.52479],[2.73892,46.53021],[2.74098,46.5352],[2.72549,46.52605],[2.71623,46.53772],[2.71463,46.53526],[2.70967,46.53866],[2.71132,46.54121],[2.70354,46.54375],[2.69754,46.53838],[2.69362,46.54099],[2.68943,46.53979],[2.68958,46.54633],[2.68545,46.54473],[2.68392,46.54679],[2.67263,46.547],[2.66998,46.55026],[2.67558,46.55336],[2.67266,46.55457],[2.66918,46.55191],[2.66795,46.55438],[2.66588,46.55277],[2.65058,46.53438],[2.65265,46.52792],[2.65821,46.52274],[2.65816,46.51639],[2.6622,46.51733],[2.66804,46.52631],[2.67729,46.52215],[2.67716,46.52022],[2.68216,46.52101],[2.68925,46.51303],[2.6758,46.50791],[2.68649,46.5092],[2.67914,46.50486],[2.68272,46.50365],[2.67768,46.50328],[2.68254,46.49596],[2.68673,46.49762],[2.68726,46.49347],[2.69393,46.4991],[2.6957,46.4977],[2.7001,46.49982],[2.72212,46.50064],[2.72533,46.49429],[2.73193,46.49351],[2.74187,46.49839],[2.7446,46.49436],[2.75959,46.497],[2.75998,46.50378],[2.76447,46.50507],[2.76591,46.50797],[2.76664,46.50633],[2.77173,46.50689],[2.77627,46.51183]]]},"properties":{"code_territoire":"iris031270000","libelle_territoire":"Hérisson (commune non irisée)"}},
{"type":"Feature","geometry":{"type":"Polygon","coordinates":[[[2.50506,46.34519],[2.50819,46.35033],[2.50643,46.35784],[2.50986,46.3592],[2.50905,46.36316],[2.51198,46.36405],[2.51147,46.36959],[2.50435,46.37931],[2.50621,46.38141],[2.51051,46.38064],[2.51682,46.38297],[2.516,46.3894],[2.52307,46.39187],[2.52173,46.39827],[2.52755,46.40723],[2.51656,46.40486],[2.51605,46.413],[2.507,46.4168],[2.49072,46.40619],[2.47432,46.40117],[2.45876,46.39494],[2.43971,46.39599],[2.43477,46.39343],[2.43528,46.38862],[2.44132,46.38528],[2.43819,46.38236],[2.44125,46.38267],[2.44371,46.37876],[2.43734,46.37615],[2.44087,46.37048],[2.43872,46.36676],[2.44536,46.35658],[2.44828,46.3568],[2.44873,46.35311],[2.45712,46.35661],[2.46971,46.34666],[2.48786,46.34446],[2.48638,46.33946],[2.49072,46.33925],[2.49674,46.33465],[2.50506,46.34519]]]},"properties":{"code_territoire":"iris031280000","libelle_territoire":"Huriel (commune non irisée)"}},
{"type":"Feature","geometry":{"type":"Polygon","coordinates":[[[2.8192,46.2419],[2.82703,46.2421],[2.83817,46.25139],[2.84535,46.24855],[2.85989,46.25659],[2.86122,46.25892],[2.85264,46.26038],[2.854,46.26527],[2.84857,46.27024],[2.85133,46.27243],[2.85166,46.27105],[2.85556,46.27167],[2.85738,46.27779],[2.86215,46.28037],[2.83889,46.28278],[2.84174,46.28664],[2.83433,46.29271],[2.83596,46.29449],[2.83153,46.29708],[2.83255,46.30022],[2.81676,46.30146],[2.81013,46.29864],[2.80562,46.29894],[2.80466,46.29676],[2.79904,46.29874],[2.79438,46.29116],[2.81137,46.28043],[2.79993,46.2749],[2.80295,46.27177],[2.80843,46.27151],[2.81292,46.26859],[2.8136,46.24736],[2.81634,46.24506],[2.8192,46.2419]]]},"properties":{"code_territoire":"iris031290000","libelle_territoire":"Hyds (commune non irisée)"}},
{"type":"Feature","geometry":{"type":"Polygon","coordinates":[[[2.75852,46.71766],[2.75574,46.71335],[2.7599,46.71068],[2.75964,46.70468],[2.75535,46.70519],[2.75282,46.69987],[2.74814,46.69897],[2.74203,46.70157],[2.73333,46.69818],[2.73242,46.69085],[2.71875,46.68786],[2.70464,46.68396],[2.74477,46.64971],[2.79828,46.66335],[2.81395,46.66167],[2.82243,46.664],[2.82148,46.66829],[2.8327,46.6725],[2.84781,46.67805],[2.83799,46.6937],[2.84181,46.69897],[2.82608,46.70381],[2.81513,46.6997],[2.79042,46.7012],[2.78604,46.70503],[2.77947,46.70624],[2.77892,46.71301],[2.77473,46.71894],[2.77023,46.72345],[2.75852,46.71766]]]},"properties":{"code_territoire":"iris031300000","libelle_territoire":"Isle-et-Bardais (commune non irisée)"}},
{"type":"Feature","geometry":{"type":"Polygon","coordinates":[[[3.58854,46.12405],[3.5958,46.12212],[3.60856,46.12791],[3.61162,46.12947],[3.63132,46.12696],[3.63957,46.12828],[3.64511,46.13587],[3.65548,46.13184],[3.65843,46.13712],[3.6548,46.14769],[3.64519,46.15398],[3.64338,46.16218],[3.6329,46.16971],[3.62756,46.17853],[3.63021,46.18874],[3.63453,46.19363],[3.62394,46.19548],[3.60646,46.18742],[3.59914,46.17129],[3.5865,46.1603],[3.59014,46.15329],[3.59034,46.14654],[3.58722,46.14169],[3.5921,46.13668],[3.58854,46.12405]]]},"properties":{"code_territoire":"iris031310000","libelle_territoire":"Isserpent (commune non irisée)"}},
{"type":"Feature","geometry":{"type":"Polygon","coordinates":[[[3.61836,46.36852],[3.61108,46.38816],[3.60024,46.39428],[3.59462,46.38461],[3.58662,46.38652],[3.58515,46.38492],[3.57778,46.38498],[3.56913,46.38812],[3.56146,46.3884],[3.56018,46.38636],[3.5528,46.38332],[3.56049,46.3763],[3.5588,46.37349],[3.56499,46.3737],[3.56564,46.37072],[3.56893,46.36992],[3.58078,46.36982],[3.5797,46.3665],[3.59426,46.36358],[3.60488,46.36652],[3.61229,46.36454],[3.61836,46.36852]]]},"properties":{"code_territoire":"iris031320000","libelle_territoire":"Jaligny-sur-Besbre (commune non irisée)"}},
{"type":"Feature","geometry":{"type":"Polygon","coordinates":[[[3.16844,46.16126],[3.17126,46.15252],[3.17458,46.14772],[3.18083,46.14717],[3.18102,46.14401],[3.19343,46.14439],[3.21161,46.1453],[3.21931,46.15168],[3.22459,46.16623],[3.23337,46.16804],[3.22969,46.17294],[3.23139,46.17376],[3.22732,46.17431],[3.22398,46.17097],[3.21568,46.16938],[3.20662,46.17339],[3.20109,46.17137],[3.19103,46.17725],[3.17976,46.17306],[3.16844,46.16126]]]},"properties":{"code_territoire":"iris031330000","libelle_territoire":"Jenzat (commune non irisée)"}},
{"type":"Feature","geometry":{"type":"Polygon","coordinates":[[[3.16866,46.30788],[3.17831,46.31428],[3.17835,46.31725],[3.18191,46.31771],[3.18787,46.3234],[3.18664,46.32692],[3.19589,46.33183],[3.19593,46.33801],[3.20279,46.35007],[3.20071,46.35267],[3.21394,46.35872],[3.20572,46.36744],[3.20213,46.36778],[3.20306,46.37057],[3.19856,46.37367],[3.18369,46.37717],[3.17928,46.3778],[3.17762,46.37551],[3.16065,46.36955],[3.16729,46.36674],[3.16577,46.36062],[3.15824,46.35676],[3.1566,46.35178],[3.15306,46.34992],[3.15383,46.34744],[3.14464,46.34287],[3.14473,46.33949],[3.14751,46.33879],[3.14333,46.32452],[3.14718,46.32463],[3.15519,46.31418],[3.16866,46.30788]]]},"properties":{"code_territoire":"iris031340000","libelle_territoire":"Laféline (commune non irisée)"}},
{"type":"Feature","geometry":{"type":"Polygon","coordinates":[[[3.03082,46.18329],[3.00085,46.18977],[2.98283,46.18647],[2.97627,46.185],[2.97237,46.17834],[2.9579,46.17544],[2.96395,46.17468],[2.98396,46.16434],[2.98239,46.1604],[2.98945,46.14717],[2.99631,46.1451],[2.99896,46.14085],[3.00819,46.13684],[3.02602,46.13345],[3.03324,46.14287],[3.03582,46.14307],[3.03643,46.14652],[3.03251,46.14788],[3.03255,46.15098],[3.02916,46.15314],[3.03326,46.15588],[3.04175,46.15707],[3.0386,46.1609],[3.03909,46.16632],[3.04381,46.17124],[3.04411,46.17509],[3.04006,46.17822],[3.03082,46.18329]]]},"properties":{"code_territoire":"iris031350000","libelle_territoire":"Lalizolle (commune non irisée)"}},
{"type":"Feature","geometry":{"type":"Polygon","coordinates":[[[2.44303,46.295],[2.45433,46.30398],[2.46698,46.30493],[2.46652,46.30905],[2.46202,46.31325],[2.45833,46.3204],[2.45491,46.32027],[2.45008,46.31766],[2.44142,46.31753],[2.44017,46.31441],[2.42972,46.30904],[2.42065,46.31418],[2.42047,46.31013],[2.42117,46.30145],[2.41578,46.29992],[2.41422,46.29691],[2.42168,46.28423],[2.42746,46.28363],[2.4326,46.29563],[2.4362,46.29263],[2.44303,46.295]]]},"properties":{"code_territoire":"iris031360000","libelle_territoire":"Lamaids (commune non irisée)"}},
{"type":"Feature","geometry":{"type":"Polygon","coordinates":[[[3.47127,46.29469],[3.4724,46.28801],[3.45893,46.28067],[3.45678,46.28341],[3.44123,46.28325],[3.43922,46.27785],[3.44136,46.2663],[3.44419,46.26785],[3.44441,46.26571],[3.45046,46.26654],[3.45421,46.26225],[3.45835,46.26517],[3.46131,46.26032],[3.47004,46.25826],[3.48145,46.25895],[3.48011,46.2662],[3.48132,46.27181],[3.47348,46.27837],[3.47442,46.28914],[3.47865,46.2898],[3.47127,46.29469]]]},"properties":{"code_territoire":"iris031370000","libelle_territoire":"Langy (commune non irisée)"}},
{"type":"Feature","geometry":{"type":"Polygon","coordinates":[[[3.66822,46.24962],[3.67173,46.25439],[3.66813,46.25625],[3.66886,46.26096],[3.65829,46.26527],[3.66342,46.26805],[3.66418,46.27347],[3.69463,46.28109],[3.7007,46.28954],[3.69867,46.2925],[3.68041,46.29596],[3.66633,46.29424],[3.65656,46.29878],[3.65486,46.30222],[3.65179,46.2982],[3.63849,46.29176],[3.61849,46.28688],[3.61618,46.2792],[3.61945,46.27325],[3.60688,46.27003],[3.59991,46.25881],[3.60687,46.25662],[3.59175,46.23333],[3.5939,46.23047],[3.58974,46.2278],[3.59229,46.2204],[3.61134,46.22468],[3.61846,46.23081],[3.63197,46.23596],[3.63663,46.24074],[3.63589,46.24445],[3.64306,46.24945],[3.66822,46.24962]]]},"properties":{"code_territoire":"iris031380000","libelle_territoire":"Lapalisse (commune non irisée)"}},
{"type":"Feature","geometry":{"type":"Polygon","coordinates":[[[3.70886,46.01126],[3.70501,46.01212],[3.70395,46.01037],[3.71206,45.99041],[3.72182,45.98626],[3.71506,45.98083],[3.70576,45.9807],[3.70971,45.97423],[3.72232,45.97273],[3.72641,45.96987],[3.74211,45.96588],[3.75398,45.97174],[3.75618,45.98312],[3.76334,45.97942],[3.76507,45.97602],[3.77394,45.97685],[3.77805,45.97344],[3.77635,45.97159],[3.78795,45.97318],[3.79878,45.9842],[3.80534,45.98336],[3.81201,45.98624],[3.82379,45.98736],[3.82258,45.99259],[3.83207,45.99966],[3.82595,46.00033],[3.82455,46.00636],[3.81934,46.00163],[3.81327,46.00328],[3.80888,46.01453],[3.8022,46.02232],[3.79916,46.01962],[3.80006,46.01609],[3.79827,46.0177],[3.78807,46.01769],[3.78029,46.01265],[3.77332,46.0127],[3.7599,46.00401],[3.74563,46.00881],[3.73351,46.00813],[3.72888,46.01356],[3.72154,46.01575],[3.70886,46.01126]]]},"properties":{"code_territoire":"iris031390000","libelle_territoire":"Laprugne (commune non irisée)"}},
{"type":"Feature","geometry":{"type":"Polygon","coordinates":[[[2.63743,46.3066],[2.62905,46.31706],[2.6266,46.31828],[2.60614,46.31718],[2.59902,46.32253],[2.59508,46.31988],[2.58372,46.31873],[2.57323,46.31313],[2.57098,46.30495],[2.57247,46.29612],[2.58512,46.30117],[2.59,46.29895],[2.59855,46.30382],[2.60081,46.30331],[2.6002,46.29655],[2.60594,46.2967],[2.6143,46.30202],[2.63743,46.3066]]]},"properties":{"code_territoire":"iris031400000","libelle_territoire":"Lavault-Sainte-Anne (commune non irisée)"}},
{"type":"Feature","geometry":{"type":"Polygon","coordinates":[[[3.66668,45.96122],[3.67685,45.95805],[3.6817,45.951],[3.67691,45.94955],[3.68273,45.94077],[3.69402,45.93073],[3.69106,45.94066],[3.69405,45.95],[3.69982,45.95078],[3.70581,45.95659],[3.702,45.96197],[3.7013,45.96989],[3.70722,45.9702],[3.70971,45.97423],[3.70576,45.9807],[3.71506,45.98083],[3.72182,45.98626],[3.71206,45.99041],[3.6977,45.99356],[3.69126,45.99984],[3.68133,46.00423],[3.67115,46.00047],[3.67194,45.99848],[3.66736,45.99592],[3.6654,45.99742],[3.66024,45.98515],[3.6672,45.98067],[3.67117,45.9667],[3.67347,45.9677],[3.66668,45.96122]]]},"properties":{"code_territoire":"iris031410000","libelle_territoire":"Lavoine (commune non irisée)"}},
{"type":"Feature","geometry":{"type":"Polygon","coordinates":[[[3.87286,46.28674],[3.86604,46.29858],[3.87338,46.30558],[3.87696,46.31928],[3.86264,46.31658],[3.85768,46.32253],[3.86236,46.32644],[3.85966,46.32581],[3.85715,46.33105],[3.84725,46.32925],[3.84001,46.33051],[3.83109,46.32812],[3.82212,46.32211],[3.81258,46.32128],[3.79352,46.31502],[3.79023,46.31632],[3.78526,46.31241],[3.78285,46.3109],[3.78409,46.30484],[3.78984,46.3036],[3.7855,46.29663],[3.79784,46.2829],[3.81626,46.2838],[3.82105,46.28012],[3.8375,46.28165],[3.84289,46.28034],[3.85659,46.28332],[3.8608,46.28946],[3.87286,46.28674]]]},"properties":{"code_territoire":"iris031420000","libelle_territoire":"Lenax (commune non irisée)"}},
{"type":"Feature","geometry":{"type":"Polygon","coordinates":[[[2.593,46.64656],[2.5957,46.64499],[2.60523,46.64708],[2.62418,46.65609],[2.62381,46.6567],[2.61717,46.66109],[2.60714,46.66061],[2.60591,46.67137],[2.59734,46.66474],[2.59339,46.66664],[2.5706,46.65916],[2.56669,46.65333],[2.56903,46.65117],[2.593,46.64656]]]},"properties":{"code_territoire":"iris031430000","libelle_territoire":"Lételon (commune non irisée)"}},
{"type":"Feature","geometry":{"type":"Polygon","coordinates":[[[3.813,46.38694],[3.81842,46.40108],[3.81605,46.40832],[3.82011,46.40874],[3.81505,46.41953],[3.80061,46.41974],[3.79649,46.41388],[3.79074,46.41296],[3.78921,46.41661],[3.7963,46.42365],[3.78864,46.42194],[3.78724,46.42903],[3.78507,46.42707],[3.77787,46.4289],[3.76945,46.42192],[3.75518,46.42376],[3.75142,46.42921],[3.74679,46.42989],[3.74652,46.42474],[3.73892,46.42378],[3.73799,46.42073],[3.73224,46.42127],[3.72621,46.41717],[3.72301,46.40972],[3.71715,46.40434],[3.7171,46.39728],[3.72155,46.39318],[3.72047,46.38896],[3.72379,46.389],[3.72397,46.3857],[3.7317,46.38617],[3.73422,46.38143],[3.74868,46.37606],[3.74845,46.37405],[3.75499,46.37148],[3.75599,46.3659],[3.75737,46.37119],[3.76303,46.37231],[3.76306,46.3694],[3.76815,46.36649],[3.77392,46.36697],[3.77613,46.36166],[3.78037,46.36522],[3.7804,46.3698],[3.78947,46.36607],[3.80016,46.3762],[3.79343,46.37163],[3.78857,46.3771],[3.79496,46.37614],[3.79357,46.38062],[3.80492,46.38109],[3.80464,46.38384],[3.813,46.38694]]]},"properties":{"code_territoire":"iris031440000","libelle_territoire":"Liernolles (commune non irisée)"}},
{"type":"Feature","geometry":{"type":"Polygon","coordinates":[[[2.57231,46.26203],[2.57041,46.27032],[2.57811,46.27266],[2.57659,46.27478],[2.58184,46.27704],[2.58279,46.28171],[2.58825,46.28265],[2.59637,46.2918],[2.6002,46.29655],[2.60081,46.30331],[2.59855,46.30382],[2.59,46.29895],[2.58512,46.30117],[2.57247,46.29612],[2.56755,46.29618],[2.56327,46.2933],[2.56073,46.29522],[2.55744,46.29208],[2.54133,46.28632],[2.53096,46.2781],[2.54721,46.27427],[2.54458,46.26959],[2.55575,46.26655],[2.55994,46.26288],[2.56688,46.25939],[2.57231,46.26203]]]},"properties":{"code_territoire":"iris031450000","libelle_territoire":"Lignerolles (commune non irisée)"}},
{"type":"Feature","geometry":{"type":"Polygon","coordinates":[[[3.03064,46.68241],[3.03402,46.67222],[3.04421,46.66708],[3.05672,46.66338],[3.05684,46.66177],[3.06597,46.66735],[3.07127,46.6643],[3.07768,46.67077],[3.07652,46.68847],[3.07061,46.69497],[3.06674,46.69528],[3.0635,46.70206],[3.05836,46.70528],[3.0634,46.70947],[3.06221,46.71301],[3.05009,46.71336],[3.05509,46.69834],[3.04967,46.6988],[3.04511,46.69677],[3.03744,46.69884],[3.03712,46.69497],[3.02959,46.6924],[3.03064,46.68241]]]},"properties":{"code_territoire":"iris031460000","libelle_territoire":"Limoise (commune non irisée)"}},
{"type":"Feature","geometry":{"type":"Polygon","coordinates":[[[3.73823,46.2688],[3.7449,46.27319],[3.75121,46.26977],[3.75993,46.27151],[3.77557,46.26739],[3.77523,46.27039],[3.79053,46.27661],[3.79692,46.27723],[3.7949,46.27906],[3.79784,46.2829],[3.7855,46.29663],[3.78984,46.3036],[3.78409,46.30484],[3.78285,46.3109],[3.78526,46.31241],[3.77884,46.31718],[3.76584,46.31598],[3.76429,46.31862],[3.75931,46.3198],[3.76013,46.32976],[3.75457,46.33134],[3.74966,46.32504],[3.74494,46.32491],[3.74501,46.31717],[3.73898,46.3145],[3.73635,46.31617],[3.73218,46.30398],[3.7381,46.29813],[3.72864,46.29451],[3.72816,46.28457],[3.7319,46.28228],[3.73823,46.2688]]]},"properties":{"code_territoire":"iris031470000","libelle_territoire":"Loddes (commune non irisée)"}},
{"type":"Feature","geometry":{"type":"Polygon","coordinates":[[[3.33232,46.28063],[3.32704,46.27789],[3.32711,46.27474],[3.31924,46.27378],[3.31739,46.268],[3.31024,46.26701],[3.30714,46.25923],[3.31298,46.2554],[3.32223,46.25708],[3.3226,46.25517],[3.32904,46.25382],[3.32637,46.26035],[3.33314,46.26365],[3.36496,46.25318],[3.36716,46.2507],[3.36804,46.2535],[3.3769,46.25338],[3.37378,46.25821],[3.36022,46.2687],[3.35484,46.28001],[3.34855,46.27994],[3.34252,46.28263],[3.33775,46.27757],[3.33232,46.28063]]]},"properties":{"code_territoire":"iris031480000","libelle_territoire":"Loriges (commune non irisée)"}},
{"type":"Feature","geometry":{"type":"Polygon","coordinates":[[[3.24665,46.2972],[3.25376,46.29993],[3.26135,46.30309],[3.25828,46.30523],[3.271,46.30887],[3.27061,46.31178],[3.26192,46.3149],[3.2504,46.31766],[3.2439,46.31817],[3.24149,46.3151],[3.23103,46.31277],[3.2252,46.30798],[3.22106,46.30193],[3.22893,46.30076],[3.23441,46.30059],[3.23945,46.29764],[3.24133,46.29975],[3.24665,46.2972]]]},"properties":{"code_territoire":"iris031490000","libelle_territoire":"Louchy-Montfand (commune non irisée)"}},
{"type":"Feature","geometry":{"type":"Polygon","coordinates":[[[2.89695,46.52794],[2.89735,46.53534],[2.8917,46.53964],[2.88558,46.55174],[2.87999,46.55415],[2.87338,46.55345],[2.86111,46.5578],[2.86159,46.55952],[2.85068,46.55992],[2.83532,46.56391],[2.81731,46.55963],[2.81634,46.55383],[2.82182,46.54753],[2.81745,46.54916],[2.80712,46.54787],[2.81163,46.53479],[2.80761,46.5297],[2.80054,46.52725],[2.79443,46.52986],[2.78644,46.52799],[2.78229,46.52962],[2.77094,46.52285],[2.76832,46.51893],[2.77309,46.51542],[2.7712,46.51288],[2.77627,46.51183],[2.78455,46.51133],[2.78562,46.50784],[2.78965,46.50721],[2.79289,46.51385],[2.79816,46.51036],[2.80231,46.51583],[2.81411,46.52043],[2.81462,46.51626],[2.81777,46.51614],[2.82085,46.51246],[2.82728,46.51014],[2.85058,46.51743],[2.8591,46.51647],[2.86664,46.5182],[2.87867,46.52645],[2.89107,46.52026],[2.89483,46.52796],[2.89695,46.52794]]]},"properties":{"code_territoire":"iris031500000","libelle_territoire":"Louroux-Bourbonnais (commune non irisée)"}},
{"type":"Feature","geometry":{"type":"Polygon","coordinates":[[[2.88424,46.30605],[2.88011,46.30751],[2.87596,46.32021],[2.86624,46.32217],[2.86673,46.31616],[2.85882,46.31514],[2.8544,46.31144],[2.84703,46.30969],[2.84741,46.30573],[2.8431,46.3066],[2.83255,46.30022],[2.83153,46.29708],[2.83596,46.29449],[2.83433,46.29271],[2.84174,46.28664],[2.83889,46.28278],[2.86215,46.28037],[2.87446,46.29071],[2.87329,46.29643],[2.88138,46.29837],[2.88538,46.30254],[2.88424,46.30605]]]},"properties":{"code_territoire":"iris031510000","libelle_territoire":"Louroux-de-Beaune (commune non irisée)"}},
{"type":"Feature","geometry":{"type":"Polygon","coordinates":[[[2.98292,46.20792],[2.98991,46.21712],[3.01384,46.22608],[3.00782,46.22888],[2.99836,46.22926],[3.00795,46.23713],[2.99612,46.2411],[2.99457,46.24804],[2.98797,46.24461],[2.98466,46.24678],[2.98384,46.24368],[2.97641,46.24929],[2.97229,46.24782],[2.97119,46.24993],[2.96472,46.24382],[2.95432,46.24433],[2.94593,46.2417],[2.93578,46.23812],[2.93152,46.23267],[2.93504,46.22401],[2.93848,46.22588],[2.94123,46.22492],[2.93616,46.22087],[2.94279,46.22024],[2.94961,46.22705],[2.95368,46.22771],[2.95611,46.22075],[2.95395,46.21518],[2.95976,46.21048],[2.96908,46.21019],[2.97197,46.20721],[2.97464,46.20904],[2.98292,46.20792]]]},"properties":{"code_territoire":"iris031520000","libelle_territoire":"Louroux-de-Bouble (commune non irisée)"}},
{"type":"Feature","geometry":{"type":"Polygon","coordinates":[[[3.98742,46.35109],[3.99152,46.37103],[3.98364,46.37915],[3.97757,46.39787],[3.96119,46.3977],[3.95622,46.39272],[3.9502,46.3912],[3.94573,46.38577],[3.92729,46.38057],[3.91945,46.37155],[3.90787,46.36956],[3.90887,46.3655],[3.90446,46.36336],[3.9131,46.35891],[3.92184,46.36006],[3.91646,46.35505],[3.91961,46.35054],[3.9262,46.34876],[3.9216,46.33759],[3.92936,46.33502],[3.93767,46.33631],[3.93795,46.34121],[3.94777,46.34114],[3.95115,46.33718],[3.95467,46.34027],[3.95344,46.34264],[3.96217,46.34598],[3.96172,46.34846],[3.98742,46.35109]]]},"properties":{"code_territoire":"iris031540000","libelle_territoire":"Luneau (commune non irisée)"}},
{"type":"Feature","geometry":{"type":"Polygon","coordinates":[[[2.8454,46.72667],[2.86803,46.7171],[2.88561,46.71195],[2.89509,46.71131],[2.90162,46.70427],[2.90707,46.70454],[2.90817,46.70148],[2.91228,46.70285],[2.91824,46.70149],[2.91789,46.69717],[2.92748,46.68888],[2.92959,46.68067],[2.9401,46.67846],[2.94816,46.68237],[2.95885,46.68242],[2.96662,46.68538],[2.97188,46.68567],[2.97843,46.70116],[2.9677,46.72009],[2.96456,46.72395],[2.96501,46.72924],[2.97042,46.73283],[2.95797,46.74293],[2.95396,46.75415],[2.95416,46.76383],[2.95095,46.77014],[2.94898,46.76934],[2.94349,46.77562],[2.9438,46.78003],[2.93916,46.78122],[2.93323,46.77951],[2.93146,46.78138],[2.93116,46.78596],[2.9378,46.78847],[2.93996,46.79316],[2.93782,46.79571],[2.93153,46.79575],[2.91335,46.79103],[2.90817,46.7875],[2.9109,46.77947],[2.87657,46.7688],[2.87667,46.7611],[2.8612,46.75449],[2.84459,46.74227],[2.8454,46.72667]]]},"properties":{"code_territoire":"iris031550000","libelle_territoire":"Lurcy-Lévis (commune non irisée)"}},
{"type":"Feature","geometry":{"type":"Polygon","coordinates":[[[3.40902,46.5776],[3.41826,46.57487],[3.42425,46.57019],[3.42688,46.56015],[3.43772,46.55473],[3.44212,46.55354],[3.44333,46.55537],[3.45731,46.55237],[3.46047,46.55395],[3.47053,46.55107],[3.47905,46.553],[3.48504,46.54993],[3.49439,46.55068],[3.49725,46.54299],[3.50968,46.54169],[3.51642,46.5377],[3.52222,46.53846],[3.53022,46.54527],[3.54182,46.54985],[3.54058,46.55456],[3.54806,46.5565],[3.54304,46.56335],[3.54792,46.56456],[3.54591,46.56812],[3.54803,46.57112],[3.54389,46.57457],[3.54551,46.57777],[3.53939,46.57772],[3.54056,46.58191],[3.53779,46.58167],[3.53148,46.58918],[3.51789,46.58749],[3.52069,46.60072],[3.52497,46.60373],[3.50568,46.60852],[3.50576,46.60517],[3.49733,46.60058],[3.48521,46.5967],[3.47868,46.5967],[3.47597,46.59402],[3.44578,46.59333],[3.44708,46.58201],[3.43118,46.57856],[3.40902,46.5776]]]},"properties":{"code_territoire":"iris031560000","libelle_territoire":"Lusigny (commune non irisée)"}},
{"type":"Feature","geometry":{"type":"Polygon","coordinates":[[[3.51676,46.23315],[3.51333,46.23152],[3.50827,46.23343],[3.50643,46.22876],[3.50384,46.23099],[3.50447,46.22894],[3.49866,46.22945],[3.47914,46.22537],[3.48085,46.21977],[3.47748,46.21728],[3.48902,46.20956],[3.49528,46.19711],[3.51264,46.20515],[3.5159,46.20098],[3.51783,46.20209],[3.53072,46.20588],[3.53813,46.2106],[3.54188,46.21294],[3.53862,46.21569],[3.53582,46.22881],[3.53217,46.23336],[3.52309,46.23537],[3.51676,46.23315]]]},"properties":{"code_territoire":"iris031570000","libelle_territoire":"Magnet (commune non irisée)"}},
{"type":"Feature","geometry":{"type":"Polygon","coordinates":[[[2.76084,46.42717],[2.76109,46.43453],[2.75166,46.4493],[2.74249,46.45376],[2.74222,46.45778],[2.7383,46.45833],[2.72909,46.47645],[2.73193,46.49351],[2.72533,46.49429],[2.72212,46.50064],[2.7001,46.49982],[2.6957,46.4977],[2.69393,46.4991],[2.68726,46.49347],[2.68673,46.49762],[2.68254,46.49596],[2.67768,46.50328],[2.68272,46.50365],[2.67914,46.50486],[2.68649,46.5092],[2.6758,46.50791],[2.68925,46.51303],[2.68216,46.52101],[2.67716,46.52022],[2.67729,46.52215],[2.66804,46.52631],[2.6622,46.51733],[2.65816,46.51639],[2.65601,46.51462],[2.6471,46.51847],[2.63966,46.51392],[2.62811,46.51582],[2.63057,46.50497],[2.62882,46.50247],[2.63122,46.50127],[2.61901,46.48503],[2.62038,46.47721],[2.63049,46.47117],[2.62691,46.45914],[2.63038,46.4535],[2.62941,46.45011],[2.61841,46.4496],[2.61705,46.44697],[2.62307,46.44547],[2.63475,46.43496],[2.64739,46.436],[2.65886,46.43988],[2.66144,46.43607],[2.67223,46.43493],[2.67195,46.4408],[2.67541,46.44258],[2.69191,46.44492],[2.70078,46.43476],[2.70206,46.43625],[2.70427,46.43373],[2.71326,46.43564],[2.71789,46.43086],[2.73691,46.43223],[2.74464,46.42949],[2.74766,46.42412],[2.75162,46.42593],[2.76084,46.42717]]]},"properties":{"code_territoire":"iris031580000","libelle_territoire":"Haut-Bocage (commune non irisée)"}},
{"type":"Feature","geometry":{"type":"Polygon","coordinates":[[[2.7328,46.2997],[2.75017,46.30126],[2.78769,46.29581],[2.79438,46.29116],[2.79904,46.29874],[2.80466,46.29676],[2.80562,46.29894],[2.81013,46.29864],[2.81014,46.30537],[2.80596,46.30788],[2.80848,46.31336],[2.80065,46.31299],[2.8006,46.31858],[2.79449,46.31884],[2.78799,46.31554],[2.77815,46.31603],[2.77511,46.31839],[2.76848,46.31533],[2.75521,46.31852],[2.73171,46.31271],[2.73069,46.31694],[2.72738,46.31553],[2.72981,46.31],[2.72622,46.30845],[2.7242,46.31067],[2.72079,46.31012],[2.72433,46.30731],[2.72902,46.30531],[2.7328,46.2997]]]},"properties":{"code_territoire":"iris031590000","libelle_territoire":"Malicorne (commune non irisée)"}},
{"type":"Feature","geometry":{"type":"Polygon","coordinates":[[[3.40753,46.26673],[3.39813,46.2701],[3.39358,46.26619],[3.3944,46.26303],[3.38572,46.26126],[3.3856,46.25895],[3.37378,46.25821],[3.3769,46.25338],[3.36804,46.2535],[3.36716,46.2507],[3.37121,46.24133],[3.36994,46.23666],[3.38075,46.21359],[3.38682,46.21],[3.3997,46.21241],[3.42136,46.21252],[3.42111,46.21286],[3.41885,46.2233],[3.42492,46.24084],[3.42117,46.24705],[3.41314,46.2536],[3.41431,46.25945],[3.40273,46.25774],[3.40006,46.25915],[3.40027,46.26494],[3.40753,46.26673]]]},"properties":{"code_territoire":"iris031600000","libelle_territoire":"Marcenat (commune non irisée)"}},
{"type":"Feature","geometry":{"type":"Polygon","coordinates":[[[2.66221,46.1373],[2.66418,46.14051],[2.6613,46.14263],[2.66827,46.14387],[2.66996,46.1476],[2.66817,46.15593],[2.67094,46.15478],[2.67628,46.15646],[2.67496,46.17225],[2.68562,46.17569],[2.68331,46.17706],[2.67948,46.17595],[2.6732,46.17927],[2.67078,46.19173],[2.66607,46.19573],[2.66152,46.19727],[2.66001,46.20054],[2.64884,46.20405],[2.64457,46.20328],[2.64467,46.19604],[2.62778,46.19503],[2.61932,46.18889],[2.61677,46.1918],[2.61072,46.19269],[2.59355,46.18917],[2.59179,46.18454],[2.58158,46.17841],[2.5824,46.17554],[2.58595,46.17698],[2.58975,46.17106],[2.58783,46.16761],[2.59184,46.16293],[2.59209,46.15559],[2.59894,46.1474],[2.6168,46.1439],[2.64156,46.14619],[2.64796,46.14295],[2.65803,46.14293],[2.66221,46.1373]]]},"properties":{"code_territoire":"iris031610000","libelle_territoire":"Marcillat-en-Combraille (commune non irisée)"}},
{"type":"Feature","geometry":{"type":"Polygon","coordinates":[[[3.20525,46.59925],[3.20089,46.59753],[3.19591,46.59195],[3.18784,46.5894],[3.18825,46.58587],[3.18202,46.58416],[3.18353,46.57935],[3.17844,46.57516],[3.1858,46.56572],[3.17757,46.56241],[3.18171,46.55687],[3.18887,46.55817],[3.19754,46.55051],[3.20195,46.5575],[3.20362,46.55661],[3.21018,46.55724],[3.20957,46.5589],[3.21817,46.56325],[3.22079,46.568],[3.21774,46.57069],[3.23293,46.57192],[3.24188,46.57013],[3.23697,46.57628],[3.24025,46.57716],[3.24069,46.57977],[3.23712,46.58009],[3.23675,46.58245],[3.23599,46.58394],[3.24553,46.58855],[3.24676,46.59293],[3.24145,46.5942],[3.24179,46.59738],[3.23533,46.59493],[3.23051,46.5954],[3.22369,46.60091],[3.22437,46.60577],[3.21626,46.6011],[3.20525,46.59925]]]},"properties":{"code_territoire":"iris031620000","libelle_territoire":"Marigny (commune non irisée)"}},
{"type":"Feature","geometry":{"type":"Polygon","coordinates":[[[3.4778,46.04151],[3.4717,46.04019],[3.46181,46.03985],[3.46829,46.02405],[3.46401,46.02125],[3.46389,46.00819],[3.4824,46.0143],[3.49471,46.01505],[3.50063,46.01334],[3.50661,46.01713],[3.51058,46.01461],[3.51651,46.01611],[3.52524,46.01074],[3.52072,46.0205],[3.51108,46.02284],[3.50595,46.02212],[3.50642,46.03203],[3.49535,46.03384],[3.49515,46.04014],[3.49165,46.04281],[3.4778,46.04151]]]},"properties":{"code_territoire":"iris031630000","libelle_territoire":"Mariol (commune non irisée)"}},
{"type":"Feature","geometry":{"type":"Polygon","coordinates":[[[3.23139,46.17376],[3.22969,46.17294],[3.23337,46.16804],[3.22459,46.16623],[3.21931,46.15168],[3.24154,46.15084],[3.2604,46.16431],[3.25729,46.17444],[3.24943,46.18229],[3.23927,46.17985],[3.23139,46.17376]]]},"properties":{"code_territoire":"iris031640000","libelle_territoire":"Le Mayet-d'École (commune non irisée)"}},
{"type":"Feature","geometry":{"type":"Polygon","coordinates":[[[3.67666,46.09173],[3.67094,46.0873],[3.66849,46.08765],[3.66795,46.08414],[3.67026,46.08358],[3.66823,46.08238],[3.66256,46.08061],[3.66255,46.08286],[3.65741,46.08134],[3.65425,46.08337],[3.65366,46.07766],[3.6432,46.0819],[3.63202,46.07417],[3.62068,46.07175],[3.61498,46.07853],[3.61186,46.08009],[3.61024,46.07626],[3.60775,46.0794],[3.6063,46.07635],[3.61135,46.07463],[3.60686,46.06253],[3.60905,46.05531],[3.59702,46.04997],[3.60035,46.04658],[3.61345,46.04358],[3.61648,46.0389],[3.62656,46.04514],[3.63946,46.04439],[3.64387,46.05064],[3.66863,46.04253],[3.67022,46.03831],[3.66816,46.03695],[3.67272,46.03345],[3.68011,46.03482],[3.69317,46.02935],[3.69625,46.03112],[3.69258,46.03431],[3.69649,46.04129],[3.70064,46.04339],[3.70128,46.04932],[3.6994,46.05493],[3.6939,46.05975],[3.68851,46.05841],[3.68571,46.06264],[3.68756,46.07413],[3.69377,46.0774],[3.69507,46.08144],[3.67666,46.09173]]]},"properties":{"code_territoire":"iris031650000","libelle_territoire":"Le Mayet-de-Montagne (commune non irisée)"}},
{"type":"Feature","geometry":{"type":"Polygon","coordinates":[[[3.16601,46.13411],[3.1666,46.11979],[3.18823,46.11967],[3.19108,46.1176],[3.19207,46.11995],[3.19715,46.11914],[3.20072,46.12458],[3.2056,46.12437],[3.20823,46.12969],[3.20357,46.12758],[3.19435,46.12897],[3.19891,46.13973],[3.19448,46.14027],[3.19343,46.14439],[3.18102,46.14401],[3.18083,46.14717],[3.17458,46.14772],[3.17126,46.15252],[3.16421,46.14306],[3.16601,46.13411]]]},"properties":{"code_territoire":"iris031660000","libelle_territoire":"Mazerier (commune non irisée)"}},
{"type":"Feature","geometry":{"type":"Polygon","coordinates":[[[2.51597,46.23957],[2.51446,46.23405],[2.5168,46.23004],[2.51396,46.22528],[2.51979,46.21819],[2.51993,46.21376],[2.52402,46.21191],[2.51892,46.20898],[2.52609,46.20751],[2.52207,46.20556],[2.52177,46.20256],[2.52992,46.20568],[2.54242,46.2055],[2.55253,46.201],[2.56447,46.20185],[2.56801,46.19908],[2.57632,46.19797],[2.58893,46.20193],[2.59773,46.21535],[2.5937,46.22111],[2.59622,46.22494],[2.58948,46.22842],[2.57266,46.23534],[2.55873,46.22281],[2.5573,46.22704],[2.55008,46.2319],[2.54354,46.23272],[2.54649,46.23802],[2.53892,46.24447],[2.53174,46.2383],[2.52309,46.23642],[2.52147,46.23959],[2.51597,46.23957]]]},"properties":{"code_territoire":"iris031670000","libelle_territoire":"Mazirat (commune non irisée)"}},
{"type":"Feature","geometry":{"type":"Polygon","coordinates":[[[2.58873,46.61699],[2.58596,46.6143],[2.56851,46.60914],[2.57776,46.60781],[2.58152,46.59322],[2.592,46.59362],[2.59417,46.59719],[2.60404,46.59578],[2.60414,46.59404],[2.59759,46.59511],[2.59636,46.59373],[2.603,46.58794],[2.60174,46.58134],[2.6061,46.5791],[2.60505,46.57606],[2.60813,46.57294],[2.61983,46.57351],[2.62376,46.57696],[2.63704,46.58024],[2.65179,46.57268],[2.65585,46.57424],[2.66664,46.5865],[2.67529,46.58831],[2.67902,46.59342],[2.6896,46.59869],[2.70881,46.603],[2.7236,46.61261],[2.72353,46.61852],[2.72805,46.62369],[2.72685,46.63347],[2.71029,46.63381],[2.71653,46.64054],[2.70923,46.63971],[2.64595,46.6321],[2.63818,46.63271],[2.63071,46.61795],[2.62591,46.62066],[2.61796,46.61689],[2.58873,46.61699]]]},"properties":{"code_territoire":"iris031680000","libelle_territoire":"Meaulne-Vitray (commune non irisée)"}},
{"type":"Feature","geometry":{"type":"Polygon","coordinates":[[[3.21453,46.41145],[3.21336,46.40051],[3.19554,46.39459],[3.19283,46.38559],[3.19582,46.37999],[3.18993,46.3805],[3.18369,46.37717],[3.19856,46.37367],[3.20306,46.37057],[3.20213,46.36778],[3.20572,46.36744],[3.21394,46.35872],[3.21775,46.35817],[3.22597,46.36496],[3.23447,46.36351],[3.23732,46.36598],[3.24644,46.36662],[3.25385,46.37142],[3.26104,46.37289],[3.26256,46.38394],[3.26714,46.38455],[3.2643,46.39514],[3.2644,46.42016],[3.24849,46.41436],[3.22184,46.40952],[3.21453,46.41145]]]},"properties":{"code_territoire":"iris031690000","libelle_territoire":"Meillard (commune non irisée)"}},
{"type":"Feature","geometry":{"type":"Polygon","coordinates":[[[3.15546,46.50841],[3.15559,46.51277],[3.14829,46.51325],[3.13974,46.52114],[3.12402,46.52031],[3.1219,46.52266],[3.12341,46.52791],[3.11547,46.52573],[3.10557,46.52877],[3.09371,46.53613],[3.09055,46.54091],[3.08502,46.54268],[3.07654,46.54198],[3.0716,46.55185],[3.06787,46.54927],[3.06267,46.5383],[3.06766,46.53167],[3.0781,46.52494],[3.08051,46.51943],[3.07373,46.50778],[3.07868,46.50579],[3.07351,46.49085],[3.08239,46.48457],[3.0814,46.4828],[3.09794,46.49003],[3.11416,46.49179],[3.12124,46.49621],[3.15546,46.50841]]]},"properties":{"code_territoire":"iris031700000","libelle_territoire":"Meillers (commune non irisée)"}},
{"type":"Feature","geometry":{"type":"Polygon","coordinates":[[[3.56705,46.47148],[3.55986,46.46834],[3.54323,46.47133],[3.54335,46.46985],[3.53129,46.47101],[3.52676,46.47545],[3.52245,46.47236],[3.51648,46.47256],[3.50708,46.46911],[3.49577,46.47097],[3.49361,46.47415],[3.48676,46.47043],[3.48833,46.46547],[3.49274,46.46276],[3.49267,46.45751],[3.49003,46.45363],[3.47325,46.45309],[3.474,46.44886],[3.46988,46.4462],[3.47312,46.4419],[3.47019,46.44036],[3.47306,46.44018],[3.47234,46.43267],[3.4803,46.43311],[3.48168,46.43888],[3.49199,46.43749],[3.49709,46.42993],[3.50928,46.43082],[3.5094,46.43276],[3.52398,46.43082],[3.53099,46.42725],[3.53091,46.42319],[3.53575,46.42449],[3.5445,46.42574],[3.55097,46.43886],[3.56605,46.44576],[3.57802,46.46614],[3.57633,46.46865],[3.56705,46.47148]]]},"properties":{"code_territoire":"iris031710000","libelle_territoire":"Mercy (commune non irisée)"}},
{"type":"Feature","geometry":{"type":"Polygon","coordinates":[[[2.33193,46.42183],[2.35742,46.41619],[2.36509,46.41104],[2.36521,46.40558],[2.36878,46.40361],[2.37724,46.41065],[2.39537,46.41715],[2.39999,46.43335],[2.3664,46.44354],[2.35361,46.44443],[2.33874,46.44264],[2.33328,46.43954],[2.32591,46.43022],[2.33193,46.42183]]]},"properties":{"code_territoire":"iris031720000","libelle_territoire":"Mesples (commune non irisée)"}},
{"type":"Feature","geometry":{"type":"Polygon","coordinates":[[[3.96507,46.47809],[3.95501,46.47693],[3.95233,46.4785],[3.9566,46.49131],[3.93409,46.49104],[3.91865,46.4962],[3.90783,46.49459],[3.90135,46.49064],[3.89822,46.48514],[3.91062,46.47852],[3.90847,46.47527],[3.90477,46.47592],[3.90315,46.47415],[3.90381,46.46725],[3.90117,46.46542],[3.90471,46.46237],[3.8871,46.4583],[3.90127,46.4461],[3.90707,46.44507],[3.90378,46.44376],[3.90931,46.42809],[3.91225,46.4264],[3.92334,46.42757],[3.93386,46.43226],[3.93228,46.43622],[3.93986,46.43566],[3.94364,46.43794],[3.93873,46.4441],[3.94325,46.44737],[3.94857,46.44716],[3.9487,46.45161],[3.95421,46.45481],[3.95361,46.46059],[3.94887,46.4641],[3.96026,46.47406],[3.96634,46.47556],[3.96507,46.47809]]]},"properties":{"code_territoire":"iris031730000","libelle_territoire":"Molinet (commune non irisée)"}},
{"type":"Feature","geometry":{"type":"Polygon","coordinates":[[[3.52056,46.09558],[3.53731,46.08734],[3.54661,46.0949],[3.54815,46.10256],[3.55326,46.10124],[3.56533,46.10474],[3.57558,46.1027],[3.58114,46.10457],[3.58992,46.10078],[3.59508,46.10317],[3.61037,46.10005],[3.61072,46.10211],[3.6165,46.10156],[3.61915,46.10564],[3.61616,46.10839],[3.61426,46.12166],[3.60856,46.12791],[3.5958,46.12212],[3.58854,46.12405],[3.57782,46.1306],[3.56847,46.12482],[3.56173,46.13086],[3.55056,46.13123],[3.54494,46.13541],[3.53845,46.13542],[3.52407,46.12853],[3.5185,46.13578],[3.51071,46.1369],[3.50069,46.13111],[3.49287,46.13196],[3.49886,46.12821],[3.50343,46.12103],[3.51093,46.11702],[3.51592,46.11738],[3.51773,46.10713],[3.52742,46.10366],[3.52044,46.09875],[3.52056,46.09558]]]},"properties":{"code_territoire":"iris031740000","libelle_territoire":"Molles (commune non irisée)"}},
{"type":"Feature","geometry":{"type":"Polygon","coordinates":[[[3.06516,46.2601],[3.0722,46.25431],[3.07283,46.24426],[3.07009,46.24274],[3.07552,46.24436],[3.08426,46.23692],[3.09007,46.23747],[3.08803,46.2328],[3.09715,46.23143],[3.09614,46.22806],[3.09936,46.22334],[3.1215,46.23236],[3.12603,46.23451],[3.12364,46.23565],[3.12598,46.23942],[3.12941,46.23881],[3.12948,46.2419],[3.13254,46.24266],[3.12756,46.24923],[3.12363,46.25025],[3.12688,46.25563],[3.12463,46.25889],[3.13016,46.26529],[3.14189,46.26618],[3.1351,46.27679],[3.13933,46.28451],[3.13467,46.28551],[3.11934,46.29814],[3.11557,46.29489],[3.11164,46.29681],[3.10942,46.30056],[3.11255,46.30117],[3.10938,46.30209],[3.10956,46.30492],[3.10389,46.30437],[3.10529,46.30027],[3.09675,46.29743],[3.0923,46.29706],[3.09169,46.29496],[3.09231,46.2889],[3.09745,46.28738],[3.09489,46.28403],[3.09077,46.28467],[3.09159,46.27805],[3.08803,46.27599],[3.07925,46.27819],[3.07389,46.27716],[3.07313,46.27277],[3.06839,46.27657],[3.06721,46.2698],[3.07187,46.26906],[3.06516,46.2601]]]},"properties":{"code_territoire":"iris031750000","libelle_territoire":"Monestier (commune non irisée)"}},
{"type":"Feature","geometry":{"type":"Polygon","coordinates":[[[3.26104,46.37289],[3.28104,46.36828],[3.2826,46.36084],[3.30256,46.36612],[3.31022,46.36339],[3.30904,46.36956],[3.31595,46.37229],[3.30803,46.3801],[3.30826,46.38674],[3.31596,46.39381],[3.30392,46.39727],[3.30519,46.40207],[3.28709,46.39449],[3.2715,46.39341],[3.2643,46.39514],[3.26714,46.38455],[3.26256,46.38394],[3.26104,46.37289]]]},"properties":{"code_territoire":"iris031760000","libelle_territoire":"Monétay-sur-Allier (commune non irisée)"}},
{"type":"Feature","geometry":{"type":"Polygon","coordinates":[[[3.86636,46.44565],[3.85264,46.4464],[3.8528,46.45212],[3.84604,46.45667],[3.84828,46.46038],[3.84389,46.46353],[3.84426,46.46583],[3.82475,46.46503],[3.82269,46.45878],[3.81863,46.45643],[3.80367,46.46301],[3.79387,46.46023],[3.79283,46.45555],[3.77973,46.44831],[3.78592,46.44535],[3.78331,46.44088],[3.78638,46.4398],[3.78003,46.43587],[3.77787,46.4289],[3.78507,46.42707],[3.78724,46.42903],[3.78864,46.42194],[3.7963,46.42365],[3.78921,46.41661],[3.79074,46.41296],[3.79649,46.41388],[3.80061,46.41974],[3.81505,46.41953],[3.82011,46.40874],[3.82393,46.40097],[3.82978,46.40242],[3.83653,46.40769],[3.84656,46.40612],[3.85079,46.411],[3.8553,46.41158],[3.85499,46.41685],[3.86461,46.41725],[3.86774,46.42128],[3.86384,46.42484],[3.86915,46.42806],[3.85997,46.43415],[3.86636,46.44565]]]},"properties":{"code_territoire":"iris031770000","libelle_territoire":"Monétay-sur-Loire (commune non irisée)"}},
{"type":"Feature","geometry":{"type":"Polygon","coordinates":[[[3.79784,46.2829],[3.7949,46.27906],[3.79692,46.27723],[3.79053,46.27661],[3.77523,46.27039],[3.77557,46.26739],[3.77393,46.25926],[3.77144,46.25808],[3.78123,46.25305],[3.77697,46.24641],[3.77807,46.24322],[3.78237,46.24411],[3.80269,46.23851],[3.80725,46.24266],[3.80343,46.25822],[3.80769,46.25683],[3.8215,46.25982],[3.83504,46.2594],[3.85523,46.26234],[3.85889,46.26455],[3.86766,46.2624],[3.87779,46.27589],[3.88646,46.27381],[3.88028,46.27888],[3.8791,46.28424],[3.87286,46.28674],[3.8608,46.28946],[3.85659,46.28332],[3.84289,46.28034],[3.8375,46.28165],[3.82105,46.28012],[3.81626,46.2838],[3.79784,46.2829]]]},"properties":{"code_territoire":"iris031780000","libelle_territoire":"Montaiguët-en-Forez (commune non irisée)"}},
{"type":"Feature","geometry":{"type":"Polygon","coordinates":[[[3.53181,46.30835],[3.52237,46.30985],[3.50384,46.30284],[3.49996,46.29943],[3.49042,46.2982],[3.48993,46.2928],[3.48408,46.28066],[3.4885,46.27448],[3.49347,46.27292],[3.50912,46.2785],[3.5216,46.27387],[3.52602,46.27509],[3.53368,46.2827],[3.55394,46.28898],[3.5498,46.28984],[3.53181,46.30835]]]},"properties":{"code_territoire":"iris031790000","libelle_territoire":"Montaigu-le-Blin (commune non irisée)"}},
{"type":"Feature","geometry":{"type":"Polygon","coordinates":[[[3.52222,46.53846],[3.51642,46.5377],[3.50968,46.54169],[3.49725,46.54299],[3.49439,46.55068],[3.48504,46.54993],[3.47905,46.553],[3.47053,46.55107],[3.46047,46.55395],[3.45731,46.55237],[3.44333,46.55537],[3.44212,46.55354],[3.43772,46.55473],[3.43081,46.54765],[3.43095,46.53951],[3.43155,46.53152],[3.43683,46.52851],[3.42958,46.52049],[3.43295,46.51939],[3.43753,46.52116],[3.43857,46.51723],[3.42704,46.5142],[3.43424,46.50606],[3.44248,46.50473],[3.44297,46.49894],[3.45785,46.49908],[3.46775,46.50773],[3.48058,46.50893],[3.48266,46.51718],[3.48763,46.51442],[3.49545,46.51377],[3.49854,46.51092],[3.50333,46.51469],[3.52312,46.51351],[3.52897,46.51492],[3.53449,46.51675],[3.54239,46.53056],[3.53439,46.53068],[3.53031,46.52764],[3.52721,46.52832],[3.51898,46.53352],[3.52222,46.53846]]]},"properties":{"code_territoire":"iris031800000","libelle_territoire":"Montbeugny (commune non irisée)"}},
{"type":"Feature","geometry":{"type":"Polygon","coordinates":[[[3.74696,46.33968],[3.75302,46.34393],[3.75614,46.34265],[3.77041,46.34918],[3.76696,46.35693],[3.76212,46.35839],[3.7688,46.36008],[3.76887,46.36276],[3.76602,46.36373],[3.76815,46.36649],[3.76306,46.3694],[3.76303,46.37231],[3.75737,46.37119],[3.75599,46.3659],[3.75499,46.37148],[3.74845,46.37405],[3.74868,46.37606],[3.73422,46.38143],[3.7317,46.38617],[3.72397,46.3857],[3.72379,46.389],[3.72047,46.38896],[3.70925,46.38788],[3.71051,46.38244],[3.71423,46.38003],[3.71018,46.381],[3.69741,46.3738],[3.69853,46.36965],[3.70088,46.36973],[3.69842,46.36424],[3.68841,46.36311],[3.68505,46.359],[3.68343,46.36009],[3.67894,46.35688],[3.68276,46.35248],[3.68823,46.3492],[3.69284,46.35009],[3.69421,46.34814],[3.69845,46.35099],[3.70152,46.35007],[3.69911,46.34744],[3.70837,46.34712],[3.71073,46.34215],[3.70692,46.34213],[3.70641,46.33946],[3.70988,46.33985],[3.70625,46.33833],[3.70904,46.33578],[3.71697,46.34133],[3.72811,46.34134],[3.74048,46.33821],[3.74696,46.33968]]]},"properties":{"code_territoire":"iris031810000","libelle_territoire":"Montcombroux-les-Mines (commune non irisée)"}},
{"type":"Feature","geometry":{"type":"Polygon","coordinates":[[[3.25994,46.10338],[3.2606,46.10661],[3.26742,46.10587],[3.26698,46.11037],[3.27044,46.11036],[3.27176,46.11788],[3.27958,46.12145],[3.27145,46.12645],[3.24247,46.12802],[3.23145,46.12822],[3.23288,46.12613],[3.22948,46.12529],[3.2324,46.12218],[3.22243,46.1129],[3.22537,46.1108],[3.22794,46.10058],[3.25994,46.10338]]]},"properties":{"code_territoire":"iris031820000","libelle_territoire":"Monteignet-sur-l'Andelot (commune non irisée)"}},
{"type":"Feature","geometry":{"type":"Polygon","coordinates":[[[3.0387,46.40318],[3.04691,46.40351],[3.04866,46.39996],[3.06745,46.4004],[3.06224,46.40362],[3.06534,46.40627],[3.06177,46.41016],[3.05627,46.41024],[3.05052,46.41422],[3.04476,46.41417],[3.04947,46.40896],[3.04506,46.40531],[3.03935,46.40563],[3.0387,46.40318]]]},"properties":{"code_territoire":"iris031830000","libelle_territoire":"Le Montet (commune non irisée)"}},
{"type":"Feature","geometry":{"type":"Polygon","coordinates":[[[3.24586,46.6392],[3.23698,46.63993],[3.24395,46.63379],[3.23201,46.62854],[3.23176,46.62608],[3.2026,46.62132],[3.19792,46.61852],[3.18792,46.61898],[3.19277,46.61159],[3.19161,46.60826],[3.18356,46.60864],[3.18082,46.6056],[3.20424,46.60217],[3.20525,46.59925],[3.21626,46.6011],[3.22437,46.60577],[3.22369,46.60091],[3.23051,46.5954],[3.23533,46.59493],[3.24179,46.59738],[3.24145,46.5942],[3.24676,46.59293],[3.24553,46.58855],[3.23599,46.58394],[3.23675,46.58245],[3.26163,46.59085],[3.27366,46.59052],[3.27281,46.59408],[3.28241,46.59674],[3.28252,46.59936],[3.28896,46.60146],[3.27335,46.61216],[3.25524,46.63386],[3.24906,46.63499],[3.24586,46.6392]]]},"properties":{"code_territoire":"iris031840000","libelle_territoire":"Montilly (commune non irisée)"}},
{"type":"Feature","geometry":{"type":"Polygon","coordinates":[[[2.59251,46.34014],[2.60369,46.33411],[2.60234,46.33799],[2.60686,46.33854],[2.60755,46.34096],[2.60901,46.34601],[2.60013,46.34335],[2.59424,46.34276],[2.59251,46.34014]]]},"properties":{"code_territoire":"iris031850101","libelle_territoire":"Cité Bretonnie-Châtelet-Favières-Conches"}},
{"type":"Feature","geometry":{"type":"Polygon","coordinates":[[[2.60898,46.33458],[2.62093,46.33725],[2.62116,46.33937],[2.60755,46.34096],[2.60686,46.33854],[2.60234,46.33799],[2.60369,46.33411],[2.60898,46.33458]]]},"properties":{"code_territoire":"iris031850102","libelle_territoire":"Diénat-Forges"}},
{"type":"Feature","geometry":{"type":"Polygon","coordinates":[[[2.59232,46.33533],[2.59941,46.33055],[2.60866,46.32814],[2.60898,46.33458],[2.60369,46.33411],[2.59251,46.34014],[2.59232,46.33533]]]},"properties":{"code_territoire":"iris031850103","libelle_territoire":"Chantoiseau-Faucheroux"}},
{"type":"Feature","geometry":{"type":"Polygon","coordinates":[[[2.59251,46.34014],[2.58997,46.34238],[2.58256,46.34802],[2.57773,46.34263],[2.58229,46.3427],[2.58437,46.33798],[2.59226,46.33425],[2.59232,46.33533],[2.59251,46.34014]]]},"properties":{"code_territoire":"iris031850104","libelle_territoire":"Fours à Chaux"}},
{"type":"Feature","geometry":{"type":"Polygon","coordinates":[[[2.58256,46.34802],[2.58997,46.34238],[2.59234,46.35083],[2.58949,46.35353],[2.58256,46.34802]]]},"properties":{"code_territoire":"iris031850105","libelle_territoire":"Montcourtais"}},
{"type":"Feature","geometry":{"type":"Polygon","coordinates":[[[2.58997,46.34238],[2.59251,46.34014],[2.59424,46.34276],[2.60013,46.34335],[2.5961,46.35273],[2.59234,46.35083],[2.58997,46.34238]]]},"properties":{"code_territoire":"iris031850106","libelle_territoire":"Ville Gozet"}},
{"type":"Feature","geometry":{"type":"Polygon","coordinates":[[[2.58699,46.36511],[2.59235,46.36553],[2.59234,46.35083],[2.5961,46.35273],[2.60013,46.34335],[2.60863,46.34916],[2.61007,46.35361],[2.6057,46.35845],[2.60666,46.36078],[2.60111,46.36197],[2.5995,46.36441],[2.60155,46.36718],[2.61106,46.36887],[2.60933,46.37154],[2.58797,46.37111],[2.58699,46.36511]]]},"properties":{"code_territoire":"iris031850107","libelle_territoire":"Zone Industrielle Blanzat"}},
{"type":"Feature","geometry":{"type":"Polygon","coordinates":[[[2.61007,46.35361],[2.60863,46.34916],[2.60013,46.34335],[2.60901,46.34601],[2.60755,46.34096],[2.62116,46.33937],[2.6247,46.34196],[2.62249,46.3437],[2.61455,46.34596],[2.61584,46.35322],[2.61007,46.35361]]]},"properties":{"code_territoire":"iris031850108","libelle_territoire":"Montgacher-Cordeliers"}},
{"type":"Feature","geometry":{"type":"Polygon","coordinates":[[[2.62249,46.3437],[2.6247,46.34196],[2.62116,46.33937],[2.62093,46.33725],[2.6237,46.3332],[2.62133,46.32787],[2.6273,46.3242],[2.6213,46.32465],[2.62994,46.3175],[2.63285,46.31703],[2.63948,46.32099],[2.63777,46.32722],[2.64585,46.33443],[2.63898,46.33595],[2.63877,46.34155],[2.63282,46.34549],[2.62249,46.3437]]]},"properties":{"code_territoire":"iris031850109","libelle_territoire":"Châtelard-la Verne-Nerdre"}},
{"type":"Feature","geometry":{"type":"Polygon","coordinates":[[[2.62994,46.3175],[2.6213,46.32465],[2.6273,46.3242],[2.62133,46.32787],[2.6237,46.3332],[2.62093,46.33725],[2.60898,46.33458],[2.60866,46.32814],[2.6266,46.31828],[2.62905,46.31706],[2.62994,46.3175]]]},"properties":{"code_territoire":"iris031850110","libelle_territoire":"Rimard-Marignon"}},
{"type":"Feature","geometry":{"type":"Polygon","coordinates":[[[2.6266,46.31828],[2.60866,46.32814],[2.59941,46.33055],[2.60255,46.32638],[2.59902,46.32253],[2.60614,46.31718],[2.6266,46.31828]]]},"properties":{"code_territoire":"iris031850111","libelle_territoire":"Saint-Jean"}},
{"type":"Feature","geometry":{"type":"Polygon","coordinates":[[[2.59902,46.32253],[2.60255,46.32638],[2.59941,46.33055],[2.59232,46.33533],[2.59226,46.33425],[2.59066,46.33233],[2.59278,46.32807],[2.58093,46.3206],[2.57323,46.31313],[2.58372,46.31873],[2.59508,46.31988],[2.59902,46.32253]]]},"properties":{"code_territoire":"iris031850112","libelle_territoire":"Les Iles-Buffon"}},
{"type":"Feature","geometry":{"type":"Polygon","coordinates":[[[2.58093,46.3206],[2.59278,46.32807],[2.59066,46.33233],[2.58135,46.33398],[2.57536,46.33103],[2.58093,46.3206]]]},"properties":{"code_territoire":"iris031850113","libelle_territoire":"Fontbouillant"}},
{"type":"Feature","geometry":{"type":"Polygon","coordinates":[[[2.57536,46.33103],[2.58135,46.33398],[2.59066,46.33233],[2.59226,46.33425],[2.58437,46.33798],[2.58229,46.3427],[2.57773,46.34263],[2.57397,46.33833],[2.57536,46.33103]]]},"properties":{"code_territoire":"iris031850114","libelle_territoire":"La Caserne-Les Guineberts"}},
{"type":"Feature","geometry":{"type":"Polygon","coordinates":[[[2.57397,46.33833],[2.57773,46.34263],[2.58256,46.34802],[2.57699,46.34981],[2.57003,46.3438],[2.57339,46.33831],[2.57397,46.33833]]]},"properties":{"code_territoire":"iris031850115","libelle_territoire":"Bien Assis"}},
{"type":"Feature","geometry":{"type":"Polygon","coordinates":[[[2.57699,46.34981],[2.58256,46.34802],[2.58949,46.35353],[2.58238,46.36041],[2.57713,46.35303],[2.57995,46.35134],[2.57699,46.34981]]]},"properties":{"code_territoire":"iris031850116","libelle_territoire":"Marais-Villars"}},
{"type":"Feature","geometry":{"type":"Polygon","coordinates":[[[2.58238,46.36041],[2.58949,46.35353],[2.59234,46.35083],[2.59235,46.36553],[2.58699,46.36511],[2.58728,46.3613],[2.58238,46.36041]]]},"properties":{"code_territoire":"iris031850117","libelle_territoire":"Viviani-Dunlop"}},
{"type":"Feature","geometry":{"type":"Polygon","coordinates":[[[2.94878,46.29879],[2.94912,46.30331],[2.94574,46.30619],[2.95302,46.3087],[2.95306,46.31177],[2.96138,46.31523],[2.96934,46.31083],[2.9757,46.3157],[2.97588,46.32015],[2.96954,46.32306],[2.97467,46.32494],[2.98897,46.32354],[2.99033,46.32798],[2.98572,46.32957],[2.98413,46.3284],[2.97437,46.33037],[2.97035,46.32705],[2.96103,46.33231],[2.95005,46.33266],[2.94158,46.33019],[2.93749,46.334],[2.92921,46.32764],[2.92317,46.32895],[2.92238,46.32696],[2.93178,46.31877],[2.93518,46.30975],[2.94252,46.30712],[2.93712,46.30277],[2.94878,46.29879]]]},"properties":{"code_territoire":"iris031860000","libelle_territoire":"Montmarault (commune non irisée)"}},
{"type":"Feature","geometry":{"type":"Polygon","coordinates":[[[3.41389,46.34526],[3.42507,46.33874],[3.42434,46.33405],[3.42733,46.33375],[3.4229,46.31019],[3.42735,46.30928],[3.43156,46.31188],[3.43417,46.31043],[3.44012,46.31234],[3.44509,46.30935],[3.45106,46.30908],[3.46172,46.31669],[3.45972,46.33024],[3.46167,46.3391],[3.47027,46.34109],[3.47732,46.34006],[3.47511,46.34357],[3.47732,46.34422],[3.47995,46.34433],[3.48054,46.34226],[3.4897,46.34283],[3.49456,46.34582],[3.49951,46.34519],[3.49902,46.34978],[3.49535,46.3482],[3.48965,46.35505],[3.4798,46.35758],[3.47691,46.36724],[3.47234,46.36332],[3.46764,46.35581],[3.45366,46.35773],[3.44426,46.35676],[3.42379,46.34921],[3.41389,46.34526]]]},"properties":{"code_territoire":"iris031870000","libelle_territoire":"Montoldre (commune non irisée)"}},
{"type":"Feature","geometry":{"type":"Polygon","coordinates":[[[3.25731,46.28027],[3.26252,46.28517],[3.25681,46.2891],[3.25364,46.28859],[3.24665,46.2972],[3.24133,46.29975],[3.23945,46.29764],[3.23441,46.30059],[3.22893,46.30076],[3.22421,46.29627],[3.22442,46.29143],[3.2186,46.2882],[3.22078,46.28492],[3.22398,46.28689],[3.23326,46.28271],[3.24072,46.28319],[3.25458,46.27874],[3.25731,46.28027]]]},"properties":{"code_territoire":"iris031880000","libelle_territoire":"Montord (commune non irisée)"}},
{"type":"Feature","geometry":{"type":"Polygon","coordinates":[[[2.8544,46.31144],[2.8512,46.31392],[2.84449,46.3146],[2.84192,46.31907],[2.8381,46.31819],[2.83819,46.32411],[2.83386,46.32372],[2.82649,46.32933],[2.8265,46.33315],[2.82301,46.33601],[2.81304,46.33443],[2.80435,46.32726],[2.79902,46.32604],[2.79449,46.31884],[2.8006,46.31858],[2.80065,46.31299],[2.80848,46.31336],[2.80596,46.30788],[2.81014,46.30537],[2.81013,46.29864],[2.81676,46.30146],[2.83255,46.30022],[2.8431,46.3066],[2.84741,46.30573],[2.84703,46.30969],[2.8544,46.31144]]]},"properties":{"code_territoire":"iris031890000","libelle_territoire":"Montvicq (commune non irisée)"}},
{"type":"Feature","geometry":{"type":"Polygon","coordinates":[[[3.33521,46.56165],[3.33724,46.56412],[3.33391,46.56845],[3.328,46.56754],[3.32652,46.56642],[3.33007,46.5625],[3.33521,46.56165]]]},"properties":{"code_territoire":"iris031900101","libelle_territoire":"Centre Historique"}},
{"type":"Feature","geometry":{"type":"Polygon","coordinates":[[[3.33861,46.56171],[3.33795,46.56854],[3.32875,46.57072],[3.32308,46.56778],[3.3252,46.56244],[3.33521,46.56165],[3.33861,46.56171]],[[3.33521,46.56165],[3.33007,46.5625],[3.32652,46.56642],[3.328,46.56754],[3.33391,46.56845],[3.33724,46.56412],[3.33521,46.56165]]]},"properties":{"code_territoire":"iris031900102","libelle_territoire":"Centre Moderne"}},
{"type":"Feature","geometry":{"type":"Polygon","coordinates":[[[3.31822,46.57524],[3.32308,46.56778],[3.32875,46.57072],[3.32787,46.57144],[3.32488,46.5757],[3.32888,46.57656],[3.32729,46.57981],[3.31822,46.57524]]]},"properties":{"code_territoire":"iris031900103","libelle_territoire":"Les Gâteaux"}},
{"type":"Feature","geometry":{"type":"Polygon","coordinates":[[[3.32729,46.57981],[3.32888,46.57656],[3.32488,46.5757],[3.32787,46.57144],[3.33327,46.57426],[3.34014,46.572],[3.33684,46.57458],[3.3432,46.57779],[3.3336,46.5794],[3.33317,46.5814],[3.32729,46.57981]]]},"properties":{"code_territoire":"iris031900104","libelle_territoire":"Quartier Nord"}},
{"type":"Feature","geometry":{"type":"Polygon","coordinates":[[[3.34225,46.56358],[3.34461,46.56456],[3.34207,46.56751],[3.34736,46.56724],[3.34584,46.56942],[3.34014,46.572],[3.33327,46.57426],[3.32787,46.57144],[3.32875,46.57072],[3.33795,46.56854],[3.33861,46.56171],[3.33843,46.55929],[3.34225,46.56358]]]},"properties":{"code_territoire":"iris031900105","libelle_territoire":"Decize Bourgogne"}},
{"type":"Feature","geometry":{"type":"Polygon","coordinates":[[[3.33843,46.55929],[3.33861,46.56171],[3.33521,46.56165],[3.3252,46.56244],[3.3304,46.55503],[3.33554,46.55592],[3.33843,46.55929]]]},"properties":{"code_territoire":"iris031900106","libelle_territoire":"Lyon Gare"}},
{"type":"Feature","geometry":{"type":"Polygon","coordinates":[[[3.33554,46.55592],[3.3304,46.55503],[3.33268,46.54546],[3.3371,46.54784],[3.34097,46.54658],[3.33554,46.55592]]]},"properties":{"code_territoire":"iris031900107","libelle_territoire":"Quartier Sud Zone 1"}},
{"type":"Feature","geometry":{"type":"Polygon","coordinates":[[[3.34097,46.54658],[3.3371,46.54784],[3.33268,46.54546],[3.3326,46.54107],[3.33582,46.53842],[3.34641,46.53712],[3.34097,46.54658]]]},"properties":{"code_territoire":"iris031900108","libelle_territoire":"Quartier Sud Zone 2"}},
{"type":"Feature","geometry":{"type":"Polygon","coordinates":[[[3.33582,46.53842],[3.3326,46.54107],[3.33268,46.54546],[3.3304,46.55503],[3.3252,46.56244],[3.32308,46.56778],[3.31822,46.57524],[3.31247,46.58038],[3.30911,46.58047],[3.30372,46.57793],[3.30396,46.57437],[3.30917,46.56779],[3.31104,46.55574],[3.31471,46.55426],[3.32095,46.55256],[3.32747,46.55511],[3.3271,46.54204],[3.33351,46.53845],[3.33582,46.53842]]]},"properties":{"code_territoire":"iris031900109","libelle_territoire":"La Madeleine"}},
{"type":"Feature","geometry":{"type":"Polygon","coordinates":[[[2.88596,46.38369],[2.88749,46.38034],[2.89983,46.38336],[2.9229,46.39268],[2.93071,46.40396],[2.92638,46.40547],[2.93187,46.41022],[2.92521,46.41294],[2.9269,46.41639],[2.92328,46.41535],[2.92218,46.4168],[2.93376,46.42294],[2.92915,46.42802],[2.92431,46.42909],[2.93008,46.43151],[2.92988,46.43419],[2.92383,46.43536],[2.92847,46.44006],[2.92372,46.43901],[2.9095,46.44773],[2.90757,46.44659],[2.90559,46.44323],[2.90795,46.44278],[2.9095,46.43714],[2.89625,46.43633],[2.88962,46.42677],[2.89196,46.42568],[2.88915,46.42447],[2.88777,46.41638],[2.8789,46.41124],[2.87634,46.4139],[2.87655,46.40732],[2.86484,46.40416],[2.87096,46.39705],[2.88443,46.39225],[2.88596,46.38369]]]},"properties":{"code_territoire":"iris031910000","libelle_territoire":"Murat (commune non irisée)"}},
{"type":"Feature","geometry":{"type":"Polygon","coordinates":[[[2.96452,46.12911],[2.966,46.13351],[2.97779,46.14251],[2.98049,46.14211],[2.98612,46.14751],[2.98945,46.14717],[2.98239,46.1604],[2.98396,46.16434],[2.96395,46.17468],[2.9579,46.17544],[2.95177,46.17109],[2.95639,46.16329],[2.9563,46.1423],[2.96452,46.12911]]]},"properties":{"code_territoire":"iris031920000","libelle_territoire":"Nades (commune non irisée)"}},
{"type":"Feature","geometry":{"type":"Polygon","coordinates":[[[2.62038,46.47721],[2.61901,46.48503],[2.63122,46.50127],[2.62882,46.50247],[2.63057,46.50497],[2.62811,46.51582],[2.62688,46.51788],[2.62241,46.51367],[2.61892,46.5155],[2.60271,46.51588],[2.58784,46.51356],[2.57548,46.51594],[2.56569,46.51322],[2.56901,46.49616],[2.55276,46.4895],[2.54734,46.47869],[2.57166,46.48179],[2.5961,46.48764],[2.60139,46.48484],[2.60072,46.4803],[2.60612,46.48083],[2.61053,46.47822],[2.62038,46.47721]]]},"properties":{"code_territoire":"iris031930000","libelle_territoire":"Nassigny (commune non irisée)"}},
{"type":"Feature","geometry":{"type":"Polygon","coordinates":[[[3.11787,46.19089],[3.11047,46.18961],[3.10871,46.18434],[3.10133,46.18421],[3.09863,46.18209],[3.1013,46.17947],[3.10015,46.17575],[3.09342,46.17423],[3.0861,46.17124],[3.08773,46.16911],[3.1003,46.164],[3.11608,46.16169],[3.11999,46.167],[3.12868,46.16652],[3.12889,46.17054],[3.13167,46.17152],[3.13483,46.16988],[3.13725,46.17143],[3.13741,46.17635],[3.14118,46.17368],[3.14469,46.17511],[3.14135,46.1772],[3.143,46.18133],[3.14081,46.18411],[3.13838,46.18177],[3.13566,46.18228],[3.13409,46.18499],[3.12776,46.18697],[3.1291,46.18965],[3.11787,46.19089]]]},"properties":{"code_territoire":"iris031940000","libelle_territoire":"Naves (commune non irisée)"}},
{"type":"Feature","geometry":{"type":"Polygon","coordinates":[[[2.71394,46.2763],[2.72094,46.28453],[2.7177,46.28475],[2.71665,46.289],[2.71947,46.29585],[2.7254,46.29992],[2.7328,46.2997],[2.72902,46.30531],[2.72433,46.30731],[2.71653,46.30502],[2.71091,46.31228],[2.68768,46.31511],[2.66334,46.33013],[2.64585,46.33443],[2.63777,46.32722],[2.63948,46.32099],[2.63285,46.31703],[2.62994,46.3175],[2.62905,46.31706],[2.63743,46.3066],[2.64306,46.30281],[2.63556,46.29135],[2.6375,46.28324],[2.63983,46.28174],[2.64478,46.28266],[2.65096,46.27702],[2.66171,46.27417],[2.6688,46.27195],[2.6767,46.27828],[2.68926,46.27282],[2.70321,46.27097],[2.7098,46.27251],[2.71394,46.2763]]]},"properties":{"code_territoire":"iris031950000","libelle_territoire":"Néris-les-Bains (commune non irisée)"}},
{"type":"Feature","geometry":{"type":"Polygon","coordinates":[[[3.85661,46.35739],[3.84249,46.34609],[3.84646,46.33899],[3.84441,46.33754],[3.84827,46.33181],[3.84725,46.32925],[3.85715,46.33105],[3.85966,46.32581],[3.86236,46.32644],[3.85768,46.32253],[3.86264,46.31658],[3.87696,46.31928],[3.88282,46.31661],[3.88855,46.32058],[3.89855,46.32056],[3.90476,46.32824],[3.91009,46.32844],[3.91417,46.33276],[3.92936,46.33502],[3.9216,46.33759],[3.9262,46.34876],[3.91961,46.35054],[3.91646,46.35505],[3.92184,46.36006],[3.9131,46.35891],[3.90446,46.36336],[3.90887,46.3655],[3.90787,46.36956],[3.88852,46.37067],[3.88556,46.36622],[3.88821,46.36268],[3.88653,46.3611],[3.88574,46.36343],[3.8821,46.36357],[3.88075,46.36135],[3.87594,46.36409],[3.85661,46.35739]]]},"properties":{"code_territoire":"iris031960000","libelle_territoire":"Neuilly-en-Donjon (commune non irisée)"}},
{"type":"Feature","geometry":{"type":"Polygon","coordinates":[[[3.47234,46.43267],[3.47306,46.44018],[3.47019,46.44036],[3.47312,46.4419],[3.46988,46.4462],[3.474,46.44886],[3.47325,46.45309],[3.49003,46.45363],[3.49267,46.45751],[3.49274,46.46276],[3.48833,46.46547],[3.48676,46.47043],[3.48356,46.47324],[3.47851,46.4727],[3.47896,46.47529],[3.47105,46.4759],[3.47359,46.47926],[3.46837,46.4788],[3.4699,46.4855],[3.46495,46.4865],[3.46588,46.49105],[3.46207,46.49292],[3.46547,46.49842],[3.45785,46.49908],[3.44297,46.49894],[3.44248,46.50473],[3.43424,46.50606],[3.42709,46.50709],[3.42783,46.50465],[3.40359,46.49734],[3.39119,46.49594],[3.39056,46.49331],[3.39698,46.49116],[3.39071,46.49018],[3.39102,46.48786],[3.38662,46.48542],[3.38651,46.47974],[3.38992,46.47716],[3.38574,46.47429],[3.38702,46.47153],[3.38344,46.46793],[3.38766,46.46153],[3.39414,46.45891],[3.39915,46.45321],[3.41559,46.4467],[3.41175,46.44432],[3.41595,46.43603],[3.42021,46.43715],[3.42371,46.43376],[3.42909,46.43613],[3.43197,46.43365],[3.44399,46.43364],[3.44618,46.42601],[3.45364,46.42165],[3.46071,46.42251],[3.46414,46.42653],[3.47124,46.42591],[3.47234,46.43267]]]},"properties":{"code_territoire":"iris031970000","libelle_territoire":"Neuilly-le-Réal (commune non irisée)"}},
{"type":"Feature","geometry":{"type":"Polygon","coordinates":[[[2.95416,46.76383],[2.95396,46.75415],[2.95797,46.74293],[2.97042,46.73283],[2.96501,46.72924],[2.96456,46.72395],[2.9677,46.72009],[2.98503,46.72402],[2.99511,46.73507],[3.00118,46.73552],[3.00394,46.74412],[2.99801,46.75181],[2.99876,46.76237],[2.99508,46.76636],[2.98311,46.76047],[2.96956,46.75802],[2.96246,46.76321],[2.95416,46.76383]]]},"properties":{"code_territoire":"iris031980000","libelle_territoire":"Neure (commune non irisée)"}},
{"type":"Feature","geometry":{"type":"Polygon","coordinates":[[[3.24069,46.57977],[3.24641,46.57882],[3.24726,46.5769],[3.25344,46.57775],[3.26185,46.57262],[3.25852,46.57082],[3.26345,46.5691],[3.26738,46.55733],[3.2699,46.55582],[3.27708,46.55791],[3.27821,46.55191],[3.27454,46.54886],[3.27881,46.54738],[3.27635,46.54452],[3.27818,46.54038],[3.29219,46.5435],[3.30076,46.55292],[3.30401,46.55208],[3.30416,46.5483],[3.31287,46.54858],[3.31471,46.55426],[3.31104,46.55574],[3.30917,46.56779],[3.30396,46.57437],[3.30372,46.57793],[3.30911,46.58047],[3.28788,46.59651],[3.28896,46.60146],[3.28252,46.59936],[3.28241,46.59674],[3.27281,46.59408],[3.27366,46.59052],[3.26163,46.59085],[3.23675,46.58245],[3.23712,46.58009],[3.24069,46.57977]]]},"properties":{"code_territoire":"iris032000000","libelle_territoire":"Neuvy (commune non irisée)"}},
{"type":"Feature","geometry":{"type":"Polygon","coordinates":[[[3.60856,46.12791],[3.61426,46.12166],[3.61616,46.10839],[3.61915,46.10564],[3.62487,46.09982],[3.6344,46.09744],[3.63557,46.09035],[3.6432,46.0819],[3.65366,46.07766],[3.65425,46.08337],[3.65741,46.08134],[3.66255,46.08286],[3.66256,46.08061],[3.66823,46.08238],[3.67026,46.08358],[3.66795,46.08414],[3.66849,46.08765],[3.67094,46.0873],[3.67666,46.09173],[3.67512,46.09912],[3.66355,46.10521],[3.66567,46.10916],[3.6617,46.11074],[3.65769,46.10923],[3.65697,46.11127],[3.66467,46.11263],[3.6632,46.1162],[3.66585,46.1167],[3.66137,46.11761],[3.65101,46.12696],[3.65548,46.13184],[3.64511,46.13587],[3.63957,46.12828],[3.63132,46.12696],[3.61162,46.12947],[3.60856,46.12791]]]},"properties":{"code_territoire":"iris032010000","libelle_territoire":"Nizerolles (commune non irisée)"}},
{"type":"Feature","geometry":{"type":"Polygon","coordinates":[[[3.0814,46.4828],[3.07544,46.47542],[3.07434,46.46803],[3.08238,46.44898],[3.08686,46.44801],[3.09951,46.45436],[3.10525,46.46244],[3.11422,46.46608],[3.12797,46.46812],[3.14526,46.48935],[3.15328,46.48709],[3.15475,46.48388],[3.16112,46.48108],[3.15963,46.47934],[3.16331,46.47266],[3.17773,46.47925],[3.17657,46.48218],[3.16552,46.48956],[3.15563,46.50439],[3.15786,46.50799],[3.15546,46.50841],[3.12124,46.49621],[3.11416,46.49179],[3.09794,46.49003],[3.0814,46.4828]]]},"properties":{"code_territoire":"iris032020000","libelle_territoire":"Noyant-d'Allier (commune non irisée)"}},
{"type":"Feature","geometry":{"type":"Polygon","coordinates":[[[3.56607,46.64196],[3.5689,46.63979],[3.57405,46.64078],[3.57527,46.63528],[3.5826,46.63241],[3.58752,46.63537],[3.58883,46.6333],[3.59291,46.63499],[3.59705,46.63401],[3.60445,46.6268],[3.60326,46.62378],[3.61536,46.62138],[3.61565,46.61652],[3.62272,46.62041],[3.62636,46.62735],[3.63743,46.63374],[3.63671,46.64929],[3.64603,46.65418],[3.63456,46.66598],[3.63928,46.6726],[3.63997,46.67893],[3.63334,46.67829],[3.62856,46.69139],[3.61347,46.68829],[3.61433,46.68994],[3.60181,46.69929],[3.59031,46.69955],[3.59186,46.69421],[3.5653,46.68033],[3.56996,46.67747],[3.56985,46.67474],[3.55934,46.67222],[3.55655,46.66927],[3.56034,46.66877],[3.5593,46.66513],[3.57251,46.66172],[3.56517,46.64677],[3.56607,46.64196]]]},"properties":{"code_territoire":"iris032030000","libelle_territoire":"Paray-le-Frésil (commune non irisée)"}},
{"type":"Feature","geometry":{"type":"Polygon","coordinates":[[[3.40051,46.28587],[3.39362,46.28226],[3.39129,46.28294],[3.39254,46.28986],[3.38409,46.29556],[3.3891,46.29997],[3.3824,46.30233],[3.37987,46.30595],[3.38118,46.31404],[3.37677,46.31681],[3.37137,46.31633],[3.36592,46.31998],[3.35887,46.33205],[3.35168,46.32228],[3.34548,46.31954],[3.34483,46.31125],[3.34833,46.30922],[3.34668,46.29693],[3.33664,46.28803],[3.33232,46.28063],[3.33775,46.27757],[3.34252,46.28263],[3.34855,46.27994],[3.35484,46.28001],[3.36022,46.2687],[3.37378,46.25821],[3.3856,46.25895],[3.38572,46.26126],[3.3944,46.26303],[3.39358,46.26619],[3.39813,46.2701],[3.40753,46.26673],[3.40943,46.26966],[3.40051,46.28587]]]},"properties":{"code_territoire":"iris032040000","libelle_territoire":"Paray-sous-Briailles (commune non irisée)"}},
{"type":"Feature","geometry":{"type":"Polygon","coordinates":[[[3.54188,46.21294],[3.56272,46.22453],[3.56528,46.229],[3.57773,46.22619],[3.58897,46.23003],[3.58974,46.2278],[3.5939,46.23047],[3.59175,46.23333],[3.60687,46.25662],[3.59991,46.25881],[3.59537,46.2626],[3.58007,46.26736],[3.56237,46.27822],[3.55635,46.27675],[3.55816,46.27526],[3.54755,46.2734],[3.54938,46.26604],[3.53441,46.26509],[3.52871,46.25951],[3.5317,46.25561],[3.52824,46.24831],[3.52381,46.25067],[3.51538,46.25093],[3.51777,46.24657],[3.51676,46.23315],[3.52309,46.23537],[3.53217,46.23336],[3.53582,46.22881],[3.53862,46.21569],[3.54188,46.21294]]]},"properties":{"code_territoire":"iris032050000","libelle_territoire":"Périgny (commune non irisée)"}},
{"type":"Feature","geometry":{"type":"Polygon","coordinates":[[[2.55935,46.174],[2.56893,46.17278],[2.57088,46.17457],[2.57616,46.17278],[2.5824,46.17554],[2.58158,46.17841],[2.59179,46.18454],[2.59355,46.18917],[2.61072,46.19269],[2.60562,46.19649],[2.60286,46.19593],[2.58893,46.20193],[2.57632,46.19797],[2.56801,46.19908],[2.56447,46.20185],[2.55253,46.201],[2.54242,46.2055],[2.52992,46.20568],[2.52177,46.20256],[2.52548,46.20063],[2.52836,46.19448],[2.52578,46.18777],[2.53298,46.18072],[2.54315,46.17566],[2.55087,46.17728],[2.55454,46.17411],[2.55935,46.174]]]},"properties":{"code_territoire":"iris032060000","libelle_territoire":"La Petite-Marche (commune non irisée)"}},
{"type":"Feature","geometry":{"type":"Polygon","coordinates":[[[3.84504,46.51308],[3.83976,46.51756],[3.84646,46.52436],[3.83791,46.5317],[3.81777,46.5252],[3.80728,46.51934],[3.80176,46.5199],[3.79352,46.52773],[3.78067,46.52836],[3.78529,46.52288],[3.78334,46.5187],[3.77014,46.51261],[3.7641,46.51298],[3.75895,46.50794],[3.76632,46.4961],[3.78793,46.50327],[3.78392,46.49483],[3.78949,46.48924],[3.79936,46.48502],[3.80618,46.47427],[3.81186,46.47518],[3.81671,46.47095],[3.8237,46.47493],[3.824,46.47837],[3.83265,46.48338],[3.83242,46.49345],[3.8432,46.49518],[3.85028,46.49911],[3.85183,46.5059],[3.84511,46.51065],[3.84504,46.51308]]]},"properties":{"code_territoire":"iris032070000","libelle_territoire":"Pierrefitte-sur-Loire (commune non irisée)"}},
{"type":"Feature","geometry":{"type":"Polygon","coordinates":[[[3.86636,46.44565],[3.85997,46.43415],[3.86915,46.42806],[3.86384,46.42484],[3.86774,46.42128],[3.86461,46.41725],[3.85499,46.41685],[3.8553,46.41158],[3.85939,46.40651],[3.87401,46.40831],[3.87348,46.40575],[3.88153,46.40414],[3.87699,46.40142],[3.88391,46.39733],[3.88675,46.39662],[3.88669,46.39932],[3.89175,46.39867],[3.89273,46.40039],[3.89742,46.39747],[3.89935,46.39433],[3.89423,46.39423],[3.89089,46.38905],[3.89468,46.38742],[3.89417,46.38554],[3.89538,46.38705],[3.8988,46.38602],[3.90007,46.38964],[3.9025,46.38588],[3.9044,46.38841],[3.91229,46.38727],[3.91678,46.38932],[3.90926,46.39244],[3.90863,46.39597],[3.9226,46.40533],[3.91217,46.40828],[3.91138,46.41176],[3.90851,46.41148],[3.91934,46.41714],[3.91009,46.42486],[3.91225,46.4264],[3.90931,46.42809],[3.90378,46.44376],[3.90707,46.44507],[3.90127,46.4461],[3.8871,46.4583],[3.88346,46.45761],[3.88409,46.4555],[3.8761,46.45456],[3.88055,46.44751],[3.87504,46.44249],[3.87145,46.44233],[3.86891,46.44591],[3.86636,46.44565]]]},"properties":{"code_territoire":"iris032080000","libelle_territoire":"Le Pin (commune non irisée)"}},
{"type":"Feature","geometry":{"type":"Polygon","coordinates":[[[3.23247,46.06967],[3.24243,46.07944],[3.23236,46.08428],[3.22896,46.0791],[3.21854,46.08035],[3.21167,46.07801],[3.21445,46.07492],[3.22151,46.06653],[3.22649,46.07131],[3.23247,46.06967]]]},"properties":{"code_territoire":"iris032090000","libelle_territoire":"Poëzat (commune non irisée)"}},
{"type":"Feature","geometry":{"type":"Polygon","coordinates":[[[3.03064,46.68241],[3.02959,46.6924],[3.03712,46.69497],[3.03744,46.69884],[3.04511,46.69677],[3.04967,46.6988],[3.05509,46.69834],[3.05009,46.71336],[3.03264,46.73134],[3.03182,46.74042],[3.00394,46.74412],[3.00118,46.73552],[2.99511,46.73507],[2.98503,46.72402],[2.9677,46.72009],[2.97843,46.70116],[2.97188,46.68567],[2.96662,46.68538],[2.97041,46.67934],[2.96771,46.67852],[2.96734,46.67352],[2.97549,46.66964],[2.97509,46.66761],[2.98014,46.67108],[2.98216,46.66826],[2.99,46.66916],[2.99229,46.66982],[2.99874,46.6653],[3.00016,46.66797],[3.00692,46.67012],[3.0058,46.67706],[3.01194,46.67843],[3.01893,46.67719],[3.02059,46.68149],[3.03064,46.68241]]]},"properties":{"code_territoire":"iris032100000","libelle_territoire":"Pouzy-Mésangy (commune non irisée)"}},
{"type":"Feature","geometry":{"type":"Polygon","coordinates":[[[2.53754,46.33316],[2.53423,46.32978],[2.53086,46.3163],[2.52488,46.31751],[2.51513,46.31438],[2.52167,46.3073],[2.51838,46.30561],[2.52237,46.30386],[2.51527,46.2999],[2.51686,46.29369],[2.51423,46.29233],[2.51634,46.28401],[2.52274,46.28383],[2.52474,46.2803],[2.53096,46.2781],[2.54133,46.28632],[2.55744,46.29208],[2.56073,46.29522],[2.56327,46.2933],[2.56755,46.29618],[2.57247,46.29612],[2.57098,46.30495],[2.57323,46.31313],[2.58093,46.3206],[2.57536,46.33103],[2.57397,46.33833],[2.57339,46.33831],[2.55031,46.3373],[2.53754,46.33316]]]},"properties":{"code_territoire":"iris032110000","libelle_territoire":"Prémilhat (commune non irisée)"}}
]}