{"type":"FeatureCollection", "features": [
{"type":"Feature","geometry":{"type":"Polygon","coordinates":[[[0.38363,45.85338],[0.39302,45.85087],[0.411,45.85124],[0.4235,45.85298],[0.42617,45.85834],[0.43169,45.85834],[0.43954,45.85943],[0.43931,45.87209],[0.43452,45.8731],[0.4351,45.89099],[0.43147,45.89371],[0.43422,45.90788],[0.43092,45.90648],[0.41832,45.9073],[0.4146,45.91113],[0.40779,45.91256],[0.40361,45.91685],[0.40098,45.91684],[0.39395,45.91595],[0.38646,45.91228],[0.3742,45.91574],[0.37154,45.91424],[0.3543,45.9195],[0.34641,45.91766],[0.33879,45.90983],[0.3418,45.90736],[0.34139,45.90448],[0.33641,45.89998],[0.33674,45.89611],[0.33312,45.88912],[0.33755,45.88794],[0.33983,45.88268],[0.34406,45.88056],[0.34818,45.88332],[0.35646,45.88419],[0.36741,45.87905],[0.38076,45.87977],[0.38363,45.85338]]]},"properties":{"code_territoire":"iris160680000","libelle_territoire":"Cellefrouin (commune non irisée)"}},
{"type":"Feature","geometry":{"type":"Polygon","coordinates":[[[0.14281,45.88512],[0.13848,45.88201],[0.12853,45.88119],[0.12912,45.8761],[0.12523,45.87527],[0.11949,45.87054],[0.1283,45.86755],[0.1302,45.86016],[0.13384,45.85771],[0.13017,45.8549],[0.15058,45.84303],[0.1577,45.84591],[0.16989,45.86395],[0.15646,45.87162],[0.15804,45.87698],[0.14166,45.87852],[0.14174,45.88087],[0.14728,45.88274],[0.14281,45.88512]]]},"properties":{"code_territoire":"iris160690000","libelle_territoire":"Cellettes (commune non irisée)"}},
{"type":"Feature","geometry":{"type":"Polygon","coordinates":[[[0.70513,45.8395],[0.71586,45.8437],[0.71933,45.8476],[0.72259,45.84632],[0.7367,45.84815],[0.72886,45.85044],[0.72762,45.85359],[0.72311,45.85387],[0.72494,45.85879],[0.72311,45.86083],[0.72553,45.86309],[0.73346,45.86273],[0.73636,45.86965],[0.73566,45.87696],[0.73952,45.87722],[0.74147,45.88552],[0.72713,45.89171],[0.72082,45.88973],[0.71459,45.87883],[0.70005,45.87969],[0.70147,45.87726],[0.69917,45.87454],[0.70382,45.87378],[0.70375,45.86678],[0.69333,45.86741],[0.6847,45.8622],[0.67328,45.86167],[0.67385,45.85578],[0.67743,45.8518],[0.69393,45.8454],[0.69859,45.84617],[0.70513,45.8395]]]},"properties":{"code_territoire":"iris160700000","libelle_territoire":"Chabanais (commune non irisée)"}},
{"type":"Feature","geometry":{"type":"Polygon","coordinates":[[[0.78394,45.92276],[0.77495,45.93238],[0.77225,45.93259],[0.7762,45.94227],[0.75985,45.9511],[0.75466,45.94876],[0.7511,45.94997],[0.74481,45.95125],[0.74098,45.94968],[0.73691,45.95264],[0.73272,45.9501],[0.72996,45.95129],[0.71254,45.93963],[0.707,45.93299],[0.71039,45.93337],[0.71591,45.92756],[0.72745,45.92368],[0.72229,45.92019],[0.71873,45.91275],[0.72468,45.9063],[0.73654,45.90549],[0.74081,45.89757],[0.7421,45.89465],[0.75125,45.89561],[0.76115,45.90024],[0.76484,45.9027],[0.76146,45.90569],[0.76509,45.916],[0.76713,45.91477],[0.76825,45.91614],[0.77807,45.91604],[0.77825,45.91807],[0.78471,45.91974],[0.78394,45.92276]]]},"properties":{"code_territoire":"iris160710000","libelle_territoire":"Chabrac (commune non irisée)"}},
{"type":"Feature","geometry":{"type":"Polygon","coordinates":[[[0.16409,45.52566],[0.14307,45.52492],[0.13292,45.5039],[0.12365,45.5013],[0.11783,45.50201],[0.11639,45.49386],[0.12119,45.47664],[0.12395,45.47301],[0.12983,45.47072],[0.13133,45.46512],[0.12806,45.4589],[0.13563,45.46508],[0.14195,45.46493],[0.14529,45.46945],[0.15441,45.4721],[0.15494,45.47576],[0.1488,45.48059],[0.14904,45.48454],[0.15843,45.49621],[0.16067,45.50611],[0.16644,45.51067],[0.17445,45.52366],[0.16409,45.52566]]]},"properties":{"code_territoire":"iris160720000","libelle_territoire":"Chadurie (commune non irisée)"}},
{"type":"Feature","geometry":{"type":"Polygon","coordinates":[[[0.01512,45.28055],[0.02677,45.27668],[0.02281,45.27299],[0.02716,45.27122],[0.01196,45.2666],[0.01706,45.25609],[0.01349,45.24738],[0.02521,45.24396],[0.03346,45.23888],[0.03426,45.25111],[0.03802,45.25543],[0.05653,45.25266],[0.0618,45.26998],[0.05867,45.27463],[0.05018,45.27973],[0.05866,45.28843],[0.05712,45.29148],[0.06153,45.29749],[0.05873,45.29743],[0.05807,45.30872],[0.04742,45.3103],[0.03619,45.30947],[0.04243,45.30125],[0.03121,45.29967],[0.03509,45.28888],[0.0235,45.28925],[0.01512,45.28055]]]},"properties":{"code_territoire":"iris160730000","libelle_territoire":"Chalais (commune non irisée)"}},
{"type":"Feature","geometry":{"type":"Polygon","coordinates":[[[-0.08104,45.44324],[-0.08818,45.44307],[-0.08888,45.44661],[-0.09503,45.4498],[-0.10818,45.45193],[-0.10954,45.44804],[-0.10558,45.4408],[-0.10765,45.43711],[-0.10205,45.43508],[-0.09582,45.42771],[-0.09881,45.41587],[-0.10812,45.4157],[-0.10692,45.41089],[-0.10354,45.41103],[-0.09923,45.40415],[-0.09672,45.40069],[-0.08866,45.40112],[-0.08363,45.40577],[-0.07854,45.40624],[-0.07624,45.4032],[-0.07218,45.40547],[-0.06954,45.40396],[-0.06378,45.40599],[-0.06404,45.40797],[-0.05412,45.41464],[-0.05603,45.41716],[-0.05271,45.42084],[-0.0542,45.4253],[-0.07083,45.42392],[-0.07531,45.43378],[-0.08049,45.43753],[-0.08104,45.44324]]]},"properties":{"code_territoire":"iris160740000","libelle_territoire":"Challignac (commune non irisée)"}},
{"type":"Feature","geometry":{"type":"Polygon","coordinates":[[[0.06112,45.51329],[0.05974,45.51882],[0.05553,45.51814],[0.0543,45.52018],[0.04739,45.51786],[0.04343,45.52902],[0.04068,45.53044],[0.04036,45.53048],[0.02752,45.51604],[0.028,45.51218],[0.02366,45.50524],[0.02357,45.49566],[0.03033,45.49362],[0.032,45.49106],[0.03678,45.49197],[0.0463,45.4889],[0.05447,45.49071],[0.05235,45.49336],[0.05694,45.5042],[0.05601,45.51207],[0.06112,45.51329]]]},"properties":{"code_territoire":"iris160750000","libelle_territoire":"Champagne-Vigny (commune non irisée)"}},
{"type":"Feature","geometry":{"type":"Polygon","coordinates":[[[0.38486,45.99268],[0.38558,45.98883],[0.38282,45.98737],[0.3863,45.97997],[0.38197,45.97825],[0.3794,45.97299],[0.39193,45.97035],[0.39716,45.96701],[0.40066,45.96891],[0.4085,45.96572],[0.41849,45.96494],[0.42268,45.9651],[0.4272,45.97594],[0.43627,45.97311],[0.43953,45.97605],[0.44761,45.97764],[0.44661,45.99063],[0.43597,46.00261],[0.43556,46.00597],[0.41646,46.00808],[0.41669,46.01624],[0.42524,46.02286],[0.42658,46.02434],[0.42376,46.02668],[0.40865,46.03581],[0.40582,46.02209],[0.39465,46.01672],[0.3969,46.00723],[0.39464,46.00144],[0.39095,46.00345],[0.38677,46.00336],[0.38543,46.00057],[0.38075,46.00182],[0.38118,45.99757],[0.38653,45.99423],[0.38486,45.99268]]]},"properties":{"code_territoire":"iris160760000","libelle_territoire":"Champagne-Mouton (commune non irisée)"}},
{"type":"Feature","geometry":{"type":"Polygon","coordinates":[[[-0.0148,45.65252],[-0.01402,45.64869],[-0.01797,45.64657],[-0.0117,45.63981],[-0.01314,45.63055],[-0.00177,45.62717],[0.00179,45.63116],[0,45.63405],[0.0139,45.63403],[0.02873,45.64072],[0.03302,45.64452],[0.02622,45.6432],[0.01804,45.64661],[0.01747,45.64836],[0.02666,45.65744],[0.02063,45.66414],[0.01455,45.66559],[-0.00108,45.6639],[-0.00825,45.65706],[-0.00714,45.65504],[-0.0148,45.65252]]]},"properties":{"code_territoire":"iris160770000","libelle_territoire":"Champmillon (commune non irisée)"}},
{"type":"Feature","geometry":{"type":"Polygon","coordinates":[[[0.22105,45.75084],[0.21293,45.75479],[0.20817,45.7539],[0.20233,45.75591],[0.19354,45.7492],[0.18821,45.75366],[0.18551,45.75602],[0.17665,45.75107],[0.17367,45.75412],[0.16385,45.74532],[0.15936,45.74697],[0.15164,45.74288],[0.14921,45.73648],[0.1542,45.73055],[0.16268,45.72836],[0.1569,45.72036],[0.15081,45.71663],[0.1502,45.70644],[0.14457,45.70029],[0.16023,45.69961],[0.16216,45.69333],[0.16931,45.69453],[0.17097,45.68864],[0.17569,45.68828],[0.17794,45.68363],[0.17607,45.67744],[0.18154,45.67794],[0.20129,45.6853],[0.21843,45.68799],[0.22406,45.69094],[0.23018,45.69439],[0.23394,45.69063],[0.23914,45.69326],[0.24182,45.69205],[0.25048,45.69862],[0.26732,45.70226],[0.25315,45.70819],[0.22625,45.72582],[0.22409,45.72841],[0.22994,45.73171],[0.21449,45.7367],[0.21354,45.74043],[0.22105,45.75084]]]},"properties":{"code_territoire":"iris160780000","libelle_territoire":"Champniers (commune non irisée)"}},
{"type":"Feature","geometry":{"type":"Polygon","coordinates":[[[-0.24617,45.34763],[-0.25013,45.34151],[-0.26069,45.34276],[-0.26367,45.33883],[-0.27455,45.34829],[-0.27799,45.34807],[-0.27745,45.34446],[-0.28269,45.33889],[-0.27792,45.33659],[-0.29055,45.32669],[-0.28461,45.32481],[-0.28537,45.32137],[-0.28178,45.31495],[-0.28438,45.30895],[-0.27399,45.30244],[-0.26599,45.30227],[-0.26451,45.30014],[-0.25754,45.29892],[-0.25887,45.3067],[-0.25548,45.31075],[-0.24853,45.31089],[-0.23752,45.31568],[-0.23176,45.31402],[-0.22875,45.32166],[-0.21993,45.33724],[-0.21474,45.34124],[-0.24617,45.34763]]]},"properties":{"code_territoire":"iris160790000","libelle_territoire":"Chantillac (commune non irisée)"}},
{"type":"Feature","geometry":{"type":"Polygon","coordinates":[[[0.02804,45.82871],[0.03647,45.81924],[0.04135,45.82123],[0.05592,45.81701],[0.05425,45.82026],[0.06077,45.82376],[0.06455,45.82284],[0.07149,45.82618],[0.07701,45.825],[0.07671,45.83237],[0.0803,45.8344],[0.06415,45.84071],[0.04158,45.84157],[0.02912,45.83844],[0.02641,45.83535],[0.02804,45.82871]]]},"properties":{"code_territoire":"iris160810000","libelle_territoire":"La Chapelle (commune non irisée)"}},
{"type":"Feature","geometry":{"type":"Polygon","coordinates":[[[0.19873,45.43008],[0.19679,45.43094],[0.19844,45.43728],[0.20065,45.43611],[0.20467,45.44225],[0.20015,45.44436],[0.19618,45.45188],[0.18948,45.45403],[0.1943,45.46476],[0.19892,45.46893],[0.21135,45.46443],[0.22372,45.46889],[0.22405,45.47511],[0.23103,45.47672],[0.23897,45.4751],[0.24318,45.47608],[0.24644,45.48056],[0.23518,45.49181],[0.2254,45.49336],[0.21758,45.49779],[0.21053,45.48856],[0.20406,45.48278],[0.2015,45.48291],[0.19588,45.48587],[0.19254,45.49278],[0.19866,45.49758],[0.19638,45.50429],[0.18783,45.50873],[0.1696,45.5084],[0.16644,45.51067],[0.16067,45.50611],[0.15843,45.49621],[0.14904,45.48454],[0.1488,45.48059],[0.15494,45.47576],[0.15441,45.4721],[0.1545,45.46523],[0.16109,45.45997],[0.15762,45.45136],[0.16006,45.44339],[0.15729,45.43649],[0.16764,45.43088],[0.18331,45.43209],[0.19609,45.42864],[0.19873,45.43008]]]},"properties":{"code_territoire":"iris160820000","libelle_territoire":"Boisné-La Tude (commune non irisée)"}},
{"type":"Feature","geometry":{"type":"Polygon","coordinates":[[[0.13925,45.96393],[0.13099,45.96724],[0.13295,45.96992],[0.12794,45.97235],[0.12633,45.96859],[0.12107,45.96973],[0.11345,45.9673],[0.11227,45.96146],[0.1043,45.96208],[0.09781,45.95011],[0.09418,45.95103],[0.09292,45.94667],[0.09876,45.94486],[0.09463,45.93923],[0.10709,45.93304],[0.11956,45.92932],[0.1259,45.93844],[0.13354,45.93625],[0.13577,45.9419],[0.14648,45.9406],[0.1398,45.94811],[0.14325,45.95534],[0.14806,45.95574],[0.13786,45.95925],[0.13925,45.96393]]]},"properties":{"code_territoire":"iris160830000","libelle_territoire":"Charmé (commune non irisée)"}},
{"type":"Feature","geometry":{"type":"Polygon","coordinates":[[[0.39885,45.53898],[0.40581,45.54139],[0.40368,45.5364],[0.40935,45.53741],[0.41288,45.53368],[0.42783,45.53148],[0.4493,45.52392],[0.45966,45.52624],[0.46573,45.53952],[0.45782,45.54088],[0.45552,45.5462],[0.44885,45.55032],[0.45048,45.55142],[0.44781,45.55558],[0.44428,45.55707],[0.43865,45.55631],[0.42899,45.56172],[0.43068,45.56268],[0.42622,45.566],[0.42132,45.56497],[0.41948,45.56241],[0.41509,45.5623],[0.41257,45.55837],[0.40682,45.55654],[0.4016,45.55642],[0.3986,45.55921],[0.39439,45.55725],[0.38991,45.55841],[0.38726,45.5526],[0.39919,45.5456],[0.39885,45.53898]]]},"properties":{"code_territoire":"iris160840000","libelle_territoire":"Charras (commune non irisée)"}},
{"type":"Feature","geometry":{"type":"Polygon","coordinates":[[[0.443,45.79],[0.45691,45.79205],[0.46435,45.80332],[0.4587,45.81128],[0.46222,45.81252],[0.46795,45.81013],[0.47318,45.81075],[0.48167,45.82174],[0.48244,45.83012],[0.49047,45.83241],[0.48998,45.83764],[0.48575,45.83875],[0.45437,45.84678],[0.45595,45.85239],[0.45044,45.856],[0.443,45.85639],[0.44024,45.85097],[0.43169,45.85834],[0.42617,45.85834],[0.4235,45.85298],[0.411,45.85124],[0.4125,45.84729],[0.40594,45.83857],[0.41168,45.83653],[0.41181,45.83379],[0.40381,45.82934],[0.40007,45.82369],[0.41328,45.8215],[0.41686,45.81487],[0.41317,45.80974],[0.40527,45.8147],[0.40169,45.80946],[0.403,45.80255],[0.42252,45.79402],[0.43496,45.79369],[0.443,45.79]]]},"properties":{"code_territoire":"iris160850000","libelle_territoire":"Chasseneuil-sur-Bonnieure (commune non irisée)"}},
{"type":"Feature","geometry":{"type":"Polygon","coordinates":[[[0.78129,45.82057],[0.78811,45.82719],[0.79765,45.83088],[0.80603,45.84564],[0.81684,45.85831],[0.82116,45.86709],[0.81562,45.87017],[0.81164,45.86799],[0.8073,45.87018],[0.77217,45.86179],[0.76575,45.86531],[0.75869,45.86611],[0.74627,45.87233],[0.7437,45.87638],[0.73952,45.87722],[0.73566,45.87696],[0.73636,45.86965],[0.73346,45.86273],[0.72553,45.86309],[0.72311,45.86083],[0.72494,45.85879],[0.72311,45.85387],[0.72762,45.85359],[0.72886,45.85044],[0.7367,45.84815],[0.74705,45.84038],[0.75455,45.83802],[0.756,45.8344],[0.7691,45.83554],[0.76758,45.83159],[0.78129,45.82057]]]},"properties":{"code_territoire":"iris160860000","libelle_territoire":"Chassenon (commune non irisée)"}},
{"type":"Feature","geometry":{"type":"Polygon","coordinates":[[[0.33676,45.93675],[0.3494,45.93118],[0.36247,45.93135],[0.36492,45.93328],[0.36875,45.93296],[0.37325,45.93853],[0.38274,45.9431],[0.38585,45.94802],[0.39256,45.94874],[0.40206,45.96136],[0.39716,45.96701],[0.39193,45.97035],[0.3794,45.97299],[0.36531,45.95901],[0.3579,45.95709],[0.35301,45.96099],[0.34132,45.95162],[0.33778,45.94911],[0.3367,45.9368],[0.33676,45.93675]]]},"properties":{"code_territoire":"iris160870000","libelle_territoire":"Chassiecq (commune non irisée)"}},
{"type":"Feature","geometry":{"type":"Polygon","coordinates":[[[-0.22451,45.71919],[-0.22477,45.71413],[-0.229,45.7116],[-0.23525,45.70165],[-0.22077,45.69191],[-0.21848,45.693],[-0.1977,45.68673],[-0.19719,45.69101],[-0.1941,45.69015],[-0.1921,45.69201],[-0.19359,45.69412],[-0.18962,45.69591],[-0.19449,45.70498],[-0.19359,45.70705],[-0.19079,45.70673],[-0.18927,45.71162],[-0.18221,45.70971],[-0.18092,45.72057],[-0.18419,45.72822],[-0.18592,45.73017],[-0.19823,45.73231],[-0.21594,45.73178],[-0.21273,45.72781],[-0.21795,45.72455],[-0.21897,45.72043],[-0.22451,45.71919]]]},"properties":{"code_territoire":"iris160880000","libelle_territoire":"Chassors (commune non irisée)"}},
{"type":"Feature","geometry":{"type":"Polygon","coordinates":[[[-0.30372,45.65165],[-0.29353,45.67124],[-0.29507,45.67741],[-0.29295,45.67786],[-0.29042,45.68531],[-0.28713,45.68611],[-0.28669,45.68863],[-0.29835,45.6955],[-0.30171,45.69888],[-0.30943,45.69443],[-0.30569,45.69172],[-0.31246,45.68542],[-0.31744,45.68697],[-0.32882,45.68354],[-0.34374,45.6747],[-0.34137,45.67436],[-0.34106,45.66852],[-0.34698,45.6573],[-0.32559,45.65527],[-0.30372,45.65165]]]},"properties":{"code_territoire":"iris160890000","libelle_territoire":"Châteaubernard (commune non irisée)"}},
{"type":"Feature","geometry":{"type":"Polygon","coordinates":[[[-0.09994,45.59738],[-0.08901,45.58755],[-0.0734,45.59047],[-0.07618,45.58389],[-0.07313,45.58119],[-0.07338,45.57573],[-0.06416,45.57256],[-0.05917,45.57888],[-0.05196,45.57893],[-0.04816,45.57427],[-0.02924,45.5827],[-0.02213,45.57525],[-0.00536,45.58595],[-0.01131,45.5916],[-0.01092,45.60071],[-0.01305,45.6003],[-0.01322,45.60279],[-0.01754,45.60516],[-0.02264,45.60282],[-0.02606,45.60439],[-0.02255,45.60885],[-0.03258,45.61193],[-0.03093,45.61589],[-0.0336,45.61808],[-0.04136,45.62043],[-0.04849,45.61506],[-0.05659,45.62072],[-0.07127,45.61263],[-0.07986,45.6103],[-0.08428,45.61129],[-0.08308,45.60924],[-0.08716,45.60361],[-0.09594,45.60475],[-0.10655,45.60245],[-0.09994,45.59738]]]},"properties":{"code_territoire":"iris160900000","libelle_territoire":"Châteauneuf-sur-Charente (commune non irisée)"}},
{"type":"Feature","geometry":{"type":"Polygon","coordinates":[[[0.01784,45.35092],[-0.0052,45.36069],[-0.00954,45.36725],[-0.01749,45.36786],[-0.02119,45.36463],[-0.0209,45.36186],[-0.0244,45.35729],[-0.02785,45.35872],[-0.03235,45.35312],[-0.03067,45.3509],[-0.02552,45.3467],[-0.02591,45.34429],[-0.00988,45.33982],[-0.00666,45.33247],[-0.00186,45.33003],[-0.00009,45.33257],[0.00377,45.33108],[0.00445,45.33344],[0.01326,45.33419],[0.01219,45.338],[0.02407,45.33452],[0.02545,45.33849],[0.01784,45.35092]]]},"properties":{"code_territoire":"iris160910000","libelle_territoire":"Châtignac (commune non irisée)"}},
{"type":"Feature","geometry":{"type":"Polygon","coordinates":[[[0.40137,45.66506],[0.40348,45.66815],[0.3969,45.67087],[0.39056,45.67058],[0.38858,45.67383],[0.37113,45.66817],[0.37226,45.66427],[0.35458,45.6613],[0.35646,45.65863],[0.35444,45.65952],[0.35127,45.6575],[0.34933,45.65975],[0.33876,45.6568],[0.32882,45.65888],[0.31245,45.65156],[0.30718,45.65242],[0.3134,45.64281],[0.35565,45.62858],[0.35314,45.62439],[0.35404,45.61938],[0.36909,45.61791],[0.38525,45.61984],[0.39142,45.62898],[0.4072,45.63391],[0.39549,45.64734],[0.40006,45.6541],[0.3993,45.66349],[0.40137,45.66506]]]},"properties":{"code_territoire":"iris160930000","libelle_territoire":"Chazelles (commune non irisée)"}},
{"type":"Feature","geometry":{"type":"Polygon","coordinates":[[[0.19927,45.93955],[0.19807,45.93004],[0.20879,45.92742],[0.21605,45.93103],[0.22871,45.92982],[0.2376,45.93161],[0.24179,45.93953],[0.25082,45.94662],[0.24973,45.95076],[0.22836,45.95723],[0.22459,45.96032],[0.22272,45.95954],[0.22239,45.96373],[0.22006,45.96401],[0.21079,45.96195],[0.19927,45.93955]]]},"properties":{"code_territoire":"iris160950000","libelle_territoire":"Chenon (commune non irisée)"}},
{"type":"Feature","geometry":{"type":"Polygon","coordinates":[[[0.50064,45.82716],[0.4959,45.82548],[0.49768,45.82103],[0.51567,45.81524],[0.50348,45.81234],[0.51499,45.80655],[0.50915,45.80105],[0.53749,45.79386],[0.54332,45.79277],[0.55758,45.79755],[0.56131,45.79221],[0.56694,45.78929],[0.57027,45.78318],[0.5825,45.77802],[0.59254,45.78017],[0.59881,45.79707],[0.59498,45.79813],[0.59518,45.79984],[0.5969,45.80261],[0.60456,45.8044],[0.5932,45.81202],[0.60015,45.81956],[0.59933,45.82146],[0.59087,45.82227],[0.58595,45.83124],[0.58261,45.83303],[0.55827,45.82136],[0.55543,45.82176],[0.55322,45.82884],[0.54808,45.82694],[0.54063,45.83493],[0.5349,45.83327],[0.52308,45.83618],[0.52041,45.83343],[0.51906,45.83558],[0.50577,45.83648],[0.50493,45.8337],[0.50866,45.83102],[0.50064,45.82716]]]},"properties":{"code_territoire":"iris160960000","libelle_territoire":"Cherves-Châtelars (commune non irisée)"}},
{"type":"Feature","geometry":{"type":"Polygon","coordinates":[[[-0.29325,45.74945],[-0.29437,45.75434],[-0.2893,45.761],[-0.28493,45.76276],[-0.29006,45.76638],[-0.28879,45.76893],[-0.29441,45.76857],[-0.29677,45.7736],[-0.30337,45.77573],[-0.29943,45.78065],[-0.30149,45.78246],[-0.31187,45.78631],[-0.31962,45.78488],[-0.33056,45.76136],[-0.339,45.76252],[-0.35397,45.77106],[-0.36386,45.76678],[-0.36586,45.77979],[-0.37558,45.78363],[-0.3888,45.78361],[-0.40177,45.78661],[-0.4038,45.77034],[-0.40958,45.76724],[-0.41387,45.77164],[-0.42774,45.76331],[-0.43205,45.767],[-0.44353,45.76458],[-0.44941,45.76637],[-0.45298,45.75887],[-0.46316,45.75183],[-0.46002,45.73935],[-0.41562,45.74188],[-0.38969,45.74356],[-0.38365,45.73948],[-0.38055,45.73142],[-0.37257,45.73034],[-0.37319,45.72826],[-0.37002,45.72604],[-0.38421,45.71678],[-0.38401,45.71351],[-0.37643,45.70986],[-0.37294,45.71186],[-0.37365,45.71398],[-0.36417,45.71296],[-0.35852,45.7094],[-0.35317,45.71159],[-0.34952,45.71063],[-0.34849,45.71364],[-0.34832,45.71124],[-0.34651,45.71151],[-0.34551,45.71628],[-0.33884,45.7172],[-0.31912,45.71736],[-0.31538,45.71507],[-0.31664,45.71406],[-0.31492,45.71434],[-0.3106,45.73227],[-0.30652,45.74208],[-0.30334,45.74401],[-0.30314,45.74839],[-0.29402,45.7494],[-0.29325,45.74945]]]},"properties":{"code_territoire":"iris160970000","libelle_territoire":"Val-de-Cognac (commune non irisée)"}},
{"type":"Feature","geometry":{"type":"Polygon","coordinates":[[[0.1522,46.05127],[0.13536,46.05633],[0.13128,46.05368],[0.12948,46.04997],[0.11878,46.04715],[0.11576,46.0419],[0.13528,46.03243],[0.15051,46.03933],[0.1522,46.05127]]]},"properties":{"code_territoire":"iris160980000","libelle_territoire":"La Chèvrerie (commune non irisée)"}},
{"type":"Feature","geometry":{"type":"Polygon","coordinates":[[[-0.1076,45.38517],[-0.10943,45.38001],[-0.11251,45.36826],[-0.10605,45.35957],[-0.10814,45.34574],[-0.11102,45.34424],[-0.10734,45.33905],[-0.10941,45.32937],[-0.09979,45.32948],[-0.0955,45.34189],[-0.0842,45.34319],[-0.07437,45.35402],[-0.06306,45.36104],[-0.06163,45.36634],[-0.05649,45.36873],[-0.05963,45.3725],[-0.06565,45.37482],[-0.07368,45.37647],[-0.08039,45.37537],[-0.08156,45.38225],[-0.09693,45.38467],[-0.10229,45.38254],[-0.1076,45.38517]]]},"properties":{"code_territoire":"iris160990000","libelle_territoire":"Chillac (commune non irisée)"}},
{"type":"Feature","geometry":{"type":"Polygon","coordinates":[[[0.64219,45.94994],[0.64419,45.93448],[0.64063,45.92737],[0.63373,45.92179],[0.63598,45.90512],[0.64144,45.90573],[0.64954,45.90198],[0.65419,45.90421],[0.65913,45.90263],[0.65774,45.90111],[0.66002,45.90014],[0.66281,45.90283],[0.66683,45.90261],[0.66567,45.90141],[0.67342,45.89994],[0.67829,45.89664],[0.68038,45.89928],[0.68392,45.89907],[0.68948,45.89514],[0.69034,45.89158],[0.68714,45.88663],[0.69064,45.88237],[0.70005,45.87969],[0.71459,45.87883],[0.72082,45.88973],[0.72713,45.89171],[0.74147,45.88552],[0.74081,45.89757],[0.73654,45.90549],[0.72468,45.9063],[0.71873,45.91275],[0.72229,45.92019],[0.72745,45.92368],[0.71591,45.92756],[0.71039,45.93337],[0.707,45.93299],[0.70243,45.93351],[0.69888,45.93072],[0.70089,45.92947],[0.6977,45.92258],[0.69349,45.92475],[0.69279,45.93031],[0.68984,45.92991],[0.68742,45.9332],[0.68172,45.9318],[0.6825,45.93583],[0.67735,45.93596],[0.67261,45.94314],[0.66143,45.9431],[0.66119,45.94698],[0.65147,45.95115],[0.64765,45.95191],[0.64219,45.94994]]]},"properties":{"code_territoire":"iris161000000","libelle_territoire":"Chirac (commune non irisée)"}},
{"type":"Feature","geometry":{"type":"Polygon","coordinates":[[[0.0755,45.55641],[0.07201,45.56042],[0.06293,45.56036],[0.05716,45.56971],[0.05021,45.56975],[0.0479,45.57207],[0.02806,45.56422],[0.02729,45.5571],[0.01896,45.54374],[0.01689,45.54171],[0.02064,45.53994],[0.02034,45.53678],[0.03772,45.53654],[0.03634,45.53067],[0.04036,45.53048],[0.04068,45.53044],[0.04391,45.53761],[0.06327,45.53698],[0.06476,45.53508],[0.07223,45.53386],[0.07738,45.5396],[0.09009,45.54103],[0.08968,45.54363],[0.08237,45.54848],[0.08111,45.55311],[0.0755,45.55641]]]},"properties":{"code_territoire":"iris161010000","libelle_territoire":"Claix (commune non irisée)"}},
{"type":"Feature","geometry":{"type":"Polygon","coordinates":[[[-0.35745,45.68017],[-0.34387,45.68555],[-0.33641,45.69331],[-0.34409,45.69655],[-0.34872,45.69514],[-0.35673,45.70019],[-0.36167,45.68894],[-0.36868,45.68584],[-0.37357,45.68053],[-0.35745,45.68017]]]},"properties":{"code_territoire":"iris161020101","libelle_territoire":"Crouin"}},
{"type":"Feature","geometry":{"type":"Polygon","coordinates":[[[-0.35673,45.70019],[-0.34872,45.69514],[-0.34409,45.69655],[-0.33641,45.69331],[-0.3348,45.69503],[-0.32538,45.71033],[-0.3194,45.71211],[-0.31664,45.71406],[-0.31538,45.71507],[-0.31912,45.71736],[-0.33884,45.7172],[-0.34551,45.71628],[-0.34651,45.71151],[-0.34832,45.71124],[-0.34849,45.71364],[-0.34952,45.71063],[-0.34724,45.70616],[-0.35673,45.70019]]]},"properties":{"code_territoire":"iris161020102","libelle_territoire":"Saint-Jacques"}},
{"type":"Feature","geometry":{"type":"Polygon","coordinates":[[[-0.32882,45.68354],[-0.32898,45.68748],[-0.33265,45.68906],[-0.32954,45.69267],[-0.3348,45.69503],[-0.33641,45.69331],[-0.34387,45.68555],[-0.35745,45.68017],[-0.35827,45.67582],[-0.35422,45.67914],[-0.34374,45.6747],[-0.32882,45.68354]]]},"properties":{"code_territoire":"iris161020201","libelle_territoire":"Saint-Martin"}},
{"type":"Feature","geometry":{"type":"Polygon","coordinates":[[[-0.3194,45.71211],[-0.32538,45.71033],[-0.3348,45.69503],[-0.32954,45.69267],[-0.32486,45.69307],[-0.32304,45.69518],[-0.31271,45.70924],[-0.3194,45.71211]]]},"properties":{"code_territoire":"iris161020202","libelle_territoire":"Hôtel de Ville"}},
{"type":"Feature","geometry":{"type":"Polygon","coordinates":[[[-0.31744,45.68697],[-0.32486,45.69307],[-0.32954,45.69267],[-0.33265,45.68906],[-0.32898,45.68748],[-0.32882,45.68354],[-0.31744,45.68697]]]},"properties":{"code_territoire":"iris161020203","libelle_territoire":"Sacré-Cœur"}},
{"type":"Feature","geometry":{"type":"Polygon","coordinates":[[[-0.30569,45.69172],[-0.32304,45.69518],[-0.32486,45.69307],[-0.31744,45.68697],[-0.31246,45.68542],[-0.30569,45.69172]]]},"properties":{"code_territoire":"iris161020301","libelle_territoire":"Faubourg d'Angoulême"}},
{"type":"Feature","geometry":{"type":"Polygon","coordinates":[[[-0.30171,45.69888],[-0.31271,45.70924],[-0.32304,45.69518],[-0.30569,45.69172],[-0.30943,45.69443],[-0.30171,45.69888]]]},"properties":{"code_territoire":"iris161020302","libelle_territoire":"Champ de Foire"}},
{"type":"Feature","geometry":{"type":"Polygon","coordinates":[[[0.37591,45.50702],[0.37615,45.49793],[0.3793,45.49545],[0.37639,45.48544],[0.37865,45.48422],[0.38167,45.48643],[0.39078,45.48541],[0.40919,45.49266],[0.4139,45.49144],[0.42378,45.48335],[0.42498,45.48565],[0.43177,45.4857],[0.43204,45.50394],[0.43688,45.50511],[0.43915,45.50982],[0.44154,45.50974],[0.45025,45.51737],[0.4493,45.52392],[0.42783,45.53148],[0.41288,45.53368],[0.40935,45.53741],[0.40368,45.5364],[0.40581,45.54139],[0.39885,45.53898],[0.38993,45.53791],[0.38751,45.53395],[0.3892,45.5283],[0.3859,45.52624],[0.38488,45.52123],[0.37815,45.51722],[0.37916,45.50907],[0.37591,45.50702]]]},"properties":{"code_territoire":"iris161030000","libelle_territoire":"Combiers (commune non irisée)"}},
{"type":"Feature","geometry":{"type":"Polygon","coordinates":[[[0.22542,46.04939],[0.22242,46.04604],[0.21825,46.04664],[0.21561,46.03834],[0.20921,46.03041],[0.2119,46.02557],[0.20627,46.01937],[0.21403,46.01482],[0.21009,46.01206],[0.22344,46.01139],[0.24105,46.01367],[0.24403,46.01641],[0.25404,46.01619],[0.2562,46.02145],[0.25778,46.023],[0.24355,46.0248],[0.24174,46.03441],[0.23856,46.03446],[0.23234,46.04032],[0.23399,46.04203],[0.24755,46.04353],[0.24085,46.04676],[0.22832,46.04692],[0.22542,46.04939]]]},"properties":{"code_territoire":"iris161040000","libelle_territoire":"Condac (commune non irisée)"}},
{"type":"Feature","geometry":{"type":"Polygon","coordinates":[[[-0.10943,45.38001],[-0.1076,45.38517],[-0.1036,45.39059],[-0.10486,45.39636],[-0.10141,45.39758],[-0.10189,45.40365],[-0.09923,45.40415],[-0.10354,45.41103],[-0.10692,45.41089],[-0.10812,45.4157],[-0.09881,45.41587],[-0.09582,45.42771],[-0.10205,45.43508],[-0.10765,45.43711],[-0.11135,45.42718],[-0.13558,45.43516],[-0.13707,45.43003],[-0.15213,45.42544],[-0.15899,45.41392],[-0.15802,45.41043],[-0.16205,45.4065],[-0.1623,45.40173],[-0.17623,45.39994],[-0.17621,45.39724],[-0.18022,45.38764],[-0.17718,45.3807],[-0.16671,45.37594],[-0.1642,45.37154],[-0.15694,45.37134],[-0.15214,45.37388],[-0.15425,45.37742],[-0.15221,45.3807],[-0.14439,45.37939],[-0.13432,45.36985],[-0.12196,45.37073],[-0.11841,45.37207],[-0.11815,45.37775],[-0.10943,45.38001]]]},"properties":{"code_territoire":"iris161050000","libelle_territoire":"Condéon (commune non irisée)"}},
{"type":"Feature","geometry":{"type":"Polygon","coordinates":[[[0.68889,46.00022],[0.68954,46.0101],[0.68634,46.01062],[0.69262,46.01435],[0.69214,46.01654],[0.68969,46.02252],[0.68629,46.02104],[0.67569,46.02256],[0.67842,46.04029],[0.67987,46.0428],[0.68888,46.0418],[0.69912,46.04899],[0.70266,46.04999],[0.70829,46.0473],[0.71573,46.05166],[0.7152,46.05325],[0.70411,46.05466],[0.70799,46.05891],[0.70613,46.06081],[0.70276,46.06011],[0.69624,46.05772],[0.68945,46.04963],[0.68263,46.05626],[0.68349,46.04725],[0.68019,46.0431],[0.67499,46.04476],[0.66273,46.04401],[0.66054,46.04771],[0.65375,46.04587],[0.64456,46.05014],[0.64022,46.04949],[0.63918,46.04641],[0.6474,46.04477],[0.64607,46.04276],[0.63592,46.04447],[0.62724,46.042],[0.623,46.04278],[0.61848,46.0361],[0.61146,46.03339],[0.61747,46.03326],[0.62082,46.02707],[0.62777,46.02574],[0.63362,46.01901],[0.6371,46.01938],[0.65228,46.01118],[0.66709,46.00747],[0.65077,45.9959],[0.65009,45.98948],[0.65233,45.98816],[0.65806,45.99068],[0.67219,45.99118],[0.67427,45.98849],[0.68238,45.99587],[0.68698,45.99601],[0.68889,46.00022]]]},"properties":{"code_territoire":"iris161060000","libelle_territoire":"Confolens (commune non irisée)"}},
{"type":"Feature","geometry":{"type":"Polygon","coordinates":[[[0.30474,45.81925],[0.29707,45.821],[0.2871,45.83022],[0.27858,45.82774],[0.2709,45.83478],[0.25625,45.82321],[0.25676,45.81618],[0.25214,45.81152],[0.24399,45.80932],[0.24066,45.80446],[0.26774,45.80616],[0.26399,45.80201],[0.26619,45.79975],[0.28668,45.79207],[0.29441,45.80432],[0.29969,45.8072],[0.29819,45.80938],[0.30029,45.81288],[0.30659,45.81415],[0.30474,45.81925]]]},"properties":{"code_territoire":"iris161070000","libelle_territoire":"Coulgens (commune non irisée)"}},
{"type":"Feature","geometry":{"type":"Polygon","coordinates":[[[0.09426,45.85042],[0.08045,45.84385],[0.07845,45.84054],[0.0803,45.8344],[0.07671,45.83237],[0.08804,45.82957],[0.09269,45.82306],[0.10034,45.83472],[0.09517,45.83675],[0.09976,45.84374],[0.09808,45.8482],[0.09426,45.85042]]]},"properties":{"code_territoire":"iris161080000","libelle_territoire":"Coulonges (commune non irisée)"}},
{"type":"Feature","geometry":{"type":"Polygon","coordinates":[[[-0.15601,45.77965],[-0.16469,45.78137],[-0.15566,45.78986],[-0.16218,45.79272],[-0.16619,45.78768],[-0.1736,45.79043],[-0.17527,45.78869],[-0.18038,45.78861],[-0.18548,45.79087],[-0.18724,45.78828],[-0.19078,45.79007],[-0.20112,45.77824],[-0.20803,45.77616],[-0.21965,45.77721],[-0.22092,45.77542],[-0.19477,45.76593],[-0.19722,45.76146],[-0.19315,45.75947],[-0.19411,45.75756],[-0.19054,45.75461],[-0.16269,45.75656],[-0.16195,45.76621],[-0.15718,45.77175],[-0.16114,45.77217],[-0.15601,45.77965]]]},"properties":{"code_territoire":"iris161090000","libelle_territoire":"Courbillac (commune non irisée)"}},
{"type":"Feature","geometry":{"type":"Polygon","coordinates":[[[0.08369,45.97322],[0.09103,45.96987],[0.0929,45.97264],[0.09838,45.97066],[0.09917,45.9723],[0.10255,45.97175],[0.09791,45.96331],[0.1043,45.96208],[0.11227,45.96146],[0.11345,45.9673],[0.12107,45.96973],[0.12633,45.96859],[0.12794,45.97235],[0.13295,45.96992],[0.13099,45.96724],[0.13925,45.96393],[0.1438,45.96246],[0.14505,45.96445],[0.14784,45.96378],[0.15643,45.96702],[0.16472,45.97893],[0.17395,45.97386],[0.20217,45.97568],[0.20058,45.99261],[0.20003,46.00299],[0.20429,46.01099],[0.19284,46.00948],[0.18692,46.00799],[0.17838,46.00212],[0.17148,46.0025],[0.16956,46.00022],[0.15913,46.01024],[0.15177,46.01002],[0.14816,46.00638],[0.14545,46.00847],[0.14154,46.00487],[0.1343,46.0059],[0.13197,46.0012],[0.1199,45.99103],[0.10893,45.99116],[0.10565,45.986],[0.09926,45.98738],[0.09509,45.9858],[0.08919,45.9846],[0.08209,45.97473],[0.08369,45.97322]]]},"properties":{"code_territoire":"iris161100000","libelle_territoire":"Courcôme (commune non irisée)"}},
{"type":"Feature","geometry":{"type":"Polygon","coordinates":[[[0.09884,45.36323],[0.09882,45.36799],[0.09321,45.37234],[0.09517,45.37633],[0.09321,45.38013],[0.09842,45.38418],[0.09821,45.39122],[0.10224,45.39767],[0.10168,45.40413],[0.09746,45.40442],[0.10115,45.41129],[0.10781,45.41463],[0.10802,45.41966],[0.10626,45.42341],[0.0952,45.42719],[0.09015,45.42592],[0.08473,45.42039],[0.07162,45.41948],[0.06587,45.40672],[0.05068,45.38545],[0.06654,45.38265],[0.07137,45.37621],[0.06608,45.3746],[0.06903,45.37053],[0.06789,45.36707],[0.07284,45.36353],[0.08872,45.3606],[0.08996,45.36485],[0.09884,45.36323]]]},"properties":{"code_territoire":"iris161110000","libelle_territoire":"Courgeac (commune non irisée)"}},
{"type":"Feature","geometry":{"type":"Polygon","coordinates":[[[0.09294,45.28318],[0.10163,45.30106],[0.10627,45.31438],[0.09439,45.31773],[0.08999,45.31646],[0.08935,45.31222],[0.08258,45.31078],[0.0747,45.30352],[0.06404,45.29838],[0.07586,45.2901],[0.09294,45.28318]]]},"properties":{"code_territoire":"iris161120000","libelle_territoire":"Courlac (commune non irisée)"}},
{"type":"Feature","geometry":{"type":"Polygon","coordinates":[[[0.11378,45.63035],[0.099,45.61604],[0.08529,45.6099],[0.08576,45.60655],[0.09463,45.60994],[0.10182,45.61545],[0.10147,45.61121],[0.10398,45.61048],[0.1119,45.62326],[0.117,45.61875],[0.12299,45.62033],[0.12296,45.62906],[0.11773,45.63131],[0.11503,45.62909],[0.11378,45.63035]]]},"properties":{"code_territoire":"iris161130101","libelle_territoire":"Zone Artisanale"}},
{"type":"Feature","geometry":{"type":"Polygon","coordinates":[[[0.08576,45.60655],[0.0841,45.60204],[0.08845,45.60192],[0.09135,45.59015],[0.10204,45.59344],[0.10515,45.59184],[0.10757,45.59875],[0.10569,45.60572],[0.11192,45.60802],[0.10328,45.60779],[0.10398,45.61048],[0.10147,45.61121],[0.10182,45.61545],[0.09463,45.60994],[0.08576,45.60655]]]},"properties":{"code_territoire":"iris161130102","libelle_territoire":"Centre Ville"}},
{"type":"Feature","geometry":{"type":"Polygon","coordinates":[[[0.13998,45.58945],[0.14247,45.59737],[0.14129,45.6028],[0.14404,45.60578],[0.15128,45.60721],[0.15085,45.61721],[0.14554,45.62],[0.14012,45.62239],[0.14157,45.62415],[0.12878,45.63375],[0.12648,45.63505],[0.12296,45.62906],[0.12299,45.62033],[0.117,45.61875],[0.1119,45.62326],[0.10398,45.61048],[0.10328,45.60779],[0.11192,45.60802],[0.10569,45.60572],[0.10757,45.59875],[0.10515,45.59184],[0.10204,45.59344],[0.09135,45.59015],[0.08845,45.60192],[0.0841,45.60204],[0.08576,45.60655],[0.08529,45.6099],[0.099,45.61604],[0.11378,45.63035],[0.10844,45.63588],[0.10511,45.63483],[0.10256,45.6391],[0.09819,45.63905],[0.09043,45.63829],[0.07162,45.62564],[0.06433,45.61063],[0.06981,45.61156],[0.07994,45.60925],[0.08207,45.60445],[0.08019,45.59234],[0.09152,45.58608],[0.09159,45.58162],[0.1045,45.58166],[0.11042,45.58399],[0.11772,45.57975],[0.12486,45.58395],[0.12927,45.58373],[0.13,45.58637],[0.13535,45.58736],[0.13794,45.59031],[0.13998,45.58945]]]},"properties":{"code_territoire":"iris161130103","libelle_territoire":"Zone Rurale"}},
{"type":"Feature","geometry":{"type":"Polygon","coordinates":[[[0.30137,45.94675],[0.29506,45.94061],[0.29208,45.9406],[0.27851,45.94702],[0.27402,45.94593],[0.27265,45.94726],[0.26519,45.94477],[0.26359,45.94687],[0.25548,45.94705],[0.25638,45.9442],[0.2678,45.93566],[0.27264,45.92258],[0.27944,45.91467],[0.29052,45.91197],[0.29858,45.91789],[0.306,45.9254],[0.31495,45.92416],[0.32111,45.92667],[0.3184,45.93485],[0.30537,45.93482],[0.30885,45.93708],[0.30145,45.94068],[0.30581,45.94412],[0.30137,45.94675]]]},"properties":{"code_territoire":"iris161140000","libelle_territoire":"Couture (commune non irisée)"}},
{"type":"Feature","geometry":{"type":"Polygon","coordinates":[[[-0.24128,45.55344],[-0.24581,45.5443],[-0.24765,45.54614],[-0.25978,45.5401],[-0.24836,45.53443],[-0.21857,45.52491],[-0.21485,45.52526],[-0.20586,45.52422],[-0.20077,45.52011],[-0.19037,45.52181],[-0.18537,45.52235],[-0.18022,45.51759],[-0.17128,45.51692],[-0.17016,45.52552],[-0.17457,45.52719],[-0.18091,45.53931],[-0.18516,45.53812],[-0.18658,45.53945],[-0.19488,45.5539],[-0.20699,45.55438],[-0.21727,45.55143],[-0.22489,45.54557],[-0.23151,45.54426],[-0.23588,45.5521],[-0.24128,45.55344]]]},"properties":{"code_territoire":"iris161160000","libelle_territoire":"Criteuil-la-Magdeleine (commune non irisée)"}},
{"type":"Feature","geometry":{"type":"Polygon","coordinates":[[[0.03619,45.30947],[0.02655,45.30696],[0.02724,45.30473],[0.02504,45.30547],[0.0244,45.3032],[0.01568,45.30565],[0.01092,45.3051],[0.00976,45.29639],[0.00611,45.29699],[0.00439,45.29231],[0.00677,45.29163],[0.01027,45.28283],[0.01512,45.28055],[0.0235,45.28925],[0.03509,45.28888],[0.03121,45.29967],[0.04243,45.30125],[0.03619,45.30947]]]},"properties":{"code_territoire":"iris161170000","libelle_territoire":"Curac (commune non irisée)"}},
{"type":"Feature","geometry":{"type":"Polygon","coordinates":[[[-0.00583,45.40294],[0.01247,45.40189],[0.02446,45.39102],[0.03553,45.38811],[0.04088,45.38903],[0.04032,45.40115],[0.02998,45.40635],[0.015,45.41838],[0.01593,45.42016],[0.01122,45.42291],[0.01194,45.4274],[0.00889,45.42926],[0.00537,45.42743],[0.00329,45.43048],[0.00015,45.43068],[-0.00039,45.43427],[-0.00276,45.43412],[0.00075,45.42765],[0.00017,45.42532],[-0.00535,45.4275],[-0.00583,45.40294]]]},"properties":{"code_territoire":"iris161180000","libelle_territoire":"Deviat (commune non irisée)"}},
{"type":"Feature","geometry":{"type":"Polygon","coordinates":[[[0.2765,45.53256],[0.27941,45.53612],[0.28486,45.53591],[0.28915,45.53248],[0.29624,45.5313],[0.29715,45.52902],[0.30905,45.52744],[0.31122,45.53734],[0.31605,45.53848],[0.31827,45.54343],[0.31747,45.54913],[0.33066,45.5492],[0.33439,45.55584],[0.33268,45.55763],[0.3286,45.55702],[0.32752,45.55525],[0.32115,45.55743],[0.31802,45.56636],[0.31325,45.56762],[0.31458,45.57216],[0.31187,45.57814],[0.29908,45.57392],[0.29151,45.57911],[0.28617,45.58262],[0.2766,45.5738],[0.26698,45.57718],[0.25115,45.57216],[0.24035,45.57629],[0.24598,45.56869],[0.2471,45.55946],[0.25136,45.55687],[0.2498,45.55318],[0.2459,45.55359],[0.24217,45.54797],[0.24664,45.54469],[0.24392,45.54163],[0.24733,45.54018],[0.24536,45.53414],[0.24782,45.52991],[0.25265,45.52904],[0.25836,45.53731],[0.27164,45.53161],[0.2765,45.53256]]]},"properties":{"code_territoire":"iris161190000","libelle_territoire":"Dignac (commune non irisée)"}},
{"type":"Feature","geometry":{"type":"Polygon","coordinates":[[[0.18543,45.62759],[0.18702,45.61958],[0.19531,45.61176],[0.18582,45.60603],[0.18349,45.60154],[0.18808,45.60298],[0.19364,45.59857],[0.20138,45.59907],[0.20288,45.59634],[0.21434,45.59189],[0.22061,45.58492],[0.22838,45.58318],[0.24035,45.57629],[0.25115,45.57216],[0.26698,45.57718],[0.2766,45.5738],[0.28617,45.58262],[0.29151,45.57911],[0.29593,45.58465],[0.29198,45.58827],[0.29724,45.58983],[0.29739,45.59351],[0.29549,45.60039],[0.29313,45.59961],[0.28835,45.60326],[0.28275,45.60272],[0.27059,45.60941],[0.26199,45.60727],[0.25442,45.6088],[0.25226,45.61437],[0.24713,45.6183],[0.22917,45.61916],[0.22692,45.61703],[0.21746,45.62028],[0.20141,45.62275],[0.18614,45.63052],[0.18543,45.62759]]]},"properties":{"code_territoire":"iris161200000","libelle_territoire":"Dirac (commune non irisée)"}},
{"type":"Feature","geometry":{"type":"Polygon","coordinates":[[[0.02516,45.69167],[0.02328,45.69253],[0.02708,45.69563],[0.01145,45.70678],[0.01462,45.70738],[0.01035,45.71686],[0.01704,45.71992],[0.0164,45.72213],[0.0108,45.72377],[0.00481,45.71666],[-0.00161,45.71777],[-0.01197,45.71637],[-0.02004,45.71202],[-0.03078,45.70604],[-0.02874,45.70563],[-0.02557,45.69456],[-0.0228,45.69499],[-0.0245,45.69104],[-0.02818,45.68656],[-0.02325,45.68469],[-0.0189,45.68538],[-0.01294,45.69011],[-0.00456,45.6839],[0.00389,45.68759],[0.0108,45.68542],[0.01352,45.68929],[0.01911,45.68588],[0.02516,45.69167]]]},"properties":{"code_territoire":"iris161210000","libelle_territoire":"Douzat (commune non irisée)"}},
{"type":"Feature","geometry":{"type":"Polygon","coordinates":[[[0.04694,45.95153],[0.03442,45.96378],[0.02244,45.96934],[0.01966,45.96466],[0.0208,45.95278],[0.01764,45.94249],[0.00582,45.9256],[0.00649,45.92371],[0.00951,45.92671],[0.01441,45.92605],[0.01491,45.92766],[0.02561,45.92355],[0.03958,45.9213],[0.04902,45.94006],[0.04358,45.94214],[0.05273,45.94608],[0.0471,45.94899],[0.04694,45.95153]]]},"properties":{"code_territoire":"iris161220000","libelle_territoire":"Ébréon (commune non irisée)"}},
{"type":"Feature","geometry":{"type":"Polygon","coordinates":[[[-0.0524,45.74547],[-0.05837,45.73955],[-0.06508,45.73861],[-0.07071,45.73429],[-0.07878,45.72352],[-0.06982,45.71843],[-0.06981,45.71597],[-0.05097,45.71312],[-0.04564,45.71058],[-0.04758,45.70695],[-0.03674,45.70597],[-0.03962,45.69159],[-0.0245,45.69104],[-0.0228,45.69499],[-0.02557,45.69456],[-0.02874,45.70563],[-0.03078,45.70604],[-0.02004,45.71202],[-0.01227,45.72074],[-0.01449,45.72564],[-0.01985,45.73156],[-0.03589,45.74083],[-0.0378,45.73885],[-0.0524,45.74547]]]},"properties":{"code_territoire":"iris161230000","libelle_territoire":"Échallat (commune non irisée)"}},
{"type":"Feature","geometry":{"type":"Polygon","coordinates":[[[0.59395,45.71327],[0.55998,45.70661],[0.55194,45.69152],[0.54461,45.68823],[0.53597,45.68501],[0.52843,45.67967],[0.52676,45.67572],[0.52853,45.66899],[0.53418,45.6706],[0.53936,45.66958],[0.53522,45.66338],[0.54018,45.66042],[0.54969,45.65853],[0.56149,45.66294],[0.56442,45.6594],[0.55978,45.65604],[0.56706,45.65333],[0.57129,45.65381],[0.57319,45.65769],[0.57718,45.65671],[0.57841,45.66073],[0.58283,45.65852],[0.58707,45.6597],[0.58889,45.66155],[0.58594,45.66776],[0.59664,45.66953],[0.60096,45.6726],[0.59112,45.67563],[0.5973,45.67672],[0.60309,45.68073],[0.60158,45.68304],[0.60457,45.69438],[0.60165,45.69966],[0.5936,45.70135],[0.59395,45.71327]]]},"properties":{"code_territoire":"iris161240000","libelle_territoire":"Écuras (commune non irisée)"}},
{"type":"Feature","geometry":{"type":"Polygon","coordinates":[[[0.33778,45.51549],[0.33591,45.50964],[0.32846,45.50471],[0.33633,45.49856],[0.33392,45.49481],[0.32623,45.49197],[0.32605,45.48743],[0.33158,45.47997],[0.33462,45.46022],[0.33836,45.46275],[0.3442,45.46055],[0.34937,45.4644],[0.35927,45.46632],[0.36089,45.47681],[0.36641,45.47465],[0.37591,45.47597],[0.37874,45.47852],[0.37865,45.48422],[0.37639,45.48544],[0.3793,45.49545],[0.37615,45.49793],[0.37591,45.50702],[0.37001,45.50383],[0.35855,45.50736],[0.35468,45.50676],[0.34698,45.51398],[0.33778,45.51549]]]},"properties":{"code_territoire":"iris161250000","libelle_territoire":"Édon (commune non irisée)"}},
{"type":"Feature","geometry":{"type":"Polygon","coordinates":[[[0.08212,46.03383],[0.05777,46.04017],[0.05479,46.04085],[0.04717,46.03094],[0.04598,46.03298],[0.04028,46.03169],[0.03729,46.0286],[0.03148,46.03119],[0.02776,46.02963],[0.01934,46.01268],[0.02027,46.00948],[0.02628,46.01043],[0.02998,46.01478],[0.03618,46.0123],[0.05539,46.01358],[0.06435,46.01484],[0.06329,46.01828],[0.06855,46.02666],[0.07029,46.02597],[0.08212,46.03383]]]},"properties":{"code_territoire":"iris161270000","libelle_territoire":"Empuré (commune non irisée)"}},
{"type":"Feature","geometry":{"type":"Polygon","coordinates":[[[0.5355,46.04269],[0.53992,46.04423],[0.53894,46.04688],[0.54273,46.04736],[0.55092,46.0545],[0.55646,46.06472],[0.5547,46.07122],[0.56797,46.07186],[0.57371,46.0747],[0.5741,46.07813],[0.57376,46.08117],[0.56355,46.09034],[0.55787,46.08917],[0.55427,46.09126],[0.55395,46.08959],[0.53991,46.08555],[0.53479,46.08505],[0.52984,46.08182],[0.50917,46.07803],[0.51118,46.07512],[0.50018,46.06849],[0.50564,46.06629],[0.50767,46.06133],[0.51248,46.05968],[0.51944,46.0521],[0.5355,46.04269]]]},"properties":{"code_territoire":"iris161280000","libelle_territoire":"Épenède (commune non irisée)"}},
{"type":"Feature","geometry":{"type":"Polygon","coordinates":[[[0.09206,45.22771],[0.09861,45.22747],[0.10399,45.22095],[0.11512,45.21398],[0.11948,45.21521],[0.12141,45.21821],[0.12103,45.23113],[0.12923,45.24444],[0.13094,45.25441],[0.12309,45.25398],[0.1169,45.2595],[0.10809,45.25501],[0.09901,45.24366],[0.09179,45.24283],[0.08964,45.24064],[0.09206,45.22771]]]},"properties":{"code_territoire":"iris161300000","libelle_territoire":"Les Essards (commune non irisée)"}},
{"type":"Feature","geometry":{"type":"Polygon","coordinates":[[[0.73777,46.0043],[0.74706,46.009],[0.75239,46.01678],[0.76205,46.02241],[0.76028,46.02513],[0.76409,46.02982],[0.76907,46.03169],[0.76873,46.04045],[0.76568,46.04172],[0.76041,46.04604],[0.74935,46.0465],[0.74409,46.04995],[0.74013,46.04701],[0.73378,46.04724],[0.72858,46.0507],[0.71573,46.05166],[0.70829,46.0473],[0.70266,46.04999],[0.69912,46.04899],[0.68888,46.0418],[0.67987,46.0428],[0.67842,46.04029],[0.67569,46.02256],[0.68629,46.02104],[0.68969,46.02252],[0.69214,46.01654],[0.69262,46.01435],[0.68634,46.01062],[0.68954,46.0101],[0.68889,46.00022],[0.6969,45.99704],[0.70887,45.99946],[0.71354,45.9979],[0.71951,45.99865],[0.72339,46.00229],[0.73777,46.0043]]]},"properties":{"code_territoire":"iris161310000","libelle_territoire":"Esse (commune non irisée)"}},
{"type":"Feature","geometry":{"type":"Polygon","coordinates":[[[0.8073,45.87018],[0.81666,45.87803],[0.82715,45.88277],[0.82449,45.88919],[0.81261,45.89727],[0.8175,45.90205],[0.81575,45.91743],[0.80828,45.9184],[0.80298,45.91666],[0.79654,45.92112],[0.7885,45.92184],[0.78782,45.92368],[0.78394,45.92276],[0.78471,45.91974],[0.77825,45.91807],[0.77807,45.91604],[0.76825,45.91614],[0.76713,45.91477],[0.76509,45.916],[0.76146,45.90569],[0.76484,45.9027],[0.76115,45.90024],[0.75125,45.89561],[0.7421,45.89465],[0.74081,45.89757],[0.74147,45.88552],[0.73952,45.87722],[0.7437,45.87638],[0.74627,45.87233],[0.75869,45.86611],[0.76575,45.86531],[0.77217,45.86179],[0.8073,45.87018]]]},"properties":{"code_territoire":"iris161320000","libelle_territoire":"Étagnac (commune non irisée)"}},
{"type":"Feature","geometry":{"type":"Polygon","coordinates":[[[0.01896,45.54374],[-0.00227,45.5502],[0.00031,45.54295],[-0.0026,45.53958],[-0.01668,45.53767],[-0.0169,45.53401],[-0.02237,45.53159],[-0.02885,45.53225],[-0.03286,45.52854],[-0.03334,45.52216],[-0.02994,45.51634],[-0.0352,45.51571],[-0.0349,45.51347],[-0.02996,45.51322],[-0.02427,45.50617],[-0.01447,45.51223],[0.00327,45.51348],[0.0002,45.52529],[0.00341,45.52545],[0.01165,45.53276],[0.01689,45.54171],[0.01896,45.54374]]]},"properties":{"code_territoire":"iris161330000","libelle_territoire":"Étriac (commune non irisée)"}},
{"type":"Feature","geometry":{"type":"Polygon","coordinates":[[[0.62719,45.89026],[0.62953,45.88753],[0.6368,45.89127],[0.64297,45.88953],[0.63645,45.87969],[0.64037,45.87526],[0.64552,45.87393],[0.63495,45.86404],[0.64006,45.86308],[0.63782,45.86047],[0.64194,45.85869],[0.63871,45.85671],[0.64397,45.85156],[0.65945,45.85891],[0.67328,45.86167],[0.6847,45.8622],[0.69333,45.86741],[0.70375,45.86678],[0.70382,45.87378],[0.69917,45.87454],[0.70147,45.87726],[0.70005,45.87969],[0.69064,45.88237],[0.68714,45.88663],[0.69034,45.89158],[0.68948,45.89514],[0.68392,45.89907],[0.68038,45.89928],[0.67829,45.89664],[0.67342,45.89994],[0.66567,45.90141],[0.66683,45.90261],[0.66281,45.90283],[0.66002,45.90014],[0.65774,45.90111],[0.65913,45.90263],[0.65419,45.90421],[0.64954,45.90198],[0.64144,45.90573],[0.63598,45.90512],[0.63671,45.90084],[0.6301,45.8984],[0.63202,45.89455],[0.62719,45.89026]]]},"properties":{"code_territoire":"iris161340000","libelle_territoire":"Exideuil-sur-Vienne (commune non irisée)"}},
{"type":"Feature","geometry":{"type":"Polygon","coordinates":[[[0.53542,45.64286],[0.53738,45.6378],[0.53366,45.63585],[0.53845,45.62873],[0.54066,45.6316],[0.54659,45.62868],[0.5459,45.63223],[0.54245,45.6334],[0.54687,45.63514],[0.56095,45.6327],[0.57545,45.64093],[0.56706,45.65333],[0.55978,45.65604],[0.56442,45.6594],[0.56149,45.66294],[0.54969,45.65853],[0.54018,45.66042],[0.5327,45.65658],[0.52847,45.65905],[0.52447,45.65798],[0.52409,45.65599],[0.51995,45.65725],[0.52862,45.65173],[0.5301,45.64729],[0.53619,45.64476],[0.53542,45.64286]]]},"properties":{"code_territoire":"iris161350000","libelle_territoire":"Eymouthiers (commune non irisée)"}},
{"type":"Feature","geometry":{"type":"Polygon","coordinates":[[[0.1343,46.0059],[0.14154,46.00487],[0.14545,46.00847],[0.14816,46.00638],[0.15177,46.01002],[0.15913,46.01024],[0.16956,46.00022],[0.17148,46.0025],[0.17838,46.00212],[0.18692,46.00799],[0.19284,46.00948],[0.19552,46.01897],[0.17819,46.02284],[0.17904,46.02899],[0.17327,46.02921],[0.17202,46.03341],[0.16079,46.03451],[0.15051,46.03933],[0.13528,46.03243],[0.12687,46.02046],[0.1247,46.0135],[0.13837,46.01605],[0.1343,46.0059]]]},"properties":{"code_territoire":"iris161360000","libelle_territoire":"La Faye (commune non irisée)"}},
{"type":"Feature","geometry":{"type":"Polygon","coordinates":[[[0.50029,45.6196],[0.49449,45.62535],[0.4888,45.62338],[0.48148,45.62749],[0.47556,45.62797],[0.47193,45.62535],[0.4625,45.62362],[0.46492,45.61841],[0.45552,45.61163],[0.45317,45.60596],[0.45535,45.60511],[0.4543,45.60076],[0.44992,45.59587],[0.45131,45.59261],[0.44478,45.5907],[0.4473,45.58817],[0.43661,45.5767],[0.43858,45.57516],[0.43541,45.57056],[0.42622,45.566],[0.43068,45.56268],[0.42899,45.56172],[0.43865,45.55631],[0.44428,45.55707],[0.44781,45.55558],[0.45761,45.56963],[0.46192,45.56903],[0.46419,45.56614],[0.46245,45.56399],[0.47694,45.57013],[0.47504,45.57501],[0.47825,45.58034],[0.49315,45.59077],[0.49141,45.59171],[0.49476,45.59955],[0.4922,45.60198],[0.49384,45.60845],[0.49638,45.6132],[0.50082,45.61278],[0.50145,45.61539],[0.50029,45.6196]]]},"properties":{"code_territoire":"iris161370000","libelle_territoire":"Feuillade (commune non irisée)"}},
{"type":"Feature","geometry":{"type":"Polygon","coordinates":[[[0.09544,45.64504],[0.10112,45.64486],[0.10614,45.65063],[0.1052,45.65264],[0.09973,45.66328],[0.10133,45.66955],[0.10648,45.67162],[0.11241,45.66921],[0.11446,45.67128],[0.10752,45.68294],[0.10317,45.68572],[0.09517,45.68661],[0.0939,45.7022],[0.08509,45.70679],[0.0781,45.69925],[0.07597,45.68697],[0.05852,45.67526],[0.06167,45.67134],[0.06793,45.67265],[0.08056,45.66395],[0.07818,45.66017],[0.08809,45.66016],[0.09179,45.65569],[0.09304,45.65108],[0.09031,45.64827],[0.09299,45.64456],[0.09544,45.64504]]]},"properties":{"code_territoire":"iris161380000","libelle_territoire":"Fléac (commune non irisée)"}},
{"type":"Feature","geometry":{"type":"Polygon","coordinates":[[[-0.06981,45.71597],[-0.06982,45.71843],[-0.07878,45.72352],[-0.09636,45.72406],[-0.09729,45.71348],[-0.08856,45.71191],[-0.08498,45.71379],[-0.08055,45.71197],[-0.08022,45.71406],[-0.07577,45.71316],[-0.06981,45.71597]]]},"properties":{"code_territoire":"iris161390000","libelle_territoire":"Fleurac (commune non irisée)"}},
{"type":"Feature","geometry":{"type":"Polygon","coordinates":[[[0.1983,45.9252],[0.19744,45.92527],[0.19031,45.92495],[0.18647,45.92948],[0.16665,45.92708],[0.16263,45.91579],[0.14781,45.91694],[0.14134,45.9114],[0.15528,45.90436],[0.15176,45.89903],[0.16856,45.90378],[0.17564,45.89881],[0.17778,45.89866],[0.17698,45.89368],[0.18243,45.89395],[0.18502,45.89728],[0.19059,45.89868],[0.18787,45.90622],[0.18955,45.90889],[0.18458,45.9101],[0.19988,45.90931],[0.19912,45.92008],[0.1983,45.9252]]]},"properties":{"code_territoire":"iris161410000","libelle_territoire":"Fontenille (commune non irisée)"}},
{"type":"Feature","geometry":{"type":"Polygon","coordinates":[[[0.05256,46.06986],[0.0647,46.06465],[0.05977,46.05973],[0.06377,46.05778],[0.0665,46.05642],[0.07227,46.06223],[0.07494,46.06126],[0.07881,46.06425],[0.09307,46.0585],[0.09476,46.06225],[0.09917,46.07632],[0.09754,46.07837],[0.1038,46.08864],[0.09717,46.08913],[0.0784,46.09452],[0.06789,46.09193],[0.05668,46.08548],[0.05473,46.08348],[0.05689,46.08225],[0.05087,46.07946],[0.06266,46.07269],[0.05256,46.06986]]]},"properties":{"code_territoire":"iris161420000","libelle_territoire":"La Forêt-de-Tessé (commune non irisée)"}},
{"type":"Feature","geometry":{"type":"Polygon","coordinates":[[[0.17339,45.56482],[0.17402,45.5543],[0.16893,45.55402],[0.16731,45.55056],[0.15588,45.54938],[0.15083,45.54371],[0.16435,45.54179],[0.1596,45.5332],[0.16324,45.5306],[0.16409,45.52566],[0.17445,45.52366],[0.16644,45.51067],[0.1696,45.5084],[0.18783,45.50873],[0.19638,45.50429],[0.19866,45.49758],[0.19254,45.49278],[0.19588,45.48587],[0.2015,45.48291],[0.20406,45.48278],[0.21053,45.48856],[0.21758,45.49779],[0.21038,45.50125],[0.21739,45.51241],[0.23345,45.52388],[0.24615,45.52781],[0.24772,45.52995],[0.24411,45.53036],[0.2388,45.53987],[0.23119,45.5395],[0.22865,45.53747],[0.21729,45.54343],[0.21166,45.54132],[0.1985,45.54623],[0.19852,45.55429],[0.18508,45.55537],[0.17931,45.56232],[0.17339,45.56482]]]},"properties":{"code_territoire":"iris161430000","libelle_territoire":"Fouquebrune (commune non irisée)"}},
{"type":"Feature","geometry":{"type":"Polygon","coordinates":[[[0.04113,45.88161],[0.05114,45.88019],[0.05291,45.87625],[0.05877,45.87284],[0.05856,45.86863],[0.06057,45.86722],[0.06529,45.86846],[0.06989,45.86065],[0.07789,45.86123],[0.08729,45.85904],[0.09009,45.86338],[0.09939,45.86746],[0.10315,45.87619],[0.10109,45.88157],[0.10054,45.88865],[0.0966,45.8906],[0.09754,45.89507],[0.09237,45.90033],[0.0856,45.9085],[0.08131,45.90816],[0.07982,45.91354],[0.07237,45.91507],[0.07078,45.9074],[0.05647,45.89304],[0.04756,45.88944],[0.04509,45.88535],[0.03861,45.88636],[0.04113,45.88161]]]},"properties":{"code_territoire":"iris161440000","libelle_territoire":"Fouqueure (commune non irisée)"}},
{"type":"Feature","geometry":{"type":"Polygon","coordinates":[[[-0.1254,45.73609],[-0.12593,45.73035],[-0.13312,45.73001],[-0.13951,45.72676],[-0.14569,45.71894],[-0.15249,45.71803],[-0.15702,45.71119],[-0.15653,45.70483],[-0.15544,45.70277],[-0.13551,45.6933],[-0.11401,45.69368],[-0.10485,45.707],[-0.09889,45.70543],[-0.09729,45.71348],[-0.09636,45.72406],[-0.10778,45.72653],[-0.10557,45.73283],[-0.1254,45.73609]]]},"properties":{"code_territoire":"iris161450000","libelle_territoire":"Foussignac (commune non irisée)"}},
{"type":"Feature","geometry":{"type":"Polygon","coordinates":[[[0.2985,45.64887],[0.28414,45.64828],[0.27769,45.64348],[0.27446,45.64575],[0.269,45.64237],[0.26616,45.6504],[0.26064,45.64752],[0.24487,45.63347],[0.24306,45.63764],[0.23563,45.63406],[0.22982,45.63461],[0.22687,45.62792],[0.22252,45.62813],[0.22069,45.62206],[0.21746,45.62028],[0.22692,45.61703],[0.22917,45.61916],[0.24713,45.6183],[0.25226,45.61437],[0.25442,45.6088],[0.26199,45.60727],[0.27059,45.60941],[0.28275,45.60272],[0.28835,45.60326],[0.29313,45.59961],[0.29549,45.60039],[0.29739,45.59351],[0.30081,45.59464],[0.29866,45.59757],[0.30011,45.60361],[0.29668,45.60751],[0.29278,45.61572],[0.28601,45.6197],[0.28761,45.624],[0.29027,45.62398],[0.30095,45.63251],[0.29375,45.6345],[0.29483,45.64001],[0.30349,45.65069],[0.2985,45.64887]]]},"properties":{"code_territoire":"iris161460000","libelle_territoire":"Garat (commune non irisée)"}},
{"type":"Feature","geometry":{"type":"Polygon","coordinates":[[[0.30905,45.52744],[0.29715,45.52902],[0.29624,45.5313],[0.28915,45.53248],[0.28486,45.53591],[0.27941,45.53612],[0.2765,45.53256],[0.27641,45.53067],[0.28189,45.5314],[0.28484,45.52952],[0.28234,45.52614],[0.28774,45.52566],[0.29499,45.52103],[0.2872,45.50918],[0.29258,45.49942],[0.29276,45.49932],[0.30593,45.48899],[0.31228,45.4911],[0.31797,45.48624],[0.32605,45.48743],[0.32623,45.49197],[0.33392,45.49481],[0.33633,45.49856],[0.32846,45.50471],[0.33591,45.50964],[0.33778,45.51549],[0.33267,45.51739],[0.33058,45.52077],[0.32076,45.52059],[0.30905,45.52744]]]},"properties":{"code_territoire":"iris161470000","libelle_territoire":"Gardes-le-Pontaroux (commune non irisée)"}},
{"type":"Feature","geometry":{"type":"Polygon","coordinates":[[[-0.01709,45.80629],[-0.01569,45.8034],[-0.00811,45.80283],[-0.01454,45.78703],[-0.00463,45.78917],[-0.00762,45.78598],[-0.00299,45.78168],[-0.00364,45.77899],[0.01018,45.77656],[0.00494,45.76757],[0.04406,45.77029],[0.05165,45.77282],[0.0582,45.7716],[0.06862,45.77449],[0.06775,45.777],[0.06434,45.78112],[0.06421,45.79305],[0.07007,45.8003],[0.0756,45.801],[0.07608,45.80679],[0.06884,45.81386],[0.05849,45.81444],[0.05872,45.81633],[0.05592,45.81701],[0.04135,45.82123],[0.03647,45.81924],[0.02804,45.82871],[0.01705,45.8292],[0.01795,45.82362],[0.00708,45.82688],[0.00765,45.82546],[-0.00327,45.82361],[-0.01709,45.80629]]]},"properties":{"code_territoire":"iris161480000","libelle_territoire":"Genac-Bignac (commune non irisée)"}},
{"type":"Feature","geometry":{"type":"Polygon","coordinates":[[[-0.29042,45.68531],[-0.29295,45.67786],[-0.29507,45.67741],[-0.29353,45.67124],[-0.30372,45.65165],[-0.28903,45.64885],[-0.28331,45.64406],[-0.2798,45.63385],[-0.27458,45.63748],[-0.26935,45.63751],[-0.2662,45.63714],[-0.26688,45.6327],[-0.25623,45.63376],[-0.2475,45.63212],[-0.24625,45.64757],[-0.22605,45.64668],[-0.22368,45.64992],[-0.23709,45.65563],[-0.24987,45.66741],[-0.25748,45.67114],[-0.25916,45.6765],[-0.25672,45.67968],[-0.26396,45.68313],[-0.26866,45.67662],[-0.29042,45.68531]]]},"properties":{"code_territoire":"iris161500000","libelle_territoire":"Gensac-la-Pallue (commune non irisée)"}},
{"type":"Feature","geometry":{"type":"Polygon","coordinates":[[[-0.32559,45.65527],[-0.32848,45.64729],[-0.32981,45.62544],[-0.31864,45.61863],[-0.31524,45.61963],[-0.31179,45.61975],[-0.3092,45.62319],[-0.29728,45.61938],[-0.29504,45.62721],[-0.29007,45.62574],[-0.2894,45.6272],[-0.28198,45.62785],[-0.2798,45.63385],[-0.28331,45.64406],[-0.28903,45.64885],[-0.30372,45.65165],[-0.32559,45.65527]]]},"properties":{"code_territoire":"iris161510000","libelle_territoire":"Genté (commune non irisée)"}},
{"type":"Feature","geometry":{"type":"Polygon","coordinates":[[[-0.38072,45.61933],[-0.37297,45.62427],[-0.36962,45.62946],[-0.36731,45.6294],[-0.36861,45.633],[-0.36099,45.62984],[-0.35762,45.63424],[-0.35106,45.63224],[-0.3562,45.63968],[-0.34638,45.64674],[-0.34698,45.6573],[-0.38155,45.65549],[-0.38006,45.65185],[-0.37325,45.6485],[-0.37796,45.63938],[-0.38451,45.63513],[-0.38745,45.62667],[-0.3806,45.62211],[-0.38072,45.61933]]]},"properties":{"code_territoire":"iris161520000","libelle_territoire":"Gimeux (commune non irisée)"}},
{"type":"Feature","geometry":{"type":"Polygon","coordinates":[[[-0.17,45.63506],[-0.1625,45.63849],[-0.16316,45.64459],[-0.16988,45.65473],[-0.16822,45.65738],[-0.1642,45.66029],[-0.16237,45.65834],[-0.15932,45.66009],[-0.15423,45.65838],[-0.14679,45.66057],[-0.1413,45.65952],[-0.13409,45.67236],[-0.12372,45.67164],[-0.12728,45.67625],[-0.13396,45.67723],[-0.13976,45.67698],[-0.15208,45.67211],[-0.16673,45.67307],[-0.16724,45.67535],[-0.17142,45.67509],[-0.17354,45.67778],[-0.18368,45.68062],[-0.19398,45.67766],[-0.18947,45.6766],[-0.19173,45.67125],[-0.19379,45.67141],[-0.19638,45.66538],[-0.20498,45.6565],[-0.21097,45.64558],[-0.17,45.63506]]]},"properties":{"code_territoire":"iris161530000","libelle_territoire":"Mainxe-Gondeville (commune non irisée)"}},
{"type":"Feature","geometry":{"type":"Polygon","coordinates":[[[0.1539,45.67848],[0.15783,45.67643],[0.15717,45.67868],[0.16952,45.68076],[0.17607,45.67744],[0.17794,45.68363],[0.17569,45.68828],[0.17097,45.68864],[0.16931,45.69453],[0.16216,45.69333],[0.16023,45.69961],[0.14457,45.70029],[0.14075,45.69686],[0.15504,45.69031],[0.15526,45.6847],[0.1539,45.67848]]]},"properties":{"code_territoire":"iris161540101","libelle_territoire":"Nord"}},
{"type":"Feature","geometry":{"type":"Polygon","coordinates":[[[0.18154,45.67794],[0.17607,45.67744],[0.16952,45.68076],[0.16742,45.67821],[0.16833,45.67238],[0.16496,45.66974],[0.1605,45.66953],[0.16055,45.66723],[0.17029,45.66507],[0.17265,45.66941],[0.17429,45.66896],[0.17859,45.67317],[0.19201,45.67392],[0.19196,45.67405],[0.18384,45.6748],[0.18154,45.67794]]]},"properties":{"code_territoire":"iris161540102","libelle_territoire":"Centre et Est"}},
{"type":"Feature","geometry":{"type":"Polygon","coordinates":[[[0.17427,45.66252],[0.17223,45.66405],[0.17429,45.66896],[0.17265,45.66941],[0.17029,45.66507],[0.16055,45.66723],[0.1605,45.66953],[0.16496,45.66974],[0.16833,45.67238],[0.16742,45.67821],[0.16952,45.68076],[0.15717,45.67868],[0.15783,45.67643],[0.1539,45.67848],[0.15935,45.66318],[0.16223,45.66119],[0.16596,45.66005],[0.17082,45.65925],[0.17427,45.66252]]]},"properties":{"code_territoire":"iris161540103","libelle_territoire":"Ouest et Sud"}},
{"type":"Feature","geometry":{"type":"Polygon","coordinates":[[[0.19201,45.67392],[0.17859,45.67317],[0.17429,45.66896],[0.17223,45.66405],[0.17427,45.66252],[0.17585,45.6642],[0.1846,45.67143],[0.19201,45.67392]]]},"properties":{"code_territoire":"iris161540104","libelle_territoire":"Zone d'Activités"}},
{"type":"Feature","geometry":{"type":"Polygon","coordinates":[[[-0.06194,45.97975],[-0.06303,45.98185],[-0.07207,45.98038],[-0.07294,45.97847],[-0.07526,45.98046],[-0.10312,45.96966],[-0.10657,45.95893],[-0.09468,45.96237],[-0.09233,45.95106],[-0.08648,45.95092],[-0.07702,45.95307],[-0.06012,45.94329],[-0.02577,45.93507],[-0.04643,45.94847],[-0.05297,45.95942],[-0.06178,45.96423],[-0.06577,45.97327],[-0.06194,45.97975]]]},"properties":{"code_territoire":"iris161550000","libelle_territoire":"Les Gours (commune non irisée)"}},
{"type":"Feature","geometry":{"type":"Polygon","coordinates":[[[0.46194,45.9231],[0.45988,45.92422],[0.46187,45.92816],[0.45878,45.93252],[0.45967,45.93563],[0.45338,45.93933],[0.46593,45.9431],[0.46751,45.94538],[0.46473,45.94656],[0.47002,45.95241],[0.46007,45.95604],[0.45271,45.95519],[0.44853,45.95854],[0.43745,45.95628],[0.43625,45.95187],[0.42659,45.9432],[0.4278,45.93716],[0.43364,45.92933],[0.43392,45.93061],[0.43834,45.92969],[0.43868,45.92723],[0.44675,45.92386],[0.45162,45.92583],[0.4496,45.92141],[0.45328,45.92062],[0.46194,45.9231]]]},"properties":{"code_territoire":"iris161570000","libelle_territoire":"Le Grand-Madieu (commune non irisée)"}},
{"type":"Feature","geometry":{"type":"Polygon","coordinates":[[[0.38726,45.5526],[0.38991,45.55841],[0.39439,45.55725],[0.3986,45.55921],[0.4016,45.55642],[0.40682,45.55654],[0.41257,45.55837],[0.41509,45.5623],[0.41948,45.56241],[0.42132,45.56497],[0.42622,45.566],[0.43541,45.57056],[0.43858,45.57516],[0.43661,45.5767],[0.4473,45.58817],[0.44478,45.5907],[0.42794,45.59581],[0.42811,45.5982],[0.41983,45.60413],[0.42004,45.60633],[0.39738,45.61379],[0.39467,45.61054],[0.39009,45.6094],[0.3813,45.59735],[0.37823,45.59846],[0.37388,45.59645],[0.37174,45.57893],[0.3622,45.57337],[0.3575,45.57539],[0.3419,45.5754],[0.33836,45.57344],[0.33991,45.5714],[0.36433,45.56267],[0.36337,45.56036],[0.37992,45.55633],[0.38726,45.5526]]]},"properties":{"code_territoire":"iris161580000","libelle_territoire":"Grassac (commune non irisée)"}},
{"type":"Feature","geometry":{"type":"Polygon","coordinates":[[[-0.25439,45.44307],[-0.25559,45.44592],[-0.24684,45.44694],[-0.24661,45.44968],[-0.24063,45.45275],[-0.23081,45.45396],[-0.23379,45.45631],[-0.22713,45.45824],[-0.23221,45.46506],[-0.23812,45.47809],[-0.23581,45.48188],[-0.2438,45.48265],[-0.24224,45.49004],[-0.24959,45.49301],[-0.25319,45.48865],[-0.25803,45.48875],[-0.2566,45.48129],[-0.26302,45.47648],[-0.26457,45.47068],[-0.28086,45.47419],[-0.28211,45.46856],[-0.28446,45.46862],[-0.28603,45.45651],[-0.27735,45.45922],[-0.27241,45.45652],[-0.27035,45.45723],[-0.26696,45.45525],[-0.26613,45.4479],[-0.2629,45.44866],[-0.25439,45.44307]]]},"properties":{"code_territoire":"iris161600000","libelle_territoire":"Guimps (commune non irisée)"}},
{"type":"Feature","geometry":{"type":"Polygon","coordinates":[[[-0.10941,45.32937],[-0.1143,45.3293],[-0.11938,45.33305],[-0.12359,45.33167],[-0.12422,45.32958],[-0.13398,45.3282],[-0.13316,45.31977],[-0.1448,45.32288],[-0.15183,45.31813],[-0.15379,45.31237],[-0.1502,45.30706],[-0.15097,45.30165],[-0.14412,45.29552],[-0.14539,45.28807],[-0.13756,45.29358],[-0.12926,45.29487],[-0.10879,45.28972],[-0.10815,45.29675],[-0.09872,45.30943],[-0.09476,45.31133],[-0.09371,45.31195],[-0.10088,45.32463],[-0.09979,45.32948],[-0.10941,45.32937]]]},"properties":{"code_territoire":"iris161610000","libelle_territoire":"Guizengeard (commune non irisée)"}},
{"type":"Feature","geometry":{"type":"Polygon","coordinates":[[[0.19609,45.42864],[0.20562,45.42701],[0.20989,45.42129],[0.23973,45.42755],[0.23985,45.42123],[0.24417,45.42063],[0.25134,45.42356],[0.26775,45.42065],[0.26971,45.42235],[0.27081,45.41902],[0.27658,45.42722],[0.28285,45.42821],[0.28835,45.4325],[0.29394,45.43423],[0.3029,45.432],[0.30657,45.43373],[0.31258,45.43265],[0.31771,45.43618],[0.31139,45.44271],[0.3012,45.44559],[0.29964,45.45163],[0.3021,45.45881],[0.29539,45.45655],[0.27567,45.45101],[0.27148,45.44484],[0.2639,45.45157],[0.25378,45.43818],[0.24964,45.43981],[0.24384,45.43903],[0.24324,45.43662],[0.23536,45.43728],[0.22258,45.43494],[0.21202,45.42718],[0.20306,45.43412],[0.19873,45.43008],[0.19609,45.42864]]]},"properties":{"code_territoire":"iris161620000","libelle_territoire":"Gurat (commune non irisée)"}},
{"type":"Feature","geometry":{"type":"Polygon","coordinates":[[[-0.00456,45.6839],[-0.01002,45.67915],[-0.0127,45.67964],[-0.01348,45.67035],[-0.00825,45.65706],[-0.00108,45.6639],[0.01455,45.66559],[0.0282,45.67072],[0.02482,45.67721],[0.03051,45.68897],[0.02758,45.69075],[0.02516,45.69167],[0.01911,45.68588],[0.01352,45.68929],[0.0108,45.68542],[0.00389,45.68759],[-0.00456,45.6839]]]},"properties":{"code_territoire":"iris161630000","libelle_territoire":"Hiersac (commune non irisée)"}},
{"type":"Feature","geometry":{"type":"Polygon","coordinates":[[[0.5741,46.07813],[0.57371,46.0747],[0.56797,46.07186],[0.5547,46.07122],[0.55646,46.06472],[0.55092,46.0545],[0.54273,46.04736],[0.53894,46.04688],[0.53992,46.04423],[0.5355,46.04269],[0.54099,46.04138],[0.54588,46.03566],[0.55328,46.03245],[0.56686,46.03059],[0.58688,46.03221],[0.58631,46.0299],[0.59119,46.02751],[0.58806,46.02469],[0.59237,46.01753],[0.59508,46.02086],[0.60589,46.02518],[0.60687,46.02791],[0.60304,46.03233],[0.61146,46.03339],[0.61848,46.0361],[0.623,46.04278],[0.62724,46.042],[0.59379,46.07088],[0.59596,46.07286],[0.59294,46.0813],[0.5797,46.08096],[0.5741,46.07813]]]},"properties":{"code_territoire":"iris161640000","libelle_territoire":"Hiesse (commune non irisée)"}},
{"type":"Feature","geometry":{"type":"Polygon","coordinates":[[[-0.2213,45.77556],[-0.22609,45.76966],[-0.22295,45.76386],[-0.22591,45.7482],[-0.21968,45.74182],[-0.22644,45.73934],[-0.22234,45.73614],[-0.19982,45.74772],[-0.18862,45.74856],[-0.19054,45.75461],[-0.19411,45.75756],[-0.19315,45.75947],[-0.19722,45.76146],[-0.19477,45.76593],[-0.22092,45.77542],[-0.2213,45.77556]]]},"properties":{"code_territoire":"iris161650000","libelle_territoire":"Houlette (commune non irisée)"}},
{"type":"Feature","geometry":{"type":"Polygon","coordinates":[[[0.18985,45.65213],[0.19006,45.64976],[0.20177,45.65249],[0.20596,45.6575],[0.21614,45.6574],[0.22203,45.67121],[0.21018,45.67323],[0.20075,45.67314],[0.20016,45.67488],[0.19196,45.67405],[0.19201,45.67392],[0.1846,45.67143],[0.17585,45.6642],[0.18839,45.65558],[0.18985,45.65213]]]},"properties":{"code_territoire":"iris161660000","libelle_territoire":"L'Isle-d'Espagnac (commune non irisée)"}},
{"type":"Feature","geometry":{"type":"Polygon","coordinates":[[[-0.13551,45.6933],[-0.15544,45.70277],[-0.15819,45.70328],[-0.1652,45.69568],[-0.17236,45.69824],[-0.18962,45.69591],[-0.19359,45.69412],[-0.1921,45.69201],[-0.1941,45.69015],[-0.19719,45.69101],[-0.1977,45.68673],[-0.19933,45.68151],[-0.20346,45.68196],[-0.20734,45.67845],[-0.20773,45.67646],[-0.20413,45.67608],[-0.19398,45.67766],[-0.18368,45.68062],[-0.17354,45.67778],[-0.17142,45.67509],[-0.16724,45.67535],[-0.16673,45.67307],[-0.15208,45.67211],[-0.13976,45.67698],[-0.13396,45.67723],[-0.13418,45.67945],[-0.14418,45.68082],[-0.13577,45.68106],[-0.13562,45.68419],[-0.13176,45.68654],[-0.13551,45.6933]]]},"properties":{"code_territoire":"iris161670000","libelle_territoire":"Jarnac (commune non irisée)"}},
{"type":"Feature","geometry":{"type":"Polygon","coordinates":[[[0.28668,45.79207],[0.26619,45.79975],[0.26399,45.80201],[0.26774,45.80616],[0.24066,45.80446],[0.2255,45.80127],[0.21685,45.80388],[0.21179,45.78909],[0.2166,45.78447],[0.21888,45.77449],[0.22407,45.77011],[0.22402,45.76168],[0.22785,45.75939],[0.22838,45.75386],[0.25005,45.75561],[0.25306,45.75819],[0.26639,45.75858],[0.28147,45.76423],[0.29363,45.77817],[0.28179,45.78883],[0.28668,45.79207]]]},"properties":{"code_territoire":"iris161680000","libelle_territoire":"Jauldes (commune non irisée)"}},
{"type":"Feature","geometry":{"type":"Polygon","coordinates":[[[-0.36868,45.68584],[-0.36167,45.68894],[-0.35673,45.70019],[-0.34724,45.70616],[-0.34952,45.71063],[-0.35317,45.71159],[-0.35852,45.7094],[-0.36417,45.71296],[-0.37365,45.71398],[-0.37294,45.71186],[-0.37643,45.70986],[-0.37619,45.70971],[-0.37427,45.70892],[-0.37497,45.70431],[-0.37031,45.70125],[-0.37218,45.69482],[-0.36868,45.68584]]]},"properties":{"code_territoire":"iris161690000","libelle_territoire":"Javrezac (commune non irisée)"}},
{"type":"Feature","geometry":{"type":"Polygon","coordinates":[[[0.20477,45.38752],[0.2016,45.38654],[0.1961,45.38862],[0.18144,45.38314],[0.17203,45.38771],[0.16321,45.38871],[0.15877,45.3878],[0.15213,45.37891],[0.13914,45.3781],[0.12104,45.38164],[0.11557,45.3783],[0.11476,45.37172],[0.1081,45.36526],[0.1093,45.36094],[0.11247,45.35984],[0.1118,45.3506],[0.11865,45.35135],[0.12416,45.34949],[0.12949,45.35104],[0.13892,45.34784],[0.15331,45.34729],[0.16502,45.35792],[0.16523,45.36077],[0.17476,45.36012],[0.18248,45.3528],[0.18623,45.35494],[0.19021,45.35307],[0.19311,45.35671],[0.19496,45.35946],[0.20297,45.35944],[0.21192,45.36263],[0.20956,45.36814],[0.19992,45.36924],[0.20373,45.37861],[0.20714,45.37729],[0.20477,45.38752]]]},"properties":{"code_territoire":"iris161700000","libelle_territoire":"Juignac (commune non irisée)"}},
{"type":"Feature","geometry":{"type":"Polygon","coordinates":[[[-0.21387,45.58083],[-0.23058,45.58849],[-0.23115,45.58646],[-0.23324,45.58677],[-0.2372,45.59014],[-0.2359,45.59483],[-0.23928,45.59545],[-0.23875,45.60399],[-0.24808,45.60697],[-0.26237,45.60659],[-0.27257,45.60395],[-0.27764,45.60527],[-0.28476,45.60272],[-0.2898,45.60327],[-0.29254,45.59918],[-0.28577,45.59158],[-0.29148,45.59008],[-0.28976,45.58445],[-0.28492,45.58096],[-0.26773,45.58026],[-0.24951,45.57442],[-0.23421,45.57426],[-0.2283,45.57228],[-0.22456,45.57292],[-0.22087,45.57108],[-0.21387,45.58083]]]},"properties":{"code_territoire":"iris161710000","libelle_territoire":"Juillac-le-Coq (commune non irisée)"}},
{"type":"Feature","geometry":{"type":"Polygon","coordinates":[[[0.12032,45.91588],[0.12686,45.91643],[0.14134,45.9114],[0.14781,45.91694],[0.16263,45.91579],[0.16665,45.92708],[0.16663,45.93109],[0.16227,45.93114],[0.15708,45.93406],[0.15388,45.94019],[0.14882,45.94168],[0.14648,45.9406],[0.13577,45.9419],[0.13354,45.93625],[0.1259,45.93844],[0.11956,45.92932],[0.12258,45.92126],[0.12032,45.91588]]]},"properties":{"code_territoire":"iris161730000","libelle_territoire":"Juillé (commune non irisée)"}},
{"type":"Feature","geometry":{"type":"Polygon","coordinates":[[[-0.23641,45.68224],[-0.22921,45.68157],[-0.22734,45.68319],[-0.22085,45.679],[-0.20734,45.67845],[-0.20346,45.68196],[-0.19933,45.68151],[-0.1977,45.68673],[-0.21848,45.693],[-0.22077,45.69191],[-0.23525,45.70165],[-0.2404,45.70471],[-0.2614,45.70581],[-0.26391,45.70404],[-0.26286,45.70206],[-0.25104,45.70254],[-0.24083,45.69695],[-0.24916,45.69408],[-0.25291,45.69039],[-0.23641,45.68224]]]},"properties":{"code_territoire":"iris161740000","libelle_territoire":"Julienne (commune non irisée)"}},
{"type":"Feature","geometry":{"type":"Polygon","coordinates":[[[-0.06027,45.5432],[-0.05605,45.54231],[-0.06748,45.52998],[-0.06399,45.52878],[-0.05836,45.53016],[-0.05697,45.52781],[-0.05964,45.52648],[-0.04755,45.5186],[-0.04779,45.50908],[-0.04467,45.50618],[-0.04665,45.49917],[-0.05478,45.50398],[-0.06109,45.50319],[-0.06643,45.49448],[-0.06561,45.49162],[-0.06868,45.4903],[-0.06793,45.48716],[-0.05506,45.49057],[-0.05039,45.48811],[-0.0443,45.47818],[-0.04251,45.46859],[-0.04047,45.45075],[-0.03682,45.45602],[-0.0298,45.45796],[-0.02935,45.46076],[-0.01644,45.46237],[-0.01618,45.46609],[0.00562,45.46596],[0.01478,45.47089],[0.021,45.46934],[0.02807,45.47237],[0.02881,45.47449],[0.02063,45.47939],[0.01805,45.48443],[0.01909,45.49091],[0.02357,45.49566],[0.02366,45.50524],[0.028,45.51218],[0.02752,45.51604],[0.04036,45.53048],[0.03634,45.53067],[0.03772,45.53654],[0.02034,45.53678],[0.02064,45.53994],[0.01689,45.54171],[0.01165,45.53276],[0.00341,45.52545],[0.0002,45.52529],[0.00327,45.51348],[-0.01447,45.51223],[-0.02427,45.50617],[-0.02996,45.51322],[-0.0349,45.51347],[-0.0352,45.51571],[-0.02994,45.51634],[-0.03334,45.52216],[-0.03286,45.52854],[-0.02885,45.53225],[-0.02237,45.53159],[-0.0169,45.53401],[-0.01668,45.53767],[-0.0026,45.53958],[0.00031,45.54295],[-0.00227,45.5502],[-0.02902,45.55917],[-0.04099,45.56227],[-0.05377,45.54704],[-0.06027,45.5432]]]},"properties":{"code_territoire":"iris161750000","libelle_territoire":"Val des Vignes (commune non irisée)"}},
{"type":"Feature","geometry":{"type":"Polygon","coordinates":[[[-0.24027,45.49437],[-0.23514,45.50526],[-0.23049,45.50577],[-0.23015,45.50947],[-0.22348,45.51422],[-0.21792,45.51874],[-0.21485,45.52526],[-0.21857,45.52491],[-0.24836,45.53443],[-0.25269,45.52878],[-0.25883,45.53149],[-0.2659,45.52502],[-0.26637,45.52278],[-0.25289,45.52091],[-0.25569,45.51905],[-0.25267,45.51809],[-0.2653,45.51239],[-0.26782,45.50867],[-0.25301,45.50116],[-0.24736,45.50404],[-0.24191,45.50339],[-0.24619,45.49668],[-0.24027,45.49437]]]},"properties":{"code_territoire":"iris161760000","libelle_territoire":"Lachaise (commune non irisée)"}},
{"type":"Feature","geometry":{"type":"Polygon","coordinates":[[[-0.07769,45.49551],[-0.06561,45.49162],[-0.06643,45.49448],[-0.06109,45.50319],[-0.05478,45.50398],[-0.04665,45.49917],[-0.04467,45.50618],[-0.04779,45.50908],[-0.04755,45.5186],[-0.05964,45.52648],[-0.05697,45.52781],[-0.05836,45.53016],[-0.06399,45.52878],[-0.06748,45.52998],[-0.07269,45.53086],[-0.08061,45.51775],[-0.07614,45.51563],[-0.07823,45.51145],[-0.07462,45.50929],[-0.074,45.50137],[-0.07769,45.49551]]]},"properties":{"code_territoire":"iris161770000","libelle_territoire":"Ladiville (commune non irisée)"}},
{"type":"Feature","geometry":{"type":"Polygon","coordinates":[[[-0.21485,45.52526],[-0.21792,45.51874],[-0.22348,45.51422],[-0.20667,45.5031],[-0.20266,45.50285],[-0.1976,45.51267],[-0.18693,45.51178],[-0.18612,45.51781],[-0.19037,45.52181],[-0.20077,45.52011],[-0.20586,45.52422],[-0.21485,45.52526]]]},"properties":{"code_territoire":"iris161780000","libelle_territoire":"Lagarde-sur-le-Né (commune non irisée)"}},
{"type":"Feature","geometry":{"type":"Polygon","coordinates":[[[0.16775,45.27384],[0.17567,45.27481],[0.17279,45.26619],[0.17474,45.26142],[0.18848,45.25871],[0.19114,45.26271],[0.20023,45.26117],[0.20812,45.26723],[0.21043,45.27421],[0.20716,45.27503],[0.20641,45.27792],[0.20375,45.27665],[0.20028,45.27943],[0.19661,45.28549],[0.1916,45.28424],[0.19638,45.28952],[0.19934,45.29957],[0.19361,45.29772],[0.18913,45.29959],[0.1834,45.29531],[0.17744,45.29895],[0.16935,45.29851],[0.16528,45.29813],[0.16257,45.29132],[0.17053,45.28691],[0.17234,45.28337],[0.16849,45.27982],[0.16775,45.27384]]]},"properties":{"code_territoire":"iris161800000","libelle_territoire":"Laprade (commune non irisée)"}},
{"type":"Feature","geometry":{"type":"Polygon","coordinates":[[[0.70276,46.06011],[0.70226,46.06021],[0.69619,46.06243],[0.69073,46.06821],[0.68356,46.06945],[0.68826,46.08055],[0.68724,46.09724],[0.67801,46.09667],[0.67698,46.09809],[0.65726,46.09423],[0.65161,46.09562],[0.64434,46.09203],[0.6348,46.09107],[0.62463,46.09362],[0.61857,46.0929],[0.61476,46.08879],[0.60865,46.08969],[0.60887,46.08625],[0.60427,46.08603],[0.61008,46.07746],[0.60069,46.07629],[0.59596,46.07286],[0.59379,46.07088],[0.62724,46.042],[0.63592,46.04447],[0.64607,46.04276],[0.6474,46.04477],[0.63918,46.04641],[0.64022,46.04949],[0.64456,46.05014],[0.65375,46.04587],[0.66054,46.04771],[0.66273,46.04401],[0.67499,46.04476],[0.68019,46.0431],[0.68349,46.04725],[0.68263,46.05626],[0.68945,46.04963],[0.69624,46.05772],[0.70276,46.06011]]]},"properties":{"code_territoire":"iris161810000","libelle_territoire":"Lessac (commune non irisée)"}},
{"type":"Feature","geometry":{"type":"Polygon","coordinates":[[[0.81787,46.04787],[0.81021,46.04792],[0.81504,46.04649],[0.809,46.04551],[0.80563,46.0411],[0.80655,46.03782],[0.80255,46.03705],[0.80389,46.03406],[0.8015,46.03412],[0.7989,46.03012],[0.78605,46.03325],[0.78275,46.03792],[0.77675,46.03879],[0.77212,46.04267],[0.76667,46.04331],[0.76568,46.04172],[0.76873,46.04045],[0.76907,46.03169],[0.76409,46.02982],[0.76028,46.02513],[0.76205,46.02241],[0.75239,46.01678],[0.74706,46.009],[0.73777,46.0043],[0.74084,46.00299],[0.73883,45.999],[0.74551,45.99564],[0.74464,45.99445],[0.76004,45.99327],[0.75794,45.98753],[0.75959,45.98409],[0.75741,45.98294],[0.76449,45.98174],[0.76728,45.9783],[0.7736,45.97934],[0.78674,45.98505],[0.78993,45.98992],[0.81546,45.97825],[0.82171,45.98182],[0.81967,45.98667],[0.82137,45.98797],[0.81887,45.98966],[0.81855,45.99912],[0.8213,45.99907],[0.81926,46.00174],[0.82659,46.00181],[0.82396,46.00486],[0.82802,46.00923],[0.82204,46.01283],[0.83443,46.01799],[0.82727,46.0196],[0.82428,46.02304],[0.84453,46.033],[0.84521,46.03643],[0.8393,46.04061],[0.83081,46.04157],[0.82865,46.04626],[0.81787,46.04787]]]},"properties":{"code_territoire":"iris161820000","libelle_territoire":"Lesterps (commune non irisée)"}},
{"type":"Feature","geometry":{"type":"Polygon","coordinates":[[[0.68878,45.82298],[0.67565,45.81721],[0.67009,45.82165],[0.66228,45.81671],[0.65743,45.82015],[0.65186,45.83081],[0.64998,45.83596],[0.65327,45.83946],[0.65202,45.84114],[0.63922,45.84103],[0.63756,45.83621],[0.63934,45.83275],[0.63565,45.83283],[0.63342,45.83058],[0.62554,45.83385],[0.61362,45.82625],[0.60497,45.83032],[0.59421,45.82862],[0.59087,45.82227],[0.59933,45.82146],[0.60015,45.81956],[0.60126,45.82145],[0.60352,45.81905],[0.60933,45.81928],[0.61354,45.81625],[0.6135,45.81336],[0.62476,45.81065],[0.62179,45.80766],[0.62861,45.80593],[0.63134,45.80316],[0.62905,45.80199],[0.62957,45.79751],[0.63604,45.79304],[0.64618,45.79492],[0.64768,45.79127],[0.64956,45.79302],[0.65678,45.78985],[0.65948,45.79054],[0.6631,45.79181],[0.67489,45.806],[0.68371,45.80586],[0.68567,45.80874],[0.6939,45.80893],[0.69432,45.81089],[0.68878,45.82298]]]},"properties":{"code_territoire":"iris161830000","libelle_territoire":"Lésignac-Durand (commune non irisée)"}},
{"type":"Feature","geometry":{"type":"Polygon","coordinates":[[[0.19988,45.90931],[0.20222,45.89959],[0.20891,45.89481],[0.21512,45.89605],[0.21652,45.89301],[0.22259,45.89199],[0.23003,45.8935],[0.23213,45.89632],[0.23928,45.89729],[0.23983,45.90166],[0.23585,45.90389],[0.22269,45.90583],[0.21326,45.91494],[0.19912,45.92008],[0.19988,45.90931]]]},"properties":{"code_territoire":"iris161840000","libelle_territoire":"Lichères (commune non irisée)"}},
{"type":"Feature","geometry":{"type":"Polygon","coordinates":[[[0.11956,45.92932],[0.10709,45.93304],[0.10656,45.93178],[0.09726,45.93339],[0.09835,45.92971],[0.09218,45.9272],[0.08675,45.91625],[0.08949,45.91389],[0.0856,45.9085],[0.09237,45.90033],[0.10627,45.90076],[0.11323,45.89796],[0.12032,45.91588],[0.12258,45.92126],[0.11956,45.92932]]]},"properties":{"code_territoire":"iris161850000","libelle_territoire":"Ligné (commune non irisée)"}},
{"type":"Feature","geometry":{"type":"Polygon","coordinates":[[[-0.18091,45.53931],[-0.16635,45.54234],[-0.16859,45.54661],[-0.1621,45.54701],[-0.16499,45.55231],[-0.16454,45.55392],[-0.16049,45.55387],[-0.16657,45.5601],[-0.16383,45.56157],[-0.15774,45.5601],[-0.16139,45.56361],[-0.16352,45.56269],[-0.15927,45.56792],[-0.16835,45.5737],[-0.16505,45.57445],[-0.15028,45.59229],[-0.15734,45.58817],[-0.17122,45.58679],[-0.17315,45.58259],[-0.16956,45.58441],[-0.1717,45.57992],[-0.16852,45.57734],[-0.17413,45.57686],[-0.17416,45.57983],[-0.17856,45.57967],[-0.18133,45.58653],[-0.20827,45.58137],[-0.21387,45.58083],[-0.22087,45.57108],[-0.22456,45.57292],[-0.2283,45.57228],[-0.22981,45.56362],[-0.24256,45.56333],[-0.23975,45.55821],[-0.24128,45.55344],[-0.23588,45.5521],[-0.23151,45.54426],[-0.22489,45.54557],[-0.21727,45.55143],[-0.20699,45.55438],[-0.19488,45.5539],[-0.18658,45.53945],[-0.18516,45.53812],[-0.18091,45.53931]]]},"properties":{"code_territoire":"iris161860000","libelle_territoire":"Lignières-Ambleville (commune non irisée)"}},
{"type":"Feature","geometry":{"type":"Polygon","coordinates":[[[0.09299,45.64456],[0.09031,45.64827],[0.09304,45.65108],[0.09179,45.65569],[0.08809,45.66016],[0.07818,45.66017],[0.08056,45.66395],[0.06793,45.67265],[0.06167,45.67134],[0.06149,45.66703],[0.0708,45.66276],[0.05657,45.65843],[0.05582,45.65095],[0.05815,45.65139],[0.06483,45.64565],[0.0674,45.63964],[0.09299,45.64456]]]},"properties":{"code_territoire":"iris161870000","libelle_territoire":"Linars (commune non irisée)"}},
{"type":"Feature","geometry":{"type":"Polygon","coordinates":[[[0.62982,45.76107],[0.61736,45.76348],[0.61376,45.75947],[0.60947,45.75832],[0.6049,45.76515],[0.59881,45.76647],[0.59862,45.76858],[0.60422,45.77071],[0.6069,45.77577],[0.60107,45.77573],[0.59033,45.77164],[0.59254,45.78017],[0.5825,45.77802],[0.58144,45.77452],[0.58687,45.77204],[0.58699,45.76968],[0.58243,45.76819],[0.5686,45.75565],[0.55151,45.75129],[0.54761,45.7443],[0.55547,45.73927],[0.56973,45.73845],[0.57991,45.73042],[0.58754,45.7305],[0.59366,45.72835],[0.59742,45.73048],[0.60288,45.72914],[0.60525,45.73396],[0.61701,45.73583],[0.61657,45.74174],[0.6123,45.74537],[0.60923,45.75316],[0.62031,45.75363],[0.63371,45.75124],[0.63651,45.75602],[0.63929,45.75485],[0.6395,45.75605],[0.62982,45.76107]]]},"properties":{"code_territoire":"iris161880000","libelle_territoire":"Le Lindois (commune non irisée)"}},
{"type":"Feature","geometry":{"type":"Polygon","coordinates":[[[0.11926,46.09782],[0.1224,46.09028],[0.12013,46.08545],[0.12146,46.08057],[0.13141,46.07077],[0.12701,46.07023],[0.12982,46.06694],[0.13452,46.06835],[0.13648,46.06667],[0.13927,46.06823],[0.1416,46.0673],[0.15643,46.07329],[0.16249,46.0733],[0.16752,46.08484],[0.149,46.09759],[0.14601,46.09595],[0.13582,46.10405],[0.11926,46.09782]]]},"properties":{"code_territoire":"iris161890000","libelle_territoire":"Londigny (commune non irisée)"}},
{"type":"Feature","geometry":{"type":"Polygon","coordinates":[[[-0.00494,45.985],[0.00289,45.99763],[0.00414,46.00522],[0.00801,46.01132],[-0.01056,46.00538],[-0.01418,46.01189],[-0.02163,46.01286],[-0.02291,46.01879],[-0.03369,46.01792],[-0.0309,46.01587],[-0.03703,46.01392],[-0.04561,46.01399],[-0.04968,46.00882],[-0.04851,46.00341],[-0.05763,45.9986],[-0.04088,45.99858],[-0.03816,45.99242],[-0.04503,45.99448],[-0.04317,45.9903],[-0.05071,45.98901],[-0.05011,45.98747],[-0.04206,45.98729],[-0.04259,45.98377],[-0.03389,45.98032],[-0.03234,45.97485],[-0.02902,45.9728],[-0.00768,45.97032],[-0.00494,45.985]]]},"properties":{"code_territoire":"iris161900000","libelle_territoire":"Longré (commune non irisée)"}},
{"type":"Feature","geometry":{"type":"Polygon","coordinates":[[[0.20115,45.95391],[0.1865,45.95308],[0.1653,45.94214],[0.15388,45.94019],[0.15708,45.93406],[0.16227,45.93114],[0.16663,45.93109],[0.16665,45.92708],[0.18647,45.92948],[0.19031,45.92495],[0.19744,45.92527],[0.19807,45.93004],[0.19927,45.93955],[0.20115,45.95391]]]},"properties":{"code_territoire":"iris161910000","libelle_territoire":"Lonnes (commune non irisée)"}},
{"type":"Feature","geometry":{"type":"Polygon","coordinates":[[[0.59087,45.82227],[0.59421,45.82862],[0.60497,45.83032],[0.61362,45.82625],[0.62554,45.83385],[0.63342,45.83058],[0.63565,45.83283],[0.63934,45.83275],[0.63756,45.83621],[0.63922,45.84103],[0.65202,45.84114],[0.65659,45.84689],[0.64397,45.85156],[0.63871,45.85671],[0.64194,45.85869],[0.63782,45.86047],[0.64006,45.86308],[0.63495,45.86404],[0.64552,45.87393],[0.64037,45.87526],[0.63645,45.87969],[0.64297,45.88953],[0.6368,45.89127],[0.62953,45.88753],[0.62719,45.89026],[0.62038,45.88624],[0.62458,45.89331],[0.61508,45.89572],[0.61561,45.90131],[0.60879,45.91023],[0.60944,45.93188],[0.59794,45.93829],[0.59588,45.94281],[0.58645,45.94677],[0.58193,45.95109],[0.57776,45.94833],[0.57178,45.95351],[0.57032,45.95134],[0.55311,45.95297],[0.54924,45.9504],[0.5359,45.94766],[0.54194,45.94242],[0.53273,45.93344],[0.53353,45.92933],[0.5302,45.92872],[0.52915,45.92462],[0.51908,45.91961],[0.51296,45.91998],[0.50947,45.91664],[0.51152,45.9133],[0.51582,45.91451],[0.52518,45.90749],[0.53149,45.91136],[0.53541,45.90785],[0.54504,45.90812],[0.54552,45.90986],[0.54808,45.90965],[0.55,45.90559],[0.55269,45.90613],[0.55156,45.90432],[0.55891,45.90591],[0.56465,45.90259],[0.56573,45.89714],[0.56379,45.89033],[0.55302,45.884],[0.55432,45.87316],[0.55799,45.86976],[0.54937,45.86592],[0.54161,45.86495],[0.53847,45.85996],[0.53972,45.85323],[0.53005,45.85619],[0.53255,45.85145],[0.54309,45.84302],[0.54481,45.83638],[0.54063,45.83493],[0.54808,45.82694],[0.55322,45.82884],[0.55543,45.82176],[0.55827,45.82136],[0.58261,45.83303],[0.58595,45.83124],[0.59087,45.82227]]]},"properties":{"code_territoire":"iris161920000","libelle_territoire":"Terres-de-Haute-Charente (commune non irisée)"}},
{"type":"Feature","geometry":{"type":"Polygon","coordinates":[[[-0.37619,45.70971],[-0.37643,45.70986],[-0.38401,45.71351],[-0.38421,45.71678],[-0.37002,45.72604],[-0.37319,45.72826],[-0.37257,45.73034],[-0.38055,45.73142],[-0.38365,45.73948],[-0.38969,45.74356],[-0.41562,45.74188],[-0.41129,45.73784],[-0.39983,45.73552],[-0.40938,45.72837],[-0.41868,45.72719],[-0.42075,45.72412],[-0.42071,45.70979],[-0.41387,45.71003],[-0.41186,45.70787],[-0.40915,45.71133],[-0.39923,45.70654],[-0.3925,45.70957],[-0.38755,45.70813],[-0.37619,45.70971]]]},"properties":{"code_territoire":"iris161930000","libelle_territoire":"Louzac-Saint-André (commune non irisée)"}},
{"type":"Feature","geometry":{"type":"Polygon","coordinates":[[[-0.09587,45.93101],[-0.07934,45.92288],[-0.07431,45.92377],[-0.05555,45.92236],[-0.03863,45.92368],[-0.02003,45.93318],[-0.02577,45.93507],[-0.06012,45.94329],[-0.07702,45.95307],[-0.08648,45.95092],[-0.08634,45.94802],[-0.09077,45.94766],[-0.09195,45.94521],[-0.08889,45.94425],[-0.09854,45.93512],[-0.09493,45.93298],[-0.09587,45.93101]]]},"properties":{"code_territoire":"iris161940000","libelle_territoire":"Lupsault (commune non irisée)"}},
{"type":"Feature","geometry":{"type":"Polygon","coordinates":[[[0.43169,45.85834],[0.44024,45.85097],[0.443,45.85639],[0.45044,45.856],[0.45595,45.85239],[0.45437,45.84678],[0.48575,45.83875],[0.49336,45.84439],[0.48956,45.85862],[0.48689,45.86069],[0.49419,45.86422],[0.48719,45.86898],[0.47769,45.87124],[0.45428,45.8745],[0.45286,45.87047],[0.43931,45.87209],[0.43954,45.85943],[0.43169,45.85834]]]},"properties":{"code_territoire":"iris161950000","libelle_territoire":"Lussac (commune non irisée)"}},
{"type":"Feature","geometry":{"type":"Polygon","coordinates":[[[0.09237,45.90033],[0.09754,45.89507],[0.0966,45.8906],[0.10054,45.88865],[0.10109,45.88157],[0.10696,45.88059],[0.11136,45.87675],[0.11556,45.88135],[0.11982,45.8762],[0.12523,45.87527],[0.12912,45.8761],[0.12853,45.88119],[0.13848,45.88201],[0.14281,45.88512],[0.15176,45.89903],[0.15528,45.90436],[0.14134,45.9114],[0.12686,45.91643],[0.12032,45.91588],[0.11323,45.89796],[0.10627,45.90076],[0.09237,45.90033]]]},"properties":{"code_territoire":"iris161960000","libelle_territoire":"Luxé (commune non irisée)"}},
{"type":"Feature","geometry":{"type":"Polygon","coordinates":[[[0.09476,46.06225],[0.09307,46.0585],[0.07881,46.06425],[0.07494,46.06126],[0.07227,46.06223],[0.0665,46.05642],[0.06377,46.05778],[0.06204,46.05653],[0.06571,46.05157],[0.06026,46.0457],[0.05714,46.04516],[0.05994,46.04291],[0.05777,46.04017],[0.08212,46.03383],[0.085,46.03849],[0.09087,46.03798],[0.09598,46.0428],[0.09154,46.05072],[0.10046,46.06115],[0.09476,46.06225]]]},"properties":{"code_territoire":"iris161970000","libelle_territoire":"La Magdeleine (commune non irisée)"}},
{"type":"Feature","geometry":{"type":"Polygon","coordinates":[[[0.24772,45.52995],[0.24615,45.52781],[0.23345,45.52388],[0.21739,45.51241],[0.21038,45.50125],[0.21758,45.49779],[0.2254,45.49336],[0.23518,45.49181],[0.24644,45.48056],[0.25582,45.48042],[0.26149,45.48598],[0.27723,45.49833],[0.29258,45.49942],[0.2872,45.50918],[0.29499,45.52103],[0.28774,45.52566],[0.28234,45.52614],[0.28484,45.52952],[0.28189,45.5314],[0.27641,45.53067],[0.2765,45.53256],[0.27164,45.53161],[0.25836,45.53731],[0.25265,45.52904],[0.24782,45.52991],[0.24772,45.52995]]]},"properties":{"code_territoire":"iris161980000","libelle_territoire":"Magnac-lès-Gardes (commune non irisée)"}},
{"type":"Feature","geometry":{"type":"Polygon","coordinates":[[[0.24165,45.67112],[0.23985,45.67458],[0.23171,45.67605],[0.22696,45.67568],[0.22342,45.67797],[0.22203,45.67121],[0.21614,45.6574],[0.22023,45.65398],[0.23604,45.64809],[0.23535,45.64484],[0.22982,45.63461],[0.23563,45.63406],[0.24306,45.63764],[0.24487,45.63347],[0.26064,45.64752],[0.251,45.64853],[0.24433,45.65952],[0.24581,45.66221],[0.24055,45.6648],[0.24165,45.67112]]]},"properties":{"code_territoire":"iris161990000","libelle_territoire":"Magnac-sur-Touvre (commune non irisée)"}},
{"type":"Feature","geometry":{"type":"Polygon","coordinates":[[[0.17423,45.82933],[0.18209,45.83484],[0.19993,45.83806],[0.19132,45.84574],[0.19572,45.85031],[0.20365,45.8488],[0.20436,45.85108],[0.19886,45.85289],[0.18468,45.86787],[0.18044,45.86676],[0.17896,45.86416],[0.17164,45.86645],[0.16989,45.86395],[0.1577,45.84591],[0.15058,45.84303],[0.15493,45.84053],[0.17423,45.82933]]]},"properties":{"code_territoire":"iris162000000","libelle_territoire":"Maine-de-Boixe (commune non irisée)"}},
{"type":"Feature","geometry":{"type":"Polygon","coordinates":[[[0.47694,45.57013],[0.46245,45.56399],[0.46419,45.56614],[0.46192,45.56903],[0.45761,45.56963],[0.44781,45.55558],[0.45048,45.55142],[0.44885,45.55032],[0.45552,45.5462],[0.45782,45.54088],[0.46573,45.53952],[0.48587,45.53831],[0.48621,45.54281],[0.48834,45.54126],[0.49311,45.54233],[0.49454,45.54741],[0.49982,45.54506],[0.50894,45.55986],[0.49889,45.565],[0.49188,45.56725],[0.49064,45.56181],[0.48403,45.56424],[0.48481,45.56604],[0.47694,45.57013]]]},"properties":{"code_territoire":"iris162030000","libelle_territoire":"Mainzac (commune non irisée)"}},
{"type":"Feature","geometry":{"type":"Polygon","coordinates":[[[-0.11091,45.5882],[-0.0974,45.57486],[-0.11541,45.57309],[-0.12391,45.56078],[-0.12556,45.5625],[-0.13999,45.55714],[-0.1469,45.55979],[-0.15774,45.5601],[-0.16383,45.56157],[-0.16657,45.5601],[-0.16049,45.55387],[-0.16454,45.55392],[-0.16499,45.55231],[-0.1621,45.54701],[-0.16859,45.54661],[-0.16635,45.54234],[-0.18091,45.53931],[-0.17457,45.52719],[-0.17016,45.52552],[-0.17128,45.51692],[-0.16221,45.51626],[-0.11039,45.51928],[-0.10464,45.52244],[-0.09523,45.5249],[-0.09281,45.52135],[-0.08534,45.52087],[-0.08061,45.51775],[-0.07269,45.53086],[-0.06748,45.52998],[-0.05605,45.54231],[-0.06027,45.5432],[-0.07079,45.54395],[-0.09022,45.56797],[-0.07285,45.56891],[-0.07338,45.57573],[-0.07313,45.58119],[-0.07618,45.58389],[-0.0734,45.59047],[-0.08901,45.58755],[-0.09994,45.59738],[-0.11091,45.5882]]]},"properties":{"code_territoire":"iris162040000","libelle_territoire":"Bellevigne (commune non irisée)"}},
{"type":"Feature","geometry":{"type":"Polygon","coordinates":[[[0.58645,45.94677],[0.59588,45.94281],[0.59794,45.93829],[0.60944,45.93188],[0.60879,45.91023],[0.61561,45.90131],[0.61508,45.89572],[0.62458,45.89331],[0.62038,45.88624],[0.62719,45.89026],[0.63202,45.89455],[0.6301,45.8984],[0.63671,45.90084],[0.63598,45.90512],[0.63373,45.92179],[0.64063,45.92737],[0.64419,45.93448],[0.64219,45.94994],[0.64076,45.96058],[0.64507,45.96934],[0.62636,45.96635],[0.61069,45.95332],[0.60834,45.9575],[0.60248,45.96056],[0.60103,45.95827],[0.58952,45.95367],[0.59303,45.95086],[0.58645,45.94677]]]},"properties":{"code_territoire":"iris162050000","libelle_territoire":"Manot (commune non irisée)"}},
{"type":"Feature","geometry":{"type":"Polygon","coordinates":[[[0.19988,45.90931],[0.18458,45.9101],[0.18955,45.90889],[0.18787,45.90622],[0.19059,45.89868],[0.18502,45.89728],[0.18243,45.89395],[0.17698,45.89368],[0.17778,45.89866],[0.17564,45.89881],[0.1694,45.88787],[0.16341,45.88836],[0.15804,45.87698],[0.15646,45.87162],[0.16989,45.86395],[0.17164,45.86645],[0.17896,45.86416],[0.18044,45.86676],[0.18468,45.86787],[0.18379,45.87346],[0.18696,45.87747],[0.19574,45.87817],[0.20674,45.87622],[0.20941,45.88052],[0.2066,45.89029],[0.21652,45.89301],[0.21512,45.89605],[0.20891,45.89481],[0.20222,45.89959],[0.19988,45.90931]]]},"properties":{"code_territoire":"iris162060000","libelle_territoire":"Mansle-les-Fontaines (commune non irisée)"}},
{"type":"Feature","geometry":{"type":"Polygon","coordinates":[[[0.04113,45.88161],[0.03861,45.88636],[0.03295,45.88953],[0.02398,45.88815],[0.02223,45.89148],[0.02052,45.88887],[0.01409,45.88988],[0.01092,45.88278],[0.01233,45.8716],[0.00704,45.8723],[0.00193,45.87301],[-0.01059,45.84809],[-0.00831,45.84704],[-0.01147,45.83924],[-0.00112,45.84028],[0.00282,45.83845],[0.00323,45.83492],[0.01023,45.83433],[0.00708,45.82688],[0.01795,45.82362],[0.01705,45.8292],[0.02804,45.82871],[0.02641,45.83535],[0.02912,45.83844],[0.04158,45.84157],[0.03615,45.85255],[0.0469,45.86621],[0.0421,45.86996],[0.03781,45.8676],[0.03008,45.86933],[0.03452,45.8735],[0.03164,45.87449],[0.03738,45.87697],[0.04113,45.88161]]]},"properties":{"code_territoire":"iris162070000","libelle_territoire":"Marcillac-Lanville (commune non irisée)"}},
{"type":"Feature","geometry":{"type":"Polygon","coordinates":[[[-0.15601,45.77965],[-0.16114,45.77217],[-0.15718,45.77175],[-0.16195,45.76621],[-0.16269,45.75656],[-0.13296,45.75887],[-0.11797,45.76017],[-0.11025,45.76548],[-0.107,45.76895],[-0.11233,45.76977],[-0.11147,45.77671],[-0.1075,45.78177],[-0.11836,45.78301],[-0.12312,45.78908],[-0.12806,45.78557],[-0.13349,45.78643],[-0.14334,45.79273],[-0.1485,45.78913],[-0.15601,45.77965]]]},"properties":{"code_territoire":"iris162080000","libelle_territoire":"Mareuil (commune non irisée)"}},
{"type":"Feature","geometry":{"type":"Polygon","coordinates":[[[0.44285,45.71221],[0.44932,45.71597],[0.46002,45.71188],[0.46121,45.71624],[0.454,45.7204],[0.45414,45.72562],[0.4586,45.72834],[0.45708,45.73368],[0.4666,45.73537],[0.46783,45.73867],[0.46532,45.74155],[0.44817,45.74536],[0.42466,45.74453],[0.42146,45.75371],[0.41056,45.75359],[0.41143,45.74735],[0.40697,45.74007],[0.40936,45.73964],[0.40488,45.7362],[0.40469,45.73269],[0.40824,45.73245],[0.40767,45.72822],[0.41379,45.72768],[0.41179,45.72229],[0.41387,45.7217],[0.41532,45.72051],[0.41208,45.71525],[0.41454,45.71181],[0.42094,45.71015],[0.42267,45.71381],[0.42879,45.71187],[0.44285,45.71221]]]},"properties":{"code_territoire":"iris162090000","libelle_territoire":"Marillac-le-Franc (commune non irisée)"}},
{"type":"Feature","geometry":{"type":"Polygon","coordinates":[[[0.09552,45.73183],[0.08861,45.73646],[0.0878,45.7437],[0.09311,45.75163],[0.10351,45.75819],[0.09709,45.76432],[0.09098,45.76574],[0.08565,45.75903],[0.08048,45.76297],[0.08164,45.7679],[0.07349,45.76456],[0.06659,45.75878],[0.04853,45.75213],[0.0543,45.74477],[0.04912,45.74001],[0.05175,45.73845],[0.06013,45.73303],[0.07452,45.71452],[0.07352,45.71845],[0.08676,45.71924],[0.096,45.72471],[0.08923,45.72528],[0.08558,45.72837],[0.09552,45.73183]]]},"properties":{"code_territoire":"iris162100000","libelle_territoire":"Marsac (commune non irisée)"}},
{"type":"Feature","geometry":{"type":"Polygon","coordinates":[[[0.44052,45.63994],[0.43499,45.63841],[0.43606,45.63726],[0.43161,45.63417],[0.43417,45.63168],[0.42983,45.62824],[0.43147,45.61792],[0.42538,45.6077],[0.42004,45.60633],[0.41983,45.60413],[0.42811,45.5982],[0.42794,45.59581],[0.44478,45.5907],[0.45131,45.59261],[0.44992,45.59587],[0.4543,45.60076],[0.45535,45.60511],[0.45317,45.60596],[0.45552,45.61163],[0.46492,45.61841],[0.4625,45.62362],[0.47193,45.62535],[0.47556,45.62797],[0.46583,45.63712],[0.45313,45.63875],[0.44052,45.63994]]]},"properties":{"code_territoire":"iris162110000","libelle_territoire":"Marthon (commune non irisée)"}},
{"type":"Feature","geometry":{"type":"Polygon","coordinates":[[[0.69432,45.81089],[0.6939,45.80893],[0.68567,45.80874],[0.68371,45.80586],[0.67489,45.806],[0.6631,45.79181],[0.65948,45.79054],[0.65678,45.78985],[0.64956,45.79302],[0.64768,45.79127],[0.64618,45.79492],[0.63604,45.79304],[0.63248,45.79113],[0.63468,45.78745],[0.63237,45.78507],[0.63053,45.78842],[0.62515,45.78952],[0.61732,45.78415],[0.62015,45.78024],[0.61611,45.77493],[0.6069,45.77577],[0.60422,45.77071],[0.59862,45.76858],[0.59881,45.76647],[0.6049,45.76515],[0.60947,45.75832],[0.61376,45.75947],[0.61736,45.76348],[0.62982,45.76107],[0.63033,45.76385],[0.66275,45.76638],[0.65919,45.75366],[0.66214,45.74966],[0.66627,45.74832],[0.66997,45.74806],[0.67305,45.75256],[0.68291,45.75371],[0.68802,45.76036],[0.69525,45.76232],[0.69575,45.76741],[0.69382,45.76726],[0.68674,45.77924],[0.68303,45.77897],[0.68008,45.78322],[0.68575,45.79236],[0.68225,45.79303],[0.68447,45.7962],[0.69866,45.80079],[0.70085,45.80348],[0.69432,45.81089]]]},"properties":{"code_territoire":"iris162120000","libelle_territoire":"Massignac (commune non irisée)"}},
{"type":"Feature","geometry":{"type":"Polygon","coordinates":[[[0.53882,45.72786],[0.53772,45.73801],[0.54922,45.74092],[0.55547,45.73927],[0.54761,45.7443],[0.55151,45.75129],[0.54353,45.76051],[0.53488,45.76253],[0.53436,45.76933],[0.5268,45.76467],[0.51992,45.76319],[0.50799,45.75801],[0.50807,45.75576],[0.50359,45.75527],[0.50375,45.75024],[0.50031,45.74938],[0.49906,45.74595],[0.50224,45.74269],[0.48794,45.73711],[0.48546,45.7342],[0.4902,45.73247],[0.48575,45.73141],[0.48938,45.72724],[0.48499,45.72605],[0.48906,45.72359],[0.48802,45.72205],[0.49467,45.71955],[0.50216,45.7247],[0.51178,45.71705],[0.51346,45.71919],[0.51759,45.71887],[0.52137,45.71305],[0.53411,45.72761],[0.53882,45.72786]]]},"properties":{"code_territoire":"iris162130000","libelle_territoire":"Mazerolles (commune non irisée)"}},
{"type":"Feature","geometry":{"type":"Polygon","coordinates":[[[0.01055,45.20296],[0.0147,45.20645],[0.01486,45.2167],[0.01869,45.21666],[0.01994,45.21337],[0.02893,45.21477],[0.02542,45.21883],[0.03441,45.22462],[0.03384,45.23263],[0.03169,45.23363],[0.02926,45.233],[0.02622,45.23537],[0.01588,45.23192],[0.00587,45.2223],[-0.00159,45.20692],[-0.00246,45.19476],[0.00424,45.19167],[0.00705,45.20102],[0.01055,45.20296]]]},"properties":{"code_territoire":"iris162150000","libelle_territoire":"Médillac (commune non irisée)"}},
{"type":"Feature","geometry":{"type":"Polygon","coordinates":[[[-0.09729,45.71348],[-0.09889,45.70543],[-0.10485,45.707],[-0.11401,45.69368],[-0.09449,45.69103],[-0.09546,45.682],[-0.08631,45.68106],[-0.08116,45.67796],[-0.08255,45.67674],[-0.07823,45.67262],[-0.07323,45.6713],[-0.07277,45.6784],[-0.05951,45.67362],[-0.05381,45.6861],[-0.04419,45.68267],[-0.04176,45.68669],[-0.02818,45.68656],[-0.0245,45.69104],[-0.03962,45.69159],[-0.03674,45.70597],[-0.04758,45.70695],[-0.04564,45.71058],[-0.05097,45.71312],[-0.06981,45.71597],[-0.07577,45.71316],[-0.08022,45.71406],[-0.08055,45.71197],[-0.08498,45.71379],[-0.08856,45.71191],[-0.09729,45.71348]]]},"properties":{"code_territoire":"iris162160000","libelle_territoire":"Mérignac (commune non irisée)"}},
{"type":"Feature","geometry":{"type":"Polygon","coordinates":[[[-0.37357,45.68053],[-0.37567,45.67868],[-0.37961,45.68029],[-0.38614,45.67966],[-0.39753,45.68542],[-0.41091,45.68334],[-0.38256,45.65977],[-0.38254,45.65553],[-0.38155,45.65549],[-0.34698,45.6573],[-0.34106,45.66852],[-0.34137,45.67436],[-0.34374,45.6747],[-0.35422,45.67914],[-0.35827,45.67582],[-0.35745,45.68017],[-0.37357,45.68053]]]},"properties":{"code_territoire":"iris162170000","libelle_territoire":"Merpins (commune non irisée)"}},
{"type":"Feature","geometry":{"type":"Polygon","coordinates":[[[-0.36586,45.77979],[-0.36386,45.76678],[-0.35397,45.77106],[-0.339,45.76252],[-0.33056,45.76136],[-0.31962,45.78488],[-0.33032,45.78753],[-0.34031,45.78698],[-0.35229,45.78293],[-0.36032,45.78247],[-0.36051,45.77917],[-0.36608,45.78368],[-0.36586,45.77979]]]},"properties":{"code_territoire":"iris162180000","libelle_territoire":"Mesnac (commune non irisée)"}},
{"type":"Feature","geometry":{"type":"Polygon","coordinates":[[[-0.15544,45.70277],[-0.15653,45.70483],[-0.1599,45.70593],[-0.17625,45.72389],[-0.18419,45.72822],[-0.18092,45.72057],[-0.18221,45.70971],[-0.18927,45.71162],[-0.19079,45.70673],[-0.19359,45.70705],[-0.19449,45.70498],[-0.18962,45.69591],[-0.17236,45.69824],[-0.1652,45.69568],[-0.15819,45.70328],[-0.15544,45.70277]]]},"properties":{"code_territoire":"iris162200000","libelle_territoire":"Les Métairies (commune non irisée)"}},
{"type":"Feature","geometry":{"type":"Polygon","coordinates":[[[-0.06066,45.89759],[-0.07029,45.87921],[-0.06795,45.87805],[-0.06907,45.87432],[-0.07016,45.86619],[-0.05168,45.86624],[-0.04506,45.86228],[-0.03327,45.86027],[-0.03307,45.85365],[-0.0298,45.85273],[-0.03261,45.84947],[-0.03089,45.84671],[-0.02381,45.84719],[-0.02214,45.84902],[-0.01059,45.84809],[0.00193,45.87301],[0.00704,45.8723],[-0.00437,45.87998],[-0.01203,45.87424],[-0.01298,45.88885],[-0.01713,45.89084],[-0.01625,45.89423],[-0.02271,45.89559],[-0.02909,45.89988],[-0.04549,45.89356],[-0.0536,45.90016],[-0.06066,45.89759]]]},"properties":{"code_territoire":"iris162210000","libelle_territoire":"Mons (commune non irisée)"}},
{"type":"Feature","geometry":{"type":"Polygon","coordinates":[[[0.06153,45.29749],[0.06404,45.29838],[0.0747,45.30352],[0.08258,45.31078],[0.08935,45.31222],[0.08999,45.31646],[0.09439,45.31773],[0.09735,45.32361],[0.10151,45.32468],[0.10352,45.33142],[0.10566,45.3374],[0.10992,45.34036],[0.10588,45.34178],[0.1016,45.352],[0.08753,45.35648],[0.06865,45.35809],[0.06684,45.3613],[0.05794,45.35829],[0.05289,45.35952],[0.05124,45.35084],[0.04627,45.3451],[0.0496,45.34],[0.03465,45.3391],[0.03183,45.33305],[0.03619,45.30947],[0.04742,45.3103],[0.05807,45.30872],[0.05873,45.29743],[0.06153,45.29749]]]},"properties":{"code_territoire":"iris162220000","libelle_territoire":"Montboyer (commune non irisée)"}},
{"type":"Feature","geometry":{"type":"Polygon","coordinates":[[[0.51178,45.71705],[0.50759,45.71664],[0.5002,45.70868],[0.50496,45.70234],[0.50234,45.68466],[0.4971,45.68197],[0.48704,45.68346],[0.48067,45.67918],[0.47758,45.6784],[0.47551,45.68079],[0.47325,45.67853],[0.47196,45.67695],[0.46655,45.6744],[0.46522,45.67083],[0.47209,45.67048],[0.46693,45.66891],[0.46543,45.66638],[0.46564,45.65323],[0.4639,45.65165],[0.45371,45.65351],[0.45313,45.63875],[0.46583,45.63712],[0.47556,45.62797],[0.48148,45.62749],[0.4888,45.62338],[0.49449,45.62535],[0.50029,45.6196],[0.5045,45.61801],[0.50765,45.61955],[0.51177,45.62497],[0.51032,45.63103],[0.52666,45.64002],[0.52543,45.64432],[0.53542,45.64286],[0.53619,45.64476],[0.5301,45.64729],[0.52862,45.65173],[0.51995,45.65725],[0.52409,45.65599],[0.52447,45.65798],[0.52847,45.65905],[0.5327,45.65658],[0.54018,45.66042],[0.53522,45.66338],[0.53936,45.66958],[0.53418,45.6706],[0.52853,45.66899],[0.52676,45.67572],[0.52843,45.67967],[0.53597,45.68501],[0.54461,45.68823],[0.54338,45.69997],[0.54705,45.70743],[0.54229,45.70781],[0.53844,45.71152],[0.53882,45.72786],[0.53411,45.72761],[0.52137,45.71305],[0.51759,45.71887],[0.51346,45.71919],[0.51178,45.71705]]]},"properties":{"code_territoire":"iris162230000","libelle_territoire":"Montbron (commune non irisée)"}},
{"type":"Feature","geometry":{"type":"Polygon","coordinates":[[[-0.228,45.40855],[-0.22181,45.41274],[-0.21445,45.41403],[-0.21678,45.42138],[-0.2087,45.42628],[-0.20922,45.43169],[-0.19923,45.43315],[-0.19193,45.43113],[-0.18862,45.43371],[-0.17863,45.43437],[-0.17825,45.43974],[-0.18652,45.44451],[-0.18731,45.45263],[-0.19163,45.45534],[-0.18915,45.45912],[-0.19137,45.46138],[-0.19271,45.47145],[-0.21964,45.46796],[-0.22237,45.46518],[-0.23221,45.46506],[-0.22713,45.45824],[-0.23379,45.45631],[-0.23081,45.45396],[-0.24063,45.45275],[-0.24661,45.44968],[-0.24684,45.44694],[-0.25559,45.44592],[-0.25439,45.44307],[-0.25313,45.43842],[-0.24868,45.43858],[-0.24703,45.43507],[-0.25503,45.43061],[-0.25099,45.42595],[-0.25464,45.42037],[-0.25357,45.41777],[-0.23282,45.41954],[-0.23394,45.4098],[-0.23116,45.40857],[-0.228,45.40855]]]},"properties":{"code_territoire":"iris162240000","libelle_territoire":"Montmérac (commune non irisée)"}},
{"type":"Feature","geometry":{"type":"Polygon","coordinates":[[[0.55151,45.75129],[0.5686,45.75565],[0.58243,45.76819],[0.58699,45.76968],[0.58687,45.77204],[0.58144,45.77452],[0.5825,45.77802],[0.57027,45.78318],[0.56694,45.78929],[0.56131,45.79221],[0.55758,45.79755],[0.54332,45.79277],[0.53749,45.79386],[0.52703,45.78508],[0.52675,45.77782],[0.51689,45.77518],[0.51294,45.77598],[0.5128,45.77161],[0.51992,45.76319],[0.5268,45.76467],[0.53436,45.76933],[0.53488,45.76253],[0.54353,45.76051],[0.55151,45.75129]]]},"properties":{"code_territoire":"iris162250000","libelle_territoire":"Montembœuf (commune non irisée)"}},
{"type":"Feature","geometry":{"type":"Polygon","coordinates":[[[0.0744,45.77707],[0.08092,45.77753],[0.08884,45.77523],[0.08449,45.77144],[0.09021,45.77048],[0.08164,45.7679],[0.08048,45.76297],[0.08565,45.75903],[0.09098,45.76574],[0.09366,45.7695],[0.10663,45.77034],[0.11771,45.77734],[0.12019,45.77489],[0.12326,45.77857],[0.12485,45.7751],[0.13199,45.77468],[0.1398,45.78008],[0.13921,45.78718],[0.13108,45.78676],[0.12791,45.78858],[0.12357,45.7852],[0.10755,45.79024],[0.10733,45.78661],[0.09619,45.78459],[0.09826,45.79057],[0.09143,45.7979],[0.08419,45.79341],[0.07882,45.77972],[0.07331,45.77813],[0.0744,45.77707]]]},"properties":{"code_territoire":"iris162260000","libelle_territoire":"Montignac-Charente (commune non irisée)"}},
{"type":"Feature","geometry":{"type":"Polygon","coordinates":[[[0.21192,45.36263],[0.20297,45.35944],[0.19496,45.35946],[0.19311,45.35671],[0.1974,45.34164],[0.19953,45.34097],[0.19472,45.3383],[0.20003,45.33633],[0.21037,45.3272],[0.214,45.31891],[0.2385,45.32956],[0.23728,45.3399],[0.22111,45.35381],[0.21731,45.35915],[0.21752,45.36418],[0.21192,45.36263]]]},"properties":{"code_territoire":"iris162270000","libelle_territoire":"Montignac-le-Coq (commune non irisée)"}},
{"type":"Feature","geometry":{"type":"Polygon","coordinates":[[[0.10046,46.06115],[0.11736,46.0612],[0.12264,46.06738],[0.12671,46.06544],[0.12982,46.06694],[0.12701,46.07023],[0.13141,46.07077],[0.12146,46.08057],[0.12013,46.08545],[0.1224,46.09028],[0.11926,46.09782],[0.11518,46.09609],[0.11324,46.09771],[0.10712,46.097],[0.0973,46.1059],[0.0929,46.10322],[0.10031,46.09269],[0.09717,46.08913],[0.1038,46.08864],[0.09754,46.07837],[0.09917,46.07632],[0.09476,46.06225],[0.10046,46.06115]]]},"properties":{"code_territoire":"iris162290000","libelle_territoire":"Montjean (commune non irisée)"}},
{"type":"Feature","geometry":{"type":"Polygon","coordinates":[[[0.0952,45.42719],[0.10626,45.42341],[0.10802,45.41966],[0.10781,45.41463],[0.10115,45.41129],[0.09746,45.40442],[0.10168,45.40413],[0.10224,45.39767],[0.09821,45.39122],[0.09842,45.38418],[0.09321,45.38013],[0.09517,45.37633],[0.09321,45.37234],[0.09882,45.36799],[0.09884,45.36323],[0.10281,45.35652],[0.1016,45.352],[0.10588,45.34178],[0.10992,45.34036],[0.11316,45.34681],[0.1118,45.3506],[0.11247,45.35984],[0.1093,45.36094],[0.1081,45.36526],[0.11476,45.37172],[0.11557,45.3783],[0.12104,45.38164],[0.13914,45.3781],[0.15213,45.37891],[0.15877,45.3878],[0.16321,45.38871],[0.17203,45.38771],[0.18144,45.38314],[0.1961,45.38862],[0.2016,45.38654],[0.20477,45.38752],[0.21194,45.40364],[0.21074,45.41185],[0.20989,45.42129],[0.20562,45.42701],[0.19609,45.42864],[0.18331,45.43209],[0.16764,45.43088],[0.15729,45.43649],[0.16006,45.44339],[0.15762,45.45136],[0.16109,45.45997],[0.1545,45.46523],[0.15441,45.4721],[0.14529,45.46945],[0.14195,45.46493],[0.13563,45.46508],[0.12806,45.4589],[0.13133,45.46512],[0.12983,45.47072],[0.1148,45.46251],[0.10997,45.45439],[0.10259,45.44957],[0.10669,45.44602],[0.10459,45.43944],[0.10598,45.43379],[0.09884,45.4366],[0.09444,45.43621],[0.0986,45.42729],[0.0952,45.42719]]]},"properties":{"code_territoire":"iris162300000","libelle_territoire":"Montmoreau (commune non irisée)"}},
{"type":"Feature","geometry":{"type":"Polygon","coordinates":[[[0.89405,46.0227],[0.88659,46.01414],[0.89346,46.00829],[0.89871,46.00718],[0.88336,46.00295],[0.87614,46.0081],[0.8613,45.99402],[0.8605,45.98291],[0.86827,45.98244],[0.87366,45.97966],[0.88224,45.97071],[0.89058,45.96697],[0.90259,45.96717],[0.91182,45.97015],[0.91584,45.96691],[0.92052,45.97043],[0.92279,45.96997],[0.92353,45.97354],[0.93014,45.9728],[0.93457,45.97644],[0.93199,45.97859],[0.93512,45.98066],[0.93679,45.97966],[0.93718,45.98164],[0.93469,45.98221],[0.93674,45.9827],[0.93095,45.98445],[0.93465,45.9925],[0.91759,45.99744],[0.91934,46.00079],[0.91582,46.00218],[0.92339,46.00398],[0.92652,46.00921],[0.92524,46.01102],[0.91745,46.0094],[0.91923,46.01333],[0.90209,46.02021],[0.89845,46.019],[0.89657,46.0228],[0.89405,46.0227]]]},"properties":{"code_territoire":"iris162310000","libelle_territoire":"Montrollet (commune non irisée)"}},
{"type":"Feature","geometry":{"type":"Polygon","coordinates":[[[0.30349,45.65069],[0.3035,45.65228],[0.30718,45.65242],[0.31245,45.65156],[0.32882,45.65888],[0.3199,45.66283],[0.31205,45.66254],[0.3082,45.66508],[0.31217,45.67418],[0.30646,45.67832],[0.31355,45.68442],[0.32302,45.71381],[0.31806,45.71438],[0.31003,45.719],[0.2896,45.71042],[0.28667,45.70511],[0.26829,45.70151],[0.26428,45.69932],[0.26378,45.69564],[0.26814,45.69419],[0.26907,45.69056],[0.26075,45.68955],[0.25918,45.68284],[0.25349,45.67946],[0.2503,45.67236],[0.27774,45.66772],[0.29427,45.65834],[0.2985,45.64887],[0.30349,45.65069]]]},"properties":{"code_territoire":"iris162320000","libelle_territoire":"Mornac (commune non irisée)"}},
{"type":"Feature","geometry":{"type":"Polygon","coordinates":[[[-0.01092,45.60071],[-0.00203,45.60357],[0.00237,45.6056],[0.00381,45.60891],[0.00265,45.62032],[-0.00177,45.62717],[-0.01314,45.63055],[-0.0117,45.63981],[-0.01797,45.64657],[-0.01402,45.64869],[-0.0148,45.65252],[-0.02144,45.65372],[-0.03193,45.64548],[-0.03796,45.64825],[-0.0489,45.64639],[-0.04598,45.64217],[-0.05259,45.63783],[-0.05102,45.63447],[-0.05856,45.63351],[-0.0589,45.63048],[-0.05284,45.62528],[-0.05659,45.62072],[-0.04849,45.61506],[-0.04136,45.62043],[-0.0336,45.61808],[-0.03093,45.61589],[-0.03258,45.61193],[-0.02255,45.60885],[-0.02606,45.60439],[-0.02264,45.60282],[-0.01754,45.60516],[-0.01322,45.60279],[-0.01305,45.6003],[-0.01092,45.60071]]]},"properties":{"code_territoire":"iris162330000","libelle_territoire":"Mosnac-Saint-Simeux (commune non irisée)"}},
{"type":"Feature","geometry":{"type":"Polygon","coordinates":[[[-0.00825,45.65706],[-0.01348,45.67035],[-0.0127,45.67964],[-0.01002,45.67915],[-0.00456,45.6839],[-0.01294,45.69011],[-0.0189,45.68538],[-0.02325,45.68469],[-0.02818,45.68656],[-0.04176,45.68669],[-0.04419,45.68267],[-0.05381,45.6861],[-0.05951,45.67362],[-0.07277,45.6784],[-0.07323,45.6713],[-0.07823,45.67262],[-0.08114,45.66981],[-0.07879,45.66784],[-0.072,45.66822],[-0.0663,45.65907],[-0.05947,45.65376],[-0.0489,45.64639],[-0.03796,45.64825],[-0.03193,45.64548],[-0.02144,45.65372],[-0.0148,45.65252],[-0.00714,45.65504],[-0.00825,45.65706]]]},"properties":{"code_territoire":"iris162340000","libelle_territoire":"Moulidars (commune non irisée)"}},
{"type":"Feature","geometry":{"type":"Polygon","coordinates":[[[0.09159,45.58162],[0.09067,45.57554],[0.08229,45.57755],[0.08006,45.57156],[0.08353,45.57003],[0.0755,45.55641],[0.08111,45.55311],[0.08237,45.54848],[0.08968,45.54363],[0.09009,45.54103],[0.09123,45.53689],[0.08728,45.53139],[0.11315,45.52755],[0.12052,45.52393],[0.12458,45.5246],[0.13331,45.53095],[0.13018,45.53248],[0.13412,45.53423],[0.14233,45.53266],[0.14546,45.53439],[0.15083,45.54371],[0.15588,45.54938],[0.16731,45.55056],[0.16893,45.55402],[0.17402,45.5543],[0.17339,45.56482],[0.17058,45.56599],[0.16438,45.56434],[0.15955,45.57407],[0.15215,45.57704],[0.14806,45.58622],[0.13998,45.58945],[0.13794,45.59031],[0.13535,45.58736],[0.13,45.58637],[0.12927,45.58373],[0.12486,45.58395],[0.11772,45.57975],[0.11042,45.58399],[0.1045,45.58166],[0.09159,45.58162]]]},"properties":{"code_territoire":"iris162360000","libelle_territoire":"Mouthiers-sur-Boëme (commune non irisée)"}},
{"type":"Feature","geometry":{"type":"Polygon","coordinates":[[[0.20962,45.87442],[0.22311,45.87724],[0.25916,45.87804],[0.26528,45.88744],[0.25783,45.89395],[0.25838,45.89954],[0.25505,45.90191],[0.25634,45.90338],[0.24817,45.90029],[0.23983,45.90166],[0.23928,45.89729],[0.23213,45.89632],[0.23003,45.8935],[0.22259,45.89199],[0.21652,45.89301],[0.2066,45.89029],[0.20941,45.88052],[0.20674,45.87622],[0.20724,45.8742],[0.20962,45.87442]]]},"properties":{"code_territoire":"iris162370000","libelle_territoire":"Mouton (commune non irisée)"}},
{"type":"Feature","geometry":{"type":"Polygon","coordinates":[[[0.19912,45.92008],[0.21326,45.91494],[0.22269,45.90583],[0.23585,45.90389],[0.23983,45.90166],[0.24171,45.90416],[0.24721,45.90284],[0.25225,45.90495],[0.25152,45.91084],[0.23332,45.9126],[0.22743,45.9171],[0.22636,45.91598],[0.22208,45.92138],[0.21362,45.92312],[0.21435,45.92461],[0.1983,45.9252],[0.19912,45.92008]]]},"properties":{"code_territoire":"iris162380000","libelle_territoire":"Moutonneau (commune non irisée)"}},
{"type":"Feature","geometry":{"type":"Polygon","coordinates":[[[0.63604,45.79304],[0.62957,45.79751],[0.62905,45.80199],[0.63134,45.80316],[0.62861,45.80593],[0.62179,45.80766],[0.62476,45.81065],[0.6135,45.81336],[0.61354,45.81625],[0.60933,45.81928],[0.60352,45.81905],[0.60126,45.82145],[0.60015,45.81956],[0.5932,45.81202],[0.60456,45.8044],[0.5969,45.80261],[0.59518,45.79984],[0.59498,45.79813],[0.59881,45.79707],[0.59254,45.78017],[0.59033,45.77164],[0.60107,45.77573],[0.6069,45.77577],[0.61611,45.77493],[0.62015,45.78024],[0.61732,45.78415],[0.62515,45.78952],[0.63053,45.78842],[0.63237,45.78507],[0.63468,45.78745],[0.63248,45.79113],[0.63604,45.79304]]]},"properties":{"code_territoire":"iris162390000","libelle_territoire":"Mouzon (commune non irisée)"}},
{"type":"Feature","geometry":{"type":"Polygon","coordinates":[[[0.22041,45.3095],[0.20741,45.30558],[0.20517,45.30849],[0.19934,45.29957],[0.19638,45.28952],[0.1916,45.28424],[0.19661,45.28549],[0.20028,45.27943],[0.20375,45.27665],[0.20641,45.27792],[0.20716,45.27503],[0.21043,45.27421],[0.21412,45.28038],[0.21356,45.28408],[0.22149,45.28488],[0.221,45.29047],[0.22677,45.29545],[0.22091,45.30351],[0.22041,45.3095]]]},"properties":{"code_territoire":"iris162400000","libelle_territoire":"Nabinaud (commune non irisée)"}},
{"type":"Feature","geometry":{"type":"Polygon","coordinates":[[[0.20365,45.8488],[0.20261,45.83663],[0.20991,45.83509],[0.21291,45.83762],[0.21949,45.83474],[0.23266,45.83336],[0.23412,45.83503],[0.23701,45.83365],[0.2417,45.83652],[0.24134,45.84031],[0.24265,45.84989],[0.23649,45.84849],[0.23718,45.85231],[0.23207,45.85577],[0.22562,45.85269],[0.22196,45.85428],[0.21681,45.85343],[0.20942,45.84887],[0.20436,45.85108],[0.20365,45.8488]]]},"properties":{"code_territoire":"iris162410000","libelle_territoire":"Nanclars (commune non irisée)"}},
{"type":"Feature","geometry":{"type":"Polygon","coordinates":[[[0.34502,46.06374],[0.33423,46.06351],[0.3294,46.06662],[0.32623,46.06143],[0.31433,46.0651],[0.31007,46.06105],[0.29132,46.05954],[0.28684,46.05099],[0.28165,46.04059],[0.28897,46.03841],[0.29836,46.03042],[0.30169,46.02248],[0.29498,46.0104],[0.28286,46.0108],[0.27501,46.00575],[0.26935,46.00658],[0.2595,45.99651],[0.25532,45.99682],[0.25997,45.98198],[0.26192,45.97973],[0.26856,45.98066],[0.27003,45.97913],[0.27961,45.98327],[0.28398,45.9749],[0.28715,45.97227],[0.29193,45.97417],[0.29779,45.972],[0.3053,45.96433],[0.31266,45.96335],[0.32036,45.96487],[0.32343,45.9618],[0.33091,45.96524],[0.33877,45.95892],[0.34132,45.95162],[0.35301,45.96099],[0.3579,45.95709],[0.36531,45.95901],[0.3794,45.97299],[0.38197,45.97825],[0.3863,45.97997],[0.38282,45.98737],[0.38558,45.98883],[0.38486,45.99268],[0.37638,45.99416],[0.36818,46.00004],[0.36074,45.99787],[0.35709,45.99982],[0.35204,45.9992],[0.35281,46.00228],[0.34973,46.00275],[0.35343,46.01381],[0.35053,46.01462],[0.35071,46.01769],[0.36288,46.01851],[0.36616,46.02783],[0.33996,46.04796],[0.34534,46.05011],[0.34261,46.05542],[0.34502,46.06374]]]},"properties":{"code_territoire":"iris162420000","libelle_territoire":"Nanteuil-en-Vallée (commune non irisée)"}},
{"type":"Feature","geometry":{"type":"Polygon","coordinates":[[[-0.27212,45.70536],[-0.26729,45.70394],[-0.2634,45.70698],[-0.2614,45.70581],[-0.2404,45.70471],[-0.23525,45.70165],[-0.229,45.7116],[-0.22477,45.71413],[-0.22451,45.71919],[-0.23921,45.72336],[-0.2456,45.72118],[-0.24699,45.72633],[-0.25575,45.72584],[-0.25708,45.72988],[-0.26114,45.73014],[-0.25961,45.7318],[-0.26658,45.73681],[-0.27442,45.73726],[-0.29359,45.74613],[-0.29402,45.7494],[-0.30314,45.74839],[-0.30334,45.74401],[-0.30652,45.74208],[-0.3106,45.73227],[-0.30812,45.73247],[-0.30396,45.7277],[-0.29576,45.72451],[-0.2989,45.72249],[-0.29853,45.71994],[-0.28028,45.71089],[-0.27179,45.70888],[-0.27212,45.70536]]]},"properties":{"code_territoire":"iris162430000","libelle_territoire":"Nercillac (commune non irisée)"}},
{"type":"Feature","geometry":{"type":"Polygon","coordinates":[[[0.06433,45.61063],[0.07162,45.62564],[0.09043,45.63829],[0.09819,45.63905],[0.09544,45.64504],[0.09299,45.64456],[0.0674,45.63964],[0.04461,45.63353],[0.04293,45.62597],[0.04304,45.61803],[0.03725,45.61031],[0.04386,45.60968],[0.05996,45.60198],[0.06433,45.61063]]]},"properties":{"code_territoire":"iris162440000","libelle_territoire":"Nersac (commune non irisée)"}},
{"type":"Feature","geometry":{"type":"Polygon","coordinates":[[[0.53541,45.90785],[0.52954,45.90219],[0.5251,45.90242],[0.52101,45.89933],[0.50796,45.90024],[0.50422,45.89622],[0.49877,45.89787],[0.5003,45.89298],[0.49537,45.88775],[0.48758,45.88534],[0.48686,45.88351],[0.48535,45.88523],[0.48257,45.8831],[0.47855,45.884],[0.47769,45.87124],[0.48719,45.86898],[0.49419,45.86422],[0.49753,45.8611],[0.50357,45.86285],[0.51059,45.86185],[0.51534,45.8643],[0.51951,45.86297],[0.52185,45.86589],[0.52314,45.86157],[0.53847,45.85996],[0.54161,45.86495],[0.54937,45.86592],[0.55799,45.86976],[0.55432,45.87316],[0.55302,45.884],[0.56379,45.89033],[0.56573,45.89714],[0.56465,45.90259],[0.55891,45.90591],[0.55156,45.90432],[0.55269,45.90613],[0.55,45.90559],[0.54808,45.90965],[0.54552,45.90986],[0.54504,45.90812],[0.53541,45.90785]]]},"properties":{"code_territoire":"iris162450000","libelle_territoire":"Nieuil (commune non irisée)"}},
{"type":"Feature","geometry":{"type":"Polygon","coordinates":[[[0.05068,45.38545],[0.06587,45.40672],[0.07162,45.41948],[0.08473,45.42039],[0.09015,45.42592],[0.0952,45.42719],[0.0986,45.42729],[0.09444,45.43621],[0.0873,45.442],[0.07821,45.43913],[0.07326,45.44745],[0.06934,45.44943],[0.06003,45.44967],[0.05255,45.44065],[0.04536,45.44146],[0.04011,45.43884],[0.03244,45.43204],[0.02771,45.42165],[0.01722,45.42343],[0.01194,45.4274],[0.01122,45.42291],[0.01593,45.42016],[0.015,45.41838],[0.02998,45.40635],[0.04032,45.40115],[0.04088,45.38903],[0.03553,45.38811],[0.05068,45.38545]]]},"properties":{"code_territoire":"iris162460000","libelle_territoire":"Nonac (commune non irisée)"}},
{"type":"Feature","geometry":{"type":"Polygon","coordinates":[[[-0.00152,45.91117],[-0.0101,45.9146],[-0.00869,45.91746],[-0.01991,45.92777],[-0.02003,45.93318],[-0.03863,45.92368],[-0.05555,45.92236],[-0.07431,45.92377],[-0.07193,45.92074],[-0.07243,45.91155],[-0.06302,45.90703],[-0.06657,45.90127],[-0.06066,45.89759],[-0.0536,45.90016],[-0.04549,45.89356],[-0.02909,45.89988],[-0.02271,45.89559],[-0.00956,45.9029],[-0.00215,45.90203],[-0.00152,45.91117]]]},"properties":{"code_territoire":"iris162480000","libelle_territoire":"Oradour (commune non irisée)"}},
{"type":"Feature","geometry":{"type":"Polygon","coordinates":[[[0.7291,46.13519],[0.74301,46.1282],[0.74232,46.12081],[0.73804,46.11789],[0.75222,46.10406],[0.75062,46.10257],[0.75431,46.10186],[0.7534,46.09807],[0.75909,46.0989],[0.75925,46.09441],[0.75413,46.09077],[0.76051,46.08903],[0.76444,46.08512],[0.7719,46.08433],[0.77448,46.08679],[0.77185,46.08815],[0.77597,46.09113],[0.77566,46.09968],[0.79084,46.10259],[0.79518,46.10688],[0.79241,46.11116],[0.79935,46.11144],[0.8016,46.10736],[0.79978,46.10575],[0.80475,46.10017],[0.80741,46.09993],[0.80449,46.09319],[0.81684,46.09324],[0.81762,46.09048],[0.82426,46.09404],[0.82736,46.09197],[0.82726,46.08846],[0.83049,46.08927],[0.83251,46.09317],[0.83042,46.09642],[0.83466,46.0964],[0.83145,46.10205],[0.8336,46.10297],[0.83083,46.10346],[0.83337,46.10373],[0.83392,46.10621],[0.8237,46.11279],[0.82468,46.11614],[0.81967,46.11752],[0.81802,46.11272],[0.81545,46.11433],[0.8186,46.11757],[0.81442,46.11505],[0.81481,46.12039],[0.8124,46.11804],[0.80814,46.12122],[0.81356,46.12234],[0.81023,46.1247],[0.81375,46.12736],[0.81687,46.12649],[0.82317,46.12858],[0.82206,46.13145],[0.8206,46.13044],[0.81488,46.13373],[0.81593,46.13559],[0.81105,46.1362],[0.81515,46.13783],[0.81377,46.13876],[0.80673,46.13594],[0.80316,46.13662],[0.80097,46.13112],[0.79482,46.13308],[0.79047,46.13169],[0.78874,46.13329],[0.78633,46.12948],[0.7811,46.13336],[0.77558,46.13176],[0.77091,46.13444],[0.76135,46.13179],[0.76242,46.13495],[0.75825,46.13822],[0.75045,46.13658],[0.74457,46.14084],[0.73754,46.13599],[0.7291,46.13519]]]},"properties":{"code_territoire":"iris162490000","libelle_territoire":"Oradour-Fanais (commune non irisée)"}},
{"type":"Feature","geometry":{"type":"Polygon","coordinates":[[[0.49467,45.71955],[0.48858,45.70971],[0.47722,45.70879],[0.47804,45.70396],[0.47229,45.70533],[0.47029,45.70213],[0.465,45.7029],[0.4617,45.69231],[0.46684,45.68708],[0.46602,45.68404],[0.46931,45.68394],[0.47102,45.67888],[0.47325,45.67853],[0.47551,45.68079],[0.47758,45.6784],[0.48067,45.67918],[0.48704,45.68346],[0.4971,45.68197],[0.50234,45.68466],[0.50496,45.70234],[0.5002,45.70868],[0.50759,45.71664],[0.51178,45.71705],[0.50216,45.7247],[0.49467,45.71955]]]},"properties":{"code_territoire":"iris162500000","libelle_territoire":"Orgedeuil (commune non irisée)"}},
{"type":"Feature","geometry":{"type":"Polygon","coordinates":[[[-0.12359,45.33167],[-0.11938,45.33305],[-0.1143,45.3293],[-0.10941,45.32937],[-0.10734,45.33905],[-0.11102,45.34424],[-0.10814,45.34574],[-0.10605,45.35957],[-0.11251,45.36826],[-0.10943,45.38001],[-0.11815,45.37775],[-0.11841,45.37207],[-0.12196,45.37073],[-0.13432,45.36985],[-0.14439,45.37939],[-0.15221,45.3807],[-0.15425,45.37742],[-0.15214,45.37388],[-0.15694,45.37134],[-0.1642,45.37154],[-0.17559,45.36454],[-0.17735,45.35902],[-0.18065,45.35701],[-0.18073,45.35126],[-0.14675,45.34758],[-0.14116,45.34342],[-0.13271,45.34209],[-0.13056,45.34055],[-0.13278,45.3377],[-0.12814,45.33796],[-0.12636,45.33543],[-0.12825,45.33458],[-0.12359,45.33167]]]},"properties":{"code_territoire":"iris162510000","libelle_territoire":"Oriolles (commune non irisée)"}},
{"type":"Feature","geometry":{"type":"Polygon","coordinates":[[[0.06404,45.29838],[0.06153,45.29749],[0.05712,45.29148],[0.05866,45.28843],[0.05018,45.27973],[0.05867,45.27463],[0.0618,45.26998],[0.07222,45.26862],[0.07387,45.27122],[0.07904,45.27232],[0.07532,45.27809],[0.0791,45.2825],[0.08703,45.27628],[0.08995,45.27723],[0.09294,45.28318],[0.07586,45.2901],[0.06404,45.29838]]]},"properties":{"code_territoire":"iris162520000","libelle_territoire":"Orival (commune non irisée)"}},
{"type":"Feature","geometry":{"type":"Polygon","coordinates":[[[0.0193,46.05287],[0.005,46.05957],[-0.00105,46.05551],[-0.01295,46.05661],[-0.01876,46.05485],[-0.02356,46.05673],[-0.03954,46.05313],[-0.03789,46.04415],[-0.02139,46.02895],[-0.02551,46.02878],[-0.03078,46.02189],[-0.04565,46.0207],[-0.04561,46.01399],[-0.03703,46.01392],[-0.0309,46.01587],[-0.03369,46.01792],[-0.02291,46.01879],[-0.02163,46.01286],[-0.01418,46.01189],[-0.01056,46.00538],[0.00801,46.01132],[0.00414,46.00522],[0.01196,46.00412],[0.01729,46.00777],[0.01934,46.01268],[0.02776,46.02963],[0.03148,46.03119],[0.03729,46.0286],[0.04028,46.03169],[0.04598,46.03298],[0.04717,46.03094],[0.05479,46.04085],[0.05777,46.04017],[0.05994,46.04291],[0.05714,46.04516],[0.04396,46.0429],[0.04317,46.04469],[0.03765,46.04239],[0.03503,46.04374],[0.03367,46.04204],[0.02389,46.04618],[0.02313,46.04961],[0.0179,46.05161],[0.0193,46.05287]]]},"properties":{"code_territoire":"iris162530000","libelle_territoire":"Paizay-Naudouin-Embourie (commune non irisée)"}},
{"type":"Feature","geometry":{"type":"Polygon","coordinates":[[[0.26464,45.33486],[0.2587,45.35093],[0.24957,45.36358],[0.24344,45.36329],[0.24173,45.36155],[0.23914,45.36416],[0.22402,45.36273],[0.21752,45.36418],[0.21731,45.35915],[0.22111,45.35381],[0.23728,45.3399],[0.2385,45.32956],[0.24867,45.3283],[0.25356,45.33275],[0.26464,45.33486]]]},"properties":{"code_territoire":"iris162540000","libelle_territoire":"Palluaud (commune non irisée)"}},
{"type":"Feature","geometry":{"type":"Polygon","coordinates":[[[0.39749,45.93783],[0.39724,45.934],[0.39206,45.93003],[0.39401,45.92983],[0.39257,45.92722],[0.39953,45.9252],[0.40098,45.91684],[0.40361,45.91685],[0.40779,45.91256],[0.4146,45.91113],[0.41832,45.9073],[0.43092,45.90648],[0.43422,45.90788],[0.44449,45.9076],[0.4428,45.91943],[0.4496,45.92141],[0.45162,45.92583],[0.44675,45.92386],[0.43868,45.92723],[0.43834,45.92969],[0.43392,45.93061],[0.43364,45.92933],[0.4278,45.93716],[0.42659,45.9432],[0.42301,45.94218],[0.41506,45.94642],[0.40974,45.93941],[0.40464,45.93708],[0.39749,45.93783]]]},"properties":{"code_territoire":"iris162550000","libelle_territoire":"Parzac (commune non irisée)"}},
{"type":"Feature","geometry":{"type":"Polygon","coordinates":[[[-0.05649,45.36873],[-0.06163,45.36634],[-0.06306,45.36104],[-0.07437,45.35402],[-0.0842,45.34319],[-0.0955,45.34189],[-0.09979,45.32948],[-0.10088,45.32463],[-0.09371,45.31195],[-0.08789,45.31617],[-0.09182,45.32265],[-0.09089,45.32875],[-0.08566,45.3294],[-0.07725,45.3262],[-0.05592,45.34007],[-0.04643,45.34268],[-0.03067,45.3509],[-0.03235,45.35312],[-0.02785,45.35872],[-0.0244,45.35729],[-0.0209,45.36186],[-0.02763,45.3605],[-0.03451,45.36486],[-0.03096,45.36943],[-0.03434,45.37392],[-0.04495,45.37375],[-0.05038,45.36836],[-0.04922,45.36597],[-0.05649,45.36873]]]},"properties":{"code_territoire":"iris162560000","libelle_territoire":"Passirac (commune non irisée)"}},
{"type":"Feature","geometry":{"type":"Polygon","coordinates":[[[0.05837,45.48821],[0.0518,45.48081],[0.05159,45.47746],[0.04363,45.47636],[0.03967,45.47783],[0.04032,45.47608],[0.03278,45.47372],[0.03327,45.47022],[0.03742,45.46746],[0.05262,45.46539],[0.05611,45.45228],[0.06003,45.44967],[0.06934,45.44943],[0.07326,45.44745],[0.07821,45.43913],[0.0873,45.442],[0.09444,45.43621],[0.09884,45.4366],[0.10598,45.43379],[0.10459,45.43944],[0.10669,45.44602],[0.10259,45.44957],[0.10997,45.45439],[0.1148,45.46251],[0.12983,45.47072],[0.12395,45.47301],[0.12119,45.47664],[0.11279,45.47444],[0.09919,45.48555],[0.09672,45.49072],[0.0876,45.48797],[0.08576,45.4926],[0.07958,45.49219],[0.07201,45.49637],[0.05837,45.48821]]]},"properties":{"code_territoire":"iris162580000","libelle_territoire":"Pérignac (commune non irisée)"}},
{"type":"Feature","geometry":{"type":"Polygon","coordinates":[[[0.13666,45.32367],[0.13395,45.31362],[0.14858,45.31555],[0.15005,45.31265],[0.14742,45.31037],[0.16128,45.30272],[0.16504,45.30262],[0.16935,45.29851],[0.17744,45.29895],[0.1834,45.29531],[0.18913,45.29959],[0.19361,45.29772],[0.19934,45.29957],[0.20517,45.30849],[0.20741,45.30558],[0.22041,45.3095],[0.21622,45.31283],[0.214,45.31891],[0.21037,45.3272],[0.20003,45.33633],[0.19472,45.3383],[0.19953,45.34097],[0.1974,45.34164],[0.19311,45.35671],[0.19021,45.35307],[0.18623,45.35494],[0.18248,45.3528],[0.1916,45.34208],[0.18259,45.33564],[0.17781,45.33673],[0.17326,45.3345],[0.16987,45.3268],[0.1575,45.32884],[0.15374,45.32344],[0.146,45.32565],[0.14274,45.32411],[0.13639,45.32492],[0.13666,45.32367]]]},"properties":{"code_territoire":"iris162600000","libelle_territoire":"Pillac (commune non irisée)"}},
{"type":"Feature","geometry":{"type":"Polygon","coordinates":[[[0.38775,45.78738],[0.39171,45.79478],[0.403,45.80255],[0.40169,45.80946],[0.40527,45.8147],[0.41317,45.80974],[0.41686,45.81487],[0.41328,45.8215],[0.40007,45.82369],[0.3954,45.82816],[0.37816,45.82727],[0.35131,45.83488],[0.34671,45.83445],[0.34549,45.83084],[0.34016,45.8311],[0.33904,45.819],[0.32583,45.81834],[0.32865,45.81517],[0.32537,45.81059],[0.33218,45.80742],[0.32824,45.80325],[0.34444,45.79766],[0.36333,45.80217],[0.36911,45.79501],[0.3728,45.79517],[0.37957,45.79013],[0.38775,45.78738]]]},"properties":{"code_territoire":"iris162610000","libelle_territoire":"Les Pins (commune non irisée)"}},
{"type":"Feature","geometry":{"type":"Polygon","coordinates":[[[0.11315,45.52755],[0.08728,45.53139],[0.09123,45.53689],[0.09009,45.54103],[0.07738,45.5396],[0.07223,45.53386],[0.06476,45.53508],[0.06327,45.53698],[0.04391,45.53761],[0.04068,45.53044],[0.04343,45.52902],[0.04739,45.51786],[0.0543,45.52018],[0.05553,45.51814],[0.05974,45.51882],[0.06112,45.51329],[0.06951,45.51573],[0.07118,45.51292],[0.07874,45.51138],[0.08926,45.51018],[0.0889,45.51135],[0.09689,45.50853],[0.10126,45.51036],[0.10537,45.51258],[0.10487,45.51549],[0.11315,45.52755]]]},"properties":{"code_territoire":"iris162630000","libelle_territoire":"Plassac-Rouffiac (commune non irisée)"}},
{"type":"Feature","geometry":{"type":"Polygon","coordinates":[[[0.53991,46.08555],[0.53803,46.09543],[0.52281,46.10661],[0.51958,46.11497],[0.51091,46.11754],[0.50797,46.11603],[0.49818,46.12258],[0.50451,46.12307],[0.50868,46.13194],[0.49194,46.13646],[0.4879,46.12751],[0.47214,46.1302],[0.46192,46.11007],[0.45548,46.10677],[0.45101,46.10813],[0.45283,46.10525],[0.44831,46.10512],[0.44326,46.10157],[0.44952,46.09654],[0.44443,46.09154],[0.44704,46.08557],[0.45375,46.0876],[0.45723,46.08593],[0.46465,46.08957],[0.46735,46.08725],[0.47826,46.08531],[0.47455,46.0801],[0.47576,46.07572],[0.47227,46.0729],[0.48067,46.06558],[0.49459,46.05986],[0.50157,46.05395],[0.51248,46.05968],[0.50767,46.06133],[0.50564,46.06629],[0.50018,46.06849],[0.51118,46.07512],[0.50917,46.07803],[0.52984,46.08182],[0.53479,46.08505],[0.53991,46.08555]]]},"properties":{"code_territoire":"iris162640000","libelle_territoire":"Pleuville (commune non irisée)"}},
{"type":"Feature","geometry":{"type":"Polygon","coordinates":[[[-0.03566,45.39086],[-0.01228,45.38992],[-0.00272,45.38698],[0.01617,45.3871],[0.0263,45.38352],[0.02446,45.39102],[0.01247,45.40189],[-0.00583,45.40294],[-0.02825,45.40963],[-0.04052,45.40942],[-0.04426,45.40648],[-0.03812,45.40216],[-0.04136,45.39468],[-0.03566,45.39086]]]},"properties":{"code_territoire":"iris162670000","libelle_territoire":"Poullignac (commune non irisée)"}},
{"type":"Feature","geometry":{"type":"Polygon","coordinates":[[[0.24973,45.95076],[0.25489,45.9508],[0.25548,45.94705],[0.26359,45.94687],[0.26519,45.94477],[0.27265,45.94726],[0.27402,45.94593],[0.27851,45.94702],[0.27636,45.95035],[0.28461,45.95416],[0.29027,45.96095],[0.3053,45.96433],[0.29779,45.972],[0.29193,45.97417],[0.28715,45.97227],[0.28398,45.9749],[0.26871,45.96992],[0.26726,45.96734],[0.26269,45.96906],[0.25993,45.96698],[0.2581,45.96896],[0.26,45.97066],[0.25613,45.97218],[0.25737,45.97452],[0.24944,45.97665],[0.23783,45.97461],[0.24472,45.96572],[0.22555,45.96304],[0.22459,45.96032],[0.22836,45.95723],[0.24973,45.95076]]]},"properties":{"code_territoire":"iris162680000","libelle_territoire":"Poursac (commune non irisée)"}},
{"type":"Feature","geometry":{"type":"Polygon","coordinates":[[[0.32882,45.65888],[0.33876,45.6568],[0.34933,45.65975],[0.35127,45.6575],[0.35444,45.65952],[0.35646,45.65863],[0.35458,45.6613],[0.37226,45.66427],[0.37113,45.66817],[0.38858,45.67383],[0.38326,45.67923],[0.38299,45.68503],[0.37535,45.6869],[0.3731,45.69215],[0.36677,45.68974],[0.36781,45.68828],[0.36396,45.6876],[0.36353,45.68559],[0.35228,45.6839],[0.34516,45.6854],[0.34525,45.68713],[0.34059,45.68888],[0.33568,45.68305],[0.32213,45.68058],[0.32082,45.68454],[0.31355,45.68442],[0.30646,45.67832],[0.31217,45.67418],[0.3082,45.66508],[0.31205,45.66254],[0.3199,45.66283],[0.32882,45.65888]]]},"properties":{"code_territoire":"iris162690000","libelle_territoire":"Pranzac (commune non irisée)"}},
{"type":"Feature","geometry":{"type":"Polygon","coordinates":[[[0.69432,45.81089],[0.70085,45.80348],[0.71049,45.80236],[0.7181,45.80608],[0.73559,45.80196],[0.74096,45.80576],[0.74706,45.80298],[0.74966,45.7961],[0.76138,45.79946],[0.7636,45.79773],[0.76209,45.79366],[0.76853,45.7935],[0.76759,45.79017],[0.77137,45.78735],[0.78065,45.78798],[0.78366,45.79367],[0.78114,45.79392],[0.77594,45.80121],[0.77676,45.80542],[0.78544,45.80749],[0.78253,45.81554],[0.78026,45.81585],[0.78129,45.82057],[0.76758,45.83159],[0.7691,45.83554],[0.756,45.8344],[0.75455,45.83802],[0.74705,45.84038],[0.7367,45.84815],[0.72259,45.84632],[0.71933,45.8476],[0.71586,45.8437],[0.70513,45.8395],[0.70956,45.83204],[0.70914,45.82719],[0.6991,45.82354],[0.68878,45.82298],[0.69432,45.81089]]]},"properties":{"code_territoire":"iris162700000","libelle_territoire":"Pressignac (commune non irisée)"}},
{"type":"Feature","geometry":{"type":"Polygon","coordinates":[[[0.18543,45.62759],[0.18004,45.62907],[0.17756,45.62779],[0.17884,45.62506],[0.17424,45.62782],[0.16817,45.62767],[0.16788,45.6299],[0.15363,45.62784],[0.15354,45.62698],[0.14554,45.62],[0.15085,45.61721],[0.16974,45.60884],[0.17134,45.59587],[0.17717,45.5918],[0.17919,45.59501],[0.17733,45.60153],[0.17917,45.603],[0.18349,45.60154],[0.18582,45.60603],[0.19531,45.61176],[0.18702,45.61958],[0.18543,45.62759]]]},"properties":{"code_territoire":"iris162710000","libelle_territoire":"Puymoyen (commune non irisée)"}},
{"type":"Feature","geometry":{"type":"Polygon","coordinates":[[[0.20962,45.87442],[0.20724,45.8742],[0.20674,45.87622],[0.19574,45.87817],[0.18696,45.87747],[0.18379,45.87346],[0.18468,45.86787],[0.19886,45.85289],[0.20436,45.85108],[0.20942,45.84887],[0.21681,45.85343],[0.22196,45.85428],[0.22562,45.85269],[0.23207,45.85577],[0.23718,45.85231],[0.23973,45.86537],[0.22898,45.86409],[0.22475,45.86559],[0.23033,45.87241],[0.22312,45.8751],[0.21836,45.87246],[0.21427,45.86408],[0.20894,45.8678],[0.20962,45.87442]]]},"properties":{"code_territoire":"iris162720000","libelle_territoire":"Puyréaux (commune non irisée)"}},
{"type":"Feature","geometry":{"type":"Polygon","coordinates":[[[0.09509,45.9858],[0.09926,45.98738],[0.10565,45.986],[0.10893,45.99116],[0.1199,45.99103],[0.13197,46.0012],[0.1343,46.0059],[0.13837,46.01605],[0.1247,46.0135],[0.12687,46.02046],[0.10399,46.01575],[0.10383,46.01139],[0.10703,46.00871],[0.09808,46.0026],[0.09877,45.99856],[0.10124,45.99874],[0.10357,45.99397],[0.09509,45.9858]]]},"properties":{"code_territoire":"iris162730000","libelle_territoire":"Raix (commune non irisée)"}},
{"type":"Feature","geometry":{"type":"Polygon","coordinates":[[[-0.10511,45.92702],[-0.11185,45.92998],[-0.12804,45.92605],[-0.14042,45.93156],[-0.15123,45.92671],[-0.14668,45.92467],[-0.1514,45.91376],[-0.14223,45.9174],[-0.13592,45.91043],[-0.13179,45.91094],[-0.13778,45.90362],[-0.14926,45.90035],[-0.14171,45.88894],[-0.13752,45.89143],[-0.13128,45.8911],[-0.11387,45.89038],[-0.09752,45.89268],[-0.09459,45.89769],[-0.08971,45.90436],[-0.11562,45.90785],[-0.10512,45.92353],[-0.10511,45.92702]]]},"properties":{"code_territoire":"iris162750000","libelle_territoire":"Ranville-Breuillaud (commune non irisée)"}},
{"type":"Feature","geometry":{"type":"Polygon","coordinates":[[[-0.13558,45.43516],[-0.1337,45.43906],[-0.14165,45.44592],[-0.14185,45.45129],[-0.14618,45.45192],[-0.14579,45.45579],[-0.15858,45.45663],[-0.16359,45.44664],[-0.16794,45.44701],[-0.17011,45.44377],[-0.17666,45.44516],[-0.17825,45.43974],[-0.17863,45.43437],[-0.18862,45.43371],[-0.19193,45.43113],[-0.19923,45.43315],[-0.20922,45.43169],[-0.2087,45.42628],[-0.21678,45.42138],[-0.21445,45.41403],[-0.21384,45.40912],[-0.21005,45.40612],[-0.1957,45.4036],[-0.19289,45.40468],[-0.18575,45.398],[-0.17912,45.40031],[-0.17621,45.39724],[-0.17623,45.39994],[-0.1623,45.40173],[-0.16205,45.4065],[-0.15802,45.41043],[-0.15899,45.41392],[-0.15213,45.42544],[-0.13707,45.43003],[-0.13558,45.43516]]]},"properties":{"code_territoire":"iris162760000","libelle_territoire":"Reignac (commune non irisée)"}},
{"type":"Feature","geometry":{"type":"Polygon","coordinates":[[[-0.29402,45.7494],[-0.29359,45.74613],[-0.27442,45.73726],[-0.26658,45.73681],[-0.25961,45.7318],[-0.26114,45.73014],[-0.25708,45.72988],[-0.25575,45.72584],[-0.24699,45.72633],[-0.2456,45.72118],[-0.23921,45.72336],[-0.22451,45.71919],[-0.21897,45.72043],[-0.21795,45.72455],[-0.21273,45.72781],[-0.21594,45.73178],[-0.22234,45.73614],[-0.22644,45.73934],[-0.23844,45.74649],[-0.24187,45.74653],[-0.24311,45.74388],[-0.24935,45.74812],[-0.25664,45.7465],[-0.2601,45.75181],[-0.29325,45.74945],[-0.29402,45.7494]]]},"properties":{"code_territoire":"iris162770000","libelle_territoire":"Réparsac (commune non irisée)"}},
{"type":"Feature","geometry":{"type":"Polygon","coordinates":[[[0.00587,45.2223],[0.01588,45.23192],[0.02622,45.23537],[0.02926,45.233],[0.03169,45.23363],[0.03346,45.23888],[0.02521,45.24396],[0.01349,45.24738],[0.01706,45.25609],[0.01196,45.2666],[-0.01131,45.25552],[-0.02452,45.25536],[-0.04487,45.2481],[-0.03992,45.24651],[-0.03349,45.23438],[-0.03084,45.23516],[-0.01804,45.22889],[-0.00624,45.2276],[0.00352,45.229],[0.00587,45.2223]]]},"properties":{"code_territoire":"iris162790000","libelle_territoire":"Rioux-Martin (commune non irisée)"}},
{"type":"Feature","geometry":{"type":"Polygon","coordinates":[[[0.30226,45.74244],[0.3756,45.74171],[0.37717,45.74465],[0.38254,45.74342],[0.39623,45.76167],[0.3909,45.76861],[0.3914,45.77435],[0.38703,45.78075],[0.38775,45.78738],[0.37957,45.79013],[0.37059,45.78485],[0.36675,45.78617],[0.34978,45.77957],[0.33873,45.76908],[0.33386,45.7594],[0.33472,45.75598],[0.32343,45.75291],[0.31385,45.75301],[0.30303,45.74741],[0.30226,45.74244]]]},"properties":{"code_territoire":"iris162800000","libelle_territoire":"Rivières (commune non irisée)"}},
{"type":"Feature","geometry":{"type":"Polygon","coordinates":[[[0.41387,45.7217],[0.41179,45.72229],[0.41379,45.72768],[0.40767,45.72822],[0.40824,45.73245],[0.40469,45.73269],[0.40488,45.7362],[0.40936,45.73964],[0.40697,45.74007],[0.39521,45.74257],[0.3919,45.7462],[0.40032,45.7581],[0.39623,45.76167],[0.38254,45.74342],[0.37717,45.74465],[0.3756,45.74171],[0.30226,45.74244],[0.31106,45.72],[0.30656,45.71915],[0.31003,45.719],[0.31806,45.71438],[0.32302,45.71381],[0.32695,45.71031],[0.33216,45.71348],[0.33873,45.7121],[0.34822,45.71732],[0.35694,45.71306],[0.35904,45.71671],[0.36576,45.71608],[0.37141,45.71808],[0.4038,45.71756],[0.41387,45.7217]]]},"properties":{"code_territoire":"iris162810000","libelle_territoire":"La Rochefoucauld-en-Angoumois (commune non irisée)"}},
{"type":"Feature","geometry":{"type":"Polygon","coordinates":[[[0.29363,45.77817],[0.33648,45.78959],[0.33036,45.79823],[0.3261,45.79985],[0.32824,45.80325],[0.33218,45.80742],[0.32537,45.81059],[0.32865,45.81517],[0.32583,45.81834],[0.31211,45.81545],[0.31102,45.81907],[0.30474,45.81925],[0.30659,45.81415],[0.30029,45.81288],[0.29819,45.80938],[0.29969,45.8072],[0.29441,45.80432],[0.28668,45.79207],[0.28179,45.78883],[0.29363,45.77817]]]},"properties":{"code_territoire":"iris162820000","libelle_territoire":"La Rochette (commune non irisée)"}},
{"type":"Feature","geometry":{"type":"Polygon","coordinates":[[[0.24644,45.48056],[0.24318,45.47608],[0.23897,45.4751],[0.23103,45.47672],[0.22405,45.47511],[0.22372,45.46889],[0.21135,45.46443],[0.19892,45.46893],[0.1943,45.46476],[0.18948,45.45403],[0.19618,45.45188],[0.20015,45.44436],[0.20467,45.44225],[0.20065,45.43611],[0.19844,45.43728],[0.19679,45.43094],[0.19873,45.43008],[0.20306,45.43412],[0.21202,45.42718],[0.22258,45.43494],[0.23536,45.43728],[0.24324,45.43662],[0.24384,45.43903],[0.24964,45.43981],[0.25378,45.43818],[0.2639,45.45157],[0.27148,45.44484],[0.27567,45.45101],[0.29539,45.45655],[0.29591,45.45851],[0.28684,45.46115],[0.28381,45.46731],[0.28271,45.46621],[0.27701,45.46822],[0.27003,45.46668],[0.27018,45.46926],[0.26587,45.47042],[0.27053,45.48259],[0.26586,45.48255],[0.26478,45.48564],[0.26149,45.48598],[0.25582,45.48042],[0.24644,45.48056]]]},"properties":{"code_territoire":"iris162830000","libelle_territoire":"Ronsenac (commune non irisée)"}},
{"type":"Feature","geometry":{"type":"Polygon","coordinates":[[[0.09294,45.28318],[0.08995,45.27723],[0.08703,45.27628],[0.0791,45.2825],[0.07532,45.27809],[0.07904,45.27232],[0.07387,45.27122],[0.07222,45.26862],[0.07075,45.26533],[0.08156,45.26224],[0.08314,45.25644],[0.08952,45.25435],[0.09901,45.24366],[0.10809,45.25501],[0.1169,45.2595],[0.13059,45.26835],[0.12662,45.27323],[0.10719,45.27607],[0.10154,45.27887],[0.09277,45.27666],[0.09643,45.28008],[0.09633,45.28217],[0.09294,45.28318]]]},"properties":{"code_territoire":"iris162840000","libelle_territoire":"Rouffiac (commune non irisée)"}},
{"type":"Feature","geometry":{"type":"Polygon","coordinates":[[[0.33991,45.5714],[0.34122,45.56657],[0.33628,45.5653],[0.33834,45.56217],[0.33103,45.56091],[0.3286,45.55702],[0.33268,45.55763],[0.33439,45.55584],[0.33066,45.5492],[0.31747,45.54913],[0.31827,45.54343],[0.31605,45.53848],[0.31122,45.53734],[0.30905,45.52744],[0.32076,45.52059],[0.33058,45.52077],[0.33267,45.51739],[0.33778,45.51549],[0.34698,45.51398],[0.35468,45.50676],[0.35855,45.50736],[0.37001,45.50383],[0.37591,45.50702],[0.37916,45.50907],[0.37815,45.51722],[0.38488,45.52123],[0.3859,45.52624],[0.3892,45.5283],[0.38751,45.53395],[0.38993,45.53791],[0.39885,45.53898],[0.39919,45.5456],[0.38726,45.5526],[0.37992,45.55633],[0.36337,45.56036],[0.36433,45.56267],[0.33991,45.5714]]]},"properties":{"code_territoire":"iris162850000","libelle_territoire":"Rougnac (commune non irisée)"}},
{"type":"Feature","geometry":{"type":"Polygon","coordinates":[[[-0.03089,45.84671],[-0.03604,45.84373],[-0.02723,45.83651],[-0.03545,45.83382],[-0.03583,45.82851],[-0.04322,45.82822],[-0.04197,45.8188],[-0.05351,45.81664],[-0.05245,45.8129],[-0.06214,45.80546],[-0.06955,45.80471],[-0.07324,45.80796],[-0.0956,45.8042],[-0.10487,45.81226],[-0.11085,45.8129],[-0.11029,45.81538],[-0.1221,45.81819],[-0.12008,45.82225],[-0.13037,45.81902],[-0.13633,45.82073],[-0.13487,45.8189],[-0.14179,45.81239],[-0.1461,45.80274],[-0.15604,45.79654],[-0.14881,45.79452],[-0.15132,45.79037],[-0.1485,45.78913],[-0.14334,45.79273],[-0.13349,45.78643],[-0.12806,45.78557],[-0.12312,45.78908],[-0.11836,45.78301],[-0.1075,45.78177],[-0.11147,45.77671],[-0.11233,45.76977],[-0.107,45.76895],[-0.11025,45.76548],[-0.11797,45.76017],[-0.13296,45.75887],[-0.1298,45.75194],[-0.13019,45.74359],[-0.1251,45.73834],[-0.12378,45.74019],[-0.11701,45.74113],[-0.10673,45.75661],[-0.10351,45.75781],[-0.10319,45.76137],[-0.08515,45.76294],[-0.08191,45.76055],[-0.08268,45.7586],[-0.08941,45.75512],[-0.08358,45.75207],[-0.08223,45.74816],[-0.06472,45.75174],[-0.06165,45.75393],[-0.04438,45.76078],[-0.04913,45.77009],[-0.0388,45.77355],[-0.03372,45.78114],[-0.04332,45.7864],[-0.04394,45.80428],[-0.02809,45.80365],[-0.02091,45.80652],[-0.0209,45.80408],[-0.01709,45.80629],[-0.00327,45.82361],[0.00765,45.82546],[0.00708,45.82688],[0.01023,45.83433],[0.00323,45.83492],[0.00282,45.83845],[-0.00112,45.84028],[-0.01147,45.83924],[-0.00831,45.84704],[-0.01059,45.84809],[-0.02214,45.84902],[-0.02381,45.84719],[-0.03089,45.84671]]]},"properties":{"code_territoire":"iris162860000","libelle_territoire":"Rouillac (commune non irisée)"}},
{"type":"Feature","geometry":{"type":"Polygon","coordinates":[[[0.03725,45.61031],[0.03231,45.60616],[0.02305,45.6059],[0.02374,45.6038],[0.02068,45.60313],[-0.00203,45.60357],[-0.01092,45.60071],[-0.01131,45.5916],[-0.00536,45.58595],[-0.02213,45.57525],[-0.02902,45.55917],[-0.00227,45.5502],[0.01896,45.54374],[0.02729,45.5571],[0.02806,45.56422],[0.0479,45.57207],[0.05021,45.56975],[0.05716,45.56971],[0.06293,45.56036],[0.07201,45.56042],[0.0755,45.55641],[0.08353,45.57003],[0.08006,45.57156],[0.08229,45.57755],[0.09067,45.57554],[0.09159,45.58162],[0.09152,45.58608],[0.08019,45.59234],[0.08207,45.60445],[0.07994,45.60925],[0.06981,45.61156],[0.06433,45.61063],[0.05996,45.60198],[0.04386,45.60968],[0.03725,45.61031]]]},"properties":{"code_territoire":"iris162870000","libelle_territoire":"Roullet-Saint-Estèphe (commune non irisée)"}},
{"type":"Feature","geometry":{"type":"Polygon","coordinates":[[[0.60457,45.69438],[0.60975,45.69184],[0.61496,45.69469],[0.61397,45.69902],[0.622,45.69912],[0.62975,45.71033],[0.62553,45.71339],[0.63157,45.71657],[0.63267,45.72132],[0.64456,45.71618],[0.65116,45.7265],[0.64813,45.73043],[0.64659,45.73551],[0.64039,45.72958],[0.63242,45.731],[0.63084,45.72971],[0.6314,45.73613],[0.63694,45.73955],[0.63825,45.75071],[0.63371,45.75124],[0.62031,45.75363],[0.60923,45.75316],[0.6123,45.74537],[0.61657,45.74174],[0.61701,45.73583],[0.60525,45.73396],[0.60288,45.72914],[0.59742,45.73048],[0.59366,45.72835],[0.59395,45.71327],[0.5936,45.70135],[0.60165,45.69966],[0.60457,45.69438]]]},"properties":{"code_territoire":"iris162890000","libelle_territoire":"Roussines (commune non irisée)"}},
{"type":"Feature","geometry":{"type":"Polygon","coordinates":[[[0.55547,45.73927],[0.54922,45.74092],[0.53772,45.73801],[0.53882,45.72786],[0.53844,45.71152],[0.54229,45.70781],[0.54705,45.70743],[0.54338,45.69997],[0.54461,45.68823],[0.55194,45.69152],[0.55998,45.70661],[0.59395,45.71327],[0.59366,45.72835],[0.58754,45.7305],[0.57991,45.73042],[0.56973,45.73845],[0.55547,45.73927]]]},"properties":{"code_territoire":"iris162900000","libelle_territoire":"Rouzède (commune non irisée)"}},
{"type":"Feature","geometry":{"type":"Polygon","coordinates":[[[0.21018,45.67323],[0.21016,45.68216],[0.22089,45.6821],[0.22148,45.68905],[0.22406,45.69094],[0.21843,45.68799],[0.20129,45.6853],[0.18154,45.67794],[0.18384,45.6748],[0.19196,45.67405],[0.20016,45.67488],[0.20075,45.67314],[0.21018,45.67323]]]},"properties":{"code_territoire":"iris162910101","libelle_territoire":"Fissac"}},
{"type":"Feature","geometry":{"type":"Polygon","coordinates":[[[0.23171,45.67605],[0.23167,45.68042],[0.22089,45.6821],[0.21016,45.68216],[0.21018,45.67323],[0.22203,45.67121],[0.22342,45.67797],[0.22696,45.67568],[0.23171,45.67605]]]},"properties":{"code_territoire":"iris162910102","libelle_territoire":"Centre"}},
{"type":"Feature","geometry":{"type":"Polygon","coordinates":[[[0.26732,45.70226],[0.25048,45.69862],[0.24182,45.69205],[0.23914,45.69326],[0.23394,45.69063],[0.23018,45.69439],[0.22406,45.69094],[0.22148,45.68905],[0.22089,45.6821],[0.23167,45.68042],[0.23171,45.67605],[0.23985,45.67458],[0.24165,45.67112],[0.24506,45.67381],[0.2503,45.67236],[0.25349,45.67946],[0.25918,45.68284],[0.26075,45.68955],[0.26907,45.69056],[0.26814,45.69419],[0.26378,45.69564],[0.26428,45.69932],[0.26829,45.70151],[0.26732,45.70226]]]},"properties":{"code_territoire":"iris162910103","libelle_territoire":"Foch"}},
{"type":"Feature","geometry":{"type":"Polygon","coordinates":[[[0.21678,46.06121],[0.19478,46.0645],[0.19484,46.0662],[0.19003,46.06715],[0.19149,46.06215],[0.18734,46.0588],[0.18248,46.04741],[0.18535,46.04627],[0.18478,46.04141],[0.18126,46.04052],[0.17984,46.03427],[0.17202,46.03341],[0.17327,46.02921],[0.17904,46.02899],[0.17819,46.02284],[0.19552,46.01897],[0.19284,46.00948],[0.20429,46.01099],[0.20566,46.0125],[0.21009,46.01206],[0.21403,46.01482],[0.20627,46.01937],[0.2119,46.02557],[0.20921,46.03041],[0.21561,46.03834],[0.21825,46.04664],[0.22242,46.04604],[0.22542,46.04939],[0.22629,46.05084],[0.21982,46.05224],[0.22004,46.05858],[0.21678,46.06121]]]},"properties":{"code_territoire":"iris162920000","libelle_territoire":"Ruffec (commune non irisée)"}},
{"type":"Feature","geometry":{"type":"Polygon","coordinates":[[[0.49906,45.74595],[0.50031,45.74938],[0.50375,45.75024],[0.50359,45.75527],[0.50807,45.75576],[0.50799,45.75801],[0.51992,45.76319],[0.5128,45.77161],[0.51238,45.76879],[0.50974,45.76815],[0.49613,45.77025],[0.47973,45.78013],[0.4781,45.78421],[0.46562,45.7895],[0.46072,45.78852],[0.4606,45.79155],[0.45691,45.79205],[0.443,45.79],[0.44212,45.78189],[0.44634,45.78074],[0.45074,45.77434],[0.45824,45.77118],[0.45316,45.76754],[0.45173,45.76249],[0.46464,45.75949],[0.47116,45.75493],[0.47327,45.75746],[0.48458,45.75263],[0.48831,45.74877],[0.49906,45.74595]]]},"properties":{"code_territoire":"iris162930000","libelle_territoire":"Saint-Adjutory (commune non irisée)"}},
{"type":"Feature","geometry":{"type":"Polygon","coordinates":[[[0.15493,45.84053],[0.14974,45.82833],[0.14442,45.82763],[0.14119,45.82287],[0.13508,45.82464],[0.12971,45.81876],[0.12716,45.81921],[0.1283,45.81209],[0.12364,45.81525],[0.11543,45.80787],[0.10862,45.80524],[0.10035,45.80854],[0.09143,45.7979],[0.09826,45.79057],[0.09619,45.78459],[0.10733,45.78661],[0.10755,45.79024],[0.12357,45.7852],[0.12791,45.78858],[0.13108,45.78676],[0.13921,45.78718],[0.1398,45.78008],[0.13892,45.77177],[0.15519,45.779],[0.16766,45.77245],[0.17458,45.773],[0.17804,45.78807],[0.17315,45.78899],[0.16123,45.789],[0.15513,45.7922],[0.16088,45.79471],[0.16167,45.79755],[0.15885,45.79816],[0.16458,45.79986],[0.15618,45.80427],[0.16256,45.8093],[0.15548,45.81041],[0.16089,45.81248],[0.15798,45.81444],[0.16255,45.82116],[0.17263,45.82818],[0.17423,45.82933],[0.15493,45.84053]]]},"properties":{"code_territoire":"iris162950000","libelle_territoire":"Saint-Amant-de-Boixe (commune non irisée)"}},
{"type":"Feature","geometry":{"type":"Polygon","coordinates":[[[-0.12146,45.63181],[-0.11975,45.63092],[-0.1221,45.62989],[-0.12296,45.62366],[-0.11382,45.61708],[-0.08841,45.6325],[-0.07851,45.64554],[-0.08757,45.64713],[-0.08563,45.6505],[-0.09085,45.65134],[-0.09542,45.65173],[-0.10053,45.64947],[-0.10769,45.65173],[-0.11028,45.65571],[-0.1198,45.65697],[-0.12267,45.65363],[-0.11728,45.65131],[-0.12478,45.63761],[-0.11691,45.63642],[-0.11854,45.63154],[-0.12146,45.63181]]]},"properties":{"code_territoire":"iris162970000","libelle_territoire":"Graves-Saint-Amant (commune non irisée)"}},
{"type":"Feature","geometry":{"type":"Polygon","coordinates":[[[-0.00241,45.75687],[-0.01187,45.75586],[-0.01482,45.75215],[-0.02064,45.75064],[-0.02588,45.74545],[-0.02878,45.74597],[-0.03589,45.74083],[-0.01985,45.73156],[-0.01449,45.72564],[-0.01227,45.72074],[-0.02004,45.71202],[-0.01197,45.71637],[-0.00161,45.71777],[0.00481,45.71666],[0.0108,45.72377],[0.01197,45.72601],[0.01996,45.72819],[0.00962,45.74726],[0.00611,45.7488],[0.0064,45.75368],[-0.00241,45.75687]]]},"properties":{"code_territoire":"iris162980000","libelle_territoire":"Saint-Amant-de-Nouère (commune non irisée)"}},
{"type":"Feature","geometry":{"type":"Polygon","coordinates":[[[0.30008,45.87156],[0.28665,45.87177],[0.27812,45.87478],[0.27739,45.86998],[0.26143,45.85957],[0.2703,45.85285],[0.26242,45.84846],[0.25665,45.85275],[0.25772,45.84612],[0.25424,45.84643],[0.24985,45.84224],[0.24687,45.84331],[0.24134,45.84031],[0.2417,45.83652],[0.23701,45.83365],[0.23374,45.82975],[0.24733,45.82791],[0.25625,45.82321],[0.2709,45.83478],[0.27858,45.82774],[0.2871,45.83022],[0.29707,45.821],[0.30474,45.81925],[0.31102,45.81907],[0.31211,45.81545],[0.32583,45.81834],[0.33904,45.819],[0.34016,45.8311],[0.34549,45.83084],[0.34671,45.83445],[0.33747,45.83685],[0.32786,45.83352],[0.31863,45.83512],[0.31193,45.84257],[0.32226,45.85499],[0.32008,45.86231],[0.32359,45.86778],[0.30536,45.86939],[0.30008,45.87156]]]},"properties":{"code_territoire":"iris163000000","libelle_territoire":"Val-de-Bonnieure (commune non irisée)"}},
{"type":"Feature","geometry":{"type":"Polygon","coordinates":[[[-0.08104,45.44324],[-0.08049,45.43753],[-0.07531,45.43378],[-0.07083,45.42392],[-0.0542,45.4253],[-0.05393,45.43707],[-0.04606,45.43634],[-0.04639,45.43882],[-0.03705,45.44219],[-0.03026,45.44031],[-0.02721,45.44562],[-0.02296,45.44491],[-0.01348,45.44938],[-0.01705,45.45735],[-0.01127,45.45829],[-0.01644,45.46237],[-0.02935,45.46076],[-0.0298,45.45796],[-0.03682,45.45602],[-0.04047,45.45075],[-0.04251,45.46859],[-0.05445,45.46676],[-0.06078,45.46821],[-0.06005,45.46026],[-0.07423,45.45896],[-0.08473,45.45361],[-0.08104,45.44324]]]},"properties":{"code_territoire":"iris163010000","libelle_territoire":"Saint-Aulais-la-Chapelle (commune non irisée)"}},
{"type":"Feature","geometry":{"type":"Polygon","coordinates":[[[0.03384,45.23263],[0.04367,45.23151],[0.04974,45.23512],[0.05684,45.24619],[0.05653,45.25266],[0.03802,45.25543],[0.03426,45.25111],[0.03346,45.23888],[0.03169,45.23363],[0.03384,45.23263]]]},"properties":{"code_territoire":"iris163020000","libelle_territoire":"Saint-Avit (commune non irisée)"}},
{"type":"Feature","geometry":{"type":"Polygon","coordinates":[[[-0.11941,45.49328],[-0.11797,45.48015],[-0.11309,45.47933],[-0.11019,45.48084],[-0.10834,45.47367],[-0.11156,45.46462],[-0.10626,45.45673],[-0.10818,45.45193],[-0.09503,45.4498],[-0.08888,45.44661],[-0.08818,45.44307],[-0.08104,45.44324],[-0.08473,45.45361],[-0.07423,45.45896],[-0.06005,45.46026],[-0.06078,45.46821],[-0.06364,45.47029],[-0.06237,45.47441],[-0.0666,45.48008],[-0.06478,45.48384],[-0.06793,45.48716],[-0.06868,45.4903],[-0.06561,45.49162],[-0.07769,45.49551],[-0.09468,45.49722],[-0.10358,45.49379],[-0.10788,45.49457],[-0.11591,45.49223],[-0.11891,45.49341],[-0.11941,45.49328]]]},"properties":{"code_territoire":"iris163030000","libelle_territoire":"Saint-Bonnet (commune non irisée)"}},
{"type":"Feature","geometry":{"type":"Polygon","coordinates":[[[-0.25672,45.67968],[-0.25013,45.67429],[-0.2415,45.67121],[-0.23641,45.68224],[-0.25291,45.69039],[-0.24916,45.69408],[-0.24083,45.69695],[-0.25104,45.70254],[-0.26286,45.70206],[-0.26391,45.70404],[-0.2614,45.70581],[-0.2634,45.70698],[-0.26729,45.70394],[-0.27212,45.70536],[-0.27286,45.70243],[-0.28127,45.7002],[-0.28425,45.69645],[-0.29835,45.6955],[-0.28669,45.68863],[-0.28713,45.68611],[-0.29042,45.68531],[-0.26866,45.67662],[-0.26396,45.68313],[-0.25672,45.67968]]]},"properties":{"code_territoire":"iris163040000","libelle_territoire":"Saint-Brice (commune non irisée)"}},
{"type":"Feature","geometry":{"type":"Polygon","coordinates":[[[0.89405,46.0227],[0.89575,46.02711],[0.88444,46.03198],[0.87691,46.02386],[0.86607,46.01822],[0.86612,46.01569],[0.86293,46.01627],[0.85794,46.01844],[0.85965,46.02184],[0.85777,46.02202],[0.85942,46.02385],[0.85736,46.02914],[0.85291,46.03383],[0.84521,46.03643],[0.84453,46.033],[0.82428,46.02304],[0.82727,46.0196],[0.83443,46.01799],[0.82204,46.01283],[0.82802,46.00923],[0.82396,46.00486],[0.82659,46.00181],[0.81926,46.00174],[0.8213,45.99907],[0.81855,45.99912],[0.81887,45.98966],[0.82137,45.98797],[0.81967,45.98667],[0.82171,45.98182],[0.81546,45.97825],[0.816,45.97479],[0.82153,45.97315],[0.82166,45.97086],[0.82649,45.97106],[0.83368,45.96919],[0.83467,45.9741],[0.8605,45.98291],[0.8613,45.99402],[0.87614,46.0081],[0.88336,46.00295],[0.89871,46.00718],[0.89346,46.00829],[0.88659,46.01414],[0.89405,46.0227]]]},"properties":{"code_territoire":"iris163060000","libelle_territoire":"Saint-Christophe (commune non irisée)"}},
{"type":"Feature","geometry":{"type":"Polygon","coordinates":[[[0.23718,45.85231],[0.23649,45.84849],[0.24265,45.84989],[0.24134,45.84031],[0.24687,45.84331],[0.24985,45.84224],[0.25424,45.84643],[0.25772,45.84612],[0.25665,45.85275],[0.26242,45.84846],[0.2703,45.85285],[0.26143,45.85957],[0.27739,45.86998],[0.27812,45.87478],[0.25916,45.87804],[0.22311,45.87724],[0.20962,45.87442],[0.20894,45.8678],[0.21427,45.86408],[0.21836,45.87246],[0.22312,45.8751],[0.23033,45.87241],[0.22475,45.86559],[0.22898,45.86409],[0.23973,45.86537],[0.23718,45.85231]]]},"properties":{"code_territoire":"iris163070000","libelle_territoire":"Saint-Ciers-sur-Bonnieure (commune non irisée)"}},
{"type":"Feature","geometry":{"type":"Polygon","coordinates":[[[0.46194,45.9231],[0.45328,45.92062],[0.4496,45.92141],[0.4428,45.91943],[0.44449,45.9076],[0.43422,45.90788],[0.43147,45.89371],[0.4351,45.89099],[0.43452,45.8731],[0.43931,45.87209],[0.45286,45.87047],[0.45428,45.8745],[0.47769,45.87124],[0.47855,45.884],[0.48257,45.8831],[0.48535,45.88523],[0.48686,45.88351],[0.48758,45.88534],[0.49537,45.88775],[0.5003,45.89298],[0.49877,45.89787],[0.50422,45.89622],[0.50796,45.90024],[0.52101,45.89933],[0.5251,45.90242],[0.52954,45.90219],[0.53541,45.90785],[0.53149,45.91136],[0.52518,45.90749],[0.51582,45.91451],[0.51152,45.9133],[0.50947,45.91664],[0.50556,45.9181],[0.49551,45.91418],[0.49487,45.91722],[0.49034,45.91828],[0.48896,45.91509],[0.48262,45.9159],[0.46832,45.92243],[0.46194,45.9231]]]},"properties":{"code_territoire":"iris163080000","libelle_territoire":"Saint-Claud (commune non irisée)"}},
{"type":"Feature","geometry":{"type":"Polygon","coordinates":[[[0.51222,45.99077],[0.49406,45.99385],[0.48035,46.00247],[0.47628,46.00255],[0.47868,46.00624],[0.46733,46.01074],[0.46894,46.01666],[0.45734,46.01594],[0.44212,46.02073],[0.42524,46.02286],[0.41669,46.01624],[0.41646,46.00808],[0.43556,46.00597],[0.45409,45.99739],[0.45153,45.99104],[0.45263,45.98378],[0.46037,45.97993],[0.45821,45.97916],[0.46496,45.96881],[0.47457,45.96527],[0.47564,45.96634],[0.47636,45.96386],[0.48141,45.96171],[0.48537,45.96413],[0.48672,45.96949],[0.48338,45.97278],[0.48886,45.9738],[0.48825,45.9776],[0.50448,45.97733],[0.50575,45.97894],[0.50876,45.97834],[0.51126,45.98385],[0.50069,45.98547],[0.51222,45.99077]]]},"properties":{"code_territoire":"iris163100000","libelle_territoire":"Saint-Coutant (commune non irisée)"}},
{"type":"Feature","geometry":{"type":"Polygon","coordinates":[[[-0.0524,45.74547],[-0.0378,45.73885],[-0.03589,45.74083],[-0.02878,45.74597],[-0.02588,45.74545],[-0.02064,45.75064],[-0.01482,45.75215],[-0.01187,45.75586],[-0.00241,45.75687],[0.00494,45.76757],[0.01018,45.77656],[-0.00364,45.77899],[-0.00299,45.78168],[-0.00762,45.78598],[-0.00463,45.78917],[-0.01454,45.78703],[-0.00811,45.80283],[-0.01569,45.8034],[-0.01709,45.80629],[-0.0209,45.80408],[-0.02091,45.80652],[-0.02809,45.80365],[-0.04394,45.80428],[-0.04332,45.7864],[-0.03372,45.78114],[-0.0388,45.77355],[-0.04913,45.77009],[-0.04438,45.76078],[-0.06165,45.75393],[-0.0524,45.74547]]]},"properties":{"code_territoire":"iris163120000","libelle_territoire":"Saint-Cybardeaux (commune non irisée)"}},
{"type":"Feature","geometry":{"type":"Polygon","coordinates":[[[0.0263,45.38352],[0.01617,45.3871],[-0.00272,45.38698],[0.00463,45.38161],[-0.00374,45.37895],[-0.00421,45.37509],[-0.00752,45.37333],[-0.00511,45.36854],[-0.00954,45.36725],[-0.0052,45.36069],[0.01784,45.35092],[0.02204,45.36417],[0.02654,45.36444],[0.02826,45.37443],[0.03405,45.37413],[0.0263,45.38352]]]},"properties":{"code_territoire":"iris163150000","libelle_territoire":"Saint-Félix (commune non irisée)"}},
{"type":"Feature","geometry":{"type":"Polygon","coordinates":[[[-0.29591,45.56452],[-0.28787,45.57519],[-0.28932,45.57858],[-0.28492,45.58096],[-0.28976,45.58445],[-0.29148,45.59008],[-0.28577,45.59158],[-0.29254,45.59918],[-0.29912,45.59534],[-0.32047,45.59163],[-0.32676,45.58862],[-0.32841,45.58476],[-0.32332,45.5807],[-0.30977,45.57669],[-0.30073,45.56525],[-0.29656,45.56453],[-0.29591,45.56452]]]},"properties":{"code_territoire":"iris163160000","libelle_territoire":"Saint-Fort-sur-le-Né (commune non irisée)"}},
{"type":"Feature","geometry":{"type":"Polygon","coordinates":[[[-0.06194,45.97975],[-0.06577,45.97327],[-0.06178,45.96423],[-0.05297,45.95942],[-0.04643,45.94847],[-0.02577,45.93507],[-0.02003,45.93318],[-0.01991,45.92777],[-0.00869,45.91746],[-0.0101,45.9146],[-0.00152,45.91117],[0.0035,45.91811],[0.00046,45.92492],[0.00444,45.9273],[0.00582,45.9256],[0.01764,45.94249],[0.0208,45.95278],[0.01966,45.96466],[0.02244,45.96934],[0.02368,45.975],[0.03383,45.9803],[0.01267,45.98656],[0.01017,45.98392],[-0.00289,45.9817],[-0.00494,45.985],[-0.00768,45.97032],[-0.02902,45.9728],[-0.03234,45.97485],[-0.03389,45.98032],[-0.04259,45.98377],[-0.04206,45.98729],[-0.05011,45.98747],[-0.05071,45.98901],[-0.05857,45.98689],[-0.06194,45.97975]]]},"properties":{"code_territoire":"iris163170000","libelle_territoire":"Saint-Fraigne (commune non irisée)"}},
{"type":"Feature","geometry":{"type":"Polygon","coordinates":[[[0.27264,45.92258],[0.26257,45.90807],[0.26503,45.90488],[0.26364,45.9019],[0.2616,45.89937],[0.25838,45.89954],[0.25783,45.89395],[0.26528,45.88744],[0.25916,45.87804],[0.27812,45.87478],[0.28665,45.87177],[0.30008,45.87156],[0.29456,45.87927],[0.29608,45.88542],[0.29367,45.88768],[0.29851,45.89554],[0.2986,45.90196],[0.30842,45.90454],[0.30578,45.90635],[0.30685,45.91439],[0.29858,45.91789],[0.29052,45.91197],[0.27944,45.91467],[0.27264,45.92258]]]},"properties":{"code_territoire":"iris163180000","libelle_territoire":"Saint-Front (commune non irisée)"}},
{"type":"Feature","geometry":{"type":"Polygon","coordinates":[[[0.01996,45.72819],[0.02391,45.72618],[0.02612,45.72098],[0.05175,45.73845],[0.04912,45.74001],[0.0543,45.74477],[0.04853,45.75213],[0.06659,45.75878],[0.07349,45.76456],[0.08164,45.7679],[0.09021,45.77048],[0.08449,45.77144],[0.08884,45.77523],[0.08092,45.77753],[0.0744,45.77707],[0.06775,45.777],[0.06862,45.77449],[0.0582,45.7716],[0.05165,45.77282],[0.04406,45.77029],[0.00494,45.76757],[-0.00241,45.75687],[0.0064,45.75368],[0.00611,45.7488],[0.00962,45.74726],[0.01996,45.72819]]]},"properties":{"code_territoire":"iris163200000","libelle_territoire":"Saint-Genis-d'Hiersac (commune non irisée)"}},
{"type":"Feature","geometry":{"type":"Polygon","coordinates":[[[0.25737,45.97452],[0.25613,45.97218],[0.26,45.97066],[0.2581,45.96896],[0.25993,45.96698],[0.26269,45.96906],[0.26726,45.96734],[0.26871,45.96992],[0.28398,45.9749],[0.27961,45.98327],[0.27003,45.97913],[0.26856,45.98066],[0.26192,45.97973],[0.25997,45.98198],[0.25737,45.97452]]]},"properties":{"code_territoire":"iris163210000","libelle_territoire":"Saint-Georges (commune non irisée)"}},
{"type":"Feature","geometry":{"type":"Polygon","coordinates":[[[0.38525,45.61984],[0.39605,45.61694],[0.3948,45.61324],[0.39738,45.61379],[0.42004,45.60633],[0.42538,45.6077],[0.43147,45.61792],[0.42983,45.62824],[0.43417,45.63168],[0.43161,45.63417],[0.43606,45.63726],[0.43499,45.63841],[0.44052,45.63994],[0.43648,45.64185],[0.43251,45.64032],[0.42962,45.64271],[0.42425,45.6498],[0.43149,45.65361],[0.4282,45.65499],[0.42275,45.65665],[0.41902,45.66054],[0.41163,45.66069],[0.40137,45.66506],[0.3993,45.66349],[0.40006,45.6541],[0.39549,45.64734],[0.4072,45.63391],[0.39142,45.62898],[0.38525,45.61984]]]},"properties":{"code_territoire":"iris163230000","libelle_territoire":"Saint-Germain-de-Montbron (commune non irisée)"}},
{"type":"Feature","geometry":{"type":"Polygon","coordinates":[[[0.34132,45.95162],[0.33877,45.95892],[0.33091,45.96524],[0.32343,45.9618],[0.32036,45.96487],[0.31266,45.96335],[0.3053,45.96433],[0.29027,45.96095],[0.28461,45.95416],[0.27636,45.95035],[0.27851,45.94702],[0.29208,45.9406],[0.29506,45.94061],[0.30137,45.94675],[0.31337,45.94254],[0.31653,45.94486],[0.3367,45.9368],[0.33778,45.94911],[0.34132,45.95162]]]},"properties":{"code_territoire":"iris163250000","libelle_territoire":"Saint-Gourson (commune non irisée)"}},
{"type":"Feature","geometry":{"type":"Polygon","coordinates":[[[0.15804,45.87698],[0.16341,45.88836],[0.1694,45.88787],[0.17564,45.89881],[0.16856,45.90378],[0.15176,45.89903],[0.14281,45.88512],[0.14728,45.88274],[0.14174,45.88087],[0.14166,45.87852],[0.15804,45.87698]]]},"properties":{"code_territoire":"iris163260000","libelle_territoire":"Saint-Groux (commune non irisée)"}},
{"type":"Feature","geometry":{"type":"Polygon","coordinates":[[[0.47002,45.95241],[0.46473,45.94656],[0.46751,45.94538],[0.46593,45.9431],[0.45338,45.93933],[0.45967,45.93563],[0.45878,45.93252],[0.46187,45.92816],[0.45988,45.92422],[0.46194,45.9231],[0.46832,45.92243],[0.48262,45.9159],[0.48896,45.91509],[0.49034,45.91828],[0.49487,45.91722],[0.49551,45.91418],[0.50556,45.9181],[0.50947,45.91664],[0.51296,45.91998],[0.51908,45.91961],[0.52915,45.92462],[0.5302,45.92872],[0.53353,45.92933],[0.53273,45.93344],[0.54194,45.94242],[0.5359,45.94766],[0.53478,45.95096],[0.5301,45.95297],[0.5311,45.95555],[0.537,45.95805],[0.52892,45.96236],[0.53125,45.97032],[0.51332,45.96254],[0.50968,45.96419],[0.50751,45.97722],[0.50448,45.97733],[0.48825,45.9776],[0.48886,45.9738],[0.48338,45.97278],[0.48672,45.96949],[0.48537,45.96413],[0.48141,45.96171],[0.47636,45.96386],[0.47564,45.96634],[0.47457,45.96527],[0.46543,45.96081],[0.47676,45.95783],[0.47002,45.95241]]]},"properties":{"code_territoire":"iris163290000","libelle_territoire":"Saint-Laurent-de-Céris (commune non irisée)"}},
{"type":"Feature","geometry":{"type":"Polygon","coordinates":[[[-0.37619,45.70971],[-0.38755,45.70813],[-0.3925,45.70957],[-0.39923,45.70654],[-0.40915,45.71133],[-0.41186,45.70787],[-0.41387,45.71003],[-0.42071,45.70979],[-0.42091,45.70514],[-0.41524,45.69722],[-0.42292,45.68559],[-0.41926,45.68312],[-0.41091,45.68334],[-0.39753,45.68542],[-0.38614,45.67966],[-0.37961,45.68029],[-0.37567,45.67868],[-0.37357,45.68053],[-0.36868,45.68584],[-0.37218,45.69482],[-0.37031,45.70125],[-0.37497,45.70431],[-0.37427,45.70892],[-0.37619,45.70971]]]},"properties":{"code_territoire":"iris163300000","libelle_territoire":"Saint-Laurent-de-Cognac (commune non irisée)"}},
{"type":"Feature","geometry":{"type":"Polygon","coordinates":[[[0.02407,45.33452],[0.03183,45.33305],[0.03465,45.3391],[0.0496,45.34],[0.04627,45.3451],[0.05124,45.35084],[0.05289,45.35952],[0.03405,45.37413],[0.02826,45.37443],[0.02654,45.36444],[0.02204,45.36417],[0.01784,45.35092],[0.02545,45.33849],[0.02407,45.33452]]]},"properties":{"code_territoire":"iris163310000","libelle_territoire":"Saint-Laurent-des-Combes (commune non irisée)"}},
{"type":"Feature","geometry":{"type":"Polygon","coordinates":[[[0.03405,45.37413],[0.05289,45.35952],[0.05794,45.35829],[0.06684,45.3613],[0.06865,45.35809],[0.08753,45.35648],[0.1016,45.352],[0.10281,45.35652],[0.09884,45.36323],[0.08996,45.36485],[0.08872,45.3606],[0.07284,45.36353],[0.06789,45.36707],[0.06903,45.37053],[0.06608,45.3746],[0.07137,45.37621],[0.06654,45.38265],[0.05068,45.38545],[0.03553,45.38811],[0.02446,45.39102],[0.0263,45.38352],[0.03405,45.37413]]]},"properties":{"code_territoire":"iris163340000","libelle_territoire":"Saint-Martial (commune non irisée)"}},
{"type":"Feature","geometry":{"type":"Polygon","coordinates":[[[0.13128,46.05368],[0.13536,46.05633],[0.1522,46.05127],[0.15798,46.0508],[0.15938,46.05842],[0.16477,46.06268],[0.1677,46.07042],[0.17109,46.07019],[0.17366,46.07382],[0.17553,46.07151],[0.17768,46.07574],[0.17753,46.08321],[0.16992,46.08104],[0.16752,46.08484],[0.16249,46.0733],[0.15643,46.07329],[0.1416,46.0673],[0.13927,46.06823],[0.13648,46.06667],[0.13452,46.06835],[0.12982,46.06694],[0.12671,46.06544],[0.12264,46.06738],[0.11736,46.0612],[0.12671,46.05804],[0.12552,46.05646],[0.13128,46.05368]]]},"properties":{"code_territoire":"iris163350000","libelle_territoire":"Saint-Martin-du-Clocher (commune non irisée)"}},
{"type":"Feature","geometry":{"type":"Polygon","coordinates":[[[0.38363,45.85338],[0.35555,45.86439],[0.34004,45.86206],[0.32828,45.86633],[0.32359,45.86778],[0.32008,45.86231],[0.32226,45.85499],[0.31193,45.84257],[0.31863,45.83512],[0.32786,45.83352],[0.33747,45.83685],[0.34671,45.83445],[0.35131,45.83488],[0.37816,45.82727],[0.3954,45.82816],[0.40007,45.82369],[0.40381,45.82934],[0.41181,45.83379],[0.41168,45.83653],[0.40594,45.83857],[0.4125,45.84729],[0.411,45.85124],[0.39302,45.85087],[0.38363,45.85338]]]},"properties":{"code_territoire":"iris163360000","libelle_territoire":"Saint-Mary (commune non irisée)"}},
{"type":"Feature","geometry":{"type":"Polygon","coordinates":[[[0.707,45.93299],[0.71254,45.93963],[0.72996,45.95129],[0.73272,45.9501],[0.73691,45.95264],[0.74098,45.94968],[0.74481,45.95125],[0.7511,45.94997],[0.7408,45.9555],[0.74131,45.96019],[0.76449,45.98174],[0.75741,45.98294],[0.75959,45.98409],[0.75794,45.98753],[0.76004,45.99327],[0.74464,45.99445],[0.74551,45.99564],[0.73883,45.999],[0.74084,46.00299],[0.73777,46.0043],[0.72339,46.00229],[0.71951,45.99865],[0.71354,45.9979],[0.70887,45.99946],[0.6969,45.99704],[0.68889,46.00022],[0.68698,45.99601],[0.68238,45.99587],[0.67427,45.98849],[0.67219,45.99118],[0.65806,45.99068],[0.65233,45.98816],[0.65009,45.98948],[0.64507,45.96934],[0.64076,45.96058],[0.64219,45.94994],[0.64765,45.95191],[0.65147,45.95115],[0.66119,45.94698],[0.66143,45.9431],[0.67261,45.94314],[0.67735,45.93596],[0.6825,45.93583],[0.68172,45.9318],[0.68742,45.9332],[0.68984,45.92991],[0.69279,45.93031],[0.69349,45.92475],[0.6977,45.92258],[0.70089,45.92947],[0.69888,45.93072],[0.70243,45.93351],[0.707,45.93299]]]},"properties":{"code_territoire":"iris163370000","libelle_territoire":"Saint-Maurice-des-Lions (commune non irisée)"}},
{"type":"Feature","geometry":{"type":"Polygon","coordinates":[[[-0.11891,45.49341],[-0.12335,45.49541],[-0.12504,45.50207],[-0.11291,45.50879],[-0.10226,45.51852],[-0.10464,45.52244],[-0.11039,45.51928],[-0.16221,45.51626],[-0.15976,45.51542],[-0.15848,45.50412],[-0.15515,45.49973],[-0.13938,45.49793],[-0.13095,45.49244],[-0.12419,45.49149],[-0.11941,45.49328],[-0.11891,45.49341]]]},"properties":{"code_territoire":"iris163380000","libelle_territoire":"Saint-Médard (commune non irisée)"}},
{"type":"Feature","geometry":{"type":"Polygon","coordinates":[[[-0.13633,45.82073],[-0.13037,45.81902],[-0.12008,45.82225],[-0.1221,45.81819],[-0.11029,45.81538],[-0.11085,45.8129],[-0.10487,45.81226],[-0.0956,45.8042],[-0.07324,45.80796],[-0.06955,45.80471],[-0.06214,45.80546],[-0.05245,45.8129],[-0.05351,45.81664],[-0.04197,45.8188],[-0.04322,45.82822],[-0.03583,45.82851],[-0.03545,45.83382],[-0.02723,45.83651],[-0.03604,45.84373],[-0.03089,45.84671],[-0.03261,45.84947],[-0.0298,45.85273],[-0.03307,45.85365],[-0.03327,45.86027],[-0.04506,45.86228],[-0.05168,45.86624],[-0.07016,45.86619],[-0.06907,45.87432],[-0.07611,45.87513],[-0.07985,45.86513],[-0.08536,45.86255],[-0.10126,45.86174],[-0.11603,45.86687],[-0.12508,45.85627],[-0.12129,45.8551],[-0.12211,45.84981],[-0.13727,45.84679],[-0.1455,45.83851],[-0.1459,45.83723],[-0.13997,45.83628],[-0.14132,45.8335],[-0.13633,45.82073]]]},"properties":{"code_territoire":"iris163390000","libelle_territoire":"Val-d'Auge (commune non irisée)"}},
{"type":"Feature","geometry":{"type":"Polygon","coordinates":[[[-0.16222,45.62226],[-0.14628,45.6187],[-0.14423,45.62228],[-0.14136,45.62177],[-0.13734,45.62523],[-0.13524,45.62423],[-0.12555,45.6328],[-0.12146,45.63181],[-0.11854,45.63154],[-0.11691,45.63642],[-0.12478,45.63761],[-0.11728,45.65131],[-0.12267,45.65363],[-0.1198,45.65697],[-0.12372,45.66146],[-0.12101,45.66932],[-0.12372,45.67164],[-0.13409,45.67236],[-0.1413,45.65952],[-0.14679,45.66057],[-0.15423,45.65838],[-0.15932,45.66009],[-0.16237,45.65834],[-0.1642,45.66029],[-0.16822,45.65738],[-0.16988,45.65473],[-0.16316,45.64459],[-0.1625,45.63849],[-0.17,45.63506],[-0.16117,45.63371],[-0.16222,45.62226]]]},"properties":{"code_territoire":"iris163400000","libelle_territoire":"Saint-Même-les-Carrières (commune non irisée)"}},
{"type":"Feature","geometry":{"type":"Polygon","coordinates":[[[0.09819,45.63905],[0.10256,45.6391],[0.10511,45.63483],[0.10844,45.63588],[0.11378,45.63035],[0.11503,45.62909],[0.11773,45.63131],[0.12296,45.62906],[0.12648,45.63505],[0.11833,45.63985],[0.10933,45.6439],[0.11173,45.6446],[0.11266,45.6509],[0.10614,45.65063],[0.10112,45.64486],[0.09544,45.64504],[0.09819,45.63905]]]},"properties":{"code_territoire":"iris163410000","libelle_territoire":"Saint-Michel (commune non irisée)"}},
{"type":"Feature","geometry":{"type":"Polygon","coordinates":[[[-0.29656,45.56453],[-0.30475,45.55544],[-0.30702,45.54936],[-0.31008,45.549],[-0.31066,45.54388],[-0.318,45.54468],[-0.32094,45.54266],[-0.32162,45.53498],[-0.31206,45.53281],[-0.30434,45.52805],[-0.29662,45.52742],[-0.29122,45.53153],[-0.27937,45.5251],[-0.28388,45.51939],[-0.2692,45.52572],[-0.2659,45.52502],[-0.25883,45.53149],[-0.25269,45.52878],[-0.24836,45.53443],[-0.25978,45.5401],[-0.26701,45.54794],[-0.27196,45.54936],[-0.27189,45.5537],[-0.27534,45.55349],[-0.29591,45.56452],[-0.29656,45.56453]]]},"properties":{"code_territoire":"iris163420000","libelle_territoire":"Saint-Palais-du-Né (commune non irisée)"}},
{"type":"Feature","geometry":{"type":"Polygon","coordinates":[[[-0.1488,45.59396],[-0.14783,45.59896],[-0.15238,45.60673],[-0.14739,45.61537],[-0.14948,45.61715],[-0.14628,45.6187],[-0.16222,45.62226],[-0.16327,45.62079],[-0.17828,45.62321],[-0.18352,45.6119],[-0.18072,45.60742],[-0.18732,45.59741],[-0.19377,45.59719],[-0.19258,45.59318],[-0.20571,45.59223],[-0.20827,45.58137],[-0.18133,45.58653],[-0.17856,45.57967],[-0.17416,45.57983],[-0.17413,45.57686],[-0.16852,45.57734],[-0.1717,45.57992],[-0.16956,45.58441],[-0.17315,45.58259],[-0.17122,45.58679],[-0.15734,45.58817],[-0.15028,45.59229],[-0.1488,45.59396]]]},"properties":{"code_territoire":"iris163430000","libelle_territoire":"Saint-Preuil (commune non irisée)"}},
{"type":"Feature","geometry":{"type":"Polygon","coordinates":[[[0.67328,45.86167],[0.65945,45.85891],[0.64397,45.85156],[0.65659,45.84689],[0.65202,45.84114],[0.65327,45.83946],[0.64998,45.83596],[0.65186,45.83081],[0.65743,45.82015],[0.66228,45.81671],[0.67009,45.82165],[0.67565,45.81721],[0.68878,45.82298],[0.6991,45.82354],[0.70914,45.82719],[0.70956,45.83204],[0.70513,45.8395],[0.69859,45.84617],[0.69393,45.8454],[0.67743,45.8518],[0.67385,45.85578],[0.67328,45.86167]]]},"properties":{"code_territoire":"iris163450000","libelle_territoire":"Saint-Quentin-sur-Charente (commune non irisée)"}},
{"type":"Feature","geometry":{"type":"Polygon","coordinates":[[[0.68724,46.09724],[0.68826,46.08055],[0.68356,46.06945],[0.69073,46.06821],[0.69619,46.06243],[0.70226,46.06021],[0.74326,46.07745],[0.74271,46.08495],[0.74672,46.08492],[0.74919,46.08927],[0.75413,46.09077],[0.75925,46.09441],[0.75909,46.0989],[0.7534,46.09807],[0.75431,46.10186],[0.75062,46.10257],[0.75222,46.10406],[0.73804,46.11789],[0.74232,46.12081],[0.74301,46.1282],[0.7291,46.13519],[0.71259,46.13957],[0.71055,46.12937],[0.69969,46.12786],[0.68474,46.12048],[0.67543,46.11161],[0.68383,46.10528],[0.68724,46.09724]]]},"properties":{"code_territoire":"iris160010000","libelle_territoire":"Abzac (commune non irisée)"}},
{"type":"Feature","geometry":{"type":"Polygon","coordinates":[[[0.22678,46.09033],[0.21919,46.09481],[0.20396,46.09546],[0.19884,46.0973],[0.19762,46.09543],[0.19164,46.09497],[0.19241,46.09179],[0.18781,46.09155],[0.18654,46.08752],[0.18172,46.08809],[0.17753,46.08321],[0.17768,46.07574],[0.18399,46.07144],[0.18224,46.06572],[0.18734,46.0588],[0.19149,46.06215],[0.19003,46.06715],[0.19484,46.0662],[0.19478,46.0645],[0.21678,46.06121],[0.21723,46.06625],[0.2228,46.06643],[0.22129,46.06864],[0.22581,46.07387],[0.22554,46.08049],[0.22937,46.08183],[0.21962,46.08731],[0.22678,46.09033]]]},"properties":{"code_territoire":"iris160020000","libelle_territoire":"Les Adjots (commune non irisée)"}},
{"type":"Feature","geometry":{"type":"Polygon","coordinates":[[[0.29363,45.77817],[0.28147,45.76423],[0.2987,45.76407],[0.29706,45.75546],[0.30303,45.74741],[0.31385,45.75301],[0.32343,45.75291],[0.33472,45.75598],[0.33386,45.7594],[0.33873,45.76908],[0.34978,45.77957],[0.36675,45.78617],[0.37059,45.78485],[0.37957,45.79013],[0.3728,45.79517],[0.36911,45.79501],[0.36333,45.80217],[0.34444,45.79766],[0.32824,45.80325],[0.3261,45.79985],[0.33036,45.79823],[0.33648,45.78959],[0.29363,45.77817]]]},"properties":{"code_territoire":"iris160030000","libelle_territoire":"Agris (commune non irisée)"}},
{"type":"Feature","geometry":{"type":"Polygon","coordinates":[[[0.09901,45.24366],[0.08952,45.25435],[0.08314,45.25644],[0.08156,45.26224],[0.07075,45.26533],[0.07222,45.26862],[0.0618,45.26998],[0.05653,45.25266],[0.05684,45.24619],[0.05568,45.2273],[0.06554,45.22074],[0.07793,45.22033],[0.09206,45.22771],[0.08964,45.24064],[0.09179,45.24283],[0.09901,45.24366]]]},"properties":{"code_territoire":"iris163460000","libelle_territoire":"Saint-Quentin-de-Chalais (commune non irisée)"}},
{"type":"Feature","geometry":{"type":"Polygon","coordinates":[[[0.1169,45.2595],[0.12309,45.25398],[0.13094,45.25441],[0.1396,45.26309],[0.14639,45.25959],[0.14923,45.25497],[0.15187,45.2548],[0.15475,45.25858],[0.16825,45.26708],[0.16498,45.27294],[0.16775,45.27384],[0.16849,45.27982],[0.17234,45.28337],[0.17053,45.28691],[0.16257,45.29132],[0.16528,45.29813],[0.16935,45.29851],[0.16504,45.30262],[0.16128,45.30272],[0.14742,45.31037],[0.15005,45.31265],[0.14858,45.31555],[0.13395,45.31362],[0.12871,45.31075],[0.13329,45.3019],[0.13111,45.30211],[0.1329,45.29765],[0.13035,45.29326],[0.12816,45.29503],[0.12326,45.29129],[0.12157,45.29563],[0.11182,45.293],[0.10861,45.29763],[0.10163,45.30106],[0.09294,45.28318],[0.09633,45.28217],[0.09643,45.28008],[0.09277,45.27666],[0.10154,45.27887],[0.10719,45.27607],[0.12662,45.27323],[0.13059,45.26835],[0.1169,45.2595]]]},"properties":{"code_territoire":"iris163470000","libelle_territoire":"Saint-Romain (commune non irisée)"}},
{"type":"Feature","geometry":{"type":"Polygon","coordinates":[[[0.05852,45.67526],[0.05481,45.67641],[0.05684,45.67766],[0.05295,45.68495],[0.04995,45.68556],[0.04933,45.68882],[0.03954,45.69666],[0.03501,45.69728],[0.02758,45.69075],[0.03051,45.68897],[0.02482,45.67721],[0.0282,45.67072],[0.01455,45.66559],[0.02063,45.66414],[0.02666,45.65744],[0.01747,45.64836],[0.01804,45.64661],[0.02622,45.6432],[0.03302,45.64452],[0.03724,45.64738],[0.03978,45.64517],[0.04491,45.64613],[0.05582,45.65095],[0.05657,45.65843],[0.0708,45.66276],[0.06149,45.66703],[0.06167,45.67134],[0.05852,45.67526]]]},"properties":{"code_territoire":"iris163480000","libelle_territoire":"Saint-Saturnin (commune non irisée)"}},
{"type":"Feature","geometry":{"type":"Polygon","coordinates":[[[0.00704,45.8723],[0.01233,45.8716],[0.01092,45.88278],[0.01409,45.88988],[0.02052,45.88887],[0.02223,45.89148],[0.02398,45.88815],[0.03295,45.88953],[0.03861,45.88636],[0.04509,45.88535],[0.04756,45.88944],[0.05647,45.89304],[0.07078,45.9074],[0.07237,45.91507],[0.03958,45.9213],[0.02561,45.92355],[0.01491,45.92766],[0.01441,45.92605],[0.00951,45.92671],[0.00649,45.92371],[0.00582,45.9256],[0.00444,45.9273],[0.00046,45.92492],[0.0035,45.91811],[-0.00152,45.91117],[-0.00215,45.90203],[-0.00956,45.9029],[-0.02271,45.89559],[-0.01625,45.89423],[-0.01713,45.89084],[-0.01298,45.88885],[-0.01203,45.87424],[-0.00437,45.87998],[0.00704,45.8723]]]},"properties":{"code_territoire":"iris160050000","libelle_territoire":"Aigre (commune non irisée)"}},
{"type":"Feature","geometry":{"type":"Polygon","coordinates":[[[0.51248,46.05968],[0.50157,46.05395],[0.49459,46.05986],[0.48896,46.05279],[0.47592,46.04466],[0.47921,46.02389],[0.48327,46.01551],[0.46894,46.01666],[0.46733,46.01074],[0.47868,46.00624],[0.47628,46.00255],[0.48035,46.00247],[0.49406,45.99385],[0.51222,45.99077],[0.5346,45.99131],[0.54002,45.99389],[0.55473,45.99286],[0.57825,46.0014],[0.58782,46.00924],[0.59237,46.01753],[0.58806,46.02469],[0.59119,46.02751],[0.58631,46.0299],[0.58688,46.03221],[0.56686,46.03059],[0.55328,46.03245],[0.54588,46.03566],[0.54099,46.04138],[0.5355,46.04269],[0.51944,46.0521],[0.51248,46.05968]]]},"properties":{"code_territoire":"iris160070000","libelle_territoire":"Alloue (commune non irisée)"}},
{"type":"Feature","geometry":{"type":"Polygon","coordinates":[[[-0.2213,45.77556],[-0.23298,45.78902],[-0.23512,45.79517],[-0.24139,45.79462],[-0.23687,45.79164],[-0.25122,45.78034],[-0.25864,45.78208],[-0.28125,45.76855],[-0.28493,45.76276],[-0.2893,45.761],[-0.29437,45.75434],[-0.29325,45.74945],[-0.2601,45.75181],[-0.25664,45.7465],[-0.24935,45.74812],[-0.24311,45.74388],[-0.24187,45.74653],[-0.23844,45.74649],[-0.22644,45.73934],[-0.21968,45.74182],[-0.22591,45.7482],[-0.22295,45.76386],[-0.22609,45.76966],[-0.2213,45.77556]]]},"properties":{"code_territoire":"iris163490000","libelle_territoire":"Sainte-Sévère (commune non irisée)"}},
{"type":"Feature","geometry":{"type":"Polygon","coordinates":[[[0.221,45.29047],[0.22492,45.28937],[0.23659,45.29284],[0.25176,45.28906],[0.25819,45.2954],[0.26723,45.29838],[0.26993,45.30506],[0.26896,45.31421],[0.27171,45.31566],[0.2691,45.31584],[0.26464,45.33486],[0.25356,45.33275],[0.24867,45.3283],[0.2385,45.32956],[0.214,45.31891],[0.21622,45.31283],[0.22041,45.3095],[0.22091,45.30351],[0.22677,45.29545],[0.221,45.29047]]]},"properties":{"code_territoire":"iris163500000","libelle_territoire":"Saint-Séverin (commune non irisée)"}},
{"type":"Feature","geometry":{"type":"Polygon","coordinates":[[[0.04158,45.84157],[0.06415,45.84071],[0.0803,45.8344],[0.07845,45.84054],[0.08045,45.84385],[0.09426,45.85042],[0.08401,45.85416],[0.07789,45.86123],[0.06989,45.86065],[0.06529,45.86846],[0.06057,45.86722],[0.05856,45.86863],[0.05877,45.87284],[0.05291,45.87625],[0.05114,45.88019],[0.04113,45.88161],[0.03738,45.87697],[0.03164,45.87449],[0.03452,45.8735],[0.03008,45.86933],[0.03781,45.8676],[0.0421,45.86996],[0.0469,45.86621],[0.03615,45.85255],[0.04158,45.84157]]]},"properties":{"code_territoire":"iris160080000","libelle_territoire":"Ambérac (commune non irisée)"}},
{"type":"Feature","geometry":{"type":"Polygon","coordinates":[[[0.60248,45.96056],[0.58875,45.96849],[0.59236,45.97227],[0.58481,45.97703],[0.59305,45.98518],[0.59104,45.99247],[0.59504,45.99307],[0.59213,45.99945],[0.59303,46.00792],[0.58782,46.00924],[0.57825,46.0014],[0.55473,45.99286],[0.54002,45.99389],[0.5346,45.99131],[0.51222,45.99077],[0.50069,45.98547],[0.51126,45.98385],[0.50876,45.97834],[0.50575,45.97894],[0.50448,45.97733],[0.50751,45.97722],[0.50968,45.96419],[0.51332,45.96254],[0.53125,45.97032],[0.52892,45.96236],[0.537,45.95805],[0.5311,45.95555],[0.5301,45.95297],[0.53478,45.95096],[0.5359,45.94766],[0.54924,45.9504],[0.55311,45.95297],[0.57032,45.95134],[0.57178,45.95351],[0.57776,45.94833],[0.58193,45.95109],[0.58645,45.94677],[0.59303,45.95086],[0.58952,45.95367],[0.60103,45.95827],[0.60248,45.96056]]]},"properties":{"code_territoire":"iris160090000","libelle_territoire":"Ambernac (commune non irisée)"}},
{"type":"Feature","geometry":{"type":"Polygon","coordinates":[[[0.22838,45.75386],[0.22785,45.75939],[0.22402,45.76168],[0.22407,45.77011],[0.21888,45.77449],[0.2166,45.78447],[0.21179,45.78909],[0.19433,45.78916],[0.18986,45.77853],[0.18415,45.77782],[0.18123,45.77213],[0.18964,45.77068],[0.19274,45.76262],[0.19477,45.75693],[0.19293,45.75579],[0.18896,45.75738],[0.18821,45.75366],[0.19354,45.7492],[0.20233,45.75591],[0.20817,45.7539],[0.21293,45.75479],[0.22105,45.75084],[0.22838,45.75386]]]},"properties":{"code_territoire":"iris160110000","libelle_territoire":"Anais (commune non irisée)"}},
{"type":"Feature","geometry":{"type":"Polygon","coordinates":[[[-0.09085,45.65134],[-0.08563,45.6505],[-0.08757,45.64713],[-0.07851,45.64554],[-0.07432,45.6444],[-0.07027,45.64003],[-0.06905,45.64101],[-0.0708,45.64528],[-0.05947,45.65376],[-0.0663,45.65907],[-0.072,45.66822],[-0.07879,45.66784],[-0.08114,45.66981],[-0.08277,45.66765],[-0.07989,45.66498],[-0.08261,45.65963],[-0.08741,45.65709],[-0.08976,45.65265],[-0.09319,45.65337],[-0.09085,45.65134]]]},"properties":{"code_territoire":"iris163520000","libelle_territoire":"Saint-Simon (commune non irisée)"}},
{"type":"Feature","geometry":{"type":"Polygon","coordinates":[[[0.42094,45.71015],[0.41725,45.70355],[0.42128,45.69346],[0.41995,45.69],[0.42359,45.69029],[0.4233,45.68539],[0.42769,45.68744],[0.44155,45.67765],[0.44542,45.67978],[0.47196,45.67695],[0.47325,45.67853],[0.47102,45.67888],[0.46931,45.68394],[0.46602,45.68404],[0.46684,45.68708],[0.4617,45.69231],[0.465,45.7029],[0.4537,45.70473],[0.44285,45.71221],[0.42879,45.71187],[0.42267,45.71381],[0.42094,45.71015]]]},"properties":{"code_territoire":"iris163530000","libelle_territoire":"Saint-Sornin (commune non irisée)"}},
{"type":"Feature","geometry":{"type":"Polygon","coordinates":[[[-0.03566,45.39086],[-0.03551,45.38389],[-0.04071,45.38273],[-0.04495,45.37375],[-0.03434,45.37392],[-0.03096,45.36943],[-0.03451,45.36486],[-0.02763,45.3605],[-0.0209,45.36186],[-0.02119,45.36463],[-0.01749,45.36786],[-0.00954,45.36725],[-0.00511,45.36854],[-0.00752,45.37333],[-0.00421,45.37509],[-0.00374,45.37895],[0.00463,45.38161],[-0.00272,45.38698],[-0.01228,45.38992],[-0.03566,45.39086]]]},"properties":{"code_territoire":"iris163540000","libelle_territoire":"Sainte-Souline (commune non irisée)"}},
{"type":"Feature","geometry":{"type":"Polygon","coordinates":[[[0.3367,45.9368],[0.31653,45.94486],[0.31337,45.94254],[0.30137,45.94675],[0.30581,45.94412],[0.30145,45.94068],[0.30885,45.93708],[0.30537,45.93482],[0.3184,45.93485],[0.32111,45.92667],[0.33657,45.93666],[0.33676,45.93675],[0.3367,45.9368]]]},"properties":{"code_territoire":"iris163560000","libelle_territoire":"Saint-Sulpice-de-Ruffec (commune non irisée)"}},
{"type":"Feature","geometry":{"type":"Polygon","coordinates":[[[-0.11236,45.25468],[-0.10385,45.25987],[-0.09895,45.25906],[-0.09801,45.26131],[-0.08397,45.26685],[-0.07017,45.28102],[-0.06884,45.28629],[-0.065,45.28669],[-0.05758,45.29132],[-0.04729,45.29405],[-0.04651,45.29895],[-0.03245,45.30004],[-0.0336,45.30422],[-0.0648,45.3031],[-0.06842,45.30726],[-0.06254,45.3078],[-0.06145,45.31154],[-0.07158,45.3119],[-0.0751,45.30624],[-0.09476,45.31133],[-0.09872,45.30943],[-0.10815,45.29675],[-0.10879,45.28972],[-0.11131,45.28547],[-0.10907,45.28316],[-0.11369,45.28146],[-0.1115,45.27719],[-0.11352,45.26997],[-0.11236,45.25468]]]},"properties":{"code_territoire":"iris163570000","libelle_territoire":"Saint-Vallier (commune non irisée)"}},
{"type":"Feature","geometry":{"type":"Polygon","coordinates":[[[-0.32676,45.58862],[-0.32047,45.59163],[-0.29912,45.59534],[-0.29254,45.59918],[-0.2898,45.60327],[-0.28476,45.60272],[-0.27764,45.60527],[-0.27257,45.60395],[-0.26237,45.60659],[-0.2619,45.62706],[-0.24809,45.62769],[-0.2475,45.63212],[-0.25623,45.63376],[-0.26688,45.6327],[-0.2662,45.63714],[-0.26935,45.63751],[-0.27458,45.63748],[-0.2798,45.63385],[-0.28198,45.62785],[-0.2894,45.6272],[-0.29007,45.62574],[-0.29504,45.62721],[-0.29728,45.61938],[-0.3092,45.62319],[-0.31179,45.61975],[-0.31524,45.61963],[-0.32142,45.59549],[-0.32374,45.59526],[-0.32105,45.59329],[-0.32765,45.59001],[-0.32676,45.58862]]]},"properties":{"code_territoire":"iris160120000","libelle_territoire":"Angeac-Champagne (commune non irisée)"}},
{"type":"Feature","geometry":{"type":"Polygon","coordinates":[[[-0.06905,45.64101],[-0.07027,45.64003],[-0.07432,45.6444],[-0.07851,45.64554],[-0.08841,45.6325],[-0.11382,45.61708],[-0.10894,45.61287],[-0.10909,45.61025],[-0.09594,45.60475],[-0.08716,45.60361],[-0.08308,45.60924],[-0.08428,45.61129],[-0.07986,45.6103],[-0.07127,45.61263],[-0.05659,45.62072],[-0.05284,45.62528],[-0.0589,45.63048],[-0.05856,45.63351],[-0.06201,45.63561],[-0.06606,45.63401],[-0.06905,45.64101]]]},"properties":{"code_territoire":"iris160130000","libelle_territoire":"Angeac-Charente (commune non irisée)"}},
{"type":"Feature","geometry":{"type":"Polygon","coordinates":[[[-0.04251,45.46859],[-0.0443,45.47818],[-0.05039,45.48811],[-0.05506,45.49057],[-0.06793,45.48716],[-0.06478,45.48384],[-0.0666,45.48008],[-0.06237,45.47441],[-0.06364,45.47029],[-0.06078,45.46821],[-0.05445,45.46676],[-0.04251,45.46859]]]},"properties":{"code_territoire":"iris160140000","libelle_territoire":"Angeduc (commune non irisée)"}},
{"type":"Feature","geometry":{"type":"Polygon","coordinates":[[[0.13894,45.65369],[0.14879,45.64889],[0.15076,45.64915],[0.14737,45.65047],[0.16248,45.64832],[0.16219,45.65012],[0.15897,45.65047],[0.14834,45.65337],[0.14102,45.65711],[0.13894,45.65369]]]},"properties":{"code_territoire":"iris160150101","libelle_territoire":"Plateau Nord-Montausier"}},
{"type":"Feature","geometry":{"type":"Polygon","coordinates":[[[0.15526,45.6847],[0.13324,45.66698],[0.12668,45.6614],[0.13654,45.65862],[0.13795,45.6661],[0.14167,45.66404],[0.13964,45.66268],[0.14116,45.66052],[0.14453,45.66556],[0.15752,45.66217],[0.15935,45.66318],[0.1539,45.67848],[0.15526,45.6847]]]},"properties":{"code_territoire":"iris163580101","libelle_territoire":"Sud"}},
{"type":"Feature","geometry":{"type":"Polygon","coordinates":[[[0.1403,45.69696],[0.13818,45.69228],[0.1329,45.69215],[0.12527,45.68463],[0.11524,45.68879],[0.10713,45.68826],[0.13324,45.66698],[0.15526,45.6847],[0.15504,45.69031],[0.14075,45.69686],[0.1403,45.69696]]]},"properties":{"code_territoire":"iris163580102","libelle_territoire":"Nord Centre"}},
{"type":"Feature","geometry":{"type":"Polygon","coordinates":[[[0.0939,45.7022],[0.09517,45.68661],[0.10317,45.68572],[0.10752,45.68294],[0.11446,45.67128],[0.11241,45.66921],[0.12668,45.6614],[0.13324,45.66698],[0.10713,45.68826],[0.11524,45.68879],[0.12527,45.68463],[0.1329,45.69215],[0.13818,45.69228],[0.1403,45.69696],[0.11316,45.69684],[0.10513,45.69915],[0.10159,45.70247],[0.09667,45.70467],[0.0939,45.7022]]]},"properties":{"code_territoire":"iris163580103","libelle_territoire":"Nord-Ouest"}},
{"type":"Feature","geometry":{"type":"Polygon","coordinates":[[[0.14879,45.64889],[0.15006,45.64751],[0.15707,45.64392],[0.16233,45.6451],[0.16248,45.64832],[0.14737,45.65047],[0.15076,45.64915],[0.14879,45.64889]]]},"properties":{"code_territoire":"iris160150102","libelle_territoire":"Plateau Sud"}},
{"type":"Feature","geometry":{"type":"Polygon","coordinates":[[[0.18028,45.6446],[0.18031,45.64465],[0.16936,45.6473],[0.16248,45.64832],[0.16233,45.6451],[0.17434,45.63911],[0.17617,45.64033],[0.18028,45.6446]]]},"properties":{"code_territoire":"iris160150201","libelle_territoire":"Gatine-Casernes"}},
{"type":"Feature","geometry":{"type":"Polygon","coordinates":[[[0.15897,45.65047],[0.16219,45.65012],[0.16248,45.64832],[0.16936,45.6473],[0.17312,45.64742],[0.17375,45.64919],[0.16289,45.65181],[0.16184,45.65181],[0.15897,45.65047]]]},"properties":{"code_territoire":"iris160150202","libelle_territoire":"Champ de Mars-Bussatte"}},
{"type":"Feature","geometry":{"type":"Polygon","coordinates":[[[0.18985,45.65213],[0.1854,45.65441],[0.18528,45.65259],[0.17688,45.65337],[0.1776,45.65129],[0.17375,45.64919],[0.17312,45.64742],[0.16936,45.6473],[0.18031,45.64465],[0.1812,45.64444],[0.18109,45.64485],[0.18082,45.65003],[0.18804,45.65138],[0.18985,45.65213]]]},"properties":{"code_territoire":"iris160150203","libelle_territoire":"Victor Hugo-Saint-Roch"}},
{"type":"Feature","geometry":{"type":"Polygon","coordinates":[[[0.15006,45.64751],[0.14879,45.64889],[0.13894,45.65369],[0.13363,45.65522],[0.1323,45.65319],[0.13234,45.65108],[0.13248,45.64632],[0.13578,45.64329],[0.13962,45.64605],[0.14116,45.64426],[0.15006,45.64751]]]},"properties":{"code_territoire":"iris160150301","libelle_territoire":"Sillac-Saint-Ausone"}},
{"type":"Feature","geometry":{"type":"Polygon","coordinates":[[[0.17617,45.64033],[0.17434,45.63911],[0.16233,45.6451],[0.15707,45.64392],[0.15006,45.64751],[0.14116,45.64426],[0.13837,45.64316],[0.14064,45.64286],[0.15582,45.64164],[0.15694,45.63945],[0.16189,45.63807],[0.16662,45.63934],[0.18004,45.62907],[0.18543,45.62759],[0.18614,45.63052],[0.17524,45.63623],[0.17617,45.64033]]]},"properties":{"code_territoire":"iris160150302","libelle_territoire":"Saint-Martin-Saint-Gelais-l'Anguienne"}},
{"type":"Feature","geometry":{"type":"Polygon","coordinates":[[[0.16596,45.66005],[0.16781,45.65782],[0.16305,45.6544],[0.16119,45.65572],[0.16184,45.65181],[0.16289,45.65181],[0.17029,45.65657],[0.17082,45.65925],[0.16596,45.66005]]]},"properties":{"code_territoire":"iris160150401","libelle_territoire":"La Gare"}},
{"type":"Feature","geometry":{"type":"Polygon","coordinates":[[[0.13654,45.65862],[0.14102,45.65711],[0.14834,45.65337],[0.15749,45.65385],[0.16223,45.66119],[0.15935,45.66318],[0.15752,45.66217],[0.14453,45.66556],[0.14116,45.66052],[0.13964,45.66268],[0.14167,45.66404],[0.13795,45.6661],[0.13654,45.65862]]]},"properties":{"code_territoire":"iris160150402","libelle_territoire":"Saint-Cybard"}},
{"type":"Feature","geometry":{"type":"Polygon","coordinates":[[[-0.38072,45.61933],[-0.37715,45.60928],[-0.36562,45.60454],[-0.36078,45.59789],[-0.34598,45.59524],[-0.34481,45.59157],[-0.34044,45.5897],[-0.34137,45.58682],[-0.33192,45.58761],[-0.32841,45.58476],[-0.32676,45.58862],[-0.32765,45.59001],[-0.32105,45.59329],[-0.32374,45.59526],[-0.32142,45.59549],[-0.31524,45.61963],[-0.31864,45.61863],[-0.32981,45.62544],[-0.32848,45.64729],[-0.32559,45.65527],[-0.34698,45.6573],[-0.34638,45.64674],[-0.3562,45.63968],[-0.35106,45.63224],[-0.35762,45.63424],[-0.36099,45.62984],[-0.36861,45.633],[-0.36731,45.6294],[-0.36962,45.62946],[-0.37297,45.62427],[-0.38072,45.61933]]]},"properties":{"code_territoire":"iris163590000","libelle_territoire":"Salles-d'Angles (commune non irisée)"}},
{"type":"Feature","geometry":{"type":"Polygon","coordinates":[[[-0.14579,45.45579],[-0.14618,45.45192],[-0.14185,45.45129],[-0.14165,45.44592],[-0.1337,45.43906],[-0.13558,45.43516],[-0.11135,45.42718],[-0.10765,45.43711],[-0.10558,45.4408],[-0.10954,45.44804],[-0.10818,45.45193],[-0.10626,45.45673],[-0.11156,45.46462],[-0.10834,45.47367],[-0.11019,45.48084],[-0.11309,45.47933],[-0.11797,45.48015],[-0.12419,45.47029],[-0.12454,45.46461],[-0.13108,45.45597],[-0.1407,45.45847],[-0.14201,45.45471],[-0.14579,45.45579]]]},"properties":{"code_territoire":"iris163600000","libelle_territoire":"Salles-de-Barbezieux (commune non irisée)"}},
{"type":"Feature","geometry":{"type":"Polygon","coordinates":[[[0.16223,45.66119],[0.15749,45.65385],[0.14834,45.65337],[0.15897,45.65047],[0.16184,45.65181],[0.16119,45.65572],[0.16305,45.6544],[0.16781,45.65782],[0.16596,45.66005],[0.16223,45.66119]]]},"properties":{"code_territoire":"iris160150403","libelle_territoire":"L'Houmeau"}},
{"type":"Feature","geometry":{"type":"Polygon","coordinates":[[[0.16289,45.65181],[0.17375,45.64919],[0.1776,45.65129],[0.17029,45.65657],[0.16289,45.65181]]]},"properties":{"code_territoire":"iris160150501","libelle_territoire":"Bel-Air-Grand Font"}},
{"type":"Feature","geometry":{"type":"Polygon","coordinates":[[[0.17082,45.65925],[0.17029,45.65657],[0.1776,45.65129],[0.17688,45.65337],[0.18528,45.65259],[0.1854,45.65441],[0.18985,45.65213],[0.18839,45.65558],[0.17585,45.6642],[0.17427,45.66252],[0.17082,45.65925]]]},"properties":{"code_territoire":"iris160150502","libelle_territoire":"La Madeleine"}},
{"type":"Feature","geometry":{"type":"Polygon","coordinates":[[[0.15363,45.62784],[0.15378,45.63075],[0.14677,45.63211],[0.14406,45.62967],[0.15354,45.62698],[0.15363,45.62784]]]},"properties":{"code_territoire":"iris160150601","libelle_territoire":"Ma Campagne-Jean Moulin"}},
{"type":"Feature","geometry":{"type":"Polygon","coordinates":[[[0.15354,45.62698],[0.14406,45.62967],[0.14677,45.63211],[0.15378,45.63075],[0.15448,45.63775],[0.15694,45.63945],[0.15582,45.64164],[0.14064,45.64286],[0.13116,45.63361],[0.12924,45.63503],[0.12878,45.63375],[0.14157,45.62415],[0.14012,45.62239],[0.14554,45.62],[0.15354,45.62698]]]},"properties":{"code_territoire":"iris160150602","libelle_territoire":"Ma Campagne Ouest"}},
{"type":"Feature","geometry":{"type":"Polygon","coordinates":[[[0.18004,45.62907],[0.16662,45.63934],[0.16189,45.63807],[0.15694,45.63945],[0.15448,45.63775],[0.15378,45.63075],[0.15363,45.62784],[0.16788,45.6299],[0.16817,45.62767],[0.17424,45.62782],[0.17884,45.62506],[0.17756,45.62779],[0.18004,45.62907]]]},"properties":{"code_territoire":"iris160150603","libelle_territoire":"Ma Campagne Est-Petit Fresquet"}},
{"type":"Feature","geometry":{"type":"Polygon","coordinates":[[[0.1052,45.65264],[0.10769,45.65644],[0.1151,45.6571],[0.11722,45.6542],[0.11996,45.65481],[0.12226,45.65356],[0.12629,45.65556],[0.1323,45.65319],[0.13363,45.65522],[0.13894,45.65369],[0.14102,45.65711],[0.13654,45.65862],[0.12668,45.6614],[0.11241,45.66921],[0.10648,45.67162],[0.10133,45.66955],[0.09973,45.66328],[0.1052,45.65264]]]},"properties":{"code_territoire":"iris160150701","libelle_territoire":"Poudrerie-Agriers-Frégeneuil"}},
{"type":"Feature","geometry":{"type":"Polygon","coordinates":[[[0.14648,45.9406],[0.14882,45.94168],[0.15388,45.94019],[0.1653,45.94214],[0.1865,45.95308],[0.20115,45.95391],[0.20217,45.97568],[0.17395,45.97386],[0.16472,45.97893],[0.15643,45.96702],[0.14784,45.96378],[0.14505,45.96445],[0.1438,45.96246],[0.13925,45.96393],[0.13786,45.95925],[0.14806,45.95574],[0.14325,45.95534],[0.1398,45.94811],[0.14648,45.9406]]]},"properties":{"code_territoire":"iris163610000","libelle_territoire":"Salles-de-Villefagnan (commune non irisée)"}},
{"type":"Feature","geometry":{"type":"Polygon","coordinates":[[[0.24957,45.36358],[0.24792,45.36944],[0.25769,45.38741],[0.25855,45.39498],[0.26372,45.39825],[0.26739,45.40803],[0.25184,45.41155],[0.24918,45.40907],[0.21074,45.41185],[0.21194,45.40364],[0.20477,45.38752],[0.20714,45.37729],[0.20373,45.37861],[0.19992,45.36924],[0.20956,45.36814],[0.21192,45.36263],[0.21752,45.36418],[0.22402,45.36273],[0.23914,45.36416],[0.24173,45.36155],[0.24344,45.36329],[0.24957,45.36358]]]},"properties":{"code_territoire":"iris163620000","libelle_territoire":"Salles-Lavalette (commune non irisée)"}},
{"type":"Feature","geometry":{"type":"Polygon","coordinates":[[[0.12878,45.63375],[0.12924,45.63503],[0.13116,45.63361],[0.14064,45.64286],[0.13837,45.64316],[0.14116,45.64426],[0.13962,45.64605],[0.13578,45.64329],[0.13298,45.6422],[0.12849,45.64404],[0.11991,45.64126],[0.11833,45.63985],[0.12648,45.63505],[0.12878,45.63375]]]},"properties":{"code_territoire":"iris160150702","libelle_territoire":"Grelet-Rabion"}},
{"type":"Feature","geometry":{"type":"Polygon","coordinates":[[[0.11833,45.63985],[0.11991,45.64126],[0.11996,45.65481],[0.11722,45.6542],[0.1151,45.6571],[0.10769,45.65644],[0.1052,45.65264],[0.10614,45.65063],[0.11266,45.6509],[0.11173,45.6446],[0.10933,45.6439],[0.11833,45.63985]]]},"properties":{"code_territoire":"iris160150703","libelle_territoire":"Basseau-Trois Chênes"}},
{"type":"Feature","geometry":{"type":"Polygon","coordinates":[[[0.11991,45.64126],[0.12849,45.64404],[0.12364,45.64601],[0.13234,45.65108],[0.1323,45.65319],[0.12629,45.65556],[0.12226,45.65356],[0.11996,45.65481],[0.11991,45.64126]]]},"properties":{"code_territoire":"iris160150704","libelle_territoire":"Petite Garenne"}},
{"type":"Feature","geometry":{"type":"Polygon","coordinates":[[[0.13234,45.65108],[0.12364,45.64601],[0.12849,45.64404],[0.13298,45.6422],[0.13578,45.64329],[0.13248,45.64632],[0.13234,45.65108]]]},"properties":{"code_territoire":"iris160150705","libelle_territoire":"Grande Garenne"}},
{"type":"Feature","geometry":{"type":"Polygon","coordinates":[[[0.61146,46.03339],[0.60304,46.03233],[0.60687,46.02791],[0.60589,46.02518],[0.59508,46.02086],[0.59237,46.01753],[0.58782,46.00924],[0.59303,46.00792],[0.59213,45.99945],[0.59504,45.99307],[0.59104,45.99247],[0.59305,45.98518],[0.58481,45.97703],[0.59236,45.97227],[0.58875,45.96849],[0.60248,45.96056],[0.60834,45.9575],[0.61069,45.95332],[0.62636,45.96635],[0.64507,45.96934],[0.65009,45.98948],[0.65077,45.9959],[0.66709,46.00747],[0.65228,46.01118],[0.6371,46.01938],[0.63362,46.01901],[0.62777,46.02574],[0.62082,46.02707],[0.61747,46.03326],[0.61146,46.03339]]]},"properties":{"code_territoire":"iris160160000","libelle_territoire":"Ansac-sur-Vienne (commune non irisée)"}},
{"type":"Feature","geometry":{"type":"Polygon","coordinates":[[[-0.38745,45.62667],[-0.38451,45.63513],[-0.37796,45.63938],[-0.37325,45.6485],[-0.38006,45.65185],[-0.38155,45.65549],[-0.38254,45.65553],[-0.39709,45.65239],[-0.409,45.65627],[-0.41414,45.648],[-0.41674,45.64811],[-0.42203,45.63472],[-0.43267,45.62505],[-0.41454,45.61635],[-0.39393,45.62229],[-0.38745,45.62667]]]},"properties":{"code_territoire":"iris160180000","libelle_territoire":"Ars (commune non irisée)"}},
{"type":"Feature","geometry":{"type":"Polygon","coordinates":[[[0.82649,45.97106],[0.82166,45.97086],[0.82153,45.97315],[0.816,45.97479],[0.81546,45.97825],[0.78993,45.98992],[0.78674,45.98505],[0.7736,45.97934],[0.76728,45.9783],[0.76449,45.98174],[0.74131,45.96019],[0.7408,45.9555],[0.7511,45.94997],[0.75466,45.94876],[0.75985,45.9511],[0.7762,45.94227],[0.77225,45.93259],[0.77495,45.93238],[0.78394,45.92276],[0.78782,45.92368],[0.7885,45.92184],[0.79654,45.92112],[0.80298,45.91666],[0.80828,45.9184],[0.81575,45.91743],[0.80732,45.92273],[0.81154,45.92405],[0.80871,45.92643],[0.8122,45.93133],[0.80659,45.93456],[0.80937,45.93603],[0.80693,45.94221],[0.80751,45.95303],[0.80869,45.95705],[0.81139,45.95718],[0.80871,45.95904],[0.82018,45.9647],[0.82434,45.96485],[0.82649,45.97106]]]},"properties":{"code_territoire":"iris163630000","libelle_territoire":"Saulgond (commune non irisée)"}},
{"type":"Feature","geometry":{"type":"Polygon","coordinates":[[[0.63371,45.75124],[0.63825,45.75071],[0.63694,45.73955],[0.6314,45.73613],[0.63084,45.72971],[0.63242,45.731],[0.64039,45.72958],[0.64659,45.73551],[0.64813,45.73043],[0.65246,45.74071],[0.65625,45.74197],[0.66077,45.73925],[0.66521,45.73954],[0.66627,45.74832],[0.66214,45.74966],[0.65919,45.75366],[0.66275,45.76638],[0.63033,45.76385],[0.62982,45.76107],[0.6395,45.75605],[0.63929,45.75485],[0.63651,45.75602],[0.63371,45.75124]]]},"properties":{"code_territoire":"iris163640000","libelle_territoire":"Sauvagnac (commune non irisée)"}},
{"type":"Feature","geometry":{"type":"Polygon","coordinates":[[[0.08509,45.70679],[0.07813,45.70973],[0.07452,45.71452],[0.06013,45.73303],[0.05175,45.73845],[0.02612,45.72098],[0.02391,45.72618],[0.01996,45.72819],[0.01197,45.72601],[0.0108,45.72377],[0.0164,45.72213],[0.01704,45.71992],[0.01035,45.71686],[0.01462,45.70738],[0.01145,45.70678],[0.02708,45.69563],[0.02328,45.69253],[0.02516,45.69167],[0.02758,45.69075],[0.03501,45.69728],[0.03954,45.69666],[0.04933,45.68882],[0.04995,45.68556],[0.05295,45.68495],[0.05684,45.67766],[0.05481,45.67641],[0.05852,45.67526],[0.07597,45.68697],[0.0781,45.69925],[0.08509,45.70679]]]},"properties":{"code_territoire":"iris160190000","libelle_territoire":"Asnières-sur-Nouère (commune non irisée)"}},
{"type":"Feature","geometry":{"type":"Polygon","coordinates":[[[0.15475,45.25858],[0.16224,45.25433],[0.16303,45.25162],[0.17224,45.25187],[0.17803,45.25434],[0.17474,45.26142],[0.17279,45.26619],[0.17567,45.27481],[0.16775,45.27384],[0.16498,45.27294],[0.16825,45.26708],[0.15475,45.25858]]]},"properties":{"code_territoire":"iris160200000","libelle_territoire":"Aubeterre-sur-Dronne (commune non irisée)"}},
{"type":"Feature","geometry":{"type":"Polygon","coordinates":[[[0.24973,45.95076],[0.25082,45.94662],[0.24179,45.93953],[0.2376,45.93161],[0.22871,45.92982],[0.21605,45.93103],[0.20879,45.92742],[0.19807,45.93004],[0.19744,45.92527],[0.1983,45.9252],[0.21435,45.92461],[0.21362,45.92312],[0.22208,45.92138],[0.22636,45.91598],[0.22743,45.9171],[0.23332,45.9126],[0.25152,45.91084],[0.25225,45.90495],[0.24721,45.90284],[0.24171,45.90416],[0.23983,45.90166],[0.24817,45.90029],[0.25634,45.90338],[0.25505,45.90191],[0.25838,45.89954],[0.2616,45.89937],[0.26364,45.9019],[0.26503,45.90488],[0.26257,45.90807],[0.27264,45.92258],[0.2678,45.93566],[0.25638,45.9442],[0.25548,45.94705],[0.25489,45.9508],[0.24973,45.95076]]]},"properties":{"code_territoire":"iris160230000","libelle_territoire":"Aunac-sur-Charente (commune non irisée)"}},
{"type":"Feature","geometry":{"type":"Polygon","coordinates":[[[-0.11236,45.25468],[-0.1173,45.25071],[-0.11218,45.24731],[-0.07701,45.24565],[-0.05711,45.24662],[-0.04978,45.24886],[-0.04836,45.25846],[-0.05038,45.26349],[-0.06473,45.27135],[-0.065,45.28669],[-0.06884,45.28629],[-0.07017,45.28102],[-0.08397,45.26685],[-0.09801,45.26131],[-0.09895,45.25906],[-0.10385,45.25987],[-0.11236,45.25468]]]},"properties":{"code_territoire":"iris163650000","libelle_territoire":"Sauvignac (commune non irisée)"}},
{"type":"Feature","geometry":{"type":"Polygon","coordinates":[[[-0.17,45.63506],[-0.21097,45.64558],[-0.22605,45.64668],[-0.24625,45.64757],[-0.2475,45.63212],[-0.24809,45.62769],[-0.2619,45.62706],[-0.26237,45.60659],[-0.24808,45.60697],[-0.23875,45.60399],[-0.23928,45.59545],[-0.2359,45.59483],[-0.2372,45.59014],[-0.23324,45.58677],[-0.23115,45.58646],[-0.23058,45.58849],[-0.21387,45.58083],[-0.20827,45.58137],[-0.20571,45.59223],[-0.19258,45.59318],[-0.19377,45.59719],[-0.18732,45.59741],[-0.18072,45.60742],[-0.18352,45.6119],[-0.17828,45.62321],[-0.16327,45.62079],[-0.16222,45.62226],[-0.16117,45.63371],[-0.17,45.63506]]]},"properties":{"code_territoire":"iris163660000","libelle_territoire":"Segonzac (commune non irisée)"}},
{"type":"Feature","geometry":{"type":"Polygon","coordinates":[[[0.3419,45.5754],[0.33768,45.59083],[0.33319,45.5938],[0.33589,45.60329],[0.33214,45.60423],[0.33478,45.6065],[0.3278,45.60836],[0.31352,45.60519],[0.30709,45.60883],[0.29668,45.60751],[0.30011,45.60361],[0.29866,45.59757],[0.30081,45.59464],[0.29739,45.59351],[0.29724,45.58983],[0.29198,45.58827],[0.29593,45.58465],[0.29151,45.57911],[0.29908,45.57392],[0.31187,45.57814],[0.31458,45.57216],[0.31325,45.56762],[0.31802,45.56636],[0.32115,45.55743],[0.32752,45.55525],[0.3286,45.55702],[0.33103,45.56091],[0.33834,45.56217],[0.33628,45.5653],[0.34122,45.56657],[0.33991,45.5714],[0.33836,45.57344],[0.3419,45.5754]]]},"properties":{"code_territoire":"iris163680000","libelle_territoire":"Sers (commune non irisée)"}},
{"type":"Feature","geometry":{"type":"Polygon","coordinates":[[[0.20365,45.8488],[0.19572,45.85031],[0.19132,45.84574],[0.19993,45.83806],[0.18209,45.83484],[0.17423,45.82933],[0.17263,45.82818],[0.18185,45.8244],[0.18848,45.81769],[0.19267,45.81167],[0.19217,45.80702],[0.20648,45.80788],[0.21366,45.80649],[0.21316,45.80461],[0.21685,45.80388],[0.2255,45.80127],[0.24066,45.80446],[0.24399,45.80932],[0.25214,45.81152],[0.25676,45.81618],[0.25625,45.82321],[0.24733,45.82791],[0.23374,45.82975],[0.23701,45.83365],[0.23412,45.83503],[0.23266,45.83336],[0.21949,45.83474],[0.21291,45.83762],[0.20991,45.83509],[0.20261,45.83663],[0.20365,45.8488]]]},"properties":{"code_territoire":"iris160240000","libelle_territoire":"Aussac-Vadalle (commune non irisée)"}},
{"type":"Feature","geometry":{"type":"Polygon","coordinates":[[[-0.23394,45.4098],[-0.24938,45.41007],[-0.25044,45.40107],[-0.25445,45.39887],[-0.25849,45.40217],[-0.27293,45.40034],[-0.27799,45.39884],[-0.27658,45.39132],[-0.28096,45.39233],[-0.28286,45.38859],[-0.29295,45.38707],[-0.30036,45.3891],[-0.30233,45.38612],[-0.31002,45.387],[-0.31116,45.38453],[-0.31212,45.37708],[-0.30889,45.37341],[-0.29,45.37065],[-0.29383,45.36575],[-0.27955,45.36484],[-0.2811,45.35497],[-0.27524,45.3579],[-0.27296,45.35716],[-0.2721,45.35912],[-0.25088,45.35742],[-0.24457,45.36057],[-0.24617,45.34763],[-0.21474,45.34124],[-0.2048,45.34816],[-0.21182,45.36484],[-0.21975,45.36821],[-0.22005,45.37257],[-0.22765,45.37628],[-0.22843,45.38093],[-0.23471,45.38099],[-0.23286,45.38368],[-0.23604,45.38422],[-0.23502,45.3935],[-0.2299,45.40327],[-0.23116,45.40857],[-0.23394,45.4098]]]},"properties":{"code_territoire":"iris160250000","libelle_territoire":"Baignes-Sainte-Radegonde (commune non irisée)"}},
{"type":"Feature","geometry":{"type":"Polygon","coordinates":[[[0.10159,45.70247],[0.10513,45.69915],[0.11316,45.69684],[0.1403,45.69696],[0.14075,45.69686],[0.14457,45.70029],[0.1502,45.70644],[0.15081,45.71663],[0.1569,45.72036],[0.16268,45.72836],[0.1542,45.73055],[0.14921,45.73648],[0.14475,45.73653],[0.14195,45.73436],[0.14338,45.7285],[0.14018,45.72485],[0.13415,45.72056],[0.12049,45.71671],[0.11819,45.71307],[0.10214,45.70535],[0.10159,45.70247]]]},"properties":{"code_territoire":"iris160260000","libelle_territoire":"Balzac (commune non irisée)"}},
{"type":"Feature","geometry":{"type":"Polygon","coordinates":[[[-0.1251,45.73834],[-0.13019,45.74359],[-0.1298,45.75194],[-0.13296,45.75887],[-0.16269,45.75656],[-0.19054,45.75461],[-0.18862,45.74856],[-0.19982,45.74772],[-0.22234,45.73614],[-0.21594,45.73178],[-0.19823,45.73231],[-0.18592,45.73017],[-0.18419,45.72822],[-0.17625,45.72389],[-0.1599,45.70593],[-0.15653,45.70483],[-0.15702,45.71119],[-0.15249,45.71803],[-0.14569,45.71894],[-0.13951,45.72676],[-0.13312,45.73001],[-0.12593,45.73035],[-0.1254,45.73609],[-0.1251,45.73834]]]},"properties":{"code_territoire":"iris163690000","libelle_territoire":"Sigogne (commune non irisée)"}},
{"type":"Feature","geometry":{"type":"Polygon","coordinates":[[[0.04293,45.62597],[0.03547,45.62643],[0.03522,45.63163],[0.02873,45.64072],[0.0139,45.63403],[0,45.63405],[0.00179,45.63116],[-0.00177,45.62717],[0.00265,45.62032],[0.00381,45.60891],[0.00237,45.6056],[-0.00203,45.60357],[0.02068,45.60313],[0.02374,45.6038],[0.02305,45.6059],[0.03231,45.60616],[0.03725,45.61031],[0.04304,45.61803],[0.04293,45.62597]]]},"properties":{"code_territoire":"iris163700000","libelle_territoire":"Sireuil (commune non irisée)"}},
{"type":"Feature","geometry":{"type":"Polygon","coordinates":[[[-0.10511,45.92702],[-0.10512,45.92353],[-0.11562,45.90785],[-0.08971,45.90436],[-0.09459,45.89769],[-0.0822,45.89324],[-0.07748,45.89573],[-0.07555,45.89437],[-0.07115,45.89537],[-0.06657,45.90127],[-0.06302,45.90703],[-0.07243,45.91155],[-0.07193,45.92074],[-0.07431,45.92377],[-0.07934,45.92288],[-0.09587,45.93101],[-0.09703,45.92854],[-0.10069,45.92976],[-0.10511,45.92702]]]},"properties":{"code_territoire":"iris160270000","libelle_territoire":"Barbezières (commune non irisée)"}},
{"type":"Feature","geometry":{"type":"Polygon","coordinates":[[[-0.19037,45.52181],[-0.18612,45.51781],[-0.18693,45.51178],[-0.18234,45.5037],[-0.1725,45.50561],[-0.17236,45.50038],[-0.16939,45.49707],[-0.16988,45.48692],[-0.16482,45.47996],[-0.16772,45.47766],[-0.17224,45.47775],[-0.17394,45.47465],[-0.18259,45.47618],[-0.18551,45.4711],[-0.18959,45.4725],[-0.19271,45.47145],[-0.19137,45.46138],[-0.166,45.4686],[-0.15653,45.46675],[-0.13095,45.49244],[-0.13938,45.49793],[-0.15515,45.49973],[-0.15848,45.50412],[-0.15976,45.51542],[-0.16221,45.51626],[-0.17128,45.51692],[-0.18022,45.51759],[-0.18537,45.52235],[-0.19037,45.52181]]]},"properties":{"code_territoire":"iris160280101","libelle_territoire":"Nord"}},
{"type":"Feature","geometry":{"type":"Polygon","coordinates":[[[-0.13095,45.49244],[-0.15653,45.46675],[-0.15858,45.45663],[-0.14579,45.45579],[-0.14201,45.45471],[-0.1407,45.45847],[-0.13108,45.45597],[-0.12454,45.46461],[-0.12419,45.47029],[-0.11797,45.48015],[-0.11941,45.49328],[-0.12419,45.49149],[-0.13095,45.49244]]]},"properties":{"code_territoire":"iris160280102","libelle_territoire":"Sud"}},
{"type":"Feature","geometry":{"type":"Polygon","coordinates":[[[-0.15858,45.45663],[-0.15653,45.46675],[-0.166,45.4686],[-0.19137,45.46138],[-0.18915,45.45912],[-0.19163,45.45534],[-0.18731,45.45263],[-0.18652,45.44451],[-0.17825,45.43974],[-0.17666,45.44516],[-0.17011,45.44377],[-0.16794,45.44701],[-0.16359,45.44664],[-0.15858,45.45663]]]},"properties":{"code_territoire":"iris160280103","libelle_territoire":"Saint-Hilaire"}},
{"type":"Feature","geometry":{"type":"Polygon","coordinates":[[[0.49889,45.565],[0.50509,45.56911],[0.50067,45.57305],[0.51625,45.58819],[0.5117,45.5918],[0.51318,45.5942],[0.51017,45.59662],[0.51699,45.59887],[0.51282,45.60663],[0.5108,45.60579],[0.51063,45.60889],[0.50321,45.6112],[0.50145,45.61539],[0.50082,45.61278],[0.49638,45.6132],[0.49384,45.60845],[0.4922,45.60198],[0.49476,45.59955],[0.49141,45.59171],[0.49315,45.59077],[0.47825,45.58034],[0.47504,45.57501],[0.47694,45.57013],[0.48481,45.56604],[0.48403,45.56424],[0.49064,45.56181],[0.49188,45.56725],[0.49889,45.565]]]},"properties":{"code_territoire":"iris163720000","libelle_territoire":"Souffrignac (commune non irisée)"}},
{"type":"Feature","geometry":{"type":"Polygon","coordinates":[[[0.08209,45.97473],[0.06902,45.98211],[0.05258,45.98729],[0.04307,45.98672],[0.03383,45.9803],[0.02368,45.975],[0.02244,45.96934],[0.03442,45.96378],[0.04694,45.95153],[0.05677,45.95259],[0.05914,45.96105],[0.06502,45.96113],[0.071,45.96838],[0.08115,45.97064],[0.08369,45.97322],[0.08209,45.97473]]]},"properties":{"code_territoire":"iris163730000","libelle_territoire":"Souvigné (commune non irisée)"}},
{"type":"Feature","geometry":{"type":"Polygon","coordinates":[[[0.23535,45.64484],[0.22269,45.64494],[0.22174,45.64231],[0.21139,45.6476],[0.20648,45.64359],[0.20721,45.6384],[0.20256,45.63844],[0.19946,45.63553],[0.19747,45.63767],[0.19583,45.63575],[0.18791,45.63637],[0.18352,45.63463],[0.18614,45.63052],[0.20141,45.62275],[0.21746,45.62028],[0.22069,45.62206],[0.22252,45.62813],[0.22687,45.62792],[0.22982,45.63461],[0.23535,45.64484]]]},"properties":{"code_territoire":"iris163740101","libelle_territoire":"Zones d'Activités"}},
{"type":"Feature","geometry":{"type":"Polygon","coordinates":[[[-0.0336,45.30422],[-0.03245,45.30004],[-0.04651,45.29895],[-0.04729,45.29405],[-0.03852,45.2912],[-0.02594,45.29167],[-0.01945,45.28895],[-0.01055,45.29085],[0.00268,45.2892],[0.00439,45.29231],[0.00611,45.29699],[0.00976,45.29639],[0.01092,45.3051],[0.00507,45.30608],[-0.00431,45.31231],[-0.01189,45.31372],[-0.01798,45.31731],[-0.01948,45.31249],[-0.02677,45.30533],[-0.0336,45.30422]]]},"properties":{"code_territoire":"iris160290000","libelle_territoire":"Bardenac (commune non irisée)"}},
{"type":"Feature","geometry":{"type":"Polygon","coordinates":[[[-0.19271,45.47145],[-0.18959,45.4725],[-0.18551,45.4711],[-0.18259,45.47618],[-0.17394,45.47465],[-0.17224,45.47775],[-0.16772,45.47766],[-0.16482,45.47996],[-0.16988,45.48692],[-0.16939,45.49707],[-0.17236,45.50038],[-0.1725,45.50561],[-0.18234,45.5037],[-0.18693,45.51178],[-0.1976,45.51267],[-0.20266,45.50285],[-0.20667,45.5031],[-0.22348,45.51422],[-0.23015,45.50947],[-0.23049,45.50577],[-0.23514,45.50526],[-0.24027,45.49437],[-0.24224,45.49004],[-0.2438,45.48265],[-0.23581,45.48188],[-0.23812,45.47809],[-0.23221,45.46506],[-0.22237,45.46518],[-0.21964,45.46796],[-0.19271,45.47145]]]},"properties":{"code_territoire":"iris160300000","libelle_territoire":"Barret (commune non irisée)"}},
{"type":"Feature","geometry":{"type":"Polygon","coordinates":[[[0.2562,46.02145],[0.25404,46.01619],[0.24403,46.01641],[0.24105,46.01367],[0.22344,46.01139],[0.21009,46.01206],[0.20566,46.0125],[0.20429,46.01099],[0.20003,46.00299],[0.20058,45.99261],[0.22597,45.99602],[0.22935,45.99374],[0.23778,45.99525],[0.24441,45.9924],[0.25532,45.99682],[0.2595,45.99651],[0.26935,46.00658],[0.26574,46.00798],[0.26955,46.01127],[0.26701,46.01203],[0.26775,46.01397],[0.26225,46.0152],[0.2562,46.02145]]]},"properties":{"code_territoire":"iris160310000","libelle_territoire":"Barro (commune non irisée)"}},
{"type":"Feature","geometry":{"type":"Polygon","coordinates":[[[0.17617,45.64033],[0.17524,45.63623],[0.18614,45.63052],[0.18352,45.63463],[0.18791,45.63637],[0.19583,45.63575],[0.19747,45.63767],[0.19946,45.63553],[0.20256,45.63844],[0.1812,45.64444],[0.18028,45.6446],[0.17617,45.64033]]]},"properties":{"code_territoire":"iris163740102","libelle_territoire":"Soyaux Sud"}},
{"type":"Feature","geometry":{"type":"Polygon","coordinates":[[[0.18804,45.65138],[0.18542,45.64504],[0.18976,45.64567],[0.19006,45.64976],[0.18985,45.65213],[0.18804,45.65138]]]},"properties":{"code_territoire":"iris163740103","libelle_territoire":"Champ de Manœuvres Est"}},
{"type":"Feature","geometry":{"type":"Polygon","coordinates":[[[0.18109,45.64485],[0.18542,45.64504],[0.18804,45.65138],[0.18082,45.65003],[0.18109,45.64485]]]},"properties":{"code_territoire":"iris163740104","libelle_territoire":"Champ de Manœuvres Ouest"}},
{"type":"Feature","geometry":{"type":"MultiPolygon","coordinates":[[[[0.1812,45.64444],[0.18031,45.64465],[0.18028,45.6446],[0.1812,45.64444]]],[[[0.18542,45.64504],[0.18109,45.64485],[0.1812,45.64444],[0.20256,45.63844],[0.20721,45.6384],[0.20648,45.64359],[0.21139,45.6476],[0.22174,45.64231],[0.22269,45.64494],[0.23535,45.64484],[0.23604,45.64809],[0.22023,45.65398],[0.21614,45.6574],[0.20596,45.6575],[0.20177,45.65249],[0.19006,45.64976],[0.18976,45.64567],[0.18542,45.64504]]]]},"properties":{"code_territoire":"iris163740105","libelle_territoire":"Soyaux Nord"}},
{"type":"Feature","geometry":{"type":"Polygon","coordinates":[[[0.54063,45.83493],[0.54481,45.83638],[0.54309,45.84302],[0.53255,45.85145],[0.53005,45.85619],[0.53972,45.85323],[0.53847,45.85996],[0.52314,45.86157],[0.52185,45.86589],[0.51951,45.86297],[0.51534,45.8643],[0.51059,45.86185],[0.50357,45.86285],[0.49753,45.8611],[0.49419,45.86422],[0.48689,45.86069],[0.48956,45.85862],[0.49336,45.84439],[0.48575,45.83875],[0.48998,45.83764],[0.49047,45.83241],[0.49695,45.83411],[0.50064,45.82716],[0.50866,45.83102],[0.50493,45.8337],[0.50577,45.83648],[0.51906,45.83558],[0.52041,45.83343],[0.52308,45.83618],[0.5349,45.83327],[0.54063,45.83493]]]},"properties":{"code_territoire":"iris163750000","libelle_territoire":"Suaux (commune non irisée)"}},
{"type":"Feature","geometry":{"type":"Polygon","coordinates":[[[-0.08114,45.66981],[-0.07823,45.67262],[-0.08255,45.67674],[-0.08116,45.67796],[-0.08631,45.68106],[-0.09546,45.682],[-0.10102,45.6724],[-0.10936,45.67406],[-0.11702,45.66876],[-0.12101,45.66932],[-0.12372,45.66146],[-0.1198,45.65697],[-0.11028,45.65571],[-0.10769,45.65173],[-0.10053,45.64947],[-0.09542,45.65173],[-0.09085,45.65134],[-0.09319,45.65337],[-0.08976,45.65265],[-0.08741,45.65709],[-0.08261,45.65963],[-0.07989,45.66498],[-0.08277,45.66765],[-0.08114,45.66981]]]},"properties":{"code_territoire":"iris160320000","libelle_territoire":"Bassac (commune non irisée)"}},
{"type":"Feature","geometry":{"type":"Polygon","coordinates":[[[0.01055,45.20296],[0.02151,45.20416],[0.03482,45.20884],[0.03878,45.21666],[0.05568,45.2273],[0.05684,45.24619],[0.04974,45.23512],[0.04367,45.23151],[0.03384,45.23263],[0.03441,45.22462],[0.02542,45.21883],[0.02893,45.21477],[0.01994,45.21337],[0.01869,45.21666],[0.01486,45.2167],[0.0147,45.20645],[0.01055,45.20296]]]},"properties":{"code_territoire":"iris160340000","libelle_territoire":"Bazac (commune non irisée)"}},
{"type":"Feature","geometry":{"type":"Polygon","coordinates":[[[0.40098,45.91684],[0.39953,45.9252],[0.39257,45.92722],[0.39401,45.92983],[0.39206,45.93003],[0.39724,45.934],[0.39749,45.93783],[0.39113,45.94517],[0.38274,45.9431],[0.37325,45.93853],[0.36875,45.93296],[0.36492,45.93328],[0.36247,45.93135],[0.3494,45.93118],[0.33676,45.93675],[0.33657,45.93666],[0.33314,45.92678],[0.34268,45.92483],[0.34579,45.92626],[0.34299,45.91918],[0.34641,45.91766],[0.3543,45.9195],[0.37154,45.91424],[0.3742,45.91574],[0.38646,45.91228],[0.39395,45.91595],[0.40098,45.91684]]]},"properties":{"code_territoire":"iris160350000","libelle_territoire":"Beaulieu-sur-Sonnette (commune non irisée)"}},
{"type":"Feature","geometry":{"type":"Polygon","coordinates":[[[0.05447,45.49071],[0.05837,45.48821],[0.07201,45.49637],[0.07958,45.49219],[0.08576,45.4926],[0.0876,45.48797],[0.09672,45.49072],[0.10168,45.49289],[0.10488,45.49787],[0.10126,45.51036],[0.09689,45.50853],[0.0889,45.51135],[0.08926,45.51018],[0.07874,45.51138],[0.07118,45.51292],[0.06951,45.51573],[0.06112,45.51329],[0.05601,45.51207],[0.05694,45.5042],[0.05235,45.49336],[0.05447,45.49071]]]},"properties":{"code_territoire":"iris160360000","libelle_territoire":"Bécheresse (commune non irisée)"}},
{"type":"Feature","geometry":{"type":"Polygon","coordinates":[[[0.34406,45.88056],[0.34516,45.86696],[0.32828,45.86633],[0.34004,45.86206],[0.35555,45.86439],[0.38363,45.85338],[0.38076,45.87977],[0.36741,45.87905],[0.35646,45.88419],[0.34818,45.88332],[0.34406,45.88056]]]},"properties":{"code_territoire":"iris163770000","libelle_territoire":"La Tâche (commune non irisée)"}},
{"type":"Feature","geometry":{"type":"Polygon","coordinates":[[[0.22678,46.09033],[0.21962,46.08731],[0.22937,46.08183],[0.22554,46.08049],[0.22581,46.07387],[0.22129,46.06864],[0.2228,46.06643],[0.21723,46.06625],[0.21678,46.06121],[0.22004,46.05858],[0.21982,46.05224],[0.22629,46.05084],[0.22542,46.04939],[0.22832,46.04692],[0.24085,46.04676],[0.24755,46.04353],[0.24887,46.04793],[0.26396,46.05056],[0.26954,46.05352],[0.2764,46.05117],[0.28684,46.05099],[0.29132,46.05954],[0.2776,46.05985],[0.27788,46.06231],[0.27564,46.06114],[0.27268,46.06272],[0.27545,46.0667],[0.26158,46.07187],[0.25642,46.08014],[0.23993,46.08127],[0.23244,46.08821],[0.22678,46.09033]]]},"properties":{"code_territoire":"iris163780000","libelle_territoire":"Taizé-Aizie (commune non irisée)"}},
{"type":"Feature","geometry":{"type":"Polygon","coordinates":[[[0.38775,45.78738],[0.38703,45.78075],[0.3914,45.77435],[0.3909,45.76861],[0.39623,45.76167],[0.40032,45.7581],[0.3919,45.7462],[0.39521,45.74257],[0.40697,45.74007],[0.41143,45.74735],[0.41056,45.75359],[0.42146,45.75371],[0.43567,45.75647],[0.43975,45.75987],[0.45173,45.76249],[0.45316,45.76754],[0.45824,45.77118],[0.45074,45.77434],[0.44634,45.78074],[0.44212,45.78189],[0.443,45.79],[0.43496,45.79369],[0.42252,45.79402],[0.403,45.80255],[0.39171,45.79478],[0.38775,45.78738]]]},"properties":{"code_territoire":"iris163790000","libelle_territoire":"Taponnat-Fleurignac (commune non irisée)"}},
{"type":"Feature","geometry":{"type":"Polygon","coordinates":[[[-0.21445,45.41403],[-0.22181,45.41274],[-0.228,45.40855],[-0.22003,45.40197],[-0.22205,45.39885],[-0.21506,45.39717],[-0.21235,45.39259],[-0.19718,45.38833],[-0.18773,45.3831],[-0.18402,45.38316],[-0.18022,45.38764],[-0.17621,45.39724],[-0.17912,45.40031],[-0.18575,45.398],[-0.19289,45.40468],[-0.1957,45.4036],[-0.21005,45.40612],[-0.21384,45.40912],[-0.21445,45.41403]]]},"properties":{"code_territoire":"iris163800000","libelle_territoire":"Le Tâtre (commune non irisée)"}},
{"type":"Feature","geometry":{"type":"Polygon","coordinates":[[[0.13395,45.31362],[0.13666,45.32367],[0.11881,45.32738],[0.113,45.33055],[0.10352,45.33142],[0.10151,45.32468],[0.09735,45.32361],[0.09439,45.31773],[0.10627,45.31438],[0.10163,45.30106],[0.10861,45.29763],[0.11182,45.293],[0.12157,45.29563],[0.12326,45.29129],[0.12816,45.29503],[0.13035,45.29326],[0.1329,45.29765],[0.13111,45.30211],[0.13329,45.3019],[0.12871,45.31075],[0.13395,45.31362]]]},"properties":{"code_territoire":"iris160370000","libelle_territoire":"Bellon (commune non irisée)"}},
{"type":"Feature","geometry":{"type":"Polygon","coordinates":[[[0.41328,46.04918],[0.40739,46.03663],[0.40865,46.03581],[0.42376,46.02668],[0.42658,46.02434],[0.42524,46.02286],[0.44212,46.02073],[0.45734,46.01594],[0.46894,46.01666],[0.48327,46.01551],[0.47921,46.02389],[0.47592,46.04466],[0.48896,46.05279],[0.49459,46.05986],[0.48067,46.06558],[0.47763,46.06455],[0.46887,46.06882],[0.46935,46.06164],[0.4631,46.06021],[0.45634,46.05436],[0.44305,46.04999],[0.43244,46.05193],[0.42509,46.04834],[0.41328,46.04918]]]},"properties":{"code_territoire":"iris160380000","libelle_territoire":"Benest (commune non irisée)"}},
{"type":"Feature","geometry":{"type":"Polygon","coordinates":[[[0.15051,46.03933],[0.16079,46.03451],[0.17202,46.03341],[0.17984,46.03427],[0.18126,46.04052],[0.18478,46.04141],[0.18535,46.04627],[0.18248,46.04741],[0.18734,46.0588],[0.18224,46.06572],[0.18399,46.07144],[0.17768,46.07574],[0.17553,46.07151],[0.17366,46.07382],[0.17109,46.07019],[0.1677,46.07042],[0.16477,46.06268],[0.15938,46.05842],[0.15798,46.0508],[0.1522,46.05127],[0.15051,46.03933]]]},"properties":{"code_territoire":"iris160390000","libelle_territoire":"Bernac (commune non irisée)"}},
{"type":"Feature","geometry":{"type":"Polygon","coordinates":[[[-0.05649,45.36873],[-0.04922,45.36597],[-0.05038,45.36836],[-0.04495,45.37375],[-0.04071,45.38273],[-0.03551,45.38389],[-0.03566,45.39086],[-0.04136,45.39468],[-0.03812,45.40216],[-0.04426,45.40648],[-0.04789,45.41166],[-0.05412,45.41464],[-0.06404,45.40797],[-0.06378,45.40599],[-0.06954,45.40396],[-0.07218,45.40547],[-0.07624,45.4032],[-0.07854,45.40624],[-0.08363,45.40577],[-0.08866,45.40112],[-0.09672,45.40069],[-0.09923,45.40415],[-0.10189,45.40365],[-0.10141,45.39758],[-0.10486,45.39636],[-0.1036,45.39059],[-0.1076,45.38517],[-0.10229,45.38254],[-0.09693,45.38467],[-0.08156,45.38225],[-0.08039,45.37537],[-0.07368,45.37647],[-0.06565,45.37482],[-0.05963,45.3725],[-0.05649,45.36873]]]},"properties":{"code_territoire":"iris160400000","libelle_territoire":"Berneuil (commune non irisée)"}},
{"type":"Feature","geometry":{"type":"Polygon","coordinates":[[[0.0193,46.05287],[0.0179,46.05161],[0.02313,46.04961],[0.02389,46.04618],[0.03367,46.04204],[0.03503,46.04374],[0.03765,46.04239],[0.04317,46.04469],[0.04396,46.0429],[0.05714,46.04516],[0.06026,46.0457],[0.06571,46.05157],[0.06204,46.05653],[0.06377,46.05778],[0.05977,46.05973],[0.0647,46.06465],[0.05256,46.06986],[0.04227,46.06803],[0.0381,46.06993],[0.03747,46.06705],[0.03271,46.06685],[0.02771,46.05753],[0.0193,46.05287]]]},"properties":{"code_territoire":"iris163810000","libelle_territoire":"Theil-Rabier (commune non irisée)"}},
{"type":"Feature","geometry":{"type":"Polygon","coordinates":[[[0.24782,45.52991],[0.24536,45.53414],[0.24733,45.54018],[0.24392,45.54163],[0.24664,45.54469],[0.24217,45.54797],[0.2459,45.55359],[0.2498,45.55318],[0.25136,45.55687],[0.2471,45.55946],[0.24598,45.56869],[0.24035,45.57629],[0.22838,45.58318],[0.22061,45.58492],[0.21434,45.59189],[0.20288,45.59634],[0.20138,45.59907],[0.19364,45.59857],[0.18808,45.60298],[0.18349,45.60154],[0.17917,45.603],[0.17733,45.60153],[0.17919,45.59501],[0.17717,45.5918],[0.1667,45.57991],[0.16503,45.57365],[0.17058,45.56599],[0.17339,45.56482],[0.17931,45.56232],[0.18508,45.55537],[0.19852,45.55429],[0.1985,45.54623],[0.21166,45.54132],[0.21729,45.54343],[0.22865,45.53747],[0.23119,45.5395],[0.2388,45.53987],[0.24411,45.53036],[0.24772,45.52995],[0.24782,45.52991]]]},"properties":{"code_territoire":"iris163820000","libelle_territoire":"Torsac (commune non irisée)"}},
{"type":"Feature","geometry":{"type":"Polygon","coordinates":[[[0.21685,45.80388],[0.21316,45.80461],[0.21366,45.80649],[0.20648,45.80788],[0.19217,45.80702],[0.19197,45.80414],[0.18184,45.80301],[0.18527,45.80162],[0.18211,45.79643],[0.17747,45.79605],[0.17315,45.78899],[0.17804,45.78807],[0.17458,45.773],[0.18123,45.77213],[0.18415,45.77782],[0.18986,45.77853],[0.19433,45.78916],[0.21179,45.78909],[0.21685,45.80388]]]},"properties":{"code_territoire":"iris163830000","libelle_territoire":"Tourriers (commune non irisée)"}},
{"type":"Feature","geometry":{"type":"Polygon","coordinates":[[[-0.00276,45.43412],[-0.00417,45.43893],[0.00304,45.44254],[0.00222,45.44787],[0.00666,45.45342],[-0.01127,45.45829],[-0.01705,45.45735],[-0.01348,45.44938],[-0.02296,45.44491],[-0.02721,45.44562],[-0.03026,45.44031],[-0.02755,45.43316],[-0.03014,45.42797],[-0.02825,45.40963],[-0.00583,45.40294],[-0.00535,45.4275],[0.00017,45.42532],[0.00075,45.42765],[-0.00276,45.43412]]]},"properties":{"code_territoire":"iris160410000","libelle_territoire":"Bessac (commune non irisée)"}},
{"type":"Feature","geometry":{"type":"Polygon","coordinates":[[[0.05677,45.95259],[0.06067,45.95248],[0.06522,45.94812],[0.08387,45.9461],[0.08463,45.94441],[0.08117,45.94358],[0.0824,45.94123],[0.09292,45.94667],[0.09418,45.95103],[0.09781,45.95011],[0.1043,45.96208],[0.09791,45.96331],[0.10255,45.97175],[0.09917,45.9723],[0.09838,45.97066],[0.0929,45.97264],[0.09103,45.96987],[0.08369,45.97322],[0.08115,45.97064],[0.071,45.96838],[0.06502,45.96113],[0.05914,45.96105],[0.05677,45.95259]]]},"properties":{"code_territoire":"iris160420000","libelle_territoire":"Bessé (commune non irisée)"}},
{"type":"Feature","geometry":{"type":"Polygon","coordinates":[[[0.28684,46.05099],[0.2764,46.05117],[0.26954,46.05352],[0.26396,46.05056],[0.24887,46.04793],[0.24755,46.04353],[0.23399,46.04203],[0.23234,46.04032],[0.23856,46.03446],[0.24174,46.03441],[0.24355,46.0248],[0.25778,46.023],[0.2562,46.02145],[0.26225,46.0152],[0.26775,46.01397],[0.26701,46.01203],[0.26955,46.01127],[0.26574,46.00798],[0.26935,46.00658],[0.27501,46.00575],[0.28286,46.0108],[0.29498,46.0104],[0.30169,46.02248],[0.29836,46.03042],[0.28897,46.03841],[0.28165,46.04059],[0.28684,46.05099]]]},"properties":{"code_territoire":"iris160440000","libelle_territoire":"Bioussac (commune non irisée)"}},
{"type":"Feature","geometry":{"type":"Polygon","coordinates":[[[-0.02213,45.57525],[-0.02924,45.5827],[-0.04816,45.57427],[-0.05196,45.57893],[-0.05917,45.57888],[-0.06416,45.57256],[-0.07338,45.57573],[-0.07285,45.56891],[-0.09022,45.56797],[-0.07079,45.54395],[-0.06027,45.5432],[-0.05377,45.54704],[-0.04099,45.56227],[-0.02902,45.55917],[-0.02213,45.57525]]]},"properties":{"code_territoire":"iris160450000","libelle_territoire":"Birac (commune non irisée)"}},
{"type":"Feature","geometry":{"type":"Polygon","coordinates":[[[-0.23116,45.40857],[-0.2299,45.40327],[-0.23502,45.3935],[-0.23604,45.38422],[-0.23286,45.38368],[-0.23471,45.38099],[-0.22843,45.38093],[-0.22765,45.37628],[-0.22005,45.37257],[-0.21975,45.36821],[-0.21182,45.36484],[-0.2048,45.34816],[-0.1887,45.34102],[-0.18837,45.34492],[-0.18073,45.35126],[-0.18065,45.35701],[-0.17735,45.35902],[-0.17559,45.36454],[-0.1642,45.37154],[-0.16671,45.37594],[-0.17718,45.3807],[-0.18022,45.38764],[-0.18402,45.38316],[-0.18773,45.3831],[-0.19718,45.38833],[-0.21235,45.39259],[-0.21506,45.39717],[-0.22205,45.39885],[-0.22003,45.40197],[-0.228,45.40855],[-0.23116,45.40857]]]},"properties":{"code_territoire":"iris163840000","libelle_territoire":"Touvérac (commune non irisée)"}},
{"type":"Feature","geometry":{"type":"Polygon","coordinates":[[[0.2985,45.64887],[0.29427,45.65834],[0.27774,45.66772],[0.2503,45.67236],[0.24506,45.67381],[0.24165,45.67112],[0.24055,45.6648],[0.24581,45.66221],[0.24433,45.65952],[0.251,45.64853],[0.26064,45.64752],[0.26616,45.6504],[0.269,45.64237],[0.27446,45.64575],[0.27769,45.64348],[0.28414,45.64828],[0.2985,45.64887]]]},"properties":{"code_territoire":"iris163850000","libelle_territoire":"Touvre (commune non irisée)"}},
{"type":"Feature","geometry":{"type":"Polygon","coordinates":[[[-0.12101,45.66932],[-0.11702,45.66876],[-0.10936,45.67406],[-0.10102,45.6724],[-0.09546,45.682],[-0.09449,45.69103],[-0.11401,45.69368],[-0.13551,45.6933],[-0.13176,45.68654],[-0.13562,45.68419],[-0.13577,45.68106],[-0.14418,45.68082],[-0.13418,45.67945],[-0.13396,45.67723],[-0.12728,45.67625],[-0.12372,45.67164],[-0.12101,45.66932]]]},"properties":{"code_territoire":"iris163870000","libelle_territoire":"Triac-Lautrait (commune non irisée)"}},
{"type":"Feature","geometry":{"type":"Polygon","coordinates":[[[0.0674,45.63964],[0.06483,45.64565],[0.05815,45.65139],[0.05582,45.65095],[0.04491,45.64613],[0.03978,45.64517],[0.03724,45.64738],[0.03302,45.64452],[0.02873,45.64072],[0.03522,45.63163],[0.03547,45.62643],[0.04293,45.62597],[0.04461,45.63353],[0.0674,45.63964]]]},"properties":{"code_territoire":"iris163880000","libelle_territoire":"Trois-Palis (commune non irisée)"}},
{"type":"Feature","geometry":{"type":"Polygon","coordinates":[[[0.42659,45.9432],[0.43625,45.95187],[0.43745,45.95628],[0.42946,45.95508],[0.42454,45.96159],[0.41849,45.96494],[0.4085,45.96572],[0.40066,45.96891],[0.39716,45.96701],[0.40206,45.96136],[0.39256,45.94874],[0.38585,45.94802],[0.38274,45.9431],[0.39113,45.94517],[0.39749,45.93783],[0.40464,45.93708],[0.40974,45.93941],[0.41506,45.94642],[0.42301,45.94218],[0.42659,45.9432]]]},"properties":{"code_territoire":"iris163890000","libelle_territoire":"Turgon (commune non irisée)"}},
{"type":"Feature","geometry":{"type":"Polygon","coordinates":[[[0.05677,45.95259],[0.04694,45.95153],[0.0471,45.94899],[0.05273,45.94608],[0.04358,45.94214],[0.04902,45.94006],[0.03958,45.9213],[0.07237,45.91507],[0.07982,45.91354],[0.08131,45.90816],[0.0856,45.9085],[0.08949,45.91389],[0.08675,45.91625],[0.09218,45.9272],[0.09835,45.92971],[0.09726,45.93339],[0.10656,45.93178],[0.10709,45.93304],[0.09463,45.93923],[0.09876,45.94486],[0.09292,45.94667],[0.0824,45.94123],[0.08117,45.94358],[0.08463,45.94441],[0.08387,45.9461],[0.06522,45.94812],[0.06067,45.95248],[0.05677,45.95259]]]},"properties":{"code_territoire":"iris163900000","libelle_territoire":"Tusson (commune non irisée)"}},
{"type":"Feature","geometry":{"type":"Polygon","coordinates":[[[0.02357,45.49566],[0.01909,45.49091],[0.01805,45.48443],[0.02063,45.47939],[0.02881,45.47449],[0.02807,45.47237],[0.021,45.46934],[0.01478,45.47089],[0.00562,45.46596],[-0.01618,45.46609],[-0.01644,45.46237],[-0.01127,45.45829],[0.00666,45.45342],[0.00222,45.44787],[0.00304,45.44254],[-0.00417,45.43893],[-0.00276,45.43412],[-0.00039,45.43427],[0.00015,45.43068],[0.00329,45.43048],[0.00537,45.42743],[0.00889,45.42926],[0.01194,45.4274],[0.01722,45.42343],[0.02771,45.42165],[0.03244,45.43204],[0.04011,45.43884],[0.04536,45.44146],[0.05255,45.44065],[0.06003,45.44967],[0.05611,45.45228],[0.05262,45.46539],[0.03742,45.46746],[0.03327,45.47022],[0.03278,45.47372],[0.04032,45.47608],[0.03967,45.47783],[0.04363,45.47636],[0.05159,45.47746],[0.0518,45.48081],[0.05837,45.48821],[0.05447,45.49071],[0.0463,45.4889],[0.03678,45.49197],[0.032,45.49106],[0.03033,45.49362],[0.02357,45.49566]]]},"properties":{"code_territoire":"iris160460000","libelle_territoire":"Coteaux-du-Blanzacais (commune non irisée)"}},
{"type":"Feature","geometry":{"type":"Polygon","coordinates":[[[0.33462,45.46022],[0.33158,45.47997],[0.32605,45.48743],[0.31797,45.48624],[0.31228,45.4911],[0.30593,45.48899],[0.29276,45.49932],[0.28518,45.48983],[0.29548,45.47136],[0.29962,45.4705],[0.29751,45.46916],[0.30086,45.46663],[0.2989,45.46608],[0.3021,45.45881],[0.30775,45.46086],[0.3244,45.44985],[0.32961,45.44344],[0.33388,45.44969],[0.3325,45.4591],[0.33462,45.46022]]]},"properties":{"code_territoire":"iris160470000","libelle_territoire":"Blanzaguet-Saint-Cybard (commune non irisée)"}},
{"type":"Feature","geometry":{"type":"Polygon","coordinates":[[[-0.18073,45.35126],[-0.18837,45.34492],[-0.1887,45.34102],[-0.1722,45.33348],[-0.18273,45.32784],[-0.17764,45.32264],[-0.17929,45.32211],[-0.17649,45.3178],[-0.17831,45.30833],[-0.17059,45.30858],[-0.16696,45.30589],[-0.16051,45.30653],[-0.15097,45.30165],[-0.1502,45.30706],[-0.15379,45.31237],[-0.15183,45.31813],[-0.1448,45.32288],[-0.13316,45.31977],[-0.13398,45.3282],[-0.12422,45.32958],[-0.12359,45.33167],[-0.12825,45.33458],[-0.12636,45.33543],[-0.12814,45.33796],[-0.13278,45.3377],[-0.13056,45.34055],[-0.13271,45.34209],[-0.14116,45.34342],[-0.14675,45.34758],[-0.18073,45.35126]]]},"properties":{"code_territoire":"iris160480000","libelle_territoire":"Boisbreteau (commune non irisée)"}},
{"type":"Feature","geometry":{"type":"Polygon","coordinates":[[[0.32828,45.86633],[0.34516,45.86696],[0.34406,45.88056],[0.33983,45.88268],[0.33493,45.88396],[0.33239,45.88769],[0.33205,45.89272],[0.32931,45.89264],[0.32312,45.89937],[0.31311,45.89191],[0.30842,45.90454],[0.2986,45.90196],[0.29851,45.89554],[0.29367,45.88768],[0.29608,45.88542],[0.29456,45.87927],[0.30008,45.87156],[0.30536,45.86939],[0.32359,45.86778],[0.32828,45.86633]]]},"properties":{"code_territoire":"iris163920000","libelle_territoire":"Valence (commune non irisée)"}},
{"type":"Feature","geometry":{"type":"Polygon","coordinates":[[[0.18123,45.77213],[0.17458,45.773],[0.16766,45.77245],[0.15519,45.779],[0.13892,45.77177],[0.1398,45.78008],[0.13199,45.77468],[0.12485,45.7751],[0.12326,45.77857],[0.12019,45.77489],[0.11771,45.77734],[0.10663,45.77034],[0.09366,45.7695],[0.09098,45.76574],[0.09709,45.76432],[0.10351,45.75819],[0.09311,45.75163],[0.0878,45.7437],[0.08861,45.73646],[0.09552,45.73183],[0.12911,45.73666],[0.14195,45.73436],[0.14475,45.73653],[0.14921,45.73648],[0.15164,45.74288],[0.15936,45.74697],[0.16385,45.74532],[0.17367,45.75412],[0.17665,45.75107],[0.18551,45.75602],[0.18821,45.75366],[0.18896,45.75738],[0.19293,45.75579],[0.19477,45.75693],[0.19274,45.76262],[0.18964,45.77068],[0.18123,45.77213]]]},"properties":{"code_territoire":"iris163930000","libelle_territoire":"La Boixe (commune non irisée)"}},
{"type":"Feature","geometry":{"type":"Polygon","coordinates":[[[0.27081,45.41902],[0.26971,45.42235],[0.26775,45.42065],[0.25134,45.42356],[0.24417,45.42063],[0.23985,45.42123],[0.23973,45.42755],[0.20989,45.42129],[0.21074,45.41185],[0.24918,45.40907],[0.25184,45.41155],[0.26739,45.40803],[0.27174,45.41613],[0.27081,45.41902]]]},"properties":{"code_territoire":"iris163940000","libelle_territoire":"Vaux-Lavalette (commune non irisée)"}},
{"type":"Feature","geometry":{"type":"Polygon","coordinates":[[[0.11512,45.21398],[0.13023,45.20815],[0.13596,45.21015],[0.13745,45.21662],[0.14468,45.21398],[0.14702,45.22502],[0.15855,45.22567],[0.17213,45.2391],[0.17473,45.23921],[0.16925,45.24301],[0.17224,45.25187],[0.16303,45.25162],[0.16224,45.25433],[0.15475,45.25858],[0.15187,45.2548],[0.14923,45.25497],[0.14639,45.25959],[0.1396,45.26309],[0.13094,45.25441],[0.12923,45.24444],[0.12103,45.23113],[0.12141,45.21821],[0.11948,45.21521],[0.11512,45.21398]]]},"properties":{"code_territoire":"iris160490000","libelle_territoire":"Bonnes (commune non irisée)"}},
{"type":"Feature","geometry":{"type":"Polygon","coordinates":[[[-0.15028,45.59229],[-0.16505,45.57445],[-0.16835,45.5737],[-0.15927,45.56792],[-0.16352,45.56269],[-0.16139,45.56361],[-0.15774,45.5601],[-0.1469,45.55979],[-0.13999,45.55714],[-0.12556,45.5625],[-0.12391,45.56078],[-0.11541,45.57309],[-0.0974,45.57486],[-0.11091,45.5882],[-0.11588,45.59339],[-0.12264,45.59608],[-0.12459,45.59004],[-0.14614,45.59046],[-0.1488,45.59396],[-0.15028,45.59229]]]},"properties":{"code_territoire":"iris160500000","libelle_territoire":"Bonneuil (commune non irisée)"}},
{"type":"Feature","geometry":{"type":"Polygon","coordinates":[[[0.18248,45.3528],[0.17476,45.36012],[0.16523,45.36077],[0.16502,45.35792],[0.15331,45.34729],[0.13892,45.34784],[0.12949,45.35104],[0.12416,45.34949],[0.11865,45.35135],[0.1118,45.3506],[0.11316,45.34681],[0.10992,45.34036],[0.10566,45.3374],[0.10352,45.33142],[0.113,45.33055],[0.11881,45.32738],[0.13666,45.32367],[0.13639,45.32492],[0.14274,45.32411],[0.146,45.32565],[0.15374,45.32344],[0.1575,45.32884],[0.16987,45.3268],[0.17326,45.3345],[0.17781,45.33673],[0.18259,45.33564],[0.1916,45.34208],[0.18248,45.3528]]]},"properties":{"code_territoire":"iris160520000","libelle_territoire":"Bors (Canton de Tude-et-Lavalette) (commune non irisée)"}},
{"type":"Feature","geometry":{"type":"Polygon","coordinates":[[[-0.1254,45.73609],[-0.10557,45.73283],[-0.10778,45.72653],[-0.09636,45.72406],[-0.07878,45.72352],[-0.07071,45.73429],[-0.06508,45.73861],[-0.05837,45.73955],[-0.0524,45.74547],[-0.06165,45.75393],[-0.06472,45.75174],[-0.08223,45.74816],[-0.08358,45.75207],[-0.08941,45.75512],[-0.08268,45.7586],[-0.08191,45.76055],[-0.08515,45.76294],[-0.10319,45.76137],[-0.10351,45.75781],[-0.10673,45.75661],[-0.11701,45.74113],[-0.12378,45.74019],[-0.1251,45.73834],[-0.1254,45.73609]]]},"properties":{"code_territoire":"iris163950000","libelle_territoire":"Vaux-Rouillac (commune non irisée)"}},
{"type":"Feature","geometry":{"type":"Polygon","coordinates":[[[0.32111,45.92667],[0.31495,45.92416],[0.306,45.9254],[0.29858,45.91789],[0.30685,45.91439],[0.30578,45.90635],[0.30842,45.90454],[0.31311,45.89191],[0.32312,45.89937],[0.32931,45.89264],[0.33205,45.89272],[0.33239,45.88769],[0.33493,45.88396],[0.33983,45.88268],[0.33755,45.88794],[0.33312,45.88912],[0.33674,45.89611],[0.33641,45.89998],[0.34139,45.90448],[0.3418,45.90736],[0.33879,45.90983],[0.34641,45.91766],[0.34299,45.91918],[0.34579,45.92626],[0.34268,45.92483],[0.33314,45.92678],[0.33657,45.93666],[0.32111,45.92667]]]},"properties":{"code_territoire":"iris163960000","libelle_territoire":"Ventouse (commune non irisée)"}},
{"type":"Feature","geometry":{"type":"Polygon","coordinates":[[[-0.06907,45.87432],[-0.06795,45.87805],[-0.07029,45.87921],[-0.06066,45.89759],[-0.06657,45.90127],[-0.07115,45.89537],[-0.07555,45.89437],[-0.07748,45.89573],[-0.0822,45.89324],[-0.09459,45.89769],[-0.09752,45.89268],[-0.11387,45.89038],[-0.13128,45.8911],[-0.13142,45.87796],[-0.12878,45.87775],[-0.12661,45.87254],[-0.11136,45.87184],[-0.11603,45.86687],[-0.10126,45.86174],[-0.08536,45.86255],[-0.07985,45.86513],[-0.07611,45.87513],[-0.06907,45.87432]]]},"properties":{"code_territoire":"iris163970000","libelle_territoire":"Verdille (commune non irisée)"}},
{"type":"Feature","geometry":{"type":"Polygon","coordinates":[[[-0.21474,45.34124],[-0.21993,45.33724],[-0.22875,45.32166],[-0.22044,45.32261],[-0.22031,45.31676],[-0.21056,45.31177],[-0.19938,45.31178],[-0.20138,45.30653],[-0.19574,45.30492],[-0.18774,45.3086],[-0.17831,45.30833],[-0.17649,45.3178],[-0.17929,45.32211],[-0.17764,45.32264],[-0.18273,45.32784],[-0.1722,45.33348],[-0.1887,45.34102],[-0.2048,45.34816],[-0.21474,45.34124]]]},"properties":{"code_territoire":"iris160530000","libelle_territoire":"Bors (Canton de Charente-Sud) (commune non irisée)"}},
{"type":"Feature","geometry":{"type":"Polygon","coordinates":[[[0.34502,46.06374],[0.34261,46.05542],[0.34534,46.05011],[0.33996,46.04796],[0.36616,46.02783],[0.38755,46.03574],[0.39376,46.03706],[0.39975,46.03522],[0.40472,46.03832],[0.40739,46.03663],[0.41328,46.04918],[0.40277,46.06313],[0.39301,46.06494],[0.38936,46.06767],[0.37865,46.06187],[0.37228,46.06526],[0.36259,46.06419],[0.3605,46.06674],[0.355,46.06385],[0.35297,46.06507],[0.34502,46.06374]]]},"properties":{"code_territoire":"iris160540000","libelle_territoire":"Le Bouchage (commune non irisée)"}},
{"type":"Feature","geometry":{"type":"Polygon","coordinates":[[[0.30349,45.65069],[0.29483,45.64001],[0.29375,45.6345],[0.30095,45.63251],[0.29027,45.62398],[0.28761,45.624],[0.28601,45.6197],[0.29278,45.61572],[0.29668,45.60751],[0.30709,45.60883],[0.31352,45.60519],[0.3278,45.60836],[0.33478,45.6065],[0.33214,45.60423],[0.33589,45.60329],[0.33956,45.61692],[0.34387,45.61656],[0.34458,45.61963],[0.35404,45.61938],[0.35314,45.62439],[0.35565,45.62858],[0.3134,45.64281],[0.30718,45.65242],[0.3035,45.65228],[0.30349,45.65069]]]},"properties":{"code_territoire":"iris160550000","libelle_territoire":"Bouëx (commune non irisée)"}},
{"type":"Feature","geometry":{"type":"Polygon","coordinates":[[[-0.25672,45.67968],[-0.25916,45.6765],[-0.25748,45.67114],[-0.24987,45.66741],[-0.23709,45.65563],[-0.22368,45.64992],[-0.22605,45.64668],[-0.21097,45.64558],[-0.20498,45.6565],[-0.19638,45.66538],[-0.19379,45.67141],[-0.19173,45.67125],[-0.18947,45.6766],[-0.19398,45.67766],[-0.20413,45.67608],[-0.20773,45.67646],[-0.20734,45.67845],[-0.22085,45.679],[-0.22734,45.68319],[-0.22921,45.68157],[-0.23641,45.68224],[-0.2415,45.67121],[-0.25013,45.67429],[-0.25672,45.67968]]]},"properties":{"code_territoire":"iris160560000","libelle_territoire":"Bourg-Charente (commune non irisée)"}},
{"type":"Feature","geometry":{"type":"Polygon","coordinates":[[[0.69525,45.76232],[0.70465,45.76342],[0.70898,45.7612],[0.71501,45.76312],[0.71526,45.77195],[0.70582,45.77774],[0.71113,45.78413],[0.71109,45.79054],[0.70832,45.79133],[0.70789,45.79502],[0.71204,45.8001],[0.71049,45.80236],[0.70085,45.80348],[0.69866,45.80079],[0.68447,45.7962],[0.68225,45.79303],[0.68575,45.79236],[0.68008,45.78322],[0.68303,45.77897],[0.68674,45.77924],[0.69382,45.76726],[0.69575,45.76741],[0.69525,45.76232]]]},"properties":{"code_territoire":"iris163980000","libelle_territoire":"Verneuil (commune non irisée)"}},
{"type":"Feature","geometry":{"type":"Polygon","coordinates":[[[-0.25978,45.5401],[-0.24765,45.54614],[-0.24581,45.5443],[-0.24128,45.55344],[-0.23975,45.55821],[-0.24256,45.56333],[-0.22981,45.56362],[-0.2283,45.57228],[-0.23421,45.57426],[-0.24951,45.57442],[-0.26773,45.58026],[-0.28492,45.58096],[-0.28932,45.57858],[-0.28787,45.57519],[-0.29591,45.56452],[-0.27534,45.55349],[-0.27189,45.5537],[-0.27196,45.54936],[-0.26701,45.54794],[-0.25978,45.5401]]]},"properties":{"code_territoire":"iris163990000","libelle_territoire":"Verrières (commune non irisée)"}},
{"type":"Feature","geometry":{"type":"Polygon","coordinates":[[[-0.09594,45.60475],[-0.10909,45.61025],[-0.10894,45.61287],[-0.11382,45.61708],[-0.12296,45.62366],[-0.1221,45.62989],[-0.11975,45.63092],[-0.12146,45.63181],[-0.12555,45.6328],[-0.13524,45.62423],[-0.13734,45.62523],[-0.14136,45.62177],[-0.14423,45.62228],[-0.14628,45.6187],[-0.14948,45.61715],[-0.14739,45.61537],[-0.15238,45.60673],[-0.14783,45.59896],[-0.1488,45.59396],[-0.14614,45.59046],[-0.12459,45.59004],[-0.12264,45.59608],[-0.11588,45.59339],[-0.11091,45.5882],[-0.09994,45.59738],[-0.10655,45.60245],[-0.09594,45.60475]]]},"properties":{"code_territoire":"iris160570000","libelle_territoire":"Bouteville (commune non irisée)"}},
{"type":"Feature","geometry":{"type":"Polygon","coordinates":[[[-0.29835,45.6955],[-0.28425,45.69645],[-0.28127,45.7002],[-0.27286,45.70243],[-0.27212,45.70536],[-0.27179,45.70888],[-0.28028,45.71089],[-0.29853,45.71994],[-0.2989,45.72249],[-0.29576,45.72451],[-0.30396,45.7277],[-0.30812,45.73247],[-0.3106,45.73227],[-0.31492,45.71434],[-0.31664,45.71406],[-0.3194,45.71211],[-0.31271,45.70924],[-0.30171,45.69888],[-0.29835,45.6955]]]},"properties":{"code_territoire":"iris160580000","libelle_territoire":"Boutiers-Saint-Trojan (commune non irisée)"}},
{"type":"Feature","geometry":{"type":"Polygon","coordinates":[[[0.00414,46.00522],[0.00289,45.99763],[-0.00494,45.985],[-0.00289,45.9817],[0.01017,45.98392],[0.01267,45.98656],[0.03383,45.9803],[0.04307,45.98672],[0.05258,45.98729],[0.05732,45.99887],[0.05539,46.01358],[0.03618,46.0123],[0.02998,46.01478],[0.02628,46.01043],[0.02027,46.00948],[0.01934,46.01268],[0.01729,46.00777],[0.01196,46.00412],[0.00414,46.00522]]]},"properties":{"code_territoire":"iris160590000","libelle_territoire":"Brettes (commune non irisée)"}},
{"type":"Feature","geometry":{"type":"Polygon","coordinates":[[[-0.31187,45.78631],[-0.30149,45.78246],[-0.29943,45.78065],[-0.30337,45.77573],[-0.29677,45.7736],[-0.29441,45.76857],[-0.28879,45.76893],[-0.29006,45.76638],[-0.28493,45.76276],[-0.28125,45.76855],[-0.25864,45.78208],[-0.25122,45.78034],[-0.23687,45.79164],[-0.24139,45.79462],[-0.24364,45.79623],[-0.23813,45.80371],[-0.24294,45.80505],[-0.2738,45.8065],[-0.27671,45.80593],[-0.27694,45.80319],[-0.28302,45.80372],[-0.28818,45.80683],[-0.29922,45.80209],[-0.29641,45.79721],[-0.29774,45.79491],[-0.30602,45.78789],[-0.31187,45.78631]]]},"properties":{"code_territoire":"iris160600000","libelle_territoire":"Bréville (commune non irisée)"}},
{"type":"Feature","geometry":{"type":"Polygon","coordinates":[[[0.22459,45.96032],[0.22555,45.96304],[0.24472,45.96572],[0.23783,45.97461],[0.24944,45.97665],[0.25737,45.97452],[0.25997,45.98198],[0.25532,45.99682],[0.24441,45.9924],[0.23778,45.99525],[0.22935,45.99374],[0.22597,45.99602],[0.20058,45.99261],[0.20217,45.97568],[0.20115,45.95391],[0.19927,45.93955],[0.21079,45.96195],[0.22006,45.96401],[0.22239,45.96373],[0.22272,45.95954],[0.22459,45.96032]]]},"properties":{"code_territoire":"iris164000000","libelle_territoire":"Verteuil-sur-Charente (commune non irisée)"}},
{"type":"Feature","geometry":{"type":"Polygon","coordinates":[[[0.15058,45.84303],[0.13017,45.8549],[0.11283,45.84542],[0.11506,45.84066],[0.10875,45.83373],[0.11561,45.82485],[0.1118,45.8244],[0.11078,45.82192],[0.12364,45.81525],[0.1283,45.81209],[0.12716,45.81921],[0.12971,45.81876],[0.13508,45.82464],[0.14119,45.82287],[0.14442,45.82763],[0.14974,45.82833],[0.15493,45.84053],[0.15058,45.84303]]]},"properties":{"code_territoire":"iris164010000","libelle_territoire":"Vervant (commune non irisée)"}},
{"type":"Feature","geometry":{"type":"Polygon","coordinates":[[[-0.05856,45.63351],[-0.05102,45.63447],[-0.05259,45.63783],[-0.04598,45.64217],[-0.0489,45.64639],[-0.05947,45.65376],[-0.0708,45.64528],[-0.06905,45.64101],[-0.06606,45.63401],[-0.06201,45.63561],[-0.05856,45.63351]]]},"properties":{"code_territoire":"iris164020000","libelle_territoire":"Vibrac (commune non irisée)"}},
{"type":"Feature","geometry":{"type":"Polygon","coordinates":[[[0.47457,45.96527],[0.46496,45.96881],[0.45821,45.97916],[0.46037,45.97993],[0.45263,45.98378],[0.45153,45.99104],[0.45409,45.99739],[0.43556,46.00597],[0.43597,46.00261],[0.44661,45.99063],[0.44761,45.97764],[0.43953,45.97605],[0.43627,45.97311],[0.4272,45.97594],[0.42268,45.9651],[0.41849,45.96494],[0.42454,45.96159],[0.42946,45.95508],[0.43745,45.95628],[0.44853,45.95854],[0.45271,45.95519],[0.46007,45.95604],[0.47002,45.95241],[0.47676,45.95783],[0.46543,45.96081],[0.47457,45.96527]]]},"properties":{"code_territoire":"iris164030000","libelle_territoire":"Le Vieux-Cérier (commune non irisée)"}},
{"type":"Feature","geometry":{"type":"Polygon","coordinates":[[[0.30303,45.74741],[0.29706,45.75546],[0.2987,45.76407],[0.28147,45.76423],[0.26639,45.75858],[0.25306,45.75819],[0.25005,45.75561],[0.22838,45.75386],[0.22105,45.75084],[0.21354,45.74043],[0.21449,45.7367],[0.22994,45.73171],[0.22409,45.72841],[0.22625,45.72582],[0.25315,45.70819],[0.26732,45.70226],[0.26829,45.70151],[0.28667,45.70511],[0.2896,45.71042],[0.31003,45.719],[0.30656,45.71915],[0.31106,45.72],[0.30226,45.74244],[0.30303,45.74741]]]},"properties":{"code_territoire":"iris160610000","libelle_territoire":"Brie (commune non irisée)"}},
{"type":"Feature","geometry":{"type":"Polygon","coordinates":[[[-0.02825,45.40963],[-0.03014,45.42797],[-0.02755,45.43316],[-0.03026,45.44031],[-0.03705,45.44219],[-0.04639,45.43882],[-0.04606,45.43634],[-0.05393,45.43707],[-0.0542,45.4253],[-0.05271,45.42084],[-0.05603,45.41716],[-0.05412,45.41464],[-0.04789,45.41166],[-0.04426,45.40648],[-0.04052,45.40942],[-0.02825,45.40963]]]},"properties":{"code_territoire":"iris160620000","libelle_territoire":"Brie-sous-Barbezieux (commune non irisée)"}},
{"type":"Feature","geometry":{"type":"Polygon","coordinates":[[[-0.01798,45.31731],[-0.01189,45.31372],[-0.00431,45.31231],[0.00507,45.30608],[0.01092,45.3051],[0.01568,45.30565],[0.0244,45.3032],[0.02504,45.30547],[0.02724,45.30473],[0.02655,45.30696],[0.03619,45.30947],[0.03183,45.33305],[0.02407,45.33452],[0.01219,45.338],[0.01326,45.33419],[0.00445,45.33344],[0.00377,45.33108],[-0.00009,45.33257],[-0.00186,45.33003],[-0.00666,45.33247],[-0.01047,45.324],[-0.01798,45.31731]]]},"properties":{"code_territoire":"iris160630000","libelle_territoire":"Brie-sous-Chalais (commune non irisée)"}},
{"type":"Feature","geometry":{"type":"Polygon","coordinates":[[[0.8122,45.93133],[0.82252,45.93214],[0.83554,45.92276],[0.85196,45.92439],[0.85961,45.91777],[0.87094,45.92353],[0.8744,45.92364],[0.87676,45.9213],[0.88397,45.92323],[0.89353,45.93024],[0.90378,45.93356],[0.9052,45.93874],[0.91219,45.93649],[0.92097,45.938],[0.92045,45.94456],[0.92856,45.94808],[0.92191,45.94925],[0.92239,45.95388],[0.92979,45.95262],[0.93069,45.9552],[0.93323,45.95404],[0.94273,45.95758],[0.94087,45.96269],[0.94343,45.96519],[0.9404,45.96537],[0.94331,45.97015],[0.94711,45.9699],[0.9462,45.97473],[0.94061,45.97303],[0.93457,45.97644],[0.93014,45.9728],[0.92353,45.97354],[0.92279,45.96997],[0.92052,45.97043],[0.91584,45.96691],[0.91182,45.97015],[0.90259,45.96717],[0.89058,45.96697],[0.88224,45.97071],[0.87366,45.97966],[0.86827,45.98244],[0.8605,45.98291],[0.83467,45.9741],[0.83368,45.96919],[0.82649,45.97106],[0.82434,45.96485],[0.82018,45.9647],[0.80871,45.95904],[0.81139,45.95718],[0.80869,45.95705],[0.80751,45.95303],[0.80693,45.94221],[0.80937,45.93603],[0.80659,45.93456],[0.8122,45.93133]]]},"properties":{"code_territoire":"iris160640000","libelle_territoire":"Brigueuil (commune non irisée)"}},
{"type":"Feature","geometry":{"type":"Polygon","coordinates":[[[0.40865,46.03581],[0.40739,46.03663],[0.40472,46.03832],[0.39975,46.03522],[0.39376,46.03706],[0.38755,46.03574],[0.36616,46.02783],[0.36288,46.01851],[0.35071,46.01769],[0.35053,46.01462],[0.35343,46.01381],[0.34973,46.00275],[0.35281,46.00228],[0.35204,45.9992],[0.35709,45.99982],[0.36074,45.99787],[0.36818,46.00004],[0.37638,45.99416],[0.38486,45.99268],[0.38653,45.99423],[0.38118,45.99757],[0.38075,46.00182],[0.38543,46.00057],[0.38677,46.00336],[0.39095,46.00345],[0.39464,46.00144],[0.3969,46.00723],[0.39465,46.01672],[0.40582,46.02209],[0.40865,46.03581]]]},"properties":{"code_territoire":"iris164040000","libelle_territoire":"Vieux-Ruffec (commune non irisée)"}},
{"type":"Feature","geometry":{"type":"Polygon","coordinates":[[[-0.07769,45.49551],[-0.074,45.50137],[-0.07462,45.50929],[-0.07823,45.51145],[-0.07614,45.51563],[-0.08061,45.51775],[-0.08534,45.52087],[-0.09281,45.52135],[-0.09523,45.5249],[-0.10464,45.52244],[-0.10226,45.51852],[-0.11291,45.50879],[-0.12504,45.50207],[-0.12335,45.49541],[-0.11891,45.49341],[-0.11591,45.49223],[-0.10788,45.49457],[-0.10358,45.49379],[-0.09468,45.49722],[-0.07769,45.49551]]]},"properties":{"code_territoire":"iris164050000","libelle_territoire":"Vignolles (commune non irisée)"}},
{"type":"Feature","geometry":{"type":"Polygon","coordinates":[[[0.82726,46.08846],[0.82736,46.09197],[0.82426,46.09404],[0.81762,46.09048],[0.81684,46.09324],[0.80449,46.09319],[0.80741,46.09993],[0.80475,46.10017],[0.79978,46.10575],[0.8016,46.10736],[0.79935,46.11144],[0.79241,46.11116],[0.79518,46.10688],[0.79084,46.10259],[0.77566,46.09968],[0.77597,46.09113],[0.77185,46.08815],[0.77448,46.08679],[0.7719,46.08433],[0.76444,46.08512],[0.76051,46.08903],[0.75413,46.09077],[0.74919,46.08927],[0.74672,46.08492],[0.74271,46.08495],[0.74326,46.07745],[0.70226,46.06021],[0.70276,46.06011],[0.70613,46.06081],[0.70799,46.05891],[0.70411,46.05466],[0.7152,46.05325],[0.71573,46.05166],[0.72858,46.0507],[0.73378,46.04724],[0.74013,46.04701],[0.74409,46.04995],[0.74935,46.0465],[0.76041,46.04604],[0.76568,46.04172],[0.76667,46.04331],[0.77212,46.04267],[0.77675,46.03879],[0.78275,46.03792],[0.78605,46.03325],[0.7989,46.03012],[0.8015,46.03412],[0.80389,46.03406],[0.80255,46.03705],[0.80655,46.03782],[0.80563,46.0411],[0.809,46.04551],[0.81504,46.04649],[0.81021,46.04792],[0.81787,46.04787],[0.81398,46.05202],[0.81633,46.05603],[0.81446,46.05709],[0.82327,46.06038],[0.82736,46.06408],[0.82345,46.06702],[0.82787,46.06828],[0.82368,46.0698],[0.82549,46.07179],[0.81914,46.07333],[0.81856,46.07729],[0.82712,46.08599],[0.82496,46.08849],[0.82726,46.08846]]]},"properties":{"code_territoire":"iris160650000","libelle_territoire":"Brillac (commune non irisée)"}},
{"type":"Feature","geometry":{"type":"Polygon","coordinates":[[[-0.01798,45.31731],[-0.01047,45.324],[-0.00666,45.33247],[-0.00988,45.33982],[-0.02591,45.34429],[-0.02552,45.3467],[-0.03067,45.3509],[-0.04643,45.34268],[-0.05592,45.34007],[-0.07725,45.3262],[-0.08566,45.3294],[-0.09089,45.32875],[-0.09182,45.32265],[-0.08789,45.31617],[-0.09371,45.31195],[-0.09476,45.31133],[-0.0751,45.30624],[-0.07158,45.3119],[-0.06145,45.31154],[-0.06254,45.3078],[-0.06842,45.30726],[-0.0648,45.3031],[-0.0336,45.30422],[-0.02677,45.30533],[-0.01948,45.31249],[-0.01798,45.31731]]]},"properties":{"code_territoire":"iris160660000","libelle_territoire":"Brossac (commune non irisée)"}},
{"type":"Feature","geometry":{"type":"Polygon","coordinates":[[[0.41387,45.7217],[0.4038,45.71756],[0.37141,45.71808],[0.36576,45.71608],[0.36978,45.71426],[0.36863,45.7065],[0.37525,45.69613],[0.3731,45.69215],[0.37535,45.6869],[0.38299,45.68503],[0.38326,45.67923],[0.38858,45.67383],[0.39056,45.67058],[0.3969,45.67087],[0.40348,45.66815],[0.40137,45.66506],[0.41163,45.66069],[0.41902,45.66054],[0.42275,45.65665],[0.4282,45.65499],[0.43404,45.66981],[0.43289,45.67214],[0.43643,45.67685],[0.44155,45.67765],[0.42769,45.68744],[0.4233,45.68539],[0.42359,45.69029],[0.41995,45.69],[0.42128,45.69346],[0.41725,45.70355],[0.42094,45.71015],[0.41454,45.71181],[0.41208,45.71525],[0.41532,45.72051],[0.41387,45.7217]]]},"properties":{"code_territoire":"iris164060000","libelle_territoire":"Moulins-sur-Tardoire (commune non irisée)"}},
{"type":"Feature","geometry":{"type":"Polygon","coordinates":[[[0.29258,45.49942],[0.27723,45.49833],[0.26149,45.48598],[0.26478,45.48564],[0.26586,45.48255],[0.27053,45.48259],[0.26587,45.47042],[0.27018,45.46926],[0.27003,45.46668],[0.27701,45.46822],[0.28271,45.46621],[0.28381,45.46731],[0.28684,45.46115],[0.29591,45.45851],[0.29539,45.45655],[0.3021,45.45881],[0.2989,45.46608],[0.30086,45.46663],[0.29751,45.46916],[0.29962,45.4705],[0.29548,45.47136],[0.28518,45.48983],[0.29276,45.49932],[0.29258,45.49942]]]},"properties":{"code_territoire":"iris164080000","libelle_territoire":"Villebois-Lavalette (commune non irisée)"}},
{"type":"Feature","geometry":{"type":"Polygon","coordinates":[[[0.09509,45.9858],[0.10357,45.99397],[0.10124,45.99874],[0.09877,45.99856],[0.09808,46.0026],[0.10703,46.00871],[0.10383,46.01139],[0.10399,46.01575],[0.12687,46.02046],[0.13528,46.03243],[0.11576,46.0419],[0.11265,46.04297],[0.10496,46.03784],[0.09598,46.0428],[0.09087,46.03798],[0.085,46.03849],[0.08212,46.03383],[0.07029,46.02597],[0.06855,46.02666],[0.06329,46.01828],[0.06435,46.01484],[0.05539,46.01358],[0.05732,45.99887],[0.05258,45.98729],[0.06902,45.98211],[0.08209,45.97473],[0.08919,45.9846],[0.09509,45.9858]]]},"properties":{"code_territoire":"iris164090000","libelle_territoire":"Villefagnan (commune non irisée)"}},
{"type":"Feature","geometry":{"type":"Polygon","coordinates":[[[0.17263,45.82818],[0.16255,45.82116],[0.15798,45.81444],[0.16089,45.81248],[0.15548,45.81041],[0.16256,45.8093],[0.15618,45.80427],[0.16458,45.79986],[0.15885,45.79816],[0.16167,45.79755],[0.16088,45.79471],[0.15513,45.7922],[0.16123,45.789],[0.17315,45.78899],[0.17747,45.79605],[0.18211,45.79643],[0.18527,45.80162],[0.18184,45.80301],[0.19197,45.80414],[0.19217,45.80702],[0.19267,45.81167],[0.18848,45.81769],[0.18185,45.8244],[0.17263,45.82818]]]},"properties":{"code_territoire":"iris164120000","libelle_territoire":"Villejoubert (commune non irisée)"}},
{"type":"Feature","geometry":{"type":"Polygon","coordinates":[[[0.11736,46.0612],[0.10046,46.06115],[0.09154,46.05072],[0.09598,46.0428],[0.10496,46.03784],[0.11265,46.04297],[0.11576,46.0419],[0.11878,46.04715],[0.12948,46.04997],[0.13128,46.05368],[0.12552,46.05646],[0.12671,46.05804],[0.11736,46.0612]]]},"properties":{"code_territoire":"iris164130000","libelle_territoire":"Villiers-le-Roux (commune non irisée)"}},
{"type":"Feature","geometry":{"type":"Polygon","coordinates":[[[0.13017,45.8549],[0.13384,45.85771],[0.1302,45.86016],[0.1283,45.86755],[0.11949,45.87054],[0.12523,45.87527],[0.11982,45.8762],[0.11556,45.88135],[0.11136,45.87675],[0.10696,45.88059],[0.10109,45.88157],[0.10315,45.87619],[0.09939,45.86746],[0.09009,45.86338],[0.08729,45.85904],[0.07789,45.86123],[0.08401,45.85416],[0.09426,45.85042],[0.09808,45.8482],[0.09976,45.84374],[0.10516,45.84433],[0.10946,45.8415],[0.11283,45.84542],[0.13017,45.8549]]]},"properties":{"code_territoire":"iris164140000","libelle_territoire":"Villognon (commune non irisée)"}},
{"type":"Feature","geometry":{"type":"Polygon","coordinates":[[[0.10159,45.70247],[0.10214,45.70535],[0.11819,45.71307],[0.12049,45.71671],[0.13415,45.72056],[0.14018,45.72485],[0.14338,45.7285],[0.14195,45.73436],[0.12911,45.73666],[0.09552,45.73183],[0.08558,45.72837],[0.08923,45.72528],[0.096,45.72471],[0.08676,45.71924],[0.07352,45.71845],[0.07452,45.71452],[0.07813,45.70973],[0.08509,45.70679],[0.0939,45.7022],[0.09667,45.70467],[0.10159,45.70247]]]},"properties":{"code_territoire":"iris164150000","libelle_territoire":"Vindelle (commune non irisée)"}},
{"type":"Feature","geometry":{"type":"Polygon","coordinates":[[[0.49047,45.83241],[0.48244,45.83012],[0.48167,45.82174],[0.47318,45.81075],[0.46795,45.81013],[0.46222,45.81252],[0.4587,45.81128],[0.46435,45.80332],[0.45691,45.79205],[0.4606,45.79155],[0.46072,45.78852],[0.46562,45.7895],[0.4781,45.78421],[0.47973,45.78013],[0.49613,45.77025],[0.50974,45.76815],[0.51238,45.76879],[0.5128,45.77161],[0.51294,45.77598],[0.51689,45.77518],[0.52675,45.77782],[0.52703,45.78508],[0.53749,45.79386],[0.50915,45.80105],[0.51499,45.80655],[0.50348,45.81234],[0.51567,45.81524],[0.49768,45.82103],[0.4959,45.82548],[0.50064,45.82716],[0.49695,45.83411],[0.49047,45.83241]]]},"properties":{"code_territoire":"iris164160000","libelle_territoire":"Vitrac-Saint-Vincent (commune non irisée)"}},
{"type":"Feature","geometry":{"type":"Polygon","coordinates":[[[0.13998,45.58945],[0.14806,45.58622],[0.15215,45.57704],[0.15955,45.57407],[0.16438,45.56434],[0.17058,45.56599],[0.16503,45.57365],[0.1667,45.57991],[0.17717,45.5918],[0.17134,45.59587],[0.16974,45.60884],[0.15085,45.61721],[0.15128,45.60721],[0.14404,45.60578],[0.14129,45.6028],[0.14247,45.59737],[0.13998,45.58945]]]},"properties":{"code_territoire":"iris164180000","libelle_territoire":"Vœuil-et-Giget (commune non irisée)"}},
{"type":"Feature","geometry":{"type":"Polygon","coordinates":[[[0.10035,45.80854],[0.10043,45.81466],[0.09524,45.81564],[0.09891,45.82354],[0.09284,45.82051],[0.09269,45.82306],[0.08804,45.82957],[0.07671,45.83237],[0.07701,45.825],[0.07149,45.82618],[0.06455,45.82284],[0.06077,45.82376],[0.05425,45.82026],[0.05592,45.81701],[0.05872,45.81633],[0.05849,45.81444],[0.06884,45.81386],[0.07608,45.80679],[0.0756,45.801],[0.07007,45.8003],[0.06421,45.79305],[0.06434,45.78112],[0.06775,45.777],[0.0744,45.77707],[0.07331,45.77813],[0.07882,45.77972],[0.08419,45.79341],[0.09143,45.7979],[0.10035,45.80854]]]},"properties":{"code_territoire":"iris164190000","libelle_territoire":"Vouharte (commune non irisée)"}},
{"type":"Feature","geometry":{"type":"Polygon","coordinates":[[[0.31355,45.68442],[0.32082,45.68454],[0.32213,45.68058],[0.33568,45.68305],[0.34059,45.68888],[0.34525,45.68713],[0.34516,45.6854],[0.35228,45.6839],[0.36353,45.68559],[0.36396,45.6876],[0.36781,45.68828],[0.36677,45.68974],[0.3731,45.69215],[0.37525,45.69613],[0.36863,45.7065],[0.36978,45.71426],[0.36576,45.71608],[0.35904,45.71671],[0.35694,45.71306],[0.34822,45.71732],[0.33873,45.7121],[0.33216,45.71348],[0.32695,45.71031],[0.32302,45.71381],[0.31355,45.68442]]]},"properties":{"code_territoire":"iris160670000","libelle_territoire":"Bunzac (commune non irisée)"}},
{"type":"Feature","geometry":{"type":"Polygon","coordinates":[[[0.15083,45.54371],[0.14546,45.53439],[0.14233,45.53266],[0.13412,45.53423],[0.13018,45.53248],[0.13331,45.53095],[0.12458,45.5246],[0.12052,45.52393],[0.11315,45.52755],[0.10487,45.51549],[0.10537,45.51258],[0.10126,45.51036],[0.10488,45.49787],[0.10168,45.49289],[0.09672,45.49072],[0.09919,45.48555],[0.11279,45.47444],[0.12119,45.47664],[0.11639,45.49386],[0.11783,45.50201],[0.12365,45.5013],[0.13292,45.5039],[0.14307,45.52492],[0.16409,45.52566],[0.16324,45.5306],[0.1596,45.5332],[0.16435,45.54179],[0.15083,45.54371]]]},"properties":{"code_territoire":"iris164200000","libelle_territoire":"Voulgézac (commune non irisée)"}},
{"type":"Feature","geometry":{"type":"Polygon","coordinates":[[[0.45313,45.63875],[0.45371,45.65351],[0.4639,45.65165],[0.46564,45.65323],[0.46543,45.66638],[0.46693,45.66891],[0.47209,45.67048],[0.46522,45.67083],[0.46655,45.6744],[0.47196,45.67695],[0.44542,45.67978],[0.44155,45.67765],[0.43643,45.67685],[0.43289,45.67214],[0.43404,45.66981],[0.4282,45.65499],[0.43149,45.65361],[0.42425,45.6498],[0.42962,45.64271],[0.43251,45.64032],[0.43648,45.64185],[0.44052,45.63994],[0.45313,45.63875]]]},"properties":{"code_territoire":"iris164210000","libelle_territoire":"Vouthon (commune non irisée)"}},
{"type":"Feature","geometry":{"type":"Polygon","coordinates":[[[0.35404,45.61938],[0.34458,45.61963],[0.34387,45.61656],[0.33956,45.61692],[0.33589,45.60329],[0.33319,45.5938],[0.33768,45.59083],[0.3419,45.5754],[0.3575,45.57539],[0.3622,45.57337],[0.37174,45.57893],[0.37388,45.59645],[0.37823,45.59846],[0.3813,45.59735],[0.39009,45.6094],[0.39467,45.61054],[0.39738,45.61379],[0.3948,45.61324],[0.39605,45.61694],[0.38525,45.61984],[0.36909,45.61791],[0.35404,45.61938]]]},"properties":{"code_territoire":"iris164220000","libelle_territoire":"Vouzan (commune non irisée)"}},
{"type":"Feature","geometry":{"type":"Polygon","coordinates":[[[0.11283,45.84542],[0.10946,45.8415],[0.10516,45.84433],[0.09976,45.84374],[0.09517,45.83675],[0.10034,45.83472],[0.09269,45.82306],[0.09284,45.82051],[0.09891,45.82354],[0.09524,45.81564],[0.10043,45.81466],[0.10035,45.80854],[0.10862,45.80524],[0.11543,45.80787],[0.12364,45.81525],[0.11078,45.82192],[0.1118,45.8244],[0.11561,45.82485],[0.10875,45.83373],[0.11506,45.84066],[0.11283,45.84542]]]},"properties":{"code_territoire":"iris164230000","libelle_territoire":"Xambes (commune non irisée)"}},
{"type":"Feature","geometry":{"type":"Polygon","coordinates":[[[-0.04487,45.2481],[-0.02452,45.25536],[-0.01131,45.25552],[0.01196,45.2666],[0.02716,45.27122],[0.02281,45.27299],[0.02677,45.27668],[0.01512,45.28055],[0.01027,45.28283],[0.00677,45.29163],[0.00439,45.29231],[0.00268,45.2892],[-0.01055,45.29085],[-0.01945,45.28895],[-0.02594,45.29167],[-0.03852,45.2912],[-0.04729,45.29405],[-0.05758,45.29132],[-0.065,45.28669],[-0.06473,45.27135],[-0.05038,45.26349],[-0.04836,45.25846],[-0.04978,45.24886],[-0.04487,45.2481]]]},"properties":{"code_territoire":"iris164240000","libelle_territoire":"Yviers (commune non irisée)"}},
{"type":"Feature","geometry":{"type":"Polygon","coordinates":[[[0.49906,45.74595],[0.48831,45.74877],[0.48458,45.75263],[0.47327,45.75746],[0.47116,45.75493],[0.46464,45.75949],[0.45173,45.76249],[0.43975,45.75987],[0.43567,45.75647],[0.42146,45.75371],[0.42466,45.74453],[0.44817,45.74536],[0.46532,45.74155],[0.46783,45.73867],[0.4666,45.73537],[0.45708,45.73368],[0.4586,45.72834],[0.45414,45.72562],[0.454,45.7204],[0.46121,45.71624],[0.46002,45.71188],[0.44932,45.71597],[0.44285,45.71221],[0.4537,45.70473],[0.465,45.7029],[0.47029,45.70213],[0.47229,45.70533],[0.47804,45.70396],[0.47722,45.70879],[0.48858,45.70971],[0.49467,45.71955],[0.48802,45.72205],[0.48906,45.72359],[0.48499,45.72605],[0.48938,45.72724],[0.48575,45.73141],[0.4902,45.73247],[0.48546,45.7342],[0.48794,45.73711],[0.50224,45.74269],[0.49906,45.74595]]]},"properties":{"code_territoire":"iris164250000","libelle_territoire":"Yvrac-et-Malleyrand (commune non irisée)"}}
]}