{"type":"FeatureCollection", "features": [
{"type":"Feature","geometry":{"type":"Polygon","coordinates":[[[5.44742,43.52393],[5.4544,43.52479],[5.45496,43.52639],[5.45219,43.52707],[5.44572,43.52634],[5.4457,43.52621],[5.44742,43.52393]]]},"properties":{"code_territoire":"iris130010101","libelle_territoire":"Mazarin"}},
{"type":"Feature","geometry":{"type":"Polygon","coordinates":[[[5.44773,43.52968],[5.45079,43.53125],[5.4512,43.5321],[5.4463,43.53261],[5.44371,43.5314],[5.44411,43.52959],[5.44773,43.52968]]]},"properties":{"code_territoire":"iris130010102","libelle_territoire":"Cardeurs"}},
{"type":"Feature","geometry":{"type":"Polygon","coordinates":[[[5.45219,43.52707],[5.45496,43.52639],[5.45542,43.52768],[5.4512,43.5321],[5.45079,43.53125],[5.45219,43.52707]]]},"properties":{"code_territoire":"iris130010103","libelle_territoire":"Villeneuve"}},
{"type":"Feature","geometry":{"type":"Polygon","coordinates":[[[5.44773,43.52968],[5.44572,43.52634],[5.45219,43.52707],[5.45079,43.53125],[5.44773,43.52968]]]},"properties":{"code_territoire":"iris130010104","libelle_territoire":"Hypercentre"}},
{"type":"Feature","geometry":{"type":"Polygon","coordinates":[[[5.44411,43.52959],[5.44324,43.52733],[5.4457,43.52621],[5.44572,43.52634],[5.44773,43.52968],[5.44411,43.52959]]]},"properties":{"code_territoire":"iris130010105","libelle_territoire":"Tanneurs"}},
{"type":"Feature","geometry":{"type":"Polygon","coordinates":[[[5.44584,43.53359],[5.44481,43.53433],[5.43739,43.53218],[5.43912,43.52908],[5.44324,43.52733],[5.44411,43.52959],[5.44371,43.5314],[5.4463,43.53261],[5.44584,43.53359]]]},"properties":{"code_territoire":"iris130010202","libelle_territoire":"Couronne Nord"}},
{"type":"Feature","geometry":{"type":"Polygon","coordinates":[[[5.44568,43.53455],[5.44584,43.53359],[5.4463,43.53261],[5.4512,43.5321],[5.45542,43.52768],[5.45496,43.52639],[5.4544,43.52479],[5.45598,43.52308],[5.46043,43.52263],[5.45945,43.5278],[5.45904,43.53067],[5.45732,43.53034],[5.45549,43.53216],[5.45759,43.5362],[5.45272,43.5367],[5.45131,43.53495],[5.44579,43.53472],[5.44568,43.53455]]]},"properties":{"code_territoire":"iris130010203","libelle_territoire":"Couronne Est"}},
{"type":"Feature","geometry":{"type":"Polygon","coordinates":[[[5.45598,43.52308],[5.4544,43.52479],[5.44742,43.52393],[5.44715,43.52119],[5.44974,43.51714],[5.44978,43.51916],[5.45357,43.51965],[5.45528,43.52037],[5.45644,43.52259],[5.45598,43.52308]]]},"properties":{"code_territoire":"iris130010204","libelle_territoire":"Couronne Sud"}},
{"type":"Feature","geometry":{"type":"Polygon","coordinates":[[[5.44309,43.52411],[5.43625,43.52664],[5.43522,43.52385],[5.4371,43.52376],[5.43879,43.52364],[5.44242,43.52347],[5.44309,43.52411]]]},"properties":{"code_territoire":"iris130010205","libelle_territoire":"Couronne Ouest partie nord"}},
{"type":"Feature","geometry":{"type":"Polygon","coordinates":[[[5.44324,43.52733],[5.43912,43.52908],[5.43647,43.52873],[5.43625,43.52664],[5.44309,43.52411],[5.44715,43.52119],[5.44742,43.52393],[5.4457,43.52621],[5.44324,43.52733]]]},"properties":{"code_territoire":"iris130010206","libelle_territoire":"Couronne Ouest partie sud"}},
{"type":"Feature","geometry":{"type":"Polygon","coordinates":[[[5.44241,43.51318],[5.44245,43.51195],[5.45066,43.51194],[5.45013,43.51343],[5.44594,43.51364],[5.44586,43.51492],[5.44852,43.51511],[5.44974,43.51714],[5.44715,43.52119],[5.44309,43.52411],[5.44242,43.52347],[5.44241,43.51318]]]},"properties":{"code_territoire":"iris130010301","libelle_territoire":"Fenouillères"}},
{"type":"Feature","geometry":{"type":"Polygon","coordinates":[[[5.45066,43.51194],[5.45457,43.51206],[5.45422,43.51433],[5.45547,43.51524],[5.45357,43.51965],[5.44978,43.51916],[5.44974,43.51714],[5.44852,43.51511],[5.44586,43.51492],[5.44594,43.51364],[5.45013,43.51343],[5.45066,43.51194]]]},"properties":{"code_territoire":"iris130010302","libelle_territoire":"Facultés"}},
{"type":"Feature","geometry":{"type":"Polygon","coordinates":[[[5.4614,43.51222],[5.46029,43.51745],[5.45528,43.52037],[5.45357,43.51965],[5.45547,43.51524],[5.45422,43.51433],[5.45526,43.51195],[5.4614,43.51222]]]},"properties":{"code_territoire":"iris130010303","libelle_territoire":"Saint-Jérôme"}},
{"type":"Feature","geometry":{"type":"Polygon","coordinates":[[[5.46577,43.51267],[5.47149,43.5131],[5.47553,43.51772],[5.47368,43.51717],[5.47126,43.5185],[5.46715,43.51871],[5.46539,43.51728],[5.46353,43.51833],[5.46577,43.51267]]]},"properties":{"code_territoire":"iris130010304","libelle_territoire":"Val Saint-André"}},
{"type":"Feature","geometry":{"type":"Polygon","coordinates":[[[5.44242,43.52347],[5.43879,43.52364],[5.43517,43.51754],[5.4365,43.51562],[5.44241,43.51318],[5.44242,43.52347]]]},"properties":{"code_territoire":"iris130010305","libelle_territoire":"Pigonnet"}},
{"type":"Feature","geometry":{"type":"Polygon","coordinates":[[[5.44245,43.51195],[5.44241,43.51318],[5.4365,43.51562],[5.43517,43.51754],[5.43879,43.52364],[5.4371,43.52376],[5.43619,43.52155],[5.43171,43.51716],[5.43742,43.51331],[5.44245,43.51195]]]},"properties":{"code_territoire":"iris130010306","libelle_territoire":"Beauvalle"}},
{"type":"Feature","geometry":{"type":"Polygon","coordinates":[[[5.46577,43.51267],[5.46353,43.51833],[5.45644,43.52259],[5.45528,43.52037],[5.46029,43.51745],[5.4614,43.51222],[5.46577,43.51267]]]},"properties":{"code_territoire":"iris130010307","libelle_territoire":"Saint-Jérôme Est"}},
{"type":"Feature","geometry":{"type":"Polygon","coordinates":[[[5.45644,43.52259],[5.46353,43.51833],[5.46539,43.51728],[5.46715,43.51871],[5.47126,43.5185],[5.47077,43.52273],[5.47333,43.52376],[5.46956,43.52441],[5.46467,43.53088],[5.45945,43.5278],[5.46043,43.52263],[5.45598,43.52308],[5.45644,43.52259]]]},"properties":{"code_territoire":"iris130010401","libelle_territoire":"La Torse"}},
{"type":"Feature","geometry":{"type":"Polygon","coordinates":[[[5.4682,43.53497],[5.46296,43.53374],[5.46264,43.53639],[5.45759,43.5362],[5.45549,43.53216],[5.45732,43.53034],[5.45904,43.53067],[5.45945,43.5278],[5.46467,43.53088],[5.4666,43.53365],[5.46938,43.53259],[5.4682,43.53497]]]},"properties":{"code_territoire":"iris130010402","libelle_territoire":"Pont de Béraud"}},
{"type":"Feature","geometry":{"type":"Polygon","coordinates":[[[5.45759,43.5362],[5.46264,43.53639],[5.46296,43.53374],[5.4682,43.53497],[5.47318,43.53621],[5.47352,43.53802],[5.46063,43.53845],[5.4595,43.54024],[5.45699,43.53897],[5.45759,43.5362]]]},"properties":{"code_territoire":"iris130010403","libelle_territoire":"Pinette"}},
{"type":"Feature","geometry":{"type":"Polygon","coordinates":[[[5.50629,43.53218],[5.50109,43.53165],[5.48768,43.53413],[5.48457,43.53309],[5.4792,43.53523],[5.48127,43.53776],[5.48284,43.5377],[5.48379,43.54102],[5.48972,43.54489],[5.48861,43.54742],[5.49022,43.55259],[5.49819,43.56055],[5.49859,43.56169],[5.49415,43.5637],[5.49398,43.56672],[5.48281,43.57235],[5.48319,43.56919],[5.48032,43.56849],[5.47322,43.56141],[5.46899,43.555],[5.46261,43.55126],[5.46057,43.54723],[5.46109,43.54409],[5.45699,43.53897],[5.4595,43.54024],[5.46063,43.53845],[5.47352,43.53802],[5.47318,43.53621],[5.4682,43.53497],[5.46938,43.53259],[5.4666,43.53365],[5.46467,43.53088],[5.46956,43.52441],[5.47333,43.52376],[5.47077,43.52273],[5.47126,43.5185],[5.47368,43.51717],[5.47553,43.51772],[5.47149,43.5131],[5.47217,43.51173],[5.47554,43.5108],[5.47947,43.51253],[5.48106,43.51563],[5.47988,43.51862],[5.47669,43.52045],[5.47794,43.52498],[5.48225,43.52716],[5.48397,43.52434],[5.48676,43.5237],[5.4975,43.5285],[5.50497,43.52907],[5.50629,43.53218]]]},"properties":{"code_territoire":"iris130010404","libelle_territoire":"Campagne Repentance"}},
{"type":"Feature","geometry":{"type":"Polygon","coordinates":[[[5.45272,43.5367],[5.453,43.53756],[5.44768,43.54045],[5.44629,43.5394],[5.44579,43.53472],[5.45131,43.53495],[5.45272,43.5367]]]},"properties":{"code_territoire":"iris130010501","libelle_territoire":"Beisson"}},
{"type":"Feature","geometry":{"type":"Polygon","coordinates":[[[5.44629,43.5394],[5.44768,43.54045],[5.453,43.53756],[5.45235,43.54344],[5.44788,43.54498],[5.44551,43.5474],[5.44629,43.5394]]]},"properties":{"code_territoire":"iris130010502","libelle_territoire":"Saint-Eutrope"}},
{"type":"Feature","geometry":{"type":"Polygon","coordinates":[[[5.43739,43.53218],[5.44481,43.53433],[5.44584,43.53359],[5.44568,43.53455],[5.44474,43.53667],[5.43774,43.53763],[5.43884,43.54024],[5.43333,43.53903],[5.43739,43.53218]]]},"properties":{"code_territoire":"iris130010503","libelle_territoire":"Rocher du Dragon-Verte Colline"}},
{"type":"Feature","geometry":{"type":"Polygon","coordinates":[[[5.45759,43.5362],[5.45699,43.53897],[5.46109,43.54409],[5.46057,43.54723],[5.46261,43.55126],[5.4598,43.55615],[5.44359,43.55497],[5.44551,43.5474],[5.44788,43.54498],[5.45235,43.54344],[5.453,43.53756],[5.45272,43.5367],[5.45759,43.5362]]]},"properties":{"code_territoire":"iris130010504","libelle_territoire":"Loubassanne"}},
{"type":"Feature","geometry":{"type":"Polygon","coordinates":[[[5.44579,43.53472],[5.44629,43.5394],[5.44551,43.5474],[5.44359,43.55497],[5.44366,43.55637],[5.43535,43.55293],[5.43367,43.55067],[5.43432,43.54742],[5.43662,43.54944],[5.43886,43.54889],[5.44474,43.53667],[5.44568,43.53455],[5.44579,43.53472]]]},"properties":{"code_territoire":"iris130010505","libelle_territoire":"Les Lauves"}},
{"type":"Feature","geometry":{"type":"Polygon","coordinates":[[[5.43333,43.53903],[5.43884,43.54024],[5.43774,43.53763],[5.44474,43.53667],[5.43886,43.54889],[5.43662,43.54944],[5.43432,43.54742],[5.43367,43.55067],[5.42829,43.54954],[5.42866,43.54711],[5.43282,43.53941],[5.43333,43.53903]]]},"properties":{"code_territoire":"iris130010506","libelle_territoire":"Brunet"}},
{"type":"Feature","geometry":{"type":"Polygon","coordinates":[[[5.43171,43.51716],[5.43619,43.52155],[5.4371,43.52376],[5.43522,43.52385],[5.4348,43.52071],[5.43168,43.51864],[5.42933,43.52138],[5.43081,43.52354],[5.4276,43.52415],[5.42689,43.52311],[5.42738,43.52174],[5.42846,43.5188],[5.43171,43.51716]]]},"properties":{"code_territoire":"iris130010601","libelle_territoire":"Encagnane 4"}},
{"type":"Feature","geometry":{"type":"Polygon","coordinates":[[[5.41292,43.69294],[5.4048,43.67873],[5.39614,43.67621],[5.39415,43.66891],[5.39836,43.66431],[5.39705,43.66299],[5.39917,43.66057],[5.39238,43.6497],[5.39847,43.64355],[5.39779,43.64055],[5.40538,43.63689],[5.40599,43.62788],[5.41135,43.6227],[5.41347,43.62357],[5.42256,43.61996],[5.42403,43.62269],[5.43159,43.62025],[5.44915,43.62295],[5.45177,43.61654],[5.45896,43.61797],[5.46379,43.6137],[5.47654,43.62352],[5.48061,43.62747],[5.48143,43.6308],[5.48456,43.63152],[5.48498,43.63502],[5.48124,43.63601],[5.48303,43.64133],[5.48243,43.64802],[5.47945,43.64879],[5.48566,43.6544],[5.48772,43.66757],[5.45065,43.67962],[5.43912,43.68113],[5.42393,43.68682],[5.41292,43.69294]]]},"properties":{"code_territoire":"iris130800000","libelle_territoire":"Le Puy-Sainte-Réparade (commune non irisée)"}},
{"type":"Feature","geometry":{"type":"Polygon","coordinates":[[[5.20265,43.49137],[5.20879,43.4934],[5.2177,43.49324],[5.2117,43.5014],[5.22102,43.50417],[5.22781,43.51312],[5.20648,43.52465],[5.20482,43.51461],[5.2035,43.51259],[5.20079,43.51281],[5.20019,43.50917],[5.19415,43.50354],[5.19568,43.49876],[5.20265,43.49137]]]},"properties":{"code_territoire":"iris130810101","libelle_territoire":"Brets-Barjaquets-Coussoul-Fouitades-Cabe"}},
{"type":"Feature","geometry":{"type":"Polygon","coordinates":[[[5.23093,43.47866],[5.23033,43.48615],[5.22256,43.48806],[5.22025,43.48984],[5.22208,43.49044],[5.22147,43.49289],[5.2177,43.49324],[5.20879,43.4934],[5.20265,43.49137],[5.20275,43.49116],[5.20777,43.49197],[5.2118,43.4891],[5.21837,43.48811],[5.21968,43.48465],[5.22401,43.48231],[5.22347,43.47914],[5.22641,43.48005],[5.22735,43.47883],[5.23093,43.47866]]]},"properties":{"code_territoire":"iris130810102","libelle_territoire":"Tête Noire-Bosquet-Bory"}},
{"type":"Feature","geometry":{"type":"Polygon","coordinates":[[[5.22781,43.51312],[5.22102,43.50417],[5.2117,43.5014],[5.2177,43.49324],[5.22147,43.49289],[5.22208,43.49044],[5.22025,43.48984],[5.22256,43.48806],[5.23033,43.48615],[5.23144,43.48592],[5.23125,43.49105],[5.23369,43.48969],[5.23366,43.49307],[5.231,43.49714],[5.23713,43.50275],[5.23921,43.50787],[5.22781,43.51312]]]},"properties":{"code_territoire":"iris130810103","libelle_territoire":"La Tuillière-Le Plan-Les Pugettes"}},
{"type":"Feature","geometry":{"type":"Polygon","coordinates":[[[5.2696,43.49555],[5.24842,43.50588],[5.23921,43.50787],[5.23713,43.50275],[5.231,43.49714],[5.23366,43.49307],[5.23369,43.48969],[5.24777,43.48347],[5.25021,43.48752],[5.25577,43.48896],[5.2583,43.48793],[5.25928,43.48393],[5.27165,43.48565],[5.2696,43.49555]]]},"properties":{"code_territoire":"iris130810104","libelle_territoire":"Fauconnières-Constansounes-Puits de la Fête"}},
{"type":"Feature","geometry":{"type":"Polygon","coordinates":[[[5.25928,43.48393],[5.2583,43.48793],[5.25577,43.48896],[5.25021,43.48752],[5.24777,43.48347],[5.23369,43.48969],[5.23125,43.49105],[5.23144,43.48592],[5.23033,43.48615],[5.23093,43.47866],[5.2316,43.47851],[5.23904,43.47729],[5.23967,43.47522],[5.24261,43.47465],[5.24339,43.47622],[5.24938,43.47451],[5.25928,43.48393]]]},"properties":{"code_territoire":"iris130810105","libelle_territoire":"Plantade-Ferrages-Vacon"}},
{"type":"Feature","geometry":{"type":"Polygon","coordinates":[[[5.43168,43.51864],[5.4348,43.52071],[5.43522,43.52385],[5.43334,43.52396],[5.43168,43.51864]]]},"properties":{"code_territoire":"iris130010602","libelle_territoire":"Encagnane 2"}},
{"type":"Feature","geometry":{"type":"Polygon","coordinates":[[[5.43081,43.52354],[5.42933,43.52138],[5.43168,43.51864],[5.43334,43.52396],[5.43081,43.52354]]]},"properties":{"code_territoire":"iris130010603","libelle_territoire":"Encagnane 3"}},
{"type":"Feature","geometry":{"type":"Polygon","coordinates":[[[5.43334,43.52396],[5.43522,43.52385],[5.43625,43.52664],[5.43155,43.52649],[5.4276,43.52415],[5.43081,43.52354],[5.43334,43.52396]]]},"properties":{"code_territoire":"iris130010604","libelle_territoire":"Encagnane 1"}},
{"type":"Feature","geometry":{"type":"Polygon","coordinates":[[[5.43282,43.53941],[5.42994,43.53278],[5.42959,43.53209],[5.43539,43.53028],[5.43647,43.52873],[5.43912,43.52908],[5.43739,43.53218],[5.43333,43.53903],[5.43282,43.53941]]]},"properties":{"code_territoire":"iris130010605","libelle_territoire":"Minimes"}},
{"type":"Feature","geometry":{"type":"Polygon","coordinates":[[[5.42772,43.52842],[5.4267,43.52502],[5.42689,43.52311],[5.4276,43.52415],[5.43155,43.52649],[5.43625,43.52664],[5.43647,43.52873],[5.43539,43.53028],[5.42959,43.53209],[5.42772,43.52842]]]},"properties":{"code_territoire":"iris130010606","libelle_territoire":"Corsy"}},
{"type":"Feature","geometry":{"type":"Polygon","coordinates":[[[5.417,43.5251],[5.4267,43.52502],[5.42772,43.52842],[5.42388,43.52878],[5.42387,43.53207],[5.41591,43.53243],[5.41562,43.53024],[5.4153,43.52724],[5.417,43.5251]]]},"properties":{"code_territoire":"iris130010701","libelle_territoire":"Jas 6"}},
{"type":"Feature","geometry":{"type":"Polygon","coordinates":[[[5.41135,43.6227],[5.40599,43.62788],[5.40538,43.63689],[5.39779,43.64055],[5.39847,43.64355],[5.39238,43.6497],[5.39917,43.66057],[5.39705,43.66299],[5.39836,43.66431],[5.39415,43.66891],[5.39614,43.67621],[5.39284,43.68005],[5.38542,43.68119],[5.38557,43.68367],[5.38233,43.68759],[5.37355,43.69237],[5.37086,43.69156],[5.37006,43.69581],[5.36786,43.69739],[5.36857,43.70048],[5.36529,43.70077],[5.36856,43.70464],[5.36794,43.70657],[5.36224,43.70881],[5.3555,43.7061],[5.3535,43.70657],[5.35062,43.70769],[5.3473,43.71288],[5.34141,43.70935],[5.34071,43.70649],[5.33854,43.70704],[5.33714,43.71007],[5.33239,43.70902],[5.33224,43.70993],[5.32135,43.70625],[5.31974,43.7029],[5.31574,43.7003],[5.31112,43.70123],[5.31108,43.69884],[5.30911,43.6977],[5.30986,43.6931],[5.29788,43.69064],[5.30273,43.68585],[5.30145,43.68556],[5.30421,43.67854],[5.30245,43.67351],[5.30763,43.65495],[5.30883,43.65235],[5.31114,43.65237],[5.31092,43.64893],[5.31337,43.64627],[5.31619,43.6464],[5.31748,43.63813],[5.32525,43.63412],[5.33206,43.63335],[5.33432,43.63147],[5.34917,43.62669],[5.36091,43.6244],[5.36529,43.62485],[5.3766,43.62598],[5.38988,43.62485],[5.39962,43.62171],[5.41135,43.6227]]]},"properties":{"code_territoire":"iris130820000","libelle_territoire":"Rognes (commune non irisée)"}},
{"type":"Feature","geometry":{"type":"Polygon","coordinates":[[[4.80108,43.87982],[4.81687,43.89013],[4.81572,43.89448],[4.8188,43.89546],[4.81482,43.90363],[4.81184,43.90358],[4.8106,43.91445],[4.77363,43.91973],[4.77079,43.9143],[4.77656,43.91498],[4.7814,43.91209],[4.79152,43.91269],[4.7929,43.91183],[4.78156,43.89112],[4.78611,43.89032],[4.78888,43.88523],[4.79897,43.88337],[4.7986,43.88005],[4.79964,43.87873],[4.80108,43.87982]]]},"properties":{"code_territoire":"iris130830000","libelle_territoire":"Rognonas (commune non irisée)"}},
{"type":"Feature","geometry":{"type":"Polygon","coordinates":[[[5.37092,43.70901],[5.33908,43.7202],[5.31663,43.73613],[5.27449,43.74156],[5.26424,43.74433],[5.26231,43.73072],[5.26719,43.72455],[5.26719,43.72023],[5.26871,43.71983],[5.27614,43.70564],[5.27517,43.69707],[5.27995,43.69415],[5.28445,43.69323],[5.28827,43.68944],[5.29103,43.68896],[5.29788,43.69064],[5.30986,43.6931],[5.30911,43.6977],[5.31108,43.69884],[5.31112,43.70123],[5.31574,43.7003],[5.31974,43.7029],[5.32135,43.70625],[5.33224,43.70993],[5.33239,43.70902],[5.33714,43.71007],[5.33854,43.70704],[5.34071,43.70649],[5.34141,43.70935],[5.3473,43.71288],[5.35062,43.70769],[5.3535,43.70657],[5.3555,43.7061],[5.36224,43.70881],[5.36794,43.70657],[5.37092,43.70901]]]},"properties":{"code_territoire":"iris130840000","libelle_territoire":"La Roque-d'Anthéron (commune non irisée)"}},
{"type":"Feature","geometry":{"type":"Polygon","coordinates":[[[5.68248,43.23542],[5.70242,43.2391],[5.70453,43.24163],[5.70128,43.24717],[5.68563,43.25348],[5.66778,43.25853],[5.66549,43.26019],[5.66737,43.26358],[5.66187,43.26561],[5.66101,43.26753],[5.65677,43.26706],[5.65357,43.26633],[5.64904,43.26607],[5.64544,43.26841],[5.6288,43.27027],[5.6154,43.27015],[5.60503,43.26821],[5.59818,43.26473],[5.59022,43.26475],[5.58665,43.26679],[5.57541,43.25693],[5.57909,43.2569],[5.57057,43.25439],[5.55815,43.24958],[5.55486,43.24861],[5.56153,43.24241],[5.56802,43.24021],[5.57073,43.24176],[5.57203,43.24109],[5.57701,43.23329],[5.58828,43.24014],[5.5943,43.23639],[5.59993,43.23844],[5.6194,43.24112],[5.62561,43.23998],[5.63033,43.24204],[5.64373,43.23901],[5.64672,43.23949],[5.65805,43.23611],[5.67174,43.23466],[5.68248,43.23542]]]},"properties":{"code_territoire":"iris130850000","libelle_territoire":"Roquefort-la-Bédoule (commune non irisée)"}},
{"type":"Feature","geometry":{"type":"Polygon","coordinates":[[[5.41546,43.52446],[5.41805,43.52042],[5.42676,43.51933],[5.42738,43.52174],[5.42689,43.52311],[5.4267,43.52502],[5.417,43.5251],[5.41546,43.52446]]]},"properties":{"code_territoire":"iris130010702","libelle_territoire":"Jas 1"}},
{"type":"Feature","geometry":{"type":"Polygon","coordinates":[[[5.41546,43.52446],[5.41341,43.52649],[5.41058,43.52728],[5.4118,43.52544],[5.41017,43.52282],[5.41805,43.52042],[5.41546,43.52446]]]},"properties":{"code_territoire":"iris130010703","libelle_territoire":"Jas 2"}},
{"type":"Feature","geometry":{"type":"Polygon","coordinates":[[[5.417,43.5251],[5.4153,43.52724],[5.41341,43.52649],[5.41546,43.52446],[5.417,43.5251]]]},"properties":{"code_territoire":"iris130010704","libelle_territoire":"Jas 3"}},
{"type":"Feature","geometry":{"type":"Polygon","coordinates":[[[5.4096,43.52998],[5.40942,43.52694],[5.41058,43.52728],[5.41341,43.52649],[5.4153,43.52724],[5.41562,43.53024],[5.41145,43.53035],[5.4096,43.52998]]]},"properties":{"code_territoire":"iris130010705","libelle_territoire":"Jas 4"}},
{"type":"Feature","geometry":{"type":"Polygon","coordinates":[[[5.41562,43.53024],[5.41591,43.53243],[5.41152,43.53462],[5.41145,43.53035],[5.41562,43.53024]]]},"properties":{"code_territoire":"iris130010706","libelle_territoire":"Jas 5"}},
{"type":"Feature","geometry":{"type":"Polygon","coordinates":[[[5.59735,43.35525],[5.59381,43.35448],[5.59428,43.35259],[5.5899,43.34911],[5.59086,43.34731],[5.5869,43.34678],[5.59401,43.34441],[5.59181,43.34142],[5.59793,43.34078],[5.59857,43.34733],[5.60027,43.34822],[5.60354,43.34712],[5.60745,43.35117],[5.60492,43.3514],[5.60513,43.35425],[5.60311,43.35385],[5.5996,43.35736],[5.59735,43.35525]]]},"properties":{"code_territoire":"iris130860101","libelle_territoire":"Roquevaire Centre et Abords"}},
{"type":"Feature","geometry":{"type":"Polygon","coordinates":[[[5.60004,43.36819],[5.5962,43.36664],[5.59434,43.36396],[5.59735,43.35525],[5.5996,43.35736],[5.60311,43.35385],[5.60513,43.35425],[5.60492,43.3514],[5.60745,43.35117],[5.60354,43.34712],[5.60027,43.34822],[5.59857,43.34733],[5.59793,43.34078],[5.60238,43.33983],[5.60298,43.34143],[5.60994,43.3374],[5.61359,43.33864],[5.61285,43.3368],[5.61662,43.33598],[5.61997,43.33976],[5.62363,43.33814],[5.62495,43.33942],[5.63324,43.3377],[5.63529,43.33893],[5.62935,43.3443],[5.62661,43.34902],[5.61299,43.36059],[5.61285,43.36271],[5.60969,43.36619],[5.60004,43.36819]]]},"properties":{"code_territoire":"iris130860102","libelle_territoire":"Roquevaire Est"}},
{"type":"Feature","geometry":{"type":"Polygon","coordinates":[[[5.63529,43.33893],[5.63324,43.3377],[5.62495,43.33942],[5.62363,43.33814],[5.61997,43.33976],[5.61662,43.33598],[5.61285,43.3368],[5.61359,43.33864],[5.60994,43.3374],[5.60298,43.34143],[5.60238,43.33983],[5.59984,43.33291],[5.59146,43.33501],[5.59139,43.33235],[5.58966,43.33228],[5.59201,43.32765],[5.5957,43.32628],[5.59888,43.32541],[5.60942,43.32379],[5.62083,43.32218],[5.63483,43.32777],[5.64679,43.3231],[5.64988,43.32719],[5.64619,43.32927],[5.64382,43.33604],[5.63857,43.33625],[5.63529,43.33893]]]},"properties":{"code_territoire":"iris130860103","libelle_territoire":"Pont de l'Étoile"}},
{"type":"Feature","geometry":{"type":"Polygon","coordinates":[[[5.33947,43.51942],[5.35144,43.52061],[5.37061,43.52225],[5.38414,43.52516],[5.39855,43.52533],[5.39643,43.52883],[5.39919,43.52854],[5.4004,43.53029],[5.40007,43.53358],[5.3977,43.5332],[5.39622,43.53749],[5.39653,43.53983],[5.39787,43.53975],[5.39822,43.54579],[5.40348,43.54598],[5.40834,43.54967],[5.41004,43.54748],[5.41282,43.54844],[5.41409,43.54692],[5.41555,43.54934],[5.4142,43.55149],[5.41741,43.55228],[5.41584,43.54972],[5.41927,43.54684],[5.42078,43.53851],[5.42994,43.53278],[5.43282,43.53941],[5.42866,43.54711],[5.41974,43.55562],[5.40341,43.5549],[5.39419,43.55988],[5.3837,43.56251],[5.37858,43.55851],[5.37711,43.55381],[5.37292,43.55381],[5.37815,43.54744],[5.3775,43.54445],[5.37494,43.54378],[5.37313,43.54136],[5.3712,43.53759],[5.36639,43.54083],[5.358,43.53996],[5.35856,43.53585],[5.35662,43.53533],[5.34909,43.53528],[5.3484,43.53633],[5.3462,43.53635],[5.34009,43.52633],[5.33947,43.51942]]]},"properties":{"code_territoire":"iris130010707","libelle_territoire":"Campagne Ouest"}},
{"type":"Feature","geometry":{"type":"Polygon","coordinates":[[[5.59201,43.32765],[5.58966,43.33228],[5.59139,43.33235],[5.59146,43.33501],[5.59984,43.33291],[5.60238,43.33983],[5.59793,43.34078],[5.59181,43.34142],[5.59401,43.34441],[5.5869,43.34678],[5.59086,43.34731],[5.5899,43.34911],[5.59428,43.35259],[5.59381,43.35448],[5.59735,43.35525],[5.59434,43.36396],[5.5962,43.36664],[5.60004,43.36819],[5.58741,43.36659],[5.58078,43.36205],[5.57247,43.36077],[5.5657,43.35666],[5.55842,43.35232],[5.5581,43.34611],[5.54771,43.34452],[5.54599,43.34479],[5.54845,43.33582],[5.55451,43.33633],[5.55961,43.334],[5.56498,43.33555],[5.56867,43.33457],[5.59201,43.32765]]]},"properties":{"code_territoire":"iris130860104","libelle_territoire":"Lascours"}},
{"type":"Feature","geometry":{"type":"Polygon","coordinates":[[[5.60092,43.50213],[5.60542,43.48642],[5.60278,43.48632],[5.60166,43.482],[5.59929,43.4815],[5.5945,43.4823],[5.5917,43.48119],[5.58351,43.48329],[5.58199,43.47937],[5.58366,43.47605],[5.58568,43.47455],[5.58559,43.47094],[5.58797,43.46951],[5.59353,43.46465],[5.59479,43.46453],[5.59556,43.4706],[5.61121,43.46352],[5.61573,43.46604],[5.61734,43.46995],[5.61946,43.47102],[5.62284,43.46809],[5.62823,43.46867],[5.6288,43.46608],[5.63119,43.46702],[5.64048,43.46605],[5.6419,43.46862],[5.64686,43.46966],[5.64773,43.46788],[5.6497,43.46862],[5.65232,43.46638],[5.65325,43.46355],[5.65795,43.47027],[5.65844,43.47908],[5.65434,43.49069],[5.63817,43.50434],[5.62819,43.51037],[5.61805,43.50503],[5.60092,43.50213]]]},"properties":{"code_territoire":"iris130870000","libelle_territoire":"Rousset (commune non irisée)"}},
{"type":"Feature","geometry":{"type":"Polygon","coordinates":[[[5.42959,43.53209],[5.42005,43.53736],[5.41183,43.53903],[5.40863,43.53558],[5.41152,43.53462],[5.41591,43.53243],[5.42387,43.53207],[5.42388,43.52878],[5.42772,43.52842],[5.42959,43.53209]]]},"properties":{"code_territoire":"iris130010709","libelle_territoire":"Extension Ouest Partie Est"}},
{"type":"Feature","geometry":{"type":"Polygon","coordinates":[[[5.39787,43.53975],[5.40717,43.54014],[5.41183,43.53903],[5.42005,43.53736],[5.42959,43.53209],[5.42994,43.53278],[5.42078,43.53851],[5.41927,43.54684],[5.41584,43.54972],[5.41741,43.55228],[5.4142,43.55149],[5.41555,43.54934],[5.41409,43.54692],[5.41282,43.54844],[5.41004,43.54748],[5.40834,43.54967],[5.40348,43.54598],[5.39822,43.54579],[5.39787,43.53975]]]},"properties":{"code_territoire":"iris130010710","libelle_territoire":"Extension Ouest Partie Nord"}},
{"type":"Feature","geometry":{"type":"Polygon","coordinates":[[[5.4096,43.52998],[5.41145,43.53035],[5.41152,43.53462],[5.40863,43.53558],[5.41183,43.53903],[5.40717,43.54014],[5.39787,43.53975],[5.39653,43.53983],[5.39622,43.53749],[5.3977,43.5332],[5.40007,43.53358],[5.4004,43.53029],[5.39919,43.52854],[5.39643,43.52883],[5.39855,43.52533],[5.4096,43.52998]]]},"properties":{"code_territoire":"iris130010711","libelle_territoire":"Extension Ouest Partie Ouest"}},
{"type":"Feature","geometry":{"type":"Polygon","coordinates":[[[5.46397,43.59878],[5.45471,43.59755],[5.45649,43.59052],[5.45454,43.58955],[5.4362,43.58755],[5.43914,43.57803],[5.43198,43.57713],[5.43535,43.55293],[5.44366,43.55637],[5.44359,43.55497],[5.4598,43.55615],[5.46261,43.55126],[5.46899,43.555],[5.47322,43.56141],[5.48032,43.56849],[5.48319,43.56919],[5.48281,43.57235],[5.4771,43.57215],[5.46609,43.57428],[5.46389,43.57686],[5.46691,43.57968],[5.464,43.58946],[5.46397,43.59878]]]},"properties":{"code_territoire":"iris130010801","libelle_territoire":"Sud-Est Plateau Puyricard"}},
{"type":"Feature","geometry":{"type":"Polygon","coordinates":[[[5.27878,43.38045],[5.27562,43.38889],[5.27136,43.39118],[5.25836,43.38964],[5.25857,43.39277],[5.25249,43.39297],[5.24507,43.38949],[5.24131,43.38587],[5.24117,43.38494],[5.22485,43.38152],[5.21409,43.38191],[5.21674,43.37627],[5.22815,43.36799],[5.2308,43.36128],[5.22748,43.35537],[5.23444,43.35248],[5.23701,43.34863],[5.23732,43.34414],[5.23358,43.34393],[5.23333,43.34239],[5.23712,43.33182],[5.24312,43.3315],[5.24471,43.33358],[5.25467,43.33812],[5.25928,43.33785],[5.25774,43.33935],[5.2601,43.33925],[5.26096,43.3422],[5.26568,43.34176],[5.26592,43.3434],[5.27126,43.34498],[5.28225,43.35372],[5.28319,43.35597],[5.27976,43.35982],[5.27813,43.36642],[5.27993,43.37073],[5.28544,43.37431],[5.27878,43.38045]]]},"properties":{"code_territoire":"iris130880000","libelle_territoire":"Le Rove (commune non irisée)"}},
{"type":"Feature","geometry":{"type":"Polygon","coordinates":[[[4.90855,43.81213],[4.92192,43.81313],[4.93972,43.81802],[4.97278,43.81989],[4.98996,43.82347],[4.99232,43.83881],[4.9848,43.83537],[4.97734,43.83484],[4.97565,43.84122],[4.97029,43.84537],[4.93431,43.84893],[4.93192,43.85336],[4.92559,43.85154],[4.93335,43.84453],[4.93158,43.84002],[4.92635,43.83797],[4.93116,43.82966],[4.91301,43.82376],[4.90724,43.82175],[4.90774,43.81828],[4.90855,43.81213]]]},"properties":{"code_territoire":"iris130890000","libelle_territoire":"Saint-Andiol (commune non irisée)"}},
{"type":"Feature","geometry":{"type":"Polygon","coordinates":[[[5.60092,43.50213],[5.61805,43.50503],[5.62819,43.51037],[5.6361,43.51464],[5.63797,43.52143],[5.63447,43.52347],[5.62263,43.52482],[5.61855,43.53165],[5.58922,43.52938],[5.57501,43.53179],[5.57042,43.53672],[5.56323,43.52397],[5.55677,43.52376],[5.55862,43.51698],[5.5562,43.51537],[5.55648,43.51111],[5.55849,43.50642],[5.56208,43.50428],[5.57004,43.5022],[5.60092,43.50213]]]},"properties":{"code_territoire":"iris130900000","libelle_territoire":"Saint-Antonin-sur-Bayon (commune non irisée)"}},
{"type":"Feature","geometry":{"type":"Polygon","coordinates":[[[5.37104,43.57424],[5.37459,43.57358],[5.37545,43.57659],[5.37916,43.57501],[5.38149,43.57714],[5.38351,43.57668],[5.38276,43.57781],[5.39349,43.57292],[5.40705,43.5771],[5.41041,43.57688],[5.40869,43.58289],[5.41021,43.5852],[5.41805,43.58823],[5.41767,43.59229],[5.41941,43.5927],[5.4206,43.5973],[5.42241,43.59388],[5.42464,43.59479],[5.42474,43.59332],[5.42801,43.59208],[5.43515,43.59264],[5.4362,43.58755],[5.45454,43.58955],[5.45649,43.59052],[5.45471,43.59755],[5.46397,43.59878],[5.46379,43.6137],[5.45896,43.61797],[5.45177,43.61654],[5.44915,43.62295],[5.43159,43.62025],[5.42403,43.62269],[5.42256,43.61996],[5.41347,43.62357],[5.41135,43.6227],[5.39962,43.62171],[5.38988,43.62485],[5.3766,43.62598],[5.36529,43.62485],[5.36742,43.61996],[5.35682,43.60279],[5.35155,43.60003],[5.34791,43.60098],[5.34149,43.59838],[5.33453,43.59277],[5.34256,43.59195],[5.34608,43.58958],[5.358,43.58893],[5.36317,43.58425],[5.3675,43.58378],[5.36337,43.58217],[5.36133,43.57936],[5.37104,43.57424]]]},"properties":{"code_territoire":"iris130010802","libelle_territoire":"Plateau Nord-Puyricard"}},
{"type":"Feature","geometry":{"type":"Polygon","coordinates":[[[5.36529,43.62485],[5.36091,43.6244],[5.34917,43.62669],[5.33432,43.63147],[5.33206,43.63335],[5.32525,43.63412],[5.31748,43.63813],[5.29863,43.64206],[5.29348,43.6419],[5.28147,43.63716],[5.27038,43.6304],[5.27125,43.62872],[5.26839,43.62562],[5.26941,43.6236],[5.26621,43.62153],[5.26428,43.614],[5.25892,43.61115],[5.25512,43.60499],[5.25421,43.59216],[5.28335,43.58897],[5.30044,43.59143],[5.3128,43.59091],[5.31909,43.59428],[5.32185,43.59426],[5.32291,43.59704],[5.33453,43.59277],[5.34149,43.59838],[5.34791,43.60098],[5.35155,43.60003],[5.35682,43.60279],[5.36742,43.61996],[5.36529,43.62485]]]},"properties":{"code_territoire":"iris130910000","libelle_territoire":"Saint-Cannat (commune non irisée)"}},
{"type":"Feature","geometry":{"type":"Polygon","coordinates":[[[5.03328,43.54238],[5.04052,43.54482],[5.04092,43.54799],[5.03756,43.55052],[5.03153,43.55034],[5.03143,43.54842],[5.03036,43.54724],[5.03328,43.54238]]]},"properties":{"code_territoire":"iris130920101","libelle_territoire":"Centre Ville"}},
{"type":"Feature","geometry":{"type":"Polygon","coordinates":[[[5.03143,43.54842],[5.03153,43.55034],[5.03756,43.55052],[5.04092,43.54799],[5.04052,43.54482],[5.04537,43.54402],[5.04834,43.545],[5.04586,43.54895],[5.04699,43.55094],[5.05722,43.55755],[5.06314,43.55731],[5.06266,43.55843],[5.05005,43.56137],[5.0454,43.5693],[5.0382,43.56809],[5.03833,43.56454],[5.03358,43.56175],[5.03314,43.55802],[5.03053,43.55816],[5.03,43.55669],[5.02711,43.55755],[5.02271,43.55663],[5.02626,43.5512],[5.02349,43.55028],[5.02541,43.54982],[5.02396,43.54928],[5.02917,43.54868],[5.03026,43.54734],[5.03143,43.54842]]]},"properties":{"code_territoire":"iris130920102","libelle_territoire":"Saint-Chamas Nord"}},
{"type":"Feature","geometry":{"type":"Polygon","coordinates":[[[5.10757,43.55509],[5.10342,43.55435],[5.10258,43.55697],[5.09005,43.5698],[5.08458,43.56511],[5.08569,43.56861],[5.08134,43.56893],[5.07661,43.55874],[5.0656,43.5574],[5.06497,43.55539],[5.06314,43.55731],[5.05722,43.55755],[5.04699,43.55094],[5.04586,43.54895],[5.04834,43.545],[5.04537,43.54402],[5.04052,43.54482],[5.03328,43.54238],[5.03106,43.53955],[5.04312,43.52804],[5.04584,43.52146],[5.04946,43.52185],[5.04817,43.52378],[5.05195,43.51986],[5.05378,43.5189],[5.04983,43.5221],[5.05049,43.52365],[5.0594,43.52805],[5.07368,43.52715],[5.07196,43.5257],[5.07925,43.52613],[5.07736,43.52662],[5.07976,43.52706],[5.08114,43.52644],[5.07956,43.52582],[5.084,43.52654],[5.09328,43.52508],[5.10622,43.52606],[5.11378,43.52313],[5.11719,43.52016],[5.11803,43.51326],[5.12188,43.51565],[5.12187,43.52295],[5.10757,43.55509]]]},"properties":{"code_territoire":"iris130920103","libelle_territoire":"Saint-Chamas Sud"}},
{"type":"Feature","geometry":{"type":"Polygon","coordinates":[[[5.43198,43.57713],[5.43914,43.57803],[5.4362,43.58755],[5.43515,43.59264],[5.42801,43.59208],[5.42474,43.59332],[5.42464,43.59479],[5.42241,43.59388],[5.4206,43.5973],[5.41941,43.5927],[5.41767,43.59229],[5.41805,43.58823],[5.41021,43.5852],[5.40869,43.58289],[5.41041,43.57688],[5.40935,43.57389],[5.41629,43.57261],[5.42248,43.57352],[5.43198,43.57713]]]},"properties":{"code_territoire":"iris130010803","libelle_territoire":"Puyricard Village"}},
{"type":"Feature","geometry":{"type":"Polygon","coordinates":[[[5.3837,43.56251],[5.39419,43.55988],[5.40341,43.5549],[5.41974,43.55562],[5.42866,43.54711],[5.42829,43.54954],[5.43367,43.55067],[5.43535,43.55293],[5.43198,43.57713],[5.42248,43.57352],[5.41629,43.57261],[5.40935,43.57389],[5.41041,43.57688],[5.40705,43.5771],[5.39349,43.57292],[5.38276,43.57781],[5.38351,43.57668],[5.38149,43.57714],[5.37916,43.57501],[5.37545,43.57659],[5.37459,43.57358],[5.37104,43.57424],[5.37112,43.57299],[5.37599,43.57176],[5.37756,43.56754],[5.38437,43.56342],[5.3837,43.56251]]]},"properties":{"code_territoire":"iris130010804","libelle_territoire":"Sud-Ouest Plateau Puyricard"}},
{"type":"Feature","geometry":{"type":"Polygon","coordinates":[[[5.45526,43.51195],[5.45422,43.51433],[5.45457,43.51206],[5.45066,43.51194],[5.44245,43.51195],[5.43742,43.51331],[5.43171,43.51716],[5.42846,43.5188],[5.42738,43.52174],[5.42676,43.51933],[5.42547,43.51522],[5.41954,43.51198],[5.41001,43.5117],[5.40848,43.50659],[5.40694,43.50624],[5.41328,43.50596],[5.42051,43.5082],[5.42821,43.50785],[5.43253,43.50963],[5.43331,43.50714],[5.43794,43.50601],[5.44263,43.5079],[5.44531,43.50337],[5.44916,43.50678],[5.45288,43.50735],[5.45526,43.51195]]]},"properties":{"code_territoire":"iris130010901","libelle_territoire":"Pont de l'Arc-La Parade"}},
{"type":"Feature","geometry":{"type":"Polygon","coordinates":[[[5.47217,43.51173],[5.47149,43.5131],[5.46577,43.51267],[5.4614,43.51222],[5.45526,43.51195],[5.45288,43.50735],[5.44916,43.50678],[5.44531,43.50337],[5.44263,43.5079],[5.43794,43.50601],[5.43331,43.50714],[5.43253,43.50963],[5.42821,43.50785],[5.42051,43.5082],[5.41328,43.50596],[5.40694,43.50624],[5.40089,43.50594],[5.39581,43.504],[5.39804,43.50378],[5.40299,43.49997],[5.40065,43.49299],[5.40109,43.48896],[5.3921,43.47529],[5.40384,43.47044],[5.40635,43.47058],[5.41142,43.47385],[5.40761,43.47483],[5.40859,43.48071],[5.40677,43.49876],[5.40929,43.49599],[5.40863,43.49831],[5.41092,43.49814],[5.41529,43.49414],[5.41767,43.49479],[5.42452,43.49349],[5.42478,43.48151],[5.42324,43.48015],[5.43322,43.47395],[5.43729,43.47143],[5.44185,43.4715],[5.44196,43.47285],[5.45215,43.47579],[5.45292,43.47759],[5.45569,43.47751],[5.46421,43.48681],[5.46909,43.48901],[5.47123,43.49179],[5.46546,43.49673],[5.4635,43.50177],[5.46619,43.50429],[5.46553,43.50667],[5.46942,43.5082],[5.46956,43.51187],[5.47217,43.51173]]]},"properties":{"code_territoire":"iris130010902","libelle_territoire":"Montaiguet"}},
{"type":"Feature","geometry":{"type":"Polygon","coordinates":[[[5.41292,43.69294],[5.39066,43.7016],[5.38276,43.70343],[5.37092,43.70901],[5.36794,43.70657],[5.36856,43.70464],[5.36529,43.70077],[5.36857,43.70048],[5.36786,43.69739],[5.37006,43.69581],[5.37086,43.69156],[5.37355,43.69237],[5.38233,43.68759],[5.38557,43.68367],[5.38542,43.68119],[5.39284,43.68005],[5.39614,43.67621],[5.4048,43.67873],[5.41292,43.69294]]]},"properties":{"code_territoire":"iris130930000","libelle_territoire":"Saint-Estève-Janson (commune non irisée)"}},
{"type":"Feature","geometry":{"type":"Polygon","coordinates":[[[4.76444,43.79862],[4.76283,43.80222],[4.76119,43.80191],[4.75807,43.80618],[4.75246,43.81663],[4.75089,43.81628],[4.75178,43.81686],[4.75012,43.81749],[4.74766,43.81553],[4.74473,43.81537],[4.74073,43.81757],[4.73317,43.81821],[4.73204,43.81983],[4.72974,43.81766],[4.71367,43.81721],[4.71175,43.79103],[4.7084,43.7894],[4.69738,43.77625],[4.70366,43.77405],[4.70565,43.77037],[4.70523,43.76643],[4.7093,43.76599],[4.70649,43.75887],[4.73353,43.75422],[4.7389,43.75824],[4.74271,43.7578],[4.75918,43.76137],[4.7703,43.76029],[4.77287,43.78238],[4.75906,43.78125],[4.75456,43.78997],[4.76763,43.79623],[4.76444,43.79862]]]},"properties":{"code_territoire":"iris130940000","libelle_territoire":"Saint-Étienne-du-Grès (commune non irisée)"}},
{"type":"Feature","geometry":{"type":"Polygon","coordinates":[[[5.56102,43.53869],[5.56124,43.5434],[5.551,43.54725],[5.55015,43.54972],[5.54697,43.55157],[5.54862,43.55302],[5.54755,43.55386],[5.54514,43.55384],[5.54013,43.55057],[5.54106,43.55176],[5.53473,43.55606],[5.54531,43.56018],[5.54543,43.56233],[5.55014,43.56158],[5.55613,43.56261],[5.55391,43.56901],[5.5585,43.57489],[5.55763,43.57961],[5.54855,43.5783],[5.54607,43.58163],[5.54257,43.58072],[5.53497,43.5814],[5.50627,43.57725],[5.50093,43.57172],[5.49522,43.56913],[5.49398,43.56672],[5.49415,43.5637],[5.49859,43.56169],[5.49819,43.56055],[5.49022,43.55259],[5.48861,43.54742],[5.48972,43.54489],[5.48379,43.54102],[5.48284,43.5377],[5.48127,43.53776],[5.4792,43.53523],[5.48457,43.53309],[5.48768,43.53413],[5.50109,43.53165],[5.50629,43.53218],[5.50486,43.53371],[5.50572,43.5355],[5.50994,43.53574],[5.51148,43.53738],[5.51451,43.53667],[5.52439,43.53884],[5.52535,43.53561],[5.52587,43.53803],[5.53143,43.53752],[5.53309,43.54028],[5.53523,43.54033],[5.54568,43.53415],[5.55018,43.53629],[5.55179,43.53909],[5.56102,43.53869]]]},"properties":{"code_territoire":"iris130950000","libelle_territoire":"Saint-Marc-Jaumegarde (commune non irisée)"}},
{"type":"Feature","geometry":{"type":"Polygon","coordinates":[[[4.4489,43.58345],[4.44252,43.58333],[4.43096,43.5858],[4.42473,43.58498],[4.40298,43.57319],[4.40479,43.57201],[4.41385,43.57287],[4.41655,43.57154],[4.41557,43.56638],[4.40878,43.56082],[4.40331,43.55925],[4.38771,43.56243],[4.38553,43.55652],[4.38092,43.5526],[4.36505,43.54715],[4.35071,43.54692],[4.34892,43.54259],[4.33431,43.53539],[4.33143,43.53576],[4.31665,43.54403],[4.3162,43.5479],[4.32305,43.55363],[4.31849,43.55728],[4.3139,43.55562],[4.31703,43.55358],[4.31703,43.55197],[4.31128,43.55128],[4.30772,43.54583],[4.31699,43.53382],[4.32469,43.52824],[4.31941,43.5252],[4.30953,43.52495],[4.2965,43.51472],[4.28838,43.51342],[4.2726,43.50811],[4.25922,43.50778],[4.23974,43.4992],[4.23797,43.49626],[4.23939,43.49347],[4.23042,43.47861],[4.23188,43.4751],[4.23022,43.4605],[4.2522,43.45973],[4.25636,43.45857],[4.26015,43.45933],[4.26127,43.45839],[4.26269,43.45937],[4.2637,43.45827],[4.26618,43.45896],[4.26615,43.45794],[4.2668,43.45901],[4.26865,43.4581],[4.2778,43.45859],[4.27849,43.45754],[4.28008,43.45835],[4.28619,43.45673],[4.28722,43.45817],[4.28834,43.45696],[4.28937,43.45815],[4.29824,43.45787],[4.29817,43.45678],[4.29905,43.45776],[4.30069,43.4567],[4.30098,43.45759],[4.30311,43.45664],[4.30547,43.45742],[4.30555,43.4565],[4.3112,43.45736],[4.31545,43.45622],[4.31575,43.45705],[4.31791,43.45617],[4.31849,43.45703],[4.34122,43.45631],[4.36642,43.45451],[4.36714,43.45316],[4.3677,43.45438],[4.36965,43.45318],[4.3708,43.45435],[4.38974,43.45223],[4.39588,43.4505],[4.40174,43.44645],[4.40195,43.44755],[4.40338,43.44687],[4.40836,43.44909],[4.41019,43.44791],[4.41226,43.44951],[4.4156,43.44816],[4.41629,43.44915],[4.42129,43.44854],[4.4216,43.44646],[4.42322,43.44584],[4.42168,43.44658],[4.42254,43.44968],[4.42573,43.45016],[4.42393,43.44942],[4.4225,43.4467],[4.42403,43.44929],[4.4282,43.44819],[4.42776,43.44942],[4.43124,43.45017],[4.43227,43.44875],[4.43234,43.45131],[4.43498,43.45218],[4.43535,43.45075],[4.4369,43.45115],[4.43557,43.45221],[4.43806,43.45298],[4.4373,43.45359],[4.43911,43.45429],[4.43935,43.45241],[4.44235,43.45524],[4.44524,43.45549],[4.44602,43.45426],[4.44471,43.4565],[4.44632,43.45438],[4.44577,43.4564],[4.45341,43.45814],[4.48624,43.45775],[4.52046,43.45456],[4.55019,43.44765],[4.56592,43.44113],[4.57543,43.43544],[4.5871,43.42284],[4.59107,43.41269],[4.5912,43.40672],[4.59708,43.40574],[4.62043,43.41739],[4.61871,43.42094],[4.61968,43.42818],[4.6158,43.43094],[4.61516,43.44303],[4.61554,43.44611],[4.6212,43.44793],[4.61987,43.45888],[4.62343,43.46078],[4.61977,43.46594],[4.62124,43.47087],[4.62401,43.47277],[4.64454,43.48532],[4.64167,43.49327],[4.64152,43.50114],[4.63528,43.50637],[4.63304,43.51457],[4.63365,43.51959],[4.64131,43.53027],[4.64292,43.53617],[4.63348,43.54194],[4.62602,43.55364],[4.62376,43.56033],[4.62487,43.56737],[4.62354,43.57374],[4.59722,43.56927],[4.5871,43.56615],[4.5778,43.56562],[4.56454,43.56772],[4.55814,43.57085],[4.54964,43.57275],[4.53246,43.57042],[4.51278,43.58024],[4.50383,43.58046],[4.50392,43.57298],[4.49757,43.56865],[4.49644,43.56441],[4.4887,43.55437],[4.47896,43.55765],[4.47738,43.55553],[4.46215,43.56258],[4.46069,43.56763],[4.4489,43.58345]]]},"properties":{"code_territoire":"iris130960000","libelle_territoire":"Saintes-Maries-de-la-Mer (commune non irisée)"}},
{"type":"Feature","geometry":{"type":"Polygon","coordinates":[[[5.43322,43.47395],[5.42324,43.48015],[5.42478,43.48151],[5.42452,43.49349],[5.41767,43.49479],[5.41529,43.49414],[5.41092,43.49814],[5.40863,43.49831],[5.40929,43.49599],[5.40677,43.49876],[5.40859,43.48071],[5.40761,43.47483],[5.41142,43.47385],[5.40635,43.47058],[5.41854,43.47075],[5.42157,43.47318],[5.42601,43.47149],[5.43322,43.47395]]]},"properties":{"code_territoire":"iris130010903","libelle_territoire":"Luynes Village"}},
{"type":"Feature","geometry":{"type":"Polygon","coordinates":[[[5.36995,43.51034],[5.37016,43.50581],[5.3725,43.50512],[5.37404,43.49892],[5.37933,43.50036],[5.38081,43.49845],[5.39423,43.50312],[5.38951,43.50394],[5.3888,43.50488],[5.39052,43.50525],[5.38812,43.50595],[5.38398,43.50471],[5.38537,43.50763],[5.3751,43.50953],[5.37511,43.50816],[5.36995,43.51034]]]},"properties":{"code_territoire":"iris130010905","libelle_territoire":"Les Milles Village"}},
{"type":"Feature","geometry":{"type":"Polygon","coordinates":[[[4.82344,43.67994],[4.80504,43.68019],[4.79968,43.67844],[4.79213,43.68118],[4.78455,43.68382],[4.77747,43.68403],[4.77758,43.68283],[4.77541,43.68315],[4.77162,43.67388],[4.77356,43.66771],[4.76842,43.66815],[4.76599,43.66004],[4.76647,43.65566],[4.78039,43.65495],[4.78647,43.65153],[4.78873,43.65562],[4.79207,43.6551],[4.79424,43.65823],[4.8,43.65931],[4.80248,43.6489],[4.80874,43.64213],[4.81524,43.64206],[4.81563,43.64069],[4.82352,43.64179],[4.82392,43.63827],[4.82557,43.638],[4.87106,43.63969],[4.95468,43.63995],[4.96883,43.6583],[4.97775,43.67045],[4.9826,43.6806],[4.97915,43.70714],[4.98188,43.71785],[4.97768,43.71758],[4.96468,43.72038],[4.96293,43.70865],[4.96445,43.7024],[4.9643,43.67226],[4.96671,43.65901],[4.93402,43.66997],[4.93043,43.68745],[4.9265,43.68672],[4.93283,43.67054],[4.92643,43.6719],[4.91522,43.67016],[4.89943,43.67103],[4.87678,43.67878],[4.86794,43.67792],[4.85012,43.67919],[4.8411,43.68163],[4.83117,43.67973],[4.82344,43.67994]]]},"properties":{"code_territoire":"iris130970101","libelle_territoire":"Les Bois"}},
{"type":"Feature","geometry":{"type":"Polygon","coordinates":[[[4.95468,43.63995],[4.87106,43.63969],[4.82557,43.638],[4.82949,43.63635],[4.82201,43.6329],[4.81477,43.63313],[4.81224,43.63296],[4.80419,43.6308],[4.80372,43.63235],[4.80043,43.63291],[4.79913,43.63721],[4.80572,43.63749],[4.79988,43.64307],[4.78647,43.65153],[4.78039,43.65495],[4.76647,43.65566],[4.76509,43.64094],[4.76693,43.63745],[4.7643,43.63468],[4.75583,43.63269],[4.75403,43.62851],[4.74885,43.62649],[4.75163,43.62178],[4.75185,43.61735],[4.7604,43.60833],[4.76135,43.59983],[4.76032,43.59384],[4.76155,43.59085],[4.76632,43.58294],[4.77226,43.5774],[4.77519,43.57513],[4.77943,43.57536],[4.79929,43.55912],[4.81575,43.54194],[4.87635,43.49445],[4.88187,43.49812],[4.91438,43.5086],[4.9282,43.51061],[4.90196,43.52785],[4.87978,43.54159],[4.88668,43.54723],[4.89013,43.55939],[4.88289,43.5764],[4.88522,43.58835],[4.89723,43.59977],[4.92017,43.61644],[4.93999,43.62054],[4.94484,43.62298],[4.95173,43.61234],[4.97823,43.61626],[4.9888,43.61809],[4.96877,43.6295],[4.9541,43.63906],[4.95468,43.63995]]]},"properties":{"code_territoire":"iris130970102","libelle_territoire":"La Crau"}},
{"type":"Feature","geometry":{"type":"Polygon","coordinates":[[[4.78647,43.65153],[4.79988,43.64307],[4.80572,43.63749],[4.79913,43.63721],[4.80043,43.63291],[4.80372,43.63235],[4.80419,43.6308],[4.81224,43.63296],[4.80868,43.63543],[4.81061,43.63834],[4.80874,43.64213],[4.80248,43.6489],[4.8,43.65931],[4.79424,43.65823],[4.79207,43.6551],[4.78873,43.65562],[4.78647,43.65153]]]},"properties":{"code_territoire":"iris130970103","libelle_territoire":"Caphan"}},
{"type":"Feature","geometry":{"type":"Polygon","coordinates":[[[5.40384,43.47044],[5.3921,43.47529],[5.40109,43.48896],[5.40065,43.49299],[5.40299,43.49997],[5.39804,43.50378],[5.39581,43.504],[5.39423,43.50312],[5.38081,43.49845],[5.35684,43.48567],[5.35621,43.48005],[5.35775,43.48114],[5.36011,43.48036],[5.36572,43.47277],[5.37315,43.47225],[5.37727,43.46969],[5.3794,43.46562],[5.38749,43.46193],[5.38851,43.4638],[5.39093,43.46335],[5.39518,43.46631],[5.39977,43.46593],[5.40384,43.47044]]]},"properties":{"code_territoire":"iris130010906","libelle_territoire":"Z.I. Les Milles"}},
{"type":"Feature","geometry":{"type":"Polygon","coordinates":[[[5.35621,43.48005],[5.35684,43.48567],[5.38081,43.49845],[5.37933,43.50036],[5.37404,43.49892],[5.3725,43.50512],[5.37016,43.50581],[5.36995,43.51034],[5.36678,43.51014],[5.36323,43.51303],[5.35509,43.50714],[5.34762,43.50591],[5.34973,43.50767],[5.35144,43.52061],[5.33947,43.51942],[5.33313,43.51953],[5.32471,43.51737],[5.3146,43.5179],[5.31281,43.5155],[5.30708,43.51436],[5.30366,43.51583],[5.30153,43.51871],[5.29653,43.51817],[5.29413,43.51953],[5.29275,43.51337],[5.28853,43.50907],[5.2862,43.50893],[5.28477,43.51043],[5.28131,43.50287],[5.27182,43.49814],[5.26979,43.49852],[5.2696,43.49555],[5.27165,43.48565],[5.27095,43.48285],[5.27299,43.48075],[5.27247,43.48242],[5.27415,43.48259],[5.27475,43.48107],[5.27526,43.48221],[5.27404,43.48532],[5.27946,43.48489],[5.28239,43.47871],[5.28611,43.47547],[5.28657,43.47773],[5.28911,43.47696],[5.28933,43.47397],[5.29032,43.46966],[5.28765,43.46924],[5.28666,43.46767],[5.28893,43.46803],[5.29059,43.4632],[5.29439,43.46095],[5.29517,43.46222],[5.2988,43.46295],[5.29924,43.46199],[5.29705,43.46139],[5.29915,43.46138],[5.29899,43.4592],[5.29678,43.45897],[5.29907,43.45841],[5.29752,43.4572],[5.29867,43.44872],[5.30101,43.44603],[5.30797,43.45119],[5.3244,43.45864],[5.32939,43.46179],[5.31984,43.47732],[5.32109,43.48002],[5.32003,43.4841],[5.32467,43.48561],[5.32573,43.48451],[5.33497,43.48892],[5.33946,43.48732],[5.34493,43.48227],[5.34893,43.48257],[5.35595,43.48],[5.35621,43.48005]]]},"properties":{"code_territoire":"iris130010907","libelle_territoire":"Arbois Partie Ouest"}},
{"type":"Feature","geometry":{"type":"Polygon","coordinates":[[[4.81477,43.63313],[4.81464,43.63842],[4.82392,43.63827],[4.82352,43.64179],[4.81563,43.64069],[4.81524,43.64206],[4.80874,43.64213],[4.81061,43.63834],[4.80868,43.63543],[4.81224,43.63296],[4.81477,43.63313]]]},"properties":{"code_territoire":"iris130970104","libelle_territoire":"Le Village"}},
{"type":"Feature","geometry":{"type":"Polygon","coordinates":[[[4.81477,43.63313],[4.82201,43.6329],[4.82949,43.63635],[4.82557,43.638],[4.82392,43.63827],[4.81464,43.63842],[4.81477,43.63313]]]},"properties":{"code_territoire":"iris130970105","libelle_territoire":"Le Lac"}},
{"type":"Feature","geometry":{"type":"Polygon","coordinates":[[[5.00695,43.45866],[5.01356,43.4508],[5.02235,43.44773],[5.02564,43.44827],[5.02432,43.44997],[5.02805,43.45196],[5.02503,43.45781],[5.02283,43.45906],[5.02205,43.46302],[5.01659,43.46771],[5.01365,43.46607],[5.01347,43.46303],[5.01219,43.46311],[5.01082,43.45952],[5.00907,43.45947],[5.01017,43.45854],[5.00695,43.45866]]]},"properties":{"code_territoire":"iris130980101","libelle_territoire":"Centre"}},
{"type":"Feature","geometry":{"type":"Polygon","coordinates":[[[5.02148,43.43288],[5.03722,43.43616],[5.04248,43.44209],[5.05434,43.44303],[5.05527,43.449],[5.05382,43.45896],[5.04881,43.46653],[5.03778,43.47073],[5.02826,43.46958],[5.02405,43.47067],[5.02039,43.46853],[5.0164,43.47046],[5.00631,43.4698],[5.00584,43.46838],[5.00335,43.46803],[5.00062,43.47043],[4.99907,43.46888],[4.98773,43.48014],[4.98451,43.47861],[4.98098,43.47423],[4.97589,43.47409],[4.98008,43.46316],[4.97881,43.45877],[4.97513,43.45559],[4.97554,43.45048],[4.98088,43.44525],[5.00427,43.44069],[5.01299,43.43751],[5.01818,43.43946],[5.02148,43.43288]],[[5.00695,43.45866],[5.01017,43.45854],[5.00907,43.45947],[5.01082,43.45952],[5.01219,43.46311],[5.01347,43.46303],[5.01365,43.46607],[5.01659,43.46771],[5.02205,43.46302],[5.02283,43.45906],[5.02503,43.45781],[5.02805,43.45196],[5.02432,43.44997],[5.02564,43.44827],[5.02235,43.44773],[5.01356,43.4508],[5.00695,43.45866]]]},"properties":{"code_territoire":"iris130980102","libelle_territoire":"Périphérie"}},
{"type":"Feature","geometry":{"type":"Polygon","coordinates":[[[5.40694,43.50624],[5.40848,43.50659],[5.41001,43.5117],[5.41954,43.51198],[5.42547,43.51522],[5.42676,43.51933],[5.41805,43.52042],[5.41017,43.52282],[5.4118,43.52544],[5.41058,43.52728],[5.40942,43.52694],[5.4096,43.52998],[5.39855,43.52533],[5.38414,43.52516],[5.37061,43.52225],[5.35144,43.52061],[5.34973,43.50767],[5.34762,43.50591],[5.35509,43.50714],[5.36323,43.51303],[5.36678,43.51014],[5.36995,43.51034],[5.37511,43.50816],[5.3751,43.50953],[5.38537,43.50763],[5.38398,43.50471],[5.38812,43.50595],[5.39052,43.50525],[5.3888,43.50488],[5.38951,43.50394],[5.39423,43.50312],[5.39581,43.504],[5.40089,43.50594],[5.40694,43.50624]]]},"properties":{"code_territoire":"iris130010908","libelle_territoire":"Arbois Partie Est"}},
{"type":"Feature","geometry":{"type":"Polygon","coordinates":[[[5.71899,43.64983],[5.72318,43.64964],[5.74461,43.65678],[5.76179,43.65857],[5.77043,43.66104],[5.79478,43.66096],[5.79953,43.65983],[5.79871,43.66207],[5.80186,43.66979],[5.80025,43.67327],[5.80304,43.67576],[5.80362,43.68013],[5.81343,43.68914],[5.80958,43.68997],[5.80569,43.69346],[5.79286,43.69255],[5.78827,43.69662],[5.78195,43.70629],[5.7872,43.71669],[5.77547,43.7188],[5.77668,43.72244],[5.75348,43.72462],[5.74823,43.71985],[5.73738,43.71641],[5.714,43.69127],[5.70633,43.69001],[5.68296,43.69286],[5.68264,43.69162],[5.69057,43.68403],[5.69287,43.68528],[5.69977,43.6829],[5.70302,43.67932],[5.70448,43.67475],[5.71989,43.65666],[5.71899,43.64983]]]},"properties":{"code_territoire":"iris130990000","libelle_territoire":"Saint-Paul-lès-Durance (commune non irisée)"}},
{"type":"Feature","geometry":{"type":"Polygon","coordinates":[[[4.82993,43.79311],[4.82108,43.79391],[4.82225,43.79085],[4.82688,43.79004],[4.82935,43.78589],[4.83752,43.78616],[4.83735,43.79244],[4.83044,43.79098],[4.82993,43.79311]]]},"properties":{"code_territoire":"iris131000101","libelle_territoire":"Centre Ville"}},
{"type":"Feature","geometry":{"type":"Polygon","coordinates":[[[4.82108,43.79391],[4.81619,43.79533],[4.81675,43.79142],[4.82236,43.78523],[4.82088,43.78103],[4.83327,43.77638],[4.83872,43.77684],[4.83886,43.77921],[4.8411,43.7788],[4.83987,43.78242],[4.84528,43.78186],[4.84545,43.78676],[4.84343,43.78779],[4.84049,43.78809],[4.84233,43.78873],[4.84234,43.79175],[4.83735,43.79244],[4.83752,43.78616],[4.82935,43.78589],[4.82688,43.79004],[4.82225,43.79085],[4.82108,43.79391]]]},"properties":{"code_territoire":"iris131000102","libelle_territoire":"Ceinture Centre Ville"}},
{"type":"Feature","geometry":{"type":"Polygon","coordinates":[[[4.82644,43.82213],[4.82154,43.81597],[4.82164,43.80767],[4.82699,43.80163],[4.82993,43.79311],[4.83044,43.79098],[4.83735,43.79244],[4.84234,43.79175],[4.84233,43.78873],[4.84049,43.78809],[4.84343,43.78779],[4.87047,43.78494],[4.87264,43.79087],[4.87622,43.79007],[4.87816,43.79172],[4.87815,43.79345],[4.86068,43.79499],[4.86105,43.7992],[4.85932,43.80056],[4.86263,43.80517],[4.8627,43.80934],[4.86931,43.81182],[4.87928,43.81878],[4.88051,43.82104],[4.86859,43.82985],[4.86693,43.82627],[4.84455,43.82276],[4.83941,43.82464],[4.83186,43.82466],[4.82644,43.82213]]]},"properties":{"code_territoire":"iris131000103","libelle_territoire":"Partie Nord-Est"}},
{"type":"Feature","geometry":{"type":"Polygon","coordinates":[[[5.48853,43.3846],[5.48334,43.38024],[5.48138,43.37623],[5.48485,43.37296],[5.48314,43.36587],[5.48777,43.35303],[5.48529,43.34498],[5.48244,43.34477],[5.48273,43.34004],[5.48486,43.33895],[5.48312,43.33665],[5.48903,43.33959],[5.49304,43.33949],[5.49656,43.33747],[5.50312,43.34046],[5.50892,43.33995],[5.50746,43.34399],[5.51402,43.34192],[5.5229,43.34546],[5.52556,43.34519],[5.53083,43.34842],[5.53399,43.34604],[5.53915,43.34552],[5.54317,43.34702],[5.54771,43.34452],[5.5581,43.34611],[5.55842,43.35232],[5.5657,43.35666],[5.56317,43.35845],[5.55744,43.38062],[5.55269,43.38483],[5.55417,43.38576],[5.54466,43.39076],[5.53117,43.38751],[5.51705,43.38665],[5.51497,43.38597],[5.51296,43.38251],[5.50443,43.38806],[5.48853,43.3846]]]},"properties":{"code_territoire":"iris130020101","libelle_territoire":"Logis Neuf Est"}},
{"type":"Feature","geometry":{"type":"Polygon","coordinates":[[[4.83248,43.75324],[4.85086,43.75314],[4.85495,43.74987],[4.85693,43.75],[4.85649,43.74425],[4.85856,43.74173],[4.86099,43.74178],[4.86536,43.73639],[4.86939,43.73466],[4.88337,43.73347],[4.88535,43.7344],[4.88757,43.73932],[4.89309,43.74056],[4.90795,43.7385],[4.9111,43.73938],[4.91728,43.7376],[4.91974,43.74238],[4.91826,43.75011],[4.92094,43.75298],[4.92285,43.75269],[4.92473,43.75689],[4.92278,43.76077],[4.9163,43.76545],[4.91764,43.76966],[4.9156,43.77729],[4.913,43.77979],[4.9133,43.78504],[4.92665,43.78528],[4.92355,43.79326],[4.9243,43.79924],[4.91519,43.80334],[4.90964,43.80296],[4.90855,43.81213],[4.90774,43.81828],[4.88051,43.82104],[4.87928,43.81878],[4.86931,43.81182],[4.8627,43.80934],[4.86263,43.80517],[4.85932,43.80056],[4.86105,43.7992],[4.86068,43.79499],[4.87815,43.79345],[4.87816,43.79172],[4.87622,43.79007],[4.87264,43.79087],[4.87047,43.78494],[4.84343,43.78779],[4.84545,43.78676],[4.84528,43.78186],[4.83987,43.78242],[4.8411,43.7788],[4.83886,43.77921],[4.83872,43.77684],[4.83327,43.77638],[4.82088,43.78103],[4.82236,43.78523],[4.81675,43.79142],[4.81619,43.79533],[4.82108,43.79391],[4.82993,43.79311],[4.82699,43.80163],[4.82164,43.80767],[4.82154,43.81597],[4.82644,43.82213],[4.82058,43.82364],[4.82058,43.82533],[4.81656,43.8257],[4.81632,43.82463],[4.81315,43.81715],[4.803,43.81047],[4.79526,43.80734],[4.7899,43.80856],[4.78272,43.80662],[4.77869,43.80419],[4.7709,43.80273],[4.76444,43.79862],[4.76763,43.79623],[4.77011,43.78631],[4.77287,43.78238],[4.7703,43.76029],[4.77981,43.76119],[4.78904,43.76847],[4.79289,43.76966],[4.79445,43.76823],[4.79814,43.76816],[4.80272,43.76312],[4.83248,43.75324]]]},"properties":{"code_territoire":"iris131000104","libelle_territoire":"Les Écarts"}},
{"type":"Feature","geometry":{"type":"Polygon","coordinates":[[[5.50443,43.38806],[5.53058,43.39808],[5.53518,43.40033],[5.53337,43.40166],[5.53725,43.40294],[5.54952,43.40319],[5.55043,43.406],[5.55594,43.40505],[5.55938,43.40757],[5.55605,43.41145],[5.54788,43.41547],[5.5333,43.41653],[5.52808,43.41684],[5.51834,43.40711],[5.51297,43.40616],[5.51423,43.402],[5.50719,43.39564],[5.50443,43.38806]]]},"properties":{"code_territoire":"iris131010000","libelle_territoire":"Saint-Savournin (commune non irisée)"}},
{"type":"Feature","geometry":{"type":"Polygon","coordinates":[[[5.47329,43.34727],[5.4754,43.34659],[5.48195,43.34854],[5.48244,43.34477],[5.48529,43.34498],[5.48777,43.35303],[5.48314,43.36587],[5.48485,43.37296],[5.48138,43.37623],[5.48334,43.38024],[5.48853,43.3846],[5.47984,43.38536],[5.48018,43.38373],[5.4769,43.38146],[5.47774,43.37804],[5.47258,43.36931],[5.47337,43.36512],[5.47188,43.36171],[5.4765,43.35192],[5.47659,43.35033],[5.47267,43.34944],[5.47329,43.34727]]]},"properties":{"code_territoire":"iris130020102","libelle_territoire":"Logis Neuf Ouest"}},
{"type":"Feature","geometry":{"type":"Polygon","coordinates":[[[5.47796,43.33506],[5.48039,43.33632],[5.48493,43.33373],[5.48682,43.33399],[5.48312,43.33665],[5.48486,43.33895],[5.48273,43.34004],[5.48244,43.34477],[5.48195,43.34854],[5.4754,43.34659],[5.47708,43.34422],[5.47674,43.33827],[5.47903,43.33759],[5.47721,43.33578],[5.47796,43.33506]]]},"properties":{"code_territoire":"iris130020103","libelle_territoire":"Allauch Centre-Pie d'Autry"}},
{"type":"Feature","geometry":{"type":"Polygon","coordinates":[[[5.45729,43.33615],[5.46519,43.33772],[5.46667,43.33439],[5.47512,43.33296],[5.4745,43.33452],[5.47721,43.33578],[5.47903,43.33759],[5.47674,43.33827],[5.47708,43.34422],[5.4754,43.34659],[5.47329,43.34727],[5.47452,43.34599],[5.47085,43.34526],[5.4701,43.34248],[5.46654,43.33968],[5.4659,43.34087],[5.46225,43.33986],[5.45729,43.33615]]]},"properties":{"code_territoire":"iris130020104","libelle_territoire":"La Tirane-La Tuilière"}},
{"type":"Feature","geometry":{"type":"Polygon","coordinates":[[[5.25307,43.41009],[5.23238,43.42177],[5.23187,43.42174],[5.22659,43.42018],[5.22735,43.41881],[5.22879,43.41639],[5.23186,43.41649],[5.23372,43.41182],[5.25307,43.41009]]]},"properties":{"code_territoire":"iris131020101","libelle_territoire":"La Filosette"}},
{"type":"Feature","geometry":{"type":"Polygon","coordinates":[[[5.25372,43.41022],[5.25104,43.4193],[5.26398,43.41629],[5.27434,43.41573],[5.27495,43.41888],[5.27351,43.41804],[5.2709,43.41647],[5.26424,43.41638],[5.25967,43.42048],[5.25075,43.42042],[5.24326,43.42218],[5.24208,43.4213],[5.23903,43.42307],[5.23238,43.42177],[5.25307,43.41009],[5.25372,43.41022]]]},"properties":{"code_territoire":"iris131020102","libelle_territoire":"La Cadière"}},
{"type":"Feature","geometry":{"type":"Polygon","coordinates":[[[5.2651,43.40106],[5.27265,43.40516],[5.27434,43.41573],[5.26398,43.41629],[5.25104,43.4193],[5.25372,43.41022],[5.26396,43.40201],[5.2651,43.40106]]]},"properties":{"code_territoire":"iris131020103","libelle_territoire":"Les Hameaux"}},
{"type":"Feature","geometry":{"type":"Polygon","coordinates":[[[5.09904,43.63804],[5.09917,43.64057],[5.09943,43.64221],[5.09593,43.64502],[5.094,43.64497],[5.09457,43.64178],[5.0906,43.6412],[5.09081,43.6393],[5.09529,43.63975],[5.09537,43.63732],[5.09904,43.63804]]]},"properties":{"code_territoire":"iris131030101","libelle_territoire":"Centre Ville-République"}},
{"type":"Feature","geometry":{"type":"Polygon","coordinates":[[[5.09304,43.64723],[5.09396,43.64514],[5.094,43.64497],[5.09593,43.64502],[5.09943,43.64221],[5.09917,43.64057],[5.10354,43.6414],[5.11021,43.6392],[5.11331,43.64071],[5.10867,43.64462],[5.10793,43.64758],[5.10545,43.64733],[5.10296,43.64633],[5.10203,43.64765],[5.09304,43.64723]]]},"properties":{"code_territoire":"iris131030102","libelle_territoire":"Pilon Blanc-Pavillon"}},
{"type":"Feature","geometry":{"type":"Polygon","coordinates":[[[5.09396,43.64514],[5.09304,43.64723],[5.09156,43.64975],[5.0908,43.65097],[5.0857,43.64917],[5.08509,43.65063],[5.08323,43.65068],[5.08649,43.64337],[5.08807,43.64369],[5.0876,43.6448],[5.09396,43.64514]]]},"properties":{"code_territoire":"iris131030103","libelle_territoire":"Blazots"}},
{"type":"Feature","geometry":{"type":"Polygon","coordinates":[[[5.09081,43.6393],[5.0906,43.6412],[5.09457,43.64178],[5.094,43.64497],[5.09396,43.64514],[5.0876,43.6448],[5.08807,43.64369],[5.08649,43.64337],[5.08763,43.64087],[5.08895,43.6391],[5.09081,43.6393]]]},"properties":{"code_territoire":"iris131030104","libelle_territoire":"Bressons"}},
{"type":"Feature","geometry":{"type":"Polygon","coordinates":[[[5.10203,43.64765],[5.10296,43.64633],[5.10545,43.64733],[5.10666,43.6507],[5.09987,43.65444],[5.10213,43.6572],[5.09758,43.65683],[5.09979,43.65335],[5.10462,43.65113],[5.10219,43.64775],[5.10203,43.64765]]]},"properties":{"code_territoire":"iris131030105","libelle_territoire":"Saint-Norbert-Talagard"}},
{"type":"Feature","geometry":{"type":"Polygon","coordinates":[[[5.10219,43.64775],[5.10462,43.65113],[5.09979,43.65335],[5.09992,43.65251],[5.10219,43.64775]]]},"properties":{"code_territoire":"iris131030106","libelle_territoire":"Canourgues"}},
{"type":"Feature","geometry":{"type":"Polygon","coordinates":[[[5.09751,43.65689],[5.09695,43.65513],[5.09098,43.65535],[5.08464,43.654],[5.08498,43.65282],[5.08219,43.65298],[5.08323,43.65068],[5.08509,43.65063],[5.0857,43.64917],[5.0908,43.65097],[5.09156,43.64975],[5.09838,43.6508],[5.09992,43.65251],[5.09979,43.65335],[5.09758,43.65683],[5.09751,43.65689]]]},"properties":{"code_territoire":"iris131030107","libelle_territoire":"Les Jardins-Le Touret Sud"}},
{"type":"Feature","geometry":{"type":"Polygon","coordinates":[[[5.46863,43.32124],[5.47074,43.32338],[5.47428,43.32398],[5.47576,43.3291],[5.4828,43.32776],[5.47796,43.33506],[5.47721,43.33578],[5.4745,43.33452],[5.47512,43.33296],[5.46667,43.33439],[5.46519,43.33772],[5.45729,43.33615],[5.45503,43.33571],[5.45704,43.33302],[5.46661,43.323],[5.46863,43.32124]]]},"properties":{"code_territoire":"iris130020105","libelle_territoire":"La Pounche-Les Aubagnens"}},
{"type":"Feature","geometry":{"type":"Polygon","coordinates":[[[5.54845,43.33582],[5.54599,43.34479],[5.54771,43.34452],[5.54317,43.34702],[5.53915,43.34552],[5.53399,43.34604],[5.53083,43.34842],[5.52556,43.34519],[5.5229,43.34546],[5.51402,43.34192],[5.50746,43.34399],[5.50892,43.33995],[5.50312,43.34046],[5.49656,43.33747],[5.49304,43.33949],[5.48903,43.33959],[5.48312,43.33665],[5.48682,43.33399],[5.48493,43.33373],[5.48039,43.33632],[5.47796,43.33506],[5.4828,43.32776],[5.47576,43.3291],[5.47428,43.32398],[5.47074,43.32338],[5.46863,43.32124],[5.47512,43.31468],[5.48169,43.31369],[5.48881,43.31524],[5.49784,43.31495],[5.50016,43.31527],[5.50182,43.31764],[5.50858,43.31837],[5.51363,43.32187],[5.52282,43.32078],[5.54062,43.33296],[5.54845,43.33582]]]},"properties":{"code_territoire":"iris130020106","libelle_territoire":"Golf-Embus-Enco de Botte-Bellons"}},
{"type":"Feature","geometry":{"type":"Polygon","coordinates":[[[5.12602,43.69054],[5.13749,43.69388],[5.15012,43.69013],[5.15649,43.69112],[5.16134,43.69522],[5.16787,43.69691],[5.17763,43.69711],[5.18084,43.6945],[5.19026,43.69545],[5.19491,43.69676],[5.19414,43.70147],[5.18161,43.71333],[5.17214,43.7157],[5.16864,43.71872],[5.14681,43.7259],[5.12529,43.72943],[5.12791,43.7257],[5.12494,43.72018],[5.12337,43.72021],[5.12363,43.71688],[5.1219,43.71662],[5.12277,43.71041],[5.1166,43.70826],[5.12115,43.70497],[5.1234,43.69941],[5.1217,43.69694],[5.12192,43.69161],[5.12602,43.69054]]]},"properties":{"code_territoire":"iris130030000","libelle_territoire":"Alleins (commune non irisée)"}},
{"type":"Feature","geometry":{"type":"Polygon","coordinates":[[[4.62305,43.67898],[4.61782,43.67605],[4.62159,43.67414],[4.62501,43.67513],[4.62305,43.67898]]]},"properties":{"code_territoire":"iris130040101","libelle_territoire":"Roquette"}},
{"type":"Feature","geometry":{"type":"Polygon","coordinates":[[[5.09992,43.65251],[5.09838,43.6508],[5.09156,43.64975],[5.09304,43.64723],[5.10203,43.64765],[5.10219,43.64775],[5.09992,43.65251]]]},"properties":{"code_territoire":"iris131030108","libelle_territoire":"Vert Bocage-Pont d'Avignon"}},
{"type":"Feature","geometry":{"type":"Polygon","coordinates":[[[5.07555,43.64048],[5.07616,43.63628],[5.07852,43.63462],[5.08277,43.63832],[5.08777,43.63873],[5.08763,43.64087],[5.08649,43.64337],[5.08323,43.65068],[5.07915,43.65019],[5.07976,43.64837],[5.07575,43.64765],[5.07555,43.64048]]]},"properties":{"code_territoire":"iris131030109","libelle_territoire":"Francou-Lauzard"}},
{"type":"Feature","geometry":{"type":"Polygon","coordinates":[[[5.08763,43.64087],[5.08777,43.63873],[5.08277,43.63832],[5.07852,43.63462],[5.07727,43.63317],[5.08156,43.62821],[5.09128,43.63273],[5.09275,43.63452],[5.10076,43.63243],[5.09904,43.63804],[5.09537,43.63732],[5.09529,43.63975],[5.09081,43.6393],[5.08895,43.6391],[5.08763,43.64087]]]},"properties":{"code_territoire":"iris131030110","libelle_territoire":"Aire de la Dime-Roy René"}},
{"type":"Feature","geometry":{"type":"Polygon","coordinates":[[[5.10076,43.63243],[5.09275,43.63452],[5.09128,43.63273],[5.09973,43.62875],[5.09857,43.62712],[5.10156,43.62477],[5.10698,43.62729],[5.10277,43.62904],[5.10388,43.63057],[5.10076,43.63243]]]},"properties":{"code_territoire":"iris131030111","libelle_territoire":"Gandonne-Monaque"}},
{"type":"Feature","geometry":{"type":"Polygon","coordinates":[[[5.10388,43.63057],[5.10683,43.6314],[5.10942,43.6343],[5.10707,43.63794],[5.11021,43.6392],[5.10354,43.6414],[5.09917,43.64057],[5.09904,43.63804],[5.10076,43.63243],[5.10388,43.63057]]]},"properties":{"code_territoire":"iris131030112","libelle_territoire":"Les Viougues Ouest"}},
{"type":"Feature","geometry":{"type":"Polygon","coordinates":[[[5.13192,43.62925],[5.10698,43.62729],[5.10156,43.62477],[5.09857,43.62712],[5.09973,43.62875],[5.09128,43.63273],[5.08156,43.62821],[5.07727,43.63317],[5.07852,43.63462],[5.07616,43.63628],[5.07555,43.64048],[5.06828,43.64046],[5.06162,43.62895],[5.08719,43.62465],[5.08661,43.61741],[5.09191,43.6116],[5.09295,43.60664],[5.09739,43.60291],[5.09527,43.60159],[5.09602,43.59885],[5.0998,43.60123],[5.1017,43.59799],[5.11357,43.60592],[5.11524,43.60291],[5.11858,43.60382],[5.12303,43.6057],[5.12295,43.60998],[5.13183,43.60994],[5.13012,43.61434],[5.13149,43.61583],[5.12937,43.61658],[5.12998,43.62211],[5.12747,43.62467],[5.12991,43.62624],[5.13387,43.62628],[5.13192,43.62925]]]},"properties":{"code_territoire":"iris131030113","libelle_territoire":"Gabins-Touloubre"}},
{"type":"Feature","geometry":{"type":"Polygon","coordinates":[[[5.13929,43.65395],[5.1439,43.65956],[5.14167,43.66557],[5.13272,43.66845],[5.12403,43.67684],[5.12186,43.67724],[5.11572,43.6851],[5.11305,43.68798],[5.10887,43.68372],[5.09389,43.68482],[5.09237,43.67297],[5.09751,43.65689],[5.09758,43.65683],[5.10213,43.6572],[5.09987,43.65444],[5.10666,43.6507],[5.10545,43.64733],[5.10793,43.64758],[5.10867,43.64462],[5.11331,43.64071],[5.11021,43.6392],[5.10707,43.63794],[5.10942,43.6343],[5.10683,43.6314],[5.10388,43.63057],[5.10277,43.62904],[5.10698,43.62729],[5.13192,43.62925],[5.13103,43.63399],[5.12868,43.63511],[5.12756,43.64133],[5.12936,43.64182],[5.12785,43.64436],[5.13443,43.64772],[5.13929,43.65395]]]},"properties":{"code_territoire":"iris131030114","libelle_territoire":"Les Viougues Est-Magatis"}},
{"type":"Feature","geometry":{"type":"Polygon","coordinates":[[[4.62305,43.67898],[4.62501,43.67513],[4.63238,43.67506],[4.6303,43.67595],[4.63026,43.67985],[4.62693,43.68048],[4.62305,43.67898]]]},"properties":{"code_territoire":"iris130040102","libelle_territoire":"Centre Ville"}},
{"type":"Feature","geometry":{"type":"Polygon","coordinates":[[[4.63276,43.68331],[4.63022,43.68345],[4.63045,43.68125],[4.62756,43.68152],[4.62693,43.68048],[4.63026,43.67985],[4.6303,43.67595],[4.63238,43.67506],[4.63767,43.67463],[4.63393,43.68084],[4.63286,43.68347],[4.63276,43.68331]]]},"properties":{"code_territoire":"iris130040103","libelle_territoire":"Émile Combes"}},
{"type":"Feature","geometry":{"type":"Polygon","coordinates":[[[4.62501,43.67513],[4.62159,43.67414],[4.62645,43.66889],[4.63088,43.66708],[4.6322,43.66824],[4.64003,43.66891],[4.64583,43.66742],[4.63767,43.67463],[4.63238,43.67506],[4.62501,43.67513]]]},"properties":{"code_territoire":"iris130040104","libelle_territoire":"Les Alyscamps"}},
{"type":"Feature","geometry":{"type":"Polygon","coordinates":[[[4.61679,43.66781],[4.61944,43.66809],[4.61993,43.66947],[4.61557,43.67063],[4.61363,43.66994],[4.61679,43.66781]]]},"properties":{"code_territoire":"iris130040105","libelle_territoire":"Peupliers-Gradins"}},
{"type":"Feature","geometry":{"type":"Polygon","coordinates":[[[4.61679,43.66781],[4.61363,43.66994],[4.61146,43.66684],[4.61438,43.66605],[4.61679,43.66781]]]},"properties":{"code_territoire":"iris130040106","libelle_territoire":"Barriol-Rosaux"}},
{"type":"Feature","geometry":{"type":"Polygon","coordinates":[[[4.64614,43.64224],[4.62975,43.64358],[4.6288,43.64593],[4.62547,43.64785],[4.62042,43.65864],[4.62232,43.6656],[4.62645,43.66889],[4.62159,43.67414],[4.61782,43.67605],[4.60764,43.66853],[4.60222,43.66384],[4.59873,43.65772],[4.59847,43.65076],[4.60085,43.64563],[4.60811,43.6372],[4.61378,43.63313],[4.63721,43.6266],[4.65387,43.61703],[4.65781,43.61079],[4.65825,43.59952],[4.66196,43.59015],[4.6741,43.57767],[4.67927,43.57462],[4.69029,43.58597],[4.68451,43.58998],[4.67119,43.60434],[4.6663,43.60901],[4.66532,43.61406],[4.67271,43.61633],[4.66545,43.63232],[4.66097,43.63579],[4.6502,43.64165],[4.64614,43.64224]],[[4.61363,43.66994],[4.61557,43.67063],[4.61993,43.66947],[4.61944,43.66809],[4.61679,43.66781],[4.61438,43.66605],[4.61146,43.66684],[4.61363,43.66994]]]},"properties":{"code_territoire":"iris130040107","libelle_territoire":"Semestres-Plan du Bourg"}},
{"type":"Feature","geometry":{"type":"Polygon","coordinates":[[[4.64583,43.66742],[4.64003,43.66891],[4.6322,43.66824],[4.63088,43.66708],[4.62645,43.66889],[4.62232,43.6656],[4.62042,43.65864],[4.62547,43.64785],[4.6288,43.64593],[4.62975,43.64358],[4.64614,43.64224],[4.6504,43.65774],[4.64693,43.66047],[4.64902,43.66284],[4.64752,43.66547],[4.64583,43.66742]]]},"properties":{"code_territoire":"iris130040108","libelle_territoire":"Fourchon-Zone Industrielle"}},
{"type":"Feature","geometry":{"type":"Polygon","coordinates":[[[5.06162,43.62895],[5.06828,43.64046],[5.07555,43.64048],[5.07575,43.64765],[5.07976,43.64837],[5.07915,43.65019],[5.08323,43.65068],[5.08219,43.65298],[5.08498,43.65282],[5.08464,43.654],[5.09098,43.65535],[5.09695,43.65513],[5.09751,43.65689],[5.09237,43.67297],[5.09389,43.68482],[5.08084,43.68542],[5.07293,43.68398],[5.06005,43.67492],[5.02051,43.65624],[4.99837,43.64798],[4.96883,43.6583],[4.95468,43.63995],[4.9541,43.63906],[4.96877,43.6295],[4.9888,43.61809],[5.00346,43.62282],[5.01196,43.62916],[5.01247,43.64294],[5.03929,43.63397],[5.06162,43.62895]]]},"properties":{"code_territoire":"iris131030115","libelle_territoire":"Salon Ouest"}},
{"type":"Feature","geometry":{"type":"Polygon","coordinates":[[[5.10295,43.36237],[5.10506,43.35608],[5.10096,43.34974],[5.1031,43.34835],[5.10312,43.34614],[5.0983,43.34355],[5.09445,43.34014],[5.09154,43.34001],[5.09234,43.3384],[5.08836,43.33301],[5.09258,43.33254],[5.09617,43.32978],[5.09508,43.32879],[5.09796,43.32832],[5.09967,43.32998],[5.10084,43.32904],[5.10697,43.32958],[5.10876,43.32824],[5.10684,43.33102],[5.10574,43.33416],[5.1082,43.33345],[5.11141,43.342],[5.12566,43.34361],[5.13648,43.33969],[5.13645,43.33977],[5.13461,43.34116],[5.13628,43.34384],[5.14329,43.34785],[5.13825,43.3498],[5.13955,43.35236],[5.13684,43.35443],[5.13898,43.35806],[5.13439,43.36079],[5.13646,43.36265],[5.13151,43.36622],[5.11109,43.36229],[5.10295,43.36237]]]},"properties":{"code_territoire":"iris131040101","libelle_territoire":"Le Grand Fossé-L'Escalette-Plan Capelan"}},
{"type":"Feature","geometry":{"type":"Polygon","coordinates":[[[5.12596,43.32946],[5.12449,43.33361],[5.1082,43.33345],[5.10574,43.33416],[5.10684,43.33102],[5.10933,43.33063],[5.10856,43.32893],[5.11611,43.3289],[5.11882,43.32763],[5.12329,43.32979],[5.12596,43.32946]]]},"properties":{"code_territoire":"iris131040102","libelle_territoire":"Le Village-L'Esperon"}},
{"type":"Feature","geometry":{"type":"Polygon","coordinates":[[[5.13648,43.33969],[5.12566,43.34361],[5.11141,43.342],[5.1082,43.33345],[5.12449,43.33361],[5.12596,43.32946],[5.12985,43.32806],[5.13531,43.32921],[5.1353,43.33359],[5.13738,43.33426],[5.13648,43.33969]]]},"properties":{"code_territoire":"iris131040103","libelle_territoire":"Le Brûlot-Valapoux"}},
{"type":"Feature","geometry":{"type":"Polygon","coordinates":[[[4.64075,43.67573],[4.64451,43.6733],[4.64346,43.67232],[4.64594,43.67223],[4.64529,43.67341],[4.64684,43.67377],[4.64437,43.67907],[4.6409,43.6773],[4.642,43.67614],[4.64075,43.67573]]]},"properties":{"code_territoire":"iris130040109","libelle_territoire":"Griffeuille"}},
{"type":"Feature","geometry":{"type":"Polygon","coordinates":[[[4.64336,43.6812],[4.63702,43.67965],[4.63393,43.68084],[4.63767,43.67463],[4.64583,43.66742],[4.64752,43.66547],[4.6503,43.66637],[4.65174,43.66931],[4.65906,43.67194],[4.66105,43.67447],[4.66215,43.67918],[4.65579,43.68119],[4.65645,43.68435],[4.64336,43.6812]],[[4.64075,43.67573],[4.642,43.67614],[4.6409,43.6773],[4.64437,43.67907],[4.64684,43.67377],[4.64529,43.67341],[4.64594,43.67223],[4.64346,43.67232],[4.64451,43.6733],[4.64075,43.67573]]]},"properties":{"code_territoire":"iris130040110","libelle_territoire":"Mouleyres"}},
{"type":"Feature","geometry":{"type":"Polygon","coordinates":[[[4.63393,43.68084],[4.63702,43.67965],[4.64336,43.6812],[4.64299,43.68448],[4.63399,43.68423],[4.63335,43.68534],[4.63286,43.68347],[4.63393,43.68084]]]},"properties":{"code_territoire":"iris130040111","libelle_territoire":"Montplaisir Sud"}},
{"type":"Feature","geometry":{"type":"Polygon","coordinates":[[[4.63286,43.68347],[4.63335,43.68534],[4.63399,43.68423],[4.64299,43.68448],[4.64336,43.6812],[4.65645,43.68435],[4.65865,43.69227],[4.65312,43.68956],[4.63373,43.6897],[4.63276,43.68331],[4.63286,43.68347]]]},"properties":{"code_territoire":"iris130040112","libelle_territoire":"Montplaisir Nord"}},
{"type":"Feature","geometry":{"type":"Polygon","coordinates":[[[4.63171,43.69364],[4.63244,43.69213],[4.63368,43.69346],[4.63591,43.6916],[4.63845,43.69199],[4.63957,43.6937],[4.63474,43.69351],[4.63524,43.69558],[4.63351,43.69565],[4.63351,43.69409],[4.63171,43.69364]]]},"properties":{"code_territoire":"iris130040113","libelle_territoire":"Trebon Coty-Soleiado"}},
{"type":"Feature","geometry":{"type":"Polygon","coordinates":[[[4.62732,43.6854],[4.62752,43.68371],[4.62756,43.68152],[4.63045,43.68125],[4.63022,43.68345],[4.63276,43.68331],[4.63373,43.6897],[4.65312,43.68956],[4.65865,43.69227],[4.66289,43.69249],[4.66689,43.69727],[4.66911,43.70752],[4.66651,43.70744],[4.66631,43.70859],[4.65969,43.70739],[4.65103,43.71209],[4.66568,43.72229],[4.67978,43.72858],[4.67433,43.734],[4.66906,43.73566],[4.66241,43.74032],[4.64021,43.74613],[4.64231,43.75027],[4.63955,43.76042],[4.63557,43.75998],[4.63286,43.75789],[4.6283,43.75788],[4.62369,43.74482],[4.61271,43.72702],[4.61216,43.72062],[4.61427,43.71065],[4.61905,43.70986],[4.62639,43.71118],[4.62656,43.70976],[4.6395,43.70891],[4.64275,43.71421],[4.65087,43.71148],[4.64707,43.70848],[4.64449,43.69828],[4.63577,43.69809],[4.63168,43.69478],[4.62616,43.69395],[4.62732,43.6854]],[[4.63171,43.69364],[4.63351,43.69409],[4.63351,43.69565],[4.63524,43.69558],[4.63474,43.69351],[4.63957,43.6937],[4.63845,43.69199],[4.63591,43.6916],[4.63368,43.69346],[4.63244,43.69213],[4.63171,43.69364]]]},"properties":{"code_territoire":"iris130040114","libelle_territoire":"Trébon"}},
{"type":"Feature","geometry":{"type":"Polygon","coordinates":[[[5.06318,43.72156],[5.06641,43.72239],[5.06976,43.73089],[5.08571,43.72577],[5.09738,43.72462],[5.10328,43.72171],[5.1082,43.71471],[5.1166,43.70826],[5.12277,43.71041],[5.1219,43.71662],[5.12363,43.71688],[5.12337,43.72021],[5.12494,43.72018],[5.12791,43.7257],[5.12529,43.72943],[5.12377,43.75883],[5.09075,43.77207],[5.06713,43.76365],[5.05993,43.76442],[5.05789,43.76784],[5.05252,43.76659],[5.04902,43.76544],[5.04974,43.7629],[5.03427,43.75423],[5.02982,43.75247],[5.02656,43.75344],[5.02319,43.75331],[5.01806,43.74992],[5.02028,43.75011],[5.02362,43.75289],[5.02634,43.75302],[5.03703,43.74749],[5.04548,43.74629],[5.05942,43.73025],[5.06318,43.72156]],[[5.06765,43.75171],[5.07159,43.75009],[5.07912,43.75105],[5.07935,43.74726],[5.08456,43.74896],[5.08403,43.74096],[5.08593,43.73948],[5.07913,43.73836],[5.08028,43.73356],[5.07847,43.73354],[5.06765,43.75171]]]},"properties":{"code_territoire":"iris131050101","libelle_territoire":"Campagne"}},
{"type":"Feature","geometry":{"type":"Polygon","coordinates":[[[5.06765,43.75171],[5.07847,43.73354],[5.08028,43.73356],[5.07913,43.73836],[5.08593,43.73948],[5.08403,43.74096],[5.08456,43.74896],[5.07935,43.74726],[5.07912,43.75105],[5.07159,43.75009],[5.06765,43.75171]]]},"properties":{"code_territoire":"iris131050102","libelle_territoire":"Agglomération"}},
{"type":"Feature","geometry":{"type":"Polygon","coordinates":[[[5.37928,43.41462],[5.37313,43.4122],[5.36893,43.40162],[5.36556,43.39962],[5.36568,43.39577],[5.36072,43.38864],[5.35895,43.38586],[5.36324,43.38722],[5.36849,43.38964],[5.37126,43.38931],[5.37464,43.38869],[5.37836,43.38491],[5.37684,43.3835],[5.37771,43.37959],[5.37452,43.3781],[5.37778,43.37657],[5.37809,43.37476],[5.37596,43.37223],[5.3733,43.37187],[5.37798,43.37022],[5.38057,43.36993],[5.38246,43.37138],[5.38541,43.37021],[5.38625,43.37179],[5.39156,43.37211],[5.39443,43.3742],[5.40098,43.3739],[5.40582,43.37669],[5.41153,43.37573],[5.41538,43.37874],[5.42465,43.38342],[5.42495,43.38444],[5.42043,43.38558],[5.41598,43.38906],[5.4076,43.39093],[5.40691,43.39574],[5.39632,43.40114],[5.39268,43.4164],[5.38575,43.41437],[5.37928,43.41462]]]},"properties":{"code_territoire":"iris131060101","libelle_territoire":"Fabregoules-Caillols-Rougière-Peyrards"}},
{"type":"Feature","geometry":{"type":"Polygon","coordinates":[[[5.36624,43.41057],[5.36809,43.40926],[5.36421,43.40719],[5.36388,43.40452],[5.36556,43.39962],[5.36893,43.40162],[5.37313,43.4122],[5.36624,43.41057]]]},"properties":{"code_territoire":"iris131060102","libelle_territoire":"Pré de l'Aube Centre"}},
{"type":"Feature","geometry":{"type":"Polygon","coordinates":[[[4.62616,43.69395],[4.63168,43.69478],[4.63577,43.69809],[4.64449,43.69828],[4.64707,43.70848],[4.65087,43.71148],[4.64275,43.71421],[4.6395,43.70891],[4.62656,43.70976],[4.62639,43.71118],[4.61905,43.70986],[4.61427,43.71065],[4.62616,43.69395]]]},"properties":{"code_territoire":"iris130040115","libelle_territoire":"Z.I. Nord"}},
{"type":"Feature","geometry":{"type":"Polygon","coordinates":[[[4.62693,43.68048],[4.62756,43.68152],[4.62752,43.68371],[4.61748,43.68369],[4.61937,43.68103],[4.61749,43.6787],[4.61414,43.67796],[4.61782,43.67605],[4.62305,43.67898],[4.62693,43.68048]]]},"properties":{"code_territoire":"iris130040116","libelle_territoire":"Trinquetaille Centre"}},
{"type":"Feature","geometry":{"type":"Polygon","coordinates":[[[4.59744,43.68654],[4.59644,43.68376],[4.59449,43.68365],[4.59545,43.68273],[4.59975,43.68161],[4.61247,43.68184],[4.61241,43.68365],[4.61748,43.68369],[4.62752,43.68371],[4.62732,43.6854],[4.61736,43.68876],[4.60389,43.68596],[4.59744,43.68654]]]},"properties":{"code_territoire":"iris130040117","libelle_territoire":"Trinquetaille Nord"}},
{"type":"Feature","geometry":{"type":"Polygon","coordinates":[[[4.60764,43.66853],[4.61782,43.67605],[4.61414,43.67796],[4.61749,43.6787],[4.61937,43.68103],[4.61748,43.68369],[4.61241,43.68365],[4.61247,43.68184],[4.59975,43.68161],[4.59545,43.68273],[4.59355,43.67951],[4.60228,43.67638],[4.60465,43.67351],[4.60648,43.67367],[4.6046,43.67086],[4.60764,43.66853]]]},"properties":{"code_territoire":"iris130040118","libelle_territoire":"Trinquetaille Sud"}},
{"type":"Feature","geometry":{"type":"Polygon","coordinates":[[[4.66689,43.69727],[4.66289,43.69249],[4.65865,43.69227],[4.65645,43.68435],[4.65579,43.68119],[4.66215,43.67918],[4.66105,43.67447],[4.65906,43.67194],[4.65174,43.66931],[4.6503,43.66637],[4.64752,43.66547],[4.64902,43.66284],[4.64693,43.66047],[4.6504,43.65774],[4.64614,43.64224],[4.6502,43.64165],[4.66097,43.63579],[4.66835,43.64145],[4.67116,43.64095],[4.67801,43.6545],[4.68274,43.65379],[4.69178,43.65522],[4.69024,43.66323],[4.70721,43.66327],[4.72419,43.66603],[4.71699,43.68838],[4.71683,43.69034],[4.71905,43.69115],[4.71483,43.69363],[4.71466,43.69825],[4.69625,43.70215],[4.69161,43.7007],[4.68947,43.69707],[4.68459,43.69497],[4.66957,43.69567],[4.66689,43.69727]]]},"properties":{"code_territoire":"iris130040119","libelle_territoire":"Pont de Crau"}},
{"type":"Feature","geometry":{"type":"Polygon","coordinates":[[[4.74885,43.62649],[4.74524,43.63719],[4.74154,43.63841],[4.74072,43.65167],[4.72855,43.65017],[4.72737,43.65752],[4.72226,43.65839],[4.72569,43.66227],[4.72419,43.66603],[4.70721,43.66327],[4.69024,43.66323],[4.69178,43.65522],[4.68274,43.65379],[4.67801,43.6545],[4.67116,43.64095],[4.66835,43.64145],[4.66097,43.63579],[4.66545,43.63232],[4.67271,43.61633],[4.66532,43.61406],[4.6663,43.60901],[4.67119,43.60434],[4.68489,43.61086],[4.70156,43.61269],[4.70749,43.61544],[4.71367,43.61604],[4.7271,43.58641],[4.73356,43.58604],[4.73561,43.58887],[4.74497,43.58831],[4.74558,43.5937],[4.76135,43.59983],[4.7604,43.60833],[4.75185,43.61735],[4.75163,43.62178],[4.74885,43.62649]]]},"properties":{"code_territoire":"iris130040120","libelle_territoire":"Raphèle"}},
{"type":"Feature","geometry":{"type":"Polygon","coordinates":[[[4.75852,43.69587],[4.75539,43.69421],[4.71466,43.69825],[4.71483,43.69363],[4.71905,43.69115],[4.71683,43.69034],[4.71699,43.68838],[4.72419,43.66603],[4.72569,43.66227],[4.72226,43.65839],[4.72737,43.65752],[4.72855,43.65017],[4.74072,43.65167],[4.74154,43.63841],[4.74524,43.63719],[4.74885,43.62649],[4.75403,43.62851],[4.75583,43.63269],[4.7643,43.63468],[4.76693,43.63745],[4.76509,43.64094],[4.76647,43.65566],[4.76599,43.66004],[4.76842,43.66815],[4.77356,43.66771],[4.77162,43.67388],[4.77541,43.68315],[4.77758,43.68283],[4.77747,43.68403],[4.76685,43.6884],[4.76651,43.69239],[4.75886,43.69201],[4.75852,43.69587]]]},"properties":{"code_territoire":"iris130040121","libelle_territoire":"Moulès"}},
{"type":"Feature","geometry":{"type":"Polygon","coordinates":[[[4.76135,43.59983],[4.74558,43.5937],[4.74497,43.58831],[4.73561,43.58887],[4.73356,43.58604],[4.7271,43.58641],[4.71367,43.61604],[4.70749,43.61544],[4.70156,43.61269],[4.68489,43.61086],[4.67119,43.60434],[4.68451,43.58998],[4.69029,43.58597],[4.67927,43.57462],[4.69478,43.56495],[4.7145,43.54869],[4.72517,43.53026],[4.7342,43.52096],[4.73704,43.51373],[4.73708,43.49938],[4.74031,43.49064],[4.74945,43.47603],[4.7501,43.46174],[4.75264,43.46144],[4.76447,43.47462],[4.77015,43.47742],[4.77956,43.47952],[4.7849,43.47907],[4.79212,43.47447],[4.79644,43.47799],[4.80486,43.47841],[4.80887,43.47222],[4.81462,43.46853],[4.82266,43.47419],[4.83832,43.46257],[4.85285,43.4656],[4.86601,43.47912],[4.87381,43.49266],[4.87635,43.49445],[4.81575,43.54194],[4.79929,43.55912],[4.77943,43.57536],[4.77519,43.57513],[4.77226,43.5774],[4.76632,43.58294],[4.76155,43.59085],[4.76032,43.59384],[4.76135,43.59983]]]},"properties":{"code_territoire":"iris130040122","libelle_territoire":"Mas Thibert"}},
{"type":"Feature","geometry":{"type":"Polygon","coordinates":[[[4.62354,43.57374],[4.62977,43.57426],[4.6357,43.57696],[4.64198,43.58885],[4.65061,43.58882],[4.65073,43.5901],[4.65438,43.5913],[4.65609,43.58939],[4.66196,43.59015],[4.65825,43.59952],[4.65781,43.61079],[4.65387,43.61703],[4.63721,43.6266],[4.61378,43.63313],[4.60811,43.6372],[4.60085,43.64563],[4.59847,43.65076],[4.59873,43.65772],[4.60222,43.66384],[4.60764,43.66853],[4.6046,43.67086],[4.60648,43.67367],[4.60465,43.67351],[4.60228,43.67638],[4.59355,43.67951],[4.59545,43.68273],[4.59449,43.68365],[4.59644,43.68376],[4.59744,43.68654],[4.58943,43.68947],[4.58043,43.69702],[4.55943,43.69907],[4.54045,43.70746],[4.53341,43.70682],[4.5251,43.70234],[4.49989,43.70205],[4.48556,43.69863],[4.47591,43.68548],[4.47865,43.67609],[4.47765,43.67284],[4.47279,43.67032],[4.45788,43.66804],[4.45146,43.66458],[4.43933,43.64671],[4.43473,43.63409],[4.42631,43.625],[4.42821,43.61969],[4.4399,43.61077],[4.45111,43.61071],[4.46449,43.61542],[4.46961,43.61412],[4.47467,43.60938],[4.47449,43.60447],[4.46694,43.59891],[4.46091,43.58951],[4.45443,43.58514],[4.4489,43.58345],[4.46069,43.56763],[4.46215,43.56258],[4.47738,43.55553],[4.47896,43.55765],[4.4887,43.55437],[4.49644,43.56441],[4.49757,43.56865],[4.50392,43.57298],[4.50383,43.58046],[4.51278,43.58024],[4.53246,43.57042],[4.54964,43.57275],[4.55814,43.57085],[4.56454,43.56772],[4.5778,43.56562],[4.5871,43.56615],[4.59722,43.56927],[4.62354,43.57374]]]},"properties":{"code_territoire":"iris130040123","libelle_territoire":"Camargue Nord"}},
{"type":"Feature","geometry":{"type":"Polygon","coordinates":[[[4.74582,43.45255],[4.73911,43.45708],[4.73739,43.45268],[4.7327,43.454],[4.72979,43.45681],[4.72235,43.45482],[4.71538,43.46325],[4.69587,43.45798],[4.68601,43.47934],[4.68863,43.48007],[4.68636,43.48439],[4.68199,43.48094],[4.6612,43.47564],[4.64835,43.47699],[4.64895,43.47311],[4.6422,43.46758],[4.62716,43.47059],[4.62401,43.47277],[4.62124,43.47087],[4.61977,43.46594],[4.62343,43.46078],[4.61987,43.45888],[4.6212,43.44793],[4.61554,43.44611],[4.61516,43.44303],[4.6158,43.43094],[4.61968,43.42818],[4.61871,43.42094],[4.62043,43.41739],[4.59708,43.40574],[4.5912,43.40672],[4.58996,43.40348],[4.58477,43.3986],[4.57059,43.39335],[4.57253,43.39282],[4.56756,43.39062],[4.57185,43.39471],[4.57014,43.39519],[4.57657,43.39699],[4.57212,43.39639],[4.56085,43.39236],[4.56002,43.39317],[4.56351,43.39399],[4.56341,43.39536],[4.55976,43.39436],[4.55432,43.38961],[4.55203,43.38511],[4.55509,43.37897],[4.56229,43.37274],[4.5828,43.36215],[4.59659,43.35779],[4.62568,43.35312],[4.62681,43.35146],[4.62712,43.35279],[4.63256,43.35193],[4.63247,43.35096],[4.63287,43.35188],[4.6457,43.35021],[4.64623,43.34925],[4.64766,43.35005],[4.65984,43.34546],[4.65908,43.34699],[4.66145,43.34826],[4.66024,43.34546],[4.66348,43.34724],[4.66575,43.34618],[4.66782,43.34748],[4.68044,43.3453],[4.68245,43.34684],[4.6855,43.34637],[4.68614,43.34777],[4.69044,43.3473],[4.69178,43.34866],[4.71404,43.3485],[4.72093,43.35134],[4.76881,43.34943],[4.79154,43.34605],[4.81059,43.34098],[4.82452,43.33538],[4.83544,43.32771],[4.83722,43.33087],[4.84156,43.33374],[4.83448,43.3434],[4.8341,43.36072],[4.8311,43.36862],[4.82256,43.37196],[4.79738,43.38701],[4.75346,43.40907],[4.74513,43.41992],[4.73538,43.42693],[4.73387,43.42952],[4.73436,43.43427],[4.74582,43.45255]]]},"properties":{"code_territoire":"iris130040124","libelle_territoire":"Salin de Giraud"}},
{"type":"Feature","geometry":{"type":"Polygon","coordinates":[[[5.35043,43.38284],[5.35101,43.39073],[5.35188,43.38885],[5.35216,43.39003],[5.36117,43.39108],[5.36072,43.38864],[5.36568,43.39577],[5.36556,43.39962],[5.36388,43.40452],[5.36421,43.40719],[5.36809,43.40926],[5.36624,43.41057],[5.36261,43.40862],[5.34784,43.4088],[5.34497,43.40582],[5.34571,43.4032],[5.34068,43.40283],[5.34461,43.39913],[5.34504,43.39184],[5.35039,43.3825],[5.35043,43.38284]]]},"properties":{"code_territoire":"iris131060103","libelle_territoire":"Castors-Bedoule"}},
{"type":"Feature","geometry":{"type":"Polygon","coordinates":[[[5.35895,43.38586],[5.36072,43.38864],[5.36117,43.39108],[5.35216,43.39003],[5.35188,43.38885],[5.35101,43.39073],[5.35043,43.38284],[5.35895,43.38586]]]},"properties":{"code_territoire":"iris131060104","libelle_territoire":"Notre-Dame"}},
{"type":"Feature","geometry":{"type":"Polygon","coordinates":[[[5.41826,43.42871],[5.43726,43.42762],[5.43672,43.43496],[5.44018,43.44446],[5.43354,43.44089],[5.41825,43.43577],[5.41623,43.43445],[5.41826,43.42871]]]},"properties":{"code_territoire":"iris131070101","libelle_territoire":"Gare"}},
{"type":"Feature","geometry":{"type":"Polygon","coordinates":[[[5.47534,43.39145],[5.47486,43.39768],[5.47689,43.3995],[5.47583,43.40432],[5.47913,43.40843],[5.47872,43.41042],[5.47692,43.41423],[5.46711,43.42024],[5.46694,43.42538],[5.46323,43.42834],[5.46433,43.43008],[5.45945,43.43362],[5.45102,43.43699],[5.44924,43.44333],[5.44657,43.44437],[5.4451,43.44748],[5.44018,43.44446],[5.43672,43.43496],[5.43726,43.42762],[5.41826,43.42871],[5.4195,43.4255],[5.4171,43.42551],[5.41641,43.42159],[5.41319,43.42099],[5.41063,43.42237],[5.39268,43.4164],[5.39632,43.40114],[5.40691,43.39574],[5.4076,43.39093],[5.41598,43.38906],[5.42043,43.38558],[5.42495,43.38444],[5.42465,43.38342],[5.42605,43.38339],[5.43583,43.38731],[5.4387,43.39091],[5.44751,43.38699],[5.45342,43.38797],[5.45697,43.38997],[5.46346,43.38728],[5.4679,43.39261],[5.46886,43.39054],[5.47534,43.39145]]]},"properties":{"code_territoire":"iris131070102","libelle_territoire":"Hameau"}},
{"type":"Feature","geometry":{"type":"Polygon","coordinates":[[[4.65526,43.8073],[4.656,43.8075],[4.65618,43.809],[4.6617,43.811],[4.66585,43.81067],[4.66716,43.81769],[4.66365,43.82199],[4.65779,43.82253],[4.65224,43.81614],[4.65526,43.8073]]]},"properties":{"code_territoire":"iris131080101","libelle_territoire":"Extention Nord"}},
{"type":"Feature","geometry":{"type":"Polygon","coordinates":[[[4.73418,43.85794],[4.72874,43.86589],[4.72098,43.86033],[4.72127,43.85244],[4.71078,43.85125],[4.6982,43.84538],[4.68676,43.84499],[4.68141,43.84766],[4.66811,43.84754],[4.66667,43.84723],[4.66572,43.84408],[4.64993,43.83917],[4.651,43.83833],[4.64554,43.83534],[4.64233,43.83106],[4.64447,43.82542],[4.64678,43.82551],[4.65224,43.81614],[4.65779,43.82253],[4.66365,43.82199],[4.66716,43.81769],[4.66585,43.81067],[4.66767,43.81103],[4.6695,43.80945],[4.6766,43.81045],[4.66793,43.80181],[4.67229,43.80052],[4.67652,43.80032],[4.67903,43.79934],[4.67749,43.79986],[4.678,43.79652],[4.68012,43.79324],[4.67567,43.79329],[4.67449,43.79493],[4.66937,43.7954],[4.66486,43.80054],[4.66182,43.7938],[4.66091,43.79543],[4.65676,43.79285],[4.65595,43.79488],[4.65348,43.79399],[4.65157,43.7825],[4.63423,43.76679],[4.6283,43.75788],[4.63286,43.75789],[4.63557,43.75998],[4.63955,43.76042],[4.64231,43.75027],[4.64021,43.74613],[4.66241,43.74032],[4.66906,43.73566],[4.67433,43.734],[4.67978,43.72858],[4.69568,43.7326],[4.7139,43.7328],[4.72166,43.74506],[4.73353,43.75422],[4.70649,43.75887],[4.7093,43.76599],[4.70523,43.76643],[4.70565,43.77037],[4.70366,43.77405],[4.69738,43.77625],[4.7084,43.7894],[4.71175,43.79103],[4.71367,43.81721],[4.72974,43.81766],[4.73204,43.81983],[4.74035,43.83282],[4.7421,43.83988],[4.74187,43.84394],[4.73672,43.84966],[4.73418,43.85794]]]},"properties":{"code_territoire":"iris131080102","libelle_territoire":"Campagne"}},
{"type":"Feature","geometry":{"type":"Polygon","coordinates":[[[4.7501,43.46174],[4.74945,43.47603],[4.74031,43.49064],[4.73708,43.49938],[4.73704,43.51373],[4.7342,43.52096],[4.72517,43.53026],[4.7145,43.54869],[4.69478,43.56495],[4.67927,43.57462],[4.6741,43.57767],[4.66196,43.59015],[4.65609,43.58939],[4.65438,43.5913],[4.65073,43.5901],[4.65061,43.58882],[4.64198,43.58885],[4.6357,43.57696],[4.62977,43.57426],[4.62354,43.57374],[4.62487,43.56737],[4.62376,43.56033],[4.62602,43.55364],[4.63348,43.54194],[4.64292,43.53617],[4.64131,43.53027],[4.63365,43.51959],[4.63304,43.51457],[4.63528,43.50637],[4.64152,43.50114],[4.64167,43.49327],[4.64454,43.48532],[4.62401,43.47277],[4.62716,43.47059],[4.6422,43.46758],[4.64895,43.47311],[4.64835,43.47699],[4.6612,43.47564],[4.68199,43.48094],[4.68636,43.48439],[4.68863,43.48007],[4.68601,43.47934],[4.69587,43.45798],[4.71538,43.46325],[4.72235,43.45482],[4.72979,43.45681],[4.7327,43.454],[4.73739,43.45268],[4.73911,43.45708],[4.74582,43.45255],[4.7501,43.46174]]]},"properties":{"code_territoire":"iris130040125","libelle_territoire":"Sambuc"}},
{"type":"Feature","geometry":{"type":"Polygon","coordinates":[[[5.57162,43.29245],[5.56759,43.29267],[5.56688,43.28941],[5.5708,43.28848],[5.57407,43.29079],[5.57162,43.29245]]]},"properties":{"code_territoire":"iris130050101","libelle_territoire":"Beaumond"}},
{"type":"Feature","geometry":{"type":"Polygon","coordinates":[[[5.56871,43.2966],[5.56424,43.29533],[5.56377,43.29407],[5.56759,43.29267],[5.57162,43.29245],[5.57376,43.2948],[5.57383,43.29732],[5.56871,43.2966]]]},"properties":{"code_territoire":"iris130050102","libelle_territoire":"Centre Ville"}},
{"type":"Feature","geometry":{"type":"Polygon","coordinates":[[[4.656,43.8075],[4.65905,43.80641],[4.66221,43.80811],[4.66265,43.80598],[4.66778,43.80648],[4.66486,43.80054],[4.66937,43.7954],[4.67449,43.79493],[4.67567,43.79329],[4.68012,43.79324],[4.678,43.79652],[4.67749,43.79986],[4.67903,43.79934],[4.67652,43.80032],[4.67229,43.80052],[4.66793,43.80181],[4.6766,43.81045],[4.6695,43.80945],[4.66767,43.81103],[4.66585,43.81067],[4.6617,43.811],[4.65618,43.809],[4.656,43.8075]]]},"properties":{"code_territoire":"iris131080103","libelle_territoire":"Zone Nord-Est Urbaine"}},
{"type":"Feature","geometry":{"type":"Polygon","coordinates":[[[4.65348,43.79399],[4.65595,43.79488],[4.65676,43.79285],[4.66091,43.79543],[4.66182,43.7938],[4.66486,43.80054],[4.66778,43.80648],[4.66265,43.80598],[4.66286,43.80376],[4.65497,43.8035],[4.65348,43.79399]]]},"properties":{"code_territoire":"iris131080104","libelle_territoire":"Centre Ville Sud et Quartier Marly"}},
{"type":"Feature","geometry":{"type":"Polygon","coordinates":[[[4.65497,43.8035],[4.66286,43.80376],[4.66265,43.80598],[4.66221,43.80811],[4.65905,43.80641],[4.656,43.8075],[4.65526,43.8073],[4.65497,43.8035]]]},"properties":{"code_territoire":"iris131080105","libelle_territoire":"Centre Ville Nord"}},
{"type":"Feature","geometry":{"type":"Polygon","coordinates":[[[5.47947,43.51253],[5.48595,43.51052],[5.4918,43.50641],[5.49597,43.50789],[5.50011,43.50722],[5.5039,43.51002],[5.50964,43.50816],[5.51018,43.50658],[5.51548,43.50707],[5.52672,43.50477],[5.53169,43.50548],[5.5342,43.51205],[5.52889,43.51437],[5.52722,43.52121],[5.53034,43.52156],[5.53259,43.52486],[5.5258,43.5282],[5.52804,43.53634],[5.52587,43.53803],[5.52535,43.53561],[5.52439,43.53884],[5.51451,43.53667],[5.51148,43.53738],[5.50994,43.53574],[5.50572,43.5355],[5.50486,43.53371],[5.50629,43.53218],[5.50497,43.52907],[5.4975,43.5285],[5.48676,43.5237],[5.48397,43.52434],[5.48225,43.52716],[5.47794,43.52498],[5.47669,43.52045],[5.47988,43.51862],[5.48106,43.51563],[5.47947,43.51253]]]},"properties":{"code_territoire":"iris131090000","libelle_territoire":"Le Tholonet (commune non irisée)"}},
{"type":"Feature","geometry":{"type":"Polygon","coordinates":[[[5.67364,43.4501],[5.68145,43.44773],[5.68043,43.44545],[5.68832,43.44495],[5.68947,43.44938],[5.68449,43.44946],[5.68416,43.45188],[5.6817,43.45188],[5.68166,43.45081],[5.67712,43.45136],[5.67336,43.45327],[5.67364,43.4501]]]},"properties":{"code_territoire":"iris131100101","libelle_territoire":"Village Ouest"}},
{"type":"Feature","geometry":{"type":"Polygon","coordinates":[[[5.68272,43.39912],[5.69652,43.40713],[5.7013,43.40806],[5.71486,43.40726],[5.72441,43.40888],[5.74997,43.40146],[5.75511,43.40235],[5.77711,43.40894],[5.78636,43.4139],[5.78839,43.42039],[5.78071,43.41961],[5.77575,43.42056],[5.77411,43.42254],[5.76743,43.42475],[5.76229,43.42963],[5.75077,43.43446],[5.74672,43.43783],[5.74903,43.44213],[5.74445,43.44343],[5.73252,43.45924],[5.73354,43.45997],[5.73018,43.46081],[5.73138,43.46282],[5.7278,43.46694],[5.71407,43.47462],[5.71537,43.47721],[5.70775,43.48],[5.70392,43.47938],[5.70375,43.4826],[5.69885,43.48221],[5.68168,43.48441],[5.65982,43.49135],[5.65434,43.49069],[5.65844,43.47908],[5.65795,43.47027],[5.65325,43.46355],[5.64843,43.4488],[5.65041,43.42107],[5.63908,43.40403],[5.6442,43.40056],[5.67032,43.40008],[5.67982,43.40194],[5.68272,43.39912]],[[5.68416,43.45188],[5.68467,43.45572],[5.69106,43.45234],[5.69952,43.45057],[5.7084,43.4531],[5.71159,43.44439],[5.70973,43.44269],[5.70857,43.44335],[5.70718,43.44089],[5.70096,43.44265],[5.69904,43.43813],[5.69,43.44202],[5.69049,43.43826],[5.68889,43.43704],[5.67962,43.441],[5.67843,43.43955],[5.67453,43.44535],[5.67364,43.4501],[5.67336,43.45327],[5.67712,43.45136],[5.68166,43.45081],[5.6817,43.45188],[5.68416,43.45188]]]},"properties":{"code_territoire":"iris131100102","libelle_territoire":"Extérieur"}},
{"type":"Feature","geometry":{"type":"Polygon","coordinates":[[[5.57407,43.29079],[5.58242,43.28759],[5.58617,43.29154],[5.58342,43.29584],[5.57901,43.29651],[5.57376,43.2948],[5.57162,43.29245],[5.57407,43.29079]]]},"properties":{"code_territoire":"iris130050201","libelle_territoire":"Passons"}},
{"type":"Feature","geometry":{"type":"Polygon","coordinates":[[[5.57734,43.28539],[5.58242,43.28759],[5.57407,43.29079],[5.5708,43.28848],[5.57734,43.28539]]]},"properties":{"code_territoire":"iris130050202","libelle_territoire":"Verdun"}},
{"type":"Feature","geometry":{"type":"Polygon","coordinates":[[[5.57383,43.29732],[5.5738,43.30313],[5.5732,43.30399],[5.56864,43.30274],[5.56596,43.30121],[5.56916,43.29862],[5.56856,43.29705],[5.56871,43.2966],[5.57383,43.29732]]]},"properties":{"code_territoire":"iris130050301","libelle_territoire":"Pin Vert"}},
{"type":"Feature","geometry":{"type":"Polygon","coordinates":[[[5.57203,43.28271],[5.57847,43.28022],[5.58389,43.2827],[5.58334,43.28361],[5.58705,43.28386],[5.58919,43.28827],[5.59273,43.28822],[5.59018,43.29168],[5.59081,43.29793],[5.58949,43.29792],[5.59049,43.30068],[5.5859,43.30032],[5.58606,43.30214],[5.58071,43.30174],[5.58026,43.29988],[5.57588,43.29815],[5.57712,43.30175],[5.5738,43.30313],[5.57383,43.29732],[5.57376,43.2948],[5.57901,43.29651],[5.58342,43.29584],[5.58617,43.29154],[5.58242,43.28759],[5.57734,43.28539],[5.57203,43.28271]]]},"properties":{"code_territoire":"iris130050302","libelle_territoire":"Ceinture Est"}},
{"type":"Feature","geometry":{"type":"Polygon","coordinates":[[[5.5708,43.28848],[5.56688,43.28941],[5.56465,43.28833],[5.56079,43.29046],[5.55807,43.28955],[5.55514,43.28591],[5.55762,43.28585],[5.55802,43.284],[5.55512,43.27995],[5.55862,43.27667],[5.57203,43.28271],[5.57734,43.28539],[5.5708,43.28848]]]},"properties":{"code_territoire":"iris130050401","libelle_territoire":"Gavots"}},
{"type":"Feature","geometry":{"type":"Polygon","coordinates":[[[5.69,43.44202],[5.68832,43.44495],[5.68043,43.44545],[5.68145,43.44773],[5.67364,43.4501],[5.67453,43.44535],[5.67843,43.43955],[5.67962,43.441],[5.68889,43.43704],[5.69049,43.43826],[5.69,43.44202]]]},"properties":{"code_territoire":"iris131100103","libelle_territoire":"Centre Ville-Périphérie"}},
{"type":"Feature","geometry":{"type":"Polygon","coordinates":[[[5.68832,43.44495],[5.69,43.44202],[5.69904,43.43813],[5.70096,43.44265],[5.70718,43.44089],[5.70857,43.44335],[5.70973,43.44269],[5.71159,43.44439],[5.7084,43.4531],[5.69952,43.45057],[5.69106,43.45234],[5.68467,43.45572],[5.68416,43.45188],[5.68449,43.44946],[5.68947,43.44938],[5.68832,43.44495]]]},"properties":{"code_territoire":"iris131100104","libelle_territoire":"Gardi-Stade"}},
{"type":"Feature","geometry":{"type":"Polygon","coordinates":[[[5.66926,43.56469],[5.65691,43.56416],[5.65562,43.56825],[5.6434,43.56996],[5.64302,43.57899],[5.63125,43.57972],[5.6295,43.58782],[5.62054,43.58744],[5.61409,43.59435],[5.60061,43.5913],[5.58765,43.59038],[5.56354,43.58136],[5.56078,43.57847],[5.55763,43.57961],[5.5585,43.57489],[5.55391,43.56901],[5.55613,43.56261],[5.55014,43.56158],[5.54543,43.56233],[5.54531,43.56018],[5.53473,43.55606],[5.54106,43.55176],[5.54013,43.55057],[5.54514,43.55384],[5.54755,43.55386],[5.54862,43.55302],[5.54697,43.55157],[5.55015,43.54972],[5.551,43.54725],[5.56124,43.5434],[5.56102,43.53869],[5.56694,43.53847],[5.57042,43.53672],[5.57501,43.53179],[5.58922,43.52938],[5.61855,43.53165],[5.61834,43.53311],[5.62266,43.53553],[5.63713,43.5369],[5.6445,43.5391],[5.66592,43.53874],[5.68872,43.5452],[5.69327,43.55055],[5.7067,43.55625],[5.69121,43.56353],[5.6853,43.56275],[5.66926,43.56469]]]},"properties":{"code_territoire":"iris131110000","libelle_territoire":"Vauvenargues (commune non irisée)"}},
{"type":"Feature","geometry":{"type":"Polygon","coordinates":[[[5.56856,43.29705],[5.56279,43.29891],[5.55392,43.28991],[5.55807,43.28955],[5.56079,43.29046],[5.56465,43.28833],[5.56688,43.28941],[5.56759,43.29267],[5.56377,43.29407],[5.56424,43.29533],[5.56871,43.2966],[5.56856,43.29705]]]},"properties":{"code_territoire":"iris130050402","libelle_territoire":"Bras d'Or"}},
{"type":"Feature","geometry":{"type":"Polygon","coordinates":[[[5.55392,43.28991],[5.56279,43.29891],[5.56856,43.29705],[5.56916,43.29862],[5.56596,43.30121],[5.56864,43.30274],[5.56561,43.3084],[5.56189,43.30539],[5.55843,43.30537],[5.55719,43.30403],[5.55264,43.29809],[5.5476,43.29869],[5.54763,43.29599],[5.5432,43.29611],[5.54477,43.28807],[5.5449,43.28766],[5.55392,43.28991]]]},"properties":{"code_territoire":"iris130050403","libelle_territoire":"Camp Major"}},
{"type":"Feature","geometry":{"type":"Polygon","coordinates":[[[5.54911,43.28308],[5.55512,43.27995],[5.55802,43.284],[5.55762,43.28585],[5.55514,43.28591],[5.54851,43.28464],[5.54911,43.28308]]]},"properties":{"code_territoire":"iris130050501","libelle_territoire":"Tourtelle Sud"}},
{"type":"Feature","geometry":{"type":"Polygon","coordinates":[[[5.5449,43.28766],[5.54601,43.28435],[5.54851,43.28464],[5.55514,43.28591],[5.55807,43.28955],[5.55392,43.28991],[5.5449,43.28766]]]},"properties":{"code_territoire":"iris130050502","libelle_territoire":"Tourtelle Nord"}},
{"type":"Feature","geometry":{"type":"Polygon","coordinates":[[[5.60898,43.28002],[5.59429,43.28436],[5.58705,43.28386],[5.58334,43.28361],[5.58389,43.2827],[5.57847,43.28022],[5.57203,43.28271],[5.55862,43.27667],[5.55512,43.27995],[5.54911,43.28308],[5.5475,43.28364],[5.54682,43.28223],[5.54912,43.28096],[5.55131,43.28051],[5.55253,43.27685],[5.55013,43.27414],[5.5482,43.27529],[5.54796,43.27842],[5.54231,43.28153],[5.53876,43.2802],[5.5391,43.27824],[5.53432,43.27663],[5.53129,43.27659],[5.53089,43.27902],[5.53065,43.27442],[5.5323,43.26843],[5.52145,43.26666],[5.517,43.26848],[5.51439,43.2677],[5.51316,43.26332],[5.51957,43.24431],[5.54737,43.24665],[5.54442,43.25462],[5.55691,43.25774],[5.56031,43.26007],[5.57065,43.26781],[5.58286,43.27135],[5.58665,43.26679],[5.59022,43.26475],[5.59818,43.26473],[5.60503,43.26821],[5.6154,43.27015],[5.61263,43.27714],[5.60942,43.27842],[5.60898,43.28002]]]},"properties":{"code_territoire":"iris130050601","libelle_territoire":"Longuillar"}},
{"type":"Feature","geometry":{"type":"Polygon","coordinates":[[[5.25717,43.53589],[5.25837,43.53887],[5.25115,43.54423],[5.24501,43.54523],[5.24048,43.54281],[5.23268,43.54243],[5.23402,43.53968],[5.23223,43.53742],[5.23898,43.53023],[5.25469,43.5337],[5.25717,43.53589]]]},"properties":{"code_territoire":"iris131120101","libelle_territoire":"La Bastide Bertin"}},
{"type":"Feature","geometry":{"type":"Polygon","coordinates":[[[5.25469,43.5337],[5.24417,43.52711],[5.25261,43.5229],[5.2521,43.52125],[5.25747,43.51954],[5.25839,43.52012],[5.25578,43.52298],[5.266,43.52522],[5.27297,43.529],[5.28218,43.52839],[5.26823,43.53514],[5.26387,43.53552],[5.25769,43.53389],[5.25717,43.53589],[5.25469,43.5337]]]},"properties":{"code_territoire":"iris131120102","libelle_territoire":"Noyau Villageois et Zone Urbaine"}},
{"type":"Feature","geometry":{"type":"Polygon","coordinates":[[[5.26479,43.53818],[5.2605,43.53605],[5.26091,43.53925],[5.25333,43.54393],[5.24243,43.5471],[5.23796,43.54376],[5.23473,43.54486],[5.23345,43.54736],[5.22872,43.54613],[5.22249,43.54734],[5.21878,43.54352],[5.21785,43.53891],[5.21506,43.53846],[5.21362,43.54055],[5.20848,43.54147],[5.20501,43.53759],[5.20122,43.53705],[5.20166,43.53513],[5.20046,43.53228],[5.19825,43.53222],[5.20648,43.52465],[5.22781,43.51312],[5.23921,43.50787],[5.24842,43.50588],[5.2696,43.49555],[5.26979,43.49852],[5.27182,43.49814],[5.28131,43.50287],[5.28477,43.51043],[5.2862,43.50893],[5.28853,43.50907],[5.29275,43.51337],[5.29413,43.51953],[5.29274,43.52489],[5.28999,43.52646],[5.28514,43.52682],[5.28159,43.53186],[5.27778,43.53176],[5.27832,43.53471],[5.27377,43.53742],[5.26479,43.53818]],[[5.25717,43.53589],[5.25769,43.53389],[5.26387,43.53552],[5.26823,43.53514],[5.28218,43.52839],[5.27297,43.529],[5.266,43.52522],[5.25578,43.52298],[5.25839,43.52012],[5.25747,43.51954],[5.2521,43.52125],[5.25261,43.5229],[5.24417,43.52711],[5.25469,43.5337],[5.23898,43.53023],[5.23223,43.53742],[5.23402,43.53968],[5.23268,43.54243],[5.24048,43.54281],[5.24501,43.54523],[5.25115,43.54423],[5.25837,43.53887],[5.25717,43.53589]]]},"properties":{"code_territoire":"iris131120103","libelle_territoire":"Écarts"}},
{"type":"Feature","geometry":{"type":"Polygon","coordinates":[[[5.53089,43.27902],[5.53129,43.27659],[5.53432,43.27663],[5.5391,43.27824],[5.53876,43.2802],[5.54231,43.28153],[5.54796,43.27842],[5.5482,43.27529],[5.55013,43.27414],[5.55253,43.27685],[5.54993,43.27767],[5.54831,43.27666],[5.54912,43.28096],[5.54682,43.28223],[5.5475,43.28364],[5.54911,43.28308],[5.54851,43.28464],[5.54601,43.28435],[5.53048,43.28274],[5.53089,43.27902]]]},"properties":{"code_territoire":"iris130050602","libelle_territoire":"Pérussone"}},
{"type":"Feature","geometry":{"type":"Polygon","coordinates":[[[5.55253,43.27685],[5.55131,43.28051],[5.54912,43.28096],[5.54831,43.27666],[5.54993,43.27767],[5.55253,43.27685]]]},"properties":{"code_territoire":"iris130050603","libelle_territoire":"Charrel"}},
{"type":"Feature","geometry":{"type":"Polygon","coordinates":[[[5.56867,43.33457],[5.5681,43.33132],[5.56236,43.32647],[5.56066,43.32694],[5.55732,43.3251],[5.56638,43.31528],[5.57236,43.31341],[5.5649,43.31393],[5.55842,43.30896],[5.55583,43.31064],[5.55357,43.31014],[5.55258,43.3083],[5.55719,43.30403],[5.55843,43.30537],[5.56189,43.30539],[5.56561,43.3084],[5.56864,43.30274],[5.5732,43.30399],[5.57303,43.30445],[5.5726,43.30581],[5.57625,43.30864],[5.57902,43.31453],[5.58328,43.31829],[5.58224,43.31946],[5.59014,43.32487],[5.5957,43.32628],[5.59201,43.32765],[5.56867,43.33457]]]},"properties":{"code_territoire":"iris130050701","libelle_territoire":"Arnaud Solans"}},
{"type":"Feature","geometry":{"type":"Polygon","coordinates":[[[5.53497,43.5814],[5.52256,43.59222],[5.5112,43.60713],[5.50801,43.60878],[5.48796,43.61287],[5.48582,43.60514],[5.48323,43.6048],[5.4816,43.6061],[5.47928,43.60248],[5.48154,43.60091],[5.48477,43.60111],[5.48522,43.59946],[5.48737,43.6008],[5.49356,43.59946],[5.48367,43.59324],[5.48177,43.59329],[5.47826,43.5902],[5.47381,43.5891],[5.464,43.58946],[5.46691,43.57968],[5.46389,43.57686],[5.46609,43.57428],[5.4771,43.57215],[5.48281,43.57235],[5.49398,43.56672],[5.49522,43.56913],[5.50093,43.57172],[5.50627,43.57725],[5.53497,43.5814]]]},"properties":{"code_territoire":"iris131130101","libelle_territoire":"Les Logissons"}},
{"type":"Feature","geometry":{"type":"Polygon","coordinates":[[[5.464,43.58946],[5.47381,43.5891],[5.47826,43.5902],[5.48177,43.59329],[5.47895,43.59375],[5.47873,43.59598],[5.47683,43.59596],[5.47928,43.60248],[5.4816,43.6061],[5.48323,43.6048],[5.48582,43.60514],[5.48796,43.61287],[5.4888,43.61616],[5.48685,43.61588],[5.47654,43.62352],[5.46379,43.6137],[5.46397,43.59878],[5.464,43.58946]]]},"properties":{"code_territoire":"iris131130102","libelle_territoire":"Les Faurys"}},
{"type":"Feature","geometry":{"type":"Polygon","coordinates":[[[5.47928,43.60248],[5.47683,43.59596],[5.47873,43.59598],[5.47895,43.59375],[5.48177,43.59329],[5.48367,43.59324],[5.49356,43.59946],[5.48737,43.6008],[5.48522,43.59946],[5.48477,43.60111],[5.48154,43.60091],[5.47928,43.60248]]]},"properties":{"code_territoire":"iris131130103","libelle_territoire":"Centre Urbain"}},
{"type":"Feature","geometry":{"type":"Polygon","coordinates":[[[5.3484,43.53633],[5.34442,43.53856],[5.34322,43.54273],[5.34457,43.55227],[5.3398,43.55165],[5.33853,43.55344],[5.33191,43.55219],[5.32532,43.55324],[5.32575,43.55738],[5.31241,43.55953],[5.30257,43.56742],[5.2954,43.56868],[5.27847,43.57487],[5.27099,43.56714],[5.27771,43.5659],[5.2793,43.5645],[5.28582,43.55079],[5.27878,43.5525],[5.27462,43.55062],[5.26943,43.55131],[5.264,43.54848],[5.26156,43.5462],[5.26056,43.54197],[5.26711,43.54019],[5.26479,43.53818],[5.27377,43.53742],[5.27832,43.53471],[5.27778,43.53176],[5.28159,43.53186],[5.28514,43.52682],[5.28999,43.52646],[5.29274,43.52489],[5.29413,43.51953],[5.29653,43.51817],[5.30153,43.51871],[5.30366,43.51583],[5.30708,43.51436],[5.31281,43.5155],[5.3146,43.5179],[5.32471,43.51737],[5.33313,43.51953],[5.33947,43.51942],[5.34009,43.52633],[5.3462,43.53635],[5.3484,43.53633]]]},"properties":{"code_territoire":"iris131140000","libelle_territoire":"Ventabren (commune non irisée)"}},
{"type":"Feature","geometry":{"type":"Polygon","coordinates":[[[5.52282,43.32078],[5.52132,43.31696],[5.52302,43.3142],[5.53073,43.31368],[5.52707,43.30891],[5.52836,43.30378],[5.53231,43.29876],[5.52833,43.29596],[5.5281,43.29386],[5.52476,43.2942],[5.52188,43.29232],[5.5184,43.28795],[5.5186,43.28693],[5.5225,43.28808],[5.53268,43.28698],[5.54477,43.28807],[5.5432,43.29611],[5.54763,43.29599],[5.5476,43.29869],[5.55264,43.29809],[5.55719,43.30403],[5.55258,43.3083],[5.55357,43.31014],[5.55583,43.31064],[5.55842,43.30896],[5.5649,43.31393],[5.57236,43.31341],[5.56638,43.31528],[5.55732,43.3251],[5.56066,43.32694],[5.56236,43.32647],[5.5681,43.33132],[5.56867,43.33457],[5.56498,43.33555],[5.55961,43.334],[5.55451,43.33633],[5.54845,43.33582],[5.54062,43.33296],[5.52282,43.32078]]]},"properties":{"code_territoire":"iris130050702","libelle_territoire":"Garlaban-Royante"}},
{"type":"Feature","geometry":{"type":"Polygon","coordinates":[[[5.53048,43.28274],[5.54601,43.28435],[5.5449,43.28766],[5.54477,43.28807],[5.53268,43.28698],[5.5225,43.28808],[5.5186,43.28693],[5.51887,43.28611],[5.52046,43.28689],[5.52033,43.28183],[5.53234,43.28533],[5.53022,43.28425],[5.53048,43.28274]]]},"properties":{"code_territoire":"iris130050703","libelle_territoire":"Saint-Mitre"}},
{"type":"Feature","geometry":{"type":"Polygon","coordinates":[[[5.60756,43.29761],[5.59081,43.29793],[5.59018,43.29168],[5.59273,43.28822],[5.58919,43.28827],[5.58705,43.28386],[5.59429,43.28436],[5.60898,43.28002],[5.60756,43.29761]]]},"properties":{"code_territoire":"iris130050704","libelle_territoire":"Paluds"}},
{"type":"Feature","geometry":{"type":"Polygon","coordinates":[[[5.59888,43.32541],[5.59142,43.31863],[5.59063,43.31623],[5.58824,43.31502],[5.58718,43.31607],[5.57303,43.30445],[5.5732,43.30399],[5.5738,43.30313],[5.57712,43.30175],[5.57588,43.29815],[5.58026,43.29988],[5.58071,43.30174],[5.58606,43.30214],[5.5859,43.30032],[5.59049,43.30068],[5.58949,43.29792],[5.59081,43.29793],[5.60756,43.29761],[5.60972,43.3075],[5.60931,43.31599],[5.61076,43.31723],[5.60942,43.32379],[5.59888,43.32541]]]},"properties":{"code_territoire":"iris130050705","libelle_territoire":"Baudinard"}},
{"type":"Feature","geometry":{"type":"Polygon","coordinates":[[[5.22649,43.70693],[5.21997,43.70577],[5.20889,43.6972],[5.19414,43.70147],[5.19491,43.69676],[5.19026,43.69545],[5.18084,43.6945],[5.17763,43.69711],[5.16787,43.69691],[5.16134,43.69522],[5.15649,43.69112],[5.15012,43.69013],[5.15158,43.68547],[5.15027,43.68187],[5.15338,43.67806],[5.16652,43.67302],[5.17587,43.67126],[5.18231,43.66124],[5.19219,43.66173],[5.19482,43.66687],[5.19822,43.66731],[5.19639,43.67015],[5.19821,43.66967],[5.20106,43.67273],[5.20506,43.67313],[5.20632,43.67555],[5.21943,43.67693],[5.22208,43.67837],[5.22324,43.68159],[5.22514,43.68213],[5.22409,43.68347],[5.21185,43.69093],[5.22854,43.7029],[5.22649,43.70693]]]},"properties":{"code_territoire":"iris131150000","libelle_territoire":"Vernègues (commune non irisée)"}},
{"type":"Feature","geometry":{"type":"Polygon","coordinates":[[[4.92559,43.85154],[4.91333,43.84879],[4.9093,43.84672],[4.90787,43.84765],[4.90494,43.84681],[4.90879,43.83895],[4.90638,43.83401],[4.91058,43.82944],[4.91301,43.82376],[4.93116,43.82966],[4.92635,43.83797],[4.93158,43.84002],[4.93335,43.84453],[4.92559,43.85154]]]},"properties":{"code_territoire":"iris131160000","libelle_territoire":"Verquières (commune non irisée)"}},
{"type":"Feature","geometry":{"type":"Polygon","coordinates":[[[5.2552,43.44745],[5.25613,43.44555],[5.26091,43.43799],[5.25985,43.43644],[5.25639,43.43789],[5.26546,43.43163],[5.26383,43.43553],[5.26794,43.43681],[5.26059,43.44365],[5.25549,43.45417],[5.25066,43.45553],[5.25119,43.45229],[5.2552,43.44745]]]},"properties":{"code_territoire":"iris131170101","libelle_territoire":"Avenue de Marseille-Liourat"}},
{"type":"Feature","geometry":{"type":"Polygon","coordinates":[[[5.25565,43.43929],[5.25171,43.44408],[5.24737,43.44732],[5.24661,43.44855],[5.24331,43.44715],[5.24943,43.44091],[5.25448,43.43896],[5.25565,43.43929]]]},"properties":{"code_territoire":"iris131170102","libelle_territoire":"Les Pommiers-Bosquet"}},
{"type":"Feature","geometry":{"type":"Polygon","coordinates":[[[5.25565,43.43929],[5.25801,43.4406],[5.25476,43.44488],[5.25171,43.44408],[5.25565,43.43929]]]},"properties":{"code_territoire":"iris131170103","libelle_territoire":"Les Pins"}},
{"type":"Feature","geometry":{"type":"Polygon","coordinates":[[[5.25476,43.44488],[5.25801,43.4406],[5.25565,43.43929],[5.25639,43.43789],[5.25985,43.43644],[5.26091,43.43799],[5.25613,43.44555],[5.25476,43.44488]]]},"properties":{"code_territoire":"iris131170104","libelle_territoire":"Liourat"}},
{"type":"Feature","geometry":{"type":"Polygon","coordinates":[[[5.24331,43.44715],[5.24661,43.44855],[5.24737,43.44732],[5.24856,43.44777],[5.24788,43.4502],[5.24542,43.45047],[5.24331,43.45419],[5.24042,43.45202],[5.24185,43.44857],[5.24331,43.44715]]]},"properties":{"code_territoire":"iris131170105","libelle_territoire":"La Plaine"}},
{"type":"Feature","geometry":{"type":"Polygon","coordinates":[[[5.25613,43.44555],[5.2552,43.44745],[5.25162,43.44646],[5.24856,43.44777],[5.24737,43.44732],[5.25171,43.44408],[5.25476,43.44488],[5.25613,43.44555]]]},"properties":{"code_territoire":"iris131170106","libelle_territoire":"Les Plantiers"}},
{"type":"Feature","geometry":{"type":"Polygon","coordinates":[[[5.25119,43.45229],[5.24788,43.4502],[5.24856,43.44777],[5.25162,43.44646],[5.2552,43.44745],[5.25119,43.45229]]]},"properties":{"code_territoire":"iris131170107","libelle_territoire":"Hermès"}},
{"type":"Feature","geometry":{"type":"Polygon","coordinates":[[[5.25066,43.45553],[5.24851,43.46014],[5.24282,43.45837],[5.24331,43.45419],[5.24542,43.45047],[5.24788,43.4502],[5.25119,43.45229],[5.25066,43.45553]]]},"properties":{"code_territoire":"iris131170108","libelle_territoire":"Le Village"}},
{"type":"Feature","geometry":{"type":"Polygon","coordinates":[[[5.5957,43.32628],[5.59014,43.32487],[5.58224,43.31946],[5.58328,43.31829],[5.57902,43.31453],[5.57625,43.30864],[5.5726,43.30581],[5.57303,43.30445],[5.58718,43.31607],[5.58824,43.31502],[5.59063,43.31623],[5.59142,43.31863],[5.59888,43.32541],[5.5957,43.32628]]]},"properties":{"code_territoire":"iris130050706","libelle_territoire":"Napollon"}},
{"type":"Feature","geometry":{"type":"Polygon","coordinates":[[[4.96468,43.72038],[4.95874,43.72129],[4.95348,43.72603],[4.95359,43.72832],[4.92863,43.73633],[4.91728,43.7376],[4.92254,43.73106],[4.92967,43.71197],[4.92223,43.6978],[4.9265,43.68672],[4.93043,43.68745],[4.93402,43.66997],[4.96671,43.65901],[4.9643,43.67226],[4.96445,43.7024],[4.96293,43.70865],[4.96468,43.72038]]]},"properties":{"code_territoire":"iris130060000","libelle_territoire":"Aureille (commune non irisée)"}},
{"type":"Feature","geometry":{"type":"Polygon","coordinates":[[[5.66914,43.31941],[5.68052,43.32055],[5.68533,43.32268],[5.68442,43.32662],[5.68969,43.32745],[5.69052,43.33118],[5.68639,43.3402],[5.69468,43.34524],[5.70485,43.35554],[5.69931,43.36166],[5.6948,43.36388],[5.69093,43.37866],[5.6787,43.37695],[5.66729,43.37228],[5.66976,43.36588],[5.67646,43.36583],[5.66078,43.34955],[5.66098,43.34496],[5.65307,43.34668],[5.65047,43.34552],[5.64921,43.35177],[5.64379,43.35671],[5.64578,43.35622],[5.64767,43.35772],[5.6446,43.36194],[5.65048,43.36626],[5.64817,43.36837],[5.64593,43.36778],[5.63992,43.36736],[5.6352,43.36914],[5.63106,43.36811],[5.62714,43.36889],[5.61543,43.36586],[5.61285,43.36271],[5.61299,43.36059],[5.62661,43.34902],[5.62935,43.3443],[5.63529,43.33893],[5.63857,43.33625],[5.64382,43.33604],[5.64619,43.32927],[5.64988,43.32719],[5.64679,43.3231],[5.65051,43.32364],[5.657,43.32052],[5.65907,43.31692],[5.66914,43.31941]]]},"properties":{"code_territoire":"iris130070103","libelle_territoire":"Sud"}},
{"type":"Feature","geometry":{"type":"Polygon","coordinates":[[[5.2316,43.47851],[5.23318,43.46848],[5.23426,43.47106],[5.23573,43.47096],[5.23683,43.46742],[5.23539,43.46443],[5.23384,43.4643],[5.2353,43.45495],[5.23706,43.4512],[5.24042,43.45202],[5.24331,43.45419],[5.24282,43.45837],[5.24382,43.46294],[5.23996,43.46561],[5.24088,43.46676],[5.24388,43.46605],[5.24451,43.47112],[5.24261,43.47465],[5.23967,43.47522],[5.23904,43.47729],[5.2316,43.47851]]]},"properties":{"code_territoire":"iris131170109","libelle_territoire":"Cadenières"}},
{"type":"Feature","geometry":{"type":"Polygon","coordinates":[[[5.24261,43.47465],[5.24451,43.47112],[5.24388,43.46605],[5.24088,43.46676],[5.23996,43.46561],[5.24382,43.46294],[5.24282,43.45837],[5.24851,43.46014],[5.25066,43.45553],[5.25549,43.45417],[5.25481,43.46135],[5.26771,43.46738],[5.27437,43.46774],[5.28281,43.47239],[5.28694,43.47243],[5.28933,43.47397],[5.28911,43.47696],[5.28657,43.47773],[5.28611,43.47547],[5.28239,43.47871],[5.27946,43.48489],[5.27404,43.48532],[5.27526,43.48221],[5.27475,43.48107],[5.27415,43.48259],[5.27247,43.48242],[5.27299,43.48075],[5.27095,43.48285],[5.27165,43.48565],[5.25928,43.48393],[5.24938,43.47451],[5.24339,43.47622],[5.24261,43.47465]]]},"properties":{"code_territoire":"iris131170110","libelle_territoire":"Le Grenadier"}},
{"type":"Feature","geometry":{"type":"Polygon","coordinates":[[[5.26183,43.42773],[5.2667,43.42763],[5.2689,43.42826],[5.26851,43.42993],[5.26931,43.42879],[5.27068,43.42942],[5.27367,43.43054],[5.26794,43.43681],[5.26383,43.43553],[5.26546,43.43163],[5.25639,43.43789],[5.25565,43.43929],[5.25448,43.43896],[5.25369,43.43598],[5.25988,43.42928],[5.25795,43.42775],[5.26183,43.42773]]]},"properties":{"code_territoire":"iris131170111","libelle_territoire":"La Bastide Blanche-Le Griffon"}},
{"type":"Feature","geometry":{"type":"Polygon","coordinates":[[[5.28933,43.47397],[5.28694,43.47243],[5.28281,43.47239],[5.27437,43.46774],[5.26771,43.46738],[5.25481,43.46135],[5.25549,43.45417],[5.26059,43.44365],[5.26794,43.43681],[5.27367,43.43054],[5.28527,43.4384],[5.28644,43.43888],[5.28533,43.4407],[5.28848,43.44156],[5.28954,43.44072],[5.29081,43.44207],[5.29089,43.44049],[5.29394,43.44344],[5.30026,43.44538],[5.29867,43.44872],[5.29752,43.4572],[5.29907,43.45841],[5.29678,43.45897],[5.29899,43.4592],[5.29915,43.46138],[5.29705,43.46139],[5.29924,43.46199],[5.2988,43.46295],[5.29517,43.46222],[5.29439,43.46095],[5.29059,43.4632],[5.28893,43.46803],[5.28666,43.46767],[5.28765,43.46924],[5.29032,43.46966],[5.28933,43.47397]]]},"properties":{"code_territoire":"iris131170112","libelle_territoire":"Les Plateaux Collet Rouge Montvallon"}},
{"type":"Feature","geometry":{"type":"Polygon","coordinates":[[[5.27937,43.42599],[5.28117,43.4278],[5.28433,43.4252],[5.28678,43.42876],[5.28425,43.43096],[5.28527,43.4384],[5.27367,43.43054],[5.27068,43.42942],[5.27843,43.42588],[5.27937,43.42599]]]},"properties":{"code_territoire":"iris131170202","libelle_territoire":"Les Pinchinades"}},
{"type":"Feature","geometry":{"type":"Polygon","coordinates":[[[5.29029,43.41959],[5.2867,43.42219],[5.28752,43.42398],[5.29179,43.42497],[5.29266,43.42645],[5.28678,43.42876],[5.28433,43.4252],[5.28117,43.4278],[5.27937,43.42599],[5.28373,43.4233],[5.28024,43.42242],[5.27912,43.41975],[5.28783,43.42057],[5.29029,43.41959]]]},"properties":{"code_territoire":"iris131170203","libelle_territoire":"La Ferme de Croze"}},
{"type":"Feature","geometry":{"type":"Polygon","coordinates":[[[5.30101,43.44603],[5.29867,43.44872],[5.30026,43.44538],[5.29394,43.44344],[5.29089,43.44049],[5.29081,43.44207],[5.28954,43.44072],[5.28848,43.44156],[5.28533,43.4407],[5.28644,43.43888],[5.28527,43.4384],[5.28425,43.43096],[5.28678,43.42876],[5.29266,43.42645],[5.29179,43.42497],[5.28752,43.42398],[5.2867,43.42219],[5.29029,43.41959],[5.29327,43.42109],[5.29491,43.42552],[5.29491,43.42945],[5.29695,43.43194],[5.30119,43.43282],[5.31079,43.43156],[5.30101,43.44603]]]},"properties":{"code_territoire":"iris131170204","libelle_territoire":"Les Boues Rouges"}},
{"type":"Feature","geometry":{"type":"Polygon","coordinates":[[[5.23606,43.42553],[5.23516,43.42713],[5.24024,43.43081],[5.23639,43.43644],[5.23763,43.44723],[5.24185,43.44857],[5.24042,43.45202],[5.23706,43.4512],[5.2353,43.45495],[5.23384,43.4643],[5.23539,43.46443],[5.23683,43.46742],[5.23573,43.47096],[5.23426,43.47106],[5.23318,43.46848],[5.2316,43.47851],[5.23093,43.47866],[5.22735,43.47883],[5.22641,43.48005],[5.22347,43.47914],[5.22998,43.46509],[5.22746,43.46266],[5.22864,43.46032],[5.22661,43.45288],[5.22037,43.44905],[5.22674,43.44066],[5.22745,43.44186],[5.23026,43.44016],[5.22932,43.43686],[5.23437,43.43038],[5.23316,43.42947],[5.23544,43.42477],[5.23606,43.42553]]]},"properties":{"code_territoire":"iris131170205","libelle_territoire":"L'Agneau-Vignette-La Gare-Couperigne"}},
{"type":"Feature","geometry":{"type":"Polygon","coordinates":[[[5.27351,43.41804],[5.2687,43.42144],[5.26183,43.42773],[5.25795,43.42775],[5.24808,43.42504],[5.25075,43.42042],[5.25967,43.42048],[5.26424,43.41638],[5.2709,43.41647],[5.27351,43.41804]]]},"properties":{"code_territoire":"iris131170206","libelle_territoire":"L'Anjoly"}},
{"type":"Feature","geometry":{"type":"Polygon","coordinates":[[[5.25075,43.42042],[5.24808,43.42504],[5.25795,43.42775],[5.25988,43.42928],[5.25369,43.43598],[5.25448,43.43896],[5.24943,43.44091],[5.24331,43.44715],[5.24185,43.44857],[5.23763,43.44723],[5.23639,43.43644],[5.24024,43.43081],[5.23516,43.42713],[5.23606,43.42553],[5.23903,43.42307],[5.24208,43.4213],[5.24326,43.42218],[5.25075,43.42042]]]},"properties":{"code_territoire":"iris131170207","libelle_territoire":"Estroublans"}},
{"type":"Feature","geometry":{"type":"Polygon","coordinates":[[[5.61285,43.36271],[5.61543,43.36586],[5.62714,43.36889],[5.62919,43.37023],[5.6288,43.3716],[5.63777,43.37127],[5.63684,43.36919],[5.64084,43.36975],[5.64289,43.37183],[5.6479,43.37174],[5.65184,43.37349],[5.65703,43.37866],[5.66153,43.38802],[5.65992,43.38906],[5.65776,43.38837],[5.65564,43.39155],[5.6538,43.38746],[5.6521,43.38798],[5.65115,43.38645],[5.63851,43.38709],[5.62884,43.39174],[5.62222,43.39291],[5.61878,43.38943],[5.61904,43.38393],[5.61549,43.38303],[5.61562,43.38154],[5.60823,43.37652],[5.60969,43.37423],[5.60689,43.37046],[5.60969,43.36619],[5.61285,43.36271]]]},"properties":{"code_territoire":"iris130070104","libelle_territoire":"Nord-Ouest"}},
{"type":"Feature","geometry":{"type":"Polygon","coordinates":[[[5.27912,43.41975],[5.28024,43.42242],[5.28373,43.4233],[5.27937,43.42599],[5.27843,43.42588],[5.27516,43.4215],[5.27067,43.42274],[5.2687,43.42144],[5.27351,43.41804],[5.27495,43.41888],[5.27912,43.41975]]]},"properties":{"code_territoire":"iris131170208","libelle_territoire":"La Frescoule"}},
{"type":"Feature","geometry":{"type":"Polygon","coordinates":[[[5.2687,43.42144],[5.27067,43.42274],[5.27516,43.4215],[5.27843,43.42588],[5.27068,43.42942],[5.26931,43.42879],[5.26851,43.42993],[5.2689,43.42826],[5.2667,43.42763],[5.26183,43.42773],[5.2687,43.42144]]]},"properties":{"code_territoire":"iris131170209","libelle_territoire":"La Tuilière"}},
{"type":"Feature","geometry":{"type":"Polygon","coordinates":[[[5.25579,43.5814],[5.25143,43.57998],[5.25123,43.57505],[5.2421,43.57364],[5.23148,43.5699],[5.22602,43.56653],[5.23193,43.55622],[5.23288,43.5503],[5.23345,43.54736],[5.23473,43.54486],[5.23796,43.54376],[5.24243,43.5471],[5.25333,43.54393],[5.26091,43.53925],[5.2605,43.53605],[5.26479,43.53818],[5.26711,43.54019],[5.26056,43.54197],[5.26156,43.5462],[5.264,43.54848],[5.26943,43.55131],[5.27462,43.55062],[5.27878,43.5525],[5.28582,43.55079],[5.2793,43.5645],[5.27771,43.5659],[5.27099,43.56714],[5.27847,43.57487],[5.27249,43.57564],[5.264,43.57425],[5.25579,43.5814]]]},"properties":{"code_territoire":"iris131180000","libelle_territoire":"Coudoux (commune non irisée)"}},
{"type":"Feature","geometry":{"type":"Polygon","coordinates":[[[5.55486,43.24861],[5.55815,43.24958],[5.55994,43.25683],[5.56031,43.26007],[5.55691,43.25774],[5.54442,43.25462],[5.54737,43.24665],[5.55486,43.24861]]]},"properties":{"code_territoire":"iris131190101","libelle_territoire":"Ouest"}},
{"type":"Feature","geometry":{"type":"Polygon","coordinates":[[[5.57057,43.25439],[5.5672,43.25676],[5.56925,43.25854],[5.56758,43.25937],[5.56519,43.25734],[5.55994,43.25683],[5.55815,43.24958],[5.57057,43.25439]]]},"properties":{"code_territoire":"iris131190102","libelle_territoire":"Centre"}},
{"type":"Feature","geometry":{"type":"Polygon","coordinates":[[[5.56031,43.26007],[5.55994,43.25683],[5.56519,43.25734],[5.56758,43.25937],[5.56925,43.25854],[5.5672,43.25676],[5.57057,43.25439],[5.57909,43.2569],[5.57541,43.25693],[5.58665,43.26679],[5.58286,43.27135],[5.57065,43.26781],[5.56031,43.26007]]]},"properties":{"code_territoire":"iris131190103","libelle_territoire":"Est"}},
{"type":"Feature","geometry":{"type":"Polygon","coordinates":[[[5.37442,43.29528],[5.37684,43.29609],[5.37781,43.29643],[5.38025,43.29732],[5.37754,43.2969],[5.37651,43.29873],[5.37313,43.29929],[5.37161,43.29939],[5.37299,43.29773],[5.37442,43.29528]]]},"properties":{"code_territoire":"iris132010101","libelle_territoire":"La Bourse"}},
{"type":"Feature","geometry":{"type":"Polygon","coordinates":[[[5.37651,43.29873],[5.37754,43.2969],[5.38025,43.29732],[5.38107,43.29761],[5.38086,43.29924],[5.37651,43.29873]]]},"properties":{"code_territoire":"iris132010102","libelle_territoire":"Thubaneau"}},
{"type":"Feature","geometry":{"type":"Polygon","coordinates":[[[5.37313,43.29929],[5.37651,43.29873],[5.38086,43.29924],[5.38084,43.30067],[5.38067,43.30079],[5.37433,43.29966],[5.37313,43.29929]]]},"properties":{"code_territoire":"iris132010103","libelle_territoire":"Colbert-Providence"}},
{"type":"Feature","geometry":{"type":"Polygon","coordinates":[[[5.37433,43.29966],[5.38067,43.30079],[5.38022,43.30141],[5.37896,43.30328],[5.37641,43.30211],[5.37489,43.30161],[5.37433,43.29966]]]},"properties":{"code_territoire":"iris132010104","libelle_territoire":"Bernard du Bois"}},
{"type":"Feature","geometry":{"type":"Polygon","coordinates":[[[5.38084,43.30067],[5.38086,43.29924],[5.38107,43.29761],[5.38525,43.29906],[5.3834,43.30114],[5.38084,43.30067]]]},"properties":{"code_territoire":"iris132010201","libelle_territoire":"Gambetta"}},
{"type":"Feature","geometry":{"type":"Polygon","coordinates":[[[5.62714,43.36889],[5.63106,43.36811],[5.6352,43.36914],[5.63992,43.36736],[5.64593,43.36778],[5.64316,43.36771],[5.64084,43.36975],[5.63684,43.36919],[5.63777,43.37127],[5.6288,43.3716],[5.62919,43.37023],[5.62714,43.36889]]]},"properties":{"code_territoire":"iris130070101","libelle_territoire":"Le Centre"}},
{"type":"Feature","geometry":{"type":"Polygon","coordinates":[[[5.65564,43.39155],[5.65776,43.38837],[5.65992,43.38906],[5.66153,43.38802],[5.65703,43.37866],[5.65184,43.37349],[5.6479,43.37174],[5.64289,43.37183],[5.64084,43.36975],[5.64316,43.36771],[5.64593,43.36778],[5.64817,43.36837],[5.65048,43.36626],[5.6446,43.36194],[5.64767,43.35772],[5.64578,43.35622],[5.64379,43.35671],[5.64921,43.35177],[5.65047,43.34552],[5.65307,43.34668],[5.66098,43.34496],[5.66078,43.34955],[5.67646,43.36583],[5.66976,43.36588],[5.66729,43.37228],[5.6787,43.37695],[5.69093,43.37866],[5.69028,43.3886],[5.68272,43.39912],[5.67982,43.40194],[5.67032,43.40008],[5.66436,43.39817],[5.66057,43.39326],[5.65564,43.39155]]]},"properties":{"code_territoire":"iris130070102","libelle_territoire":"Nord-Est"}},
{"type":"Feature","geometry":{"type":"Polygon","coordinates":[[[5.38746,43.30176],[5.38671,43.30262],[5.3834,43.30114],[5.38525,43.29906],[5.38875,43.30021],[5.38836,43.30065],[5.38746,43.30176]]]},"properties":{"code_territoire":"iris132010202","libelle_territoire":"Joseph Thierry"}},
{"type":"Feature","geometry":{"type":"Polygon","coordinates":[[[5.3834,43.30114],[5.38671,43.30262],[5.38596,43.30347],[5.38022,43.30141],[5.38067,43.30079],[5.38084,43.30067],[5.3834,43.30114]]]},"properties":{"code_territoire":"iris132010203","libelle_territoire":"Vierge Dorée"}},
{"type":"Feature","geometry":{"type":"Polygon","coordinates":[[[5.37985,43.29283],[5.379,43.29435],[5.37781,43.29643],[5.37684,43.29609],[5.37883,43.29259],[5.37985,43.29283]]]},"properties":{"code_territoire":"iris132010301","libelle_territoire":"Rome"}},
{"type":"Feature","geometry":{"type":"Polygon","coordinates":[[[5.38149,43.29609],[5.38107,43.29761],[5.38025,43.29732],[5.37781,43.29643],[5.379,43.29435],[5.3816,43.29573],[5.38149,43.29609]]]},"properties":{"code_territoire":"iris132010302","libelle_territoire":"Gare de l'Est"}},
{"type":"Feature","geometry":{"type":"Polygon","coordinates":[[[5.3816,43.29573],[5.379,43.29435],[5.37985,43.29283],[5.38232,43.29348],[5.3816,43.29573]]]},"properties":{"code_territoire":"iris132010303","libelle_territoire":"Domaine Ventre"}},
{"type":"Feature","geometry":{"type":"Polygon","coordinates":[[[5.37883,43.29259],[5.37684,43.29609],[5.37442,43.29528],[5.37433,43.29526],[5.37729,43.29222],[5.37883,43.29259]]]},"properties":{"code_territoire":"iris132010401","libelle_territoire":"Saint-Ferréol"}},
{"type":"Feature","geometry":{"type":"Polygon","coordinates":[[[5.37327,43.29127],[5.37729,43.29222],[5.37433,43.29526],[5.37375,43.29503],[5.37108,43.29345],[5.37147,43.29247],[5.37214,43.29097],[5.37327,43.29127]]]},"properties":{"code_territoire":"iris132010402","libelle_territoire":"d'Estienne d'Orves"}},
{"type":"Feature","geometry":{"type":"Polygon","coordinates":[[[5.39355,43.30304],[5.38836,43.30065],[5.38875,43.30021],[5.38908,43.30031],[5.39445,43.30204],[5.39355,43.30304]]]},"properties":{"code_territoire":"iris132010501","libelle_territoire":"Madeleine"}},
{"type":"Feature","geometry":{"type":"Polygon","coordinates":[[[5.3932,43.30445],[5.39261,43.30416],[5.38746,43.30176],[5.38836,43.30065],[5.39355,43.30304],[5.3932,43.30445]]]},"properties":{"code_territoire":"iris132010502","libelle_territoire":"Longchamp"}},
{"type":"Feature","geometry":{"type":"Polygon","coordinates":[[[5.39261,43.30416],[5.39158,43.30532],[5.38596,43.30347],[5.38671,43.30262],[5.38746,43.30176],[5.39261,43.30416]]]},"properties":{"code_territoire":"iris132010503","libelle_territoire":"Flammarion"}},
{"type":"Feature","geometry":{"type":"Polygon","coordinates":[[[5.38389,43.30565],[5.38596,43.30347],[5.39158,43.30532],[5.39261,43.30416],[5.3932,43.30445],[5.39344,43.30595],[5.3905,43.30939],[5.38607,43.30689],[5.38389,43.30565]]]},"properties":{"code_territoire":"iris132010504","libelle_territoire":"Saint-Charles-Guibal"}},
{"type":"Feature","geometry":{"type":"Polygon","coordinates":[[[5.37896,43.30328],[5.38022,43.30141],[5.38596,43.30347],[5.38389,43.30565],[5.37912,43.30334],[5.37896,43.30328]]]},"properties":{"code_territoire":"iris132010505","libelle_territoire":"Saint-Charles-Gare"}},
{"type":"Feature","geometry":{"type":"Polygon","coordinates":[[[5.38556,43.29429],[5.3859,43.29509],[5.38525,43.29906],[5.38107,43.29761],[5.38149,43.29609],[5.38556,43.29429]]]},"properties":{"code_territoire":"iris132010601","libelle_territoire":"Gymnase"}},
{"type":"Feature","geometry":{"type":"Polygon","coordinates":[[[5.38875,43.30021],[5.38525,43.29906],[5.3859,43.29509],[5.38714,43.29687],[5.38875,43.30021]]]},"properties":{"code_territoire":"iris132010602","libelle_territoire":"Les Réformés"}},
{"type":"Feature","geometry":{"type":"MultiPolygon","coordinates":[[[[5.34487,43.33636],[5.34178,43.33632],[5.34271,43.33519],[5.35114,43.33478],[5.35262,43.333],[5.34518,43.33309],[5.35046,43.33115],[5.34727,43.32969],[5.34803,43.32876],[5.34983,43.32956],[5.35349,43.32524],[5.35217,43.32351],[5.35601,43.32446],[5.35729,43.32299],[5.35454,43.32179],[5.35514,43.32098],[5.35889,43.32221],[5.35848,43.32582],[5.3621,43.32205],[5.36259,43.3209],[5.35955,43.32194],[5.3567,43.31911],[5.36055,43.31837],[5.35822,43.31654],[5.35916,43.31545],[5.36107,43.31628],[5.3611,43.31395],[5.36438,43.315],[5.36051,43.31244],[5.36148,43.31126],[5.36466,43.31207],[5.36273,43.30561],[5.36545,43.30526],[5.36725,43.31193],[5.36879,43.3124],[5.36803,43.31377],[5.37057,43.31453],[5.36914,43.31666],[5.36792,43.31712],[5.36027,43.32742],[5.35995,43.32779],[5.35909,43.33046],[5.35571,43.33191],[5.354,43.33609],[5.34487,43.33636]]],[[[5.325,43.34386],[5.31851,43.3475],[5.32836,43.34196],[5.33367,43.33761],[5.33925,43.33482],[5.36111,43.30884],[5.35794,43.29961],[5.3529,43.29705],[5.35835,43.29928],[5.36157,43.30867],[5.36091,43.31111],[5.34138,43.33462],[5.33431,43.33756],[5.32844,43.34204],[5.325,43.34386]]]]},"properties":{"code_territoire":"iris132020101","libelle_territoire":"Arenc"}},
{"type":"Feature","geometry":{"type":"Polygon","coordinates":[[[5.37281,43.30526],[5.37031,43.30341],[5.37413,43.30168],[5.37445,43.30245],[5.37281,43.30526]]]},"properties":{"code_territoire":"iris132020201","libelle_territoire":"Montolieu"}},
{"type":"Feature","geometry":{"type":"Polygon","coordinates":[[[5.374,43.30148],[5.37042,43.30072],[5.37067,43.30042],[5.37136,43.29957],[5.37161,43.29939],[5.37313,43.29929],[5.37433,43.29966],[5.37489,43.30161],[5.374,43.30148]]]},"properties":{"code_territoire":"iris132020202","libelle_territoire":"Les Carmes"}},
{"type":"Feature","geometry":{"type":"Polygon","coordinates":[[[5.37413,43.30168],[5.37031,43.30341],[5.36984,43.30292],[5.36889,43.30259],[5.37042,43.30072],[5.374,43.30148],[5.37413,43.30168]]]},"properties":{"code_territoire":"iris132020203","libelle_territoire":"Dames"}},
{"type":"Feature","geometry":{"type":"Polygon","coordinates":[[[5.37136,43.29957],[5.37067,43.30042],[5.36689,43.30104],[5.36632,43.29941],[5.37136,43.29957]]]},"properties":{"code_territoire":"iris132020204","libelle_territoire":"Panier"}},
{"type":"Feature","geometry":{"type":"Polygon","coordinates":[[[5.36889,43.30259],[5.36753,43.30289],[5.36689,43.30104],[5.37067,43.30042],[5.37042,43.30072],[5.36889,43.30259]]]},"properties":{"code_territoire":"iris132020205","libelle_territoire":"Charité République"}},
{"type":"Feature","geometry":{"type":"Polygon","coordinates":[[[5.15012,43.69013],[5.13749,43.69388],[5.12602,43.69054],[5.11845,43.68785],[5.11572,43.6851],[5.12186,43.67724],[5.12403,43.67684],[5.13272,43.66845],[5.14167,43.66557],[5.1439,43.65956],[5.13929,43.65395],[5.14674,43.65196],[5.15222,43.65045],[5.163,43.65212],[5.16587,43.65406],[5.16859,43.65352],[5.17844,43.65895],[5.18114,43.65764],[5.18231,43.66124],[5.17587,43.67126],[5.16652,43.67302],[5.15338,43.67806],[5.15027,43.68187],[5.15158,43.68547],[5.15012,43.69013]]]},"properties":{"code_territoire":"iris130080000","libelle_territoire":"Aurons (commune non irisée)"}},
{"type":"Feature","geometry":{"type":"Polygon","coordinates":[[[5.18272,43.64144],[5.17935,43.63815],[5.18095,43.63403],[5.16981,43.63132],[5.16858,43.62803],[5.1658,43.62835],[5.16581,43.62463],[5.17094,43.62432],[5.17756,43.62012],[5.18563,43.61845],[5.18704,43.61661],[5.19124,43.61578],[5.19804,43.60773],[5.19632,43.60112],[5.2063,43.59802],[5.23462,43.59552],[5.25421,43.59216],[5.25512,43.60499],[5.25892,43.61115],[5.2526,43.60744],[5.24046,43.60942],[5.24093,43.61409],[5.23539,43.62711],[5.23069,43.63354],[5.22471,43.63821],[5.2206,43.63813],[5.21889,43.6426],[5.21547,43.64567],[5.19028,43.64221],[5.18558,43.63814],[5.18272,43.64144]]]},"properties":{"code_territoire":"iris130090000","libelle_territoire":"La Barben (commune non irisée)"}},
{"type":"Feature","geometry":{"type":"Polygon","coordinates":[[[5.37299,43.29773],[5.36722,43.29683],[5.36356,43.29479],[5.37268,43.29611],[5.37375,43.29503],[5.37433,43.29526],[5.37442,43.29528],[5.37299,43.29773]]]},"properties":{"code_territoire":"iris132020301","libelle_territoire":"Quai du Port"}},
{"type":"Feature","geometry":{"type":"Polygon","coordinates":[[[5.36356,43.29479],[5.36722,43.29683],[5.36755,43.29842],[5.36611,43.29871],[5.36116,43.29536],[5.36356,43.29479]]]},"properties":{"code_territoire":"iris132020302","libelle_territoire":"Saint-Jean-Protis"}},
{"type":"Feature","geometry":{"type":"Polygon","coordinates":[[[5.37161,43.29939],[5.37136,43.29957],[5.36632,43.29941],[5.36611,43.29871],[5.36755,43.29842],[5.36722,43.29683],[5.37299,43.29773],[5.37161,43.29939]]]},"properties":{"code_territoire":"iris132020303","libelle_territoire":"Hôtel-Dieu"}},
{"type":"Feature","geometry":{"type":"Polygon","coordinates":[[[5.36116,43.29536],[5.36611,43.29871],[5.36632,43.29941],[5.36689,43.30104],[5.36753,43.30289],[5.36588,43.30324],[5.36631,43.30467],[5.36824,43.30497],[5.37125,43.30588],[5.37083,43.30876],[5.36879,43.3124],[5.36725,43.31193],[5.36545,43.30526],[5.36273,43.30561],[5.36436,43.30434],[5.36154,43.30305],[5.36373,43.30258],[5.36131,43.30147],[5.36244,43.29884],[5.35862,43.29807],[5.36039,43.29597],[5.36245,43.29697],[5.36116,43.29536]]]},"properties":{"code_territoire":"iris132020401","libelle_territoire":"L'Évêché-Les Docks"}},
{"type":"Feature","geometry":{"type":"Polygon","coordinates":[[[5.37083,43.30876],[5.37125,43.30588],[5.3723,43.3062],[5.37083,43.30876]]]},"properties":{"code_territoire":"iris132020402","libelle_territoire":"Albrand-Ponteves"}},
{"type":"Feature","geometry":{"type":"Polygon","coordinates":[[[5.3723,43.3062],[5.37125,43.30588],[5.36824,43.30497],[5.36984,43.30292],[5.37031,43.30341],[5.37281,43.30526],[5.3723,43.3062]]]},"properties":{"code_territoire":"iris132020403","libelle_territoire":"Forbin"}},
{"type":"Feature","geometry":{"type":"Polygon","coordinates":[[[5.36753,43.30289],[5.36889,43.30259],[5.36984,43.30292],[5.36824,43.30497],[5.36631,43.30467],[5.36588,43.30324],[5.36753,43.30289]]]},"properties":{"code_territoire":"iris132020404","libelle_territoire":"Mazenod-République"}},
{"type":"Feature","geometry":{"type":"Polygon","coordinates":[[[5.38794,43.31496],[5.38628,43.3132],[5.38816,43.31364],[5.3894,43.31104],[5.39269,43.31173],[5.39318,43.31641],[5.38835,43.31546],[5.38794,43.31496]]]},"properties":{"code_territoire":"iris132030101","libelle_territoire":"Ricard-Guigou"}},
{"type":"Feature","geometry":{"type":"Polygon","coordinates":[[[5.39269,43.31173],[5.3894,43.31104],[5.38816,43.31364],[5.38628,43.3132],[5.38476,43.3103],[5.38607,43.30689],[5.3905,43.30939],[5.39269,43.31173]]]},"properties":{"code_territoire":"iris132030102","libelle_territoire":"Les Friches-Cadenat"}},
{"type":"Feature","geometry":{"type":"Polygon","coordinates":[[[5.38607,43.30689],[5.38476,43.3103],[5.38406,43.31118],[5.38057,43.30886],[5.38089,43.30857],[5.38389,43.30565],[5.38607,43.30689]]]},"properties":{"code_territoire":"iris132030103","libelle_territoire":"Les Casernes"}},
{"type":"Feature","geometry":{"type":"Polygon","coordinates":[[[5.38406,43.31118],[5.38219,43.31265],[5.38,43.31239],[5.37802,43.31124],[5.38057,43.30886],[5.38406,43.31118]]]},"properties":{"code_territoire":"iris132030104","libelle_territoire":"Loubon"}},
{"type":"Feature","geometry":{"type":"Polygon","coordinates":[[[5.38406,43.31615],[5.38437,43.31423],[5.38219,43.31265],[5.38406,43.31118],[5.38476,43.3103],[5.38628,43.3132],[5.38794,43.31496],[5.38406,43.31615]]]},"properties":{"code_territoire":"iris132030105","libelle_territoire":"Caffo Révolution"}},
{"type":"Feature","geometry":{"type":"Polygon","coordinates":[[[5.37912,43.30334],[5.37871,43.30451],[5.37669,43.30441],[5.37641,43.30211],[5.37896,43.30328],[5.37912,43.30334]]]},"properties":{"code_territoire":"iris132030201","libelle_territoire":"Général Leclerc"}},
{"type":"Feature","geometry":{"type":"Polygon","coordinates":[[[5.38389,43.30565],[5.38089,43.30857],[5.37966,43.30791],[5.38081,43.30696],[5.37856,43.30565],[5.37687,43.30626],[5.37669,43.30441],[5.37871,43.30451],[5.37912,43.30334],[5.38389,43.30565]]]},"properties":{"code_territoire":"iris132030202","libelle_territoire":"Les Facultés"}},
{"type":"Feature","geometry":{"type":"Polygon","coordinates":[[[5.37445,43.30245],[5.37612,43.30961],[5.37631,43.31054],[5.37328,43.30649],[5.3723,43.3062],[5.37281,43.30526],[5.37445,43.30245]]]},"properties":{"code_territoire":"iris132030203","libelle_territoire":"Camille Pelletan"}},
{"type":"Feature","geometry":{"type":"Polygon","coordinates":[[[5.374,43.30148],[5.37489,43.30161],[5.37641,43.30211],[5.37669,43.30441],[5.37687,43.30626],[5.37856,43.30565],[5.38081,43.30696],[5.37966,43.30791],[5.37783,43.30695],[5.37612,43.30961],[5.37445,43.30245],[5.37413,43.30168],[5.374,43.30148]]]},"properties":{"code_territoire":"iris132030204","libelle_territoire":"Le Racati"}},
{"type":"Feature","geometry":{"type":"Polygon","coordinates":[[[5.38089,43.30857],[5.38057,43.30886],[5.37802,43.31124],[5.37631,43.31054],[5.37612,43.30961],[5.37783,43.30695],[5.37966,43.30791],[5.38089,43.30857]]]},"properties":{"code_territoire":"iris132030205","libelle_territoire":"Kléber"}},
{"type":"Feature","geometry":{"type":"Polygon","coordinates":[[[5.38224,43.31676],[5.3793,43.31343],[5.38,43.31239],[5.38219,43.31265],[5.38437,43.31423],[5.38406,43.31615],[5.38237,43.31669],[5.38224,43.31676]]]},"properties":{"code_territoire":"iris132030301","libelle_territoire":"Jet d'Eau-Barbini"}},
{"type":"Feature","geometry":{"type":"Polygon","coordinates":[[[5.37963,43.31852],[5.37571,43.31451],[5.37588,43.31271],[5.37604,43.3126],[5.37802,43.31124],[5.38,43.31239],[5.3793,43.31343],[5.38224,43.31676],[5.37963,43.31852]]]},"properties":{"code_territoire":"iris132030302","libelle_territoire":"Arzial-La Butte"}},
{"type":"Feature","geometry":{"type":"Polygon","coordinates":[[[5.37477,43.32093],[5.37438,43.32002],[5.37437,43.31968],[5.37403,43.31699],[5.37571,43.31451],[5.37963,43.31852],[5.37908,43.31887],[5.37771,43.31988],[5.37477,43.32093]]]},"properties":{"code_territoire":"iris132030303","libelle_territoire":"Pyat Auphan"}},
{"type":"Feature","geometry":{"type":"Polygon","coordinates":[[[4.70933,43.89804],[4.71161,43.89931],[4.71557,43.88662],[4.71993,43.88444],[4.72003,43.88193],[4.73004,43.88098],[4.7261,43.86791],[4.72874,43.86589],[4.73418,43.85794],[4.73928,43.85802],[4.75536,43.87062],[4.77047,43.87893],[4.77285,43.88448],[4.77865,43.88709],[4.78156,43.89112],[4.7929,43.91183],[4.79152,43.91269],[4.7814,43.91209],[4.77656,43.91498],[4.77079,43.9143],[4.77363,43.91973],[4.73928,43.92413],[4.74023,43.91976],[4.72989,43.91265],[4.72339,43.90607],[4.69798,43.89668],[4.70933,43.89804]]]},"properties":{"code_territoire":"iris130100000","libelle_territoire":"Barbentane (commune non irisée)"}},
{"type":"Feature","geometry":{"type":"Polygon","coordinates":[[[4.7703,43.76029],[4.77174,43.75066],[4.77337,43.75043],[4.77305,43.74714],[4.77449,43.74604],[4.76686,43.72907],[4.77298,43.72892],[4.77687,43.73271],[4.7824,43.73295],[4.78982,43.73291],[4.79741,43.73022],[4.80382,43.72861],[4.82008,43.72973],[4.83247,43.72869],[4.83508,43.73169],[4.84003,43.73226],[4.84248,43.73464],[4.84032,43.73762],[4.8432,43.74182],[4.83063,43.74611],[4.83298,43.74962],[4.83052,43.75139],[4.83248,43.75324],[4.80272,43.76312],[4.79814,43.76816],[4.79445,43.76823],[4.79289,43.76966],[4.78904,43.76847],[4.77981,43.76119],[4.7703,43.76029]]]},"properties":{"code_territoire":"iris130110000","libelle_territoire":"Les Baux-de-Provence (commune non irisée)"}},
{"type":"Feature","geometry":{"type":"Polygon","coordinates":[[[5.37057,43.31453],[5.37248,43.31487],[5.37588,43.31271],[5.37571,43.31451],[5.37403,43.31699],[5.37263,43.31765],[5.37438,43.32002],[5.37477,43.32093],[5.37158,43.32008],[5.36914,43.31666],[5.37057,43.31453]]]},"properties":{"code_territoire":"iris132030304","libelle_territoire":"Briancon"}},
{"type":"Feature","geometry":{"type":"Polygon","coordinates":[[[5.37437,43.31968],[5.37438,43.32002],[5.37263,43.31765],[5.37437,43.31968]]]},"properties":{"code_territoire":"iris132030305","libelle_territoire":"Bellevue Caravelle"}},
{"type":"Feature","geometry":{"type":"Polygon","coordinates":[[[5.37263,43.31765],[5.37403,43.31699],[5.37437,43.31968],[5.37263,43.31765]]]},"properties":{"code_territoire":"iris132030306","libelle_territoire":"Bellevue-Pyat"}},
{"type":"Feature","geometry":{"type":"Polygon","coordinates":[[[5.37328,43.30649],[5.37631,43.31054],[5.37802,43.31124],[5.37604,43.3126],[5.37267,43.31127],[5.37358,43.30986],[5.37177,43.30914],[5.37328,43.30649]]]},"properties":{"code_territoire":"iris132030401","libelle_territoire":"Potier"}},
{"type":"Feature","geometry":{"type":"Polygon","coordinates":[[[5.3723,43.3062],[5.37328,43.30649],[5.37177,43.30914],[5.37358,43.30986],[5.37267,43.31127],[5.37057,43.31453],[5.36803,43.31377],[5.36879,43.3124],[5.37083,43.30876],[5.3723,43.3062]]]},"properties":{"code_territoire":"iris132030402","libelle_territoire":"Peyssonnel"}},
{"type":"Feature","geometry":{"type":"Polygon","coordinates":[[[5.37267,43.31127],[5.37604,43.3126],[5.37588,43.31271],[5.37248,43.31487],[5.37057,43.31453],[5.37267,43.31127]]]},"properties":{"code_territoire":"iris132030403","libelle_territoire":"Fonscolombes"}},
{"type":"Feature","geometry":{"type":"Polygon","coordinates":[[[5.40674,43.29551],[5.40875,43.29565],[5.40938,43.29621],[5.40905,43.29731],[5.40977,43.2993],[5.40728,43.2985],[5.40645,43.29957],[5.40964,43.30394],[5.4097,43.30404],[5.40793,43.30461],[5.40677,43.30204],[5.40448,43.30235],[5.40621,43.29623],[5.40674,43.29551]]]},"properties":{"code_territoire":"iris132040101","libelle_territoire":"Chemin de Fer"}},
{"type":"Feature","geometry":{"type":"Polygon","coordinates":[[[5.40596,43.29616],[5.40094,43.29975],[5.40074,43.29989],[5.40082,43.29751],[5.40031,43.2958],[5.40596,43.29616]]]},"properties":{"code_territoire":"iris132040102","libelle_territoire":"Chave Foch"}},
{"type":"Feature","geometry":{"type":"Polygon","coordinates":[[[5.40621,43.29623],[5.40448,43.30235],[5.40434,43.30336],[5.40078,43.30114],[5.40094,43.29975],[5.40596,43.29616],[5.40621,43.29623]]]},"properties":{"code_territoire":"iris132040103","libelle_territoire":"Vallier"}},
{"type":"Feature","geometry":{"type":"Polygon","coordinates":[[[5.40346,43.30588],[5.40086,43.30661],[5.40078,43.30114],[5.40434,43.30336],[5.40346,43.30588]]]},"properties":{"code_territoire":"iris132040104","libelle_territoire":"Blancarde Rougier"}},
{"type":"Feature","geometry":{"type":"Polygon","coordinates":[[[5.40346,43.30588],[5.40434,43.30336],[5.40448,43.30235],[5.40677,43.30204],[5.40793,43.30461],[5.40723,43.30686],[5.40434,43.3073],[5.40346,43.30588]]]},"properties":{"code_territoire":"iris132040105","libelle_territoire":"Poucel Blancarde"}},
{"type":"Feature","geometry":{"type":"Polygon","coordinates":[[[5.4086,43.30969],[5.40579,43.30947],[5.40434,43.3073],[5.40723,43.30686],[5.40793,43.30461],[5.4097,43.30404],[5.41102,43.30927],[5.4086,43.30969]]]},"properties":{"code_territoire":"iris132040106","libelle_territoire":"Beausoleil"}},
{"type":"Feature","geometry":{"type":"Polygon","coordinates":[[[5.40877,43.30988],[5.40469,43.3112],[5.40287,43.3094],[5.40115,43.307],[5.40086,43.30661],[5.40346,43.30588],[5.40434,43.3073],[5.40579,43.30947],[5.4086,43.30969],[5.40877,43.30988]]]},"properties":{"code_territoire":"iris132040201","libelle_territoire":"Banon-Roux"}},
{"type":"Feature","geometry":{"type":"Polygon","coordinates":[[[5.40735,43.31498],[5.40497,43.31305],[5.40287,43.3094],[5.40469,43.3112],[5.40877,43.30988],[5.40969,43.31125],[5.40776,43.31183],[5.41053,43.31498],[5.40735,43.31498]]]},"properties":{"code_territoire":"iris132040202","libelle_territoire":"Sainte-Agnès"}},
{"type":"Feature","geometry":{"type":"Polygon","coordinates":[[[5.39694,43.30849],[5.39989,43.30736],[5.40115,43.307],[5.40287,43.3094],[5.40067,43.30988],[5.40077,43.31097],[5.39694,43.30849]]]},"properties":{"code_territoire":"iris132040203","libelle_territoire":"Chartreux Arras"}},
{"type":"Feature","geometry":{"type":"Polygon","coordinates":[[[5.40284,43.31407],[5.40141,43.31238],[5.40077,43.31097],[5.40067,43.30988],[5.40287,43.3094],[5.40497,43.31305],[5.40284,43.31407]]]},"properties":{"code_territoire":"iris132040204","libelle_territoire":"Les Nouveaux Chartreux"}},
{"type":"Feature","geometry":{"type":"Polygon","coordinates":[[[5.40343,43.31485],[5.40284,43.31407],[5.40497,43.31305],[5.40735,43.31498],[5.4072,43.3161],[5.40482,43.31696],[5.40343,43.31485]]]},"properties":{"code_territoire":"iris132040205","libelle_territoire":"Le Dome"}},
{"type":"Feature","geometry":{"type":"Polygon","coordinates":[[[5.39694,43.30849],[5.40077,43.31097],[5.40141,43.31238],[5.39641,43.31259],[5.39619,43.31129],[5.39661,43.30828],[5.39694,43.30849]]]},"properties":{"code_territoire":"iris132040301","libelle_territoire":"Léglize-Chutes Lavie"}},
{"type":"Feature","geometry":{"type":"Polygon","coordinates":[[[5.39899,43.31658],[5.39641,43.31259],[5.40141,43.31238],[5.40284,43.31407],[5.40343,43.31485],[5.39899,43.31658]]]},"properties":{"code_territoire":"iris132040302","libelle_territoire":"Flemming-Garderie"}},
{"type":"Feature","geometry":{"type":"Polygon","coordinates":[[[5.39269,43.31173],[5.39619,43.31129],[5.39641,43.31259],[5.39899,43.31658],[5.39918,43.31694],[5.39364,43.31646],[5.39318,43.31641],[5.39269,43.31173]]]},"properties":{"code_territoire":"iris132040303","libelle_territoire":"Guigou"}},
{"type":"Feature","geometry":{"type":"Polygon","coordinates":[[[5.39344,43.30595],[5.39661,43.30828],[5.39619,43.31129],[5.39269,43.31173],[5.3905,43.30939],[5.39344,43.30595]]]},"properties":{"code_territoire":"iris132040304","libelle_territoire":"Pautrier"}},
{"type":"Feature","geometry":{"type":"Polygon","coordinates":[[[5.39741,43.30213],[5.40074,43.29989],[5.40094,43.29975],[5.40078,43.30114],[5.40086,43.30661],[5.40115,43.307],[5.39989,43.30736],[5.39649,43.30274],[5.39741,43.30213]]]},"properties":{"code_territoire":"iris132040401","libelle_territoire":"Trois Frères Carasso"}},
{"type":"Feature","geometry":{"type":"Polygon","coordinates":[[[5.52587,43.53803],[5.52804,43.53634],[5.5258,43.5282],[5.53259,43.52486],[5.53034,43.52156],[5.52722,43.52121],[5.52889,43.51437],[5.5342,43.51205],[5.53169,43.50548],[5.53692,43.5044],[5.54243,43.50337],[5.55204,43.49906],[5.56208,43.50428],[5.55849,43.50642],[5.55648,43.51111],[5.5562,43.51537],[5.55862,43.51698],[5.55677,43.52376],[5.56323,43.52397],[5.57042,43.53672],[5.56694,43.53847],[5.56102,43.53869],[5.55179,43.53909],[5.55018,43.53629],[5.54568,43.53415],[5.53523,43.54033],[5.53309,43.54028],[5.53143,43.53752],[5.52587,43.53803]]]},"properties":{"code_territoire":"iris130120000","libelle_territoire":"Beaurecueil (commune non irisée)"}},
{"type":"Feature","geometry":{"type":"Polygon","coordinates":[[[5.61039,43.4119],[5.61139,43.41613],[5.60641,43.42337],[5.60449,43.43189],[5.59785,43.43937],[5.59269,43.44001],[5.58759,43.44274],[5.57952,43.43856],[5.56428,43.43404],[5.5624,43.43178],[5.55887,43.43397],[5.5611,43.42753],[5.55774,43.42062],[5.56472,43.41686],[5.5615,43.41016],[5.56506,43.40576],[5.56822,43.40527],[5.57092,43.40656],[5.57778,43.40336],[5.58178,43.40497],[5.59075,43.4056],[5.59155,43.40762],[5.59421,43.40623],[5.60782,43.40905],[5.61039,43.4119]]]},"properties":{"code_territoire":"iris130130000","libelle_territoire":"Belcodène (commune non irisée)"}},
{"type":"Feature","geometry":{"type":"Polygon","coordinates":[[[5.171,43.47367],[5.17034,43.47641],[5.17375,43.48001],[5.171,43.4793],[5.16996,43.48126],[5.16868,43.47998],[5.16531,43.48193],[5.16532,43.4809],[5.16171,43.47995],[5.16139,43.47798],[5.16565,43.47575],[5.16491,43.47195],[5.16865,43.47027],[5.16753,43.47209],[5.16921,43.47042],[5.171,43.47367]]]},"properties":{"code_territoire":"iris130140101","libelle_territoire":"Centre Ville"}},
{"type":"Feature","geometry":{"type":"Polygon","coordinates":[[[5.16996,43.48126],[5.17414,43.48907],[5.168,43.48874],[5.16148,43.48624],[5.16349,43.48432],[5.16213,43.48357],[5.16531,43.48193],[5.16868,43.47998],[5.16996,43.48126]]]},"properties":{"code_territoire":"iris130140102","libelle_territoire":"Langevin-Bealet"}},
{"type":"Feature","geometry":{"type":"Polygon","coordinates":[[[5.40082,43.29751],[5.40074,43.29989],[5.39741,43.30213],[5.39769,43.29966],[5.39543,43.29942],[5.40009,43.29762],[5.40082,43.29751]]]},"properties":{"code_territoire":"iris132040402","libelle_territoire":"Maréchal Fayolle"}},
{"type":"Feature","geometry":{"type":"Polygon","coordinates":[[[5.39543,43.29942],[5.39769,43.29966],[5.39741,43.30213],[5.39649,43.30274],[5.39445,43.30204],[5.38908,43.30031],[5.38905,43.2989],[5.39125,43.29882],[5.39543,43.29942]]]},"properties":{"code_territoire":"iris132040403","libelle_territoire":"Chape"}},
{"type":"Feature","geometry":{"type":"Polygon","coordinates":[[[5.39445,43.30204],[5.39649,43.30274],[5.39989,43.30736],[5.39694,43.30849],[5.39661,43.30828],[5.39344,43.30595],[5.3932,43.30445],[5.39355,43.30304],[5.39445,43.30204]]]},"properties":{"code_territoire":"iris132040404","libelle_territoire":"Palais Longchamp"}},
{"type":"Feature","geometry":{"type":"Polygon","coordinates":[[[5.3962,43.2857],[5.39521,43.28815],[5.39271,43.28573],[5.39137,43.2863],[5.39072,43.28488],[5.39195,43.28476],[5.3962,43.2857]]]},"properties":{"code_territoire":"iris132050101","libelle_territoire":"Brun Brandis"}},
{"type":"Feature","geometry":{"type":"Polygon","coordinates":[[[5.39895,43.28683],[5.39962,43.28896],[5.39745,43.29123],[5.39725,43.28953],[5.39484,43.28888],[5.39521,43.28815],[5.3962,43.2857],[5.39868,43.28597],[5.39895,43.28683]]]},"properties":{"code_territoire":"iris132050102","libelle_territoire":"Sainte-Cécile"}},
{"type":"Feature","geometry":{"type":"Polygon","coordinates":[[[5.40599,43.29038],[5.40095,43.29228],[5.39966,43.28685],[5.40637,43.28764],[5.40599,43.29038]]]},"properties":{"code_territoire":"iris132050103","libelle_territoire":"Hôpital La Timone"}},
{"type":"Feature","geometry":{"type":"Polygon","coordinates":[[[5.39966,43.28685],[5.40095,43.29228],[5.40119,43.29257],[5.40009,43.29272],[5.39689,43.29235],[5.39745,43.29123],[5.39962,43.28896],[5.39895,43.28683],[5.39966,43.28685]]]},"properties":{"code_territoire":"iris132050104","libelle_territoire":"Baille-Bravet"}},
{"type":"Feature","geometry":{"type":"Polygon","coordinates":[[[5.39137,43.2863],[5.39271,43.28573],[5.39521,43.28815],[5.39484,43.28888],[5.39276,43.28832],[5.39007,43.2876],[5.39137,43.2863]]]},"properties":{"code_territoire":"iris132050105","libelle_territoire":"Antoine Maille"}},
{"type":"Feature","geometry":{"type":"Polygon","coordinates":[[[5.40009,43.29762],[5.39769,43.29737],[5.39785,43.29566],[5.40031,43.2958],[5.40082,43.29751],[5.40009,43.29762]]]},"properties":{"code_territoire":"iris132050201","libelle_territoire":"George-Verdun"}},
{"type":"Feature","geometry":{"type":"Polygon","coordinates":[[[5.39125,43.29882],[5.39403,43.29726],[5.39649,43.29558],[5.39785,43.29566],[5.39769,43.29737],[5.40009,43.29762],[5.39543,43.29942],[5.39125,43.29882]]]},"properties":{"code_territoire":"iris132050202","libelle_territoire":"Monte-Christo-Camas"}},
{"type":"Feature","geometry":{"type":"Polygon","coordinates":[[[5.38714,43.29687],[5.39064,43.29707],[5.39403,43.29726],[5.39125,43.29882],[5.38905,43.2989],[5.38908,43.30031],[5.38875,43.30021],[5.38714,43.29687]]]},"properties":{"code_territoire":"iris132050203","libelle_territoire":"Eugène Pierre"}},
{"type":"Feature","geometry":{"type":"Polygon","coordinates":[[[5.39081,43.29529],[5.39568,43.29548],[5.39649,43.29558],[5.39403,43.29726],[5.39064,43.29707],[5.39081,43.29529]]]},"properties":{"code_territoire":"iris132050204","libelle_territoire":"Chave-Abbé de l'Épée"}},
{"type":"Feature","geometry":{"type":"Polygon","coordinates":[[[5.38666,43.29397],[5.38719,43.29507],[5.39081,43.29529],[5.39064,43.29707],[5.38714,43.29687],[5.3859,43.29509],[5.38556,43.29429],[5.38666,43.29397]]]},"properties":{"code_territoire":"iris132050205","libelle_territoire":"La Plaine"}},
{"type":"Feature","geometry":{"type":"Polygon","coordinates":[[[5.39649,43.29558],[5.39568,43.29548],[5.39768,43.29391],[5.40009,43.29272],[5.40119,43.29257],[5.40153,43.29354],[5.40031,43.2958],[5.39785,43.29566],[5.39649,43.29558]]]},"properties":{"code_territoire":"iris132050206","libelle_territoire":"Barry-Camas"}},
{"type":"Feature","geometry":{"type":"Polygon","coordinates":[[[5.38871,43.29329],[5.38903,43.29428],[5.39299,43.29408],[5.39768,43.29391],[5.39568,43.29548],[5.39081,43.29529],[5.38719,43.29507],[5.38666,43.29397],[5.38743,43.29374],[5.38871,43.29329]]]},"properties":{"code_territoire":"iris132050207","libelle_territoire":"Olivier-Chave"}},
{"type":"Feature","geometry":{"type":"Polygon","coordinates":[[[5.39689,43.29235],[5.40009,43.29272],[5.39768,43.29391],[5.39299,43.29408],[5.39293,43.29291],[5.39585,43.29225],[5.39689,43.29235]]]},"properties":{"code_territoire":"iris132050301","libelle_territoire":"Astruc"}},
{"type":"Feature","geometry":{"type":"Polygon","coordinates":[[[5.38905,43.29318],[5.39369,43.29196],[5.39585,43.29225],[5.39293,43.29291],[5.39299,43.29408],[5.38903,43.29428],[5.38871,43.29329],[5.38905,43.29318]]]},"properties":{"code_territoire":"iris132050302","libelle_territoire":"Ferrari"}},
{"type":"Feature","geometry":{"type":"Polygon","coordinates":[[[5.3891,43.29049],[5.39046,43.28982],[5.39334,43.29128],[5.39369,43.29196],[5.38905,43.29318],[5.3891,43.29049]]]},"properties":{"code_territoire":"iris132050303","libelle_territoire":"Arago-Brochier"}},
{"type":"Feature","geometry":{"type":"Polygon","coordinates":[[[5.39007,43.2876],[5.39276,43.28832],[5.39334,43.29128],[5.39046,43.28982],[5.3891,43.29049],[5.38911,43.28997],[5.39007,43.2876]]]},"properties":{"code_territoire":"iris132050304","libelle_territoire":"Pauriol-Vertus"}},
{"type":"Feature","geometry":{"type":"Polygon","coordinates":[[[5.39334,43.29128],[5.39276,43.28832],[5.39484,43.28888],[5.39725,43.28953],[5.39745,43.29123],[5.39689,43.29235],[5.39585,43.29225],[5.39369,43.29196],[5.39334,43.29128]]]},"properties":{"code_territoire":"iris132050305","libelle_territoire":"Hôpital La Conception"}},
{"type":"Feature","geometry":{"type":"Polygon","coordinates":[[[5.40621,43.29623],[5.40596,43.29616],[5.40031,43.2958],[5.40153,43.29354],[5.40614,43.29347],[5.40674,43.29551],[5.40621,43.29623]]]},"properties":{"code_territoire":"iris132050401","libelle_territoire":"Jean Martin"}},
{"type":"Feature","geometry":{"type":"Polygon","coordinates":[[[5.40718,43.29143],[5.40614,43.29347],[5.40153,43.29354],[5.40119,43.29257],[5.40095,43.29228],[5.40599,43.29038],[5.40679,43.29002],[5.40718,43.29143]]]},"properties":{"code_territoire":"iris132050402","libelle_territoire":"Riviera-Facultés"}},
{"type":"Feature","geometry":{"type":"Polygon","coordinates":[[[5.40674,43.29551],[5.40614,43.29347],[5.40718,43.29143],[5.41492,43.2917],[5.4156,43.29347],[5.40875,43.29565],[5.40674,43.29551]]]},"properties":{"code_territoire":"iris132050403","libelle_territoire":"Louis Loucheur"}},
{"type":"Feature","geometry":{"type":"Polygon","coordinates":[[[5.38692,43.28327],[5.38556,43.28416],[5.38442,43.28472],[5.38082,43.2839],[5.38177,43.28163],[5.38198,43.28114],[5.38596,43.282],[5.38826,43.28237],[5.38692,43.28327]]]},"properties":{"code_territoire":"iris132060101","libelle_territoire":"Escat-Saint-Adrien"}},
{"type":"Feature","geometry":{"type":"Polygon","coordinates":[[[5.37921,43.28768],[5.38082,43.2839],[5.38442,43.28472],[5.38313,43.28685],[5.37921,43.28768]]]},"properties":{"code_territoire":"iris132060102","libelle_territoire":"Fiolle-Castellane"}},
{"type":"Feature","geometry":{"type":"Polygon","coordinates":[[[5.37921,43.28768],[5.38313,43.28685],[5.38442,43.28472],[5.38556,43.28416],[5.38484,43.28604],[5.38545,43.28631],[5.38412,43.28909],[5.37909,43.28797],[5.37921,43.28768]]]},"properties":{"code_territoire":"iris132060103","libelle_territoire":"Castellane-Italie"}},
{"type":"Feature","geometry":{"type":"Polygon","coordinates":[[[5.3859,43.28583],[5.38696,43.28469],[5.38826,43.2853],[5.3859,43.28583]]]},"properties":{"code_territoire":"iris132060201","libelle_territoire":"Delphes-Toulon"}},
{"type":"Feature","geometry":{"type":"Polygon","coordinates":[[[5.39072,43.28488],[5.38826,43.2853],[5.38696,43.28469],[5.3859,43.28583],[5.38484,43.28604],[5.38556,43.28416],[5.38692,43.28327],[5.38874,43.28315],[5.39274,43.28312],[5.39195,43.28476],[5.39072,43.28488]]]},"properties":{"code_territoire":"iris132060202","libelle_territoire":"Le Méditerranée"}},
{"type":"Feature","geometry":{"type":"Polygon","coordinates":[[[5.39007,43.2876],[5.38545,43.28631],[5.38484,43.28604],[5.3859,43.28583],[5.38826,43.2853],[5.39072,43.28488],[5.39137,43.2863],[5.39007,43.2876]]]},"properties":{"code_territoire":"iris132060203","libelle_territoire":"Gouffe"}},
{"type":"Feature","geometry":{"type":"Polygon","coordinates":[[[5.18632,43.48408],[5.17837,43.48519],[5.17414,43.48907],[5.16996,43.48126],[5.171,43.4793],[5.17375,43.48001],[5.17034,43.47641],[5.171,43.47367],[5.18073,43.4781],[5.18627,43.48246],[5.18632,43.48408]]]},"properties":{"code_territoire":"iris130140103","libelle_territoire":"Capevaire-La Boétie"}},
{"type":"Feature","geometry":{"type":"Polygon","coordinates":[[[5.16213,43.48357],[5.16349,43.48432],[5.16148,43.48624],[5.168,43.48874],[5.17414,43.48907],[5.17608,43.49343],[5.15809,43.49571],[5.14318,43.49287],[5.15491,43.48856],[5.16213,43.48357]]]},"properties":{"code_territoire":"iris130140104","libelle_territoire":"Les Romaniquettes-La Molle"}},
{"type":"Feature","geometry":{"type":"Polygon","coordinates":[[[5.19825,43.53222],[5.19665,43.5332],[5.19487,43.53253],[5.19618,43.52615],[5.18224,43.50714],[5.17737,43.50691],[5.17475,43.50388],[5.17229,43.50554],[5.16506,43.49927],[5.15809,43.49571],[5.17608,43.49343],[5.17414,43.48907],[5.17837,43.48519],[5.18632,43.48408],[5.20275,43.49116],[5.20265,43.49137],[5.19568,43.49876],[5.19415,43.50354],[5.20019,43.50917],[5.20079,43.51281],[5.2035,43.51259],[5.20482,43.51461],[5.20648,43.52465],[5.19825,43.53222]]]},"properties":{"code_territoire":"iris130140105","libelle_territoire":"Flory l'Aubette-Usine Shell"}},
{"type":"Feature","geometry":{"type":"Polygon","coordinates":[[[5.38911,43.28997],[5.38759,43.28994],[5.38412,43.28909],[5.38545,43.28631],[5.39007,43.2876],[5.38911,43.28997]]]},"properties":{"code_territoire":"iris132060204","libelle_territoire":"Marengo-Lodi"}},
{"type":"Feature","geometry":{"type":"Polygon","coordinates":[[[5.38759,43.28994],[5.3851,43.29197],[5.38245,43.29308],[5.38412,43.28909],[5.38759,43.28994]]]},"properties":{"code_territoire":"iris132060301","libelle_territoire":"Bergers"}},
{"type":"Feature","geometry":{"type":"Polygon","coordinates":[[[5.38743,43.29374],[5.3851,43.29197],[5.38759,43.28994],[5.38911,43.28997],[5.3891,43.29049],[5.38905,43.29318],[5.38871,43.29329],[5.38743,43.29374]]]},"properties":{"code_territoire":"iris132060302","libelle_territoire":"Tilsit-Blanqui"}},
{"type":"Feature","geometry":{"type":"Polygon","coordinates":[[[5.38232,43.29348],[5.38245,43.29308],[5.3851,43.29197],[5.38743,43.29374],[5.38666,43.29397],[5.38556,43.29429],[5.38149,43.29609],[5.3816,43.29573],[5.38232,43.29348]]]},"properties":{"code_territoire":"iris132060303","libelle_territoire":"Julien"}},
{"type":"Feature","geometry":{"type":"Polygon","coordinates":[[[5.37327,43.29127],[5.3731,43.28868],[5.37347,43.28783],[5.3765,43.28863],[5.376,43.28985],[5.37817,43.29014],[5.37729,43.29222],[5.37327,43.29127]]]},"properties":{"code_territoire":"iris132060401","libelle_territoire":"Pierre Puget"}},
{"type":"Feature","geometry":{"type":"Polygon","coordinates":[[[5.3731,43.28868],[5.37322,43.28666],[5.37696,43.2875],[5.37909,43.28797],[5.37883,43.28857],[5.37817,43.29014],[5.376,43.28985],[5.3765,43.28863],[5.37347,43.28783],[5.3731,43.28868]]]},"properties":{"code_territoire":"iris132060402","libelle_territoire":"Saint-Jacques-Breteuil"}},
{"type":"Feature","geometry":{"type":"Polygon","coordinates":[[[5.37097,43.28923],[5.37023,43.28613],[5.37224,43.28547],[5.37328,43.28652],[5.37322,43.28666],[5.3731,43.28868],[5.37327,43.29127],[5.37214,43.29097],[5.37097,43.28923]]]},"properties":{"code_territoire":"iris132060403","libelle_territoire":"Aune-Puget"}},
{"type":"Feature","geometry":{"type":"Polygon","coordinates":[[[5.37729,43.29222],[5.37817,43.29014],[5.37883,43.28857],[5.38147,43.29],[5.37985,43.29283],[5.37883,43.29259],[5.37729,43.29222]]]},"properties":{"code_territoire":"iris132060501","libelle_territoire":"Félix Baret"}},
{"type":"Feature","geometry":{"type":"Polygon","coordinates":[[[5.37985,43.29283],[5.38147,43.29],[5.37883,43.28857],[5.37909,43.28797],[5.38412,43.28909],[5.38245,43.29308],[5.38232,43.29348],[5.37985,43.29283]]]},"properties":{"code_territoire":"iris132060502","libelle_territoire":"Salvator"}},
{"type":"Feature","geometry":{"type":"Polygon","coordinates":[[[5.38177,43.28163],[5.38082,43.2839],[5.37921,43.28768],[5.37909,43.28797],[5.37696,43.2875],[5.37767,43.28576],[5.37854,43.28137],[5.3784,43.28095],[5.38177,43.28163]]]},"properties":{"code_territoire":"iris132060601","libelle_territoire":"Torrents-Escat"}},
{"type":"Feature","geometry":{"type":"Polygon","coordinates":[[[5.37515,43.28351],[5.37767,43.28576],[5.37696,43.2875],[5.37322,43.28666],[5.37328,43.28652],[5.37515,43.28351]]]},"properties":{"code_territoire":"iris132060602","libelle_territoire":"Vauban-Fénelon"}},
{"type":"Feature","geometry":{"type":"Polygon","coordinates":[[[5.3784,43.28095],[5.37854,43.28137],[5.37658,43.28029],[5.37377,43.2822],[5.37515,43.28351],[5.37328,43.28652],[5.37224,43.28547],[5.37023,43.28613],[5.37039,43.28404],[5.37215,43.28042],[5.37382,43.2792],[5.37855,43.27999],[5.3784,43.28095]]]},"properties":{"code_territoire":"iris132060603","libelle_territoire":"Notre-Dame de la Garde"}},
{"type":"Feature","geometry":{"type":"Polygon","coordinates":[[[5.37767,43.28576],[5.37515,43.28351],[5.37377,43.2822],[5.37658,43.28029],[5.37854,43.28137],[5.37767,43.28576]]]},"properties":{"code_territoire":"iris132060604","libelle_territoire":"Martinique"}},
{"type":"Feature","geometry":{"type":"Polygon","coordinates":[[[5.35993,43.2752],[5.36298,43.27842],[5.36339,43.28222],[5.36114,43.28206],[5.35997,43.28507],[5.35821,43.28431],[5.35732,43.28392],[5.35886,43.28166],[5.35479,43.2783],[5.35457,43.27824],[5.35993,43.2752]]]},"properties":{"code_territoire":"iris132070101","libelle_territoire":"Oriol-Baudille"}},
{"type":"Feature","geometry":{"type":"Polygon","coordinates":[[[5.35997,43.28507],[5.36114,43.28206],[5.36339,43.28222],[5.36298,43.27842],[5.36692,43.28089],[5.36892,43.28052],[5.36744,43.28406],[5.36748,43.28421],[5.36491,43.28323],[5.35997,43.28507]]]},"properties":{"code_territoire":"iris132070102","libelle_territoire":"Amédée Autran"}},
{"type":"Feature","geometry":{"type":"Polygon","coordinates":[[[5.35598,43.28396],[5.35082,43.28242],[5.35331,43.28057],[5.35342,43.27911],[5.35479,43.2783],[5.35886,43.28166],[5.35732,43.28392],[5.35598,43.28396]]]},"properties":{"code_territoire":"iris132070201","libelle_territoire":"Valmer"}},
{"type":"Feature","geometry":{"type":"MultiPolygon","coordinates":[[[[5.35116,43.28521],[5.34878,43.28576],[5.34857,43.28226],[5.34686,43.28305],[5.34598,43.28112],[5.35014,43.27977],[5.3502,43.28056],[5.35217,43.27979],[5.35287,43.28051],[5.35314,43.27895],[5.35457,43.27824],[5.35479,43.2783],[5.35342,43.27911],[5.35331,43.28057],[5.35082,43.28242],[5.35598,43.28396],[5.35116,43.28521]]],[[[5.35284,43.28852],[5.3493,43.28571],[5.35136,43.28526],[5.35308,43.28837],[5.35284,43.28852]]]]},"properties":{"code_territoire":"iris132070202","libelle_territoire":"Malmousque-Pêcheurs"}},
{"type":"Feature","geometry":{"type":"Polygon","coordinates":[[[5.20166,43.53513],[5.19529,43.53356],[5.18836,43.53939],[5.17689,43.53975],[5.16502,43.54032],[5.15676,43.53722],[5.15514,43.53429],[5.14548,43.53067],[5.13817,43.52551],[5.13417,43.52431],[5.13115,43.52939],[5.13046,43.52768],[5.12187,43.52295],[5.12188,43.51565],[5.11803,43.51326],[5.11439,43.51131],[5.11918,43.5102],[5.11363,43.51082],[5.11237,43.50704],[5.12088,43.50833],[5.12618,43.50461],[5.13183,43.50517],[5.12611,43.50452],[5.12027,43.50811],[5.11249,43.5064],[5.1199,43.49777],[5.12304,43.49033],[5.12238,43.48798],[5.12987,43.47816],[5.13261,43.4717],[5.13677,43.46987],[5.14239,43.46414],[5.14163,43.45934],[5.14338,43.4602],[5.15097,43.45697],[5.15171,43.4554],[5.15682,43.45521],[5.15534,43.45796],[5.16109,43.46222],[5.15537,43.45882],[5.15356,43.4599],[5.1593,43.46369],[5.16051,43.4683],[5.16491,43.47195],[5.16565,43.47575],[5.16139,43.47798],[5.16171,43.47995],[5.16532,43.4809],[5.16531,43.48193],[5.16213,43.48357],[5.15491,43.48856],[5.14318,43.49287],[5.15809,43.49571],[5.16506,43.49927],[5.17229,43.50554],[5.17475,43.50388],[5.17737,43.50691],[5.18224,43.50714],[5.19618,43.52615],[5.19487,43.53253],[5.19665,43.5332],[5.19825,43.53222],[5.20046,43.53228],[5.20166,43.53513]]]},"properties":{"code_territoire":"iris130140106","libelle_territoire":"Secteur Rural-Hameaux"}},
{"type":"Feature","geometry":{"type":"Polygon","coordinates":[[[5.39268,43.4164],[5.41063,43.42237],[5.41319,43.42099],[5.41641,43.42159],[5.4171,43.42551],[5.4195,43.4255],[5.41826,43.42871],[5.41623,43.43445],[5.41825,43.43577],[5.41579,43.44707],[5.40588,43.44519],[5.40169,43.44726],[5.39732,43.44737],[5.39785,43.44856],[5.39577,43.44934],[5.39647,43.45604],[5.39079,43.46017],[5.39371,43.46283],[5.39093,43.46335],[5.38851,43.4638],[5.38749,43.46193],[5.3875,43.45478],[5.38856,43.45123],[5.38727,43.44878],[5.39238,43.43925],[5.39143,43.43372],[5.38459,43.42989],[5.38388,43.4255],[5.37494,43.41999],[5.37928,43.41462],[5.38575,43.41437],[5.39268,43.4164]]]},"properties":{"code_territoire":"iris130150101","libelle_territoire":"Sud"}},
{"type":"Feature","geometry":{"type":"Polygon","coordinates":[[[5.35821,43.28431],[5.35794,43.28452],[5.35433,43.28777],[5.35308,43.28837],[5.35136,43.28526],[5.35116,43.28521],[5.35598,43.28396],[5.35732,43.28392],[5.35821,43.28431]]]},"properties":{"code_territoire":"iris132070203","libelle_territoire":"Vallon des Auffes"}},
{"type":"Feature","geometry":{"type":"MultiPolygon","coordinates":[[[[5.28705,43.26623],[5.28617,43.26422],[5.28829,43.26333],[5.28718,43.26227],[5.28926,43.26045],[5.28937,43.26264],[5.29189,43.26241],[5.29259,43.26352],[5.29203,43.26485],[5.29431,43.26458],[5.2964,43.26714],[5.29889,43.26688],[5.29867,43.26825],[5.29972,43.2677],[5.30127,43.26972],[5.30343,43.26996],[5.29947,43.26957],[5.30145,43.27217],[5.30846,43.27292],[5.31126,43.27463],[5.31197,43.27581],[5.30973,43.27672],[5.30413,43.2765],[5.30359,43.27879],[5.30671,43.27885],[5.30883,43.28148],[5.31202,43.28095],[5.31317,43.28034],[5.31071,43.27717],[5.31654,43.28233],[5.31549,43.2841],[5.31984,43.28271],[5.32049,43.2848],[5.32398,43.28633],[5.31925,43.28609],[5.31893,43.28461],[5.31675,43.2853],[5.31677,43.28696],[5.31272,43.28736],[5.31422,43.28504],[5.31232,43.28422],[5.30591,43.2854],[5.30539,43.28436],[5.30233,43.2854],[5.30018,43.2843],[5.30543,43.28177],[5.29235,43.2807],[5.29313,43.27938],[5.29799,43.27839],[5.30337,43.28013],[5.30211,43.27923],[5.30359,43.2762],[5.3015,43.27535],[5.30264,43.27443],[5.30123,43.27458],[5.30131,43.2735],[5.30034,43.27407],[5.30091,43.27305],[5.29733,43.27225],[5.29548,43.26887],[5.2933,43.26892],[5.29211,43.26739],[5.29219,43.26896],[5.29074,43.26796],[5.28999,43.26871],[5.29011,43.26699],[5.28705,43.26623]]],[[[5.32654,43.28046],[5.32456,43.28047],[5.32447,43.27901],[5.32791,43.28005],[5.32654,43.28046]]],[[[5.34728,43.29063],[5.35035,43.28919],[5.34559,43.29149],[5.34728,43.29063]]]]},"properties":{"code_territoire":"iris132070301","libelle_territoire":"Les Îles"}},
{"type":"Feature","geometry":{"type":"Polygon","coordinates":[[[5.43354,43.44089],[5.43552,43.44281],[5.42835,43.44768],[5.41579,43.44707],[5.41825,43.43577],[5.43354,43.44089]]]},"properties":{"code_territoire":"iris130150102","libelle_territoire":"La Salle"}},
{"type":"Feature","geometry":{"type":"Polygon","coordinates":[[[5.44857,43.45992],[5.44731,43.45853],[5.44288,43.45937],[5.44176,43.45728],[5.43495,43.45315],[5.42451,43.45354],[5.41741,43.45165],[5.41741,43.45446],[5.41559,43.45546],[5.41499,43.45469],[5.41326,43.45252],[5.40902,43.45217],[5.41035,43.45052],[5.41322,43.45176],[5.41732,43.45119],[5.41579,43.44707],[5.42835,43.44768],[5.43552,43.44281],[5.43354,43.44089],[5.44018,43.44446],[5.4451,43.44748],[5.44347,43.44977],[5.44563,43.45163],[5.44432,43.45199],[5.44857,43.45992]]]},"properties":{"code_territoire":"iris130150103","libelle_territoire":"Escaillon"}},
{"type":"Feature","geometry":{"type":"Polygon","coordinates":[[[5.36144,43.29276],[5.35905,43.29144],[5.35956,43.28869],[5.36208,43.28912],[5.36406,43.28944],[5.36401,43.2929],[5.36157,43.29391],[5.36144,43.29276]]]},"properties":{"code_territoire":"iris132070401","libelle_territoire":"Saint-Nicolas"}},
{"type":"Feature","geometry":{"type":"Polygon","coordinates":[[[5.35284,43.28852],[5.35308,43.28837],[5.35905,43.29144],[5.36144,43.29276],[5.36126,43.29409],[5.35785,43.2952],[5.35626,43.29422],[5.3555,43.29529],[5.35338,43.29225],[5.35514,43.29114],[5.35482,43.28942],[5.35284,43.28852]]]},"properties":{"code_territoire":"iris132070402","libelle_territoire":"Les Catalans"}},
{"type":"Feature","geometry":{"type":"Polygon","coordinates":[[[5.35956,43.28869],[5.35905,43.29144],[5.35308,43.28837],[5.35433,43.28777],[5.35877,43.28856],[5.35956,43.28869]]]},"properties":{"code_territoire":"iris132070403","libelle_territoire":"César Aleman"}},
{"type":"Feature","geometry":{"type":"Polygon","coordinates":[[[5.37215,43.28042],[5.36872,43.27991],[5.36555,43.27626],[5.36563,43.27002],[5.3685,43.26885],[5.37196,43.26764],[5.37267,43.27249],[5.3728,43.27405],[5.37382,43.2792],[5.37215,43.28042]]]},"properties":{"code_territoire":"iris132070501","libelle_territoire":"Estrangin"}},
{"type":"Feature","geometry":{"type":"Polygon","coordinates":[[[5.37039,43.28404],[5.36744,43.28406],[5.36892,43.28052],[5.36692,43.28089],[5.36298,43.27842],[5.35993,43.2752],[5.36197,43.2741],[5.36309,43.27042],[5.36802,43.26831],[5.3685,43.26885],[5.36563,43.27002],[5.36555,43.27626],[5.36872,43.27991],[5.37215,43.28042],[5.37039,43.28404]]]},"properties":{"code_territoire":"iris132070502","libelle_territoire":"Roches-Prophète"}},
{"type":"Feature","geometry":{"type":"Polygon","coordinates":[[[5.35877,43.28856],[5.35433,43.28777],[5.35794,43.28452],[5.35877,43.28856]]]},"properties":{"code_territoire":"iris132070601","libelle_territoire":"Samatan"}},
{"type":"Feature","geometry":{"type":"Polygon","coordinates":[[[5.35877,43.28856],[5.35794,43.28452],[5.35821,43.28431],[5.35997,43.28507],[5.36058,43.28617],[5.36255,43.28712],[5.36208,43.28912],[5.35956,43.28869],[5.35877,43.28856]]]},"properties":{"code_territoire":"iris132070602","libelle_territoire":"Crinas-Saint-Eugène"}},
{"type":"Feature","geometry":{"type":"Polygon","coordinates":[[[5.36208,43.28912],[5.36255,43.28712],[5.36058,43.28617],[5.36579,43.28755],[5.36406,43.28944],[5.36208,43.28912]]]},"properties":{"code_territoire":"iris132070603","libelle_territoire":"Tobelem-Endoume"}},
{"type":"Feature","geometry":{"type":"Polygon","coordinates":[[[5.36579,43.28755],[5.36058,43.28617],[5.35997,43.28507],[5.36491,43.28323],[5.36748,43.28421],[5.36667,43.28816],[5.36579,43.28755]]]},"properties":{"code_territoire":"iris132070604","libelle_territoire":"Dellepiane"}},
{"type":"Feature","geometry":{"type":"Polygon","coordinates":[[[5.37097,43.28923],[5.36647,43.28893],[5.36667,43.28816],[5.36748,43.28421],[5.36744,43.28406],[5.37039,43.28404],[5.37023,43.28613],[5.37097,43.28923]]]},"properties":{"code_territoire":"iris132070701","libelle_territoire":"Tellène"}},
{"type":"Feature","geometry":{"type":"Polygon","coordinates":[[[5.37147,43.29247],[5.36649,43.29066],[5.36647,43.28893],[5.37097,43.28923],[5.37214,43.29097],[5.37147,43.29247]]]},"properties":{"code_territoire":"iris132070702","libelle_territoire":"Corderie"}},
{"type":"Feature","geometry":{"type":"Polygon","coordinates":[[[5.36401,43.2929],[5.36406,43.28944],[5.36579,43.28755],[5.36667,43.28816],[5.36647,43.28893],[5.36649,43.29066],[5.37147,43.29247],[5.37108,43.29345],[5.3651,43.29251],[5.36439,43.29115],[5.36401,43.2929]]]},"properties":{"code_territoire":"iris132070703","libelle_territoire":"La Criée"}},
{"type":"Feature","geometry":{"type":"Polygon","coordinates":[[[5.41579,43.44707],[5.41732,43.45119],[5.41322,43.45176],[5.41035,43.45052],[5.40902,43.45217],[5.41326,43.45252],[5.41499,43.45469],[5.41023,43.46131],[5.40763,43.45986],[5.40474,43.46078],[5.40113,43.4576],[5.39371,43.46283],[5.39079,43.46017],[5.39647,43.45604],[5.39577,43.44934],[5.39785,43.44856],[5.39732,43.44737],[5.40169,43.44726],[5.40588,43.44519],[5.41579,43.44707]]]},"properties":{"code_territoire":"iris130150104","libelle_territoire":"Gardure"}},
{"type":"Feature","geometry":{"type":"Polygon","coordinates":[[[5.39093,43.46335],[5.39371,43.46283],[5.40113,43.4576],[5.40474,43.46078],[5.40763,43.45986],[5.41023,43.46131],[5.41499,43.45469],[5.41559,43.45546],[5.41741,43.45446],[5.41741,43.45165],[5.42451,43.45354],[5.43495,43.45315],[5.44176,43.45728],[5.44288,43.45937],[5.44731,43.45853],[5.44857,43.45992],[5.44785,43.46742],[5.44185,43.4715],[5.43729,43.47143],[5.43322,43.47395],[5.42601,43.47149],[5.42157,43.47318],[5.41854,43.47075],[5.40635,43.47058],[5.40384,43.47044],[5.39977,43.46593],[5.39518,43.46631],[5.39093,43.46335]]]},"properties":{"code_territoire":"iris130150105","libelle_territoire":"Nord"}},
{"type":"Feature","geometry":{"type":"Polygon","coordinates":[[[5.58178,43.40497],[5.58548,43.39859],[5.58559,43.39299],[5.58686,43.39369],[5.58976,43.39171],[5.59525,43.39139],[5.59906,43.39076],[5.60823,43.37652],[5.61562,43.38154],[5.61549,43.38303],[5.61904,43.38393],[5.61878,43.38943],[5.62222,43.39291],[5.62884,43.39174],[5.63851,43.38709],[5.65115,43.38645],[5.6521,43.38798],[5.6538,43.38746],[5.65564,43.39155],[5.66057,43.39326],[5.66436,43.39817],[5.67032,43.40008],[5.6442,43.40056],[5.63908,43.40403],[5.63628,43.40687],[5.62747,43.40977],[5.61445,43.40968],[5.61381,43.41107],[5.61039,43.4119],[5.60782,43.40905],[5.59421,43.40623],[5.59155,43.40762],[5.59075,43.4056],[5.58178,43.40497]]]},"properties":{"code_territoire":"iris130160000","libelle_territoire":"La Bouilladisse (commune non irisée)"}},
{"type":"Feature","geometry":{"type":"Polygon","coordinates":[[[4.70933,43.89804],[4.69287,43.88453],[4.66741,43.87635],[4.66542,43.87504],[4.66545,43.87196],[4.66236,43.87084],[4.66746,43.86098],[4.67425,43.85961],[4.66811,43.84754],[4.68141,43.84766],[4.68676,43.84499],[4.6982,43.84538],[4.71078,43.85125],[4.72127,43.85244],[4.72098,43.86033],[4.72874,43.86589],[4.7261,43.86791],[4.73004,43.88098],[4.72003,43.88193],[4.71993,43.88444],[4.71557,43.88662],[4.71161,43.89931],[4.70933,43.89804]]]},"properties":{"code_territoire":"iris130170000","libelle_territoire":"Boulbon (commune non irisée)"}},
{"type":"Feature","geometry":{"type":"Polygon","coordinates":[[[5.38189,43.25406],[5.37628,43.25434],[5.37504,43.2491],[5.37756,43.24822],[5.38167,43.2486],[5.38182,43.24967],[5.38189,43.25406]]]},"properties":{"code_territoire":"iris132080101","libelle_territoire":"Les Vagues"}},
{"type":"Feature","geometry":{"type":"Polygon","coordinates":[[[5.38182,43.24967],[5.38243,43.24843],[5.38546,43.25061],[5.38927,43.25033],[5.39145,43.25227],[5.38346,43.258],[5.38189,43.25406],[5.38182,43.24967]]]},"properties":{"code_territoire":"iris132080102","libelle_territoire":"Hambourg Sablier"}},
{"type":"Feature","geometry":{"type":"Polygon","coordinates":[[[5.37355,43.24925],[5.37504,43.2491],[5.37628,43.25434],[5.38189,43.25406],[5.38346,43.258],[5.38459,43.25883],[5.38357,43.26276],[5.38189,43.26239],[5.37529,43.2605],[5.37403,43.25983],[5.3753,43.25629],[5.37188,43.25432],[5.3735,43.25485],[5.37434,43.25319],[5.37076,43.25157],[5.3728,43.25215],[5.37355,43.24925]]]},"properties":{"code_territoire":"iris132080103","libelle_territoire":"Parc Borély"}},
{"type":"Feature","geometry":{"type":"MultiPolygon","coordinates":[[[[5.22896,43.19918],[5.22882,43.19769],[5.23146,43.19883],[5.22896,43.19918]]],[[[5.35567,43.20102],[5.35673,43.19959],[5.36098,43.19908],[5.36226,43.19685],[5.37167,43.19389],[5.36289,43.19994],[5.35851,43.19967],[5.35748,43.20135],[5.35567,43.20102]]],[[[5.33023,43.21239],[5.32854,43.21238],[5.33353,43.20943],[5.33482,43.20994],[5.33834,43.20794],[5.34,43.20927],[5.3398,43.21175],[5.33799,43.2128],[5.33023,43.21239]]],[[[5.32601,43.21447],[5.32507,43.21368],[5.32815,43.21373],[5.32601,43.21447]]],[[[5.38156,43.20973],[5.38363,43.22339],[5.37843,43.22343],[5.37347,43.22464],[5.37115,43.22267],[5.36805,43.22289],[5.36628,43.2215],[5.35923,43.22596],[5.35395,43.2272],[5.34693,43.22544],[5.34824,43.22518],[5.34615,43.22458],[5.34485,43.2218],[5.34639,43.21544],[5.34487,43.21705],[5.3425,43.21674],[5.34288,43.21475],[5.33612,43.21497],[5.3371,43.21361],[5.34057,43.2139],[5.34477,43.21216],[5.34715,43.213],[5.35092,43.21116],[5.3536,43.21249],[5.35233,43.21018],[5.35716,43.2084],[5.36158,43.20969],[5.36393,43.20729],[5.37027,43.2077],[5.37204,43.20969],[5.37302,43.20849],[5.37998,43.21066],[5.38156,43.20973]]],[[[5.4011,43.17658],[5.40062,43.17519],[5.40266,43.1763],[5.4011,43.17658]]],[[[5.37508,43.17822],[5.37178,43.17941],[5.3727,43.17704],[5.37806,43.17573],[5.38155,43.17629],[5.38137,43.17473],[5.38656,43.174],[5.38472,43.17367],[5.38641,43.1726],[5.39866,43.17375],[5.39605,43.176],[5.38638,43.17917],[5.38385,43.17856],[5.3844,43.17941],[5.38081,43.18073],[5.37496,43.17949],[5.37508,43.17822]]],[[[5.38333,43.19034],[5.38137,43.18971],[5.38411,43.18721],[5.38902,43.18536],[5.39155,43.18616],[5.38699,43.18836],[5.38435,43.18812],[5.38532,43.18913],[5.38333,43.19034]]]]},"properties":{"code_territoire":"iris132080201","libelle_territoire":"Les Goudes"}},
{"type":"Feature","geometry":{"type":"Polygon","coordinates":[[[4.99734,43.845],[4.97544,43.86679],[4.96616,43.87182],[4.94724,43.87758],[4.93046,43.88443],[4.93508,43.87974],[4.93359,43.8724],[4.921,43.8678],[4.92507,43.86382],[4.9252,43.85861],[4.93056,43.85596],[4.93192,43.85336],[4.93431,43.84893],[4.97029,43.84537],[4.97565,43.84122],[4.97734,43.83484],[4.9848,43.83537],[4.99232,43.83881],[4.99734,43.845]]]},"properties":{"code_territoire":"iris130180000","libelle_territoire":"Cabannes (commune non irisée)"}},
{"type":"Feature","geometry":{"type":"Polygon","coordinates":[[[5.3244,43.45864],[5.32673,43.45651],[5.32864,43.45661],[5.33551,43.46211],[5.35305,43.46116],[5.35485,43.47205],[5.35188,43.47519],[5.35282,43.47714],[5.35622,43.47862],[5.35595,43.48],[5.34893,43.48257],[5.34493,43.48227],[5.33946,43.48732],[5.33497,43.48892],[5.32573,43.48451],[5.32467,43.48561],[5.32003,43.4841],[5.32109,43.48002],[5.31984,43.47732],[5.32939,43.46179],[5.3244,43.45864]]]},"properties":{"code_territoire":"iris130190101","libelle_territoire":"Calas"}},
{"type":"Feature","geometry":{"type":"Polygon","coordinates":[[[5.31079,43.43156],[5.32621,43.42821],[5.34419,43.4193],[5.34849,43.42031],[5.35554,43.422],[5.35842,43.41772],[5.36084,43.41701],[5.36658,43.42013],[5.37059,43.42787],[5.36776,43.42867],[5.36299,43.43607],[5.35891,43.45227],[5.37213,43.44482],[5.38051,43.4475],[5.37997,43.45108],[5.38207,43.45489],[5.38451,43.45585],[5.3875,43.45478],[5.38749,43.46193],[5.3794,43.46562],[5.37727,43.46969],[5.37315,43.47225],[5.36572,43.47277],[5.36011,43.48036],[5.35775,43.48114],[5.35621,43.48005],[5.35595,43.48],[5.35622,43.47862],[5.35282,43.47714],[5.35188,43.47519],[5.35485,43.47205],[5.35305,43.46116],[5.33551,43.46211],[5.32864,43.45661],[5.32673,43.45651],[5.3244,43.45864],[5.30797,43.45119],[5.30101,43.44603],[5.31079,43.43156]]]},"properties":{"code_territoire":"iris130190102","libelle_territoire":"Extérieurs"}},
{"type":"Feature","geometry":{"type":"Polygon","coordinates":[[[5.34844,43.22831],[5.35245,43.22782],[5.35511,43.2313],[5.35954,43.22738],[5.36583,43.22705],[5.36392,43.22819],[5.36475,43.23137],[5.36299,43.23139],[5.35952,43.23548],[5.35579,43.23293],[5.35295,43.23308],[5.35336,43.23222],[5.35264,43.23348],[5.34993,43.23199],[5.34844,43.22831]]]},"properties":{"code_territoire":"iris132080301","libelle_territoire":"La Verrerie"}},
{"type":"Feature","geometry":{"type":"Polygon","coordinates":[[[5.35952,43.23548],[5.36299,43.23139],[5.36475,43.23137],[5.36392,43.22819],[5.36583,43.22705],[5.36666,43.232],[5.36407,43.23379],[5.36623,43.23591],[5.36553,43.239],[5.36764,43.24059],[5.36793,43.24252],[5.3624,43.24161],[5.35952,43.23548]]]},"properties":{"code_territoire":"iris132080302","libelle_territoire":"Engalière-Carthage"}},
{"type":"Feature","geometry":{"type":"Polygon","coordinates":[[[5.38146,43.232],[5.37684,43.23378],[5.37223,43.23589],[5.37201,43.23838],[5.36764,43.24059],[5.36553,43.239],[5.36623,43.23591],[5.36407,43.23379],[5.36666,43.232],[5.36583,43.22705],[5.35954,43.22738],[5.35511,43.2313],[5.35245,43.22782],[5.34844,43.22831],[5.34693,43.22544],[5.35395,43.2272],[5.35923,43.22596],[5.36628,43.2215],[5.36805,43.22289],[5.37115,43.22267],[5.37347,43.22464],[5.37843,43.22343],[5.38185,43.22705],[5.38146,43.232]]]},"properties":{"code_territoire":"iris132080303","libelle_territoire":"Campagne Pastre"}},
{"type":"Feature","geometry":{"type":"Polygon","coordinates":[[[5.38198,43.28114],[5.38286,43.27907],[5.38719,43.27981],[5.38596,43.282],[5.38198,43.28114]]]},"properties":{"code_territoire":"iris132080401","libelle_territoire":"Farges-Périer"}},
{"type":"Feature","geometry":{"type":"Polygon","coordinates":[[[5.38986,43.27508],[5.3882,43.27803],[5.38778,43.27878],[5.38585,43.27856],[5.38741,43.27749],[5.38686,43.27459],[5.38986,43.27508]]]},"properties":{"code_territoire":"iris132080402","libelle_territoire":"Mermoz-Prado"}},
{"type":"Feature","geometry":{"type":"Polygon","coordinates":[[[5.38489,43.27428],[5.38686,43.27459],[5.38741,43.27749],[5.38585,43.27856],[5.38778,43.27878],[5.38719,43.27981],[5.38286,43.27907],[5.38489,43.27428]]]},"properties":{"code_territoire":"iris132080403","libelle_territoire":"Lord Duveen"}},
{"type":"Feature","geometry":{"type":"Polygon","coordinates":[[[5.37855,43.27999],[5.38216,43.27893],[5.38274,43.27383],[5.38503,43.27394],[5.38489,43.27428],[5.38286,43.27907],[5.38198,43.28114],[5.38177,43.28163],[5.3784,43.28095],[5.37855,43.27999]]]},"properties":{"code_territoire":"iris132080404","libelle_territoire":"Crémieux Vallence"}},
{"type":"Feature","geometry":{"type":"Polygon","coordinates":[[[5.37267,43.27249],[5.37932,43.2685],[5.38289,43.27095],[5.38277,43.27247],[5.37908,43.27396],[5.38099,43.27414],[5.38129,43.27663],[5.37826,43.27659],[5.37945,43.27527],[5.3762,43.27569],[5.37486,43.27339],[5.3728,43.27405],[5.37267,43.27249]]]},"properties":{"code_territoire":"iris132080405","libelle_territoire":"Cadenelle"}},
{"type":"Feature","geometry":{"type":"Polygon","coordinates":[[[5.3875,43.45478],[5.38451,43.45585],[5.38207,43.45489],[5.37997,43.45108],[5.38051,43.4475],[5.37213,43.44482],[5.35891,43.45227],[5.36299,43.43607],[5.36776,43.42867],[5.37059,43.42787],[5.36658,43.42013],[5.37494,43.41999],[5.38388,43.4255],[5.38459,43.42989],[5.39143,43.43372],[5.39238,43.43925],[5.38727,43.44878],[5.38856,43.45123],[5.3875,43.45478]]]},"properties":{"code_territoire":"iris130190103","libelle_territoire":"Cabriès"}},
{"type":"Feature","geometry":{"type":"Polygon","coordinates":[[[5.3728,43.27405],[5.37486,43.27339],[5.3762,43.27569],[5.37945,43.27527],[5.37826,43.27659],[5.38129,43.27663],[5.38099,43.27414],[5.37908,43.27396],[5.38277,43.27247],[5.38274,43.27383],[5.38216,43.27893],[5.37855,43.27999],[5.37382,43.2792],[5.3728,43.27405]]]},"properties":{"code_territoire":"iris132080406","libelle_territoire":"Les Boucles Périer"}},
{"type":"Feature","geometry":{"type":"Polygon","coordinates":[[[5.37196,43.26764],[5.37529,43.2605],[5.38189,43.26239],[5.38003,43.26525],[5.37932,43.2685],[5.37267,43.27249],[5.37196,43.26764]]]},"properties":{"code_territoire":"iris132080501","libelle_territoire":"La Plage"}},
{"type":"Feature","geometry":{"type":"Polygon","coordinates":[[[5.36802,43.26831],[5.36764,43.26612],[5.36883,43.26828],[5.37151,43.26624],[5.36865,43.26673],[5.36814,43.26304],[5.3703,43.26394],[5.37046,43.26175],[5.37253,43.26135],[5.37155,43.25995],[5.37262,43.25906],[5.37403,43.25983],[5.37529,43.2605],[5.37196,43.26764],[5.3685,43.26885],[5.36802,43.26831]]]},"properties":{"code_territoire":"iris132080502","libelle_territoire":"Le Palm Beach"}},
{"type":"Feature","geometry":{"type":"Polygon","coordinates":[[[5.3624,43.24161],[5.36793,43.24252],[5.36764,43.24059],[5.37201,43.23838],[5.37768,43.24038],[5.37319,43.24545],[5.3731,43.2455],[5.37019,43.24459],[5.36945,43.24634],[5.36781,43.24502],[5.36449,43.24571],[5.36809,43.2441],[5.3649,43.24265],[5.36311,43.24338],[5.36379,43.24638],[5.3624,43.24161]]]},"properties":{"code_territoire":"iris132080601","libelle_territoire":"Port de la Pointe Rouge"}},
{"type":"Feature","geometry":{"type":"Polygon","coordinates":[[[5.37684,43.23378],[5.37814,43.23432],[5.3777,43.23714],[5.3791,43.23591],[5.37921,43.23702],[5.38298,43.2377],[5.38215,43.23898],[5.38601,43.24272],[5.38475,43.24353],[5.38466,43.24355],[5.38048,43.24374],[5.37768,43.24038],[5.37201,43.23838],[5.37223,43.23589],[5.37684,43.23378]]]},"properties":{"code_territoire":"iris132080602","libelle_territoire":"Marseilleveyre"}},
{"type":"Feature","geometry":{"type":"Polygon","coordinates":[[[5.39117,43.23684],[5.38298,43.2377],[5.37921,43.23702],[5.3791,43.23591],[5.3777,43.23714],[5.37814,43.23432],[5.37684,43.23378],[5.38146,43.232],[5.38955,43.23303],[5.39194,43.23497],[5.39117,43.23684]]]},"properties":{"code_territoire":"iris132080603","libelle_territoire":"Les Tours Granados"}},
{"type":"Feature","geometry":{"type":"Polygon","coordinates":[[[5.39004,43.24153],[5.38653,43.2446],[5.38475,43.24353],[5.38601,43.24272],[5.38215,43.23898],[5.38298,43.2377],[5.39117,43.23684],[5.39277,43.23976],[5.39004,43.24153]]]},"properties":{"code_territoire":"iris132080604","libelle_territoire":"Roy d'Espagne Chabrier"}},
{"type":"Feature","geometry":{"type":"Polygon","coordinates":[[[5.38596,43.282],[5.38719,43.27981],[5.38778,43.27878],[5.3882,43.27803],[5.39173,43.27904],[5.38906,43.2815],[5.39052,43.2822],[5.38874,43.28315],[5.38692,43.28327],[5.38826,43.28237],[5.38596,43.282]]]},"properties":{"code_territoire":"iris132080701","libelle_territoire":"Turcat Méry"}},
{"type":"Feature","geometry":{"type":"Polygon","coordinates":[[[5.39052,43.2822],[5.38906,43.2815],[5.39173,43.27904],[5.39476,43.27628],[5.39591,43.27927],[5.39052,43.2822]]]},"properties":{"code_territoire":"iris132080702","libelle_territoire":"Roger Renzo"}},
{"type":"Feature","geometry":{"type":"Polygon","coordinates":[[[5.39591,43.27927],[5.39476,43.27628],[5.39237,43.2763],[5.39019,43.27449],[5.39104,43.27299],[5.39595,43.27544],[5.39917,43.27303],[5.39983,43.27462],[5.39902,43.2776],[5.39591,43.27927]]]},"properties":{"code_territoire":"iris132080703","libelle_territoire":"Rabatau"}},
{"type":"Feature","geometry":{"type":"Polygon","coordinates":[[[5.55594,43.40505],[5.55043,43.406],[5.54952,43.40319],[5.53725,43.40294],[5.53337,43.40166],[5.53518,43.40033],[5.53058,43.39808],[5.50443,43.38806],[5.51296,43.38251],[5.51497,43.38597],[5.51705,43.38665],[5.53117,43.38751],[5.54466,43.39076],[5.55553,43.40018],[5.55621,43.4027],[5.55441,43.40401],[5.55594,43.40505]]]},"properties":{"code_territoire":"iris130200000","libelle_territoire":"Cadolive (commune non irisée)"}},
{"type":"Feature","geometry":{"type":"Polygon","coordinates":[[[5.14939,43.32608],[5.14987,43.32875],[5.14714,43.33262],[5.15382,43.33291],[5.15537,43.33754],[5.1353,43.33359],[5.13531,43.32921],[5.13896,43.32782],[5.14173,43.32954],[5.14431,43.32674],[5.14939,43.32608]]]},"properties":{"code_territoire":"iris130210101","libelle_territoire":"Ouest"}},
{"type":"Feature","geometry":{"type":"Polygon","coordinates":[[[5.1545,43.32883],[5.15471,43.32981],[5.15878,43.33016],[5.15915,43.33311],[5.16687,43.33188],[5.16836,43.33298],[5.16743,43.33466],[5.16936,43.33418],[5.16365,43.33949],[5.15537,43.33754],[5.15382,43.33291],[5.14714,43.33262],[5.14987,43.32875],[5.14939,43.32608],[5.15062,43.3269],[5.1524,43.32608],[5.15176,43.33045],[5.15387,43.32951],[5.1526,43.32795],[5.1545,43.32883]]]},"properties":{"code_territoire":"iris130210102","libelle_territoire":"Centre"}},
{"type":"Feature","geometry":{"type":"Polygon","coordinates":[[[5.18485,43.33257],[5.18583,43.33632],[5.17606,43.33845],[5.16964,43.34886],[5.1693,43.34295],[5.16582,43.34039],[5.13645,43.33977],[5.13648,43.33969],[5.13738,43.33426],[5.1353,43.33359],[5.15537,43.33754],[5.16365,43.33949],[5.16936,43.33418],[5.16743,43.33466],[5.16836,43.33298],[5.16687,43.33188],[5.15915,43.33311],[5.15878,43.33016],[5.15471,43.32981],[5.1545,43.32883],[5.15831,43.32738],[5.16034,43.32904],[5.16318,43.32719],[5.16579,43.32876],[5.16875,43.32819],[5.1745,43.33452],[5.17805,43.33356],[5.17924,43.33133],[5.18485,43.33257]]]},"properties":{"code_territoire":"iris130210103","libelle_territoire":"Est Reganat d'Estral"}},
{"type":"Feature","geometry":{"type":"Polygon","coordinates":[[[5.39019,43.27449],[5.39237,43.2763],[5.39476,43.27628],[5.39173,43.27904],[5.3882,43.27803],[5.38986,43.27508],[5.39019,43.27449]]]},"properties":{"code_territoire":"iris132080704","libelle_territoire":"Louvain"}},
{"type":"Feature","geometry":{"type":"Polygon","coordinates":[[[5.39917,43.27303],[5.39595,43.27544],[5.39104,43.27299],[5.39083,43.27208],[5.39253,43.27036],[5.39393,43.26788],[5.3974,43.26756],[5.40154,43.26969],[5.39917,43.27303]]]},"properties":{"code_territoire":"iris132080801","libelle_territoire":"Parc Chanot"}},
{"type":"Feature","geometry":{"type":"Polygon","coordinates":[[[5.39393,43.26788],[5.39253,43.27036],[5.3884,43.26906],[5.38945,43.26736],[5.39041,43.26539],[5.39403,43.26772],[5.39393,43.26788]]]},"properties":{"code_territoire":"iris132080802","libelle_territoire":"Grand Saint-Giniez"}},
{"type":"Feature","geometry":{"type":"Polygon","coordinates":[[[5.38694,43.26968],[5.38355,43.26751],[5.38515,43.26538],[5.38945,43.26736],[5.3884,43.26906],[5.39253,43.27036],[5.39083,43.27208],[5.38694,43.26968]]]},"properties":{"code_territoire":"iris132080803","libelle_territoire":"Orado-Carmagnole"}},
{"type":"Feature","geometry":{"type":"Polygon","coordinates":[[[5.38189,43.26239],[5.38357,43.26276],[5.38935,43.26405],[5.39041,43.26539],[5.38945,43.26736],[5.38515,43.26538],[5.38355,43.26751],[5.38003,43.26525],[5.38189,43.26239]]]},"properties":{"code_territoire":"iris132080804","libelle_territoire":"Milan-Gabès"}},
{"type":"Feature","geometry":{"type":"Polygon","coordinates":[[[5.38986,43.27508],[5.38686,43.27459],[5.38489,43.27428],[5.38503,43.27394],[5.38694,43.26968],[5.39083,43.27208],[5.39104,43.27299],[5.39019,43.27449],[5.38986,43.27508]]]},"properties":{"code_territoire":"iris132080805","libelle_territoire":"Mermoz-Grand Pavois"}},
{"type":"Feature","geometry":{"type":"Polygon","coordinates":[[[5.38503,43.27394],[5.38274,43.27383],[5.38277,43.27247],[5.38289,43.27095],[5.37932,43.2685],[5.38003,43.26525],[5.38355,43.26751],[5.38694,43.26968],[5.38503,43.27394]]]},"properties":{"code_territoire":"iris132080806","libelle_territoire":"Provence-Île-de-France"}},
{"type":"Feature","geometry":{"type":"Polygon","coordinates":[[[5.38459,43.25883],[5.38346,43.258],[5.39145,43.25227],[5.39437,43.25415],[5.39395,43.25637],[5.3908,43.25523],[5.39011,43.25637],[5.38709,43.26059],[5.38459,43.25883]]]},"properties":{"code_territoire":"iris132080901","libelle_territoire":"La Sérane"}},
{"type":"Feature","geometry":{"type":"Polygon","coordinates":[[[5.39456,43.25337],[5.39437,43.25415],[5.39145,43.25227],[5.38927,43.25033],[5.39457,43.24609],[5.39489,43.24628],[5.39696,43.24903],[5.39456,43.25337]]]},"properties":{"code_territoire":"iris132080902","libelle_territoire":"Haïfa-Bartoli"}},
{"type":"Feature","geometry":{"type":"Polygon","coordinates":[[[5.39695,43.25809],[5.39427,43.25739],[5.39217,43.26421],[5.3905,43.26438],[5.38759,43.26176],[5.39327,43.25875],[5.39011,43.25637],[5.3908,43.25523],[5.39395,43.25637],[5.39437,43.25415],[5.39456,43.25337],[5.39935,43.25465],[5.39695,43.25809]]]},"properties":{"code_territoire":"iris132080903","libelle_territoire":"Barral-Bonnet"}},
{"type":"Feature","geometry":{"type":"Polygon","coordinates":[[[5.39548,43.26513],[5.39217,43.26421],[5.39427,43.25739],[5.39695,43.25809],[5.39911,43.25872],[5.39722,43.26207],[5.39548,43.26513]]]},"properties":{"code_territoire":"iris132080904","libelle_territoire":"Le Corbusier"}},
{"type":"Feature","geometry":{"type":"Polygon","coordinates":[[[5.39403,43.26772],[5.39041,43.26539],[5.38935,43.26405],[5.38357,43.26276],[5.38459,43.25883],[5.38709,43.26059],[5.39011,43.25637],[5.39327,43.25875],[5.38759,43.26176],[5.3905,43.26438],[5.39217,43.26421],[5.39548,43.26513],[5.39403,43.26772]]]},"properties":{"code_territoire":"iris132080905","libelle_territoire":"Huveaune-Clot-Bey"}},
{"type":"Feature","geometry":{"type":"Polygon","coordinates":[[[5.39489,43.24628],[5.39457,43.24609],[5.38877,43.24621],[5.38879,43.24827],[5.38368,43.24699],[5.38392,43.24597],[5.38466,43.24355],[5.38475,43.24353],[5.38653,43.2446],[5.39004,43.24153],[5.39613,43.24461],[5.39489,43.24628]]]},"properties":{"code_territoire":"iris132081001","libelle_territoire":"Zénatti-Floralia"}},
{"type":"Feature","geometry":{"type":"Polygon","coordinates":[[[5.3731,43.2455],[5.37319,43.24545],[5.37388,43.2468],[5.37604,43.24658],[5.37918,43.24442],[5.3823,43.24702],[5.38392,43.24597],[5.38368,43.24699],[5.38879,43.24827],[5.38546,43.25061],[5.38243,43.24843],[5.38182,43.24967],[5.38167,43.2486],[5.37756,43.24822],[5.37504,43.2491],[5.37355,43.24925],[5.3731,43.2455]]]},"properties":{"code_territoire":"iris132081002","libelle_territoire":"Goumier-Berneix"}},
{"type":"Feature","geometry":{"type":"Polygon","coordinates":[[[5.37319,43.24545],[5.37768,43.24038],[5.38048,43.24374],[5.38466,43.24355],[5.38392,43.24597],[5.3823,43.24702],[5.37918,43.24442],[5.37604,43.24658],[5.37388,43.2468],[5.37319,43.24545]]]},"properties":{"code_territoire":"iris132081003","libelle_territoire":"Antilles Résidence"}},
{"type":"Feature","geometry":{"type":"Polygon","coordinates":[[[5.13151,43.36622],[5.13646,43.36265],[5.13439,43.36079],[5.13898,43.35806],[5.13684,43.35443],[5.13955,43.35236],[5.13825,43.3498],[5.14329,43.34785],[5.13628,43.34384],[5.13461,43.34116],[5.13645,43.33977],[5.16582,43.34039],[5.1693,43.34295],[5.16964,43.34886],[5.14828,43.36208],[5.13873,43.36446],[5.13496,43.36636],[5.13151,43.36622]]]},"properties":{"code_territoire":"iris130210104","libelle_territoire":"Nord Romanon"}},
{"type":"Feature","geometry":{"type":"Polygon","coordinates":[[[5.54493,43.2107],[5.54172,43.21336],[5.54389,43.21513],[5.53963,43.21474],[5.53771,43.21741],[5.53724,43.21528],[5.53604,43.21564],[5.5311,43.21326],[5.52845,43.21082],[5.52632,43.2123],[5.52216,43.2119],[5.52142,43.21128],[5.51388,43.20409],[5.51491,43.20308],[5.52578,43.20827],[5.53124,43.21191],[5.53112,43.21293],[5.5363,43.21463],[5.53819,43.21405],[5.53378,43.21298],[5.53817,43.21253],[5.53938,43.2092],[5.54493,43.2107]]]},"properties":{"code_territoire":"iris130220101","libelle_territoire":"Centre"}},
{"type":"Feature","geometry":{"type":"Polygon","coordinates":[[[5.39457,43.24609],[5.38927,43.25033],[5.38546,43.25061],[5.38879,43.24827],[5.38877,43.24621],[5.39457,43.24609]]]},"properties":{"code_territoire":"iris132081004","libelle_territoire":"Centre Vie Bonneveine"}},
{"type":"Feature","geometry":{"type":"Polygon","coordinates":[[[5.40403,43.24158],[5.40436,43.24112],[5.40822,43.23892],[5.41232,43.23354],[5.4133,43.23796],[5.41582,43.23637],[5.4155,43.24147],[5.41758,43.2424],[5.41254,43.24373],[5.41141,43.24071],[5.40609,43.24358],[5.40403,43.24158]]]},"properties":{"code_territoire":"iris132090101","libelle_territoire":"Beauvallon-Seigneurie"}},
{"type":"Feature","geometry":{"type":"Polygon","coordinates":[[[5.41669,43.22804],[5.4158,43.22789],[5.41232,43.23354],[5.40822,43.23892],[5.40436,43.24112],[5.40227,43.239],[5.40417,43.23691],[5.40277,43.23493],[5.405,43.23117],[5.40713,43.22714],[5.40935,43.22697],[5.40996,43.22965],[5.41122,43.22696],[5.4099,43.22539],[5.41596,43.22662],[5.41643,43.22507],[5.41784,43.22615],[5.41669,43.22804]]]},"properties":{"code_territoire":"iris132090102","libelle_territoire":"Morgiou-Hauts de Mazargues"}},
{"type":"Feature","geometry":{"type":"Polygon","coordinates":[[[5.41784,43.22615],[5.42454,43.22596],[5.4271,43.23018],[5.42536,43.2288],[5.4254,43.23032],[5.42352,43.23069],[5.42342,43.24106],[5.41758,43.2424],[5.4155,43.24147],[5.41582,43.23637],[5.41757,43.23435],[5.41602,43.23279],[5.41765,43.23115],[5.41515,43.22998],[5.41669,43.22804],[5.41784,43.22615]]]},"properties":{"code_territoire":"iris132090103","libelle_territoire":"Maison d'Arrêt"}},
{"type":"Feature","geometry":{"type":"MultiPolygon","coordinates":[[[[5.4254,43.21004],[5.43123,43.20943],[5.43206,43.20774],[5.43539,43.20659],[5.43987,43.20724],[5.44329,43.20445],[5.4465,43.20553],[5.44944,43.20257],[5.45219,43.20311],[5.45116,43.20113],[5.45497,43.20282],[5.44677,43.20762],[5.44759,43.20888],[5.44326,43.21282],[5.44902,43.21006],[5.45397,43.20935],[5.44527,43.21601],[5.44721,43.2188],[5.43644,43.22107],[5.43765,43.22202],[5.43591,43.22395],[5.43242,43.22572],[5.43081,43.22372],[5.42859,43.22682],[5.42589,43.22689],[5.4279,43.22835],[5.4271,43.23018],[5.42454,43.22596],[5.41784,43.22615],[5.41643,43.22507],[5.41596,43.22662],[5.4099,43.22539],[5.41229,43.21941],[5.41364,43.22021],[5.41569,43.21815],[5.41792,43.21955],[5.4248,43.21834],[5.42773,43.21432],[5.4254,43.21004]]],[[[5.41232,43.23354],[5.4158,43.22789],[5.41669,43.22804],[5.41515,43.22998],[5.41765,43.23115],[5.41602,43.23279],[5.41757,43.23435],[5.41582,43.23637],[5.4133,43.23796],[5.41232,43.23354]]]]},"properties":{"code_territoire":"iris132090104","libelle_territoire":"Calanque de Morgiou Partie Ouest"}},
{"type":"Feature","geometry":{"type":"Polygon","coordinates":[[[5.54419,43.22367],[5.53977,43.22633],[5.53839,43.22445],[5.5366,43.22526],[5.52337,43.21635],[5.52216,43.2119],[5.52632,43.2123],[5.52845,43.21082],[5.5311,43.21326],[5.53604,43.21564],[5.53371,43.21786],[5.53421,43.21922],[5.53703,43.2199],[5.53942,43.21841],[5.54049,43.22075],[5.54275,43.22051],[5.54419,43.22367]]]},"properties":{"code_territoire":"iris130220102","libelle_territoire":"Petite Couronne"}},
{"type":"Feature","geometry":{"type":"Polygon","coordinates":[[[5.54754,43.20886],[5.54815,43.21021],[5.55186,43.20916],[5.55667,43.20994],[5.55512,43.21324],[5.55037,43.21693],[5.54869,43.21741],[5.54777,43.21628],[5.54808,43.21749],[5.55224,43.21907],[5.5498,43.22282],[5.54659,43.22454],[5.54419,43.22367],[5.54275,43.22051],[5.54049,43.22075],[5.53942,43.21841],[5.53703,43.2199],[5.53421,43.21922],[5.53371,43.21786],[5.53604,43.21564],[5.53724,43.21528],[5.53771,43.21741],[5.53963,43.21474],[5.54389,43.21513],[5.54172,43.21336],[5.54493,43.2107],[5.54513,43.20807],[5.54754,43.20886]]]},"properties":{"code_territoire":"iris130220103","libelle_territoire":"Grande Couronne"}},
{"type":"Feature","geometry":{"type":"Polygon","coordinates":[[[5.41498,43.26825],[5.41423,43.26497],[5.41474,43.26469],[5.42193,43.26338],[5.4233,43.2609],[5.42152,43.26039],[5.42367,43.25853],[5.42798,43.2589],[5.42919,43.26132],[5.42925,43.26578],[5.42695,43.26646],[5.41577,43.26819],[5.41498,43.26825]]]},"properties":{"code_territoire":"iris132090201","libelle_territoire":"Val des Bois"}},
{"type":"Feature","geometry":{"type":"Polygon","coordinates":[[[5.42013,43.25514],[5.42284,43.25572],[5.42217,43.25707],[5.42367,43.25853],[5.42152,43.26039],[5.4233,43.2609],[5.42193,43.26338],[5.41474,43.26469],[5.41585,43.26018],[5.41322,43.25929],[5.4159,43.25686],[5.41881,43.2571],[5.42013,43.25514]]]},"properties":{"code_territoire":"iris132090202","libelle_territoire":"Village du Cabot-Campagne Berger"}},
{"type":"Feature","geometry":{"type":"Polygon","coordinates":[[[5.41072,43.25695],[5.41358,43.25339],[5.42075,43.25404],[5.42013,43.25514],[5.41881,43.2571],[5.4159,43.25686],[5.41322,43.25929],[5.41029,43.25788],[5.41072,43.25695]]]},"properties":{"code_territoire":"iris132090203","libelle_territoire":"Allée des Pins"}},
{"type":"Feature","geometry":{"type":"Polygon","coordinates":[[[5.41358,43.25339],[5.41553,43.25068],[5.4169,43.2473],[5.4155,43.24601],[5.41457,43.24562],[5.41958,43.246],[5.42242,43.24977],[5.4219,43.25262],[5.42013,43.25514],[5.42075,43.25404],[5.41358,43.25339]]]},"properties":{"code_territoire":"iris132090204","libelle_territoire":"Valmante-Colline Saint-Joseph"}},
{"type":"Feature","geometry":{"type":"Polygon","coordinates":[[[5.51316,43.26332],[5.50415,43.26575],[5.50016,43.26486],[5.49889,43.2677],[5.49614,43.26847],[5.49155,43.26795],[5.48569,43.26387],[5.48458,43.26205],[5.48618,43.25777],[5.48341,43.25534],[5.46906,43.25355],[5.46926,43.24507],[5.48514,43.24273],[5.49521,43.23944],[5.49881,43.23988],[5.50123,43.23216],[5.49988,43.23049],[5.50634,43.23011],[5.50678,43.23297],[5.50937,43.23504],[5.52439,43.23523],[5.52616,43.23753],[5.51921,43.24165],[5.51957,43.24431],[5.51316,43.26332]]]},"properties":{"code_territoire":"iris132090301","libelle_territoire":"Carpiagne"}},
{"type":"Feature","geometry":{"type":"Polygon","coordinates":[[[5.39696,43.24903],[5.40016,43.24769],[5.40008,43.24953],[5.40327,43.25133],[5.39919,43.25858],[5.39911,43.25872],[5.39695,43.25809],[5.39935,43.25465],[5.39456,43.25337],[5.39696,43.24903]]]},"properties":{"code_territoire":"iris132090401","libelle_territoire":"Michelet-Blanc"}},
{"type":"Feature","geometry":{"type":"Polygon","coordinates":[[[5.40658,43.25529],[5.40265,43.25931],[5.39919,43.25858],[5.40327,43.25133],[5.40441,43.25003],[5.40798,43.25014],[5.40895,43.25309],[5.40658,43.25529]]]},"properties":{"code_territoire":"iris132090402","libelle_territoire":"La Verdière-Aiguier"}},
{"type":"Feature","geometry":{"type":"Polygon","coordinates":[[[5.40658,43.25529],[5.40895,43.25309],[5.4125,43.25084],[5.41553,43.25068],[5.41358,43.25339],[5.41072,43.25695],[5.40825,43.25661],[5.40658,43.25529]]]},"properties":{"code_territoire":"iris132090403","libelle_territoire":"Château-Sec-Montval"}},
{"type":"Feature","geometry":{"type":"Polygon","coordinates":[[[5.40798,43.25014],[5.41009,43.24791],[5.4155,43.24601],[5.4169,43.2473],[5.41553,43.25068],[5.4125,43.25084],[5.40895,43.25309],[5.40798,43.25014]]]},"properties":{"code_territoire":"iris132090404","libelle_territoire":"Valmante-Hespérides"}},
{"type":"Feature","geometry":{"type":"Polygon","coordinates":[[[5.40016,43.24754],[5.40599,43.24383],[5.40817,43.24657],[5.40441,43.25003],[5.40327,43.25133],[5.40008,43.24953],[5.40016,43.24769],[5.40016,43.24754]]]},"properties":{"code_territoire":"iris132090405","libelle_territoire":"Mazargues Village"}},
{"type":"Feature","geometry":{"type":"Polygon","coordinates":[[[5.5943,43.23639],[5.58828,43.24014],[5.57701,43.23329],[5.57203,43.24109],[5.57073,43.24176],[5.56802,43.24021],[5.56153,43.24241],[5.55486,43.24861],[5.54737,43.24665],[5.51957,43.24431],[5.51921,43.24165],[5.52616,43.23753],[5.52439,43.23523],[5.50937,43.23504],[5.50678,43.23297],[5.50634,43.23011],[5.5066,43.22678],[5.5107,43.2238],[5.5114,43.22042],[5.51796,43.21551],[5.51416,43.20802],[5.51134,43.20585],[5.50993,43.19771],[5.51343,43.20154],[5.5121,43.20473],[5.52142,43.21128],[5.52216,43.2119],[5.52337,43.21635],[5.5366,43.22526],[5.53839,43.22445],[5.53977,43.22633],[5.54419,43.22367],[5.54659,43.22454],[5.5498,43.22282],[5.55224,43.21907],[5.54808,43.21749],[5.54777,43.21628],[5.54869,43.21741],[5.55037,43.21693],[5.55512,43.21324],[5.55667,43.20994],[5.55186,43.20916],[5.54815,43.21021],[5.54754,43.20886],[5.55001,43.20727],[5.5475,43.20119],[5.54857,43.19553],[5.55598,43.18847],[5.56591,43.20104],[5.57456,43.20463],[5.58168,43.20561],[5.58346,43.21225],[5.59245,43.2188],[5.58781,43.22941],[5.58912,43.23462],[5.5943,43.23639]]]},"properties":{"code_territoire":"iris130220104","libelle_territoire":"Périphérie"}},
{"type":"Feature","geometry":{"type":"Polygon","coordinates":[[[5.59245,43.2188],[5.60277,43.21698],[5.60464,43.21388],[5.6177,43.20825],[5.61993,43.20874],[5.6235,43.2083],[5.62883,43.21091],[5.63265,43.20342],[5.6379,43.20101],[5.64445,43.21027],[5.65079,43.20861],[5.6499,43.20759],[5.6562,43.20463],[5.65883,43.20467],[5.65987,43.20608],[5.66139,43.20474],[5.6637,43.20515],[5.66858,43.20635],[5.67837,43.21665],[5.67792,43.21976],[5.68248,43.23542],[5.67174,43.23466],[5.65805,43.23611],[5.64672,43.23949],[5.64373,43.23901],[5.63033,43.24204],[5.62561,43.23998],[5.6194,43.24112],[5.59993,43.23844],[5.5943,43.23639],[5.58912,43.23462],[5.58781,43.22941],[5.59245,43.2188]]]},"properties":{"code_territoire":"iris130230000","libelle_territoire":"Ceyreste (commune non irisée)"}},
{"type":"Feature","geometry":{"type":"Polygon","coordinates":[[[5.40609,43.24358],[5.41141,43.24071],[5.41254,43.24373],[5.41457,43.24562],[5.4155,43.24601],[5.41009,43.24791],[5.40798,43.25014],[5.40441,43.25003],[5.40817,43.24657],[5.40599,43.24383],[5.40609,43.24358]]]},"properties":{"code_territoire":"iris132090406","libelle_territoire":"Michelet-de Lattre"}},
{"type":"Feature","geometry":{"type":"Polygon","coordinates":[[[5.40599,43.24383],[5.40016,43.24754],[5.399,43.2464],[5.40113,43.24529],[5.40031,43.24432],[5.40342,43.24213],[5.40403,43.24158],[5.40609,43.24358],[5.40599,43.24383]]]},"properties":{"code_territoire":"iris132090407","libelle_territoire":"Martheline-La Soude"}},
{"type":"Feature","geometry":{"type":"Polygon","coordinates":[[[5.39613,43.24461],[5.39781,43.24565],[5.40031,43.24432],[5.40113,43.24529],[5.399,43.2464],[5.40016,43.24754],[5.40016,43.24769],[5.39696,43.24903],[5.39489,43.24628],[5.39613,43.24461]]]},"properties":{"code_territoire":"iris132090408","libelle_territoire":"Lanciers-Cyclamens"}},
{"type":"Feature","geometry":{"type":"Polygon","coordinates":[[[5.41072,43.25695],[5.41029,43.25788],[5.40914,43.25861],[5.40825,43.25661],[5.41072,43.25695]]]},"properties":{"code_territoire":"iris132090409","libelle_territoire":"E.D.F. Viton"}},
{"type":"Feature","geometry":{"type":"Polygon","coordinates":[[[5.42013,43.25514],[5.4219,43.25262],[5.4259,43.25122],[5.42962,43.2519],[5.42587,43.24941],[5.43063,43.25093],[5.42732,43.25466],[5.42921,43.2553],[5.42757,43.25668],[5.42217,43.25707],[5.42284,43.25572],[5.42013,43.25514]]]},"properties":{"code_territoire":"iris132090501","libelle_territoire":"Parc des Cèdres-Panouse"}},
{"type":"Feature","geometry":{"type":"Polygon","coordinates":[[[5.42919,43.26132],[5.42798,43.2589],[5.42367,43.25853],[5.42217,43.25707],[5.42757,43.25668],[5.42921,43.2553],[5.42732,43.25466],[5.43063,43.25093],[5.43222,43.2505],[5.4417,43.25288],[5.44862,43.25803],[5.44463,43.25694],[5.42919,43.26132]]]},"properties":{"code_territoire":"iris132090502","libelle_territoire":"La Panouse"}},
{"type":"Feature","geometry":{"type":"Polygon","coordinates":[[[5.42242,43.24977],[5.42587,43.24941],[5.42962,43.2519],[5.4259,43.25122],[5.4219,43.25262],[5.42242,43.24977]]]},"properties":{"code_territoire":"iris132090503","libelle_territoire":"La Rouvière"}},
{"type":"Feature","geometry":{"type":"Polygon","coordinates":[[[5.43222,43.2505],[5.43063,43.25093],[5.42587,43.24941],[5.42242,43.24977],[5.41958,43.246],[5.41457,43.24562],[5.41254,43.24373],[5.41758,43.2424],[5.42342,43.24106],[5.4262,43.24062],[5.42616,43.2435],[5.43133,43.2462],[5.43176,43.24675],[5.43067,43.24865],[5.43222,43.2505]]]},"properties":{"code_territoire":"iris132090601","libelle_territoire":"Lotissement Mireille-Clairval"}},
{"type":"Feature","geometry":{"type":"Polygon","coordinates":[[[5.43486,43.24639],[5.43717,43.24568],[5.43849,43.24053],[5.43506,43.23819],[5.43551,43.23062],[5.43837,43.2243],[5.44071,43.22488],[5.44331,43.22237],[5.44615,43.22531],[5.447,43.23207],[5.43846,43.23933],[5.44182,43.24105],[5.44344,43.24667],[5.43801,43.24796],[5.43486,43.24639]]]},"properties":{"code_territoire":"iris132090602","libelle_territoire":"Domaine de Luminy"}},
{"type":"Feature","geometry":{"type":"Polygon","coordinates":[[[5.45397,43.20935],[5.45423,43.21209],[5.46005,43.21033],[5.46196,43.21217],[5.46744,43.213],[5.46977,43.21535],[5.47001,43.22045],[5.45715,43.22979],[5.46004,43.23175],[5.45758,43.23207],[5.45635,43.23399],[5.45632,43.23986],[5.45168,43.23984],[5.45297,43.24256],[5.44551,43.24305],[5.44612,43.24572],[5.44344,43.24667],[5.44182,43.24105],[5.43846,43.23933],[5.447,43.23207],[5.44615,43.22531],[5.44331,43.22237],[5.44071,43.22488],[5.43837,43.2243],[5.43551,43.23062],[5.43506,43.23819],[5.43849,43.24053],[5.43717,43.24568],[5.43486,43.24639],[5.43133,43.2462],[5.42616,43.2435],[5.4262,43.24062],[5.42342,43.24106],[5.42352,43.23069],[5.4254,43.23032],[5.42536,43.2288],[5.4271,43.23018],[5.4279,43.22835],[5.42589,43.22689],[5.42859,43.22682],[5.43081,43.22372],[5.43242,43.22572],[5.43591,43.22395],[5.43765,43.22202],[5.43644,43.22107],[5.44721,43.2188],[5.44527,43.21601],[5.45397,43.20935]]]},"properties":{"code_territoire":"iris132090603","libelle_territoire":"Calanque de Morgiou Partie Est"}},
{"type":"Feature","geometry":{"type":"Polygon","coordinates":[[[5.24608,43.74734],[5.23228,43.73493],[5.2286,43.72839],[5.22381,43.72841],[5.22395,43.7168],[5.22649,43.70693],[5.22854,43.7029],[5.23227,43.70254],[5.23442,43.70035],[5.23454,43.69725],[5.23834,43.69366],[5.24753,43.69573],[5.25036,43.69454],[5.25072,43.69991],[5.2545,43.70105],[5.25443,43.70333],[5.25626,43.70305],[5.25595,43.7058],[5.25929,43.71075],[5.26589,43.71549],[5.26871,43.71983],[5.26719,43.72023],[5.26719,43.72455],[5.26231,43.73072],[5.26424,43.74433],[5.25679,43.74644],[5.24608,43.74734]]]},"properties":{"code_territoire":"iris130240000","libelle_territoire":"Charleval (commune non irisée)"}},
{"type":"Feature","geometry":{"type":"Polygon","coordinates":[[[5.39117,43.23684],[5.39316,43.23612],[5.39642,43.23761],[5.39896,43.23674],[5.39724,43.24168],[5.40159,43.24053],[5.40342,43.24213],[5.40031,43.24432],[5.39781,43.24565],[5.39613,43.24461],[5.39004,43.24153],[5.39277,43.23976],[5.39117,43.23684]]]},"properties":{"code_territoire":"iris132090701","libelle_territoire":"Bengale-Fontclair"}},
{"type":"Feature","geometry":{"type":"Polygon","coordinates":[[[5.396,43.23135],[5.39684,43.22672],[5.39828,43.22714],[5.40162,43.22448],[5.40367,43.22564],[5.40198,43.22899],[5.405,43.23117],[5.40277,43.23493],[5.40148,43.23548],[5.39976,43.23415],[5.40026,43.23192],[5.396,43.23135]]]},"properties":{"code_territoire":"iris132090702","libelle_territoire":"Sormiou-Cayolle"}},
{"type":"Feature","geometry":{"type":"Polygon","coordinates":[[[5.38156,43.20973],[5.38419,43.21115],[5.38397,43.20986],[5.38767,43.2104],[5.38958,43.21214],[5.39792,43.21321],[5.3992,43.21213],[5.40221,43.21403],[5.40549,43.21186],[5.40866,43.21202],[5.41467,43.20777],[5.42749,43.20353],[5.42662,43.20618],[5.42009,43.20977],[5.4229,43.21139],[5.4254,43.21004],[5.42773,43.21432],[5.4248,43.21834],[5.41792,43.21955],[5.41569,43.21815],[5.41364,43.22021],[5.41229,43.21941],[5.4099,43.22539],[5.41122,43.22696],[5.40996,43.22965],[5.40935,43.22697],[5.40713,43.22714],[5.405,43.23117],[5.40198,43.22899],[5.40367,43.22564],[5.40162,43.22448],[5.39828,43.22714],[5.39684,43.22672],[5.396,43.23135],[5.39642,43.23761],[5.39316,43.23612],[5.39117,43.23684],[5.39194,43.23497],[5.38955,43.23303],[5.38146,43.232],[5.38185,43.22705],[5.37843,43.22343],[5.38363,43.22339],[5.38156,43.20973]]]},"properties":{"code_territoire":"iris132090703","libelle_territoire":"Calanque de Sormiou"}},
{"type":"Feature","geometry":{"type":"Polygon","coordinates":[[[5.40342,43.24213],[5.40159,43.24053],[5.39724,43.24168],[5.39896,43.23674],[5.39642,43.23761],[5.396,43.23135],[5.40026,43.23192],[5.39976,43.23415],[5.40148,43.23548],[5.40277,43.23493],[5.40417,43.23691],[5.40227,43.239],[5.40436,43.24112],[5.40403,43.24158],[5.40342,43.24213]]]},"properties":{"code_territoire":"iris132090704","libelle_territoire":"La Jarre-Roy d'Espagne"}},
{"type":"Feature","geometry":{"type":"Polygon","coordinates":[[[5.56208,43.50428],[5.55204,43.49906],[5.54243,43.50337],[5.53692,43.5044],[5.53272,43.48296],[5.54245,43.48139],[5.54603,43.48231],[5.55567,43.48042],[5.55952,43.4821],[5.56213,43.47894],[5.57135,43.48052],[5.5724,43.47836],[5.57665,43.47835],[5.57843,43.47593],[5.57685,43.47405],[5.58366,43.47605],[5.58199,43.47937],[5.58351,43.48329],[5.5917,43.48119],[5.5945,43.4823],[5.59929,43.4815],[5.60166,43.482],[5.60278,43.48632],[5.60542,43.48642],[5.60092,43.50213],[5.57004,43.5022],[5.56208,43.50428]]]},"properties":{"code_territoire":"iris130250000","libelle_territoire":"Châteauneuf-le-Rouge (commune non irisée)"}},
{"type":"Feature","geometry":{"type":"Polygon","coordinates":[[[5.19609,43.39255],[5.1951,43.39371],[5.19105,43.39325],[5.16247,43.39024],[5.1617,43.38662],[5.16186,43.38482],[5.16809,43.38482],[5.16609,43.3829],[5.17064,43.38073],[5.18888,43.38059],[5.19546,43.38252],[5.19609,43.39255]]]},"properties":{"code_territoire":"iris130260101","libelle_territoire":"Plaine Est"}},
{"type":"Feature","geometry":{"type":"Polygon","coordinates":[[[5.18888,43.38059],[5.17064,43.38073],[5.16609,43.3829],[5.16809,43.38482],[5.16186,43.38482],[5.16364,43.37906],[5.15754,43.37655],[5.15158,43.37867],[5.13684,43.37978],[5.13191,43.38377],[5.13047,43.38545],[5.11494,43.38662],[5.10362,43.38851],[5.10115,43.38323],[5.09889,43.383],[5.09789,43.38138],[5.10367,43.37689],[5.10348,43.37348],[5.09961,43.36983],[5.10295,43.36237],[5.11109,43.36229],[5.13151,43.36622],[5.13496,43.36636],[5.13873,43.36446],[5.14169,43.36998],[5.14362,43.36838],[5.14752,43.36815],[5.1479,43.36916],[5.16932,43.36443],[5.17296,43.36238],[5.17768,43.36461],[5.18498,43.36414],[5.18385,43.3706],[5.18667,43.37786],[5.18936,43.37905],[5.18888,43.38059]]]},"properties":{"code_territoire":"iris130260102","libelle_territoire":"Plaine Sud"}},
{"type":"Feature","geometry":{"type":"Polygon","coordinates":[[[5.13191,43.38377],[5.13684,43.37978],[5.15158,43.37867],[5.15754,43.37655],[5.16364,43.37906],[5.16186,43.38482],[5.1617,43.38662],[5.15656,43.38736],[5.15517,43.38528],[5.13752,43.39108],[5.13623,43.38499],[5.13191,43.38377]]]},"properties":{"code_territoire":"iris130260103","libelle_territoire":"Plaine Centre"}},
{"type":"Feature","geometry":{"type":"Polygon","coordinates":[[[5.40154,43.26969],[5.40273,43.26915],[5.40393,43.26871],[5.40912,43.27131],[5.40789,43.27387],[5.40947,43.27495],[5.41267,43.27323],[5.41303,43.27339],[5.41124,43.27611],[5.40657,43.27419],[5.4039,43.2755],[5.39983,43.27462],[5.39917,43.27303],[5.40154,43.26969]]]},"properties":{"code_territoire":"iris132090801","libelle_territoire":"Métro Dromel"}},
{"type":"Feature","geometry":{"type":"Polygon","coordinates":[[[5.41267,43.27323],[5.40947,43.27495],[5.40789,43.27387],[5.40912,43.27131],[5.41267,43.27323]]]},"properties":{"code_territoire":"iris132090802","libelle_territoire":"La Pauline"}},
{"type":"Feature","geometry":{"type":"Polygon","coordinates":[[[5.41303,43.27339],[5.41267,43.27323],[5.40912,43.27131],[5.40393,43.26871],[5.40605,43.26827],[5.41286,43.26837],[5.41148,43.2699],[5.41472,43.2724],[5.41386,43.27376],[5.41303,43.27339]]]},"properties":{"code_territoire":"iris132090803","libelle_territoire":"Romain Rolland-Claudel"}},
{"type":"Feature","geometry":{"type":"Polygon","coordinates":[[[5.39548,43.26513],[5.40025,43.26597],[5.40288,43.26667],[5.40151,43.26868],[5.40273,43.26915],[5.40154,43.26969],[5.3974,43.26756],[5.39393,43.26788],[5.39403,43.26772],[5.39548,43.26513]]]},"properties":{"code_territoire":"iris132090804","libelle_territoire":"Square Michelet"}},
{"type":"Feature","geometry":{"type":"Polygon","coordinates":[[[5.39722,43.26207],[5.4023,43.26389],[5.40405,43.26177],[5.4047,43.26281],[5.40365,43.26522],[5.40134,43.26416],[5.40025,43.26597],[5.39548,43.26513],[5.39722,43.26207]]]},"properties":{"code_territoire":"iris132090805","libelle_territoire":"Cravache-Le Brix"}},
{"type":"Feature","geometry":{"type":"Polygon","coordinates":[[[5.40365,43.26522],[5.4082,43.26665],[5.40605,43.26827],[5.40393,43.26871],[5.40273,43.26915],[5.40151,43.26868],[5.40288,43.26667],[5.40025,43.26597],[5.40134,43.26416],[5.40365,43.26522]]]},"properties":{"code_territoire":"iris132090806","libelle_territoire":"Jean Boin-Roseraie"}},
{"type":"Feature","geometry":{"type":"Polygon","coordinates":[[[5.41286,43.26837],[5.40605,43.26827],[5.4082,43.26665],[5.40365,43.26522],[5.4047,43.26281],[5.40849,43.26259],[5.41069,43.26361],[5.40943,43.26477],[5.41091,43.26548],[5.41423,43.26497],[5.41498,43.26825],[5.41286,43.26837]]]},"properties":{"code_territoire":"iris132090807","libelle_territoire":"Vert Pré"}},
{"type":"Feature","geometry":{"type":"Polygon","coordinates":[[[5.39911,43.25872],[5.39919,43.25858],[5.40265,43.25931],[5.40405,43.26177],[5.4023,43.26389],[5.39722,43.26207],[5.39911,43.25872]]]},"properties":{"code_territoire":"iris132090808","libelle_territoire":"Sévigné-Trioulet"}},
{"type":"Feature","geometry":{"type":"Polygon","coordinates":[[[5.40825,43.25661],[5.40914,43.25861],[5.41029,43.25788],[5.41322,43.25929],[5.41585,43.26018],[5.41474,43.26469],[5.41423,43.26497],[5.41091,43.26548],[5.40943,43.26477],[5.41069,43.26361],[5.40849,43.26259],[5.4047,43.26281],[5.40405,43.26177],[5.40265,43.25931],[5.40658,43.25529],[5.40825,43.25661]]]},"properties":{"code_territoire":"iris132090809","libelle_territoire":"Les Hôpitaux-C.N.R.S."}},
{"type":"Feature","geometry":{"type":"Polygon","coordinates":[[[5.43486,43.24639],[5.43801,43.24796],[5.44344,43.24667],[5.44612,43.24572],[5.45169,43.24677],[5.46308,43.24537],[5.46402,43.24691],[5.45708,43.24749],[5.45283,43.25009],[5.44447,43.25237],[5.43176,43.24675],[5.43133,43.2462],[5.43486,43.24639]]]},"properties":{"code_territoire":"iris132090901","libelle_territoire":"Vaufrèges-Léon Lachamp"}},
{"type":"Feature","geometry":{"type":"Polygon","coordinates":[[[5.50993,43.19771],[5.51134,43.20585],[5.51416,43.20802],[5.51796,43.21551],[5.5114,43.22042],[5.5107,43.2238],[5.5066,43.22678],[5.50634,43.23011],[5.49988,43.23049],[5.50123,43.23216],[5.49881,43.23988],[5.49521,43.23944],[5.48514,43.24273],[5.46926,43.24507],[5.46906,43.25355],[5.45881,43.25482],[5.45531,43.25675],[5.45187,43.25556],[5.45224,43.25746],[5.44862,43.25803],[5.4417,43.25288],[5.43222,43.2505],[5.43067,43.24865],[5.43176,43.24675],[5.44447,43.25237],[5.45283,43.25009],[5.45708,43.24749],[5.46402,43.24691],[5.46308,43.24537],[5.45169,43.24677],[5.44612,43.24572],[5.44551,43.24305],[5.45297,43.24256],[5.45168,43.23984],[5.45632,43.23986],[5.45635,43.23399],[5.45758,43.23207],[5.46004,43.23175],[5.45715,43.22979],[5.47001,43.22045],[5.46977,43.21535],[5.46744,43.213],[5.46196,43.21217],[5.46005,43.21033],[5.46437,43.20844],[5.46891,43.20906],[5.47072,43.20797],[5.46999,43.2062],[5.47345,43.20616],[5.47741,43.2041],[5.48318,43.20624],[5.49047,43.2022],[5.49287,43.20381],[5.49478,43.20283],[5.49431,43.20063],[5.50031,43.19718],[5.50448,43.19874],[5.49821,43.2024],[5.50681,43.19909],[5.51084,43.20391],[5.50911,43.20011],[5.50993,43.19771]]]},"properties":{"code_territoire":"iris132090902","libelle_territoire":"Calanque de Port Pin"}},
{"type":"Feature","geometry":{"type":"Polygon","coordinates":[[[5.1326,43.39895],[5.1371,43.39442],[5.13752,43.39108],[5.15517,43.38528],[5.15656,43.38736],[5.1617,43.38662],[5.16247,43.39024],[5.19105,43.39325],[5.18412,43.40732],[5.17173,43.41861],[5.15653,43.40881],[5.1371,43.3995],[5.1326,43.39895]]]},"properties":{"code_territoire":"iris130260104","libelle_territoire":"Plaine Nord"}},
{"type":"Feature","geometry":{"type":"Polygon","coordinates":[[[5.09747,43.39965],[5.10109,43.39981],[5.1055,43.39766],[5.11242,43.39726],[5.11907,43.39491],[5.12363,43.39435],[5.12398,43.39702],[5.11819,43.40083],[5.11791,43.40182],[5.11994,43.4017],[5.11864,43.40456],[5.0968,43.40073],[5.09747,43.39965]]]},"properties":{"code_territoire":"iris130260105","libelle_territoire":"La Bérarde"}},
{"type":"Feature","geometry":{"type":"Polygon","coordinates":[[[5.10362,43.38851],[5.11494,43.38662],[5.11907,43.39491],[5.11242,43.39726],[5.1055,43.39766],[5.10109,43.39981],[5.09747,43.39965],[5.1018,43.39247],[5.10362,43.38851]]]},"properties":{"code_territoire":"iris130260106","libelle_territoire":"Le Clos"}},
{"type":"Feature","geometry":{"type":"Polygon","coordinates":[[[5.40551,43.28237],[5.4106,43.27962],[5.41225,43.27914],[5.41284,43.28333],[5.40881,43.28284],[5.40705,43.28465],[5.40551,43.28237]]]},"properties":{"code_territoire":"iris132100101","libelle_territoire":"Mireille Lauze-Vert Clos"}},
{"type":"Feature","geometry":{"type":"Polygon","coordinates":[[[5.40705,43.28465],[5.4041,43.28595],[5.39868,43.28537],[5.39866,43.28366],[5.40308,43.28229],[5.40386,43.28038],[5.40551,43.28237],[5.40705,43.28465]]]},"properties":{"code_territoire":"iris132100102","libelle_territoire":"Benjamin Delessert"}},
{"type":"Feature","geometry":{"type":"Polygon","coordinates":[[[5.40551,43.28237],[5.40386,43.28038],[5.40455,43.27827],[5.40727,43.277],[5.4079,43.27961],[5.4106,43.27962],[5.40551,43.28237]]]},"properties":{"code_territoire":"iris132100103","libelle_territoire":"Saint-Jean-Curtel"}},
{"type":"Feature","geometry":{"type":"Polygon","coordinates":[[[5.41124,43.27611],[5.41692,43.27975],[5.41471,43.27948],[5.4145,43.28347],[5.41284,43.28333],[5.41225,43.27914],[5.4106,43.27962],[5.4079,43.27961],[5.40727,43.277],[5.40455,43.27827],[5.40386,43.28038],[5.40308,43.28229],[5.39866,43.28366],[5.3993,43.27932],[5.39902,43.2776],[5.39983,43.27462],[5.4039,43.2755],[5.40657,43.27419],[5.41124,43.27611]]]},"properties":{"code_territoire":"iris132100104","libelle_territoire":"Aciéries-Curtel"}},
{"type":"Feature","geometry":{"type":"Polygon","coordinates":[[[5.39274,43.28312],[5.3993,43.27932],[5.39866,43.28366],[5.39868,43.28537],[5.39868,43.28597],[5.3962,43.2857],[5.39195,43.28476],[5.39274,43.28312]]]},"properties":{"code_territoire":"iris132100201","libelle_territoire":"Toulon-Galinat"}},
{"type":"Feature","geometry":{"type":"Polygon","coordinates":[[[5.39902,43.2776],[5.3993,43.27932],[5.39274,43.28312],[5.38874,43.28315],[5.39052,43.2822],[5.39591,43.27927],[5.39902,43.2776]]]},"properties":{"code_territoire":"iris132100202","libelle_territoire":"Parc du Prado"}},
{"type":"Feature","geometry":{"type":"Polygon","coordinates":[[[5.41386,43.27376],[5.41448,43.27407],[5.41741,43.27593],[5.42021,43.27741],[5.41692,43.27975],[5.41124,43.27611],[5.41303,43.27339],[5.41386,43.27376]]]},"properties":{"code_territoire":"iris132100301","libelle_territoire":"Pont de Vivaux-Icard"}},
{"type":"Feature","geometry":{"type":"Polygon","coordinates":[[[5.42549,43.2859],[5.42238,43.28541],[5.4145,43.28347],[5.41471,43.27948],[5.41692,43.27975],[5.42021,43.27741],[5.42456,43.27985],[5.42755,43.28164],[5.42607,43.28586],[5.42549,43.2859]]]},"properties":{"code_territoire":"iris132100302","libelle_territoire":"Hippodrome Vivaux"}},
{"type":"Feature","geometry":{"type":"Polygon","coordinates":[[[5.42607,43.28586],[5.42755,43.28164],[5.42456,43.27985],[5.4277,43.27802],[5.42987,43.28177],[5.43174,43.28565],[5.43394,43.28579],[5.42933,43.28618],[5.42607,43.28586]]]},"properties":{"code_territoire":"iris132100401","libelle_territoire":"Gardanne-Fauvière"}},
{"type":"Feature","geometry":{"type":"Polygon","coordinates":[[[5.43394,43.28579],[5.43174,43.28565],[5.42987,43.28177],[5.43445,43.27804],[5.43827,43.27701],[5.43863,43.27782],[5.43679,43.28132],[5.43837,43.28124],[5.43887,43.28314],[5.43718,43.28464],[5.43394,43.28579]]]},"properties":{"code_territoire":"iris132100402","libelle_territoire":"Queyrel"}},
{"type":"Feature","geometry":{"type":"Polygon","coordinates":[[[5.43718,43.28464],[5.43887,43.28314],[5.43837,43.28124],[5.44221,43.28128],[5.44453,43.28233],[5.44204,43.28567],[5.43718,43.28464]]]},"properties":{"code_territoire":"iris132100403","libelle_territoire":"Château Saint-Cyr"}},
{"type":"Feature","geometry":{"type":"Polygon","coordinates":[[[5.44221,43.28128],[5.43837,43.28124],[5.43679,43.28132],[5.43863,43.27782],[5.44364,43.27907],[5.44259,43.28103],[5.44221,43.28128]]]},"properties":{"code_territoire":"iris132100404","libelle_territoire":"Lycée Est-Saint-Cyr"}},
{"type":"Feature","geometry":{"type":"Polygon","coordinates":[[[5.44259,43.28103],[5.44364,43.27907],[5.43863,43.27782],[5.43827,43.27701],[5.43445,43.27804],[5.4327,43.27574],[5.43718,43.27283],[5.44053,43.27196],[5.43999,43.27513],[5.44443,43.27701],[5.44416,43.27991],[5.44259,43.28103]]]},"properties":{"code_territoire":"iris132100405","libelle_territoire":"Chanteperdrix-Trois Ponts"}},
{"type":"Feature","geometry":{"type":"Polygon","coordinates":[[[5.12398,43.39702],[5.12363,43.39435],[5.11907,43.39491],[5.11494,43.38662],[5.13047,43.38545],[5.13191,43.38377],[5.13623,43.38499],[5.13752,43.39108],[5.1371,43.39442],[5.1326,43.39895],[5.12398,43.39702]]]},"properties":{"code_territoire":"iris130260107","libelle_territoire":"La Valampe"}},
{"type":"Feature","geometry":{"type":"Polygon","coordinates":[[[4.84136,43.86015],[4.83649,43.86599],[4.83504,43.87424],[4.84986,43.88205],[4.8495,43.88502],[4.84362,43.88723],[4.82902,43.88522],[4.82226,43.89397],[4.8188,43.89546],[4.81572,43.89448],[4.81687,43.89013],[4.80108,43.87982],[4.80117,43.87338],[4.79686,43.86954],[4.79799,43.86495],[4.78924,43.86067],[4.78676,43.85786],[4.78847,43.85619],[4.78847,43.85157],[4.79323,43.85126],[4.80499,43.85414],[4.8172,43.85491],[4.84136,43.86015]]]},"properties":{"code_territoire":"iris130270101","libelle_territoire":"Ouest"}},
{"type":"Feature","geometry":{"type":"Polygon","coordinates":[[[4.8106,43.91445],[4.81184,43.90358],[4.81482,43.90363],[4.8188,43.89546],[4.82226,43.89397],[4.82902,43.88522],[4.84362,43.88723],[4.8495,43.88502],[4.86216,43.88563],[4.87963,43.88722],[4.88117,43.90169],[4.85305,43.91131],[4.8106,43.91445]]]},"properties":{"code_territoire":"iris130270102","libelle_territoire":"Nord"}},
{"type":"Feature","geometry":{"type":"Polygon","coordinates":[[[5.4327,43.27574],[5.43445,43.27804],[5.42987,43.28177],[5.4277,43.27802],[5.42643,43.27611],[5.4308,43.27361],[5.4327,43.27574]]]},"properties":{"code_territoire":"iris132100406","libelle_territoire":"Jardins-Saint-Thys"}},
{"type":"Feature","geometry":{"type":"Polygon","coordinates":[[[5.42879,43.27177],[5.43231,43.27273],[5.43718,43.27283],[5.4327,43.27574],[5.4308,43.27361],[5.42643,43.27611],[5.42843,43.27208],[5.42879,43.27177]]]},"properties":{"code_territoire":"iris132100407","libelle_territoire":"Grands Pins"}},
{"type":"Feature","geometry":{"type":"Polygon","coordinates":[[[5.44443,43.27701],[5.43999,43.27513],[5.44053,43.27196],[5.43718,43.27283],[5.43231,43.27273],[5.43637,43.26743],[5.45609,43.26403],[5.45409,43.26541],[5.45349,43.27222],[5.45602,43.27605],[5.45283,43.27534],[5.4522,43.27372],[5.44443,43.27701]]]},"properties":{"code_territoire":"iris132100408","libelle_territoire":"Mont Rouvière"}},
{"type":"Feature","geometry":{"type":"Polygon","coordinates":[[[5.41448,43.27407],[5.41933,43.27156],[5.42006,43.27344],[5.41741,43.27593],[5.41448,43.27407]]]},"properties":{"code_territoire":"iris132100501","libelle_territoire":"La Sauvagère-Sainte-Geneviève"}},
{"type":"Feature","geometry":{"type":"Polygon","coordinates":[[[5.42695,43.26646],[5.42321,43.27026],[5.42006,43.27344],[5.41933,43.27156],[5.41577,43.26819],[5.42695,43.26646]]]},"properties":{"code_territoire":"iris132100502","libelle_territoire":"Campagne La Rose"}},
{"type":"Feature","geometry":{"type":"Polygon","coordinates":[[[5.41577,43.26819],[5.41933,43.27156],[5.41448,43.27407],[5.41386,43.27376],[5.41472,43.2724],[5.41148,43.2699],[5.41286,43.26837],[5.41498,43.26825],[5.41577,43.26819]]]},"properties":{"code_territoire":"iris132100503","libelle_territoire":"La Sauvagère-Bellevue"}},
{"type":"Feature","geometry":{"type":"Polygon","coordinates":[[[5.42925,43.26578],[5.43054,43.26987],[5.42879,43.27177],[5.42843,43.27208],[5.42321,43.27026],[5.42695,43.26646],[5.42925,43.26578]]]},"properties":{"code_territoire":"iris132100504","libelle_territoire":"La Marguerite"}},
{"type":"Feature","geometry":{"type":"Polygon","coordinates":[[[5.45609,43.26403],[5.43637,43.26743],[5.43231,43.27273],[5.42879,43.27177],[5.43054,43.26987],[5.42925,43.26578],[5.42919,43.26132],[5.44463,43.25694],[5.44862,43.25803],[5.45224,43.25746],[5.45948,43.25975],[5.45609,43.26403]]]},"properties":{"code_territoire":"iris132100505","libelle_territoire":"Castel Roc"}},
{"type":"Feature","geometry":{"type":"Polygon","coordinates":[[[5.42321,43.27026],[5.42843,43.27208],[5.42643,43.27611],[5.4277,43.27802],[5.42456,43.27985],[5.42021,43.27741],[5.41741,43.27593],[5.42006,43.27344],[5.42321,43.27026]]]},"properties":{"code_territoire":"iris132100506","libelle_territoire":"Jean Perrin"}},
{"type":"Feature","geometry":{"type":"Polygon","coordinates":[[[5.41245,43.2869],[5.4041,43.28595],[5.40705,43.28465],[5.40881,43.28284],[5.41284,43.28333],[5.4145,43.28347],[5.42238,43.28541],[5.41245,43.2869]]]},"properties":{"code_territoire":"iris132100601","libelle_territoire":"Cabassud-Mireille Lauze"}},
{"type":"Feature","geometry":{"type":"Polygon","coordinates":[[[5.39868,43.28597],[5.39868,43.28537],[5.4041,43.28595],[5.41245,43.2869],[5.40679,43.29002],[5.40599,43.29038],[5.40637,43.28764],[5.39966,43.28685],[5.39895,43.28683],[5.39868,43.28597]]]},"properties":{"code_territoire":"iris132100602","libelle_territoire":"Mathurin-Timone"}},
{"type":"Feature","geometry":{"type":"Polygon","coordinates":[[[5.41492,43.2917],[5.40718,43.29143],[5.40679,43.29002],[5.41245,43.2869],[5.42238,43.28541],[5.42549,43.2859],[5.4258,43.29014],[5.41492,43.2917]]]},"properties":{"code_territoire":"iris132100603","libelle_territoire":"Cimetière Saint-Pierre"}},
{"type":"Feature","geometry":{"type":"Polygon","coordinates":[[[4.87963,43.88722],[4.86216,43.88563],[4.86256,43.88304],[4.86018,43.88336],[4.86172,43.8795],[4.85977,43.8771],[4.86075,43.87573],[4.86462,43.87452],[4.86381,43.87093],[4.86222,43.86763],[4.85607,43.86823],[4.85662,43.85904],[4.86012,43.86058],[4.86875,43.86055],[4.87427,43.85885],[4.88197,43.86],[4.87876,43.86741],[4.87963,43.88722]]]},"properties":{"code_territoire":"iris130270103","libelle_territoire":"Est"}},
{"type":"Feature","geometry":{"type":"Polygon","coordinates":[[[5.48881,43.31524],[5.49194,43.30998],[5.491,43.30126],[5.4876,43.29837],[5.49085,43.29687],[5.49055,43.29472],[5.4955,43.29319],[5.49757,43.29404],[5.49682,43.29753],[5.50155,43.29997],[5.50017,43.31004],[5.49784,43.31495],[5.48881,43.31524]]]},"properties":{"code_territoire":"iris132110101","libelle_territoire":"Les Accates"}},
{"type":"Feature","geometry":{"type":"Polygon","coordinates":[[[5.48981,43.28175],[5.49351,43.28159],[5.49366,43.28375],[5.49938,43.2835],[5.49924,43.28576],[5.48797,43.28494],[5.48142,43.28743],[5.47466,43.28703],[5.47284,43.28438],[5.47741,43.28298],[5.47663,43.28091],[5.48981,43.28175]]]},"properties":{"code_territoire":"iris132110201","libelle_territoire":"La Barasse"}},
{"type":"Feature","geometry":{"type":"Polygon","coordinates":[[[5.49155,43.26795],[5.49331,43.27174],[5.48998,43.27809],[5.4879,43.27917],[5.48981,43.28175],[5.47663,43.28091],[5.47538,43.27612],[5.47213,43.27452],[5.47096,43.27017],[5.4632,43.26454],[5.46514,43.25919],[5.45948,43.25975],[5.45224,43.25746],[5.45187,43.25556],[5.45531,43.25675],[5.45881,43.25482],[5.46906,43.25355],[5.48341,43.25534],[5.48618,43.25777],[5.48458,43.26205],[5.48569,43.26387],[5.49155,43.26795]]]},"properties":{"code_territoire":"iris132110202","libelle_territoire":"Les Collines de la Barasse"}},
{"type":"Feature","geometry":{"type":"Polygon","coordinates":[[[5.52132,43.31696],[5.5167,43.31419],[5.5191,43.31228],[5.51735,43.31038],[5.5115,43.31279],[5.50866,43.30945],[5.50017,43.31004],[5.50155,43.29997],[5.49682,43.29753],[5.49757,43.29404],[5.50337,43.29734],[5.50518,43.2976],[5.50569,43.2957],[5.51152,43.2971],[5.51244,43.29844],[5.51706,43.2977],[5.51849,43.30422],[5.52038,43.30325],[5.52236,43.30688],[5.53073,43.31368],[5.52302,43.3142],[5.52132,43.31696]]]},"properties":{"code_territoire":"iris132110301","libelle_territoire":"Les Camoins"}},
{"type":"Feature","geometry":{"type":"Polygon","coordinates":[[[4.85322,43.87922],[4.85045,43.87847],[4.8496,43.87584],[4.85085,43.87117],[4.85324,43.87354],[4.85584,43.87302],[4.85843,43.87444],[4.8562,43.87487],[4.85768,43.87607],[4.86075,43.87573],[4.85977,43.8771],[4.86172,43.8795],[4.86018,43.88336],[4.85556,43.8838],[4.85322,43.87922]]]},"properties":{"code_territoire":"iris130270104","libelle_territoire":"Centre"}},
{"type":"Feature","geometry":{"type":"Polygon","coordinates":[[[4.8495,43.88502],[4.84986,43.88205],[4.85401,43.88233],[4.85322,43.87922],[4.85556,43.8838],[4.86018,43.88336],[4.86256,43.88304],[4.86216,43.88563],[4.8495,43.88502]]]},"properties":{"code_territoire":"iris130270105","libelle_territoire":"Périphérie"}},
{"type":"Feature","geometry":{"type":"Polygon","coordinates":[[[4.85662,43.85904],[4.85607,43.86823],[4.86222,43.86763],[4.86381,43.87093],[4.86462,43.87452],[4.86075,43.87573],[4.85768,43.87607],[4.8562,43.87487],[4.85843,43.87444],[4.85584,43.87302],[4.85324,43.87354],[4.85085,43.87117],[4.8496,43.87584],[4.85045,43.87847],[4.85322,43.87922],[4.85401,43.88233],[4.84986,43.88205],[4.83504,43.87424],[4.83649,43.86599],[4.84136,43.86015],[4.84933,43.8606],[4.85662,43.85904]]]},"properties":{"code_territoire":"iris130270106","libelle_territoire":"Sud"}},
{"type":"Feature","geometry":{"type":"MultiPolygon","coordinates":[[[[5.60625,43.17389],[5.6053,43.17525],[5.60261,43.17548],[5.60289,43.17387],[5.60625,43.17389]]],[[[5.61125,43.17245],[5.61114,43.17469],[5.60928,43.17746],[5.60599,43.17553],[5.61125,43.17245]]]]},"properties":{"code_territoire":"iris130280101","libelle_territoire":"Centre Ville"}},
{"type":"Feature","geometry":{"type":"Polygon","coordinates":[[[5.61114,43.17469],[5.61132,43.17635],[5.6126,43.17466],[5.61348,43.17753],[5.61135,43.1771],[5.61198,43.17916],[5.6128,43.17763],[5.61351,43.17877],[5.61249,43.17981],[5.61093,43.17841],[5.60543,43.17921],[5.60008,43.17896],[5.59848,43.17879],[5.60099,43.17414],[5.60215,43.17471],[5.60206,43.17123],[5.60654,43.16661],[5.61064,43.16547],[5.61567,43.16957],[5.61429,43.16992],[5.61498,43.17164],[5.60983,43.1676],[5.61325,43.17179],[5.60856,43.16895],[5.61097,43.17181],[5.6079,43.17049],[5.60854,43.17231],[5.60607,43.17239],[5.60625,43.17389],[5.60737,43.17447],[5.61125,43.17245],[5.60599,43.17553],[5.60928,43.17746],[5.61114,43.17469]],[[5.60625,43.17389],[5.60289,43.17387],[5.60261,43.17548],[5.6053,43.17525],[5.60625,43.17389]]]},"properties":{"code_territoire":"iris130280102","libelle_territoire":"Extension Centre Ville"}},
{"type":"Feature","geometry":{"type":"Polygon","coordinates":[[[5.53073,43.31368],[5.52236,43.30688],[5.52038,43.30325],[5.51849,43.30422],[5.51706,43.2977],[5.51993,43.29772],[5.52188,43.29232],[5.52476,43.2942],[5.5281,43.29386],[5.52833,43.29596],[5.53231,43.29876],[5.52836,43.30378],[5.52707,43.30891],[5.53073,43.31368]]]},"properties":{"code_territoire":"iris132110401","libelle_territoire":"Éoures"}},
{"type":"Feature","geometry":{"type":"Polygon","coordinates":[[[5.50534,43.28317],[5.49938,43.2835],[5.49366,43.28375],[5.49351,43.28159],[5.48981,43.28175],[5.4879,43.27917],[5.48998,43.27809],[5.49084,43.27912],[5.49778,43.27848],[5.50314,43.27386],[5.50707,43.27371],[5.50519,43.27729],[5.50534,43.28317]]]},"properties":{"code_territoire":"iris132110501","libelle_territoire":"La Millière"}},
{"type":"Feature","geometry":{"type":"Polygon","coordinates":[[[5.50707,43.27371],[5.50314,43.27386],[5.49778,43.27848],[5.49084,43.27912],[5.48998,43.27809],[5.49331,43.27174],[5.49155,43.26795],[5.49614,43.26847],[5.49889,43.2677],[5.50016,43.26486],[5.50415,43.26575],[5.51316,43.26332],[5.51439,43.2677],[5.51094,43.26852],[5.50707,43.27371]]]},"properties":{"code_territoire":"iris132110502","libelle_territoire":"Les Collines de la Millière"}},
{"type":"Feature","geometry":{"type":"Polygon","coordinates":[[[5.42638,43.29084],[5.42796,43.29039],[5.42945,43.29268],[5.42846,43.29377],[5.4253,43.29382],[5.42638,43.29084]]]},"properties":{"code_territoire":"iris132110601","libelle_territoire":"Air Bel-Clémentine"}},
{"type":"Feature","geometry":{"type":"Polygon","coordinates":[[[5.42638,43.29052],[5.43229,43.28916],[5.43356,43.28934],[5.43376,43.29111],[5.43048,43.29233],[5.43075,43.29397],[5.42846,43.29377],[5.42945,43.29268],[5.42796,43.29039],[5.42638,43.29084],[5.42638,43.29052]]]},"properties":{"code_territoire":"iris132110602","libelle_territoire":"Air Bel-Pommeraie"}},
{"type":"Feature","geometry":{"type":"Polygon","coordinates":[[[5.43341,43.29474],[5.43531,43.2923],[5.43685,43.29358],[5.43883,43.29315],[5.43817,43.29659],[5.43341,43.29474]]]},"properties":{"code_territoire":"iris132110603","libelle_territoire":"La Grognarde"}},
{"type":"Feature","geometry":{"type":"Polygon","coordinates":[[[5.43075,43.29397],[5.43048,43.29233],[5.43376,43.29111],[5.43356,43.28934],[5.44068,43.29074],[5.43883,43.29315],[5.43685,43.29358],[5.43531,43.2923],[5.43341,43.29474],[5.43322,43.29461],[5.43075,43.29397]]]},"properties":{"code_territoire":"iris132110604","libelle_territoire":"Pommeraie-Saint-Jean"}},
{"type":"Feature","geometry":{"type":"Polygon","coordinates":[[[5.42933,43.28618],[5.43791,43.28928],[5.43229,43.28916],[5.42638,43.29052],[5.4258,43.29014],[5.42549,43.2859],[5.42607,43.28586],[5.42933,43.28618]]]},"properties":{"code_territoire":"iris132110605","libelle_territoire":"La Mazenode"}},
{"type":"Feature","geometry":{"type":"Polygon","coordinates":[[[5.44204,43.28567],[5.4453,43.2868],[5.44414,43.28871],[5.44161,43.28841],[5.44478,43.29067],[5.45011,43.29009],[5.45593,43.29303],[5.45554,43.29344],[5.45233,43.29352],[5.44832,43.29161],[5.44295,43.29121],[5.44068,43.29074],[5.43356,43.28934],[5.43229,43.28916],[5.43791,43.28928],[5.42933,43.28618],[5.43394,43.28579],[5.43718,43.28464],[5.44204,43.28567]]]},"properties":{"code_territoire":"iris132110606","libelle_territoire":"Bel Ombre"}},
{"type":"Feature","geometry":{"type":"Polygon","coordinates":[[[5.60654,43.16661],[5.60206,43.17123],[5.60215,43.17471],[5.60099,43.17414],[5.59848,43.17879],[5.5957,43.17876],[5.59602,43.17647],[5.59209,43.1757],[5.59242,43.17396],[5.59544,43.1742],[5.59788,43.16963],[5.59911,43.16959],[5.59816,43.1675],[5.60273,43.16657],[5.60266,43.16503],[5.60645,43.16523],[5.60654,43.16661]]]},"properties":{"code_territoire":"iris130280103","libelle_territoire":"Les Calanques"}},
{"type":"Feature","geometry":{"type":"MultiPolygon","coordinates":[[[[5.59242,43.17396],[5.59007,43.17375],[5.59061,43.17073],[5.59788,43.16963],[5.59544,43.1742],[5.59242,43.17396]]],[[[5.59929,43.18449],[5.59931,43.18468],[5.59576,43.18533],[5.5975,43.18321],[5.59303,43.18463],[5.59305,43.18308],[5.59496,43.18249],[5.59426,43.18025],[5.59149,43.18092],[5.59151,43.17907],[5.58926,43.1796],[5.59209,43.1757],[5.59602,43.17647],[5.5957,43.17876],[5.59848,43.17879],[5.60008,43.17896],[5.59782,43.18133],[5.59929,43.18449]]]]},"properties":{"code_territoire":"iris130280104","libelle_territoire":"Les Crêtes"}},
{"type":"Feature","geometry":{"type":"Polygon","coordinates":[[[5.43817,43.29659],[5.43883,43.29315],[5.44068,43.29074],[5.44295,43.29121],[5.44247,43.2944],[5.44226,43.29471],[5.44073,43.29733],[5.43817,43.29659]]]},"properties":{"code_territoire":"iris132110607","libelle_territoire":"Campanules-Faïenciers"}},
{"type":"Feature","geometry":{"type":"Polygon","coordinates":[[[5.45233,43.29352],[5.45002,43.29476],[5.44554,43.29311],[5.44247,43.2944],[5.44295,43.29121],[5.44832,43.29161],[5.45233,43.29352]]]},"properties":{"code_territoire":"iris132110608","libelle_territoire":"Sainte-Madeleine"}},
{"type":"Feature","geometry":{"type":"Polygon","coordinates":[[[5.44226,43.29471],[5.44247,43.2944],[5.44554,43.29311],[5.45002,43.29476],[5.45233,43.29352],[5.45554,43.29344],[5.44931,43.29755],[5.44515,43.2956],[5.44226,43.29471]]]},"properties":{"code_territoire":"iris132110609","libelle_territoire":"William Booth"}},
{"type":"Feature","geometry":{"type":"Polygon","coordinates":[[[5.46105,43.28138],[5.4665,43.28215],[5.46663,43.28418],[5.46431,43.28522],[5.46373,43.28804],[5.46115,43.28881],[5.45557,43.28862],[5.45845,43.28619],[5.46164,43.28441],[5.46129,43.28265],[5.46105,43.28138]]]},"properties":{"code_territoire":"iris132110701","libelle_territoire":"Saint-Marcel Haut"}},
{"type":"Feature","geometry":{"type":"Polygon","coordinates":[[[5.46663,43.28418],[5.46847,43.28519],[5.47284,43.28438],[5.47466,43.28703],[5.4709,43.28767],[5.46115,43.28881],[5.46373,43.28804],[5.46431,43.28522],[5.46663,43.28418]]]},"properties":{"code_territoire":"iris132110702","libelle_territoire":"Saint-Marcel Village"}},
{"type":"Feature","geometry":{"type":"Polygon","coordinates":[[[5.44931,43.29755],[5.45554,43.29344],[5.45593,43.29303],[5.45796,43.29386],[5.45671,43.29973],[5.44939,43.2976],[5.44931,43.29755]]]},"properties":{"code_territoire":"iris132110703","libelle_territoire":"Collet des Comtes"}},
{"type":"Feature","geometry":{"type":"Polygon","coordinates":[[[5.45671,43.29973],[5.45796,43.29386],[5.46147,43.2945],[5.46306,43.2905],[5.46649,43.28923],[5.46991,43.2891],[5.47319,43.29083],[5.47542,43.29644],[5.47802,43.29855],[5.47669,43.30015],[5.46978,43.29969],[5.46275,43.30184],[5.45758,43.30142],[5.45828,43.29977],[5.45671,43.29973]]]},"properties":{"code_territoire":"iris132110704","libelle_territoire":"Les Libérateurs"}},
{"type":"Feature","geometry":{"type":"Polygon","coordinates":[[[5.44882,43.28769],[5.45557,43.28862],[5.46115,43.28881],[5.4709,43.28767],[5.47319,43.29083],[5.46991,43.2891],[5.46649,43.28923],[5.46306,43.2905],[5.46147,43.2945],[5.45796,43.29386],[5.45593,43.29303],[5.45011,43.29009],[5.44478,43.29067],[5.44161,43.28841],[5.44414,43.28871],[5.4453,43.2868],[5.44882,43.28769]]]},"properties":{"code_territoire":"iris132110705","libelle_territoire":"Z.I. Saint-Marcel"}},
{"type":"Feature","geometry":{"type":"Polygon","coordinates":[[[5.45948,43.25975],[5.46514,43.25919],[5.4632,43.26454],[5.47096,43.27017],[5.47213,43.27452],[5.47538,43.27612],[5.47663,43.28091],[5.47741,43.28298],[5.47284,43.28438],[5.46847,43.28519],[5.46663,43.28418],[5.4665,43.28215],[5.46105,43.28138],[5.45514,43.27965],[5.45602,43.27605],[5.45349,43.27222],[5.45409,43.26541],[5.45609,43.26403],[5.45948,43.25975]]]},"properties":{"code_territoire":"iris132110706","libelle_territoire":"Les Collines de Saint-Marcel"}},
{"type":"Feature","geometry":{"type":"Polygon","coordinates":[[[5.60543,43.17921],[5.60375,43.1812],[5.60657,43.18422],[5.60262,43.18347],[5.60157,43.18168],[5.59986,43.18215],[5.60071,43.18365],[5.59929,43.18449],[5.59782,43.18133],[5.60008,43.17896],[5.60543,43.17921]]]},"properties":{"code_territoire":"iris130280105","libelle_territoire":"Maltemps"}},
{"type":"Feature","geometry":{"type":"Polygon","coordinates":[[[5.59929,43.18449],[5.60071,43.18365],[5.59986,43.18215],[5.60157,43.18168],[5.60262,43.18347],[5.60657,43.18422],[5.61266,43.18302],[5.61513,43.18723],[5.61496,43.19038],[5.60905,43.19069],[5.60897,43.19232],[5.60492,43.19179],[5.60406,43.18994],[5.59931,43.18468],[5.59929,43.18449]]]},"properties":{"code_territoire":"iris130280106","libelle_territoire":"Virebelle-Provence-La Marine"}},
{"type":"Feature","geometry":{"type":"Polygon","coordinates":[[[5.52188,43.29232],[5.51993,43.29772],[5.51706,43.2977],[5.51244,43.29844],[5.51152,43.2971],[5.50569,43.2957],[5.50518,43.2976],[5.50337,43.29734],[5.49757,43.29404],[5.4955,43.29319],[5.49686,43.28887],[5.51238,43.28719],[5.51293,43.28888],[5.5184,43.28795],[5.52188,43.29232]]]},"properties":{"code_territoire":"iris132110801","libelle_territoire":"Saint-Menet"}},
{"type":"Feature","geometry":{"type":"Polygon","coordinates":[[[5.51238,43.28719],[5.49686,43.28887],[5.4955,43.29319],[5.49055,43.29472],[5.48693,43.29253],[5.48487,43.29365],[5.48142,43.28743],[5.48797,43.28494],[5.49924,43.28576],[5.49938,43.2835],[5.50534,43.28317],[5.50764,43.28276],[5.51109,43.28222],[5.51238,43.28719]]]},"properties":{"code_territoire":"iris132110802","libelle_territoire":"Z.I. Saint-Menet"}},
{"type":"Feature","geometry":{"type":"Polygon","coordinates":[[[5.49784,43.31495],[5.50017,43.31004],[5.50866,43.30945],[5.5115,43.31279],[5.51735,43.31038],[5.5191,43.31228],[5.5167,43.31419],[5.52132,43.31696],[5.52282,43.32078],[5.51363,43.32187],[5.50858,43.31837],[5.50182,43.31764],[5.50016,43.31527],[5.49784,43.31495]]]},"properties":{"code_territoire":"iris132110901","libelle_territoire":"La Treille"}},
{"type":"Feature","geometry":{"type":"Polygon","coordinates":[[[5.44882,43.28769],[5.45179,43.28435],[5.45679,43.28575],[5.45845,43.28619],[5.45557,43.28862],[5.44882,43.28769]]]},"properties":{"code_territoire":"iris132111001","libelle_territoire":"Lanfranchi-Bonfort"}},
{"type":"Feature","geometry":{"type":"Polygon","coordinates":[[[5.44416,43.27991],[5.44965,43.28344],[5.4524,43.28144],[5.45332,43.28268],[5.45686,43.28261],[5.45679,43.28575],[5.45179,43.28435],[5.44453,43.28233],[5.44221,43.28128],[5.44259,43.28103],[5.44416,43.27991]]]},"properties":{"code_territoire":"iris132111002","libelle_territoire":"Heckel"}},
{"type":"Feature","geometry":{"type":"Polygon","coordinates":[[[5.44453,43.28233],[5.45179,43.28435],[5.44882,43.28769],[5.4453,43.2868],[5.44204,43.28567],[5.44453,43.28233]]]},"properties":{"code_territoire":"iris132111003","libelle_territoire":"Michelis-Saint-Jacques"}},
{"type":"Feature","geometry":{"type":"Polygon","coordinates":[[[5.45602,43.27605],[5.45514,43.27965],[5.46105,43.28138],[5.46129,43.28265],[5.45686,43.28261],[5.45332,43.28268],[5.4524,43.28144],[5.44965,43.28344],[5.44416,43.27991],[5.44443,43.27701],[5.4522,43.27372],[5.45283,43.27534],[5.45602,43.27605]]]},"properties":{"code_territoire":"iris132111004","libelle_territoire":"Les Hauts de Saint-Jacques"}},
{"type":"Feature","geometry":{"type":"Polygon","coordinates":[[[5.62608,43.1871],[5.62878,43.18917],[5.62863,43.19511],[5.62646,43.19875],[5.62116,43.19722],[5.6187,43.19514],[5.61513,43.18723],[5.61266,43.18302],[5.61537,43.18229],[5.62167,43.18508],[5.62152,43.18619],[5.62608,43.1871]]]},"properties":{"code_territoire":"iris130280107","libelle_territoire":"Clos des Plages-Peymian"}},
{"type":"Feature","geometry":{"type":"Polygon","coordinates":[[[5.6187,43.19514],[5.62116,43.19722],[5.62348,43.20169],[5.61583,43.19857],[5.61763,43.19589],[5.6187,43.19514]]]},"properties":{"code_territoire":"iris130280108","libelle_territoire":"La Maurelle"}},
{"type":"Feature","geometry":{"type":"Polygon","coordinates":[[[5.61763,43.19589],[5.61583,43.19857],[5.61176,43.19475],[5.6132,43.19254],[5.61516,43.19191],[5.61483,43.19577],[5.61763,43.19589]]]},"properties":{"code_territoire":"iris130280109","libelle_territoire":"Les Matagots"}},
{"type":"Feature","geometry":{"type":"Polygon","coordinates":[[[5.61993,43.20874],[5.60518,43.20359],[5.5956,43.19731],[5.60406,43.18994],[5.60492,43.19179],[5.60897,43.19232],[5.60905,43.19069],[5.61496,43.19038],[5.61513,43.18723],[5.6187,43.19514],[5.61763,43.19589],[5.61483,43.19577],[5.61516,43.19191],[5.6132,43.19254],[5.61176,43.19475],[5.61583,43.19857],[5.62348,43.20169],[5.62116,43.19722],[5.62646,43.19875],[5.63321,43.1984],[5.63655,43.1955],[5.6379,43.20101],[5.63265,43.20342],[5.62883,43.21091],[5.6235,43.2083],[5.61993,43.20874]]]},"properties":{"code_territoire":"iris130280110","libelle_territoire":"Nord"}},
{"type":"Feature","geometry":{"type":"Polygon","coordinates":[[[5.46129,43.28265],[5.46164,43.28441],[5.45845,43.28619],[5.45679,43.28575],[5.45686,43.28261],[5.46129,43.28265]]]},"properties":{"code_territoire":"iris132111005","libelle_territoire":"Néréides-Bosquet"}},
{"type":"Feature","geometry":{"type":"Polygon","coordinates":[[[5.47684,43.30027],[5.48164,43.29536],[5.48404,43.29702],[5.48664,43.2961],[5.48487,43.29365],[5.48693,43.29253],[5.49055,43.29472],[5.49085,43.29687],[5.4876,43.29837],[5.491,43.30126],[5.49194,43.30998],[5.48881,43.31524],[5.48169,43.31369],[5.47512,43.31468],[5.47118,43.31456],[5.47211,43.31205],[5.47668,43.30913],[5.47588,43.3052],[5.47387,43.30449],[5.47684,43.30027]]]},"properties":{"code_territoire":"iris132111101","libelle_territoire":"Valentine Village"}},
{"type":"Feature","geometry":{"type":"Polygon","coordinates":[[[5.47669,43.30015],[5.47802,43.29855],[5.47542,43.29644],[5.47319,43.29083],[5.4709,43.28767],[5.47466,43.28703],[5.48142,43.28743],[5.48487,43.29365],[5.48664,43.2961],[5.48404,43.29702],[5.48164,43.29536],[5.47684,43.30027],[5.47669,43.30015]]]},"properties":{"code_territoire":"iris132111102","libelle_territoire":"Centres Commerciaux la Valentine"}},
{"type":"Feature","geometry":{"type":"Polygon","coordinates":[[[5.44939,43.2976],[5.44686,43.30299],[5.4561,43.30303],[5.46035,43.30608],[5.45329,43.30836],[5.45136,43.31078],[5.44401,43.31095],[5.44315,43.30546],[5.43795,43.30491],[5.43763,43.30342],[5.43772,43.3022],[5.44272,43.29997],[5.4444,43.29807],[5.44217,43.29677],[5.44515,43.2956],[5.44931,43.29755],[5.44939,43.2976]]]},"properties":{"code_territoire":"iris132120101","libelle_territoire":"Mirabelle-Anémones"}},
{"type":"Feature","geometry":{"type":"Polygon","coordinates":[[[5.45758,43.30142],[5.4561,43.30303],[5.44686,43.30299],[5.44939,43.2976],[5.45671,43.29973],[5.45828,43.29977],[5.45758,43.30142]]]},"properties":{"code_territoire":"iris132120102","libelle_territoire":"Les Comtes-Eydalin"}},
{"type":"Feature","geometry":{"type":"Polygon","coordinates":[[[5.44515,43.2956],[5.44217,43.29677],[5.4444,43.29807],[5.44272,43.29997],[5.43772,43.3022],[5.43651,43.29862],[5.43434,43.2973],[5.43322,43.29461],[5.43341,43.29474],[5.43817,43.29659],[5.44073,43.29733],[5.44226,43.29471],[5.44515,43.2956]]]},"properties":{"code_territoire":"iris132120103","libelle_territoire":"La Grande Bastide Cazaulx"}},
{"type":"Feature","geometry":{"type":"Polygon","coordinates":[[[5.43795,43.30491],[5.43648,43.3084],[5.42545,43.30755],[5.42301,43.30707],[5.4229,43.30406],[5.42342,43.30411],[5.43763,43.30342],[5.43795,43.30491]]]},"properties":{"code_territoire":"iris132120201","libelle_territoire":"Dessuard-Rosière"}},
{"type":"Feature","geometry":{"type":"Polygon","coordinates":[[[5.62608,43.1871],[5.62823,43.1869],[5.62792,43.18566],[5.63755,43.1893],[5.64282,43.18926],[5.64661,43.18761],[5.65105,43.18856],[5.66009,43.18192],[5.66682,43.18228],[5.66816,43.18036],[5.67197,43.17955],[5.67608,43.18929],[5.67912,43.20865],[5.67837,43.21665],[5.66858,43.20635],[5.6637,43.20515],[5.66139,43.20474],[5.65987,43.20608],[5.65883,43.20467],[5.6562,43.20463],[5.6499,43.20759],[5.65079,43.20861],[5.64445,43.21027],[5.6379,43.20101],[5.63655,43.1955],[5.63321,43.1984],[5.62646,43.19875],[5.62863,43.19511],[5.62878,43.18917],[5.62608,43.1871]]]},"properties":{"code_territoire":"iris130280111","libelle_territoire":"Est"}},
{"type":"Feature","geometry":{"type":"Polygon","coordinates":[[[5.61537,43.18229],[5.61266,43.18302],[5.60657,43.18422],[5.60375,43.1812],[5.60543,43.17921],[5.61093,43.17841],[5.61249,43.17981],[5.61537,43.18229]]]},"properties":{"code_territoire":"iris130280112","libelle_territoire":"Quartier de l'Hôpital"}},
{"type":"Feature","geometry":{"type":"Polygon","coordinates":[[[5.42342,43.30411],[5.42423,43.29914],[5.42982,43.29898],[5.43062,43.29722],[5.43434,43.2973],[5.43651,43.29862],[5.43772,43.3022],[5.43763,43.30342],[5.42342,43.30411]]]},"properties":{"code_territoire":"iris132120202","libelle_territoire":"Fourragère-Borromées-Vendôme"}},
{"type":"Feature","geometry":{"type":"Polygon","coordinates":[[[5.41102,43.30927],[5.41605,43.3098],[5.41613,43.3123],[5.41242,43.31296],[5.41449,43.31494],[5.41337,43.31586],[5.41053,43.31498],[5.40776,43.31183],[5.40969,43.31125],[5.40877,43.30988],[5.4086,43.30969],[5.41102,43.30927]]]},"properties":{"code_territoire":"iris132120301","libelle_territoire":"Petit Bosquet"}},
{"type":"Feature","geometry":{"type":"Polygon","coordinates":[[[5.41337,43.31586],[5.41449,43.31494],[5.41242,43.31296],[5.41613,43.3123],[5.42068,43.31186],[5.42439,43.31353],[5.42425,43.31573],[5.41464,43.31725],[5.41337,43.31586]]]},"properties":{"code_territoire":"iris132120302","libelle_territoire":"Prés Fleuris"}},
{"type":"Feature","geometry":{"type":"Polygon","coordinates":[[[5.41464,43.31725],[5.42425,43.31573],[5.42439,43.31353],[5.42775,43.31381],[5.42819,43.31901],[5.43024,43.31895],[5.43062,43.32278],[5.42916,43.32166],[5.42656,43.32308],[5.42433,43.3218],[5.42398,43.32072],[5.42177,43.32125],[5.42094,43.31984],[5.41894,43.32093],[5.41777,43.31983],[5.41744,43.31867],[5.41341,43.31813],[5.41464,43.31725]]]},"properties":{"code_territoire":"iris132120303","libelle_territoire":"Plateau de Montolivet"}},
{"type":"Feature","geometry":{"type":"Polygon","coordinates":[[[5.4323,43.32357],[5.43224,43.32026],[5.43661,43.31688],[5.43758,43.31701],[5.43888,43.31786],[5.44104,43.31908],[5.44122,43.32094],[5.43911,43.32047],[5.43696,43.32438],[5.43467,43.32267],[5.4323,43.32357]]]},"properties":{"code_territoire":"iris132120304","libelle_territoire":"Bois Lemaître"}},
{"type":"Feature","geometry":{"type":"Polygon","coordinates":[[[5.43062,43.32278],[5.43024,43.31895],[5.42819,43.31901],[5.42775,43.31381],[5.42827,43.31146],[5.43661,43.31688],[5.43224,43.32026],[5.4323,43.32357],[5.43057,43.32302],[5.43062,43.32278]]]},"properties":{"code_territoire":"iris132120305","libelle_territoire":"Sénafrica"}},
{"type":"Feature","geometry":{"type":"Polygon","coordinates":[[[5.42827,43.31146],[5.42775,43.31381],[5.42439,43.31353],[5.42068,43.31186],[5.41613,43.3123],[5.41605,43.3098],[5.41634,43.30905],[5.42002,43.30829],[5.41827,43.30762],[5.41856,43.30582],[5.42153,43.30683],[5.42185,43.30959],[5.42301,43.30707],[5.42545,43.30755],[5.42827,43.31146]]]},"properties":{"code_territoire":"iris132120401","libelle_territoire":"Bois Luzy-Jean Rameau"}},
{"type":"Feature","geometry":{"type":"Polygon","coordinates":[[[5.41634,43.30905],[5.41383,43.30434],[5.41495,43.30243],[5.41737,43.30264],[5.41737,43.30382],[5.4229,43.30406],[5.42301,43.30707],[5.42185,43.30959],[5.42153,43.30683],[5.41856,43.30582],[5.41827,43.30762],[5.42002,43.30829],[5.41634,43.30905]]]},"properties":{"code_territoire":"iris132120402","libelle_territoire":"Saint-Barnabé-Montaigne-Orangerie"}},
{"type":"Feature","geometry":{"type":"Polygon","coordinates":[[[5.40964,43.30394],[5.41225,43.3042],[5.41276,43.30055],[5.41701,43.30039],[5.41737,43.30264],[5.41495,43.30243],[5.41383,43.30434],[5.41634,43.30905],[5.41605,43.3098],[5.41102,43.30927],[5.4097,43.30404],[5.40964,43.30394]]]},"properties":{"code_territoire":"iris132120403","libelle_territoire":"Hagueneau-Garoutte"}},
{"type":"Feature","geometry":{"type":"Polygon","coordinates":[[[5.40905,43.29731],[5.41337,43.29789],[5.41276,43.30055],[5.41225,43.3042],[5.40964,43.30394],[5.40645,43.29957],[5.40728,43.2985],[5.40977,43.2993],[5.40905,43.29731]]]},"properties":{"code_territoire":"iris132120404","libelle_territoire":"Pervenches-Provence-Hopkinson"}},
{"type":"Feature","geometry":{"type":"Polygon","coordinates":[[[5.40938,43.29621],[5.41701,43.29725],[5.41677,43.29832],[5.41701,43.30039],[5.41276,43.30055],[5.41337,43.29789],[5.40905,43.29731],[5.40938,43.29621]]]},"properties":{"code_territoire":"iris132120405","libelle_territoire":"Hespérides-Haïti"}},
{"type":"Feature","geometry":{"type":"Polygon","coordinates":[[[5.41677,43.29832],[5.42423,43.29914],[5.42342,43.30411],[5.4229,43.30406],[5.41737,43.30382],[5.41737,43.30264],[5.41701,43.30039],[5.41677,43.29832]]]},"properties":{"code_territoire":"iris132120406","libelle_territoire":"Gasquy-Hugues-Garlaban"}},
{"type":"Feature","geometry":{"type":"MultiPolygon","coordinates":[[[[5.61524,43.1622],[5.61538,43.15939],[5.61652,43.15848],[5.61769,43.15966],[5.61743,43.15807],[5.61953,43.15851],[5.61931,43.15743],[5.62092,43.1593],[5.61928,43.15915],[5.61878,43.16165],[5.61524,43.1622]]],[[[5.55598,43.18847],[5.57251,43.17281],[5.57911,43.17178],[5.58545,43.16853],[5.58836,43.16893],[5.5888,43.16703],[5.59299,43.16526],[5.59412,43.16602],[5.59435,43.16455],[5.59731,43.16672],[5.59635,43.16417],[5.59858,43.16513],[5.59905,43.16352],[5.60469,43.16028],[5.60787,43.16125],[5.60574,43.1624],[5.60799,43.16351],[5.60645,43.16523],[5.60266,43.16503],[5.60273,43.16657],[5.59816,43.1675],[5.59911,43.16959],[5.59788,43.16963],[5.59061,43.17073],[5.59007,43.17375],[5.59242,43.17396],[5.59209,43.1757],[5.58926,43.1796],[5.59099,43.18437],[5.58639,43.18301],[5.58277,43.18483],[5.5841,43.18683],[5.57823,43.18681],[5.57979,43.18922],[5.57901,43.19143],[5.58338,43.19469],[5.58671,43.19402],[5.5903,43.19226],[5.59576,43.18533],[5.59931,43.18468],[5.60406,43.18994],[5.5956,43.19731],[5.60518,43.20359],[5.61993,43.20874],[5.6177,43.20825],[5.60464,43.21388],[5.60277,43.21698],[5.59245,43.2188],[5.58346,43.21225],[5.58168,43.20561],[5.57456,43.20463],[5.56591,43.20104],[5.55598,43.18847]]]]},"properties":{"code_territoire":"iris130280113","libelle_territoire":"Ouest"}},
{"type":"Feature","geometry":{"type":"Polygon","coordinates":[[[5.43322,43.29461],[5.43434,43.2973],[5.43062,43.29722],[5.42982,43.29898],[5.42423,43.29914],[5.41677,43.29832],[5.41701,43.29725],[5.40938,43.29621],[5.40875,43.29565],[5.4156,43.29347],[5.41492,43.2917],[5.4258,43.29014],[5.42638,43.29052],[5.42638,43.29084],[5.4253,43.29382],[5.42846,43.29377],[5.43075,43.29397],[5.43322,43.29461]]]},"properties":{"code_territoire":"iris132120501","libelle_territoire":"Saint-Jean du Désert"}},
{"type":"Feature","geometry":{"type":"Polygon","coordinates":[[[5.44104,43.31908],[5.43888,43.31786],[5.44237,43.31511],[5.44537,43.31508],[5.44548,43.3179],[5.44729,43.31806],[5.44589,43.32036],[5.4491,43.3205],[5.4484,43.32172],[5.44474,43.32039],[5.44104,43.31908]]]},"properties":{"code_territoire":"iris132120601","libelle_territoire":"Les Bougainvilliers"}},
{"type":"Feature","geometry":{"type":"Polygon","coordinates":[[[5.4491,43.3205],[5.44589,43.32036],[5.44729,43.31806],[5.44548,43.3179],[5.44537,43.31508],[5.44549,43.31255],[5.44316,43.31227],[5.44275,43.3107],[5.44401,43.31095],[5.45136,43.31078],[5.45329,43.30836],[5.4554,43.31562],[5.45351,43.31819],[5.4491,43.3205]]]},"properties":{"code_territoire":"iris132120602","libelle_territoire":"La Comtesse"}},
{"type":"Feature","geometry":{"type":"Polygon","coordinates":[[[5.42545,43.30755],[5.43648,43.3084],[5.43854,43.31102],[5.43758,43.31701],[5.43661,43.31688],[5.42827,43.31146],[5.42545,43.30755]]]},"properties":{"code_territoire":"iris132120603","libelle_territoire":"Beaumont"}},
{"type":"Feature","geometry":{"type":"Polygon","coordinates":[[[5.43758,43.31701],[5.43854,43.31102],[5.43648,43.3084],[5.43795,43.30491],[5.44315,43.30546],[5.44401,43.31095],[5.44275,43.3107],[5.44316,43.31227],[5.44549,43.31255],[5.44537,43.31508],[5.44237,43.31511],[5.43888,43.31786],[5.43758,43.31701]]]},"properties":{"code_territoire":"iris132120604","libelle_territoire":"Rougemont-Les Amandiers"}},
{"type":"Feature","geometry":{"type":"Polygon","coordinates":[[[5.46661,43.323],[5.4639,43.32172],[5.46349,43.31891],[5.4602,43.31764],[5.46754,43.30634],[5.46499,43.3049],[5.46184,43.30683],[5.46035,43.30608],[5.4561,43.30303],[5.45758,43.30142],[5.46275,43.30184],[5.46978,43.29969],[5.47669,43.30015],[5.47684,43.30027],[5.47387,43.30449],[5.47588,43.3052],[5.47668,43.30913],[5.47211,43.31205],[5.47118,43.31456],[5.47512,43.31468],[5.46863,43.32124],[5.46661,43.323]]]},"properties":{"code_territoire":"iris132120701","libelle_territoire":"Enco de Botte"}},
{"type":"Feature","geometry":{"type":"Polygon","coordinates":[[[5.45351,43.31819],[5.4554,43.31562],[5.45329,43.30836],[5.46035,43.30608],[5.46184,43.30683],[5.46499,43.3049],[5.46754,43.30634],[5.4602,43.31764],[5.45725,43.31993],[5.45351,43.31819]]]},"properties":{"code_territoire":"iris132120702","libelle_territoire":"Esperanza"}},
{"type":"Feature","geometry":{"type":"Polygon","coordinates":[[[5.4528,43.34712],[5.45125,43.34754],[5.45148,43.35178],[5.44897,43.35383],[5.44279,43.35152],[5.43887,43.35181],[5.43973,43.34539],[5.43808,43.3392],[5.44118,43.33953],[5.44571,43.34305],[5.44895,43.33867],[5.45023,43.33911],[5.45259,43.3466],[5.4528,43.34712]]]},"properties":{"code_territoire":"iris132130102","libelle_territoire":"Château-Gombert-Technopole"}},
{"type":"Feature","geometry":{"type":"Polygon","coordinates":[[[5.43321,43.33518],[5.43808,43.3392],[5.43973,43.34539],[5.43887,43.35181],[5.44279,43.35152],[5.44897,43.35383],[5.44857,43.35913],[5.44259,43.3601],[5.43821,43.35353],[5.4343,43.35659],[5.43268,43.35725],[5.43052,43.35565],[5.43089,43.35336],[5.43569,43.34841],[5.43495,43.34625],[5.43332,43.34676],[5.43407,43.3419],[5.43215,43.33816],[5.43297,43.33518],[5.43321,43.33518]]]},"properties":{"code_territoire":"iris132130103","libelle_territoire":"Château-Gombert-Fumade"}},
{"type":"Feature","geometry":{"type":"Polygon","coordinates":[[[5.45023,43.33911],[5.44895,43.33867],[5.44571,43.34305],[5.44118,43.33953],[5.43808,43.3392],[5.43321,43.33518],[5.43769,43.33443],[5.4398,43.33617],[5.44086,43.33366],[5.44429,43.33514],[5.44979,43.33454],[5.45226,43.33681],[5.45023,43.33911]]]},"properties":{"code_territoire":"iris132130201","libelle_territoire":"Les Vieux Cyprès"}},
{"type":"Feature","geometry":{"type":"Polygon","coordinates":[[[5.45226,43.33681],[5.44979,43.33454],[5.44429,43.33514],[5.44086,43.33366],[5.4398,43.33617],[5.43769,43.33443],[5.43808,43.33321],[5.43429,43.33201],[5.43444,43.3315],[5.44063,43.33238],[5.44183,43.33378],[5.44713,43.33386],[5.44815,43.33093],[5.45089,43.33041],[5.45704,43.33302],[5.45503,43.33571],[5.45226,43.33681]]]},"properties":{"code_territoire":"iris132130202","libelle_territoire":"Delprat"}},
{"type":"Feature","geometry":{"type":"Polygon","coordinates":[[[5.40368,43.32912],[5.40765,43.32669],[5.40928,43.32677],[5.41008,43.32841],[5.411,43.32724],[5.41289,43.32774],[5.41374,43.32781],[5.41384,43.32947],[5.41161,43.33067],[5.41036,43.33066],[5.4061,43.33112],[5.40484,43.33071],[5.40335,43.32954],[5.40368,43.32912]]]},"properties":{"code_territoire":"iris132130301","libelle_territoire":"Oliviers-Lauriers"}},
{"type":"Feature","geometry":{"type":"Polygon","coordinates":[[[5.40984,43.32369],[5.40917,43.32171],[5.41008,43.32077],[5.41235,43.32083],[5.41334,43.32103],[5.41885,43.32525],[5.41827,43.32733],[5.41548,43.32446],[5.41374,43.32781],[5.41289,43.32774],[5.4126,43.32594],[5.41045,43.32591],[5.4127,43.3223],[5.40984,43.32369]]]},"properties":{"code_territoire":"iris132130302","libelle_territoire":"Malpasse-Roubaix"}},
{"type":"Feature","geometry":{"type":"Polygon","coordinates":[[[5.42433,43.3218],[5.42134,43.3235],[5.42405,43.32578],[5.42309,43.32691],[5.42094,43.32839],[5.41839,43.32763],[5.41561,43.3291],[5.41384,43.32947],[5.41374,43.32781],[5.41548,43.32446],[5.41827,43.32733],[5.41885,43.32525],[5.41334,43.32103],[5.41777,43.31983],[5.41894,43.32093],[5.42094,43.31984],[5.42177,43.32125],[5.42398,43.32072],[5.42433,43.3218]]]},"properties":{"code_territoire":"iris132130303","libelle_territoire":"Tilleuls-Valmont"}},
{"type":"Feature","geometry":{"type":"Polygon","coordinates":[[[5.40928,43.32677],[5.40984,43.32369],[5.4127,43.3223],[5.41045,43.32591],[5.4126,43.32594],[5.41289,43.32774],[5.411,43.32724],[5.41008,43.32841],[5.40928,43.32677]]]},"properties":{"code_territoire":"iris132130304","libelle_territoire":"Les Cèdres-Cyprès"}},
{"type":"Feature","geometry":{"type":"Polygon","coordinates":[[[5.59576,43.18533],[5.5903,43.19226],[5.58671,43.19402],[5.58338,43.19469],[5.57901,43.19143],[5.57979,43.18922],[5.57823,43.18681],[5.5841,43.18683],[5.58277,43.18483],[5.58639,43.18301],[5.59099,43.18437],[5.58926,43.1796],[5.59151,43.17907],[5.59149,43.18092],[5.59426,43.18025],[5.59496,43.18249],[5.59305,43.18308],[5.59303,43.18463],[5.5975,43.18321],[5.59576,43.18533]]]},"properties":{"code_territoire":"iris130280114","libelle_territoire":"Saint-Loup-Fardeloup"}},
{"type":"Feature","geometry":{"type":"Polygon","coordinates":[[[5.10757,43.55509],[5.09947,43.58209],[5.10275,43.58761],[5.10028,43.59192],[5.09812,43.59123],[5.09489,43.59502],[5.08941,43.59514],[5.0893,43.59658],[5.08936,43.59762],[5.08607,43.59814],[5.0787,43.59729],[5.06572,43.59214],[5.05349,43.59161],[5.04745,43.59445],[5.04305,43.59345],[5.04363,43.59228],[5.04724,43.58806],[5.04681,43.57918],[5.0503,43.57558],[5.05315,43.57503],[5.05318,43.57298],[5.0546,43.57391],[5.05695,43.57217],[5.06266,43.55843],[5.06314,43.55731],[5.06497,43.55539],[5.0656,43.5574],[5.07661,43.55874],[5.08134,43.56893],[5.08569,43.56861],[5.08458,43.56511],[5.09005,43.5698],[5.10258,43.55697],[5.10342,43.55435],[5.10757,43.55509]]]},"properties":{"code_territoire":"iris130290000","libelle_territoire":"Cornillon-Confoux (commune non irisée)"}},
{"type":"Feature","geometry":{"type":"Polygon","coordinates":[[[5.45165,43.3811],[5.44839,43.37592],[5.44866,43.36975],[5.447,43.36936],[5.44637,43.36573],[5.44857,43.35913],[5.44897,43.35383],[5.45148,43.35178],[5.45125,43.34754],[5.4528,43.34712],[5.46252,43.35745],[5.46468,43.36012],[5.45165,43.3811]]]},"properties":{"code_territoire":"iris132130401","libelle_territoire":"Les Médecins"}},
{"type":"Feature","geometry":{"type":"Polygon","coordinates":[[[5.41657,43.3525],[5.42286,43.35647],[5.43089,43.35336],[5.43052,43.35565],[5.43268,43.35725],[5.4343,43.35659],[5.43557,43.3613],[5.43062,43.36897],[5.43267,43.37112],[5.42877,43.37532],[5.42605,43.38339],[5.42465,43.38342],[5.41538,43.37874],[5.41304,43.37486],[5.41401,43.36883],[5.41251,43.36017],[5.41657,43.3525]]]},"properties":{"code_territoire":"iris132130501","libelle_territoire":"Les Mourets"}},
{"type":"Feature","geometry":{"type":"Polygon","coordinates":[[[5.43547,43.32781],[5.44117,43.32572],[5.4436,43.32695],[5.44399,43.33009],[5.44063,43.33238],[5.43444,43.3315],[5.43089,43.32907],[5.43547,43.32781]]]},"properties":{"code_territoire":"iris132130601","libelle_territoire":"Saint-Théodore"}},
{"type":"Feature","geometry":{"type":"Polygon","coordinates":[[[5.45704,43.33302],[5.45089,43.33041],[5.45352,43.32752],[5.45868,43.32357],[5.4639,43.32172],[5.46661,43.323],[5.45704,43.33302]]]},"properties":{"code_territoire":"iris132130602","libelle_territoire":"La Marie"}},
{"type":"Feature","geometry":{"type":"Polygon","coordinates":[[[5.4639,43.32172],[5.45868,43.32357],[5.45352,43.32752],[5.44876,43.32355],[5.45273,43.324],[5.45527,43.32272],[5.45346,43.32228],[5.45498,43.32134],[5.45704,43.32217],[5.45725,43.31993],[5.4602,43.31764],[5.46349,43.31891],[5.4639,43.32172]]]},"properties":{"code_territoire":"iris132130603","libelle_territoire":"Les Olives Village"}},
{"type":"Feature","geometry":{"type":"Polygon","coordinates":[[[5.45725,43.31993],[5.45704,43.32217],[5.45498,43.32134],[5.45346,43.32228],[5.45527,43.32272],[5.45273,43.324],[5.44876,43.32355],[5.44678,43.32315],[5.44474,43.32039],[5.4484,43.32172],[5.4491,43.3205],[5.45351,43.31819],[5.45725,43.31993]]]},"properties":{"code_territoire":"iris132130604","libelle_territoire":"Fondacle"}},
{"type":"Feature","geometry":{"type":"Polygon","coordinates":[[[5.44678,43.32315],[5.44876,43.32355],[5.45352,43.32752],[5.45089,43.33041],[5.44815,43.33093],[5.44713,43.33386],[5.44183,43.33378],[5.44063,43.33238],[5.44399,43.33009],[5.4436,43.32695],[5.44117,43.32572],[5.44678,43.32315]]]},"properties":{"code_territoire":"iris132130605","libelle_territoire":"Ravelle-Mont Riant"}},
{"type":"Feature","geometry":{"type":"Polygon","coordinates":[[[5.44474,43.32039],[5.44678,43.32315],[5.44117,43.32572],[5.43547,43.32781],[5.43696,43.32438],[5.43911,43.32047],[5.44122,43.32094],[5.44104,43.31908],[5.44474,43.32039]]]},"properties":{"code_territoire":"iris132130607","libelle_territoire":"La Maurelle"}},
{"type":"Feature","geometry":{"type":"Polygon","coordinates":[[[5.70128,43.24717],[5.7039,43.24897],[5.71009,43.24896],[5.70909,43.25008],[5.71178,43.2534],[5.72328,43.25713],[5.7325,43.25771],[5.73481,43.26168],[5.75045,43.26396],[5.74985,43.26603],[5.76078,43.26737],[5.76019,43.27684],[5.7629,43.2823],[5.75647,43.28392],[5.74917,43.28977],[5.73511,43.30361],[5.72671,43.31725],[5.71095,43.3164],[5.69104,43.31298],[5.69642,43.31001],[5.69516,43.30357],[5.67897,43.29929],[5.67797,43.2972],[5.67975,43.29426],[5.67479,43.28992],[5.67466,43.28735],[5.66779,43.28313],[5.65677,43.26706],[5.66101,43.26753],[5.66187,43.26561],[5.66737,43.26358],[5.66549,43.26019],[5.66778,43.25853],[5.68563,43.25348],[5.70128,43.24717]]]},"properties":{"code_territoire":"iris130300000","libelle_territoire":"Cuges-les-Pins (commune non irisée)"}},
{"type":"Feature","geometry":{"type":"Polygon","coordinates":[[[5.42605,43.38339],[5.42877,43.37532],[5.43267,43.37112],[5.43062,43.36897],[5.43557,43.3613],[5.4343,43.35659],[5.43821,43.35353],[5.44259,43.3601],[5.44857,43.35913],[5.44637,43.36573],[5.447,43.36936],[5.44866,43.36975],[5.44839,43.37592],[5.45165,43.3811],[5.44751,43.38699],[5.4387,43.39091],[5.43583,43.38731],[5.42605,43.38339]]]},"properties":{"code_territoire":"iris132130701","libelle_territoire":"Palama"}},
{"type":"Feature","geometry":{"type":"Polygon","coordinates":[[[5.43297,43.33518],[5.43137,43.33372],[5.4332,43.33149],[5.43429,43.33201],[5.43808,43.33321],[5.43769,43.33443],[5.43321,43.33518],[5.43297,43.33518]]]},"properties":{"code_territoire":"iris132130802","libelle_territoire":"Val Plan"}},
{"type":"Feature","geometry":{"type":"Polygon","coordinates":[[[5.42778,43.32928],[5.4332,43.33149],[5.43137,43.33372],[5.43297,43.33518],[5.43215,43.33816],[5.42959,43.33902],[5.42793,43.3376],[5.42912,43.33298],[5.42778,43.32928]]]},"properties":{"code_territoire":"iris132130803","libelle_territoire":"Le Clos"}},
{"type":"Feature","geometry":{"type":"Polygon","coordinates":[[[5.42778,43.32928],[5.42912,43.33298],[5.42793,43.3376],[5.42431,43.33793],[5.42561,43.33656],[5.42196,43.33292],[5.42261,43.32968],[5.42094,43.32839],[5.42309,43.32691],[5.42778,43.32928]]]},"properties":{"code_territoire":"iris132130804","libelle_territoire":"Métro La Rose"}},
{"type":"Feature","geometry":{"type":"Polygon","coordinates":[[[5.43696,43.32438],[5.43547,43.32781],[5.43089,43.32907],[5.43444,43.3315],[5.43429,43.33201],[5.4332,43.33149],[5.42778,43.32928],[5.42309,43.32691],[5.42405,43.32578],[5.43121,43.327],[5.42853,43.32424],[5.43057,43.32302],[5.4323,43.32357],[5.43467,43.32267],[5.43696,43.32438]]]},"properties":{"code_territoire":"iris132130805","libelle_territoire":"Les Jonquilles"}},
{"type":"Feature","geometry":{"type":"Polygon","coordinates":[[[5.43057,43.32302],[5.42853,43.32424],[5.43121,43.327],[5.42405,43.32578],[5.42134,43.3235],[5.42433,43.3218],[5.42656,43.32308],[5.42916,43.32166],[5.43062,43.32278],[5.43057,43.32302]]]},"properties":{"code_territoire":"iris132130806","libelle_territoire":"Frais Vallon"}},
{"type":"Feature","geometry":{"type":"Polygon","coordinates":[[[5.41161,43.33067],[5.41364,43.33096],[5.4106,43.33341],[5.41036,43.33066],[5.41161,43.33067]]]},"properties":{"code_territoire":"iris132130901","libelle_territoire":"Lilas-Oliviers"}},
{"type":"Feature","geometry":{"type":"Polygon","coordinates":[[[5.4061,43.33112],[5.41036,43.33066],[5.4106,43.33341],[5.41364,43.33096],[5.41161,43.33067],[5.41384,43.32947],[5.41561,43.3291],[5.41651,43.33187],[5.41291,43.33572],[5.41452,43.33702],[5.41528,43.33581],[5.41836,43.33577],[5.41403,43.33968],[5.41247,43.34042],[5.41091,43.34113],[5.41114,43.33924],[5.40749,43.33509],[5.4061,43.33112]]]},"properties":{"code_territoire":"iris132130902","libelle_territoire":"Normandie-Niémen"}},
{"type":"Feature","geometry":{"type":"Polygon","coordinates":[[[5.42094,43.32839],[5.42261,43.32968],[5.42196,43.33292],[5.42561,43.33656],[5.42431,43.33793],[5.42087,43.33747],[5.41995,43.33281],[5.41827,43.3333],[5.41651,43.33187],[5.41561,43.3291],[5.41839,43.32763],[5.42094,43.32839]]]},"properties":{"code_territoire":"iris132130903","libelle_territoire":"Saint-Jérôme Pélabon"}},
{"type":"Feature","geometry":{"type":"Polygon","coordinates":[[[5.60823,43.37652],[5.59906,43.39076],[5.59525,43.39139],[5.59206,43.38758],[5.59445,43.38465],[5.59135,43.37992],[5.59075,43.37441],[5.58678,43.37187],[5.58741,43.36659],[5.60004,43.36819],[5.60969,43.36619],[5.60689,43.37046],[5.60969,43.37423],[5.60823,43.37652]]]},"properties":{"code_territoire":"iris130310000","libelle_territoire":"La Destrousse (commune non irisée)"}},
{"type":"Feature","geometry":{"type":"Polygon","coordinates":[[[5.3484,43.53633],[5.34909,43.53528],[5.35662,43.53533],[5.35856,43.53585],[5.358,43.53996],[5.36639,43.54083],[5.3712,43.53759],[5.37313,43.54136],[5.36875,43.54229],[5.36636,43.55198],[5.36404,43.55053],[5.35442,43.55089],[5.35436,43.55732],[5.3523,43.5608],[5.3495,43.56072],[5.34496,43.55766],[5.34444,43.56287],[5.34681,43.56765],[5.34538,43.56799],[5.35137,43.56868],[5.3439,43.57136],[5.34543,43.57372],[5.35309,43.5769],[5.35404,43.57555],[5.35562,43.57813],[5.36173,43.57502],[5.36151,43.573],[5.36319,43.57376],[5.36618,43.5725],[5.36722,43.57454],[5.37104,43.57424],[5.36133,43.57936],[5.36337,43.58217],[5.3675,43.58378],[5.36317,43.58425],[5.358,43.58893],[5.34608,43.58958],[5.34256,43.59195],[5.33453,43.59277],[5.32291,43.59704],[5.32185,43.59426],[5.31909,43.59428],[5.3128,43.59091],[5.30044,43.59143],[5.28335,43.58897],[5.25421,43.59216],[5.25108,43.58708],[5.25579,43.5814],[5.264,43.57425],[5.27249,43.57564],[5.27847,43.57487],[5.2954,43.56868],[5.30257,43.56742],[5.31241,43.55953],[5.32575,43.55738],[5.32532,43.55324],[5.33191,43.55219],[5.33853,43.55344],[5.3398,43.55165],[5.34457,43.55227],[5.34322,43.54273],[5.34442,43.53856],[5.3484,43.53633]]]},"properties":{"code_territoire":"iris130320101","libelle_territoire":"Campagne Ouest-Zone Industrielle-Rastel-Ponteils"}},
{"type":"Feature","geometry":{"type":"Polygon","coordinates":[[[5.41403,43.33968],[5.41836,43.33577],[5.41528,43.33581],[5.41452,43.33702],[5.41291,43.33572],[5.41651,43.33187],[5.41827,43.3333],[5.41995,43.33281],[5.42087,43.33747],[5.42041,43.33971],[5.41946,43.34093],[5.41608,43.34105],[5.41403,43.33968]]]},"properties":{"code_territoire":"iris132130904","libelle_territoire":"Val d'Azur"}},
{"type":"Feature","geometry":{"type":"Polygon","coordinates":[[[5.40285,43.32452],[5.40467,43.32392],[5.40524,43.32599],[5.40688,43.32529],[5.40765,43.32669],[5.40368,43.32912],[5.40104,43.32702],[5.40285,43.32452]]]},"properties":{"code_territoire":"iris132131001","libelle_territoire":"Saint-Paul Corot"}},
{"type":"Feature","geometry":{"type":"Polygon","coordinates":[[[5.39918,43.31694],[5.40263,43.31862],[5.40063,43.32266],[5.3981,43.32232],[5.39554,43.31874],[5.39356,43.31848],[5.39364,43.31646],[5.39918,43.31694]]]},"properties":{"code_territoire":"iris132131002","libelle_territoire":"La Mongrane"}},
{"type":"Feature","geometry":{"type":"Polygon","coordinates":[[[5.40063,43.32266],[5.40263,43.31862],[5.40586,43.31789],[5.40636,43.32019],[5.40815,43.31931],[5.40764,43.32195],[5.41008,43.32077],[5.40917,43.32171],[5.40467,43.32392],[5.40285,43.32452],[5.4007,43.32543],[5.40063,43.32266]]]},"properties":{"code_territoire":"iris132131003","libelle_territoire":"Lacordaire"}},
{"type":"Feature","geometry":{"type":"Polygon","coordinates":[[[5.4072,43.3161],[5.41235,43.32083],[5.41008,43.32077],[5.40764,43.32195],[5.40815,43.31931],[5.40636,43.32019],[5.40586,43.31789],[5.40263,43.31862],[5.39918,43.31694],[5.39899,43.31658],[5.40343,43.31485],[5.40482,43.31696],[5.4072,43.3161]]]},"properties":{"code_territoire":"iris132131004","libelle_territoire":"Daudet Perrin"}},
{"type":"Feature","geometry":{"type":"Polygon","coordinates":[[[5.41777,43.31983],[5.41334,43.32103],[5.41235,43.32083],[5.4072,43.3161],[5.40735,43.31498],[5.41053,43.31498],[5.41337,43.31586],[5.41464,43.31725],[5.41341,43.31813],[5.41744,43.31867],[5.41777,43.31983]]]},"properties":{"code_territoire":"iris132131005","libelle_territoire":"Les Floralies-Beau Plan"}},
{"type":"Feature","geometry":{"type":"Polygon","coordinates":[[[5.40765,43.32669],[5.40688,43.32529],[5.40524,43.32599],[5.40467,43.32392],[5.40917,43.32171],[5.40984,43.32369],[5.40928,43.32677],[5.40765,43.32669]]]},"properties":{"code_territoire":"iris132131006","libelle_territoire":"Corot"}},
{"type":"Feature","geometry":{"type":"Polygon","coordinates":[[[5.41091,43.34113],[5.41247,43.34042],[5.42069,43.34317],[5.41994,43.34572],[5.41622,43.34784],[5.41492,43.35159],[5.41199,43.34952],[5.41457,43.34631],[5.41045,43.34251],[5.41091,43.34113]]]},"properties":{"code_territoire":"iris132131101","libelle_territoire":"Les Prairies"}},
{"type":"Feature","geometry":{"type":"Polygon","coordinates":[[[5.42087,43.33747],[5.42431,43.33793],[5.42793,43.3376],[5.42959,43.33902],[5.42696,43.34044],[5.42041,43.33971],[5.42087,43.33747]]]},"properties":{"code_territoire":"iris132131102","libelle_territoire":"Les Balustres"}},
{"type":"Feature","geometry":{"type":"Polygon","coordinates":[[[5.41492,43.35159],[5.41622,43.34784],[5.41994,43.34572],[5.42069,43.34317],[5.41247,43.34042],[5.41403,43.33968],[5.41608,43.34105],[5.41946,43.34093],[5.42041,43.33971],[5.42696,43.34044],[5.42959,43.33902],[5.43215,43.33816],[5.43407,43.3419],[5.43332,43.34676],[5.43495,43.34625],[5.43569,43.34841],[5.43089,43.35336],[5.42286,43.35647],[5.41657,43.3525],[5.41492,43.35159]]]},"properties":{"code_territoire":"iris132131103","libelle_territoire":"La Baronne"}},
{"type":"Feature","geometry":{"type":"Polygon","coordinates":[[[5.37104,43.57424],[5.36722,43.57454],[5.36618,43.5725],[5.36319,43.57376],[5.36151,43.573],[5.36173,43.57502],[5.35562,43.57813],[5.35404,43.57555],[5.35309,43.5769],[5.34543,43.57372],[5.34648,43.57216],[5.35327,43.56991],[5.35337,43.57106],[5.35677,43.57046],[5.3602,43.57162],[5.36265,43.56995],[5.36001,43.56765],[5.36139,43.56585],[5.35837,43.56506],[5.36112,43.56026],[5.35436,43.55732],[5.35442,43.55089],[5.36404,43.55053],[5.36636,43.55198],[5.36875,43.54229],[5.37313,43.54136],[5.37494,43.54378],[5.3775,43.54445],[5.37815,43.54744],[5.37292,43.55381],[5.37711,43.55381],[5.37858,43.55851],[5.3837,43.56251],[5.38437,43.56342],[5.37756,43.56754],[5.37599,43.57176],[5.37112,43.57299],[5.37104,43.57424]]]},"properties":{"code_territoire":"iris130320102","libelle_territoire":"Campagne Est-Nord-Est-Figons-Surville-Plantiers"}},
{"type":"Feature","geometry":{"type":"Polygon","coordinates":[[[5.35436,43.55732],[5.36112,43.56026],[5.35837,43.56506],[5.36139,43.56585],[5.36001,43.56765],[5.36265,43.56995],[5.3602,43.57162],[5.35677,43.57046],[5.35337,43.57106],[5.35327,43.56991],[5.34648,43.57216],[5.34543,43.57372],[5.3439,43.57136],[5.35137,43.56868],[5.34538,43.56799],[5.34681,43.56765],[5.34444,43.56287],[5.34496,43.55766],[5.3495,43.56072],[5.3523,43.5608],[5.35436,43.55732]]]},"properties":{"code_territoire":"iris130320103","libelle_territoire":"Centre Ancien-Cros-Lotins"}},
{"type":"Feature","geometry":{"type":"Polygon","coordinates":[[[5.37788,43.33054],[5.37974,43.32998],[5.38028,43.33119],[5.38419,43.33002],[5.3848,43.32788],[5.3878,43.32863],[5.38845,43.32963],[5.38839,43.33073],[5.38661,43.33202],[5.3795,43.33637],[5.37788,43.33054]]]},"properties":{"code_territoire":"iris132140101","libelle_territoire":"Finat Duclos"}},
{"type":"Feature","geometry":{"type":"Polygon","coordinates":[[[5.3868,43.34023],[5.38295,43.3408],[5.38133,43.34022],[5.38184,43.33872],[5.38552,43.33688],[5.3868,43.34023]]]},"properties":{"code_territoire":"iris132140102","libelle_territoire":"Vieux Moulin"}},
{"type":"Feature","geometry":{"type":"Polygon","coordinates":[[[5.36765,43.32976],[5.37489,43.33143],[5.37788,43.33054],[5.3795,43.33637],[5.38661,43.33202],[5.38552,43.33688],[5.38184,43.33872],[5.3788,43.33684],[5.37557,43.33902],[5.37281,43.33942],[5.36681,43.3382],[5.36703,43.32959],[5.36765,43.32976]]]},"properties":{"code_territoire":"iris132140103","libelle_territoire":"Marché d'Intérêt National Gay Lussac"}},
{"type":"Feature","geometry":{"type":"Polygon","coordinates":[[[5.38921,43.32349],[5.3878,43.32863],[5.3848,43.32788],[5.38283,43.32492],[5.3843,43.32389],[5.38921,43.32349]]]},"properties":{"code_territoire":"iris132140201","libelle_territoire":"La Marine"}},
{"type":"Feature","geometry":{"type":"Polygon","coordinates":[[[5.38237,43.31669],[5.38376,43.31794],[5.38121,43.31927],[5.38403,43.32072],[5.3843,43.32389],[5.38283,43.32492],[5.37908,43.31887],[5.37963,43.31852],[5.38224,43.31676],[5.38237,43.31669]]]},"properties":{"code_territoire":"iris132140202","libelle_territoire":"Gibbes"}},
{"type":"Feature","geometry":{"type":"Polygon","coordinates":[[[5.38937,43.32185],[5.38921,43.32349],[5.3843,43.32389],[5.38403,43.32072],[5.3874,43.32069],[5.38996,43.32107],[5.38937,43.32185]]]},"properties":{"code_territoire":"iris132140203","libelle_territoire":"Églantines-Rosiers"}},
{"type":"Feature","geometry":{"type":"Polygon","coordinates":[[[5.38403,43.32072],[5.38121,43.31927],[5.38376,43.31794],[5.38571,43.31691],[5.3874,43.32069],[5.38403,43.32072]]]},"properties":{"code_territoire":"iris132140204","libelle_territoire":"Saint-Gabriel"}},
{"type":"Feature","geometry":{"type":"Polygon","coordinates":[[[5.38835,43.31546],[5.3903,43.31812],[5.38996,43.32107],[5.3874,43.32069],[5.38571,43.31691],[5.38376,43.31794],[5.38237,43.31669],[5.38406,43.31615],[5.38794,43.31496],[5.38835,43.31546]]]},"properties":{"code_territoire":"iris132140205","libelle_territoire":"La Glacière"}},
{"type":"Feature","geometry":{"type":"Polygon","coordinates":[[[5.37908,43.31887],[5.38283,43.32492],[5.3848,43.32788],[5.38419,43.33002],[5.38028,43.33119],[5.37974,43.32998],[5.37788,43.33054],[5.37849,43.32583],[5.37771,43.31988],[5.37908,43.31887]]]},"properties":{"code_territoire":"iris132140301","libelle_territoire":"R.P. Moretti"}},
{"type":"Feature","geometry":{"type":"Polygon","coordinates":[[[5.37477,43.32093],[5.37472,43.32645],[5.37849,43.32583],[5.37788,43.33054],[5.37489,43.33143],[5.36765,43.32976],[5.37158,43.32008],[5.37477,43.32093]]]},"properties":{"code_territoire":"iris132140302","libelle_territoire":"Casanova"}},
{"type":"Feature","geometry":{"type":"Polygon","coordinates":[[[5.37771,43.31988],[5.37849,43.32583],[5.37472,43.32645],[5.37477,43.32093],[5.37771,43.31988]]]},"properties":{"code_territoire":"iris132140303","libelle_territoire":"États-Unis"}},
{"type":"Feature","geometry":{"type":"Polygon","coordinates":[[[5.41251,43.36017],[5.40543,43.35789],[5.40724,43.3535],[5.40259,43.35265],[5.39962,43.35209],[5.39944,43.3497],[5.40252,43.34977],[5.40579,43.34981],[5.40582,43.35151],[5.40757,43.35202],[5.41199,43.34952],[5.41492,43.35159],[5.41657,43.3525],[5.41251,43.36017]]]},"properties":{"code_territoire":"iris132140401","libelle_territoire":"La Batarelle"}},
{"type":"Feature","geometry":{"type":"Polygon","coordinates":[[[5.41199,43.34952],[5.40757,43.35202],[5.40582,43.35151],[5.40579,43.34981],[5.40252,43.34977],[5.4044,43.34577],[5.40206,43.3456],[5.4048,43.34234],[5.40667,43.34105],[5.40729,43.33626],[5.40749,43.33509],[5.41114,43.33924],[5.41091,43.34113],[5.41045,43.34251],[5.41457,43.34631],[5.41199,43.34952]]]},"properties":{"code_territoire":"iris132140402","libelle_territoire":"Guynemer"}},
{"type":"Feature","geometry":{"type":"Polygon","coordinates":[[[5.40486,43.34197],[5.4052,43.33762],[5.40274,43.33632],[5.40433,43.33546],[5.40729,43.33626],[5.40667,43.34105],[5.4048,43.34234],[5.40486,43.34197]]]},"properties":{"code_territoire":"iris132140403","libelle_territoire":"Santa Cruz"}},
{"type":"Feature","geometry":{"type":"Polygon","coordinates":[[[5.21409,43.38191],[5.2072,43.38103],[5.20074,43.37768],[5.1989,43.37258],[5.19546,43.38252],[5.18888,43.38059],[5.18936,43.37905],[5.18667,43.37786],[5.18385,43.3706],[5.18498,43.36414],[5.17768,43.36461],[5.17296,43.36238],[5.16932,43.36443],[5.1479,43.36916],[5.14752,43.36815],[5.14362,43.36838],[5.14169,43.36998],[5.13873,43.36446],[5.14828,43.36208],[5.16964,43.34886],[5.17606,43.33845],[5.18583,43.33632],[5.18485,43.33257],[5.1859,43.33108],[5.19174,43.32965],[5.19428,43.33096],[5.19687,43.32999],[5.19537,43.33108],[5.19767,43.33197],[5.1979,43.33393],[5.19995,43.33292],[5.1983,43.33222],[5.20686,43.33072],[5.20842,43.32934],[5.21059,43.32942],[5.21083,43.3306],[5.21222,43.32948],[5.21714,43.32949],[5.21836,43.33179],[5.22058,43.3306],[5.22058,43.32826],[5.22909,43.32875],[5.23712,43.33182],[5.23333,43.34239],[5.23358,43.34393],[5.23732,43.34414],[5.23701,43.34863],[5.23444,43.35248],[5.22748,43.35537],[5.2308,43.36128],[5.22815,43.36799],[5.21674,43.37627],[5.21409,43.38191]]]},"properties":{"code_territoire":"iris130330000","libelle_territoire":"Ensuès-la-Redonne (commune non irisée)"}},
{"type":"Feature","geometry":{"type":"Polygon","coordinates":[[[5.40749,43.33509],[5.40729,43.33626],[5.40433,43.33546],[5.40274,43.33632],[5.4052,43.33762],[5.40486,43.34197],[5.40047,43.34233],[5.40033,43.34025],[5.3969,43.33905],[5.39742,43.33615],[5.39876,43.33577],[5.40419,43.33198],[5.40484,43.33071],[5.4061,43.33112],[5.40749,43.33509]]]},"properties":{"code_territoire":"iris132140404","libelle_territoire":"Château Vento"}},
{"type":"Feature","geometry":{"type":"Polygon","coordinates":[[[5.39533,43.36678],[5.39655,43.36225],[5.39898,43.36049],[5.40259,43.35265],[5.40724,43.3535],[5.40543,43.35789],[5.41251,43.36017],[5.41401,43.36883],[5.41304,43.37486],[5.41538,43.37874],[5.41153,43.37573],[5.40582,43.37669],[5.40098,43.3739],[5.39443,43.3742],[5.39156,43.37211],[5.39457,43.37216],[5.39812,43.3689],[5.39533,43.36678]]]},"properties":{"code_territoire":"iris132140405","libelle_territoire":"Vallon Dol"}},
{"type":"Feature","geometry":{"type":"Polygon","coordinates":[[[5.39876,43.33577],[5.40051,43.33322],[5.40419,43.33198],[5.39876,43.33577]]]},"properties":{"code_territoire":"iris132140501","libelle_territoire":"Les Flamants"}},
{"type":"Feature","geometry":{"type":"Polygon","coordinates":[[[5.40335,43.32954],[5.39815,43.32822],[5.3981,43.33006],[5.39248,43.32994],[5.39292,43.32337],[5.3981,43.32232],[5.40063,43.32266],[5.4007,43.32543],[5.40285,43.32452],[5.40104,43.32702],[5.40368,43.32912],[5.40335,43.32954]]]},"properties":{"code_territoire":"iris132140502","libelle_territoire":"Fontobscure"}},
{"type":"Feature","geometry":{"type":"Polygon","coordinates":[[[5.40484,43.33071],[5.40419,43.33198],[5.40051,43.33322],[5.39876,43.33577],[5.39742,43.33615],[5.39496,43.33377],[5.39899,43.33299],[5.3981,43.33006],[5.39815,43.32822],[5.40335,43.32954],[5.40484,43.33071]]]},"properties":{"code_territoire":"iris132140503","libelle_territoire":"Centre Urbain"}},
{"type":"Feature","geometry":{"type":"Polygon","coordinates":[[[5.39248,43.32994],[5.3981,43.33006],[5.39899,43.33299],[5.39496,43.33377],[5.39346,43.33169],[5.39248,43.32994]]]},"properties":{"code_territoire":"iris132140504","libelle_territoire":"Busserine"}},
{"type":"Feature","geometry":{"type":"Polygon","coordinates":[[[5.39292,43.32337],[5.39248,43.32994],[5.39346,43.33169],[5.38933,43.33145],[5.38839,43.33073],[5.38845,43.32963],[5.39264,43.32296],[5.39292,43.32337]]]},"properties":{"code_territoire":"iris132140505","libelle_territoire":"Picon-Font Vert"}},
{"type":"Feature","geometry":{"type":"Polygon","coordinates":[[[5.39264,43.32296],[5.38845,43.32963],[5.3878,43.32863],[5.38921,43.32349],[5.38937,43.32185],[5.39264,43.32296]]]},"properties":{"code_territoire":"iris132140506","libelle_territoire":"Parc Saint-Barthélemy SNCF"}},
{"type":"Feature","geometry":{"type":"Polygon","coordinates":[[[5.3981,43.32232],[5.39292,43.32337],[5.39264,43.32296],[5.38937,43.32185],[5.38996,43.32107],[5.3903,43.31812],[5.38835,43.31546],[5.39318,43.31641],[5.39364,43.31646],[5.39356,43.31848],[5.39554,43.31874],[5.3981,43.32232]]]},"properties":{"code_territoire":"iris132140507","libelle_territoire":"Villecroze"}},
{"type":"Feature","geometry":{"type":"Polygon","coordinates":[[[5.37551,43.3493],[5.38553,43.34372],[5.38734,43.34521],[5.39088,43.34449],[5.39113,43.35234],[5.38038,43.35463],[5.3767,43.35379],[5.3764,43.3521],[5.37931,43.35134],[5.37551,43.3493]]]},"properties":{"code_territoire":"iris132140601","libelle_territoire":"Fontainieu"}},
{"type":"Feature","geometry":{"type":"Polygon","coordinates":[[[5.37557,43.33902],[5.3788,43.33684],[5.38184,43.33872],[5.38133,43.34022],[5.38295,43.3408],[5.3868,43.34023],[5.38691,43.34037],[5.38553,43.34372],[5.37551,43.3493],[5.37523,43.34918],[5.37546,43.3488],[5.37826,43.34666],[5.37759,43.34155],[5.37628,43.34134],[5.37557,43.33902]]]},"properties":{"code_territoire":"iris132140602","libelle_territoire":"Grand Séminaire"}},
{"type":"Feature","geometry":{"type":"Polygon","coordinates":[[[5.3767,43.35379],[5.38038,43.35463],[5.39113,43.35234],[5.39121,43.35505],[5.3944,43.35913],[5.39366,43.361],[5.39655,43.36225],[5.39533,43.36678],[5.38814,43.36668],[5.38611,43.36279],[5.382,43.35998],[5.3767,43.35379]]]},"properties":{"code_territoire":"iris132140603","libelle_territoire":"Roches Claires"}},
{"type":"Feature","geometry":{"type":"Polygon","coordinates":[[[5.4048,43.34234],[5.40206,43.3456],[5.4044,43.34577],[5.40252,43.34977],[5.39944,43.3497],[5.39962,43.35209],[5.39764,43.35479],[5.39121,43.35505],[5.39113,43.35234],[5.39088,43.34449],[5.38734,43.34521],[5.38553,43.34372],[5.38691,43.34037],[5.39201,43.33722],[5.38933,43.33145],[5.39346,43.33169],[5.39496,43.33377],[5.39742,43.33615],[5.3969,43.33905],[5.40033,43.34025],[5.40047,43.34233],[5.40486,43.34197],[5.4048,43.34234]]]},"properties":{"code_territoire":"iris132140701","libelle_territoire":"Anatole de la Forge"}},
{"type":"Feature","geometry":{"type":"Polygon","coordinates":[[[5.38552,43.33688],[5.38661,43.33202],[5.38839,43.33073],[5.38933,43.33145],[5.39201,43.33722],[5.38691,43.34037],[5.3868,43.34023],[5.38552,43.33688]]]},"properties":{"code_territoire":"iris132140702","libelle_territoire":"Camp Militaire"}},
{"type":"Feature","geometry":{"type":"Polygon","coordinates":[[[5.39962,43.35209],[5.40259,43.35265],[5.39898,43.36049],[5.39655,43.36225],[5.39366,43.361],[5.3944,43.35913],[5.39121,43.35505],[5.39764,43.35479],[5.39962,43.35209]]]},"properties":{"code_territoire":"iris132140703","libelle_territoire":"Carrière de Sainte-Marthe"}},
{"type":"Feature","geometry":{"type":"Polygon","coordinates":[[[5.36274,43.3564],[5.36245,43.34822],[5.36612,43.34632],[5.36985,43.35321],[5.36569,43.35314],[5.36326,43.35656],[5.36274,43.3564]]]},"properties":{"code_territoire":"iris132150101","libelle_territoire":"H.L.M. Aygalades"}},
{"type":"Feature","geometry":{"type":"Polygon","coordinates":[[[5.3764,43.3521],[5.36972,43.35643],[5.37214,43.35304],[5.37523,43.34918],[5.37551,43.3493],[5.37931,43.35134],[5.3764,43.3521]]]},"properties":{"code_territoire":"iris132150102","libelle_territoire":"Le Castellas"}},
{"type":"Feature","geometry":{"type":"Polygon","coordinates":[[[5.382,43.35998],[5.37797,43.3607],[5.37591,43.36287],[5.37695,43.36401],[5.37295,43.36431],[5.37002,43.36466],[5.36937,43.36012],[5.36559,43.35995],[5.36597,43.35814],[5.36245,43.35889],[5.36253,43.35865],[5.36326,43.35656],[5.36569,43.35314],[5.36985,43.35321],[5.37214,43.35304],[5.36972,43.35643],[5.3764,43.3521],[5.3767,43.35379],[5.382,43.35998]]]},"properties":{"code_territoire":"iris132150103","libelle_territoire":"Montléric Gherzo"}},
{"type":"Feature","geometry":{"type":"Polygon","coordinates":[[[5.37798,43.37022],[5.3775,43.36727],[5.37586,43.36752],[5.37295,43.36431],[5.37695,43.36401],[5.37591,43.36287],[5.37797,43.3607],[5.382,43.35998],[5.38611,43.36279],[5.38814,43.36668],[5.39533,43.36678],[5.39812,43.3689],[5.39457,43.37216],[5.39156,43.37211],[5.38625,43.37179],[5.38541,43.37021],[5.38246,43.37138],[5.38057,43.36993],[5.37798,43.37022]]]},"properties":{"code_territoire":"iris132150104","libelle_territoire":"Vallon Giraudy"}},
{"type":"Feature","geometry":{"type":"Polygon","coordinates":[[[5.37002,43.36466],[5.37295,43.36431],[5.37586,43.36752],[5.37107,43.37086],[5.36708,43.36803],[5.37031,43.36616],[5.37002,43.36466]]]},"properties":{"code_territoire":"iris132150201","libelle_territoire":"La Savine"}},
{"type":"Feature","geometry":{"type":"Polygon","coordinates":[[[4.96806,43.79102],[4.96679,43.79202],[4.962,43.78957],[4.94558,43.78686],[4.9447,43.79141],[4.93711,43.79119],[4.93451,43.79568],[4.92682,43.79687],[4.9243,43.79924],[4.92355,43.79326],[4.92665,43.78528],[4.9133,43.78504],[4.913,43.77979],[4.9156,43.77729],[4.91764,43.76966],[4.9163,43.76545],[4.92278,43.76077],[4.92473,43.75689],[4.92285,43.75269],[4.92094,43.75298],[4.91826,43.75011],[4.91974,43.74238],[4.91728,43.7376],[4.92863,43.73633],[4.95359,43.72832],[4.95723,43.73231],[4.96293,43.73159],[4.96652,43.73462],[4.96654,43.73756],[4.97554,43.73653],[4.97709,43.74043],[4.99775,43.7489],[4.9978,43.75205],[4.98128,43.78046],[4.96806,43.79102]]]},"properties":{"code_territoire":"iris130340000","libelle_territoire":"Eygalières (commune non irisée)"}},
{"type":"Feature","geometry":{"type":"Polygon","coordinates":[[[5.3733,43.37187],[5.36782,43.36986],[5.36272,43.36683],[5.36072,43.36523],[5.36245,43.35889],[5.36597,43.35814],[5.36559,43.35995],[5.36937,43.36012],[5.37002,43.36466],[5.37031,43.36616],[5.36708,43.36803],[5.37107,43.37086],[5.37586,43.36752],[5.3775,43.36727],[5.37798,43.37022],[5.3733,43.37187]]]},"properties":{"code_territoire":"iris132150202","libelle_territoire":"La Mure"}},
{"type":"Feature","geometry":{"type":"Polygon","coordinates":[[[5.35995,43.32779],[5.36558,43.32922],[5.36464,43.33191],[5.35915,43.33103],[5.35909,43.33046],[5.35995,43.32779]]]},"properties":{"code_territoire":"iris132150301","libelle_territoire":"Oddo"}},
{"type":"Feature","geometry":{"type":"Polygon","coordinates":[[[5.36464,43.33191],[5.36274,43.3374],[5.35808,43.33695],[5.35915,43.33103],[5.36464,43.33191]]]},"properties":{"code_territoire":"iris132150302","libelle_territoire":"Denis Papin"}},
{"type":"Feature","geometry":{"type":"Polygon","coordinates":[[[5.35909,43.33046],[5.35915,43.33103],[5.35808,43.33695],[5.3568,43.33923],[5.354,43.33609],[5.35571,43.33191],[5.35909,43.33046]]]},"properties":{"code_territoire":"iris132150303","libelle_territoire":"Bernabo"}},
{"type":"Feature","geometry":{"type":"Polygon","coordinates":[[[5.36681,43.3382],[5.36593,43.33969],[5.36234,43.33848],[5.36274,43.3374],[5.36464,43.33191],[5.36558,43.32922],[5.36703,43.32959],[5.36681,43.3382]]]},"properties":{"code_territoire":"iris132150304","libelle_territoire":"Lyon Mazarade"}},
{"type":"Feature","geometry":{"type":"Polygon","coordinates":[[[5.34724,43.34357],[5.35217,43.34182],[5.35457,43.34514],[5.35623,43.34822],[5.35162,43.34893],[5.35223,43.35123],[5.346,43.34888],[5.34522,43.34661],[5.34724,43.34357]]]},"properties":{"code_territoire":"iris132150401","libelle_territoire":"Consolat"}},
{"type":"Feature","geometry":{"type":"Polygon","coordinates":[[[5.354,43.33609],[5.3568,43.33923],[5.35217,43.34182],[5.34724,43.34357],[5.3481,43.34207],[5.3434,43.33988],[5.33779,43.33955],[5.3436,43.33888],[5.34487,43.33636],[5.354,43.33609]]]},"properties":{"code_territoire":"iris132150402","libelle_territoire":"Cap Janet"}},
{"type":"Feature","geometry":{"type":"Polygon","coordinates":[[[5.36703,43.32959],[5.36558,43.32922],[5.35995,43.32779],[5.36027,43.32742],[5.36574,43.32868],[5.36775,43.32233],[5.37024,43.32219],[5.36792,43.31712],[5.36914,43.31666],[5.37158,43.32008],[5.36765,43.32976],[5.36703,43.32959]]]},"properties":{"code_territoire":"iris132150501","libelle_territoire":"Zoccolat"}},
{"type":"Feature","geometry":{"type":"Polygon","coordinates":[[[5.36792,43.31712],[5.37024,43.32219],[5.36775,43.32233],[5.36574,43.32868],[5.36027,43.32742],[5.36792,43.31712]]]},"properties":{"code_territoire":"iris132150502","libelle_territoire":"Cap Pinède"}},
{"type":"Feature","geometry":{"type":"Polygon","coordinates":[[[5.37628,43.34134],[5.37063,43.34827],[5.36612,43.34632],[5.36613,43.34531],[5.37252,43.34103],[5.37281,43.33942],[5.37557,43.33902],[5.37628,43.34134]]]},"properties":{"code_territoire":"iris132150601","libelle_territoire":"Germaine-Servières"}},
{"type":"Feature","geometry":{"type":"Polygon","coordinates":[[[5.37546,43.3488],[5.37063,43.34827],[5.37628,43.34134],[5.37759,43.34155],[5.37826,43.34666],[5.37546,43.3488]]]},"properties":{"code_territoire":"iris132150602","libelle_territoire":"Maurelette"}},
{"type":"Feature","geometry":{"type":"Polygon","coordinates":[[[5.37523,43.34918],[5.37214,43.35304],[5.36985,43.35321],[5.36612,43.34632],[5.37063,43.34827],[5.37546,43.3488],[5.37523,43.34918]]]},"properties":{"code_territoire":"iris132150603","libelle_territoire":"La Dauphine-Tilleuls"}},
{"type":"Feature","geometry":{"type":"Polygon","coordinates":[[[5.37281,43.33942],[5.37252,43.34103],[5.36613,43.34531],[5.36593,43.33969],[5.36681,43.3382],[5.37281,43.33942]]]},"properties":{"code_territoire":"iris132150604","libelle_territoire":"Z.I. La Delorme"}},
{"type":"Feature","geometry":{"type":"Polygon","coordinates":[[[5.37126,43.38931],[5.36868,43.38553],[5.37156,43.38186],[5.37684,43.3835],[5.37836,43.38491],[5.37464,43.38869],[5.37126,43.38931]]]},"properties":{"code_territoire":"iris132150701","libelle_territoire":"La Solidarité"}},
{"type":"Feature","geometry":{"type":"Polygon","coordinates":[[[5.36324,43.38722],[5.36517,43.38389],[5.36868,43.38553],[5.37126,43.38931],[5.36849,43.38964],[5.36324,43.38722]]]},"properties":{"code_territoire":"iris132150702","libelle_territoire":"Kalliste"}},
{"type":"Feature","geometry":{"type":"Polygon","coordinates":[[[5.37684,43.3835],[5.37156,43.38186],[5.36868,43.38553],[5.36517,43.38389],[5.35988,43.37646],[5.36279,43.37555],[5.3703,43.37829],[5.37194,43.37629],[5.37452,43.3781],[5.37771,43.37959],[5.37684,43.3835]]]},"properties":{"code_territoire":"iris132150703","libelle_territoire":"Baumillons"}},
{"type":"Feature","geometry":{"type":"Polygon","coordinates":[[[5.05502,43.71537],[5.04199,43.70655],[5.03333,43.69755],[5.03006,43.69694],[5.03147,43.68297],[5.02683,43.67696],[5.02051,43.65624],[5.06005,43.67492],[5.07293,43.68398],[5.06719,43.69516],[5.06861,43.69786],[5.06245,43.69961],[5.06073,43.70369],[5.0615,43.70594],[5.05954,43.70897],[5.06076,43.71385],[5.05502,43.71537]]]},"properties":{"code_territoire":"iris130350101","libelle_territoire":"Est"}},
{"type":"Feature","geometry":{"type":"Polygon","coordinates":[[[5.01806,43.74992],[4.99775,43.7489],[4.97709,43.74043],[4.97554,43.73653],[4.96654,43.73756],[4.96652,43.73462],[4.96293,43.73159],[4.95723,43.73231],[4.95359,43.72832],[4.95348,43.72603],[4.95874,43.72129],[4.96468,43.72038],[4.97768,43.71758],[4.98188,43.71785],[4.97915,43.70714],[4.9826,43.6806],[4.97775,43.67045],[4.96883,43.6583],[4.99837,43.64798],[5.02051,43.65624],[5.02683,43.67696],[5.03147,43.68297],[5.03006,43.69694],[5.03333,43.69755],[5.04199,43.70655],[5.05502,43.71537],[5.05357,43.72422],[5.06318,43.72156],[5.05942,43.73025],[5.04548,43.74629],[5.03703,43.74749],[5.02634,43.75302],[5.02362,43.75289],[5.02028,43.75011],[5.01806,43.74992]]]},"properties":{"code_territoire":"iris130350102","libelle_territoire":"Nord et Ouest"}},
{"type":"Feature","geometry":{"type":"Polygon","coordinates":[[[5.35346,43.37704],[5.35364,43.37768],[5.35687,43.37687],[5.35868,43.38341],[5.36517,43.38389],[5.36324,43.38722],[5.35895,43.38586],[5.35043,43.38284],[5.35039,43.3825],[5.35346,43.37704]]]},"properties":{"code_territoire":"iris132150705","libelle_territoire":"Fabrettes Bourrely"}},
{"type":"Feature","geometry":{"type":"Polygon","coordinates":[[[5.35893,43.37657],[5.35988,43.37646],[5.36517,43.38389],[5.35868,43.38341],[5.35687,43.37687],[5.35893,43.37657]]]},"properties":{"code_territoire":"iris132150706","libelle_territoire":"Édouard Toulouse"}},
{"type":"Feature","geometry":{"type":"Polygon","coordinates":[[[5.36782,43.36986],[5.36195,43.37148],[5.36107,43.36965],[5.36129,43.36781],[5.36272,43.36683],[5.36782,43.36986]]]},"properties":{"code_territoire":"iris132150801","libelle_territoire":"Résidence Nord"}},
{"type":"Feature","geometry":{"type":"Polygon","coordinates":[[[5.37452,43.3781],[5.37194,43.37629],[5.3703,43.37829],[5.36279,43.37555],[5.35988,43.37646],[5.35893,43.37657],[5.36104,43.37292],[5.35755,43.3726],[5.36107,43.36965],[5.36195,43.37148],[5.36782,43.36986],[5.3733,43.37187],[5.37596,43.37223],[5.37809,43.37476],[5.37778,43.37657],[5.37452,43.3781]]]},"properties":{"code_territoire":"iris132150802","libelle_territoire":"Palanque-Vallon des Tuves"}},
{"type":"Feature","geometry":{"type":"Polygon","coordinates":[[[5.35257,43.37435],[5.35422,43.37128],[5.35018,43.37024],[5.34911,43.36911],[5.35296,43.36749],[5.35653,43.36815],[5.35688,43.36563],[5.35829,43.36739],[5.36129,43.36781],[5.36107,43.36965],[5.35755,43.3726],[5.36104,43.37292],[5.35893,43.37657],[5.35687,43.37687],[5.35364,43.37768],[5.35346,43.37704],[5.35367,43.37689],[5.35568,43.37462],[5.35257,43.37435]]]},"properties":{"code_territoire":"iris132150803","libelle_territoire":"Plan d'Aou-Mimet"}},
{"type":"Feature","geometry":{"type":"Polygon","coordinates":[[[5.36234,43.33848],[5.36593,43.33969],[5.36613,43.34531],[5.36612,43.34632],[5.36245,43.34822],[5.36274,43.3564],[5.3602,43.35427],[5.36031,43.35223],[5.35756,43.35336],[5.35738,43.35335],[5.35959,43.34315],[5.36234,43.33848]]]},"properties":{"code_territoire":"iris132150901","libelle_territoire":"Créneaux-Parc Saint-Louis"}},
{"type":"Feature","geometry":{"type":"Polygon","coordinates":[[[5.35457,43.34514],[5.35217,43.34182],[5.3568,43.33923],[5.35808,43.33695],[5.36274,43.3374],[5.36234,43.33848],[5.35959,43.34315],[5.35457,43.34514]]]},"properties":{"code_territoire":"iris132150902","libelle_territoire":"Campagne Lévêque-Abattoirs"}},
{"type":"Feature","geometry":{"type":"Polygon","coordinates":[[[5.35223,43.35123],[5.35162,43.34893],[5.35623,43.34822],[5.35457,43.34514],[5.35959,43.34315],[5.35738,43.35335],[5.35347,43.35405],[5.35415,43.35091],[5.35223,43.35123]]]},"properties":{"code_territoire":"iris132150903","libelle_territoire":"Cité et Résidence Saint-Louis"}},
{"type":"Feature","geometry":{"type":"Polygon","coordinates":[[[5.34899,43.36621],[5.34911,43.36911],[5.35018,43.37024],[5.35194,43.37169],[5.35098,43.37297],[5.34542,43.3693],[5.34292,43.36544],[5.34899,43.36621]]]},"properties":{"code_territoire":"iris132151001","libelle_territoire":"La Bricarde"}},
{"type":"Feature","geometry":{"type":"Polygon","coordinates":[[[5.34292,43.36544],[5.34542,43.3693],[5.34333,43.36921],[5.34323,43.37024],[5.33979,43.36922],[5.34024,43.36276],[5.34292,43.36544]]]},"properties":{"code_territoire":"iris132151002","libelle_territoire":"La Castellane"}},
{"type":"Feature","geometry":{"type":"Polygon","coordinates":[[[5.33921,43.37714],[5.33639,43.37679],[5.33709,43.37526],[5.33225,43.37148],[5.33351,43.3696],[5.33782,43.37104],[5.33764,43.36792],[5.33979,43.36922],[5.34323,43.37024],[5.34333,43.36921],[5.34542,43.3693],[5.35098,43.37297],[5.35194,43.37169],[5.35018,43.37024],[5.35422,43.37128],[5.35257,43.37435],[5.34435,43.37519],[5.33921,43.37714]]]},"properties":{"code_territoire":"iris132151003","libelle_territoire":"Verduron Village"}},
{"type":"Feature","geometry":{"type":"Polygon","coordinates":[[[4.80214,43.84668],[4.80212,43.83689],[4.81189,43.83927],[4.81563,43.83282],[4.81477,43.82743],[4.81632,43.82463],[4.81656,43.8257],[4.82058,43.82533],[4.82058,43.82364],[4.82644,43.82213],[4.83186,43.82466],[4.83941,43.82464],[4.84455,43.82276],[4.86693,43.82627],[4.86859,43.82985],[4.88176,43.84639],[4.88335,43.85982],[4.88197,43.86],[4.87427,43.85885],[4.86875,43.86055],[4.86012,43.86058],[4.85662,43.85904],[4.84933,43.8606],[4.84136,43.86015],[4.8172,43.85491],[4.80499,43.85414],[4.80481,43.84621],[4.80214,43.84668]]]},"properties":{"code_territoire":"iris130360000","libelle_territoire":"Eyragues (commune non irisée)"}},
{"type":"Feature","geometry":{"type":"Polygon","coordinates":[[[5.18769,43.56938],[5.1902,43.56331],[5.19364,43.56205],[5.19067,43.56176],[5.19346,43.55755],[5.19286,43.55385],[5.19516,43.55387],[5.19464,43.55287],[5.20042,43.55328],[5.19985,43.55067],[5.23288,43.5503],[5.23193,43.55622],[5.22602,43.56653],[5.21758,43.56956],[5.21353,43.57279],[5.20621,43.57454],[5.20323,43.5702],[5.19352,43.5711],[5.18769,43.56938]]]},"properties":{"code_territoire":"iris130370101","libelle_territoire":"Ferrages"}},
{"type":"Feature","geometry":{"type":"Polygon","coordinates":[[[5.36326,43.35656],[5.36253,43.35865],[5.35765,43.35868],[5.35752,43.35741],[5.36094,43.35701],[5.35756,43.35336],[5.36031,43.35223],[5.3602,43.35427],[5.36274,43.3564],[5.36326,43.35656]]]},"properties":{"code_territoire":"iris132151101","libelle_territoire":"Cités de la Viste"}},
{"type":"Feature","geometry":{"type":"Polygon","coordinates":[[[5.35347,43.35405],[5.35738,43.35335],[5.35756,43.35336],[5.36094,43.35701],[5.35752,43.35741],[5.35765,43.35868],[5.36253,43.35865],[5.36245,43.35889],[5.36072,43.36523],[5.36272,43.36683],[5.36129,43.36781],[5.35829,43.36739],[5.35688,43.36563],[5.35653,43.36815],[5.35296,43.36749],[5.34911,43.36911],[5.34899,43.36621],[5.34709,43.36091],[5.34921,43.35686],[5.35347,43.35405]]]},"properties":{"code_territoire":"iris132151102","libelle_territoire":"La Viste Village"}},
{"type":"Feature","geometry":{"type":"Polygon","coordinates":[[[5.3083,43.36454],[5.31645,43.36389],[5.31683,43.36283],[5.32121,43.3626],[5.32691,43.36112],[5.32732,43.36288],[5.33207,43.36295],[5.32969,43.36779],[5.31757,43.36607],[5.31196,43.37012],[5.3107,43.37047],[5.31096,43.36842],[5.30637,43.37041],[5.3066,43.36568],[5.3083,43.36454]]]},"properties":{"code_territoire":"iris132160101","libelle_territoire":"Château Bovis"}},
{"type":"Feature","geometry":{"type":"Polygon","coordinates":[[[5.30643,43.36164],[5.31033,43.36204],[5.31504,43.36022],[5.31683,43.36283],[5.31645,43.36389],[5.3083,43.36454],[5.30612,43.36485],[5.30643,43.36164]]]},"properties":{"code_territoire":"iris132160102","libelle_territoire":"Château Fallet"}},
{"type":"Feature","geometry":{"type":"Polygon","coordinates":[[[5.31504,43.36022],[5.3175,43.35935],[5.31952,43.35768],[5.32071,43.35759],[5.31944,43.35862],[5.32121,43.3626],[5.31683,43.36283],[5.31504,43.36022]]]},"properties":{"code_territoire":"iris132160103","libelle_territoire":"Fenouil Sacoman"}},
{"type":"Feature","geometry":{"type":"Polygon","coordinates":[[[5.32373,43.35745],[5.32442,43.35903],[5.32629,43.35833],[5.32748,43.36098],[5.32691,43.36112],[5.32121,43.3626],[5.31944,43.35862],[5.32071,43.35759],[5.31952,43.35768],[5.3175,43.35935],[5.31504,43.36022],[5.31033,43.36204],[5.30643,43.36164],[5.30632,43.36106],[5.31375,43.36042],[5.31548,43.3583],[5.31501,43.35953],[5.31698,43.35877],[5.31717,43.35926],[5.3192,43.35752],[5.31741,43.35763],[5.3223,43.35552],[5.32373,43.35745]]]},"properties":{"code_territoire":"iris132160104","libelle_territoire":"Saumaty"}},
{"type":"Feature","geometry":{"type":"Polygon","coordinates":[[[5.30397,43.38108],[5.30252,43.38011],[5.30316,43.37589],[5.30637,43.37041],[5.31096,43.36842],[5.3107,43.37047],[5.31196,43.37012],[5.31757,43.36607],[5.32969,43.36779],[5.32922,43.37157],[5.32639,43.37208],[5.322,43.3682],[5.32047,43.36848],[5.31849,43.37042],[5.31929,43.37315],[5.31703,43.37701],[5.31278,43.37819],[5.30942,43.38205],[5.30397,43.38108]]]},"properties":{"code_territoire":"iris132160105","libelle_territoire":"La Nerthe"}},
{"type":"Feature","geometry":{"type":"Polygon","coordinates":[[[5.20166,43.53513],[5.20122,43.53705],[5.20501,43.53759],[5.20848,43.54147],[5.21362,43.54055],[5.21506,43.53846],[5.21785,43.53891],[5.21878,43.54352],[5.22249,43.54734],[5.22872,43.54613],[5.23345,43.54736],[5.23288,43.5503],[5.19985,43.55067],[5.1892,43.55082],[5.18176,43.5495],[5.17682,43.55403],[5.17689,43.53975],[5.18836,43.53939],[5.19529,43.53356],[5.20166,43.53513]]]},"properties":{"code_territoire":"iris130370102","libelle_territoire":"Craus"}},
{"type":"Feature","geometry":{"type":"Polygon","coordinates":[[[5.17682,43.55403],[5.18176,43.5495],[5.1892,43.55082],[5.19985,43.55067],[5.20042,43.55328],[5.19464,43.55287],[5.19516,43.55387],[5.19286,43.55385],[5.19346,43.55755],[5.19067,43.56176],[5.19364,43.56205],[5.1902,43.56331],[5.18769,43.56938],[5.18543,43.56933],[5.17663,43.56228],[5.17682,43.55403]]]},"properties":{"code_territoire":"iris130370103","libelle_territoire":"Gramenières"}},
{"type":"Feature","geometry":{"type":"Polygon","coordinates":[[[4.67978,43.72858],[4.66568,43.72229],[4.65103,43.71209],[4.65969,43.70739],[4.66631,43.70859],[4.66651,43.70744],[4.66911,43.70752],[4.66689,43.69727],[4.66957,43.69567],[4.68459,43.69497],[4.68947,43.69707],[4.69161,43.7007],[4.69625,43.70215],[4.71466,43.69825],[4.75539,43.69421],[4.75852,43.69587],[4.75855,43.70338],[4.75406,43.70951],[4.75129,43.71928],[4.76251,43.72389],[4.76686,43.72907],[4.77449,43.74604],[4.77305,43.74714],[4.77337,43.75043],[4.77174,43.75066],[4.7703,43.76029],[4.75918,43.76137],[4.74271,43.7578],[4.7389,43.75824],[4.73353,43.75422],[4.72166,43.74506],[4.7139,43.7328],[4.69568,43.7326],[4.67978,43.72858]]]},"properties":{"code_territoire":"iris130380000","libelle_territoire":"Fontvieille (commune non irisée)"}},
{"type":"Feature","geometry":{"type":"Polygon","coordinates":[[[5.30397,43.38108],[5.30246,43.38672],[5.29893,43.38705],[5.29724,43.38896],[5.2929,43.38513],[5.28576,43.38439],[5.2859,43.38342],[5.28155,43.38194],[5.2812,43.3803],[5.27878,43.38045],[5.28544,43.37431],[5.27993,43.37073],[5.27813,43.36642],[5.27976,43.35982],[5.28319,43.35597],[5.28225,43.35372],[5.28704,43.35521],[5.28903,43.35766],[5.29008,43.35775],[5.28962,43.35714],[5.29667,43.35706],[5.29086,43.35733],[5.29251,43.35858],[5.29326,43.35787],[5.30367,43.35878],[5.2959,43.35823],[5.29385,43.35979],[5.30632,43.36106],[5.30643,43.36164],[5.30612,43.36485],[5.3083,43.36454],[5.3066,43.36568],[5.30637,43.37041],[5.30316,43.37589],[5.30252,43.38011],[5.30397,43.38108]]]},"properties":{"code_territoire":"iris132160201","libelle_territoire":"Les Riaux"}},
{"type":"Feature","geometry":{"type":"Polygon","coordinates":[[[5.33811,43.36182],[5.33796,43.35759],[5.33761,43.35295],[5.33947,43.35148],[5.34095,43.35082],[5.34509,43.35233],[5.34706,43.35465],[5.33811,43.36182]]]},"properties":{"code_territoire":"iris132160301","libelle_territoire":"Grawitz Labro"}},
{"type":"Feature","geometry":{"type":"Polygon","coordinates":[[[5.34024,43.36276],[5.33811,43.36182],[5.34706,43.35465],[5.34509,43.35233],[5.34095,43.35082],[5.33947,43.35148],[5.33761,43.35295],[5.33796,43.35759],[5.33501,43.35856],[5.33391,43.35734],[5.33657,43.35364],[5.33202,43.35016],[5.34338,43.34336],[5.34044,43.34422],[5.34368,43.34236],[5.33988,43.34368],[5.33924,43.34117],[5.32962,43.34599],[5.32847,43.34469],[5.33779,43.33955],[5.3434,43.33988],[5.3481,43.34207],[5.34724,43.34357],[5.34522,43.34661],[5.346,43.34888],[5.35223,43.35123],[5.35415,43.35091],[5.35347,43.35405],[5.34921,43.35686],[5.34709,43.36091],[5.34899,43.36621],[5.34292,43.36544],[5.34024,43.36276]]]},"properties":{"code_territoire":"iris132160302","libelle_territoire":"Séon"}},
{"type":"Feature","geometry":{"type":"Polygon","coordinates":[[[5.32748,43.36098],[5.32629,43.35833],[5.32824,43.35402],[5.33415,43.35458],[5.33657,43.35364],[5.33391,43.35734],[5.33501,43.35856],[5.32748,43.36098]]]},"properties":{"code_territoire":"iris132160401","libelle_territoire":"Mourepiane"}},
{"type":"Feature","geometry":{"type":"MultiPolygon","coordinates":[[[[5.32373,43.35745],[5.32664,43.3546],[5.32406,43.3557],[5.32236,43.35433],[5.31735,43.35646],[5.31404,43.3544],[5.31258,43.35515],[5.32053,43.34909],[5.32084,43.35015],[5.31603,43.35311],[5.31685,43.35399],[5.32135,43.35162],[5.31744,43.35502],[5.32402,43.35141],[5.32332,43.3542],[5.32724,43.3534],[5.32516,43.35299],[5.3313,43.35007],[5.33023,43.34845],[5.33202,43.35016],[5.33657,43.35364],[5.33415,43.35458],[5.32824,43.35402],[5.32629,43.35833],[5.32442,43.35903],[5.32373,43.35745]]],[[[5.30938,43.3598],[5.30607,43.36032],[5.3019,43.35988],[5.30873,43.35982],[5.31319,43.35745],[5.30938,43.3598]]]]},"properties":{"code_territoire":"iris132160402","libelle_territoire":"Bassins Mirabeau"}},
{"type":"Feature","geometry":{"type":"Polygon","coordinates":[[[4.95869,43.47936],[4.94953,43.48017],[4.94596,43.47478],[4.94066,43.46945],[4.94147,43.45929],[4.94556,43.45727],[4.94547,43.45593],[4.94753,43.45759],[4.94882,43.45635],[4.9529,43.45726],[4.95547,43.45424],[4.95027,43.45384],[4.94836,43.45497],[4.9434,43.45293],[4.94131,43.44932],[4.94669,43.44431],[4.94715,43.44048],[4.95018,43.4345],[4.94684,43.43149],[4.94436,43.43156],[4.95276,43.42977],[4.95253,43.42886],[4.9681,43.42601],[4.97219,43.42192],[4.97396,43.42237],[4.97522,43.42394],[4.97342,43.42839],[4.97807,43.42952],[4.98167,43.43233],[4.9782,43.44041],[4.97842,43.44405],[4.98088,43.44525],[4.97554,43.45048],[4.97513,43.45559],[4.97881,43.45877],[4.98008,43.46316],[4.97589,43.47409],[4.96548,43.4738],[4.96179,43.4772],[4.95873,43.47788],[4.95869,43.47936]]]},"properties":{"code_territoire":"iris130390101","libelle_territoire":"Mazet Nord-Pont du Roy-Salins"}},
{"type":"Feature","geometry":{"type":"Polygon","coordinates":[[[5.32922,43.37157],[5.32969,43.36779],[5.33207,43.36295],[5.32732,43.36288],[5.32691,43.36112],[5.32748,43.36098],[5.33501,43.35856],[5.33796,43.35759],[5.33811,43.36182],[5.34024,43.36276],[5.33979,43.36922],[5.33764,43.36792],[5.33782,43.37104],[5.33351,43.3696],[5.33225,43.37148],[5.32922,43.37157]]]},"properties":{"code_territoire":"iris132160403","libelle_territoire":"La Pelouque"}},
{"type":"Feature","geometry":{"type":"Polygon","coordinates":[[[4.85285,43.4656],[4.85987,43.46052],[4.88169,43.46724],[4.89388,43.45991],[4.90239,43.46009],[4.90041,43.46422],[4.90407,43.46876],[4.9093,43.47042],[4.91966,43.46142],[4.93259,43.46651],[4.93109,43.46796],[4.93341,43.46904],[4.93764,43.47072],[4.93917,43.4699],[4.94006,43.4793],[4.9449,43.47978],[4.94596,43.47478],[4.94953,43.48017],[4.95869,43.47936],[4.95804,43.48369],[4.9282,43.51061],[4.91438,43.5086],[4.88187,43.49812],[4.87635,43.49445],[4.87381,43.49266],[4.86601,43.47912],[4.85285,43.4656]]]},"properties":{"code_territoire":"iris130390102","libelle_territoire":"Ventillon-Fossette-Grand Pati"}},
{"type":"Feature","geometry":{"type":"Polygon","coordinates":[[[4.93869,43.43179],[4.94144,43.43415],[4.94077,43.438],[4.93562,43.45072],[4.93233,43.45199],[4.93111,43.45263],[4.92946,43.44842],[4.9218,43.4516],[4.92596,43.45615],[4.91966,43.46142],[4.9093,43.47042],[4.90407,43.46876],[4.90041,43.46422],[4.90239,43.46009],[4.89388,43.45991],[4.88169,43.46724],[4.85987,43.46052],[4.87181,43.44699],[4.87124,43.44461],[4.86242,43.44722],[4.86625,43.44334],[4.86599,43.43462],[4.86827,43.43227],[4.8737,43.43194],[4.87631,43.42569],[4.87756,43.42603],[4.88209,43.41973],[4.88373,43.41986],[4.88707,43.42687],[4.89344,43.42908],[4.89743,43.42844],[4.90554,43.43044],[4.90601,43.42921],[4.893,43.42387],[4.88934,43.42059],[4.89013,43.41888],[4.88713,43.41455],[4.88483,43.41373],[4.89337,43.40446],[4.88792,43.41224],[4.89319,43.41592],[4.8977,43.41716],[4.89898,43.41348],[4.90181,43.41153],[4.89911,43.41657],[4.90651,43.42045],[4.91026,43.42757],[4.91966,43.43123],[4.92949,43.4331],[4.93869,43.43179]]]},"properties":{"code_territoire":"iris130390103","libelle_territoire":"Audience-Fenouillère-Cavaou-Clapet"}},
{"type":"Feature","geometry":{"type":"Polygon","coordinates":[[[4.86242,43.44722],[4.87124,43.44461],[4.87181,43.44699],[4.85987,43.46052],[4.85285,43.4656],[4.83832,43.46257],[4.82907,43.46064],[4.82904,43.45633],[4.84368,43.45159],[4.83486,43.43968],[4.81846,43.42553],[4.81417,43.4182],[4.82147,43.41815],[4.8253,43.41178],[4.83346,43.40666],[4.84117,43.40377],[4.84511,43.402],[4.85331,43.39847],[4.85617,43.39877],[4.85543,43.39971],[4.85911,43.40156],[4.86075,43.40049],[4.85953,43.39922],[4.86098,43.40053],[4.82383,43.42459],[4.82961,43.42993],[4.83026,43.42775],[4.84569,43.41811],[4.85051,43.41692],[4.85267,43.41363],[4.8663,43.40475],[4.8714,43.40887],[4.87637,43.41061],[4.85806,43.44232],[4.85213,43.44656],[4.84989,43.4508],[4.86059,43.45409],[4.86209,43.45168],[4.86024,43.45089],[4.86242,43.44722]]]},"properties":{"code_territoire":"iris130390104","libelle_territoire":"Brûle-Tabac-Roque-Galejon"}},
{"type":"Feature","geometry":{"type":"Polygon","coordinates":[[[4.91966,43.46142],[4.92596,43.45615],[4.9218,43.4516],[4.92946,43.44842],[4.93111,43.45263],[4.93233,43.45199],[4.93322,43.45445],[4.93687,43.4558],[4.93539,43.45978],[4.9374,43.45863],[4.94147,43.45929],[4.94066,43.46945],[4.94596,43.47478],[4.9449,43.47978],[4.94006,43.4793],[4.93917,43.4699],[4.93764,43.47072],[4.93341,43.46904],[4.93109,43.46796],[4.93259,43.46651],[4.91966,43.46142]]]},"properties":{"code_territoire":"iris130390105","libelle_territoire":"Crottes-Courbedonne-Carabins-Plaine Ronde"}},
{"type":"Feature","geometry":{"type":"Polygon","coordinates":[[[4.93233,43.45199],[4.93562,43.45072],[4.94131,43.44932],[4.9434,43.45293],[4.94836,43.45497],[4.95027,43.45384],[4.95547,43.45424],[4.9529,43.45726],[4.94882,43.45635],[4.94753,43.45759],[4.94547,43.45593],[4.94556,43.45727],[4.94147,43.45929],[4.9374,43.45863],[4.93539,43.45978],[4.93687,43.4558],[4.93322,43.45445],[4.93233,43.45199]]]},"properties":{"code_territoire":"iris130390106","libelle_territoire":"Vallin-Cantogrilhet-Mazet Sud"}},
{"type":"Feature","geometry":{"type":"Polygon","coordinates":[[[4.94131,43.44932],[4.93562,43.45072],[4.94077,43.438],[4.94211,43.43864],[4.94068,43.44122],[4.94715,43.44048],[4.94669,43.44431],[4.94131,43.44932]]]},"properties":{"code_territoire":"iris130390107","libelle_territoire":"Saladelle-Mègle-Guigue"}},
{"type":"Feature","geometry":{"type":"Polygon","coordinates":[[[4.95253,43.42886],[4.95276,43.42977],[4.94436,43.43156],[4.94684,43.43149],[4.95018,43.4345],[4.94715,43.44048],[4.94068,43.44122],[4.94211,43.43864],[4.94077,43.438],[4.94144,43.43415],[4.93869,43.43179],[4.94046,43.42994],[4.93846,43.42856],[4.94001,43.42863],[4.93834,43.42772],[4.93923,43.42677],[4.9396,43.42816],[4.94001,43.42684],[4.94155,43.42878],[4.94325,43.42831],[4.9431,43.42684],[4.9392,43.4262],[4.94341,43.42673],[4.94386,43.42917],[4.95253,43.42886]]]},"properties":{"code_territoire":"iris130390108","libelle_territoire":"Village-Plages"}},
{"type":"Feature","geometry":{"type":"Polygon","coordinates":[[[5.58797,43.46951],[5.56714,43.46908],[5.56351,43.46059],[5.56515,43.45857],[5.56321,43.45622],[5.57013,43.45394],[5.56775,43.45301],[5.56924,43.4492],[5.56553,43.45231],[5.5601,43.45287],[5.55364,43.44709],[5.55259,43.44893],[5.54993,43.44776],[5.55241,43.4444],[5.55138,43.44276],[5.55252,43.43899],[5.55887,43.43397],[5.5624,43.43178],[5.56428,43.43404],[5.57952,43.43856],[5.58759,43.44274],[5.59115,43.45266],[5.60705,43.46009],[5.60983,43.4594],[5.61121,43.46352],[5.59556,43.4706],[5.59479,43.46453],[5.59353,43.46465],[5.58797,43.46951]]]},"properties":{"code_territoire":"iris130400101","libelle_territoire":"Est"}},
{"type":"Feature","geometry":{"type":"Polygon","coordinates":[[[5.56321,43.45622],[5.56105,43.45759],[5.55877,43.45682],[5.55931,43.45835],[5.55737,43.45905],[5.54596,43.4595],[5.54554,43.45271],[5.55507,43.4533],[5.55394,43.45189],[5.55568,43.45061],[5.55364,43.44709],[5.5601,43.45287],[5.56553,43.45231],[5.56924,43.4492],[5.56775,43.45301],[5.57013,43.45394],[5.56321,43.45622]]]},"properties":{"code_territoire":"iris130400102","libelle_territoire":"Centre"}},
{"type":"Feature","geometry":{"type":"Polygon","coordinates":[[[5.53272,43.48296],[5.53003,43.48329],[5.52219,43.47512],[5.50864,43.47165],[5.5096,43.46976],[5.50358,43.46843],[5.49613,43.46327],[5.5018,43.46223],[5.50719,43.45639],[5.52592,43.44439],[5.52948,43.44014],[5.54018,43.43932],[5.55043,43.44079],[5.55138,43.44276],[5.55241,43.4444],[5.54993,43.44776],[5.55259,43.44893],[5.55364,43.44709],[5.55568,43.45061],[5.55394,43.45189],[5.55507,43.4533],[5.54554,43.45271],[5.54596,43.4595],[5.55737,43.45905],[5.55931,43.45835],[5.55877,43.45682],[5.56105,43.45759],[5.56321,43.45622],[5.56515,43.45857],[5.56351,43.46059],[5.56714,43.46908],[5.58797,43.46951],[5.58559,43.47094],[5.58568,43.47455],[5.58366,43.47605],[5.57685,43.47405],[5.57843,43.47593],[5.57665,43.47835],[5.5724,43.47836],[5.57135,43.48052],[5.56213,43.47894],[5.55952,43.4821],[5.55567,43.48042],[5.54603,43.48231],[5.54245,43.48139],[5.53272,43.48296]]]},"properties":{"code_territoire":"iris130400103","libelle_territoire":"Ouest"}},
{"type":"Feature","geometry":{"type":"Polygon","coordinates":[[[5.46535,43.45351],[5.46907,43.45188],[5.46949,43.45367],[5.47194,43.45258],[5.47437,43.45215],[5.47674,43.45424],[5.47808,43.45665],[5.47712,43.46138],[5.47414,43.45849],[5.476,43.45901],[5.47617,43.45673],[5.4715,43.4565],[5.46931,43.45407],[5.46495,43.45516],[5.46535,43.45351]]]},"properties":{"code_territoire":"iris130410101","libelle_territoire":"Centre"}},
{"type":"Feature","geometry":{"type":"Polygon","coordinates":[[[5.47712,43.46138],[5.48068,43.46935],[5.47172,43.46832],[5.46896,43.46509],[5.46623,43.46453],[5.46637,43.45968],[5.46402,43.45654],[5.46495,43.45516],[5.46931,43.45407],[5.4715,43.4565],[5.47617,43.45673],[5.476,43.45901],[5.47414,43.45849],[5.47712,43.46138]]]},"properties":{"code_territoire":"iris130410102","libelle_territoire":"Vieille Ville-Cativel"}},
{"type":"Feature","geometry":{"type":"Polygon","coordinates":[[[5.49613,43.46327],[5.48199,43.471],[5.48068,43.46935],[5.47712,43.46138],[5.47808,43.45665],[5.47674,43.45424],[5.48307,43.45262],[5.4848,43.45595],[5.49096,43.45259],[5.4916,43.45671],[5.49312,43.45622],[5.49557,43.45979],[5.4992,43.45952],[5.49883,43.46072],[5.5018,43.46223],[5.49613,43.46327]]]},"properties":{"code_territoire":"iris130410103","libelle_territoire":"La Crau-Jean de Bouc-La Palun"}},
{"type":"Feature","geometry":{"type":"Polygon","coordinates":[[[5.47437,43.45215],[5.48023,43.44961],[5.48336,43.45007],[5.48441,43.44699],[5.48596,43.45194],[5.49041,43.44981],[5.49214,43.45128],[5.49096,43.45259],[5.4848,43.45595],[5.48307,43.45262],[5.47674,43.45424],[5.47437,43.45215]]]},"properties":{"code_territoire":"iris130410104","libelle_territoire":"Les Aires-Notre-Dame"}},
{"type":"Feature","geometry":{"type":"Polygon","coordinates":[[[5.5018,43.46223],[5.49883,43.46072],[5.4992,43.45952],[5.49557,43.45979],[5.49312,43.45622],[5.4916,43.45671],[5.49096,43.45259],[5.49214,43.45128],[5.49041,43.44981],[5.48596,43.45194],[5.48441,43.44699],[5.48336,43.45007],[5.48023,43.44961],[5.47437,43.45215],[5.47194,43.45258],[5.47317,43.44654],[5.47612,43.44271],[5.48631,43.43777],[5.48613,43.43446],[5.48984,43.43169],[5.50225,43.42794],[5.50664,43.42839],[5.50819,43.43033],[5.51883,43.42886],[5.52948,43.44014],[5.52592,43.44439],[5.50719,43.45639],[5.5018,43.46223]]]},"properties":{"code_territoire":"iris130410105","libelle_territoire":"Sud-Est"}},
{"type":"Feature","geometry":{"type":"Polygon","coordinates":[[[5.48984,43.43169],[5.48613,43.43446],[5.48631,43.43777],[5.47612,43.44271],[5.47317,43.44654],[5.47194,43.45258],[5.46949,43.45367],[5.46907,43.45188],[5.46535,43.45351],[5.45778,43.44541],[5.45847,43.43935],[5.46535,43.43442],[5.46592,43.44055],[5.47091,43.43763],[5.46937,43.43653],[5.47054,43.43447],[5.47568,43.43311],[5.47522,43.43162],[5.4829,43.42938],[5.48584,43.43202],[5.48984,43.43169]]]},"properties":{"code_territoire":"iris130410106","libelle_territoire":"Pesquier"}},
{"type":"Feature","geometry":{"type":"Polygon","coordinates":[[[5.47522,43.43162],[5.47568,43.43311],[5.47054,43.43447],[5.46937,43.43653],[5.47091,43.43763],[5.46592,43.44055],[5.46535,43.43442],[5.45847,43.43935],[5.45778,43.44541],[5.45017,43.44613],[5.44924,43.44333],[5.45102,43.43699],[5.45945,43.43362],[5.46433,43.43008],[5.46611,43.42881],[5.46826,43.43119],[5.47522,43.43162]]]},"properties":{"code_territoire":"iris130410107","libelle_territoire":"Biver"}},
{"type":"Feature","geometry":{"type":"Polygon","coordinates":[[[5.44924,43.44333],[5.45017,43.44613],[5.45778,43.44541],[5.46535,43.45351],[5.46495,43.45516],[5.46402,43.45654],[5.46637,43.45968],[5.46623,43.46453],[5.46896,43.46509],[5.47172,43.46832],[5.48068,43.46935],[5.48199,43.471],[5.48264,43.48085],[5.47616,43.48776],[5.47,43.48784],[5.46909,43.48901],[5.46421,43.48681],[5.45569,43.47751],[5.45292,43.47759],[5.45215,43.47579],[5.44196,43.47285],[5.44185,43.4715],[5.44785,43.46742],[5.44857,43.45992],[5.44432,43.45199],[5.44563,43.45163],[5.44347,43.44977],[5.4451,43.44748],[5.44657,43.44437],[5.44924,43.44333]]]},"properties":{"code_territoire":"iris130410108","libelle_territoire":"Nord-Ouest"}},
{"type":"Feature","geometry":{"type":"Polygon","coordinates":[[[5.65357,43.26633],[5.64883,43.26762],[5.64442,43.27161],[5.63785,43.27385],[5.62727,43.28117],[5.62471,43.2864],[5.62488,43.29013],[5.62962,43.2967],[5.63266,43.29778],[5.62518,43.29961],[5.62395,43.30255],[5.62029,43.30497],[5.62047,43.3068],[5.61779,43.30735],[5.61375,43.30454],[5.60972,43.3075],[5.60756,43.29761],[5.60898,43.28002],[5.60942,43.27842],[5.61263,43.27714],[5.6154,43.27015],[5.6288,43.27027],[5.64544,43.26841],[5.64904,43.26607],[5.65357,43.26633]]]},"properties":{"code_territoire":"iris130420101","libelle_territoire":"Ouest-La Plaine"}},
{"type":"Feature","geometry":{"type":"Polygon","coordinates":[[[5.66914,43.31941],[5.65907,43.31692],[5.657,43.32052],[5.65051,43.32364],[5.64679,43.3231],[5.63483,43.32777],[5.62083,43.32218],[5.60942,43.32379],[5.61076,43.31723],[5.60931,43.31599],[5.60972,43.3075],[5.61375,43.30454],[5.61779,43.30735],[5.62047,43.3068],[5.62029,43.30497],[5.62395,43.30255],[5.62518,43.29961],[5.63266,43.29778],[5.62962,43.2967],[5.62488,43.29013],[5.62471,43.2864],[5.62727,43.28117],[5.63785,43.27385],[5.64442,43.27161],[5.64883,43.26762],[5.65357,43.26633],[5.65677,43.26706],[5.66779,43.28313],[5.67466,43.28735],[5.67479,43.28992],[5.67975,43.29426],[5.67797,43.2972],[5.67897,43.29929],[5.69516,43.30357],[5.69642,43.31001],[5.69104,43.31298],[5.68028,43.3195],[5.66914,43.31941]]]},"properties":{"code_territoire":"iris130420102","libelle_territoire":"Est"}},
{"type":"Feature","geometry":{"type":"Polygon","coordinates":[[[5.19546,43.38252],[5.1989,43.37258],[5.20074,43.37768],[5.2072,43.38103],[5.21409,43.38191],[5.22485,43.38152],[5.2223,43.38654],[5.23009,43.38804],[5.23264,43.39121],[5.23081,43.39478],[5.21999,43.39497],[5.21947,43.39685],[5.21182,43.39639],[5.19609,43.39255],[5.19546,43.38252]]]},"properties":{"code_territoire":"iris130430101","libelle_territoire":"Ouest"}},
{"type":"Feature","geometry":{"type":"Polygon","coordinates":[[[5.21947,43.39685],[5.21999,43.39497],[5.23081,43.39478],[5.23264,43.39121],[5.23484,43.39196],[5.23895,43.39042],[5.23829,43.38846],[5.24131,43.38587],[5.24507,43.38949],[5.25249,43.39297],[5.25857,43.39277],[5.25836,43.38964],[5.27136,43.39118],[5.27127,43.39165],[5.2651,43.40106],[5.26396,43.40201],[5.257,43.39965],[5.25568,43.40093],[5.24965,43.39849],[5.23686,43.39923],[5.22791,43.39779],[5.21947,43.39685]]]},"properties":{"code_territoire":"iris130430102","libelle_territoire":"Est"}},
{"type":"Feature","geometry":{"type":"Polygon","coordinates":[[[5.24131,43.38587],[5.23829,43.38846],[5.23895,43.39042],[5.23484,43.39196],[5.23264,43.39121],[5.23009,43.38804],[5.2223,43.38654],[5.22485,43.38152],[5.24117,43.38494],[5.24131,43.38587]]]},"properties":{"code_territoire":"iris130430103","libelle_territoire":"Sud"}},
{"type":"Feature","geometry":{"type":"Polygon","coordinates":[[[5.0893,43.59658],[5.09602,43.59885],[5.09527,43.60159],[5.09739,43.60291],[5.09295,43.60664],[5.09191,43.6116],[5.08661,43.61741],[5.08719,43.62465],[5.06162,43.62895],[5.03929,43.63397],[5.01247,43.64294],[5.01196,43.62916],[5.00346,43.62282],[4.9888,43.61809],[5.00824,43.6051],[5.01119,43.6065],[5.01823,43.60477],[5.03882,43.59191],[5.04363,43.59228],[5.04305,43.59345],[5.04745,43.59445],[5.05349,43.59161],[5.06572,43.59214],[5.0787,43.59729],[5.08607,43.59814],[5.08936,43.59762],[5.0893,43.59658]]]},"properties":{"code_territoire":"iris130440000","libelle_territoire":"Grans (commune non irisée)"}},
{"type":"Feature","geometry":{"type":"Polygon","coordinates":[[[4.73204,43.81983],[4.73317,43.81821],[4.74073,43.81757],[4.74473,43.81537],[4.74766,43.81553],[4.75012,43.81749],[4.75133,43.8216],[4.75385,43.82366],[4.76763,43.82839],[4.76843,43.8351],[4.77184,43.83936],[4.78309,43.84157],[4.78579,43.84079],[4.78989,43.84744],[4.80214,43.84668],[4.80481,43.84621],[4.80499,43.85414],[4.79323,43.85126],[4.78847,43.85157],[4.78847,43.85619],[4.78676,43.85786],[4.78924,43.86067],[4.79799,43.86495],[4.79686,43.86954],[4.80117,43.87338],[4.80108,43.87982],[4.79964,43.87873],[4.7986,43.88005],[4.79897,43.88337],[4.78888,43.88523],[4.78611,43.89032],[4.78156,43.89112],[4.77865,43.88709],[4.77285,43.88448],[4.77047,43.87893],[4.75536,43.87062],[4.73928,43.85802],[4.73418,43.85794],[4.73672,43.84966],[4.74187,43.84394],[4.7421,43.83988],[4.74035,43.83282],[4.73204,43.81983]]]},"properties":{"code_territoire":"iris130450000","libelle_territoire":"Graveson (commune non irisée)"}},
{"type":"Feature","geometry":{"type":"Polygon","coordinates":[[[5.52948,43.44014],[5.53095,43.42834],[5.53687,43.42395],[5.53669,43.42178],[5.53364,43.421],[5.53605,43.41907],[5.5333,43.41653],[5.54788,43.41547],[5.55605,43.41145],[5.55938,43.40757],[5.5615,43.41016],[5.56472,43.41686],[5.55774,43.42062],[5.5611,43.42753],[5.55887,43.43397],[5.55252,43.43899],[5.55138,43.44276],[5.55043,43.44079],[5.54018,43.43932],[5.52948,43.44014]]]},"properties":{"code_territoire":"iris130460000","libelle_territoire":"Gréasque (commune non irisée)"}},
{"type":"Feature","geometry":{"type":"Polygon","coordinates":[[[4.98594,43.51395],[4.98087,43.5153],[4.9806,43.51313],[4.97816,43.50864],[4.98153,43.50979],[4.9833,43.50691],[4.9827,43.50412],[4.98442,43.50568],[4.98689,43.50727],[4.98807,43.5114],[4.98616,43.51127],[4.98643,43.51283],[4.98778,43.51268],[4.98594,43.51395]]]},"properties":{"code_territoire":"iris130470101","libelle_territoire":"Les Beaumes"}},
{"type":"Feature","geometry":{"type":"Polygon","coordinates":[[[4.98594,43.51395],[4.98778,43.51268],[4.98643,43.51283],[4.98616,43.51127],[4.98807,43.5114],[4.98689,43.50727],[4.98695,43.50533],[4.99054,43.50531],[4.99075,43.51006],[4.98813,43.515],[4.98594,43.51395]]]},"properties":{"code_territoire":"iris130470102","libelle_territoire":"Centre Ancien"}},
{"type":"Feature","geometry":{"type":"Polygon","coordinates":[[[4.98813,43.515],[4.99075,43.51006],[4.99575,43.50824],[4.9967,43.5146],[4.99612,43.51607],[4.99349,43.51524],[4.9909,43.51942],[4.98945,43.5175],[4.98707,43.51736],[4.98813,43.515]]]},"properties":{"code_territoire":"iris130470103","libelle_territoire":"Cros de la Carrière"}},
{"type":"Feature","geometry":{"type":"Polygon","coordinates":[[[4.9806,43.51313],[4.98087,43.5153],[4.98594,43.51395],[4.98813,43.515],[4.98707,43.51736],[4.98445,43.52179],[4.98065,43.52259],[4.98044,43.51998],[4.98286,43.51764],[4.98028,43.51677],[4.96355,43.51824],[4.96437,43.51524],[4.9675,43.51422],[4.97004,43.51519],[4.97022,43.5143],[4.97337,43.51289],[4.9806,43.51313]]]},"properties":{"code_territoire":"iris130470104","libelle_territoire":"La Pujade"}},
{"type":"Feature","geometry":{"type":"Polygon","coordinates":[[[4.98632,43.49391],[4.98611,43.49069],[4.99291,43.48855],[4.99302,43.49171],[4.99247,43.49524],[4.99118,43.49497],[4.9898,43.49714],[4.98639,43.49606],[4.98632,43.49391]]]},"properties":{"code_territoire":"iris130470105","libelle_territoire":"La Prédina"}},
{"type":"Feature","geometry":{"type":"Polygon","coordinates":[[[4.98585,43.4986],[4.98639,43.49606],[4.9898,43.49714],[4.99118,43.49497],[4.99247,43.49524],[4.99141,43.49888],[4.99301,43.50238],[4.99054,43.50531],[4.98695,43.50533],[4.98689,43.50727],[4.98442,43.50568],[4.98585,43.4986]]]},"properties":{"code_territoire":"iris130470106","libelle_territoire":"Peyreguet"}},
{"type":"Feature","geometry":{"type":"Polygon","coordinates":[[[4.98632,43.49391],[4.98346,43.49419],[4.98242,43.49605],[4.98049,43.49357],[4.98611,43.49069],[4.98632,43.49391]]]},"properties":{"code_territoire":"iris130470107","libelle_territoire":"Le Prépaou"}},
{"type":"Feature","geometry":{"type":"Polygon","coordinates":[[[4.99949,43.50545],[4.99671,43.50484],[4.99353,43.50764],[4.99054,43.50531],[4.99301,43.50238],[4.99141,43.49888],[4.99247,43.49524],[4.99302,43.49171],[4.99526,43.49198],[4.99846,43.4895],[4.99711,43.49176],[4.99888,43.4918],[5.00023,43.48764],[5.00146,43.48664],[5.0024,43.48748],[4.99805,43.49801],[5.00028,43.49778],[4.99791,43.49881],[4.99949,43.50545]]]},"properties":{"code_territoire":"iris130470108","libelle_territoire":"Heures Claires"}},
{"type":"Feature","geometry":{"type":"Polygon","coordinates":[[[5.00521,43.51658],[4.9967,43.5146],[4.99575,43.50824],[4.99075,43.51006],[4.99054,43.50531],[4.99353,43.50764],[4.99671,43.50484],[4.99949,43.50545],[5.00048,43.51111],[5.00146,43.51059],[5.00521,43.51658]]]},"properties":{"code_territoire":"iris130470109","libelle_territoire":"La Romaniquette"}},
{"type":"Feature","geometry":{"type":"Polygon","coordinates":[[[4.97022,43.5143],[4.97037,43.51056],[4.97677,43.50422],[4.97447,43.50019],[4.97512,43.49705],[4.97889,43.49908],[4.9827,43.50412],[4.9833,43.50691],[4.98153,43.50979],[4.97816,43.50864],[4.9806,43.51313],[4.97337,43.51289],[4.97022,43.5143]]]},"properties":{"code_territoire":"iris130470110","libelle_territoire":"Tartugues"}},
{"type":"Feature","geometry":{"type":"Polygon","coordinates":[[[4.97889,43.49908],[4.98585,43.4986],[4.98442,43.50568],[4.9827,43.50412],[4.97889,43.49908]]]},"properties":{"code_territoire":"iris130470111","libelle_territoire":"Bardin"}},
{"type":"Feature","geometry":{"type":"Polygon","coordinates":[[[4.99133,43.58119],[4.96853,43.58225],[4.96307,43.58485],[4.94549,43.58857],[4.94688,43.58289],[4.95596,43.57008],[4.95187,43.52746],[4.97096,43.52858],[4.98028,43.51677],[4.98286,43.51764],[4.98044,43.51998],[4.98065,43.52259],[4.98445,43.52179],[4.98707,43.51736],[4.98945,43.5175],[4.9909,43.51942],[4.99349,43.51524],[4.99612,43.51607],[4.9967,43.5146],[5.00521,43.51658],[5.0081,43.52099],[5.01405,43.52398],[5.01551,43.52788],[5.01311,43.5327],[5.01385,43.53886],[5.01167,43.54591],[5.01283,43.54672],[5.01178,43.55169],[5.01422,43.55549],[5.0098,43.55667],[5.00796,43.55165],[5.00247,43.55019],[5.00139,43.55426],[5.00742,43.56372],[4.99837,43.571],[4.99145,43.57675],[4.99305,43.57962],[4.99133,43.58119]]]},"properties":{"code_territoire":"iris130470112","libelle_territoire":"Étang de l'Olivier"}},
{"type":"Feature","geometry":{"type":"Polygon","coordinates":[[[4.95804,43.48369],[4.96415,43.4888],[4.96654,43.49934],[4.96799,43.5002],[4.96759,43.50833],[4.96578,43.51027],[4.96754,43.51089],[4.9675,43.51422],[4.96437,43.51524],[4.96355,43.51824],[4.98028,43.51677],[4.97096,43.52858],[4.95187,43.52746],[4.90196,43.52785],[4.9282,43.51061],[4.95804,43.48369]]]},"properties":{"code_territoire":"iris130470113","libelle_territoire":"Trigance"}},
{"type":"Feature","geometry":{"type":"Polygon","coordinates":[[[4.97823,43.61626],[4.95173,43.61234],[4.94484,43.62298],[4.93999,43.62054],[4.92017,43.61644],[4.89723,43.59977],[4.94549,43.58857],[4.96307,43.58485],[4.96853,43.58225],[4.99133,43.58119],[4.99097,43.58151],[4.96695,43.60096],[4.98013,43.60323],[4.98032,43.61049],[4.97823,43.61626]]]},"properties":{"code_territoire":"iris130470114","libelle_territoire":"Entressen"}},
{"type":"Feature","geometry":{"type":"Polygon","coordinates":[[[4.97022,43.5143],[4.97004,43.51519],[4.9675,43.51422],[4.96754,43.51089],[4.96578,43.51027],[4.96759,43.50833],[4.96799,43.5002],[4.96654,43.49934],[4.96415,43.4888],[4.97142,43.49421],[4.97447,43.50019],[4.97677,43.50422],[4.97037,43.51056],[4.97022,43.5143]]]},"properties":{"code_territoire":"iris130470115","libelle_territoire":"Prépaou 2"}},
{"type":"Feature","geometry":{"type":"Polygon","coordinates":[[[5.0024,43.48748],[5.00146,43.48664],[5.00023,43.48764],[4.99888,43.4918],[4.99711,43.49176],[4.99846,43.4895],[4.99526,43.49198],[4.99302,43.49171],[4.99291,43.48855],[4.98611,43.49069],[4.98049,43.49357],[4.98242,43.49605],[4.98346,43.49419],[4.98632,43.49391],[4.98639,43.49606],[4.98585,43.4986],[4.97889,43.49908],[4.97512,43.49705],[4.97447,43.50019],[4.97142,43.49421],[4.96415,43.4888],[4.95804,43.48369],[4.95869,43.47936],[4.95873,43.47788],[4.96179,43.4772],[4.96548,43.4738],[4.97589,43.47409],[4.98098,43.47423],[4.98451,43.47861],[4.98773,43.48014],[4.99907,43.46888],[5.00062,43.47043],[5.00335,43.46803],[5.00584,43.46838],[5.00631,43.4698],[5.00255,43.47142],[5.00014,43.4749],[5.00041,43.47842],[5.00312,43.48191],[5.0024,43.48748]]]},"properties":{"code_territoire":"iris130470116","libelle_territoire":"Rassuen"}},
{"type":"Feature","geometry":{"type":"Polygon","coordinates":[[[4.90196,43.52785],[4.95187,43.52746],[4.95596,43.57008],[4.94688,43.58289],[4.94549,43.58857],[4.89723,43.59977],[4.88522,43.58835],[4.88289,43.5764],[4.89013,43.55939],[4.88668,43.54723],[4.87978,43.54159],[4.90196,43.52785]]]},"properties":{"code_territoire":"iris130470117","libelle_territoire":"Zone d'Activités"}},
{"type":"Feature","geometry":{"type":"Polygon","coordinates":[[[5.68296,43.69286],[5.67219,43.69318],[5.66511,43.68834],[5.65701,43.68531],[5.64286,43.67246],[5.63148,43.66732],[5.61464,43.66423],[5.6071,43.65872],[5.60832,43.65462],[5.6123,43.6538],[5.61006,43.65266],[5.61166,43.65148],[5.60896,43.65119],[5.60559,43.64653],[5.60674,43.63896],[5.60505,43.63792],[5.60418,43.63358],[5.6058,43.63069],[5.60246,43.62659],[5.60502,43.62511],[5.6046,43.61639],[5.60401,43.61308],[5.60094,43.61119],[5.60421,43.60732],[5.60632,43.60075],[5.61239,43.59777],[5.61409,43.59435],[5.62054,43.58744],[5.6295,43.58782],[5.63125,43.57972],[5.64302,43.57899],[5.6434,43.56996],[5.65562,43.56825],[5.65691,43.56416],[5.66926,43.56469],[5.66122,43.57203],[5.65803,43.57227],[5.65622,43.57395],[5.65591,43.57784],[5.66779,43.5792],[5.67163,43.58109],[5.67898,43.5815],[5.69183,43.58457],[5.6825,43.60055],[5.68103,43.61078],[5.6781,43.61128],[5.67852,43.61244],[5.67944,43.61445],[5.68665,43.61352],[5.68764,43.61464],[5.68388,43.61794],[5.68687,43.61896],[5.69293,43.62981],[5.70187,43.63748],[5.70215,43.63958],[5.69834,43.64256],[5.70139,43.6441],[5.70957,43.64085],[5.71899,43.64983],[5.71989,43.65666],[5.70448,43.67475],[5.70302,43.67932],[5.69977,43.6829],[5.69287,43.68528],[5.69057,43.68403],[5.68264,43.69162],[5.68296,43.69286]]]},"properties":{"code_territoire":"iris130480000","libelle_territoire":"Jouques (commune non irisée)"}},
{"type":"Feature","geometry":{"type":"Polygon","coordinates":[[[5.1166,43.70826],[5.1082,43.71471],[5.10328,43.72171],[5.09738,43.72462],[5.08571,43.72577],[5.06976,43.73089],[5.06641,43.72239],[5.06318,43.72156],[5.05357,43.72422],[5.05502,43.71537],[5.06076,43.71385],[5.05954,43.70897],[5.0615,43.70594],[5.06073,43.70369],[5.06245,43.69961],[5.06861,43.69786],[5.06719,43.69516],[5.07293,43.68398],[5.08084,43.68542],[5.09389,43.68482],[5.10887,43.68372],[5.11305,43.68798],[5.11572,43.6851],[5.11845,43.68785],[5.12602,43.69054],[5.12192,43.69161],[5.1217,43.69694],[5.1234,43.69941],[5.12115,43.70497],[5.1166,43.70826]]]},"properties":{"code_territoire":"iris130490000","libelle_territoire":"Lamanon (commune non irisée)"}},
{"type":"Feature","geometry":{"type":"Polygon","coordinates":[[[5.26976,43.6539],[5.26457,43.65332],[5.26099,43.65548],[5.25943,43.65235],[5.2516,43.65093],[5.25109,43.64983],[5.26012,43.64888],[5.26985,43.64905],[5.26958,43.65038],[5.27226,43.65068],[5.27382,43.64993],[5.26976,43.6539]]]},"properties":{"code_territoire":"iris130500101","libelle_territoire":"Centre"}},
{"type":"Feature","geometry":{"type":"Polygon","coordinates":[[[5.26976,43.6539],[5.27421,43.65438],[5.27439,43.6571],[5.26625,43.65998],[5.25971,43.66039],[5.25918,43.65844],[5.25384,43.65606],[5.25484,43.65431],[5.24694,43.65167],[5.24687,43.64164],[5.25091,43.64202],[5.25173,43.63972],[5.26114,43.63982],[5.26312,43.63939],[5.26298,43.63792],[5.2661,43.63762],[5.26876,43.64155],[5.2756,43.64292],[5.27382,43.64993],[5.27226,43.65068],[5.26958,43.65038],[5.26985,43.64905],[5.26012,43.64888],[5.25109,43.64983],[5.2516,43.65093],[5.25943,43.65235],[5.26099,43.65548],[5.26457,43.65332],[5.26976,43.6539]]]},"properties":{"code_territoire":"iris130500102","libelle_territoire":"Zone Urbaine"}},
{"type":"Feature","geometry":{"type":"Polygon","coordinates":[[[5.25892,43.61115],[5.26428,43.614],[5.26621,43.62153],[5.26941,43.6236],[5.26839,43.62562],[5.27125,43.62872],[5.27038,43.6304],[5.28147,43.63716],[5.29348,43.6419],[5.29863,43.64206],[5.31748,43.63813],[5.31619,43.6464],[5.31337,43.64627],[5.31092,43.64893],[5.31114,43.65237],[5.30883,43.65235],[5.30763,43.65495],[5.30245,43.67351],[5.30421,43.67854],[5.30145,43.68556],[5.30273,43.68585],[5.29788,43.69064],[5.29103,43.68896],[5.28827,43.68944],[5.28445,43.69323],[5.27995,43.69415],[5.27517,43.69707],[5.27614,43.70564],[5.26871,43.71983],[5.26589,43.71549],[5.25929,43.71075],[5.25595,43.7058],[5.25626,43.70305],[5.25443,43.70333],[5.2545,43.70105],[5.25072,43.69991],[5.25036,43.69454],[5.24753,43.69573],[5.23834,43.69366],[5.23454,43.69725],[5.23442,43.70035],[5.23227,43.70254],[5.22854,43.7029],[5.21185,43.69093],[5.22409,43.68347],[5.22514,43.68213],[5.22324,43.68159],[5.22208,43.67837],[5.21943,43.67693],[5.20632,43.67555],[5.20506,43.67313],[5.20106,43.67273],[5.19821,43.66967],[5.19639,43.67015],[5.19822,43.66731],[5.19482,43.66687],[5.19219,43.66173],[5.18231,43.66124],[5.18114,43.65764],[5.18175,43.64768],[5.18375,43.64587],[5.18272,43.64144],[5.18558,43.63814],[5.19028,43.64221],[5.21547,43.64567],[5.21889,43.6426],[5.2206,43.63813],[5.22471,43.63821],[5.23069,43.63354],[5.23539,43.62711],[5.24093,43.61409],[5.24046,43.60942],[5.2526,43.60744],[5.25892,43.61115]],[[5.27382,43.64993],[5.2756,43.64292],[5.26876,43.64155],[5.2661,43.63762],[5.26298,43.63792],[5.26312,43.63939],[5.26114,43.63982],[5.25173,43.63972],[5.25091,43.64202],[5.24687,43.64164],[5.24694,43.65167],[5.25484,43.65431],[5.25384,43.65606],[5.25918,43.65844],[5.25971,43.66039],[5.26625,43.65998],[5.27439,43.6571],[5.27421,43.65438],[5.26976,43.6539],[5.27382,43.64993]]]},"properties":{"code_territoire":"iris130500103","libelle_territoire":"Zone de Campagne"}},
{"type":"Feature","geometry":{"type":"Polygon","coordinates":[[[5.11929,43.58897],[5.13986,43.5844],[5.13825,43.58873],[5.13943,43.59078],[5.13344,43.59122],[5.13522,43.59327],[5.13003,43.5921],[5.12598,43.59388],[5.12359,43.59259],[5.12347,43.58991],[5.11929,43.58897]]]},"properties":{"code_territoire":"iris130510101","libelle_territoire":"Village"}},
{"type":"Feature","geometry":{"type":"Polygon","coordinates":[[[5.11929,43.58897],[5.12347,43.58991],[5.12359,43.59259],[5.12598,43.59388],[5.13003,43.5921],[5.13522,43.59327],[5.13344,43.59122],[5.13943,43.59078],[5.13502,43.59534],[5.13589,43.59671],[5.12872,43.59752],[5.1255,43.59948],[5.12316,43.59509],[5.11671,43.58984],[5.11929,43.58897]]]},"properties":{"code_territoire":"iris130510102","libelle_territoire":"Lotissement Nord"}},
{"type":"Feature","geometry":{"type":"Polygon","coordinates":[[[5.12187,43.52295],[5.13046,43.52768],[5.13115,43.52939],[5.13417,43.52431],[5.13817,43.52551],[5.14548,43.53067],[5.15514,43.53429],[5.15676,43.53722],[5.16502,43.54032],[5.17689,43.53975],[5.17682,43.55403],[5.17663,43.56228],[5.18543,43.56933],[5.18769,43.56938],[5.19352,43.5711],[5.20323,43.5702],[5.20621,43.57454],[5.21353,43.57279],[5.21758,43.56956],[5.22602,43.56653],[5.23148,43.5699],[5.2421,43.57364],[5.25123,43.57505],[5.25143,43.57998],[5.25579,43.5814],[5.25108,43.58708],[5.25421,43.59216],[5.23462,43.59552],[5.2063,43.59802],[5.19632,43.60112],[5.16478,43.61056],[5.13871,43.61353],[5.14001,43.61908],[5.1368,43.62151],[5.12998,43.62211],[5.12937,43.61658],[5.13149,43.61583],[5.13012,43.61434],[5.13183,43.60994],[5.12295,43.60998],[5.12303,43.6057],[5.11858,43.60382],[5.11524,43.60291],[5.11357,43.60592],[5.1017,43.59799],[5.0998,43.60123],[5.09602,43.59885],[5.0893,43.59658],[5.08941,43.59514],[5.09489,43.59502],[5.09812,43.59123],[5.10028,43.59192],[5.10275,43.58761],[5.09947,43.58209],[5.10757,43.55509],[5.12187,43.52295]],[[5.13943,43.59078],[5.13825,43.58873],[5.13986,43.5844],[5.11929,43.58897],[5.11671,43.58984],[5.12316,43.59509],[5.1255,43.59948],[5.12872,43.59752],[5.13589,43.59671],[5.13502,43.59534],[5.13943,43.59078]]]},"properties":{"code_territoire":"iris130510103","libelle_territoire":"Extérieurs-Baisses-Sibourg"}},
{"type":"Feature","geometry":{"type":"Polygon","coordinates":[[[4.76444,43.79862],[4.7709,43.80273],[4.77869,43.80419],[4.78272,43.80662],[4.7899,43.80856],[4.79526,43.80734],[4.803,43.81047],[4.81315,43.81715],[4.81632,43.82463],[4.81477,43.82743],[4.81563,43.83282],[4.81189,43.83927],[4.80212,43.83689],[4.80214,43.84668],[4.78989,43.84744],[4.78579,43.84079],[4.78309,43.84157],[4.77184,43.83936],[4.76843,43.8351],[4.76763,43.82839],[4.75385,43.82366],[4.75133,43.8216],[4.75012,43.81749],[4.75178,43.81686],[4.75089,43.81628],[4.75246,43.81663],[4.75807,43.80618],[4.76119,43.80191],[4.76283,43.80222],[4.76444,43.79862]]]},"properties":{"code_territoire":"iris130520000","libelle_territoire":"Maillane (commune non irisée)"}},
{"type":"Feature","geometry":{"type":"Polygon","coordinates":[[[5.24608,43.74734],[5.22917,43.74748],[5.18777,43.73507],[5.17335,43.7388],[5.12377,43.75883],[5.12529,43.72943],[5.14681,43.7259],[5.16864,43.71872],[5.17214,43.7157],[5.18161,43.71333],[5.19414,43.70147],[5.20889,43.6972],[5.21997,43.70577],[5.22649,43.70693],[5.22395,43.7168],[5.22381,43.72841],[5.2286,43.72839],[5.23228,43.73493],[5.24608,43.74734]]]},"properties":{"code_territoire":"iris130530000","libelle_territoire":"Mallemort (commune non irisée)"}},
{"type":"Feature","geometry":{"type":"Polygon","coordinates":[[[5.19765,43.43824],[5.20801,43.4305],[5.19879,43.43029],[5.19385,43.43173],[5.19844,43.42969],[5.19643,43.42603],[5.19773,43.42327],[5.20219,43.42374],[5.21123,43.42539],[5.21247,43.42311],[5.21506,43.42284],[5.2164,43.42873],[5.22472,43.42414],[5.23175,43.4249],[5.23187,43.42174],[5.23238,43.42177],[5.23903,43.42307],[5.23606,43.42553],[5.23544,43.42477],[5.23316,43.42947],[5.23437,43.43038],[5.22932,43.43686],[5.23026,43.44016],[5.22745,43.44186],[5.22674,43.44066],[5.22037,43.44905],[5.20852,43.44384],[5.19807,43.45106],[5.19509,43.44877],[5.20458,43.4421],[5.20225,43.44203],[5.19765,43.43824]]]},"properties":{"code_territoire":"iris130540101","libelle_territoire":"Estrade-Aéroport-Les Beugons"}},
{"type":"Feature","geometry":{"type":"Polygon","coordinates":[[[5.18412,43.40732],[5.19819,43.41405],[5.20234,43.41338],[5.20434,43.41401],[5.20432,43.41542],[5.20977,43.41668],[5.20602,43.42017],[5.20388,43.4192],[5.20229,43.42052],[5.20219,43.42374],[5.19773,43.42327],[5.19643,43.42603],[5.19844,43.42969],[5.19385,43.43173],[5.19879,43.43029],[5.20801,43.4305],[5.19765,43.43824],[5.19417,43.43749],[5.17173,43.41861],[5.18412,43.40732]]]},"properties":{"code_territoire":"iris130540102","libelle_territoire":"Le Jai-Les Fontinelles"}},
{"type":"Feature","geometry":{"type":"Polygon","coordinates":[[[5.21794,43.41949],[5.2112,43.41722],[5.21219,43.41414],[5.2167,43.41563],[5.21632,43.41646],[5.21973,43.41731],[5.21828,43.4183],[5.21794,43.41949]]]},"properties":{"code_territoire":"iris130540103","libelle_territoire":"Saint-Pierre Centre Ville"}},
{"type":"Feature","geometry":{"type":"Polygon","coordinates":[[[5.23187,43.42174],[5.23175,43.4249],[5.22472,43.42414],[5.2164,43.42873],[5.21506,43.42284],[5.21496,43.42115],[5.21719,43.42119],[5.21794,43.41949],[5.21828,43.4183],[5.22659,43.42018],[5.23187,43.42174]]]},"properties":{"code_territoire":"iris130540104","libelle_territoire":"Les Perussons-Le Moulin"}},
{"type":"Feature","geometry":{"type":"Polygon","coordinates":[[[5.21247,43.42311],[5.21123,43.42539],[5.20219,43.42374],[5.20229,43.42052],[5.20388,43.4192],[5.20602,43.42017],[5.21247,43.42311]]]},"properties":{"code_territoire":"iris130540105","libelle_territoire":"La Signore-Charrue"}},
{"type":"Feature","geometry":{"type":"Polygon","coordinates":[[[5.20977,43.41668],[5.20432,43.41542],[5.20434,43.41401],[5.20234,43.41338],[5.20234,43.41157],[5.21012,43.413],[5.21219,43.41414],[5.2112,43.41722],[5.20977,43.41668]]]},"properties":{"code_territoire":"iris130540106","libelle_territoire":"Saint-Pierre-L'Estéou"}},
{"type":"Feature","geometry":{"type":"Polygon","coordinates":[[[5.21012,43.413],[5.21067,43.41117],[5.21895,43.41167],[5.21996,43.40977],[5.22499,43.41044],[5.22184,43.41366],[5.22463,43.41552],[5.2167,43.41563],[5.21219,43.41414],[5.21012,43.413]]]},"properties":{"code_territoire":"iris130540107","libelle_territoire":"Sainte-Anne-La Tapie-Le Moulin d'Aval"}},
{"type":"Feature","geometry":{"type":"Polygon","coordinates":[[[5.22791,43.39779],[5.22617,43.40017],[5.22457,43.39889],[5.20749,43.40674],[5.21067,43.41117],[5.21012,43.413],[5.20234,43.41157],[5.20234,43.41338],[5.19819,43.41405],[5.18412,43.40732],[5.19105,43.39325],[5.1951,43.39371],[5.19609,43.39255],[5.21182,43.39639],[5.21947,43.39685],[5.22791,43.39779]]]},"properties":{"code_territoire":"iris130540108","libelle_territoire":"La Palun-Bausset Florides-Raphelle"}},
{"type":"Feature","geometry":{"type":"Polygon","coordinates":[[[5.22617,43.40017],[5.22014,43.40953],[5.21996,43.40977],[5.21895,43.41167],[5.21067,43.41117],[5.20749,43.40674],[5.22457,43.39889],[5.22617,43.40017]]]},"properties":{"code_territoire":"iris130540109","libelle_territoire":"Le Carestier-Le Taulet"}},
{"type":"Feature","geometry":{"type":"Polygon","coordinates":[[[5.2112,43.41722],[5.21794,43.41949],[5.21719,43.42119],[5.21496,43.42115],[5.21506,43.42284],[5.21247,43.42311],[5.20602,43.42017],[5.20977,43.41668],[5.2112,43.41722]]]},"properties":{"code_territoire":"iris130540110","libelle_territoire":"Les Rascas-La Ferrage"}},
{"type":"Feature","geometry":{"type":"Polygon","coordinates":[[[5.22659,43.42018],[5.21828,43.4183],[5.21973,43.41731],[5.22015,43.41642],[5.22735,43.41881],[5.22659,43.42018]]]},"properties":{"code_territoire":"iris130540111","libelle_territoire":"La Calagovière-Parc Camoin"}},
{"type":"Feature","geometry":{"type":"Polygon","coordinates":[[[5.22735,43.41881],[5.22015,43.41642],[5.21973,43.41731],[5.21632,43.41646],[5.2167,43.41563],[5.22463,43.41552],[5.22879,43.41639],[5.22735,43.41881]]]},"properties":{"code_territoire":"iris130540112","libelle_territoire":"Les Raumettes-Parc Camoin"}},
{"type":"Feature","geometry":{"type":"Polygon","coordinates":[[[5.22879,43.41639],[5.22463,43.41552],[5.22184,43.41366],[5.22499,43.41044],[5.21996,43.40977],[5.22014,43.40953],[5.22382,43.40964],[5.22836,43.40692],[5.2288,43.409],[5.23246,43.41003],[5.23249,43.41254],[5.23372,43.41182],[5.23186,43.41649],[5.22879,43.41639]]]},"properties":{"code_territoire":"iris130540113","libelle_territoire":"Le Planet-Bonjour-Collet Rouge"}},
{"type":"Feature","geometry":{"type":"Polygon","coordinates":[[[5.26396,43.40201],[5.25372,43.41022],[5.25307,43.41009],[5.23372,43.41182],[5.23249,43.41254],[5.23246,43.41003],[5.2288,43.409],[5.22836,43.40692],[5.23686,43.39923],[5.24965,43.39849],[5.25568,43.40093],[5.257,43.39965],[5.26396,43.40201]]]},"properties":{"code_territoire":"iris130540114","libelle_territoire":"La Plaine Notre-Dame-Pas des Lanciers"}},
{"type":"Feature","geometry":{"type":"Polygon","coordinates":[[[5.23686,43.39923],[5.22836,43.40692],[5.22382,43.40964],[5.22014,43.40953],[5.22617,43.40017],[5.22791,43.39779],[5.23686,43.39923]]]},"properties":{"code_territoire":"iris130540115","libelle_territoire":"La Chaume"}},
{"type":"Feature","geometry":{"type":"Polygon","coordinates":[[[5.08836,43.33301],[5.09234,43.3384],[5.09154,43.34001],[5.09445,43.34014],[5.0983,43.34355],[5.08925,43.34431],[5.0832,43.34201],[5.07929,43.34304],[5.07596,43.34214],[5.07523,43.34343],[5.07096,43.34425],[5.05837,43.34346],[5.05822,43.34541],[5.05406,43.34446],[5.0479,43.34027],[5.03619,43.34627],[5.02886,43.36397],[5.02861,43.36459],[5.01033,43.36552],[5.01339,43.36444],[5.01314,43.36257],[5.01773,43.36258],[5.01442,43.36157],[5.01733,43.35988],[5.01731,43.35783],[5.01513,43.3575],[5.01679,43.35525],[5.01637,43.35726],[5.02178,43.35644],[5.02297,43.35788],[5.02257,43.35554],[5.02587,43.35532],[5.02576,43.35258],[5.0238,43.35226],[5.02329,43.3534],[5.02139,43.34955],[5.02548,43.34745],[5.02494,43.34544],[5.01808,43.34726],[5.01961,43.34429],[5.0187,43.34248],[5.02887,43.33714],[5.02934,43.33551],[5.03083,43.33609],[5.0305,43.33366],[5.04142,43.32744],[5.04271,43.32965],[5.03969,43.33002],[5.03958,43.33111],[5.04201,43.33023],[5.04346,43.33157],[5.04514,43.3285],[5.04864,43.33226],[5.05017,43.33219],[5.05174,43.33112],[5.04853,43.32657],[5.05379,43.32445],[5.05588,43.32648],[5.05493,43.32838],[5.05749,43.32733],[5.05931,43.32809],[5.05989,43.32652],[5.06031,43.33077],[5.06992,43.33227],[5.07138,43.33114],[5.07058,43.32901],[5.07301,43.32843],[5.07761,43.32855],[5.08,43.33023],[5.08059,43.32661],[5.08836,43.33301]]]},"properties":{"code_territoire":"iris130560101","libelle_territoire":"Côte Bleue"}},
{"type":"Feature","geometry":{"type":"Polygon","coordinates":[[[5.10362,43.38851],[5.1018,43.39247],[5.08788,43.39077],[5.07875,43.39202],[5.0792,43.38926],[5.07201,43.39007],[5.07074,43.38889],[5.06802,43.39071],[5.06849,43.38928],[5.06347,43.38931],[5.06193,43.39132],[5.06072,43.39022],[5.06544,43.38369],[5.06285,43.38118],[5.06403,43.37815],[5.05581,43.37667],[5.05147,43.37869],[5.03747,43.37736],[5.03734,43.369],[5.02886,43.36397],[5.03619,43.34627],[5.0479,43.34027],[5.05406,43.34446],[5.05822,43.34541],[5.05837,43.34346],[5.07096,43.34425],[5.07523,43.34343],[5.07596,43.34214],[5.07929,43.34304],[5.0832,43.34201],[5.08925,43.34431],[5.0983,43.34355],[5.10312,43.34614],[5.1031,43.34835],[5.10096,43.34974],[5.10506,43.35608],[5.10295,43.36237],[5.09961,43.36983],[5.10348,43.37348],[5.10367,43.37689],[5.09789,43.38138],[5.09889,43.383],[5.10115,43.38323],[5.10362,43.38851]]]},"properties":{"code_territoire":"iris130560102","libelle_territoire":"Plaines Saint-Pierre et Saint-Julien"}},
{"type":"Feature","geometry":{"type":"Polygon","coordinates":[[[5.02886,43.36397],[5.03734,43.369],[5.03747,43.37736],[5.05147,43.37869],[5.05581,43.37667],[5.06403,43.37815],[5.06285,43.38118],[5.06544,43.38369],[5.06072,43.39022],[5.05679,43.39102],[5.0539,43.39388],[5.05237,43.39643],[5.05242,43.39669],[5.04771,43.39665],[5.04375,43.40058],[5.03777,43.39744],[5.01076,43.39571],[5.01196,43.39302],[5.00988,43.39168],[5.01265,43.39146],[5.01454,43.38819],[5.0123,43.38517],[5.01423,43.3841],[5.02552,43.38462],[5.02474,43.37722],[5.02797,43.37146],[5.02861,43.36459],[5.02886,43.36397]]]},"properties":{"code_territoire":"iris130560103","libelle_territoire":"Plaine de Courouche"}},
{"type":"Feature","geometry":{"type":"Polygon","coordinates":[[[5.05954,43.40163],[5.06272,43.39943],[5.05273,43.399],[5.05242,43.39669],[5.05237,43.39643],[5.06004,43.3977],[5.05864,43.39641],[5.06278,43.3969],[5.06432,43.39407],[5.0539,43.39388],[5.05679,43.39102],[5.06072,43.39022],[5.06193,43.39132],[5.06347,43.38931],[5.06849,43.38928],[5.06802,43.39071],[5.07074,43.38889],[5.07201,43.39007],[5.0792,43.38926],[5.07875,43.39202],[5.08788,43.39077],[5.1018,43.39247],[5.09747,43.39965],[5.0968,43.40073],[5.08385,43.39897],[5.07057,43.39903],[5.05954,43.40163]]]},"properties":{"code_territoire":"iris130560104","libelle_territoire":"Jonquières Est"}},
{"type":"Feature","geometry":{"type":"Polygon","coordinates":[[[5.0539,43.39388],[5.06432,43.39407],[5.06278,43.3969],[5.05864,43.39641],[5.06004,43.3977],[5.05237,43.39643],[5.0539,43.39388]]]},"properties":{"code_territoire":"iris130560105","libelle_territoire":"Jonquières-Boudème-Font Sarade"}},
{"type":"Feature","geometry":{"type":"Polygon","coordinates":[[[5.05702,43.40426],[5.05077,43.40321],[5.05358,43.40164],[5.04936,43.40163],[5.04678,43.3998],[5.05273,43.399],[5.06272,43.39943],[5.05954,43.40163],[5.05702,43.40426]]]},"properties":{"code_territoire":"iris130560106","libelle_territoire":"Jonquières Centre"}},
{"type":"Feature","geometry":{"type":"Polygon","coordinates":[[[5.05242,43.39669],[5.05273,43.399],[5.04678,43.3998],[5.04936,43.40163],[5.05358,43.40164],[5.05077,43.40321],[5.04375,43.40058],[5.04771,43.39665],[5.05242,43.39669]]]},"properties":{"code_territoire":"iris130560107","libelle_territoire":"Jonquières-Les Foulettes"}},
{"type":"Feature","geometry":{"type":"MultiPolygon","coordinates":[[[[5.05702,43.40426],[5.04264,43.40191],[5.04375,43.40058],[5.05077,43.40321],[5.05702,43.40426]]],[[[5.05593,43.40631],[5.05022,43.40453],[5.05689,43.40477],[5.05593,43.40631]]],[[[5.04174,43.40326],[5.04637,43.40367],[5.05,43.40524],[5.04961,43.40636],[5.05398,43.40743],[5.05932,43.40668],[5.05716,43.40865],[5.05892,43.41347],[5.0545,43.41252],[5.05445,43.41126],[5.05164,43.41087],[5.05234,43.40805],[5.04668,43.40732],[5.04256,43.40455],[5.04174,43.40326]]]]},"properties":{"code_territoire":"iris130560108","libelle_territoire":"Ferrières et l'Île"}},
{"type":"Feature","geometry":{"type":"Polygon","coordinates":[[[5.03815,43.41028],[5.03644,43.40899],[5.04133,43.40565],[5.03949,43.40694],[5.04041,43.40757],[5.04335,43.40639],[5.0416,43.41025],[5.03815,43.41028]]]},"properties":{"code_territoire":"iris130560109","libelle_territoire":"Les Moulins"}},
{"type":"Feature","geometry":{"type":"Polygon","coordinates":[[[5.04256,43.40455],[5.04668,43.40732],[5.04675,43.40948],[5.0416,43.41025],[5.04335,43.40639],[5.04041,43.40757],[5.03949,43.40694],[5.04133,43.40565],[5.04256,43.40455]]]},"properties":{"code_territoire":"iris130560110","libelle_territoire":"Paradis Saint-Roch"}},
{"type":"Feature","geometry":{"type":"Polygon","coordinates":[[[5.00427,43.42273],[5.00514,43.4137],[5.00664,43.41015],[5.00362,43.40852],[5.00463,43.40443],[5.00497,43.40337],[5.02254,43.40361],[5.02491,43.40255],[5.04174,43.40326],[5.04256,43.40455],[5.04133,43.40565],[5.03644,43.40899],[5.03815,43.41028],[5.0237,43.41119],[5.0135,43.4097],[5.01331,43.41323],[5.02239,43.4123],[5.0263,43.41181],[5.02347,43.41606],[5.01971,43.41601],[5.01901,43.41859],[5.0211,43.41924],[5.0211,43.42267],[5.00427,43.42273]]]},"properties":{"code_territoire":"iris130560111","libelle_territoire":"Croix Sainte Saint-Jean La Gaffette"}},
{"type":"Feature","geometry":{"type":"Polygon","coordinates":[[[5.02239,43.4123],[5.01331,43.41323],[5.0135,43.4097],[5.0237,43.41119],[5.02239,43.4123]]]},"properties":{"code_territoire":"iris130560112","libelle_territoire":"Croix Sainte Mas de Pouane"}},
{"type":"Feature","geometry":{"type":"Polygon","coordinates":[[[5.0237,43.41119],[5.03815,43.41028],[5.0384,43.41417],[5.02716,43.41381],[5.02787,43.41527],[5.02347,43.41606],[5.0263,43.41181],[5.02239,43.4123],[5.0237,43.41119]]]},"properties":{"code_territoire":"iris130560113","libelle_territoire":"Croix Sainte Coudoulière"}},
{"type":"Feature","geometry":{"type":"Polygon","coordinates":[[[5.00542,43.42791],[5.00427,43.42273],[5.0211,43.42267],[5.0211,43.41924],[5.01901,43.41859],[5.01971,43.41601],[5.02347,43.41606],[5.02787,43.41527],[5.02716,43.41381],[5.0384,43.41417],[5.03683,43.41819],[5.04226,43.41767],[5.04439,43.42031],[5.04524,43.42181],[5.04994,43.42202],[5.04768,43.42279],[5.0475,43.4253],[5.05343,43.42481],[5.05265,43.42667],[5.03722,43.43616],[5.02148,43.43288],[5.02352,43.42969],[5.0273,43.42867],[5.02332,43.42888],[5.01935,43.43151],[5.00912,43.43182],[5.00825,43.42871],[5.00542,43.42791]]]},"properties":{"code_territoire":"iris130560114","libelle_territoire":"Saint-Macaire Plan Fossan"}},
{"type":"Feature","geometry":{"type":"Polygon","coordinates":[[[5.03722,43.43616],[5.05265,43.42667],[5.05343,43.42481],[5.0475,43.4253],[5.04768,43.42279],[5.04994,43.42202],[5.0517,43.42042],[5.05626,43.42023],[5.05653,43.41546],[5.05442,43.41338],[5.0545,43.41252],[5.05892,43.41347],[5.06171,43.42243],[5.05434,43.44303],[5.04248,43.44209],[5.03722,43.43616]]]},"properties":{"code_territoire":"iris130560115","libelle_territoire":"Figuerolles Touret de Vallier"}},
{"type":"Feature","geometry":{"type":"Polygon","coordinates":[[[5.04994,43.42202],[5.04524,43.42181],[5.04439,43.42031],[5.04523,43.41897],[5.0517,43.42042],[5.04994,43.42202]]]},"properties":{"code_territoire":"iris130560116","libelle_territoire":"La Colline"}},
{"type":"Feature","geometry":{"type":"Polygon","coordinates":[[[5.0517,43.42042],[5.04523,43.41897],[5.04439,43.42031],[5.04226,43.41767],[5.04699,43.41526],[5.05062,43.41661],[5.05442,43.41338],[5.05653,43.41546],[5.05626,43.42023],[5.0517,43.42042]]]},"properties":{"code_territoire":"iris130560117","libelle_territoire":"Canto-Perdrix"}},
{"type":"Feature","geometry":{"type":"Polygon","coordinates":[[[5.0545,43.41252],[5.05442,43.41338],[5.05062,43.41661],[5.04699,43.41526],[5.04226,43.41767],[5.03683,43.41819],[5.0384,43.41417],[5.04052,43.41335],[5.04395,43.41517],[5.04612,43.41221],[5.04957,43.41399],[5.05164,43.41087],[5.05445,43.41126],[5.0545,43.41252]]]},"properties":{"code_territoire":"iris130560118","libelle_territoire":"Les Capucins Rayettes"}},
{"type":"Feature","geometry":{"type":"Polygon","coordinates":[[[5.0416,43.41025],[5.04675,43.40948],[5.04668,43.40732],[5.05234,43.40805],[5.05164,43.41087],[5.04957,43.41399],[5.04612,43.41221],[5.04395,43.41517],[5.04052,43.41335],[5.0384,43.41417],[5.03815,43.41028],[5.0416,43.41025]]]},"properties":{"code_territoire":"iris130560119","libelle_territoire":"Notre-Dame Paradis"}},
{"type":"Feature","geometry":{"type":"MultiPolygon","coordinates":[[[[5.04264,43.40191],[5.04071,43.40072],[5.02906,43.40026],[5.02847,43.39749],[5.0264,43.40101],[5.02639,43.39748],[5.02488,43.40066],[4.99718,43.40236],[5.00084,43.39817],[4.9947,43.39422],[4.99067,43.39708],[4.99136,43.39527],[4.98938,43.39286],[4.98814,43.39548],[4.98724,43.39499],[4.98619,43.39297],[4.98854,43.39045],[4.99369,43.3886],[4.9903,43.38775],[4.99039,43.38626],[4.9931,43.38664],[4.99338,43.38506],[4.99678,43.38354],[4.99781,43.38035],[5.00095,43.37871],[5.00047,43.37567],[5.00653,43.37313],[5.00862,43.36943],[5.01431,43.36941],[5.01479,43.36838],[5.01013,43.36741],[5.01218,43.36659],[5.01033,43.36552],[5.02861,43.36459],[5.02797,43.37146],[5.02474,43.37722],[5.02552,43.38462],[5.01423,43.3841],[5.0123,43.38517],[5.01454,43.38819],[5.01265,43.39146],[5.00988,43.39168],[5.01196,43.39302],[5.01076,43.39571],[5.03777,43.39744],[5.04375,43.40058],[5.04264,43.40191]]],[[[4.98654,43.3941],[4.9851,43.39405],[4.98624,43.39313],[4.98654,43.3941]]]]},"properties":{"code_territoire":"iris130560120","libelle_territoire":"Lavéra"}},
{"type":"Feature","geometry":{"type":"Polygon","coordinates":[[[4.77287,43.78238],[4.77011,43.78631],[4.76763,43.79623],[4.75456,43.78997],[4.75906,43.78125],[4.77287,43.78238]]]},"properties":{"code_territoire":"iris130570000","libelle_territoire":"Mas-Blanc-des-Alpilles (commune non irisée)"}},
{"type":"Feature","geometry":{"type":"Polygon","coordinates":[[[4.88337,43.73347],[4.86939,43.73466],[4.86536,43.73639],[4.86099,43.74178],[4.85856,43.74173],[4.85649,43.74425],[4.85693,43.75],[4.85495,43.74987],[4.85086,43.75314],[4.83248,43.75324],[4.83052,43.75139],[4.83298,43.74962],[4.83063,43.74611],[4.8432,43.74182],[4.84032,43.73762],[4.84248,43.73464],[4.84003,43.73226],[4.83508,43.73169],[4.83247,43.72869],[4.82008,43.72973],[4.80382,43.72861],[4.79741,43.73022],[4.79693,43.72788],[4.79868,43.72652],[4.79513,43.71703],[4.79767,43.71524],[4.79549,43.70539],[4.79995,43.69932],[4.79213,43.68118],[4.79968,43.67844],[4.80504,43.68019],[4.82344,43.67994],[4.82961,43.69005],[4.83521,43.69176],[4.84918,43.6926],[4.85108,43.69854],[4.84937,43.69973],[4.85653,43.7026],[4.85619,43.70706],[4.85893,43.7081],[4.86147,43.71228],[4.87047,43.71678],[4.87083,43.71884],[4.87702,43.71957],[4.88095,43.72261],[4.88387,43.72874],[4.88337,43.73347]]]},"properties":{"code_territoire":"iris130580000","libelle_territoire":"Maussane-les-Alpilles (commune non irisée)"}},
{"type":"Feature","geometry":{"type":"Polygon","coordinates":[[[5.54988,43.6598],[5.54391,43.6609],[5.53232,43.65917],[5.50377,43.66573],[5.48772,43.66757],[5.48566,43.6544],[5.47945,43.64879],[5.48243,43.64802],[5.48303,43.64133],[5.48124,43.63601],[5.48498,43.63502],[5.48456,43.63152],[5.48143,43.6308],[5.48061,43.62747],[5.47654,43.62352],[5.48685,43.61588],[5.4888,43.61616],[5.48796,43.61287],[5.50801,43.60878],[5.5112,43.60713],[5.52256,43.59222],[5.53497,43.5814],[5.54257,43.58072],[5.54607,43.58163],[5.54855,43.5783],[5.55763,43.57961],[5.56078,43.57847],[5.56354,43.58136],[5.58765,43.59038],[5.57187,43.5957],[5.57067,43.59846],[5.56248,43.59954],[5.55867,43.60333],[5.55609,43.60217],[5.55295,43.60347],[5.55032,43.60947],[5.54746,43.61105],[5.54666,43.61947],[5.54495,43.6213],[5.54593,43.62435],[5.53858,43.6295],[5.54112,43.63481],[5.54469,43.63724],[5.54347,43.64206],[5.54988,43.6598]]]},"properties":{"code_territoire":"iris130590000","libelle_territoire":"Meyrargues (commune non irisée)"}},
{"type":"Feature","geometry":{"type":"Polygon","coordinates":[[[5.53272,43.48296],[5.53692,43.5044],[5.53169,43.50548],[5.52672,43.50477],[5.51548,43.50707],[5.51018,43.50658],[5.50964,43.50816],[5.5039,43.51002],[5.50011,43.50722],[5.49597,43.50789],[5.4918,43.50641],[5.48595,43.51052],[5.47947,43.51253],[5.47554,43.5108],[5.47217,43.51173],[5.46956,43.51187],[5.46942,43.5082],[5.46553,43.50667],[5.46619,43.50429],[5.4635,43.50177],[5.46546,43.49673],[5.47123,43.49179],[5.46909,43.48901],[5.47,43.48784],[5.47616,43.48776],[5.48264,43.48085],[5.48199,43.471],[5.49613,43.46327],[5.50358,43.46843],[5.5096,43.46976],[5.50864,43.47165],[5.52219,43.47512],[5.53003,43.48329],[5.53272,43.48296]]]},"properties":{"code_territoire":"iris130600000","libelle_territoire":"Meyreuil (commune non irisée)"}},
{"type":"Feature","geometry":{"type":"Polygon","coordinates":[[[4.66667,43.84723],[4.66811,43.84754],[4.67425,43.85961],[4.66746,43.86098],[4.66236,43.87084],[4.66001,43.87597],[4.65053,43.8698],[4.64208,43.86753],[4.64312,43.86327],[4.64838,43.85901],[4.64731,43.85675],[4.64304,43.8546],[4.64126,43.85111],[4.64506,43.84989],[4.65158,43.85242],[4.66023,43.85323],[4.66529,43.85097],[4.66667,43.84723]]]},"properties":{"code_territoire":"iris130610000","libelle_territoire":"Saint-Pierre-de-Mézoargues (commune non irisée)"}},
{"type":"Feature","geometry":{"type":"Polygon","coordinates":[[[5.5333,43.41653],[5.53605,43.41907],[5.53364,43.421],[5.53669,43.42178],[5.53687,43.42395],[5.53095,43.42834],[5.52948,43.44014],[5.51883,43.42886],[5.50819,43.43033],[5.50664,43.42839],[5.50225,43.42794],[5.48984,43.43169],[5.48584,43.43202],[5.4829,43.42938],[5.47522,43.43162],[5.46826,43.43119],[5.46611,43.42881],[5.46433,43.43008],[5.46323,43.42834],[5.46694,43.42538],[5.46711,43.42024],[5.47692,43.41423],[5.47872,43.41042],[5.47913,43.40843],[5.47583,43.40432],[5.47689,43.3995],[5.47486,43.39768],[5.47534,43.39145],[5.47984,43.38536],[5.48853,43.3846],[5.50443,43.38806],[5.50719,43.39564],[5.51423,43.402],[5.51297,43.40616],[5.51834,43.40711],[5.52808,43.41684],[5.5333,43.41653]]]},"properties":{"code_territoire":"iris130620000","libelle_territoire":"Mimet (commune non irisée)"}},
{"type":"Feature","geometry":{"type":"Polygon","coordinates":[[[5.00208,43.57172],[5.01041,43.57344],[5.0132,43.57686],[5.01478,43.57658],[5.01508,43.57836],[5.01857,43.57797],[5.02219,43.58044],[5.01937,43.58569],[5.02076,43.58581],[5.02111,43.58898],[5.0155,43.59058],[5.01376,43.59024],[5.0134,43.58529],[5.00735,43.58667],[5.00531,43.58274],[5.00661,43.58131],[5.00334,43.581],[5.00848,43.57724],[5.00811,43.57471],[5.00539,43.57266],[5.00208,43.57172]]]},"properties":{"code_territoire":"iris130630101","libelle_territoire":"Chiron-Saint-Suspi"}},
{"type":"Feature","geometry":{"type":"Polygon","coordinates":[[[5.00673,43.59852],[5.00661,43.59529],[5.01116,43.59463],[5.00932,43.60055],[5.00673,43.59852]]]},"properties":{"code_territoire":"iris130630102","libelle_territoire":"La Rousse 3"}},
{"type":"Feature","geometry":{"type":"Polygon","coordinates":[[[5.00952,43.59095],[5.01116,43.59463],[5.00661,43.59529],[5.00673,43.59852],[5.00556,43.59859],[5.0039,43.59162],[5.00952,43.59095]]]},"properties":{"code_territoire":"iris130630103","libelle_territoire":"La Rousse 2"}},
{"type":"Feature","geometry":{"type":"Polygon","coordinates":[[[5.0039,43.59162],[5.00556,43.59859],[4.99786,43.59408],[4.99851,43.5905],[4.99406,43.59041],[4.99385,43.58844],[4.99637,43.58616],[5.00202,43.58505],[5.00286,43.58754],[5.0039,43.59162]]]},"properties":{"code_territoire":"iris130630104","libelle_territoire":"Molières-Chantegrive"}},
{"type":"Feature","geometry":{"type":"Polygon","coordinates":[[[5.00286,43.58754],[5.0073,43.58672],[5.00952,43.59095],[5.0039,43.59162],[5.00286,43.58754]]]},"properties":{"code_territoire":"iris130630105","libelle_territoire":"La Rousse 1"}},
{"type":"Feature","geometry":{"type":"Polygon","coordinates":[[[4.99393,43.58136],[5.00085,43.58099],[5.00334,43.581],[5.00661,43.58131],[5.00531,43.58274],[5.00735,43.58667],[5.0073,43.58672],[5.00286,43.58754],[5.00202,43.58505],[4.99637,43.58616],[4.99393,43.58136]]]},"properties":{"code_territoire":"iris130630106","libelle_territoire":"Miramas Centre"}},
{"type":"Feature","geometry":{"type":"Polygon","coordinates":[[[5.00334,43.581],[5.00085,43.58099],[4.99717,43.57647],[5.00539,43.57266],[5.00811,43.57471],[5.00848,43.57724],[5.00334,43.581]]]},"properties":{"code_territoire":"iris130630107","libelle_territoire":"Carraire"}},
{"type":"Feature","geometry":{"type":"Polygon","coordinates":[[[4.99837,43.571],[5.00208,43.57172],[5.00539,43.57266],[4.99717,43.57647],[5.00085,43.58099],[4.99393,43.58136],[4.99097,43.58151],[4.99133,43.58119],[4.99305,43.57962],[4.99145,43.57675],[4.99837,43.571]]]},"properties":{"code_territoire":"iris130630108","libelle_territoire":"Mas Neuf-Monteau"}},
{"type":"Feature","geometry":{"type":"Polygon","coordinates":[[[5.00824,43.6051],[4.98819,43.59497],[4.98655,43.5915],[4.99385,43.58844],[4.99406,43.59041],[4.99851,43.5905],[4.99786,43.59408],[5.00556,43.59859],[5.00673,43.59852],[5.00932,43.60055],[5.01116,43.59463],[5.00952,43.59095],[5.0073,43.58672],[5.00735,43.58667],[5.0134,43.58529],[5.01376,43.59024],[5.0155,43.59058],[5.02111,43.58898],[5.02076,43.58581],[5.01937,43.58569],[5.02219,43.58044],[5.01857,43.57797],[5.01508,43.57836],[5.01478,43.57658],[5.0132,43.57686],[5.01041,43.57344],[5.00208,43.57172],[4.99837,43.571],[5.00742,43.56372],[5.00139,43.55426],[5.00247,43.55019],[5.00796,43.55165],[5.0098,43.55667],[5.01422,43.55549],[5.01811,43.55591],[5.01564,43.55661],[5.01785,43.55693],[5.01853,43.55563],[5.01834,43.55657],[5.02023,43.55618],[5.01999,43.55785],[5.02271,43.55663],[5.02711,43.55755],[5.03,43.55669],[5.03053,43.55816],[5.03314,43.55802],[5.03358,43.56175],[5.03833,43.56454],[5.0382,43.56809],[5.0454,43.5693],[5.05005,43.56137],[5.06266,43.55843],[5.05695,43.57217],[5.0546,43.57391],[5.05318,43.57298],[5.05315,43.57503],[5.0503,43.57558],[5.04681,43.57918],[5.04724,43.58806],[5.04363,43.59228],[5.03882,43.59191],[5.01823,43.60477],[5.01119,43.6065],[5.00824,43.6051]]]},"properties":{"code_territoire":"iris130630109","libelle_territoire":"Campagne"}},
{"type":"Feature","geometry":{"type":"Polygon","coordinates":[[[4.99097,43.58151],[4.99393,43.58136],[4.99637,43.58616],[4.99385,43.58844],[4.98655,43.5915],[4.98819,43.59497],[5.00824,43.6051],[4.9888,43.61809],[4.97823,43.61626],[4.98032,43.61049],[4.98013,43.60323],[4.96695,43.60096],[4.99097,43.58151]]]},"properties":{"code_territoire":"iris130630110","libelle_territoire":"Plate-Forme"}},
{"type":"Feature","geometry":{"type":"Polygon","coordinates":[[[4.9243,43.79924],[4.92682,43.79687],[4.93451,43.79568],[4.93711,43.79119],[4.9447,43.79141],[4.94558,43.78686],[4.962,43.78957],[4.96679,43.79202],[4.98456,43.80161],[4.97278,43.81989],[4.93972,43.81802],[4.92192,43.81313],[4.90855,43.81213],[4.90964,43.80296],[4.91519,43.80334],[4.9243,43.79924]]]},"properties":{"code_territoire":"iris130640000","libelle_territoire":"Mollégès (commune non irisée)"}},
{"type":"Feature","geometry":{"type":"Polygon","coordinates":[[[4.9265,43.68672],[4.92223,43.6978],[4.92967,43.71197],[4.92254,43.73106],[4.91728,43.7376],[4.9111,43.73938],[4.90795,43.7385],[4.89309,43.74056],[4.88757,43.73932],[4.88535,43.7344],[4.88337,43.73347],[4.88387,43.72874],[4.88095,43.72261],[4.87702,43.71957],[4.87083,43.71884],[4.87047,43.71678],[4.86147,43.71228],[4.85893,43.7081],[4.85619,43.70706],[4.85653,43.7026],[4.84937,43.69973],[4.85108,43.69854],[4.84918,43.6926],[4.83521,43.69176],[4.82961,43.69005],[4.82344,43.67994],[4.83117,43.67973],[4.8411,43.68163],[4.85012,43.67919],[4.86794,43.67792],[4.87678,43.67878],[4.89943,43.67103],[4.91522,43.67016],[4.92643,43.6719],[4.93283,43.67054],[4.9265,43.68672]]]},"properties":{"code_territoire":"iris130650000","libelle_territoire":"Mouriès (commune non irisée)"}},
{"type":"Feature","geometry":{"type":"Polygon","coordinates":[[[4.93046,43.88443],[4.92519,43.88658],[4.90769,43.88647],[4.90228,43.88823],[4.88117,43.90169],[4.87963,43.88722],[4.87876,43.86741],[4.88197,43.86],[4.88335,43.85982],[4.88176,43.84639],[4.86859,43.82985],[4.88051,43.82104],[4.90774,43.81828],[4.90724,43.82175],[4.91301,43.82376],[4.91058,43.82944],[4.90638,43.83401],[4.90879,43.83895],[4.90494,43.84681],[4.90787,43.84765],[4.9093,43.84672],[4.91333,43.84879],[4.92559,43.85154],[4.93192,43.85336],[4.93056,43.85596],[4.9252,43.85861],[4.92507,43.86382],[4.921,43.8678],[4.93359,43.8724],[4.93508,43.87974],[4.93046,43.88443]]]},"properties":{"code_territoire":"iris130660000","libelle_territoire":"Noves (commune non irisée)"}},
{"type":"Feature","geometry":{"type":"Polygon","coordinates":[[[5.09075,43.77207],[5.04981,43.78873],[5.04487,43.79213],[5.04291,43.80649],[5.03547,43.81999],[5.02899,43.81554],[5.0255,43.81014],[5.02379,43.8106],[5.01614,43.80359],[5.01524,43.80431],[5.01262,43.80228],[5.00844,43.80422],[5.00552,43.80062],[4.96806,43.79102],[4.98128,43.78046],[4.9978,43.75205],[4.99775,43.7489],[5.01806,43.74992],[5.02319,43.75331],[5.02656,43.75344],[5.02982,43.75247],[5.03427,43.75423],[5.04974,43.7629],[5.04902,43.76544],[5.05252,43.76659],[5.05789,43.76784],[5.05993,43.76442],[5.06713,43.76365],[5.09075,43.77207]]]},"properties":{"code_territoire":"iris130670000","libelle_territoire":"Orgon (commune non irisée)"}},
{"type":"Feature","geometry":{"type":"Polygon","coordinates":[[[4.77747,43.68403],[4.78455,43.68382],[4.79213,43.68118],[4.79995,43.69932],[4.79549,43.70539],[4.79767,43.71524],[4.79513,43.71703],[4.79868,43.72652],[4.79693,43.72788],[4.79741,43.73022],[4.78982,43.73291],[4.7824,43.73295],[4.77687,43.73271],[4.77298,43.72892],[4.76686,43.72907],[4.76251,43.72389],[4.75129,43.71928],[4.75406,43.70951],[4.75855,43.70338],[4.75852,43.69587],[4.75886,43.69201],[4.76651,43.69239],[4.76685,43.6884],[4.77747,43.68403]]]},"properties":{"code_territoire":"iris130680000","libelle_territoire":"Paradou (commune non irisée)"}},
{"type":"Feature","geometry":{"type":"Polygon","coordinates":[[[5.14674,43.65196],[5.14454,43.65215],[5.14416,43.6474],[5.14588,43.63952],[5.1545,43.6413],[5.15064,43.63313],[5.15061,43.63231],[5.15609,43.63336],[5.1559,43.63036],[5.1658,43.62835],[5.16858,43.62803],[5.16981,43.63132],[5.18095,43.63403],[5.17935,43.63815],[5.18272,43.64144],[5.18375,43.64587],[5.18175,43.64768],[5.18114,43.65764],[5.17844,43.65895],[5.16859,43.65352],[5.16587,43.65406],[5.163,43.65212],[5.15222,43.65045],[5.14674,43.65196]]]},"properties":{"code_territoire":"iris130690102","libelle_territoire":"Nord"}},
{"type":"Feature","geometry":{"type":"Polygon","coordinates":[[[5.1658,43.62835],[5.1559,43.63036],[5.15609,43.63336],[5.15061,43.63231],[5.15064,43.63313],[5.14756,43.63328],[5.14624,43.63184],[5.14703,43.62978],[5.14872,43.6296],[5.14581,43.62906],[5.14639,43.62397],[5.15073,43.62605],[5.15362,43.62016],[5.16581,43.62463],[5.1658,43.62835]]]},"properties":{"code_territoire":"iris130690101","libelle_territoire":"Centre"}},
{"type":"Feature","geometry":{"type":"Polygon","coordinates":[[[5.13192,43.62925],[5.13387,43.62628],[5.12991,43.62624],[5.12747,43.62467],[5.12998,43.62211],[5.1368,43.62151],[5.14001,43.61908],[5.13871,43.61353],[5.16478,43.61056],[5.19632,43.60112],[5.19804,43.60773],[5.19124,43.61578],[5.18704,43.61661],[5.18563,43.61845],[5.17756,43.62012],[5.17094,43.62432],[5.16581,43.62463],[5.15362,43.62016],[5.15073,43.62605],[5.14639,43.62397],[5.14581,43.62906],[5.14872,43.6296],[5.14703,43.62978],[5.14624,43.63184],[5.14756,43.63328],[5.15064,43.63313],[5.1545,43.6413],[5.14588,43.63952],[5.14416,43.6474],[5.14454,43.65215],[5.14674,43.65196],[5.13929,43.65395],[5.13443,43.64772],[5.12785,43.64436],[5.12936,43.64182],[5.12756,43.64133],[5.12868,43.63511],[5.13103,43.63399],[5.13192,43.62925]]]},"properties":{"code_territoire":"iris130690103","libelle_territoire":"Sud-Est-Ouest"}},
{"type":"Feature","geometry":{"type":"Polygon","coordinates":[[[5.50519,43.27729],[5.51689,43.27622],[5.51845,43.27512],[5.51914,43.27803],[5.51605,43.28126],[5.51223,43.28103],[5.50764,43.28276],[5.50534,43.28317],[5.50519,43.27729]]]},"properties":{"code_territoire":"iris130700101","libelle_territoire":"Ouest"}},
{"type":"Feature","geometry":{"type":"Polygon","coordinates":[[[5.53065,43.27442],[5.5288,43.27755],[5.52636,43.27802],[5.52497,43.27604],[5.52547,43.27903],[5.51605,43.28126],[5.51914,43.27803],[5.51845,43.27512],[5.51689,43.27622],[5.50519,43.27729],[5.50707,43.27371],[5.51094,43.26852],[5.51439,43.2677],[5.517,43.26848],[5.52145,43.26666],[5.5323,43.26843],[5.53065,43.27442]]]},"properties":{"code_territoire":"iris130700102","libelle_territoire":"Sud"}},
{"type":"Feature","geometry":{"type":"Polygon","coordinates":[[[5.50764,43.28276],[5.51223,43.28103],[5.51605,43.28126],[5.52547,43.27903],[5.52497,43.27604],[5.52636,43.27802],[5.5288,43.27755],[5.53065,43.27442],[5.53089,43.27902],[5.53048,43.28274],[5.53022,43.28425],[5.53234,43.28533],[5.52033,43.28183],[5.52046,43.28689],[5.51887,43.28611],[5.5186,43.28693],[5.5184,43.28795],[5.51293,43.28888],[5.51238,43.28719],[5.51109,43.28222],[5.50764,43.28276]]]},"properties":{"code_territoire":"iris130700103","libelle_territoire":"Centre et Nord"}},
{"type":"Feature","geometry":{"type":"Polygon","coordinates":[[[5.34849,43.42031],[5.35016,43.41484],[5.32585,43.41068],[5.3262,43.40872],[5.33888,43.4053],[5.33249,43.40663],[5.33022,43.40679],[5.33372,43.4017],[5.3389,43.40173],[5.33813,43.4033],[5.34068,43.40283],[5.34571,43.4032],[5.34497,43.40582],[5.34784,43.4088],[5.36261,43.40862],[5.36624,43.41057],[5.37313,43.4122],[5.37928,43.41462],[5.37494,43.41999],[5.36658,43.42013],[5.36084,43.41701],[5.35842,43.41772],[5.35554,43.422],[5.34849,43.42031]]]},"properties":{"code_territoire":"iris130710101","libelle_territoire":"Cd6-Plan de Campagne"}},
{"type":"Feature","geometry":{"type":"Polygon","coordinates":[[[5.29491,43.42552],[5.29601,43.42411],[5.30648,43.42574],[5.31315,43.42074],[5.31668,43.42062],[5.31948,43.41311],[5.31097,43.41098],[5.31035,43.40997],[5.31794,43.41081],[5.33249,43.40663],[5.33888,43.4053],[5.3262,43.40872],[5.32585,43.41068],[5.35016,43.41484],[5.34849,43.42031],[5.34419,43.4193],[5.32621,43.42821],[5.31079,43.43156],[5.30119,43.43282],[5.29695,43.43194],[5.29491,43.42945],[5.29491,43.42552]]]},"properties":{"code_territoire":"iris130710102","libelle_territoire":"Barnoins-Village"}},
{"type":"Feature","geometry":{"type":"Polygon","coordinates":[[[5.29029,43.41959],[5.30364,43.41197],[5.31097,43.41098],[5.31948,43.41311],[5.31668,43.42062],[5.31315,43.42074],[5.30648,43.42574],[5.29601,43.42411],[5.29491,43.42552],[5.29327,43.42109],[5.29029,43.41959]]]},"properties":{"code_territoire":"iris130710103","libelle_territoire":"Font Blanche-Repos"}},
{"type":"Feature","geometry":{"type":"Polygon","coordinates":[[[5.27127,43.39165],[5.28024,43.39385],[5.28889,43.39866],[5.29738,43.40031],[5.30275,43.40313],[5.29872,43.40433],[5.30006,43.40678],[5.31035,43.40997],[5.31097,43.41098],[5.30364,43.41197],[5.29029,43.41959],[5.28783,43.42057],[5.27912,43.41975],[5.27495,43.41888],[5.27434,43.41573],[5.27265,43.40516],[5.2651,43.40106],[5.27127,43.39165]]]},"properties":{"code_territoire":"iris130710104","libelle_territoire":"Pallières-Plan des Pennes"}},
{"type":"Feature","geometry":{"type":"Polygon","coordinates":[[[5.34068,43.40283],[5.33813,43.4033],[5.3389,43.40173],[5.33372,43.4017],[5.33801,43.40053],[5.33649,43.39894],[5.34035,43.39805],[5.3417,43.3908],[5.3447,43.38678],[5.34485,43.38349],[5.34823,43.38015],[5.35101,43.3797],[5.35338,43.37633],[5.35367,43.37689],[5.35346,43.37704],[5.35039,43.3825],[5.34504,43.39184],[5.34461,43.39913],[5.34068,43.40283]]]},"properties":{"code_territoire":"iris130710105","libelle_territoire":"Cadeneaux Est"}},
{"type":"Feature","geometry":{"type":"Polygon","coordinates":[[[5.33639,43.38774],[5.33473,43.38509],[5.33705,43.38534],[5.34035,43.38192],[5.34291,43.38211],[5.3417,43.37903],[5.34441,43.37864],[5.34823,43.38015],[5.34485,43.38349],[5.3447,43.38678],[5.34237,43.38644],[5.34284,43.38304],[5.33639,43.38774]]]},"properties":{"code_territoire":"iris130710106","libelle_territoire":"Haute Gavotte"}},
{"type":"Feature","geometry":{"type":"Polygon","coordinates":[[[5.27878,43.38045],[5.2812,43.3803],[5.28155,43.38194],[5.2859,43.38342],[5.28576,43.38439],[5.2929,43.38513],[5.29724,43.38896],[5.29893,43.38705],[5.30246,43.38672],[5.30397,43.38108],[5.30942,43.38205],[5.31278,43.37819],[5.31703,43.37701],[5.31929,43.37315],[5.31849,43.37042],[5.32047,43.36848],[5.322,43.3682],[5.32639,43.37208],[5.32922,43.37157],[5.33225,43.37148],[5.33709,43.37526],[5.33639,43.37679],[5.33921,43.37714],[5.3417,43.37903],[5.34291,43.38211],[5.34035,43.38192],[5.33705,43.38534],[5.33473,43.38509],[5.33639,43.38774],[5.33259,43.39088],[5.33875,43.39387],[5.33522,43.39677],[5.33649,43.39894],[5.33801,43.40053],[5.33372,43.4017],[5.33022,43.40679],[5.33249,43.40663],[5.31794,43.41081],[5.31035,43.40997],[5.30006,43.40678],[5.29872,43.40433],[5.30275,43.40313],[5.29738,43.40031],[5.28889,43.39866],[5.28024,43.39385],[5.27127,43.39165],[5.27136,43.39118],[5.27562,43.38889],[5.27878,43.38045]]]},"properties":{"code_territoire":"iris130710107","libelle_territoire":"Jas de Rhodes-Grande Colle"}},
{"type":"Feature","geometry":{"type":"Polygon","coordinates":[[[5.3447,43.38678],[5.3417,43.3908],[5.34035,43.39805],[5.33649,43.39894],[5.33522,43.39677],[5.33875,43.39387],[5.33259,43.39088],[5.33639,43.38774],[5.34284,43.38304],[5.34237,43.38644],[5.3447,43.38678]]]},"properties":{"code_territoire":"iris130710108","libelle_territoire":"Cadeneaux Ouest"}},
{"type":"Feature","geometry":{"type":"Polygon","coordinates":[[[5.35367,43.37689],[5.35338,43.37633],[5.35101,43.3797],[5.34823,43.38015],[5.34441,43.37864],[5.3417,43.37903],[5.33921,43.37714],[5.34435,43.37519],[5.35257,43.37435],[5.35568,43.37462],[5.35367,43.37689]]]},"properties":{"code_territoire":"iris130710109","libelle_territoire":"Basse Gavotte"}},
{"type":"Feature","geometry":{"type":"Polygon","coordinates":[[[5.65325,43.46355],[5.65232,43.46638],[5.6497,43.46862],[5.64773,43.46788],[5.64686,43.46966],[5.6419,43.46862],[5.64048,43.46605],[5.63119,43.46702],[5.6288,43.46608],[5.62823,43.46867],[5.62284,43.46809],[5.61946,43.47102],[5.61734,43.46995],[5.61573,43.46604],[5.61121,43.46352],[5.60983,43.4594],[5.60705,43.46009],[5.59115,43.45266],[5.58759,43.44274],[5.59269,43.44001],[5.59785,43.43937],[5.60449,43.43189],[5.60641,43.42337],[5.61139,43.41613],[5.61039,43.4119],[5.61381,43.41107],[5.61445,43.40968],[5.62747,43.40977],[5.63628,43.40687],[5.63908,43.40403],[5.65041,43.42107],[5.64843,43.4488],[5.65325,43.46355]]]},"properties":{"code_territoire":"iris130720000","libelle_territoire":"Peynier (commune non irisée)"}},
{"type":"Feature","geometry":{"type":"Polygon","coordinates":[[[5.54466,43.39076],[5.55417,43.38576],[5.55269,43.38483],[5.55744,43.38062],[5.56317,43.35845],[5.5657,43.35666],[5.57247,43.36077],[5.58078,43.36205],[5.58741,43.36659],[5.58678,43.37187],[5.59075,43.37441],[5.59135,43.37992],[5.59445,43.38465],[5.59206,43.38758],[5.59525,43.39139],[5.58976,43.39171],[5.58686,43.39369],[5.58559,43.39299],[5.58548,43.39859],[5.58178,43.40497],[5.57778,43.40336],[5.57092,43.40656],[5.56822,43.40527],[5.56506,43.40576],[5.5615,43.41016],[5.55938,43.40757],[5.55594,43.40505],[5.55441,43.40401],[5.55621,43.4027],[5.55553,43.40018],[5.54466,43.39076]]]},"properties":{"code_territoire":"iris130730000","libelle_territoire":"Peypin (commune non irisée)"}},
{"type":"Feature","geometry":{"type":"Polygon","coordinates":[[[5.58765,43.59038],[5.60061,43.5913],[5.61409,43.59435],[5.61239,43.59777],[5.60632,43.60075],[5.60421,43.60732],[5.60094,43.61119],[5.60401,43.61308],[5.6046,43.61639],[5.60502,43.62511],[5.60246,43.62659],[5.6058,43.63069],[5.60418,43.63358],[5.60505,43.63792],[5.60674,43.63896],[5.60559,43.64653],[5.60896,43.65119],[5.61166,43.65148],[5.61006,43.65266],[5.6123,43.6538],[5.60832,43.65462],[5.6071,43.65872],[5.57513,43.66209],[5.54988,43.6598],[5.54347,43.64206],[5.54469,43.63724],[5.54112,43.63481],[5.53858,43.6295],[5.54593,43.62435],[5.54495,43.6213],[5.54666,43.61947],[5.54746,43.61105],[5.55032,43.60947],[5.55295,43.60347],[5.55609,43.60217],[5.55867,43.60333],[5.56248,43.59954],[5.57067,43.59846],[5.57187,43.5957],[5.58765,43.59038]]]},"properties":{"code_territoire":"iris130740000","libelle_territoire":"Peyrolles-en-Provence (commune non irisée)"}},
{"type":"Feature","geometry":{"type":"Polygon","coordinates":[[[5.46395,43.34439],[5.46589,43.34679],[5.46373,43.34745],[5.46025,43.34809],[5.457,43.34628],[5.46395,43.34439]]]},"properties":{"code_territoire":"iris130750101","libelle_territoire":"Centre"}},
{"type":"Feature","geometry":{"type":"Polygon","coordinates":[[[5.4701,43.34248],[5.46395,43.34439],[5.457,43.34628],[5.45259,43.3466],[5.45023,43.33911],[5.45226,43.33681],[5.45503,43.33571],[5.45729,43.33615],[5.46225,43.33986],[5.4659,43.34087],[5.46654,43.33968],[5.4701,43.34248]]]},"properties":{"code_territoire":"iris130750102","libelle_territoire":"Sud"}},
{"type":"Feature","geometry":{"type":"Polygon","coordinates":[[[5.4765,43.35192],[5.47265,43.35162],[5.46881,43.3492],[5.46789,43.35196],[5.46358,43.35202],[5.4659,43.34847],[5.46373,43.34745],[5.46589,43.34679],[5.46395,43.34439],[5.4701,43.34248],[5.47085,43.34526],[5.47452,43.34599],[5.47329,43.34727],[5.47267,43.34944],[5.47659,43.35033],[5.4765,43.35192]]]},"properties":{"code_territoire":"iris130750103","libelle_territoire":"Est"}},
{"type":"Feature","geometry":{"type":"Polygon","coordinates":[[[5.45259,43.3466],[5.457,43.34628],[5.46025,43.34809],[5.46373,43.34745],[5.4659,43.34847],[5.46358,43.35202],[5.46789,43.35196],[5.46252,43.35745],[5.4528,43.34712],[5.45259,43.3466]]]},"properties":{"code_territoire":"iris130750104","libelle_territoire":"Ouest"}},
{"type":"Feature","geometry":{"type":"Polygon","coordinates":[[[5.47534,43.39145],[5.46886,43.39054],[5.4679,43.39261],[5.46346,43.38728],[5.45697,43.38997],[5.45342,43.38797],[5.44751,43.38699],[5.45165,43.3811],[5.46468,43.36012],[5.46252,43.35745],[5.46789,43.35196],[5.46881,43.3492],[5.47265,43.35162],[5.4765,43.35192],[5.47188,43.36171],[5.47337,43.36512],[5.47258,43.36931],[5.47774,43.37804],[5.4769,43.38146],[5.48018,43.38373],[5.47984,43.38536],[5.47534,43.39145]]]},"properties":{"code_territoire":"iris130750105","libelle_territoire":"Nord"}},
{"type":"Feature","geometry":{"type":"Polygon","coordinates":[[[4.96679,43.79202],[4.96806,43.79102],[5.00552,43.80062],[5.00844,43.80422],[5.01262,43.80228],[5.01524,43.80431],[5.01614,43.80359],[5.02379,43.8106],[5.0255,43.81014],[5.02899,43.81554],[5.03547,43.81999],[5.03002,43.82735],[4.99734,43.845],[4.99232,43.83881],[4.98996,43.82347],[4.97278,43.81989],[4.98456,43.80161],[4.96679,43.79202]]]},"properties":{"code_territoire":"iris130760000","libelle_territoire":"Plan-d'Orgon (commune non irisée)"}},
{"type":"Feature","geometry":{"type":"Polygon","coordinates":[[[4.98268,43.40319],[4.97721,43.40704],[4.97688,43.40457],[4.97369,43.40209],[4.98193,43.39645],[4.98464,43.39599],[4.98497,43.3965],[4.98391,43.39804],[4.98455,43.39671],[4.98224,43.39703],[4.98203,43.40028],[4.98377,43.40224],[4.98268,43.40319]]]},"properties":{"code_territoire":"iris130770101","libelle_territoire":"La Lèque"}},
{"type":"Feature","geometry":{"type":"Polygon","coordinates":[[[4.99324,43.40488],[4.98959,43.40664],[4.99632,43.40761],[4.99499,43.40765],[4.98714,43.40713],[4.98109,43.40818],[4.9762,43.4128],[4.97443,43.41224],[4.97721,43.40704],[4.98268,43.40319],[4.9844,43.40461],[4.98485,43.40333],[4.98622,43.40339],[4.9844,43.40215],[4.98572,43.40225],[4.9864,43.4032],[4.98679,43.40639],[4.98738,43.40239],[4.98868,43.40227],[4.98906,43.40494],[4.99324,43.40488]]]},"properties":{"code_territoire":"iris130770102","libelle_territoire":"Centre"}},
{"type":"Feature","geometry":{"type":"Polygon","coordinates":[[[4.9847,43.41241],[4.98234,43.41215],[4.98109,43.40818],[4.98714,43.40713],[4.98729,43.41061],[4.9847,43.41241]]]},"properties":{"code_territoire":"iris130770103","libelle_territoire":"Tassy Est"}},
{"type":"Feature","geometry":{"type":"Polygon","coordinates":[[[4.97443,43.41224],[4.9762,43.4128],[4.98109,43.40818],[4.98234,43.41215],[4.9847,43.41241],[4.98143,43.41323],[4.98249,43.41637],[4.97396,43.42237],[4.97219,43.42192],[4.9737,43.41757],[4.97143,43.41616],[4.97144,43.41411],[4.97443,43.41224]]]},"properties":{"code_territoire":"iris130770104","libelle_territoire":"Tassy Ouest"}},
{"type":"Feature","geometry":{"type":"Polygon","coordinates":[[[4.98088,43.44525],[4.97842,43.44405],[4.9782,43.44041],[4.98167,43.43233],[4.97807,43.42952],[4.97342,43.42839],[4.97522,43.42394],[4.97396,43.42237],[4.98249,43.41637],[4.98143,43.41323],[4.9847,43.41241],[4.9861,43.4139],[4.98714,43.41472],[4.9917,43.42123],[4.99303,43.41925],[4.99483,43.41993],[4.99424,43.42183],[4.99588,43.42286],[4.99371,43.42414],[5.00542,43.42791],[5.00825,43.42871],[5.00912,43.43182],[5.01935,43.43151],[5.02332,43.42888],[5.0273,43.42867],[5.02352,43.42969],[5.02148,43.43288],[5.01818,43.43946],[5.01299,43.43751],[5.00427,43.44069],[4.98088,43.44525]]]},"properties":{"code_territoire":"iris130770105","libelle_territoire":"Écarts"}},
{"type":"Feature","geometry":{"type":"Polygon","coordinates":[[[5.00542,43.42791],[4.99371,43.42414],[4.99588,43.42286],[4.99424,43.42183],[4.99483,43.41993],[4.99303,43.41925],[4.9917,43.42123],[4.98714,43.41472],[4.99312,43.41343],[5.00514,43.4137],[5.00427,43.42273],[5.00542,43.42791]]]},"properties":{"code_territoire":"iris130770106","libelle_territoire":"Saint-Jean Bergerie"}},
{"type":"Feature","geometry":{"type":"Polygon","coordinates":[[[4.98714,43.40713],[4.99499,43.40765],[4.98887,43.41063],[4.9861,43.4139],[4.9847,43.41241],[4.98729,43.41061],[4.98714,43.40713]]]},"properties":{"code_territoire":"iris130770107","libelle_territoire":"Les Comtes Ouest"}},
{"type":"Feature","geometry":{"type":"Polygon","coordinates":[[[5.00514,43.4137],[4.99312,43.41343],[4.98714,43.41472],[4.9861,43.4139],[4.98887,43.41063],[4.99499,43.40765],[4.99632,43.40761],[4.98959,43.40664],[4.99324,43.40488],[4.99435,43.40408],[4.99157,43.40384],[5.00446,43.40353],[5.00463,43.40443],[5.00362,43.40852],[5.00664,43.41015],[5.00514,43.4137]]]},"properties":{"code_territoire":"iris130770108","libelle_territoire":"Les Comtes Est"}},
{"type":"Feature","geometry":{"type":"MultiPolygon","coordinates":[[[[4.84511,43.402],[4.85028,43.398],[4.85331,43.39847],[4.84511,43.402]]],[[[4.83832,43.46257],[4.82266,43.47419],[4.81462,43.46853],[4.80887,43.47222],[4.80486,43.47841],[4.79644,43.47799],[4.79212,43.47447],[4.7849,43.47907],[4.77956,43.47952],[4.77015,43.47742],[4.76447,43.47462],[4.75264,43.46144],[4.7501,43.46174],[4.74582,43.45255],[4.73436,43.43427],[4.73387,43.42952],[4.73538,43.42693],[4.74513,43.41992],[4.75346,43.40907],[4.79738,43.38701],[4.79915,43.38896],[4.79352,43.39399],[4.80206,43.39994],[4.80376,43.39896],[4.81164,43.39341],[4.81545,43.39206],[4.81479,43.38863],[4.82179,43.38885],[4.82741,43.38725],[4.836,43.38781],[4.83841,43.39037],[4.84398,43.38855],[4.85399,43.38951],[4.85165,43.39019],[4.85587,43.39075],[4.85317,43.39127],[4.85334,43.39473],[4.84827,43.39158],[4.84197,43.39583],[4.84101,43.39457],[4.8368,43.39484],[4.83506,43.39925],[4.83782,43.39996],[4.84117,43.40377],[4.83346,43.40666],[4.8253,43.41178],[4.82147,43.41815],[4.81417,43.4182],[4.81846,43.42553],[4.83486,43.43968],[4.84368,43.45159],[4.82904,43.45633],[4.82907,43.46064],[4.83832,43.46257]]],[[[4.87844,43.35919],[4.87674,43.35956],[4.87758,43.35634],[4.87946,43.35738],[4.8799,43.35904],[4.87844,43.35919]]],[[[4.84156,43.33374],[4.84732,43.33483],[4.84896,43.33384],[4.85802,43.33393],[4.86263,43.33515],[4.86664,43.34133],[4.91576,43.37777],[4.91795,43.38075],[4.9181,43.38562],[4.91483,43.38945],[4.91052,43.38973],[4.91233,43.38956],[4.91481,43.38491],[4.9119,43.37633],[4.9011,43.37021],[4.90195,43.36863],[4.89575,43.36402],[4.89258,43.36457],[4.894,43.3626],[4.89078,43.36427],[4.89317,43.36197],[4.89162,43.36237],[4.89138,43.36075],[4.89023,43.36366],[4.88318,43.36375],[4.88571,43.35768],[4.88304,43.35514],[4.88059,43.35706],[4.87982,43.35569],[4.87757,43.35606],[4.8764,43.35986],[4.87342,43.36108],[4.86644,43.36929],[4.86463,43.36923],[4.86568,43.3649],[4.86052,43.36988],[4.85991,43.36714],[4.85824,43.36735],[4.85121,43.37672],[4.84973,43.37204],[4.847,43.37442],[4.84879,43.37044],[4.84439,43.37426],[4.84224,43.37452],[4.84235,43.37567],[4.8434,43.37473],[4.84211,43.37593],[4.84037,43.37448],[4.84095,43.37536],[4.82879,43.37571],[4.83565,43.37624],[4.83671,43.37776],[4.83929,43.37676],[4.83927,43.37804],[4.84096,43.37692],[4.84552,43.37877],[4.85032,43.37804],[4.84691,43.38083],[4.8472,43.3823],[4.84938,43.37998],[4.84836,43.38297],[4.85282,43.3873],[4.85583,43.38782],[4.85307,43.38796],[4.87169,43.39027],[4.84523,43.38786],[4.84173,43.38675],[4.84118,43.38496],[4.83911,43.38682],[4.83733,43.38509],[4.83534,43.38696],[4.82506,43.38574],[4.82175,43.3768],[4.8279,43.37425],[4.83833,43.36506],[4.83927,43.36775],[4.84119,43.36461],[4.84133,43.36177],[4.8341,43.36072],[4.83448,43.3434],[4.84156,43.33374]]],[[[4.87659,43.3672],[4.87357,43.36838],[4.87555,43.36211],[4.87659,43.3672]]],[[[4.8574,43.37756],[4.85836,43.37813],[4.85626,43.3776],[4.8574,43.37756]]]]},"properties":{"code_territoire":"iris130780101","libelle_territoire":"Malebarge"}},
{"type":"Feature","geometry":{"type":"Polygon","coordinates":[[[4.82741,43.38725],[4.82179,43.38885],[4.81479,43.38863],[4.81545,43.39206],[4.81164,43.39341],[4.81132,43.3907],[4.81028,43.39173],[4.80145,43.38731],[4.79915,43.38896],[4.79738,43.38701],[4.82256,43.37196],[4.8311,43.36862],[4.8341,43.36072],[4.84133,43.36177],[4.84119,43.36461],[4.83927,43.36775],[4.83833,43.36506],[4.8279,43.37425],[4.82175,43.3768],[4.82506,43.38574],[4.80955,43.3848],[4.80804,43.38404],[4.80898,43.38266],[4.80553,43.38599],[4.80948,43.38815],[4.81205,43.38576],[4.82741,43.38725]]]},"properties":{"code_territoire":"iris130780102","libelle_territoire":"Centre"}},
{"type":"Feature","geometry":{"type":"Polygon","coordinates":[[[4.79915,43.38896],[4.80066,43.39093],[4.8066,43.39295],[4.80464,43.39508],[4.79922,43.39247],[4.79789,43.39392],[4.80376,43.39896],[4.80206,43.39994],[4.79352,43.39399],[4.79915,43.38896]]]},"properties":{"code_territoire":"iris130780103","libelle_territoire":"Vauban"}},
{"type":"Feature","geometry":{"type":"Polygon","coordinates":[[[4.81164,43.39341],[4.80376,43.39896],[4.79789,43.39392],[4.79922,43.39247],[4.80464,43.39508],[4.8066,43.39295],[4.80066,43.39093],[4.79915,43.38896],[4.80145,43.38731],[4.81028,43.39173],[4.81132,43.3907],[4.81164,43.39341]]]},"properties":{"code_territoire":"iris130780104","libelle_territoire":"La Petite Vitesse"}},
{"type":"Feature","geometry":{"type":"Polygon","coordinates":[[[5.69885,43.48221],[5.69901,43.48545],[5.70254,43.48903],[5.70229,43.49615],[5.71198,43.49707],[5.7159,43.50354],[5.71135,43.50533],[5.71397,43.50884],[5.71248,43.51327],[5.71698,43.51721],[5.71746,43.53455],[5.72139,43.54371],[5.72014,43.54546],[5.72525,43.55117],[5.7147,43.55155],[5.7067,43.55625],[5.69327,43.55055],[5.68872,43.5452],[5.66592,43.53874],[5.6445,43.5391],[5.63713,43.5369],[5.62266,43.53553],[5.61834,43.53311],[5.61855,43.53165],[5.62263,43.52482],[5.63447,43.52347],[5.63797,43.52143],[5.6361,43.51464],[5.62819,43.51037],[5.63817,43.50434],[5.65434,43.49069],[5.65982,43.49135],[5.68168,43.48441],[5.69885,43.48221]]]},"properties":{"code_territoire":"iris130790000","libelle_territoire":"Puyloubier (commune non irisée)"}}
]}