{"type":"FeatureCollection", "features": [
{"type":"Feature","geometry":{"type":"Polygon","coordinates":[[[2.89338,45.24688],[2.88788,45.24299],[2.90089,45.23902],[2.9051,45.23229],[2.91552,45.22647],[2.91425,45.22415],[2.91107,45.22439],[2.9223,45.22101],[2.90881,45.21477],[2.91362,45.21187],[2.91245,45.20997],[2.91742,45.20397],[2.90825,45.19719],[2.90662,45.19342],[2.91064,45.19429],[2.90625,45.19085],[2.92616,45.18974],[2.9329,45.19242],[2.93574,45.19768],[2.94134,45.19824],[2.948,45.19356],[2.97656,45.20721],[2.98126,45.20754],[2.99321,45.21069],[2.99935,45.21695],[2.99129,45.21996],[2.98335,45.21954],[2.98299,45.22334],[2.9765,45.22347],[2.97532,45.22714],[2.97941,45.22826],[2.97678,45.2299],[2.97841,45.23261],[2.99054,45.23256],[2.99427,45.22993],[2.9941,45.23155],[2.99855,45.23157],[2.99777,45.22964],[3.00384,45.22655],[3.01077,45.22619],[3.0178,45.22818],[3.01872,45.23608],[3.02259,45.23476],[3.02173,45.23724],[3.02716,45.23865],[3.02702,45.24076],[3.03403,45.24654],[3.01177,45.25872],[2.99992,45.25649],[2.99557,45.24981],[2.97837,45.2491],[2.95656,45.26061],[2.95141,45.26736],[2.93935,45.26334],[2.93539,45.24987],[2.92991,45.24966],[2.92422,45.25388],[2.91824,45.25431],[2.91566,45.26186],[2.90939,45.26115],[2.91312,45.25758],[2.91021,45.2598],[2.89933,45.26129],[2.89664,45.25843],[2.89108,45.26374],[2.88816,45.2609],[2.89188,45.25841],[2.89702,45.24738],[2.89338,45.24688]]]},"properties":{"code_territoire":"iris150010000","libelle_territoire":"Allanche (commune non irisée)"}},
{"type":"Feature","geometry":{"type":"Polygon","coordinates":[[[3.14505,44.96954],[3.13831,44.97258],[3.13975,44.97551],[3.13549,44.97702],[3.13492,44.98126],[3.12531,44.98639],[3.11997,44.98501],[3.11219,44.99233],[3.10181,44.98875],[3.10248,44.98569],[3.09982,44.98825],[3.09168,44.98555],[3.09038,44.98708],[3.08692,44.98427],[3.08356,44.98141],[3.08753,44.97835],[3.08646,44.97684],[3.08125,44.97687],[3.07784,44.97316],[3.07141,44.97346],[3.06751,44.96437],[3.06794,44.96104],[3.07212,44.96107],[3.06294,44.9563],[3.06258,44.94746],[3.06713,44.94794],[3.06661,44.94593],[3.07525,44.94234],[3.07682,44.93758],[3.07518,44.93808],[3.07488,44.93547],[3.07717,44.93556],[3.08072,44.92941],[3.0822,44.93156],[3.08395,44.9308],[3.0829,44.92437],[3.07629,44.92157],[3.08787,44.9175],[3.10302,44.92601],[3.10631,44.93095],[3.09661,44.93448],[3.09372,44.94357],[3.10359,44.94108],[3.11735,44.951],[3.11734,44.95623],[3.12662,44.96167],[3.12559,44.96568],[3.12938,44.96871],[3.13345,44.96914],[3.13553,44.96421],[3.14505,44.96954]]]},"properties":{"code_territoire":"iris150020000","libelle_territoire":"Alleuze (commune non irisée)"}},
{"type":"Feature","geometry":{"type":"Polygon","coordinates":[[[2.34406,45.17616],[2.3408,45.17451],[2.34202,45.17084],[2.33897,45.17003],[2.34132,45.16864],[2.33922,45.16504],[2.34405,45.16434],[2.33818,45.16074],[2.33476,45.161],[2.33534,45.15918],[2.33413,45.16165],[2.33121,45.15999],[2.32623,45.16101],[2.32508,45.15938],[2.32297,45.16375],[2.32014,45.16298],[2.32143,45.16614],[2.31509,45.16543],[2.32317,45.17574],[2.3343,45.17446],[2.33963,45.1771],[2.33938,45.18023],[2.34015,45.18441],[2.33511,45.18893],[2.32796,45.19557],[2.32217,45.19585],[2.31998,45.19332],[2.31693,45.19762],[2.31251,45.19464],[2.30075,45.19721],[2.30217,45.19204],[2.29927,45.18153],[2.30616,45.17993],[2.30158,45.17895],[2.3043,45.17657],[2.29784,45.1714],[2.29768,45.16601],[2.29597,45.16508],[2.29508,45.1673],[2.28933,45.16411],[2.29324,45.16474],[2.29077,45.16168],[2.29328,45.16171],[2.29612,45.15721],[2.29248,45.15588],[2.29147,45.15187],[2.29433,45.15093],[2.29192,45.15093],[2.29106,45.14769],[2.29597,45.14671],[2.29705,45.14972],[2.30179,45.14858],[2.30131,45.14712],[2.29856,45.14875],[2.29601,45.14358],[2.30037,45.14006],[2.29878,45.13586],[2.31188,45.13981],[2.31402,45.14221],[2.32906,45.14265],[2.3445,45.14942],[2.34819,45.14371],[2.35351,45.1413],[2.35473,45.14424],[2.36039,45.14413],[2.36453,45.1474],[2.36679,45.14457],[2.36872,45.14581],[2.3643,45.15429],[2.36821,45.16001],[2.36764,45.16564],[2.37124,45.1666],[2.35536,45.17378],[2.3541,45.17658],[2.34708,45.176],[2.34406,45.17616]]]},"properties":{"code_territoire":"iris150030000","libelle_territoire":"Ally (commune non irisée)"}},
{"type":"Feature","geometry":{"type":"Polygon","coordinates":[[[3.07046,45.04818],[3.07284,45.05092],[3.07068,45.05406],[3.0758,45.05432],[3.07473,45.058],[3.08781,45.05835],[3.10089,45.05417],[3.10066,45.06179],[3.0996,45.06714],[3.09374,45.06552],[3.09103,45.0672],[3.09356,45.07256],[3.09002,45.07661],[3.09264,45.07981],[3.08918,45.08044],[3.08909,45.08347],[3.08499,45.0852],[3.08366,45.08187],[3.07882,45.09262],[3.07852,45.09046],[3.07673,45.08992],[3.07796,45.09115],[3.07282,45.09269],[3.0693,45.08966],[3.07136,45.08785],[3.05917,45.08864],[3.05776,45.09238],[3.05324,45.09477],[3.05276,45.09191],[3.04882,45.09343],[3.05083,45.08703],[3.04481,45.08738],[3.04871,45.08517],[3.04421,45.08631],[3.04085,45.08404],[3.03913,45.08808],[3.03543,45.08942],[3.02793,45.08877],[3.02676,45.08667],[3.02889,45.07895],[3.01589,45.07306],[3.01386,45.07566],[3.00875,45.07143],[3.03205,45.06347],[3.03214,45.05889],[3.04805,45.0598],[3.05229,45.05845],[3.0506,45.05252],[3.0556,45.05276],[3.05406,45.04966],[3.05952,45.04446],[3.05885,45.038],[3.06442,45.03574],[3.06459,45.03729],[3.06716,45.03672],[3.06445,45.04017],[3.07046,45.04818]]]},"properties":{"code_territoire":"iris150040000","libelle_territoire":"Andelat (commune non irisée)"}},
{"type":"Feature","geometry":{"type":"Polygon","coordinates":[[[3.18837,45.00349],[3.18171,45.00384],[3.18335,45.00281],[3.1796,44.99919],[3.18371,44.99579],[3.17491,44.99635],[3.17223,44.99128],[3.16827,44.99429],[3.17253,44.99852],[3.16315,45.00308],[3.16338,45.00623],[3.15785,45.00489],[3.15671,45.01038],[3.15524,45.0071],[3.15248,45.01089],[3.13938,45.00884],[3.13674,45.00554],[3.14104,45.00361],[3.13847,44.99124],[3.14448,44.989],[3.13995,44.98755],[3.13918,44.98233],[3.13492,44.98126],[3.13549,44.97702],[3.13975,44.97551],[3.13831,44.97258],[3.14505,44.96954],[3.15035,44.97102],[3.15449,44.96575],[3.15748,44.96532],[3.16288,44.97714],[3.16904,44.97277],[3.17539,44.97441],[3.17235,44.97696],[3.17627,44.98802],[3.18114,44.98747],[3.18135,44.98996],[3.19242,44.99421],[3.19302,44.99849],[3.18837,45.00349]]]},"properties":{"code_territoire":"iris150050000","libelle_territoire":"Anglards-de-Saint-Flour (commune non irisée)"}},
{"type":"Feature","geometry":{"type":"Polygon","coordinates":[[[2.43553,45.23513],[2.42982,45.23354],[2.43013,45.23152],[2.42925,45.23314],[2.42644,45.23098],[2.41881,45.23243],[2.41682,45.22636],[2.41638,45.22937],[2.41073,45.23115],[2.4111,45.23324],[2.40919,45.23248],[2.4076,45.2292],[2.40142,45.22776],[2.40397,45.22668],[2.4016,45.2131],[2.40316,45.20662],[2.40681,45.20585],[2.39614,45.20246],[2.39012,45.19344],[2.40824,45.19341],[2.40672,45.18781],[2.41873,45.18276],[2.42895,45.18142],[2.42742,45.1797],[2.42941,45.18116],[2.43222,45.18014],[2.43596,45.17353],[2.43908,45.172],[2.43854,45.17343],[2.44193,45.17402],[2.45194,45.17086],[2.45501,45.17445],[2.46255,45.1707],[2.46825,45.17726],[2.4742,45.17729],[2.48286,45.18108],[2.48944,45.18087],[2.48985,45.17762],[2.49609,45.17961],[2.5011,45.17872],[2.50315,45.18401],[2.51111,45.18166],[2.509,45.17654],[2.51088,45.17532],[2.51795,45.17961],[2.54311,45.17302],[2.54433,45.17033],[2.53988,45.16854],[2.54043,45.16278],[2.56337,45.16593],[2.57838,45.16324],[2.58068,45.16549],[2.55358,45.17863],[2.54093,45.18154],[2.54255,45.18473],[2.52984,45.19388],[2.50938,45.20142],[2.50716,45.20417],[2.50347,45.20337],[2.49144,45.20685],[2.49266,45.20914],[2.4889,45.20915],[2.48671,45.21528],[2.49044,45.21666],[2.48693,45.21742],[2.48683,45.21936],[2.47728,45.21667],[2.47137,45.21879],[2.46767,45.21592],[2.46303,45.21921],[2.45139,45.21999],[2.4458,45.21781],[2.44089,45.22119],[2.44515,45.22188],[2.44516,45.2257],[2.4344,45.23278],[2.43553,45.23513]]]},"properties":{"code_territoire":"iris150060000","libelle_territoire":"Anglards-de-Salers (commune non irisée)"}},
{"type":"Feature","geometry":{"type":"Polygon","coordinates":[[[3.10028,44.84391],[3.08891,44.84292],[3.07712,44.84489],[3.07277,44.85203],[3.0637,44.85649],[3.06144,44.85449],[3.06298,44.85294],[3.05729,44.85387],[3.04962,44.85045],[3.05084,44.84834],[3.04752,44.84611],[3.03955,44.84575],[3.02876,44.8357],[3.02707,44.82691],[3.03122,44.82061],[3.03483,44.81842],[3.03874,44.80792],[3.03694,44.80389],[3.04592,44.79778],[3.04794,44.80407],[3.0565,44.8095],[3.06327,44.81967],[3.0773,44.82459],[3.07421,44.8259],[3.07234,44.83761],[3.0843,44.83343],[3.09901,44.83303],[3.09734,44.84265],[3.10028,44.84391]]]},"properties":{"code_territoire":"iris150070000","libelle_territoire":"Anterrieux (commune non irisée)"}},
{"type":"Feature","geometry":{"type":"Polygon","coordinates":[[[2.53016,45.33005],[2.53406,45.33766],[2.5391,45.33414],[2.54552,45.33726],[2.56097,45.33013],[2.56436,45.3317],[2.57621,45.32911],[2.57813,45.33181],[2.5798,45.33356],[2.57611,45.33577],[2.57862,45.34103],[2.58763,45.34546],[2.58293,45.35186],[2.58873,45.35198],[2.58344,45.35226],[2.58422,45.35483],[2.59163,45.35773],[2.59706,45.36516],[2.59353,45.36674],[2.5861,45.36227],[2.58018,45.36306],[2.58069,45.3674],[2.57396,45.37064],[2.57061,45.37988],[2.56785,45.37567],[2.55478,45.37617],[2.54709,45.36536],[2.54822,45.35336],[2.53413,45.35731],[2.5365,45.35411],[2.53298,45.35151],[2.53634,45.35095],[2.53364,45.34791],[2.53627,45.34381],[2.53308,45.34382],[2.53287,45.34081],[2.52863,45.34153],[2.53127,45.33771],[2.52454,45.33607],[2.53016,45.33005]]]},"properties":{"code_territoire":"iris150080000","libelle_territoire":"Antignac (commune non irisée)"}},
{"type":"Feature","geometry":{"type":"Polygon","coordinates":[[[2.72789,45.24792],[2.72494,45.25417],[2.7185,45.25267],[2.71584,45.25564],[2.71224,45.25547],[2.70814,45.26033],[2.70469,45.26065],[2.70115,45.26837],[2.69861,45.26481],[2.69372,45.26471],[2.69041,45.26068],[2.6819,45.25763],[2.68182,45.25006],[2.67632,45.25207],[2.67748,45.25047],[2.67466,45.25024],[2.67529,45.24273],[2.68047,45.23699],[2.67291,45.23503],[2.67073,45.23059],[2.66774,45.23051],[2.66631,45.22589],[2.66966,45.22082],[2.67383,45.22184],[2.67184,45.22411],[2.6739,45.22321],[2.6741,45.22576],[2.67809,45.22567],[2.67909,45.22794],[2.68745,45.22501],[2.68993,45.22711],[2.69756,45.22529],[2.69465,45.22809],[2.69619,45.23042],[2.70064,45.22665],[2.69963,45.23122],[2.70319,45.23053],[2.70267,45.23787],[2.70758,45.2395],[2.70562,45.24092],[2.7072,45.24401],[2.71397,45.23315],[2.71673,45.23598],[2.71882,45.23431],[2.71928,45.23683],[2.72189,45.2366],[2.72074,45.24046],[2.72766,45.23918],[2.72904,45.2411],[2.73181,45.24452],[2.73634,45.24554],[2.72789,45.24792]]]},"properties":{"code_territoire":"iris150090000","libelle_territoire":"Apchon (commune non irisée)"}},
{"type":"Feature","geometry":{"type":"Polygon","coordinates":[[[2.33994,45.32587],[2.33502,45.32655],[2.31687,45.3227],[2.28924,45.28746],[2.27611,45.28853],[2.28327,45.28307],[2.28146,45.27537],[2.28712,45.27533],[2.29589,45.26731],[2.3025,45.27086],[2.30562,45.2705],[2.31184,45.27575],[2.30807,45.28176],[2.31833,45.28509],[2.31724,45.29107],[2.32125,45.29454],[2.32559,45.29404],[2.32501,45.29535],[2.32705,45.29188],[2.32833,45.29391],[2.33183,45.29368],[2.33375,45.28846],[2.34095,45.28644],[2.34318,45.29611],[2.34566,45.29377],[2.35205,45.29536],[2.35311,45.30399],[2.35113,45.30456],[2.35251,45.31092],[2.34468,45.31114],[2.34903,45.31757],[2.34184,45.31953],[2.33994,45.32587]]]},"properties":{"code_territoire":"iris150100000","libelle_territoire":"Arches (commune non irisée)"}},
{"type":"Feature","geometry":{"type":"Polygon","coordinates":[[[2.25843,45.08521],[2.257,45.08928],[2.2438,45.0892],[2.2439,45.0811],[2.2331,45.07637],[2.21858,45.07542],[2.21521,45.07533],[2.21224,45.07872],[2.21562,45.08425],[2.21311,45.08625],[2.20097,45.07782],[2.18916,45.08286],[2.17582,45.08008],[2.17305,45.08117],[2.17447,45.07749],[2.18424,45.07768],[2.1863,45.06993],[2.19587,45.06451],[2.20583,45.04154],[2.21352,45.04211],[2.22538,45.03962],[2.23583,45.04759],[2.23709,45.04422],[2.24118,45.04492],[2.24787,45.04114],[2.25248,45.04117],[2.25367,45.04412],[2.25869,45.04594],[2.26026,45.05526],[2.26803,45.05778],[2.26535,45.06371],[2.26234,45.06426],[2.25999,45.0613],[2.25835,45.06257],[2.26221,45.06572],[2.2611,45.07073],[2.25692,45.06908],[2.25348,45.079],[2.24932,45.08062],[2.25202,45.08493],[2.25423,45.08322],[2.25843,45.08521]]]},"properties":{"code_territoire":"iris150110000","libelle_territoire":"Arnac (commune non irisée)"}},
{"type":"Feature","geometry":{"type":"Polygon","coordinates":[[[2.41399,44.87338],[2.42125,44.87887],[2.42896,44.87496],[2.43658,44.87829],[2.43898,44.88643],[2.44753,44.88789],[2.44416,44.89306],[2.44708,44.89223],[2.46178,44.8986],[2.45732,44.90258],[2.45908,44.90583],[2.4649,44.90198],[2.46762,44.90216],[2.46528,44.90399],[2.4699,44.9061],[2.47178,44.90277],[2.48226,44.90444],[2.49055,44.90303],[2.49105,44.9014],[2.49335,44.9031],[2.4934,44.91279],[2.49055,44.91491],[2.49543,44.9185],[2.49153,44.91811],[2.49152,44.9212],[2.48721,44.92238],[2.48315,44.91861],[2.48055,44.91717],[2.47309,44.91989],[2.46789,44.91893],[2.45384,44.91198],[2.45651,44.91028],[2.45077,44.89963],[2.44722,44.89665],[2.44496,44.8982],[2.44432,44.89479],[2.44073,44.89516],[2.42831,44.90067],[2.43033,44.89678],[2.42448,44.89613],[2.42365,44.89195],[2.41819,44.89008],[2.41919,44.89437],[2.41623,44.89439],[2.41577,44.89849],[2.40733,44.89658],[2.40974,44.89123],[2.40712,44.88398],[2.40946,44.8796],[2.40644,44.87706],[2.41399,44.87338]]]},"properties":{"code_territoire":"iris150120101","libelle_territoire":"Nord"}},
{"type":"Feature","geometry":{"type":"Polygon","coordinates":[[[2.5197,44.86981],[2.51157,44.87663],[2.49955,44.88064],[2.49751,44.88818],[2.49258,44.89084],[2.50108,44.89595],[2.50112,44.90096],[2.49665,44.90132],[2.49868,44.90346],[2.49638,44.90561],[2.49335,44.9031],[2.49105,44.9014],[2.49055,44.90303],[2.48226,44.90444],[2.47178,44.90277],[2.4699,44.9061],[2.46528,44.90399],[2.46762,44.90216],[2.4649,44.90198],[2.45908,44.90583],[2.45732,44.90258],[2.46178,44.8986],[2.44708,44.89223],[2.44416,44.89306],[2.44753,44.88789],[2.43898,44.88643],[2.43658,44.87829],[2.42896,44.87496],[2.42125,44.87887],[2.41399,44.87338],[2.42454,44.86889],[2.4271,44.86543],[2.43197,44.86954],[2.43923,44.87141],[2.43876,44.8684],[2.44172,44.86703],[2.44424,44.86075],[2.44009,44.85637],[2.44099,44.85381],[2.43863,44.8513],[2.42667,44.8528],[2.43131,44.84757],[2.4231,44.84325],[2.43685,44.83817],[2.44097,44.83642],[2.45024,44.83722],[2.4504,44.83936],[2.45553,44.84052],[2.46851,44.83554],[2.47887,44.84212],[2.48269,44.83861],[2.49028,44.8401],[2.48784,44.84422],[2.4937,44.84982],[2.48949,44.85622],[2.49549,44.86172],[2.50357,44.85902],[2.50912,44.8527],[2.51037,44.85761],[2.51885,44.86009],[2.51554,44.86394],[2.51983,44.86655],[2.51744,44.86918],[2.5197,44.86981]]]},"properties":{"code_territoire":"iris150120102","libelle_territoire":"Sud"}},
{"type":"Feature","geometry":{"type":"Polygon","coordinates":[[[3.1316,45.28612],[3.13446,45.28525],[3.12843,45.28232],[3.12838,45.27568],[3.12381,45.2707],[3.12115,45.27184],[3.11699,45.26998],[3.11363,45.27154],[3.10873,45.26844],[3.10629,45.27045],[3.10714,45.26815],[3.10167,45.26329],[3.09615,45.26042],[3.09134,45.26237],[3.0915,45.26048],[3.08642,45.25575],[3.09035,45.25513],[3.08683,45.2538],[3.08659,45.25025],[3.07849,45.24922],[3.07154,45.25332],[3.06605,45.25281],[3.06556,45.25081],[3.06163,45.24546],[3.07271,45.24566],[3.07148,45.23825],[3.08703,45.23947],[3.09739,45.24188],[3.09723,45.2451],[3.10961,45.25017],[3.11539,45.25605],[3.12409,45.24765],[3.12976,45.2487],[3.13654,45.24641],[3.13812,45.25058],[3.14559,45.25161],[3.14395,45.25252],[3.16287,45.26616],[3.16203,45.26867],[3.16471,45.2686],[3.1633,45.26988],[3.1684,45.27458],[3.1656,45.27642],[3.1693,45.27901],[3.1665,45.28121],[3.16957,45.282],[3.16682,45.28618],[3.1632,45.28502],[3.16408,45.28682],[3.16081,45.28786],[3.16281,45.28906],[3.15832,45.29254],[3.16099,45.29532],[3.1546,45.29451],[3.14684,45.28761],[3.13631,45.28979],[3.1316,45.28612]]]},"properties":{"code_territoire":"iris150130000","libelle_territoire":"Auriac-l'Église (commune non irisée)"}},
{"type":"Feature","geometry":{"type":"Polygon","coordinates":[[[2.43195,44.92611],[2.43797,44.92284],[2.44225,44.92266],[2.44566,44.92389],[2.44657,44.92695],[2.44233,44.9307],[2.4327,44.92755],[2.43195,44.92611]]]},"properties":{"code_territoire":"iris150140101","libelle_territoire":"République"}},
{"type":"Feature","geometry":{"type":"Polygon","coordinates":[[[2.44233,44.9307],[2.44657,44.92695],[2.45057,44.9315],[2.448,44.93327],[2.44233,44.9307]]]},"properties":{"code_territoire":"iris150140102","libelle_territoire":"Saint-Géraud"}},
{"type":"Feature","geometry":{"type":"Polygon","coordinates":[[[2.4436,44.91701],[2.4459,44.92046],[2.45352,44.924],[2.45429,44.92916],[2.45057,44.9315],[2.44657,44.92695],[2.44566,44.92389],[2.44225,44.92266],[2.44233,44.91663],[2.4436,44.91701]]]},"properties":{"code_territoire":"iris150140103","libelle_territoire":"Aristide Briand"}},
{"type":"Feature","geometry":{"type":"Polygon","coordinates":[[[2.43455,44.91931],[2.44173,44.91281],[2.44233,44.91663],[2.44225,44.92266],[2.43797,44.92284],[2.43455,44.91931]]]},"properties":{"code_territoire":"iris150140104","libelle_territoire":"Saint-Eugène"}},
{"type":"Feature","geometry":{"type":"Polygon","coordinates":[[[2.42993,44.91564],[2.43319,44.91335],[2.43493,44.91264],[2.43808,44.9123],[2.44173,44.91281],[2.43455,44.91931],[2.42993,44.91564]]]},"properties":{"code_territoire":"iris150140105","libelle_territoire":"Tivoli"}},
{"type":"Feature","geometry":{"type":"Polygon","coordinates":[[[2.43455,44.91931],[2.43797,44.92284],[2.43195,44.92611],[2.43096,44.92345],[2.4278,44.92458],[2.42628,44.92173],[2.41752,44.91947],[2.42789,44.91853],[2.42993,44.91564],[2.43455,44.91931]]]},"properties":{"code_territoire":"iris150140106","libelle_territoire":"Vialenc"}},
{"type":"Feature","geometry":{"type":"Polygon","coordinates":[[[2.44233,44.9307],[2.448,44.93327],[2.4494,44.93514],[2.4444,44.93884],[2.44481,44.93565],[2.43668,44.9365],[2.43301,44.9328],[2.4327,44.92755],[2.44233,44.9307]]]},"properties":{"code_territoire":"iris150140107","libelle_territoire":"Alouettes"}},
{"type":"Feature","geometry":{"type":"Polygon","coordinates":[[[2.448,44.93327],[2.45057,44.9315],[2.45657,44.93323],[2.4574,44.93698],[2.46478,44.93864],[2.46623,44.94187],[2.46203,44.94262],[2.46533,44.94636],[2.46256,44.94711],[2.4571,44.93989],[2.45546,44.94155],[2.45111,44.94027],[2.4494,44.93514],[2.448,44.93327]]]},"properties":{"code_territoire":"iris150140108","libelle_territoire":"Limagne"}},
{"type":"Feature","geometry":{"type":"Polygon","coordinates":[[[2.49291,44.94302],[2.49038,44.94523],[2.48321,44.94016],[2.47676,44.94237],[2.4765,44.93972],[2.47376,44.94143],[2.47679,44.94626],[2.47321,44.94723],[2.47086,44.94526],[2.46703,44.94706],[2.47004,44.94755],[2.47192,44.95523],[2.4756,44.9565],[2.4721,44.95961],[2.47686,44.96446],[2.47412,44.96603],[2.46392,44.95793],[2.4623,44.95916],[2.45872,44.95761],[2.45818,44.95409],[2.45486,44.95295],[2.45169,44.95455],[2.45112,44.95235],[2.45061,44.95406],[2.45226,44.95559],[2.44869,44.95575],[2.44541,44.95325],[2.44185,44.94875],[2.44651,44.94571],[2.44324,44.94358],[2.43199,44.94009],[2.42163,44.9404],[2.4222,44.93635],[2.41752,44.9359],[2.41592,44.93418],[2.40882,44.93481],[2.40505,44.92615],[2.40755,44.9243],[2.39943,44.92266],[2.40594,44.91754],[2.40918,44.91735],[2.40868,44.91513],[2.40522,44.91668],[2.40369,44.91527],[2.40635,44.91343],[2.41752,44.91947],[2.42628,44.92173],[2.4278,44.92458],[2.43096,44.92345],[2.43195,44.92611],[2.4327,44.92755],[2.43301,44.9328],[2.43668,44.9365],[2.44481,44.93565],[2.4444,44.93884],[2.4494,44.93514],[2.45111,44.94027],[2.45546,44.94155],[2.4571,44.93989],[2.46256,44.94711],[2.46533,44.94636],[2.46203,44.94262],[2.46623,44.94187],[2.46478,44.93864],[2.4574,44.93698],[2.45657,44.93323],[2.45057,44.9315],[2.45429,44.92916],[2.45352,44.924],[2.4459,44.92046],[2.4436,44.91701],[2.44609,44.91406],[2.45651,44.91028],[2.45384,44.91198],[2.46789,44.91893],[2.47309,44.91989],[2.48055,44.91717],[2.48315,44.91861],[2.47317,44.92974],[2.48033,44.9295],[2.48386,44.93489],[2.48716,44.9346],[2.48745,44.94002],[2.49291,44.94302]]]},"properties":{"code_territoire":"iris150140109","libelle_territoire":"Zone Verte"}},
{"type":"Feature","geometry":{"type":"Polygon","coordinates":[[[2.45651,44.91028],[2.44609,44.91406],[2.4436,44.91701],[2.44233,44.91663],[2.44173,44.91281],[2.43808,44.9123],[2.43951,44.90651],[2.44153,44.90481],[2.43923,44.90098],[2.44073,44.89516],[2.44432,44.89479],[2.44496,44.8982],[2.44722,44.89665],[2.45077,44.89963],[2.45651,44.91028]]]},"properties":{"code_territoire":"iris150140110","libelle_territoire":"Ponétie"}},
{"type":"Feature","geometry":{"type":"Polygon","coordinates":[[[2.43951,44.90651],[2.43808,44.9123],[2.43493,44.91264],[2.43575,44.90673],[2.43951,44.90651]]]},"properties":{"code_territoire":"iris150140111","libelle_territoire":"Marmiers"}},
{"type":"Feature","geometry":{"type":"Polygon","coordinates":[[[2.44073,44.89516],[2.43923,44.90098],[2.44153,44.90481],[2.43951,44.90651],[2.43575,44.90673],[2.43493,44.91264],[2.43319,44.91335],[2.42404,44.90022],[2.41577,44.89849],[2.41623,44.89439],[2.41919,44.89437],[2.41819,44.89008],[2.42365,44.89195],[2.42448,44.89613],[2.43033,44.89678],[2.42831,44.90067],[2.44073,44.89516]]]},"properties":{"code_territoire":"iris150140112","libelle_territoire":"Tronquières"}},
{"type":"Feature","geometry":{"type":"Polygon","coordinates":[[[2.41577,44.89849],[2.42404,44.90022],[2.43319,44.91335],[2.42993,44.91564],[2.42789,44.91853],[2.41752,44.91947],[2.40635,44.91343],[2.39737,44.91191],[2.39027,44.9136],[2.40132,44.90953],[2.39829,44.90384],[2.40205,44.90315],[2.4027,44.89946],[2.39689,44.89821],[2.3962,44.89417],[2.40733,44.89658],[2.41577,44.89849]]]},"properties":{"code_territoire":"iris150140113","libelle_territoire":"Belbex"}},
{"type":"Feature","geometry":{"type":"Polygon","coordinates":[[[2.44717,45.26161],[2.45231,45.25927],[2.45234,45.25647],[2.45965,45.25666],[2.46164,45.25385],[2.46674,45.25389],[2.47227,45.24974],[2.47051,45.25825],[2.4772,45.26171],[2.48292,45.25801],[2.48531,45.25736],[2.48751,45.2585],[2.48509,45.25801],[2.4858,45.26025],[2.48249,45.26408],[2.48982,45.2662],[2.48716,45.26871],[2.49167,45.26722],[2.49244,45.26929],[2.50417,45.27026],[2.51161,45.26611],[2.51506,45.26935],[2.51052,45.27016],[2.5136,45.27169],[2.51286,45.27835],[2.50699,45.27683],[2.50101,45.28098],[2.4977,45.27914],[2.49822,45.28319],[2.48656,45.28577],[2.47994,45.29252],[2.46516,45.29492],[2.45155,45.29588],[2.44885,45.29421],[2.44516,45.29657],[2.44286,45.29357],[2.44585,45.29084],[2.44133,45.28933],[2.44616,45.28832],[2.43749,45.28635],[2.43443,45.28658],[2.43507,45.28887],[2.43851,45.28819],[2.43384,45.29109],[2.42708,45.2911],[2.42519,45.29309],[2.42344,45.29171],[2.42116,45.28854],[2.42626,45.28182],[2.4239,45.27752],[2.42735,45.27742],[2.43623,45.26592],[2.44717,45.26161]]]},"properties":{"code_territoire":"iris150150000","libelle_territoire":"Auzers (commune non irisée)"}},
{"type":"Feature","geometry":{"type":"Polygon","coordinates":[[[2.32197,44.96023],[2.32307,44.9672],[2.32562,44.96674],[2.32481,44.96917],[2.32772,44.9709],[2.33316,44.97059],[2.33207,44.97177],[2.33427,44.97197],[2.33193,44.97268],[2.33545,44.97722],[2.34049,44.97705],[2.34124,44.97879],[2.34161,44.97672],[2.35036,44.97592],[2.353,44.97701],[2.34937,44.97773],[2.35244,44.97996],[2.35608,44.97872],[2.357,44.98086],[2.35241,44.98302],[2.35443,44.9841],[2.36608,44.98567],[2.37082,44.98943],[2.37488,44.98914],[2.3712,44.98731],[2.37439,44.9865],[2.37821,44.99203],[2.38175,44.99144],[2.38007,44.99422],[2.37594,44.99377],[2.37631,44.99558],[2.36666,44.99472],[2.35979,44.9962],[2.36008,44.9981],[2.35651,44.99634],[2.35464,44.99844],[2.35052,44.9976],[2.34281,45.01082],[2.34027,45.01078],[2.33998,45.01467],[2.33504,45.01975],[2.32718,45.02205],[2.32593,45.02019],[2.31332,45.02119],[2.30851,45.01656],[2.3009,45.01537],[2.29992,45.01019],[2.30442,45.00644],[2.30221,45.00476],[2.30863,45.00281],[2.30307,44.99707],[2.29757,45.00049],[2.29396,44.99739],[2.29387,44.98623],[2.29202,44.98463],[2.28111,44.98784],[2.28216,44.98467],[2.27155,44.97906],[2.28058,44.97713],[2.28336,44.97419],[2.28737,44.97707],[2.29084,44.97413],[2.29768,44.97341],[2.29898,44.96788],[2.31042,44.96673],[2.31105,44.96148],[2.30748,44.96058],[2.31158,44.95941],[2.31732,44.96209],[2.32197,44.96023]]]},"properties":{"code_territoire":"iris150160000","libelle_territoire":"Ayrens (commune non irisée)"}},
{"type":"Feature","geometry":{"type":"Polygon","coordinates":[[[2.61523,44.92723],[2.61603,44.92232],[2.61259,44.92303],[2.61138,44.91762],[2.60815,44.91672],[2.61162,44.91546],[2.60616,44.91419],[2.60687,44.9126],[2.59619,44.91124],[2.60001,44.90558],[2.59879,44.90135],[2.60163,44.90221],[2.60058,44.90479],[2.60489,44.90548],[2.61144,44.90061],[2.61158,44.90328],[2.6161,44.90522],[2.61446,44.9038],[2.61886,44.90188],[2.6155,44.89956],[2.61856,44.89752],[2.61159,44.89399],[2.62678,44.88742],[2.6284,44.89783],[2.63185,44.89595],[2.64053,44.90162],[2.64394,44.91363],[2.65586,44.91474],[2.65219,44.91773],[2.65486,44.92257],[2.65188,44.92474],[2.64748,44.92644],[2.65172,44.93604],[2.64689,44.9377],[2.65127,44.93831],[2.64753,44.9388],[2.64721,44.94092],[2.6438,44.94021],[2.63651,44.93146],[2.62994,44.93038],[2.62952,44.92878],[2.62573,44.93075],[2.61826,44.93056],[2.62124,44.92922],[2.61523,44.92723]]]},"properties":{"code_territoire":"iris150170000","libelle_territoire":"Badailhac (commune non irisée)"}},
{"type":"Feature","geometry":{"type":"Polygon","coordinates":[[[2.23042,45.1621],[2.23577,45.16129],[2.23558,45.15828],[2.24207,45.15468],[2.24516,45.15585],[2.25318,45.15144],[2.25627,45.14676],[2.25726,45.14072],[2.25122,45.13783],[2.24769,45.12694],[2.25677,45.13052],[2.26081,45.12741],[2.26487,45.1296],[2.26326,45.12448],[2.26545,45.12427],[2.26741,45.12755],[2.26974,45.12491],[2.26955,45.1268],[2.28056,45.12682],[2.2858,45.13451],[2.28801,45.13264],[2.292,45.13462],[2.29279,45.13079],[2.29878,45.13586],[2.30037,45.14006],[2.29601,45.14358],[2.29856,45.14875],[2.30131,45.14712],[2.30179,45.14858],[2.29705,45.14972],[2.29597,45.14671],[2.29106,45.14769],[2.28998,45.14913],[2.28813,45.14559],[2.28486,45.14755],[2.28293,45.14455],[2.27785,45.1446],[2.27884,45.14639],[2.27512,45.14706],[2.27752,45.15025],[2.27573,45.15193],[2.27787,45.15127],[2.27916,45.15457],[2.2759,45.15757],[2.27729,45.16025],[2.2691,45.16046],[2.2661,45.16189],[2.26741,45.16399],[2.26335,45.16302],[2.26141,45.16731],[2.25,45.1688],[2.24862,45.17225],[2.24305,45.17119],[2.24472,45.16878],[2.23835,45.16935],[2.23619,45.16808],[2.23251,45.16857],[2.23301,45.16732],[2.23042,45.1621]]]},"properties":{"code_territoire":"iris150180000","libelle_territoire":"Barriac-les-Bosquets (commune non irisée)"}},
{"type":"Feature","geometry":{"type":"Polygon","coordinates":[[[2.40604,45.29621],[2.41138,45.30054],[2.41012,45.30651],[2.42141,45.30976],[2.42515,45.31335],[2.42607,45.31839],[2.42187,45.31988],[2.42863,45.32375],[2.42423,45.32483],[2.42104,45.32245],[2.42073,45.32526],[2.41403,45.32201],[2.41105,45.32376],[2.41131,45.33892],[2.40955,45.33761],[2.40773,45.34036],[2.40415,45.33762],[2.3988,45.33955],[2.39555,45.34387],[2.39597,45.33975],[2.39178,45.33785],[2.38935,45.33731],[2.38897,45.33169],[2.38635,45.33187],[2.38303,45.32805],[2.38577,45.32688],[2.38156,45.31932],[2.38615,45.31716],[2.38404,45.3136],[2.38697,45.3118],[2.38916,45.31294],[2.38995,45.31087],[2.38684,45.31022],[2.39099,45.30797],[2.38663,45.30096],[2.38044,45.29745],[2.38108,45.29263],[2.38402,45.29169],[2.38211,45.28675],[2.3862,45.2858],[2.38721,45.27932],[2.394,45.28842],[2.3879,45.29559],[2.38853,45.29811],[2.39536,45.29557],[2.39876,45.2983],[2.40604,45.29621]]]},"properties":{"code_territoire":"iris150190000","libelle_territoire":"Bassignac (commune non irisée)"}},
{"type":"Feature","geometry":{"type":"Polygon","coordinates":[[[2.53565,45.45798],[2.54386,45.47906],[2.53529,45.4788],[2.51765,45.48311],[2.51493,45.47949],[2.5084,45.47834],[2.50966,45.47291],[2.50549,45.46916],[2.50727,45.46464],[2.49944,45.45991],[2.4992,45.45422],[2.50328,45.44834],[2.49688,45.44726],[2.51984,45.44836],[2.53565,45.45798]]]},"properties":{"code_territoire":"iris150200000","libelle_territoire":"Beaulieu (commune non irisée)"}},
{"type":"Feature","geometry":{"type":"Polygon","coordinates":[[[2.28282,44.82347],[2.28073,44.82096],[2.27358,44.82028],[2.26292,44.82403],[2.25562,44.82104],[2.25313,44.82617],[2.24721,44.82895],[2.24273,44.82044],[2.24041,44.82031],[2.2421,44.81725],[2.23982,44.81793],[2.23892,44.81596],[2.23559,44.8172],[2.23707,44.8145],[2.23508,44.81304],[2.23869,44.81053],[2.23733,44.80466],[2.23124,44.80448],[2.23489,44.80876],[2.23403,44.81435],[2.22754,44.81229],[2.22856,44.81023],[2.2237,44.81109],[2.22387,44.80805],[2.22953,44.80148],[2.22663,44.79488],[2.22831,44.79154],[2.22652,44.79194],[2.22321,44.78345],[2.22763,44.78151],[2.22058,44.7743],[2.21844,44.77016],[2.22402,44.76859],[2.22567,44.763],[2.22817,44.76293],[2.22657,44.75909],[2.22083,44.75631],[2.2234,44.75176],[2.22071,44.74651],[2.22504,44.74855],[2.22815,44.74718],[2.23155,44.7363],[2.23501,44.73428],[2.23553,44.73641],[2.24216,44.73907],[2.23879,44.74004],[2.24377,44.74258],[2.24301,44.74701],[2.25568,44.75234],[2.25925,44.75683],[2.26696,44.75701],[2.26829,44.76278],[2.27151,44.76444],[2.2749,44.76242],[2.27387,44.76436],[2.27966,44.76594],[2.27934,44.7676],[2.28256,44.76711],[2.28152,44.77097],[2.28384,44.77248],[2.28502,44.77653],[2.29595,44.78155],[2.29426,44.78558],[2.29649,44.79095],[2.28859,44.79927],[2.2799,44.79966],[2.28871,44.80742],[2.28652,44.81272],[2.29051,44.8207],[2.28704,44.82024],[2.28282,44.82347]]]},"properties":{"code_territoire":"iris150210000","libelle_territoire":"Boisset (commune non irisée)"}},
{"type":"Feature","geometry":{"type":"Polygon","coordinates":[[[3.08675,45.1948],[3.09907,45.19196],[3.10011,45.1884],[3.10478,45.18958],[3.10297,45.18721],[3.10718,45.1883],[3.10868,45.1864],[3.11403,45.18677],[3.11335,45.18853],[3.11614,45.18761],[3.12087,45.19271],[3.1224,45.18982],[3.12412,45.19417],[3.13467,45.1903],[3.13669,45.19366],[3.13395,45.19791],[3.14091,45.20364],[3.14585,45.20203],[3.14611,45.1973],[3.15224,45.20179],[3.15467,45.19986],[3.16579,45.2018],[3.16778,45.19994],[3.17024,45.20115],[3.16884,45.19854],[3.17134,45.19996],[3.17297,45.19806],[3.17907,45.19743],[3.18403,45.19933],[3.19061,45.19773],[3.19998,45.20434],[3.19707,45.20453],[3.20115,45.2142],[3.19007,45.2099],[3.19029,45.2072],[3.18986,45.20851],[3.18562,45.20708],[3.1805,45.21274],[3.184,45.22094],[3.18377,45.22978],[3.17875,45.23005],[3.17735,45.23267],[3.17236,45.23104],[3.17047,45.23217],[3.17225,45.23635],[3.16711,45.23415],[3.1623,45.23557],[3.16284,45.23305],[3.16154,45.23535],[3.15403,45.23585],[3.14837,45.2317],[3.14109,45.23014],[3.13719,45.22436],[3.13961,45.22448],[3.14243,45.21632],[3.13558,45.21771],[3.13513,45.21312],[3.13041,45.21235],[3.11892,45.21963],[3.11462,45.21768],[3.10786,45.20917],[3.10417,45.20891],[3.10594,45.20618],[3.10288,45.20075],[3.0969,45.20433],[3.08794,45.19925],[3.08675,45.1948]]]},"properties":{"code_territoire":"iris150220000","libelle_territoire":"Bonnac (commune non irisée)"}},
{"type":"Feature","geometry":{"type":"Polygon","coordinates":[[[2.30217,45.19204],[2.30075,45.19721],[2.29518,45.19846],[2.29302,45.20157],[2.29362,45.20493],[2.29715,45.20638],[2.29348,45.20781],[2.29184,45.21573],[2.28414,45.21303],[2.28035,45.21484],[2.27986,45.21221],[2.27174,45.21202],[2.26801,45.21462],[2.2642,45.21659],[2.2587,45.21162],[2.25431,45.2203],[2.251,45.21748],[2.24811,45.21777],[2.24763,45.21532],[2.24465,45.21642],[2.24423,45.21426],[2.24009,45.21655],[2.23605,45.21468],[2.23575,45.2129],[2.22906,45.21081],[2.22391,45.21389],[2.22237,45.21215],[2.2228,45.20663],[2.23102,45.20083],[2.23485,45.20119],[2.23669,45.19911],[2.24377,45.2008],[2.26172,45.1949],[2.2674,45.19594],[2.26978,45.19265],[2.28205,45.19046],[2.28908,45.18491],[2.30217,45.19204]]]},"properties":{"code_territoire":"iris150240000","libelle_territoire":"Brageac (commune non irisée)"}},
{"type":"Feature","geometry":{"type":"Polygon","coordinates":[[[2.76096,45.057],[2.77313,45.05385],[2.77936,45.04933],[2.79011,45.04822],[2.79761,45.05354],[2.80597,45.04987],[2.82258,45.04956],[2.82171,45.05347],[2.85137,45.07421],[2.87532,45.08316],[2.88059,45.08856],[2.87812,45.09134],[2.88323,45.09558],[2.89262,45.0973],[2.89136,45.10059],[2.88936,45.09973],[2.89049,45.10392],[2.88678,45.10274],[2.88852,45.10489],[2.88461,45.10448],[2.88521,45.10723],[2.88205,45.10514],[2.88019,45.10642],[2.87009,45.10568],[2.86118,45.10155],[2.86296,45.09914],[2.85616,45.09854],[2.86191,45.09535],[2.85187,45.09528],[2.84485,45.09218],[2.84934,45.09722],[2.84451,45.10167],[2.83846,45.10128],[2.83252,45.09824],[2.82558,45.09874],[2.81494,45.0929],[2.81221,45.09347],[2.81243,45.09655],[2.80715,45.09652],[2.78056,45.08821],[2.77032,45.07724],[2.77006,45.07095],[2.7659,45.06639],[2.76246,45.06428],[2.76096,45.057]]]},"properties":{"code_territoire":"iris150250000","libelle_territoire":"Albepierre-Bredons (commune non irisée)"}},
{"type":"Feature","geometry":{"type":"Polygon","coordinates":[[[2.82502,44.95575],[2.82493,44.97049],[2.83046,44.97879],[2.83312,45.00465],[2.82863,45.0211],[2.80388,45.02839],[2.80301,45.03047],[2.81025,45.0327],[2.80503,45.03744],[2.7936,45.04257],[2.79628,45.04557],[2.79011,45.04822],[2.77936,45.04933],[2.77313,45.05385],[2.76096,45.057],[2.75554,45.05427],[2.75096,45.04385],[2.74284,45.03971],[2.73978,45.03467],[2.74136,45.0308],[2.74406,45.02871],[2.74527,45.02016],[2.75953,45.00922],[2.76492,45.00902],[2.77029,44.99838],[2.77252,44.99816],[2.77422,44.99943],[2.77657,44.99609],[2.78522,44.99246],[2.78579,44.98939],[2.79214,44.98766],[2.79316,44.9826],[2.79807,44.97793],[2.79726,44.96794],[2.80117,44.96256],[2.79846,44.95866],[2.80039,44.95486],[2.80799,44.95375],[2.80945,44.95546],[2.81219,44.95331],[2.81437,44.95611],[2.81749,44.95298],[2.82502,44.95575]]]},"properties":{"code_territoire":"iris150260000","libelle_territoire":"Brezons (commune non irisée)"}},
{"type":"Feature","geometry":{"type":"Polygon","coordinates":[[[2.38864,44.74883],[2.38712,44.74528],[2.38328,44.74404],[2.37397,44.74508],[2.36893,44.74197],[2.36506,44.74237],[2.36375,44.73566],[2.35752,44.73694],[2.35568,44.73498],[2.34675,44.73419],[2.33968,44.73711],[2.33467,44.73302],[2.33196,44.73452],[2.32716,44.73076],[2.31654,44.72646],[2.30361,44.72437],[2.29838,44.71734],[2.28758,44.71191],[2.29016,44.71038],[2.28849,44.70643],[2.27171,44.70181],[2.27677,44.69935],[2.27251,44.69765],[2.27061,44.69882],[2.27288,44.69566],[2.26834,44.6951],[2.27132,44.69046],[2.26144,44.68119],[2.27433,44.68306],[2.27688,44.68077],[2.27945,44.68322],[2.2876,44.68179],[2.28876,44.68315],[2.29335,44.67907],[2.29655,44.68023],[2.30291,44.67764],[2.31446,44.68109],[2.32424,44.66918],[2.32681,44.66993],[2.33241,44.66448],[2.34513,44.66616],[2.34912,44.67094],[2.35418,44.67227],[2.35352,44.67828],[2.36164,44.67927],[2.35262,44.6872],[2.34691,44.68791],[2.34763,44.6914],[2.35113,44.69301],[2.34727,44.69912],[2.34933,44.70199],[2.35248,44.70266],[2.35435,44.69835],[2.36157,44.69611],[2.36595,44.6997],[2.36476,44.70546],[2.36861,44.70606],[2.36869,44.70832],[2.37079,44.70758],[2.37113,44.71031],[2.37616,44.70848],[2.38351,44.71133],[2.38159,44.72877],[2.38679,44.73586],[2.38379,44.74245],[2.38822,44.74526],[2.38864,44.74883]]]},"properties":{"code_territoire":"iris150270000","libelle_territoire":"Puycapel (commune non irisée)"}},
{"type":"Feature","geometry":{"type":"Polygon","coordinates":[[[2.58645,44.84475],[2.5872,44.85209],[2.58986,44.85343],[2.58761,44.86202],[2.59599,44.86901],[2.59478,44.8707],[2.59677,44.87012],[2.59706,44.88404],[2.6004,44.88591],[2.60042,44.88943],[2.60462,44.88992],[2.60602,44.89446],[2.61159,44.89399],[2.61856,44.89752],[2.6155,44.89956],[2.61886,44.90188],[2.61446,44.9038],[2.6161,44.90522],[2.61158,44.90328],[2.61144,44.90061],[2.60489,44.90548],[2.60058,44.90479],[2.60163,44.90221],[2.59879,44.90135],[2.60001,44.90558],[2.5971,44.90526],[2.59498,44.90248],[2.59654,44.90035],[2.59287,44.89769],[2.59035,44.89903],[2.58612,44.89516],[2.57553,44.89446],[2.57528,44.89795],[2.56337,44.89746],[2.56112,44.91096],[2.55512,44.90868],[2.54179,44.90216],[2.54026,44.89598],[2.5426,44.89732],[2.54373,44.89495],[2.53823,44.89423],[2.53499,44.89153],[2.54132,44.89444],[2.54251,44.89287],[2.53596,44.89064],[2.5365,44.88827],[2.52687,44.88548],[2.52958,44.88303],[2.52697,44.88152],[2.5381,44.87621],[2.54209,44.87763],[2.54353,44.87406],[2.545,44.87596],[2.54449,44.87379],[2.54986,44.8719],[2.55119,44.87466],[2.55243,44.87325],[2.5553,44.87448],[2.55391,44.87223],[2.55584,44.87322],[2.55698,44.87006],[2.56467,44.87356],[2.57113,44.86318],[2.56806,44.85972],[2.57442,44.85947],[2.57794,44.85636],[2.57905,44.84866],[2.57696,44.84763],[2.58144,44.84451],[2.58345,44.84416],[2.58448,44.84694],[2.58645,44.84475]]]},"properties":{"code_territoire":"iris150280000","libelle_territoire":"Carlat (commune non irisée)"}},
{"type":"Feature","geometry":{"type":"Polygon","coordinates":[[[2.4302,44.66464],[2.42896,44.66874],[2.43203,44.67321],[2.42433,44.67531],[2.42145,44.68028],[2.41628,44.6813],[2.41345,44.68476],[2.41561,44.69394],[2.39428,44.705],[2.39237,44.70654],[2.39411,44.70771],[2.38823,44.7121],[2.38351,44.71133],[2.37616,44.70848],[2.37113,44.71031],[2.37079,44.70758],[2.36869,44.70832],[2.36861,44.70606],[2.36476,44.70546],[2.36595,44.6997],[2.36157,44.69611],[2.35435,44.69835],[2.35248,44.70266],[2.34933,44.70199],[2.34727,44.69912],[2.35113,44.69301],[2.34763,44.6914],[2.34691,44.68791],[2.35262,44.6872],[2.36164,44.67927],[2.35352,44.67828],[2.35418,44.67227],[2.34912,44.67094],[2.34513,44.66616],[2.33241,44.66448],[2.33664,44.66195],[2.33773,44.65659],[2.33419,44.65446],[2.33306,44.64884],[2.34663,44.64396],[2.3491,44.64094],[2.36664,44.6415],[2.37599,44.64636],[2.38007,44.65146],[2.38878,44.64944],[2.38874,44.64401],[2.39754,44.64638],[2.39532,44.65326],[2.40105,44.66104],[2.41115,44.65718],[2.41001,44.65885],[2.41456,44.65763],[2.41859,44.66059],[2.4226,44.6538],[2.42503,44.65399],[2.4302,44.66464]]]},"properties":{"code_territoire":"iris150290000","libelle_territoire":"Cassaniouze (commune non irisée)"}},
{"type":"Feature","geometry":{"type":"Polygon","coordinates":[[[2.21691,44.84709],[2.21436,44.84664],[2.21374,44.84881],[2.21061,44.84675],[2.21312,44.8438],[2.21016,44.84316],[2.21483,44.83989],[2.20749,44.83593],[2.20142,44.83682],[2.20927,44.83355],[2.20819,44.83064],[2.21419,44.82958],[2.21163,44.82039],[2.21301,44.81246],[2.22078,44.80708],[2.22387,44.80805],[2.2237,44.81109],[2.22856,44.81023],[2.22754,44.81229],[2.23403,44.81435],[2.23489,44.80876],[2.23124,44.80448],[2.23733,44.80466],[2.23869,44.81053],[2.23508,44.81304],[2.23707,44.8145],[2.23559,44.8172],[2.23892,44.81596],[2.23982,44.81793],[2.2421,44.81725],[2.24041,44.82031],[2.24273,44.82044],[2.24721,44.82895],[2.24356,44.83124],[2.24015,44.84095],[2.24634,44.84669],[2.24385,44.84915],[2.23423,44.8442],[2.2322,44.84621],[2.22672,44.84576],[2.22811,44.84124],[2.23046,44.84223],[2.23189,44.83982],[2.22116,44.83745],[2.22222,44.84062],[2.21691,44.84709]]]},"properties":{"code_territoire":"iris150300000","libelle_territoire":"Cayrols (commune non irisée)"}},
{"type":"Feature","geometry":{"type":"Polygon","coordinates":[[[3.23084,45.15093],[3.23334,45.14665],[3.2313,45.14024],[3.23356,45.13304],[3.24059,45.13078],[3.24357,45.13696],[3.24397,45.13124],[3.25411,45.1355],[3.25423,45.13332],[3.25827,45.13267],[3.25784,45.12995],[3.25538,45.12995],[3.26268,45.11989],[3.27507,45.12271],[3.28803,45.12045],[3.28359,45.13061],[3.27735,45.13431],[3.27826,45.14137],[3.27347,45.14523],[3.27417,45.14705],[3.28039,45.14712],[3.28214,45.15158],[3.27938,45.15549],[3.27412,45.15191],[3.26797,45.15406],[3.26767,45.15127],[3.25781,45.14744],[3.24959,45.14984],[3.2461,45.14877],[3.24466,45.15184],[3.24465,45.15023],[3.23616,45.14949],[3.23084,45.15093]]]},"properties":{"code_territoire":"iris150320000","libelle_territoire":"Celoux (commune non irisée)"}},
{"type":"Feature","geometry":{"type":"Polygon","coordinates":[[[2.89873,44.9655],[2.90797,44.96929],[2.90661,44.97062],[2.90913,44.97061],[2.9114,44.97424],[2.90971,44.97636],[2.90789,44.97556],[2.90537,44.98339],[2.89611,44.98587],[2.88587,44.99511],[2.88089,44.99694],[2.87669,44.99475],[2.86926,44.99802],[2.86538,45.00159],[2.87058,45.00717],[2.8659,45.00968],[2.86099,45.00863],[2.86042,45.01353],[2.84733,45.01908],[2.83833,45.02002],[2.81025,45.0327],[2.80301,45.03047],[2.80388,45.02839],[2.82863,45.0211],[2.83312,45.00465],[2.83046,44.97879],[2.82493,44.97049],[2.82502,44.95575],[2.84001,44.9572],[2.84455,44.95944],[2.84662,44.95772],[2.84719,44.96054],[2.85503,44.9535],[2.86624,44.95105],[2.86775,44.95358],[2.87456,44.95348],[2.8806,44.96306],[2.89873,44.9655]]]},"properties":{"code_territoire":"iris150330000","libelle_territoire":"Cézens (commune non irisée)"}},
{"type":"Feature","geometry":{"type":"Polygon","coordinates":[[[3.25617,44.9416],[3.26068,44.94688],[3.25572,44.95367],[3.2605,44.95507],[3.25521,44.95553],[3.25289,44.95882],[3.2513,44.95733],[3.24936,44.9602],[3.25851,44.96198],[3.25122,44.96589],[3.25707,44.97024],[3.256,44.97157],[3.26033,44.97262],[3.2585,44.97402],[3.26108,44.97966],[3.26615,44.98445],[3.25918,44.98833],[3.26021,44.99036],[3.25768,44.98969],[3.25635,44.99671],[3.25059,44.99254],[3.2463,44.99307],[3.24196,44.99069],[3.22898,44.99622],[3.22403,44.99694],[3.22061,44.99528],[3.22078,44.99168],[3.21433,44.98744],[3.20987,44.98035],[3.21261,44.97167],[3.20978,44.96838],[3.21336,44.962],[3.21964,44.95758],[3.2192,44.95431],[3.22781,44.9547],[3.23434,44.94781],[3.23213,44.93919],[3.24857,44.93935],[3.25617,44.9416]]]},"properties":{"code_territoire":"iris150340000","libelle_territoire":"Chaliers (commune non irisée)"}},
{"type":"Feature","geometry":{"type":"Polygon","coordinates":[[[2.31184,45.27575],[2.30562,45.2705],[2.3025,45.27086],[2.29589,45.26731],[2.28712,45.27533],[2.28146,45.27537],[2.28327,45.28307],[2.27611,45.28853],[2.27011,45.2905],[2.26711,45.28619],[2.26247,45.28475],[2.25708,45.26915],[2.24303,45.26621],[2.23759,45.2593],[2.24083,45.24801],[2.22621,45.24506],[2.22153,45.23784],[2.20243,45.22733],[2.2028,45.22316],[2.20507,45.222],[2.2088,45.22412],[2.21015,45.22054],[2.21584,45.21888],[2.21919,45.22136],[2.22166,45.21724],[2.22784,45.21401],[2.23605,45.21468],[2.24009,45.21655],[2.24423,45.21426],[2.24465,45.21642],[2.24763,45.21532],[2.24811,45.21777],[2.251,45.21748],[2.25431,45.2203],[2.2587,45.21162],[2.2642,45.21659],[2.26801,45.21462],[2.27821,45.21906],[2.27728,45.22349],[2.28027,45.22448],[2.27779,45.22637],[2.2802,45.22934],[2.27503,45.23881],[2.28383,45.23938],[2.27842,45.24114],[2.28477,45.24721],[2.28528,45.25197],[2.28731,45.24968],[2.29031,45.24981],[2.28999,45.25283],[2.29662,45.24987],[2.2979,45.25135],[2.30401,45.25032],[2.30397,45.24749],[2.29696,45.24463],[2.30752,45.24104],[2.30976,45.24209],[2.30875,45.24638],[2.31826,45.24598],[2.32142,45.25161],[2.32261,45.25957],[2.31752,45.26979],[2.31897,45.27357],[2.31525,45.27622],[2.31184,45.27575]]]},"properties":{"code_territoire":"iris150360000","libelle_territoire":"Chalvignac (commune non irisée)"}},
{"type":"Feature","geometry":{"type":"Polygon","coordinates":[[[2.43788,45.38786],[2.43262,45.39301],[2.42493,45.39408],[2.42309,45.39703],[2.39799,45.37782],[2.3645,45.37468],[2.36761,45.36655],[2.36421,45.36174],[2.36488,45.3553],[2.36281,45.35334],[2.35784,45.35484],[2.35018,45.34637],[2.35865,45.33918],[2.36593,45.34488],[2.37898,45.34158],[2.38364,45.34134],[2.38482,45.34297],[2.39178,45.33785],[2.39597,45.33975],[2.39555,45.34387],[2.3988,45.33955],[2.40415,45.33762],[2.40773,45.34036],[2.40955,45.33761],[2.41131,45.33892],[2.41839,45.34179],[2.41705,45.34382],[2.42101,45.3444],[2.4214,45.34764],[2.42898,45.34462],[2.43246,45.3459],[2.42881,45.35133],[2.44024,45.35909],[2.43894,45.36364],[2.44694,45.36372],[2.44984,45.36367],[2.44799,45.36783],[2.44173,45.36633],[2.44389,45.37152],[2.43788,45.38786]]]},"properties":{"code_territoire":"iris150370000","libelle_territoire":"Champagnac (commune non irisée)"}},
{"type":"Feature","geometry":{"type":"Polygon","coordinates":[[[2.67992,45.42269],[2.68968,45.43003],[2.69055,45.43395],[2.68742,45.43825],[2.68041,45.43666],[2.67832,45.44023],[2.67531,45.43716],[2.67069,45.43798],[2.66269,45.43417],[2.65765,45.43542],[2.64784,45.44395],[2.64547,45.44278],[2.63672,45.44635],[2.62382,45.44394],[2.62092,45.43996],[2.61205,45.43523],[2.60136,45.43619],[2.58933,45.43121],[2.58642,45.42638],[2.57269,45.42311],[2.5656,45.41508],[2.56043,45.41481],[2.55759,45.41071],[2.55834,45.4025],[2.55277,45.40193],[2.55269,45.40377],[2.54821,45.40083],[2.53876,45.40346],[2.53865,45.40614],[2.52732,45.40517],[2.52222,45.40266],[2.52011,45.40013],[2.52362,45.39945],[2.52122,45.39687],[2.52451,45.39702],[2.52872,45.39242],[2.52336,45.38148],[2.53078,45.37657],[2.54554,45.37848],[2.55359,45.37789],[2.55478,45.37617],[2.56785,45.37567],[2.57061,45.37988],[2.57396,45.37064],[2.58069,45.3674],[2.58018,45.36306],[2.5861,45.36227],[2.59353,45.36674],[2.59706,45.36516],[2.60397,45.36531],[2.60559,45.36823],[2.6126,45.36869],[2.62053,45.36654],[2.62136,45.36466],[2.63284,45.37285],[2.63769,45.37121],[2.6463,45.36327],[2.64194,45.37501],[2.63592,45.37521],[2.63858,45.38318],[2.63235,45.38328],[2.6316,45.39085],[2.6262,45.39291],[2.62916,45.39901],[2.63829,45.4001],[2.64225,45.4035],[2.64884,45.40142],[2.64647,45.40339],[2.64787,45.40972],[2.6522,45.40871],[2.66298,45.41285],[2.66568,45.41214],[2.66716,45.4151],[2.66493,45.41635],[2.67048,45.42101],[2.67992,45.42269]]]},"properties":{"code_territoire":"iris150380000","libelle_territoire":"Champs-sur-Tarentaine-Marchal (commune non irisée)"}},
{"type":"Feature","geometry":{"type":"Polygon","coordinates":[[[2.78514,45.38458],[2.80062,45.37838],[2.80452,45.37192],[2.80943,45.37204],[2.8088,45.36998],[2.81229,45.37149],[2.80877,45.3686],[2.81099,45.36611],[2.82082,45.36743],[2.82738,45.36372],[2.83439,45.36553],[2.83478,45.36283],[2.83911,45.3626],[2.83922,45.3599],[2.84509,45.36012],[2.84778,45.35646],[2.86465,45.35079],[2.86899,45.35666],[2.86657,45.35744],[2.87133,45.35902],[2.86981,45.36037],[2.87337,45.36285],[2.87264,45.36812],[2.87641,45.36894],[2.87371,45.3753],[2.86763,45.3763],[2.85689,45.38277],[2.85595,45.3854],[2.85806,45.38617],[2.85129,45.3896],[2.85235,45.39231],[2.84018,45.39254],[2.82919,45.38972],[2.82679,45.3918],[2.82311,45.3913],[2.82525,45.39583],[2.82195,45.39996],[2.81389,45.40151],[2.80166,45.39216],[2.79703,45.39402],[2.78562,45.38963],[2.78514,45.38458]]]},"properties":{"code_territoire":"iris150400000","libelle_territoire":"Chanterelle (commune non irisée)"}},
{"type":"Feature","geometry":{"type":"Polygon","coordinates":[[[2.89262,45.0973],[2.89655,45.09742],[2.89541,45.09504],[2.8986,45.09562],[2.90091,45.0936],[2.90774,45.09556],[2.90983,45.08989],[2.91236,45.09094],[2.90986,45.08902],[2.91472,45.08639],[2.91319,45.08511],[2.91788,45.08642],[2.92226,45.0911],[2.92738,45.0879],[2.9222,45.09174],[2.92597,45.09272],[2.93271,45.09539],[2.93071,45.09688],[2.93396,45.09812],[2.93426,45.10213],[2.93032,45.10831],[2.92713,45.10693],[2.9248,45.10881],[2.92045,45.10692],[2.92564,45.11078],[2.92406,45.11206],[2.92604,45.11139],[2.9244,45.11257],[2.93075,45.12028],[2.92735,45.11687],[2.92578,45.1149],[2.92196,45.1164],[2.92275,45.11393],[2.92106,45.11546],[2.91106,45.11439],[2.90858,45.11597],[2.90769,45.11306],[2.90085,45.12245],[2.89874,45.12061],[2.89583,45.12258],[2.89126,45.12198],[2.89169,45.1205],[2.88545,45.11835],[2.89008,45.11731],[2.89122,45.11379],[2.88019,45.10642],[2.88205,45.10514],[2.88521,45.10723],[2.88461,45.10448],[2.88852,45.10489],[2.88678,45.10274],[2.89049,45.10392],[2.88936,45.09973],[2.89136,45.10059],[2.89262,45.0973]]]},"properties":{"code_territoire":"iris150410000","libelle_territoire":"La Chapelle-d'Alagnon (commune non irisée)"}},
{"type":"Feature","geometry":{"type":"Polygon","coordinates":[[[3.26797,45.15406],[3.27019,45.15696],[3.26454,45.16115],[3.26083,45.17077],[3.26345,45.17697],[3.26061,45.18247],[3.2653,45.18795],[3.26848,45.18726],[3.27086,45.18977],[3.27023,45.20342],[3.27316,45.20837],[3.26939,45.20927],[3.26743,45.21318],[3.26295,45.21361],[3.25527,45.21003],[3.25221,45.21183],[3.2549,45.21607],[3.24766,45.21721],[3.24693,45.21559],[3.24226,45.20982],[3.23541,45.20855],[3.22379,45.21721],[3.22564,45.21746],[3.22189,45.21795],[3.22006,45.21477],[3.22314,45.21263],[3.21981,45.21131],[3.22068,45.20963],[3.21389,45.21013],[3.21491,45.20733],[3.21627,45.19949],[3.21914,45.20028],[3.22119,45.19298],[3.2183,45.19056],[3.21304,45.19099],[3.21005,45.18629],[3.21402,45.18624],[3.21444,45.18844],[3.2166,45.1863],[3.20589,45.17895],[3.21123,45.17219],[3.21715,45.17078],[3.21722,45.16674],[3.22183,45.1689],[3.22729,45.16342],[3.23252,45.16248],[3.22871,45.15902],[3.23082,45.15728],[3.22807,45.15803],[3.23084,45.15093],[3.23616,45.14949],[3.24465,45.15023],[3.24466,45.15184],[3.2461,45.14877],[3.24959,45.14984],[3.25781,45.14744],[3.26767,45.15127],[3.26797,45.15406]]]},"properties":{"code_territoire":"iris150420000","libelle_territoire":"La Chapelle-Laurent (commune non irisée)"}},
{"type":"Feature","geometry":{"type":"Polygon","coordinates":[[[3.06556,45.25081],[3.05852,45.25132],[3.05887,45.24862],[3.05598,45.24729],[3.05187,45.24894],[3.05196,45.24408],[3.04779,45.24411],[3.03643,45.23904],[3.03893,45.23621],[3.0465,45.23473],[3.05761,45.22501],[3.05864,45.22042],[3.05206,45.21848],[3.05762,45.21989],[3.05509,45.21514],[3.05955,45.21551],[3.05654,45.2145],[3.06437,45.20986],[3.06795,45.21064],[3.06637,45.2093],[3.06157,45.20961],[3.0629,45.20747],[3.07391,45.21034],[3.07257,45.20895],[3.07581,45.20861],[3.07228,45.20657],[3.07842,45.20419],[3.07992,45.20638],[3.0807,45.20305],[3.08394,45.20177],[3.08466,45.20334],[3.08449,45.20041],[3.08733,45.19978],[3.09093,45.20148],[3.09863,45.21589],[3.10175,45.21627],[3.09819,45.22107],[3.10266,45.22505],[3.10408,45.22408],[3.10941,45.22684],[3.10863,45.22925],[3.11194,45.23078],[3.10235,45.2331],[3.10295,45.23711],[3.0886,45.23652],[3.08605,45.23761],[3.08703,45.23947],[3.07148,45.23825],[3.07271,45.24566],[3.06163,45.24546],[3.06556,45.25081]]]},"properties":{"code_territoire":"iris150430000","libelle_territoire":"Charmensac (commune non irisée)"}},
{"type":"Feature","geometry":{"type":"Polygon","coordinates":[[[3.03122,44.82061],[3.02707,44.82691],[3.02876,44.8357],[3.03955,44.84575],[3.04752,44.84611],[3.05084,44.84834],[3.04962,44.85045],[3.05729,44.85387],[3.06298,44.85294],[3.06144,44.85449],[3.0637,44.85649],[3.06178,44.85953],[3.05621,44.86311],[3.04,44.86398],[3.04173,44.86895],[3.0308,44.871],[3.03412,44.87296],[3.03206,44.88022],[3.02289,44.88249],[3.02004,44.8905],[3.00609,44.8948],[3.0031,44.8916],[2.9942,44.88911],[2.99404,44.88439],[2.9846,44.88706],[2.97704,44.88272],[2.97408,44.88592],[2.96711,44.88095],[2.96095,44.88105],[2.96042,44.87237],[2.95447,44.86483],[2.95126,44.86461],[2.95326,44.86222],[2.95023,44.85922],[2.95574,44.85271],[2.95217,44.84805],[2.94772,44.84672],[2.95245,44.84186],[2.96101,44.83943],[2.963,44.83433],[2.9595,44.83263],[2.9595,44.82905],[2.96823,44.82456],[2.96532,44.8223],[2.96692,44.81727],[2.97686,44.8114],[2.97998,44.79775],[2.98557,44.79054],[2.99904,44.79037],[2.99681,44.80215],[3.00396,44.80412],[3.00799,44.81744],[3.01099,44.81915],[3.01533,44.81822],[3.01361,44.82273],[3.02339,44.81743],[3.03122,44.82061]]]},"properties":{"code_territoire":"iris150450000","libelle_territoire":"Chaudes-Aigues (commune non irisée)"}},
{"type":"Feature","geometry":{"type":"Polygon","coordinates":[[[2.23102,45.20083],[2.23756,45.19127],[2.24569,45.18857],[2.24788,45.18554],[2.24858,45.18231],[2.24519,45.17933],[2.24862,45.17225],[2.25,45.1688],[2.26141,45.16731],[2.26335,45.16302],[2.26741,45.16399],[2.2661,45.16189],[2.2691,45.16046],[2.27729,45.16025],[2.2759,45.15757],[2.27916,45.15457],[2.27787,45.15127],[2.27573,45.15193],[2.27752,45.15025],[2.27512,45.14706],[2.27884,45.14639],[2.27785,45.1446],[2.28293,45.14455],[2.28486,45.14755],[2.28813,45.14559],[2.28998,45.14913],[2.29106,45.14769],[2.29192,45.15093],[2.29433,45.15093],[2.29147,45.15187],[2.29248,45.15588],[2.29612,45.15721],[2.29328,45.16171],[2.29077,45.16168],[2.29324,45.16474],[2.28933,45.16411],[2.29508,45.1673],[2.29597,45.16508],[2.29768,45.16601],[2.29784,45.1714],[2.3043,45.17657],[2.30158,45.17895],[2.30616,45.17993],[2.29927,45.18153],[2.30217,45.19204],[2.28908,45.18491],[2.28205,45.19046],[2.26978,45.19265],[2.2674,45.19594],[2.26172,45.1949],[2.24377,45.2008],[2.23669,45.19911],[2.23485,45.20119],[2.23102,45.20083]]]},"properties":{"code_territoire":"iris150460000","libelle_territoire":"Chaussenac (commune non irisée)"}},
{"type":"Feature","geometry":{"type":"Polygon","coordinates":[[[3.30099,45.10685],[3.30472,45.10641],[3.30338,45.1024],[3.30634,45.10259],[3.30543,45.10111],[3.32081,45.09836],[3.32813,45.0948],[3.33866,45.09831],[3.33807,45.09994],[3.34314,45.09962],[3.34555,45.10294],[3.34567,45.10088],[3.35277,45.10201],[3.35466,45.10042],[3.36202,45.10419],[3.35065,45.10414],[3.35004,45.11249],[3.33185,45.1114],[3.33126,45.10968],[3.32696,45.11196],[3.32801,45.11484],[3.31211,45.11846],[3.30811,45.11149],[3.30404,45.11139],[3.30289,45.1089],[3.30107,45.11],[3.30099,45.10685]]]},"properties":{"code_territoire":"iris150480000","libelle_territoire":"Chazelles (commune non irisée)"}},
{"type":"Feature","geometry":{"type":"Polygon","coordinates":[[[2.72789,45.24792],[2.73634,45.24554],[2.73181,45.24452],[2.72904,45.2411],[2.73218,45.23382],[2.74052,45.2337],[2.74568,45.22411],[2.74088,45.22134],[2.72958,45.22389],[2.72806,45.21583],[2.72362,45.21819],[2.72202,45.21684],[2.71956,45.22009],[2.71503,45.22015],[2.71234,45.21741],[2.70738,45.21824],[2.70608,45.21492],[2.70844,45.21302],[2.70487,45.2142],[2.70429,45.21272],[2.70867,45.21023],[2.70414,45.20836],[2.71093,45.2032],[2.70929,45.19714],[2.70037,45.19639],[2.69837,45.20067],[2.6803,45.20294],[2.68047,45.19156],[2.66454,45.17286],[2.65329,45.17197],[2.6558,45.16576],[2.6696,45.16443],[2.67582,45.16573],[2.68514,45.17018],[2.68871,45.17607],[2.69844,45.17274],[2.69849,45.17103],[2.70581,45.17206],[2.71193,45.17736],[2.71137,45.17418],[2.73115,45.17117],[2.73877,45.1719],[2.74096,45.17611],[2.75172,45.17245],[2.75454,45.17335],[2.75452,45.17849],[2.7511,45.18396],[2.75519,45.19802],[2.75917,45.20112],[2.75056,45.20365],[2.75342,45.21255],[2.73846,45.21228],[2.73828,45.21475],[2.73901,45.21734],[2.74919,45.21662],[2.75492,45.22496],[2.75448,45.22877],[2.76177,45.23038],[2.76621,45.24052],[2.76298,45.24488],[2.76071,45.24172],[2.75765,45.24308],[2.76029,45.23731],[2.75707,45.23524],[2.75735,45.23848],[2.75157,45.23874],[2.74748,45.24228],[2.74968,45.24827],[2.74476,45.25263],[2.72963,45.25182],[2.72789,45.24792]]]},"properties":{"code_territoire":"iris150490000","libelle_territoire":"Cheylade (commune non irisée)"}},
{"type":"Feature","geometry":{"type":"Polygon","coordinates":[[[2.67613,45.10929],[2.6767,45.10929],[2.68932,45.11343],[2.70071,45.12932],[2.7337,45.14739],[2.74056,45.15455],[2.75172,45.17245],[2.74096,45.17611],[2.73877,45.1719],[2.73115,45.17117],[2.71137,45.17418],[2.71193,45.17736],[2.70581,45.17206],[2.69849,45.17103],[2.69844,45.17274],[2.68871,45.17607],[2.68514,45.17018],[2.67582,45.16573],[2.6696,45.16443],[2.6558,45.16576],[2.66278,45.15305],[2.66728,45.15039],[2.66865,45.14065],[2.67306,45.13737],[2.67376,45.12353],[2.66965,45.11778],[2.67613,45.10929]]]},"properties":{"code_territoire":"iris150500000","libelle_territoire":"Le Claux (commune non irisée)"}},
{"type":"Feature","geometry":{"type":"Polygon","coordinates":[[[3.33794,44.95591],[3.35464,44.95486],[3.36135,44.97141],[3.34788,44.97388],[3.34914,44.97671],[3.34547,44.98598],[3.35249,44.98912],[3.36453,44.99037],[3.37141,45.00287],[3.36945,45.0054],[3.36225,45.00228],[3.3497,45.00166],[3.35052,45.01218],[3.34731,45.01435],[3.33036,45.00786],[3.32466,45.00981],[3.33709,45.02538],[3.3319,45.02786],[3.32955,45.02461],[3.33137,45.02858],[3.32854,45.03053],[3.3215,45.0257],[3.32456,45.0223],[3.31885,45.02474],[3.31088,45.02039],[3.30775,45.02341],[3.30144,45.0226],[3.28999,45.02679],[3.27927,45.02697],[3.26696,45.01421],[3.266,45.01559],[3.26312,45.01463],[3.26867,45.0112],[3.25956,45.00251],[3.26387,45.00416],[3.26343,45.00004],[3.25635,44.99671],[3.25768,44.98969],[3.26021,44.99036],[3.25918,44.98833],[3.26615,44.98445],[3.26108,44.97966],[3.2585,44.97402],[3.26033,44.97262],[3.256,44.97157],[3.25707,44.97024],[3.26519,44.97172],[3.26712,44.96916],[3.27579,44.97463],[3.27994,44.96994],[3.28484,44.97094],[3.29076,44.96522],[3.29858,44.96654],[3.29982,44.96883],[3.30674,44.96819],[3.30727,44.97093],[3.31738,44.96643],[3.33709,44.97261],[3.33683,44.96879],[3.33177,44.96488],[3.33633,44.96119],[3.33794,44.95591]]]},"properties":{"code_territoire":"iris150510000","libelle_territoire":"Clavières (commune non irisée)"}},
{"type":"Feature","geometry":{"type":"Polygon","coordinates":[[[3.10028,44.84391],[3.09675,44.84663],[3.09916,44.84998],[3.09528,44.85041],[3.09317,44.85469],[3.10193,44.8612],[3.10431,44.86607],[3.11017,44.86621],[3.10249,44.87103],[3.10302,44.87491],[3.10689,44.87772],[3.10303,44.8846],[3.09937,44.88416],[3.09745,44.88124],[3.09626,44.88337],[3.09055,44.88365],[3.09042,44.88676],[3.09509,44.88899],[3.08625,44.89166],[3.08673,44.88898],[3.08382,44.88964],[3.07083,44.89831],[3.0677,44.88856],[3.06454,44.88717],[3.06506,44.88357],[3.06216,44.88395],[3.05822,44.87897],[3.05969,44.87989],[3.0606,44.87324],[3.06351,44.87142],[3.0612,44.86717],[3.06232,44.8659],[3.06487,44.86741],[3.06841,44.86475],[3.06178,44.85953],[3.0637,44.85649],[3.07277,44.85203],[3.07712,44.84489],[3.08891,44.84292],[3.10028,44.84391]]]},"properties":{"code_territoire":"iris151210000","libelle_territoire":"Maurines (commune non irisée)"}},
{"type":"Feature","geometry":{"type":"Polygon","coordinates":[[[2.62507,45.17686],[2.6255,45.1752],[2.62736,45.17744],[2.6313,45.17639],[2.6367,45.18023],[2.64327,45.18051],[2.64431,45.17375],[2.65329,45.17197],[2.66454,45.17286],[2.68047,45.19156],[2.67344,45.19464],[2.67788,45.20209],[2.66966,45.22082],[2.66631,45.22589],[2.66774,45.23051],[2.67073,45.23059],[2.67291,45.23503],[2.68047,45.23699],[2.67529,45.24273],[2.67466,45.25024],[2.66436,45.25409],[2.66314,45.25216],[2.65594,45.25189],[2.657,45.24925],[2.65389,45.24791],[2.64753,45.25009],[2.6444,45.24803],[2.6401,45.25411],[2.62711,45.25391],[2.62379,45.25167],[2.62277,45.25392],[2.61582,45.25246],[2.61544,45.24612],[2.61881,45.24194],[2.61616,45.24103],[2.61556,45.23708],[2.60872,45.23908],[2.61186,45.24461],[2.61008,45.24709],[2.60146,45.24674],[2.59747,45.24458],[2.59775,45.2422],[2.59771,45.23109],[2.60792,45.22297],[2.60485,45.21648],[2.60702,45.21005],[2.5972,45.20365],[2.59999,45.20108],[2.61213,45.19839],[2.61928,45.18862],[2.61551,45.1862],[2.62507,45.17686]]]},"properties":{"code_territoire":"iris150520000","libelle_territoire":"Collandres (commune non irisée)"}},
{"type":"Feature","geometry":{"type":"Polygon","coordinates":[[[2.99596,45.06999],[3.00468,45.07236],[3.00875,45.07143],[3.01386,45.07566],[3.01589,45.07306],[3.02889,45.07895],[3.02676,45.08667],[3.02488,45.08884],[3.02036,45.08779],[3.01846,45.08919],[3.02012,45.09052],[3.01721,45.09065],[3.01553,45.09817],[3.03032,45.1053],[3.02755,45.10579],[3.02905,45.10715],[3.02651,45.10745],[3.02809,45.10847],[3.02514,45.11218],[3.01401,45.11281],[3.0108,45.11478],[3.01248,45.11665],[3.00681,45.11854],[2.99372,45.11523],[2.98752,45.11579],[2.98755,45.1136],[2.99033,45.11381],[2.9841,45.10515],[2.96723,45.10384],[2.96228,45.1056],[2.96286,45.10355],[2.95852,45.10314],[2.96021,45.10007],[2.9639,45.09941],[2.96989,45.07759],[2.97693,45.07737],[2.97818,45.07543],[2.98295,45.07498],[2.98461,45.07067],[2.9875,45.07148],[2.98853,45.06936],[2.98792,45.07152],[2.99078,45.07173],[2.99596,45.06999]]]},"properties":{"code_territoire":"iris150530000","libelle_territoire":"Coltines (commune non irisée)"}},
{"type":"Feature","geometry":{"type":"Polygon","coordinates":[[[2.78056,45.38567],[2.77743,45.37899],[2.77889,45.37674],[2.75764,45.36795],[2.75388,45.35893],[2.74877,45.3579],[2.74818,45.3532],[2.73238,45.35709],[2.73032,45.35424],[2.73368,45.3514],[2.72822,45.34926],[2.73133,45.34156],[2.73849,45.34073],[2.74079,45.33696],[2.74902,45.33729],[2.75717,45.32508],[2.76524,45.32215],[2.7683,45.31466],[2.78313,45.31294],[2.78446,45.3164],[2.79159,45.31507],[2.79094,45.32119],[2.78112,45.33085],[2.78371,45.33491],[2.79227,45.33104],[2.7988,45.33054],[2.79763,45.32774],[2.79999,45.32564],[2.81405,45.32223],[2.81823,45.32825],[2.81602,45.33234],[2.81844,45.33237],[2.81622,45.33463],[2.81975,45.33536],[2.81899,45.33732],[2.82997,45.33799],[2.83392,45.34049],[2.83791,45.33587],[2.85087,45.33507],[2.85138,45.34343],[2.85994,45.34479],[2.85215,45.3504],[2.86284,45.34738],[2.86465,45.35079],[2.84778,45.35646],[2.84509,45.36012],[2.83922,45.3599],[2.83911,45.3626],[2.83478,45.36283],[2.83439,45.36553],[2.82738,45.36372],[2.82082,45.36743],[2.81099,45.36611],[2.80877,45.3686],[2.81229,45.37149],[2.8088,45.36998],[2.80943,45.37204],[2.80452,45.37192],[2.80062,45.37838],[2.78514,45.38458],[2.78056,45.38567]]]},"properties":{"code_territoire":"iris150540000","libelle_territoire":"Condat (commune non irisée)"}},
{"type":"Feature","geometry":{"type":"Polygon","coordinates":[[[2.15363,44.75282],[2.15638,44.74878],[2.1515,44.74444],[2.15585,44.74268],[2.15042,44.74077],[2.15295,44.73846],[2.1516,44.737],[2.15452,44.73637],[2.15026,44.73149],[2.15111,44.7283],[2.14751,44.72617],[2.14653,44.72315],[2.14922,44.72219],[2.13794,44.71466],[2.13727,44.71153],[2.13151,44.70935],[2.13301,44.70332],[2.12998,44.69855],[2.13943,44.6931],[2.14735,44.69518],[2.1553,44.70024],[2.15963,44.69741],[2.16968,44.68249],[2.17926,44.67448],[2.18456,44.68078],[2.18603,44.67894],[2.19477,44.67994],[2.19888,44.68343],[2.2093,44.6855],[2.21293,44.68879],[2.21149,44.6941],[2.21521,44.69722],[2.21519,44.70901],[2.21239,44.71058],[2.20342,44.71017],[2.20081,44.71543],[2.1913,44.71952],[2.18757,44.7235],[2.18856,44.72542],[2.18235,44.72907],[2.1833,44.7436],[2.17261,44.75368],[2.16125,44.75574],[2.15363,44.75282]]]},"properties":{"code_territoire":"iris151220000","libelle_territoire":"Maurs (commune non irisée)"}},
{"type":"Feature","geometry":{"type":"Polygon","coordinates":[[[2.42344,45.29171],[2.41934,45.29241],[2.41723,45.29054],[2.40604,45.29621],[2.39876,45.2983],[2.39536,45.29557],[2.38853,45.29811],[2.3879,45.29559],[2.394,45.28842],[2.38721,45.27932],[2.39429,45.26717],[2.39181,45.2611],[2.39437,45.2572],[2.39617,45.25436],[2.38916,45.24968],[2.39145,45.24748],[2.39279,45.24887],[2.39584,45.24306],[2.40367,45.24223],[2.40932,45.23581],[2.40919,45.23248],[2.4111,45.23324],[2.41073,45.23115],[2.41638,45.22937],[2.41682,45.22636],[2.41881,45.23243],[2.42644,45.23098],[2.42925,45.23314],[2.43013,45.23152],[2.42982,45.23354],[2.43553,45.23513],[2.4374,45.23669],[2.4339,45.23827],[2.42932,45.2375],[2.42308,45.24007],[2.43633,45.23992],[2.43631,45.24472],[2.43952,45.24618],[2.43894,45.24465],[2.44238,45.24371],[2.44716,45.24856],[2.44717,45.26161],[2.43623,45.26592],[2.42735,45.27742],[2.4239,45.27752],[2.42626,45.28182],[2.42116,45.28854],[2.42344,45.29171]]]},"properties":{"code_territoire":"iris151230000","libelle_territoire":"Méallet (commune non irisée)"}},
{"type":"Feature","geometry":{"type":"Polygon","coordinates":[[[2.61415,45.28773],[2.61701,45.2874],[2.61722,45.29141],[2.61499,45.29075],[2.61432,45.29247],[2.61781,45.29407],[2.61869,45.29775],[2.62171,45.29572],[2.62472,45.29895],[2.62138,45.30193],[2.61845,45.31434],[2.61181,45.31725],[2.61126,45.32098],[2.60547,45.32675],[2.59824,45.32308],[2.5974,45.3202],[2.58931,45.32175],[2.58757,45.31685],[2.57998,45.31467],[2.58214,45.32576],[2.579,45.32483],[2.57744,45.31796],[2.57311,45.32008],[2.56832,45.31717],[2.56047,45.31765],[2.56039,45.31277],[2.55687,45.3142],[2.55529,45.31134],[2.54917,45.31234],[2.55069,45.30946],[2.53403,45.30296],[2.5319,45.29613],[2.53432,45.29473],[2.53157,45.29217],[2.53572,45.2932],[2.53659,45.28834],[2.54919,45.28454],[2.55593,45.28138],[2.55794,45.27283],[2.56945,45.26818],[2.57091,45.26529],[2.57705,45.26871],[2.58036,45.26799],[2.58286,45.27268],[2.59111,45.27711],[2.5938,45.27676],[2.59308,45.27301],[2.59887,45.27329],[2.59894,45.28352],[2.5956,45.29227],[2.61415,45.28773]]]},"properties":{"code_territoire":"iris151240000","libelle_territoire":"Menet (commune non irisée)"}},
{"type":"Feature","geometry":{"type":"Polygon","coordinates":[[[3.12203,45.06246],[3.12372,45.06181],[3.12675,45.06298],[3.12476,45.06603],[3.13066,45.06426],[3.12716,45.06708],[3.12907,45.06722],[3.1291,45.07301],[3.13227,45.07445],[3.12706,45.07521],[3.12963,45.08785],[3.12476,45.08802],[3.13315,45.09489],[3.13231,45.10297],[3.12966,45.10394],[3.13306,45.1076],[3.12272,45.11284],[3.10653,45.1079],[3.10471,45.11098],[3.09808,45.10711],[3.09904,45.10466],[3.09314,45.10369],[3.09267,45.09555],[3.08469,45.09742],[3.08359,45.09528],[3.08055,45.09575],[3.07802,45.09662],[3.08081,45.09743],[3.07288,45.09943],[3.07282,45.09269],[3.07796,45.09115],[3.07673,45.08992],[3.07852,45.09046],[3.07882,45.09262],[3.08366,45.08187],[3.08499,45.0852],[3.08909,45.08347],[3.08918,45.08044],[3.09264,45.07981],[3.09002,45.07661],[3.09356,45.07256],[3.09103,45.0672],[3.09374,45.06552],[3.0996,45.06714],[3.10066,45.06179],[3.11247,45.06226],[3.11645,45.06584],[3.12203,45.06246]]]},"properties":{"code_territoire":"iris150550000","libelle_territoire":"Coren (commune non irisée)"}},
{"type":"Feature","geometry":{"type":"Polygon","coordinates":[[[2.38622,44.95077],[2.38859,44.95182],[2.3852,44.95559],[2.3861,44.95856],[2.39052,44.95877],[2.39066,44.96293],[2.38714,44.96342],[2.395,44.96552],[2.39375,44.96869],[2.39639,44.96827],[2.3969,44.97164],[2.39264,44.97207],[2.38804,44.97862],[2.38542,44.97677],[2.3789,44.9788],[2.37771,44.96834],[2.37977,44.96715],[2.37462,44.96545],[2.37153,44.96153],[2.36297,44.96372],[2.35557,44.96263],[2.35472,44.96533],[2.34728,44.96458],[2.34606,44.96769],[2.34068,44.96806],[2.33721,44.96789],[2.33824,44.96582],[2.33516,44.96633],[2.33208,44.96348],[2.33023,44.96474],[2.33115,44.96136],[2.32415,44.9586],[2.32195,44.95954],[2.32173,44.9578],[2.32575,44.95822],[2.32789,44.95519],[2.32321,44.95199],[2.32512,44.94743],[2.32762,44.94944],[2.3325,44.94673],[2.32743,44.94403],[2.33085,44.94529],[2.33516,44.94381],[2.33706,44.9457],[2.33763,44.94381],[2.34086,44.94367],[2.34099,44.9452],[2.34675,44.94286],[2.35681,44.9399],[2.35456,44.94197],[2.35974,44.94614],[2.35905,44.94457],[2.36532,44.9429],[2.36462,44.94079],[2.36766,44.9394],[2.37038,44.94191],[2.37821,44.94345],[2.37408,44.94761],[2.37767,44.94875],[2.37529,44.95094],[2.37849,44.94857],[2.37862,44.95217],[2.38424,44.9529],[2.38622,44.95077]]]},"properties":{"code_territoire":"iris150560000","libelle_territoire":"Crandelles (commune non irisée)"}},
{"type":"Feature","geometry":{"type":"Polygon","coordinates":[[[2.17254,45.08138],[2.16675,45.08098],[2.16464,45.08501],[2.15667,45.0866],[2.14802,45.08296],[2.14768,45.08531],[2.14139,45.08694],[2.13819,45.08136],[2.13121,45.08161],[2.1298,45.07758],[2.12015,45.07269],[2.12015,45.06914],[2.11393,45.07162],[2.10437,45.06669],[2.10216,45.06226],[2.11583,45.04997],[2.11968,45.05079],[2.12418,45.04885],[2.12786,45.05024],[2.12899,45.0482],[2.13475,45.04765],[2.13622,45.04505],[2.14285,45.04546],[2.14403,45.04783],[2.14805,45.04653],[2.15223,45.04805],[2.15727,45.04159],[2.1665,45.03906],[2.17798,45.02867],[2.19703,45.02744],[2.1996,45.03024],[2.19979,45.03973],[2.19587,45.04686],[2.20583,45.04154],[2.19587,45.06451],[2.1863,45.06993],[2.18424,45.07768],[2.17447,45.07749],[2.17305,45.08117],[2.17254,45.08138]]]},"properties":{"code_territoire":"iris150570000","libelle_territoire":"Cros-de-Montvert (commune non irisée)"}},
{"type":"Feature","geometry":{"type":"Polygon","coordinates":[[[2.62898,44.87247],[2.63606,44.88373],[2.62724,44.88532],[2.62678,44.88742],[2.61159,44.89399],[2.60602,44.89446],[2.60462,44.88992],[2.60042,44.88943],[2.6004,44.88591],[2.59706,44.88404],[2.59677,44.87012],[2.59478,44.8707],[2.59599,44.86901],[2.58761,44.86202],[2.58986,44.85343],[2.5872,44.85209],[2.58645,44.84475],[2.58568,44.83909],[2.59136,44.83463],[2.59052,44.82901],[2.59814,44.82083],[2.61019,44.8262],[2.61131,44.83233],[2.60814,44.83734],[2.60361,44.83902],[2.60268,44.84316],[2.61163,44.84769],[2.61589,44.85303],[2.61643,44.84984],[2.61861,44.85193],[2.61754,44.85652],[2.62898,44.87247]]]},"properties":{"code_territoire":"iris150580000","libelle_territoire":"Cros-de-Ronesque (commune non irisée)"}},
{"type":"Feature","geometry":{"type":"Polygon","coordinates":[[[2.95766,45.00512],[2.95083,45.00447],[2.94963,45.00637],[2.94437,45.00222],[2.93928,45.00366],[2.93301,44.99334],[2.92074,44.99512],[2.91897,44.98977],[2.92144,44.98924],[2.9158,44.98303],[2.90537,44.98339],[2.90789,44.97556],[2.90971,44.97636],[2.9114,44.97424],[2.90913,44.97061],[2.90661,44.97062],[2.90797,44.96929],[2.9121,44.96868],[2.91692,44.96363],[2.92978,44.96214],[2.93542,44.95464],[2.94473,44.96606],[2.94706,44.9651],[2.94817,44.9677],[2.95202,44.96711],[2.94956,44.96802],[2.95107,44.97233],[2.95006,44.96964],[2.94832,44.9705],[2.95003,44.97484],[2.95209,44.97434],[2.95416,44.97717],[2.95195,44.98019],[2.95664,44.98444],[2.96259,44.98941],[2.95758,44.98935],[2.96088,44.99014],[2.95947,44.99347],[2.9652,44.99614],[2.96149,44.99909],[2.96504,45.00377],[2.96336,45.00165],[2.95823,45.00294],[2.95766,45.00512]]]},"properties":{"code_territoire":"iris150590000","libelle_territoire":"Cussac (commune non irisée)"}},
{"type":"Feature","geometry":{"type":"Polygon","coordinates":[[[3.14838,45.0503],[3.15235,45.05136],[3.15268,45.05373],[3.14652,45.06224],[3.15164,45.06169],[3.14877,45.06398],[3.14945,45.06726],[3.15153,45.06598],[3.15372,45.06944],[3.1603,45.07061],[3.16128,45.07281],[3.15895,45.0746],[3.16188,45.07581],[3.15936,45.08018],[3.15469,45.0832],[3.16031,45.08287],[3.15904,45.08514],[3.16109,45.0857],[3.15671,45.09149],[3.15844,45.09816],[3.14466,45.10413],[3.14591,45.10668],[3.13765,45.10878],[3.13306,45.1076],[3.12966,45.10394],[3.13231,45.10297],[3.13315,45.09489],[3.12476,45.08802],[3.12963,45.08785],[3.12706,45.07521],[3.13227,45.07445],[3.1291,45.07301],[3.12907,45.06722],[3.12716,45.06708],[3.13066,45.06426],[3.12476,45.06603],[3.12675,45.06298],[3.12372,45.06181],[3.13288,45.04875],[3.13859,45.04766],[3.13984,45.04946],[3.14838,45.0503]]]},"properties":{"code_territoire":"iris151250000","libelle_territoire":"Mentières (commune non irisée)"}},
{"type":"Feature","geometry":{"type":"Polygon","coordinates":[[[3.03643,45.23904],[3.04779,45.24411],[3.05196,45.24408],[3.05187,45.24894],[3.05598,45.24729],[3.05887,45.24862],[3.05852,45.25132],[3.06556,45.25081],[3.06605,45.25281],[3.07154,45.25332],[3.07849,45.24922],[3.08659,45.25025],[3.08683,45.2538],[3.09035,45.25513],[3.08642,45.25575],[3.0915,45.26048],[3.0829,45.26476],[3.07703,45.26488],[3.07072,45.26933],[3.06207,45.26883],[3.06567,45.27306],[3.06603,45.28079],[3.05776,45.28278],[3.05228,45.28808],[3.04844,45.28693],[3.04367,45.29012],[3.03998,45.2897],[3.03689,45.29841],[3.02216,45.29567],[3.02099,45.28786],[3.0183,45.28707],[3.02109,45.28053],[3.01708,45.28073],[3.00524,45.26897],[3.01177,45.25872],[3.03403,45.24654],[3.02702,45.24076],[3.03643,45.23904]]]},"properties":{"code_territoire":"iris151260000","libelle_territoire":"Molèdes (commune non irisée)"}},
{"type":"Feature","geometry":{"type":"Polygon","coordinates":[[[3.08794,45.19925],[3.0969,45.20433],[3.10288,45.20075],[3.10594,45.20618],[3.10417,45.20891],[3.10786,45.20917],[3.11462,45.21768],[3.11892,45.21963],[3.13041,45.21235],[3.13513,45.21312],[3.13558,45.21771],[3.14243,45.21632],[3.13961,45.22448],[3.13719,45.22436],[3.14109,45.23014],[3.14837,45.2317],[3.15403,45.23585],[3.16154,45.23535],[3.17057,45.24196],[3.16717,45.24673],[3.17018,45.24788],[3.1676,45.24992],[3.16985,45.25157],[3.16595,45.25479],[3.16072,45.25166],[3.16104,45.25416],[3.15981,45.25264],[3.15792,45.25422],[3.15393,45.25133],[3.14867,45.2533],[3.14978,45.25073],[3.14559,45.25161],[3.13812,45.25058],[3.13654,45.24641],[3.12976,45.2487],[3.12409,45.24765],[3.11539,45.25605],[3.10961,45.25017],[3.09723,45.2451],[3.09739,45.24188],[3.08703,45.23947],[3.08605,45.23761],[3.0886,45.23652],[3.10295,45.23711],[3.10235,45.2331],[3.11194,45.23078],[3.10863,45.22925],[3.10941,45.22684],[3.10408,45.22408],[3.10266,45.22505],[3.09819,45.22107],[3.10175,45.21627],[3.09863,45.21589],[3.09093,45.20148],[3.08733,45.19978],[3.08794,45.19925]]]},"properties":{"code_territoire":"iris151270000","libelle_territoire":"Molompize (commune non irisée)"}},
{"type":"Feature","geometry":{"type":"Polygon","coordinates":[[[2.99904,44.79037],[3.01039,44.77639],[3.01893,44.77724],[3.02856,44.78266],[3.03275,44.78742],[3.03318,44.79891],[3.03869,44.80027],[3.03694,44.80389],[3.03874,44.80792],[3.03483,44.81842],[3.03122,44.82061],[3.02339,44.81743],[3.01361,44.82273],[3.01533,44.81822],[3.01099,44.81915],[3.00799,44.81744],[3.00396,44.80412],[2.99681,44.80215],[2.99904,44.79037]]]},"properties":{"code_territoire":"iris150600000","libelle_territoire":"Deux-Verges (commune non irisée)"}},
{"type":"Feature","geometry":{"type":"Polygon","coordinates":[[[2.75452,45.17849],[2.75454,45.17335],[2.75172,45.17245],[2.74056,45.15455],[2.74726,45.15155],[2.75495,45.15281],[2.75905,45.145],[2.76609,45.14336],[2.76501,45.14083],[2.77571,45.14389],[2.77541,45.12632],[2.77088,45.11995],[2.77922,45.12239],[2.78056,45.12684],[2.80903,45.13064],[2.81696,45.14505],[2.83155,45.14922],[2.83355,45.15213],[2.8426,45.15506],[2.84897,45.15535],[2.85551,45.16266],[2.85824,45.16246],[2.86219,45.16927],[2.86665,45.17124],[2.87332,45.18332],[2.87748,45.18372],[2.88191,45.18984],[2.88167,45.19763],[2.87722,45.19935],[2.8756,45.2031],[2.86546,45.20157],[2.85462,45.19688],[2.85177,45.19317],[2.84793,45.1938],[2.84676,45.19086],[2.84112,45.18949],[2.83835,45.18068],[2.83326,45.179],[2.82744,45.18163],[2.82366,45.17935],[2.82038,45.18188],[2.8161,45.18001],[2.81115,45.18088],[2.80299,45.18605],[2.79101,45.18389],[2.79589,45.19858],[2.78327,45.19935],[2.78069,45.18363],[2.77383,45.18709],[2.76898,45.18569],[2.76304,45.17927],[2.75452,45.17849]]]},"properties":{"code_territoire":"iris150610000","libelle_territoire":"Dienne (commune non irisée)"}},
{"type":"Feature","geometry":{"type":"Polygon","coordinates":[[[2.4153,45.14474],[2.41825,45.14664],[2.41513,45.14724],[2.41916,45.15285],[2.41489,45.15458],[2.41321,45.15844],[2.41791,45.1606],[2.41815,45.16462],[2.42135,45.16467],[2.42292,45.16918],[2.41243,45.1771],[2.40067,45.17976],[2.39812,45.17545],[2.39237,45.17583],[2.38912,45.17846],[2.38696,45.1763],[2.38051,45.18385],[2.36977,45.18618],[2.34987,45.18121],[2.34708,45.176],[2.3541,45.17658],[2.35536,45.17378],[2.37124,45.1666],[2.36764,45.16564],[2.36821,45.16001],[2.3643,45.15429],[2.36872,45.14581],[2.37444,45.14364],[2.37203,45.14214],[2.38438,45.14565],[2.3874,45.14177],[2.39731,45.13806],[2.39757,45.13536],[2.40836,45.13401],[2.40342,45.14094],[2.40653,45.14057],[2.40908,45.14567],[2.41181,45.143],[2.4153,45.14474]]]},"properties":{"code_territoire":"iris150630000","libelle_territoire":"Drugeac (commune non irisée)"}},
{"type":"Feature","geometry":{"type":"Polygon","coordinates":[[[2.57813,45.33181],[2.57621,45.32911],[2.56436,45.3317],[2.56097,45.33013],[2.54552,45.33726],[2.5391,45.33414],[2.53406,45.33766],[2.53016,45.33005],[2.54056,45.32707],[2.53972,45.32433],[2.53768,45.32486],[2.53448,45.32127],[2.53453,45.31718],[2.52873,45.31897],[2.52388,45.31708],[2.52793,45.3136],[2.52853,45.31115],[2.52583,45.31025],[2.52767,45.30725],[2.53403,45.30296],[2.55069,45.30946],[2.54917,45.31234],[2.55529,45.31134],[2.55687,45.3142],[2.56039,45.31277],[2.56047,45.31765],[2.56832,45.31717],[2.57311,45.32008],[2.57744,45.31796],[2.579,45.32483],[2.58214,45.32576],[2.58343,45.33157],[2.57813,45.33181]]]},"properties":{"code_territoire":"iris151280000","libelle_territoire":"La Monselie (commune non irisée)"}},
{"type":"Feature","geometry":{"type":"Polygon","coordinates":[[[2.71453,45.3815],[2.70784,45.37946],[2.70796,45.37613],[2.70357,45.37327],[2.70227,45.36644],[2.69788,45.36179],[2.69135,45.36007],[2.68861,45.35685],[2.67353,45.35793],[2.6778,45.35454],[2.69436,45.35068],[2.70563,45.35041],[2.70915,45.35268],[2.72109,45.34827],[2.72461,45.35069],[2.72822,45.34926],[2.73368,45.3514],[2.73032,45.35424],[2.73238,45.35709],[2.74818,45.3532],[2.74877,45.3579],[2.75388,45.35893],[2.75764,45.36795],[2.77889,45.37674],[2.77743,45.37899],[2.78056,45.38567],[2.77404,45.38706],[2.76176,45.38587],[2.74239,45.39334],[2.72716,45.38982],[2.72197,45.38669],[2.72118,45.38366],[2.71453,45.3815]]]},"properties":{"code_territoire":"iris151290000","libelle_territoire":"Montboudif (commune non irisée)"}},
{"type":"Feature","geometry":{"type":"Polygon","coordinates":[[[3.18214,45.05816],[3.19017,45.05965],[3.20028,45.05833],[3.22067,45.0507],[3.22178,45.04693],[3.23342,45.04896],[3.23512,45.05797],[3.24062,45.06085],[3.24787,45.06023],[3.2533,45.06437],[3.25222,45.07175],[3.24261,45.07238],[3.24421,45.07879],[3.23082,45.0771],[3.22779,45.08315],[3.23194,45.08946],[3.22862,45.08997],[3.22531,45.08793],[3.21753,45.0938],[3.21158,45.09398],[3.20652,45.08663],[3.21507,45.08166],[3.21182,45.08004],[3.21634,45.07965],[3.21354,45.07641],[3.21062,45.07768],[3.21323,45.07485],[3.20654,45.07498],[3.2042,45.07748],[3.20215,45.07603],[3.19629,45.07911],[3.19495,45.07798],[3.19295,45.08091],[3.18863,45.08152],[3.18081,45.07893],[3.18186,45.07493],[3.1765,45.07422],[3.17195,45.06641],[3.17636,45.06579],[3.17889,45.06282],[3.18636,45.06298],[3.18214,45.05816]]]},"properties":{"code_territoire":"iris151300000","libelle_territoire":"Montchamp (commune non irisée)"}},
{"type":"Feature","geometry":{"type":"Polygon","coordinates":[[[2.33938,45.18023],[2.33963,45.1771],[2.3343,45.17446],[2.32317,45.17574],[2.31509,45.16543],[2.32143,45.16614],[2.32014,45.16298],[2.32297,45.16375],[2.32508,45.15938],[2.32623,45.16101],[2.33121,45.15999],[2.33413,45.16165],[2.33534,45.15918],[2.33476,45.161],[2.33818,45.16074],[2.34405,45.16434],[2.33922,45.16504],[2.34132,45.16864],[2.33897,45.17003],[2.34202,45.17084],[2.3408,45.17451],[2.34406,45.17616],[2.34146,45.17723],[2.3429,45.18143],[2.33938,45.18023]]]},"properties":{"code_territoire":"iris150640000","libelle_territoire":"Escorailles (commune non irisée)"}},
{"type":"Feature","geometry":{"type":"Polygon","coordinates":[[[2.89191,44.86738],[2.90016,44.86043],[2.90896,44.85844],[2.91136,44.85475],[2.92306,44.85362],[2.92446,44.85142],[2.93286,44.84931],[2.94772,44.84672],[2.95217,44.84805],[2.95574,44.85271],[2.95023,44.85922],[2.95326,44.86222],[2.95126,44.86461],[2.95447,44.86483],[2.96042,44.87237],[2.96095,44.88105],[2.9491,44.88434],[2.94297,44.89118],[2.92843,44.88769],[2.92574,44.89343],[2.92365,44.8933],[2.91787,44.88552],[2.9139,44.88519],[2.91166,44.88089],[2.89191,44.86738]]]},"properties":{"code_territoire":"iris150650000","libelle_territoire":"Espinasse (commune non irisée)"}},
{"type":"Feature","geometry":{"type":"Polygon","coordinates":[[[2.6558,45.16576],[2.65329,45.17197],[2.64431,45.17375],[2.64327,45.18051],[2.6367,45.18023],[2.6313,45.17639],[2.62736,45.17744],[2.6255,45.1752],[2.62507,45.17686],[2.61979,45.17705],[2.6157,45.17239],[2.6019,45.17151],[2.6015,45.16751],[2.59679,45.16724],[2.59892,45.16591],[2.59614,45.16397],[2.59374,45.1663],[2.58366,45.16211],[2.58544,45.15972],[2.59684,45.15097],[2.6226,45.13989],[2.62714,45.13607],[2.6299,45.12471],[2.64003,45.11865],[2.64298,45.10978],[2.6538,45.10354],[2.66982,45.10517],[2.67613,45.10929],[2.66965,45.11778],[2.67376,45.12353],[2.67306,45.13737],[2.66865,45.14065],[2.66728,45.15039],[2.66278,45.15305],[2.6558,45.16576]]]},"properties":{"code_territoire":"iris150660000","libelle_territoire":"Le Falgoux (commune non irisée)"}},
{"type":"Feature","geometry":{"type":"Polygon","coordinates":[[[2.56894,45.09533],[2.57233,45.09729],[2.58459,45.09831],[2.5974,45.09194],[2.62287,45.09269],[2.63109,45.09659],[2.6368,45.09651],[2.63188,45.10162],[2.63392,45.10217],[2.6331,45.10625],[2.63953,45.10709],[2.64298,45.10978],[2.64003,45.11865],[2.6299,45.12471],[2.61758,45.12649],[2.60326,45.1245],[2.58903,45.13007],[2.58882,45.12584],[2.58305,45.12284],[2.58328,45.11849],[2.5686,45.11495],[2.56173,45.11442],[2.55996,45.11599],[2.55604,45.10493],[2.55117,45.10326],[2.55818,45.09999],[2.55816,45.09712],[2.56894,45.09533]]]},"properties":{"code_territoire":"iris150670000","libelle_territoire":"Le Fau (commune non irisée)"}},
{"type":"Feature","geometry":{"type":"Polygon","coordinates":[[[3.0822,45.14649],[3.08919,45.14551],[3.09474,45.1477],[3.10012,45.14475],[3.10331,45.15017],[3.10193,45.1562],[3.10705,45.16126],[3.11739,45.16295],[3.12225,45.16604],[3.1114,45.16892],[3.11228,45.17979],[3.10964,45.18018],[3.10837,45.1829],[3.11021,45.18212],[3.11135,45.18537],[3.10868,45.1864],[3.10718,45.1883],[3.10297,45.18721],[3.10478,45.18958],[3.10011,45.1884],[3.09907,45.19196],[3.08675,45.1948],[3.08443,45.19224],[3.07522,45.1922],[3.07148,45.18849],[3.06747,45.18792],[3.0609,45.19174],[3.05929,45.19],[3.05623,45.19059],[3.05308,45.18667],[3.04814,45.18823],[3.04602,45.1868],[3.04711,45.18302],[3.03864,45.18176],[3.03728,45.17853],[3.04025,45.17106],[3.03549,45.16831],[3.03774,45.1662],[3.04444,45.16638],[3.04302,45.17514],[3.04515,45.1738],[3.04813,45.17636],[3.04946,45.17274],[3.05336,45.17394],[3.06005,45.17459],[3.06455,45.17204],[3.07068,45.17206],[3.06892,45.16699],[3.07099,45.16287],[3.06699,45.16153],[3.06956,45.15297],[3.0822,45.14649]]]},"properties":{"code_territoire":"iris150690000","libelle_territoire":"Ferrières-Saint-Mary (commune non irisée)"}},
{"type":"Feature","geometry":{"type":"Polygon","coordinates":[[[2.54919,45.28454],[2.53659,45.28834],[2.53572,45.2932],[2.53157,45.29217],[2.53432,45.29473],[2.5319,45.29613],[2.53403,45.30296],[2.52767,45.30725],[2.52583,45.31025],[2.52853,45.31115],[2.52793,45.3136],[2.52388,45.31708],[2.52079,45.32164],[2.52357,45.32475],[2.51868,45.32917],[2.51013,45.32837],[2.507,45.325],[2.50265,45.32463],[2.49743,45.32389],[2.4911,45.3176],[2.47848,45.32064],[2.47396,45.32015],[2.47344,45.31836],[2.47114,45.31615],[2.47355,45.31241],[2.46824,45.30045],[2.46447,45.29875],[2.46516,45.29492],[2.47994,45.29252],[2.48656,45.28577],[2.49822,45.28319],[2.4977,45.27914],[2.50101,45.28098],[2.50699,45.27683],[2.51286,45.27835],[2.5136,45.27169],[2.52176,45.27361],[2.5175,45.27921],[2.52154,45.28026],[2.54545,45.27009],[2.54424,45.27245],[2.55298,45.27626],[2.55191,45.27914],[2.5544,45.28062],[2.5481,45.28207],[2.54919,45.28454]]]},"properties":{"code_territoire":"iris151310000","libelle_territoire":"Le Monteil (commune non irisée)"}},
{"type":"Feature","geometry":{"type":"Polygon","coordinates":[[[2.9248,45.34655],[2.92036,45.36196],[2.92273,45.36815],[2.91409,45.36617],[2.90067,45.37079],[2.90003,45.37683],[2.89577,45.37704],[2.88317,45.38417],[2.87412,45.3811],[2.87371,45.3753],[2.87641,45.36894],[2.87264,45.36812],[2.87337,45.36285],[2.86981,45.36037],[2.87133,45.35902],[2.86657,45.35744],[2.86899,45.35666],[2.86465,45.35079],[2.86284,45.34738],[2.85215,45.3504],[2.85994,45.34479],[2.85138,45.34343],[2.85087,45.33507],[2.85516,45.33411],[2.8651,45.33678],[2.86317,45.33494],[2.86808,45.33409],[2.86869,45.33089],[2.87456,45.33163],[2.87487,45.3301],[2.87896,45.33165],[2.87984,45.33673],[2.87675,45.3361],[2.88082,45.33893],[2.8886,45.33887],[2.89229,45.34212],[2.9039,45.34256],[2.90572,45.34708],[2.91315,45.34304],[2.9248,45.34655]]]},"properties":{"code_territoire":"iris151320000","libelle_territoire":"Montgreleix (commune non irisée)"}},
{"type":"Feature","geometry":{"type":"Polygon","coordinates":[[[2.48197,45.13016],[2.47694,45.12809],[2.47566,45.12461],[2.47047,45.12582],[2.47334,45.12368],[2.47016,45.12033],[2.49278,45.11267],[2.49375,45.10972],[2.48462,45.1019],[2.48939,45.10025],[2.48938,45.09639],[2.50458,45.0941],[2.50564,45.0967],[2.51436,45.09718],[2.52354,45.0931],[2.53837,45.09109],[2.54746,45.09342],[2.56138,45.09237],[2.56894,45.09533],[2.55816,45.09712],[2.55818,45.09999],[2.55117,45.10326],[2.55604,45.10493],[2.55996,45.11599],[2.53727,45.11602],[2.51772,45.11922],[2.51717,45.12102],[2.50918,45.12143],[2.51117,45.12532],[2.50872,45.12644],[2.49488,45.12764],[2.49794,45.1288],[2.49655,45.12962],[2.49394,45.12779],[2.48197,45.13016]]]},"properties":{"code_territoire":"iris150700000","libelle_territoire":"Fontanges (commune non irisée)"}},
{"type":"Feature","geometry":{"type":"Polygon","coordinates":[[[2.34281,45.01082],[2.35052,44.9976],[2.35464,44.99844],[2.35651,44.99634],[2.36008,44.9981],[2.35979,44.9962],[2.36666,44.99472],[2.37631,44.99558],[2.38817,44.99743],[2.38451,45.00992],[2.3885,45.01341],[2.38974,45.01142],[2.39756,45.00962],[2.40433,45.01071],[2.41256,45.01641],[2.41595,45.0192],[2.4128,45.02148],[2.41582,45.02697],[2.41327,45.02833],[2.41398,45.03115],[2.39445,45.03221],[2.39926,45.04121],[2.39174,45.03508],[2.37215,45.03991],[2.37024,45.03664],[2.37208,45.03558],[2.36545,45.03317],[2.36584,45.03093],[2.3602,45.03274],[2.35979,45.02994],[2.3555,45.03256],[2.35385,45.03158],[2.35463,45.02552],[2.34987,45.02358],[2.34847,45.02047],[2.35005,45.01602],[2.34767,45.01225],[2.34281,45.01082]]]},"properties":{"code_territoire":"iris150720000","libelle_territoire":"Freix-Anglards (commune non irisée)"}},
{"type":"Feature","geometry":{"type":"Polygon","coordinates":[[[3.12815,44.90365],[3.12512,44.91393],[3.11857,44.91764],[3.12257,44.92055],[3.11972,44.92276],[3.11252,44.92175],[3.11298,44.91575],[3.10844,44.91639],[3.10912,44.92204],[3.10592,44.92582],[3.10906,44.92925],[3.10631,44.93095],[3.10302,44.92601],[3.08787,44.9175],[3.07629,44.92157],[3.06901,44.92215],[3.06701,44.91683],[3.05729,44.91947],[3.05687,44.91689],[3.06591,44.91317],[3.06183,44.90828],[3.05494,44.90904],[3.05342,44.90755],[3.05839,44.90152],[3.06126,44.90365],[3.06687,44.9016],[3.07005,44.90338],[3.07083,44.89831],[3.08382,44.88964],[3.08673,44.88898],[3.08625,44.89166],[3.09509,44.88899],[3.09042,44.88676],[3.09055,44.88365],[3.09626,44.88337],[3.09745,44.88124],[3.09937,44.88416],[3.10303,44.8846],[3.10356,44.88684],[3.11243,44.88859],[3.11579,44.89468],[3.11714,44.89029],[3.12398,44.88968],[3.12121,44.89529],[3.12485,44.89697],[3.12815,44.90365]]]},"properties":{"code_territoire":"iris150730000","libelle_territoire":"Fridefont (commune non irisée)"}},
{"type":"Feature","geometry":{"type":"Polygon","coordinates":[[[2.20842,44.64384],[2.20454,44.64124],[2.20343,44.64372],[2.19744,44.64106],[2.18656,44.64094],[2.17668,44.6355],[2.18633,44.62861],[2.1903,44.62924],[2.19239,44.62671],[2.19411,44.62808],[2.19374,44.62442],[2.20779,44.61577],[2.21027,44.61859],[2.2207,44.62209],[2.21575,44.62475],[2.212,44.63119],[2.2129,44.6375],[2.20842,44.64384]]]},"properties":{"code_territoire":"iris151330000","libelle_territoire":"Montmurat (commune non irisée)"}},
{"type":"Feature","geometry":{"type":"Polygon","coordinates":[[[2.47217,44.65219],[2.4789,44.64809],[2.48391,44.65076],[2.48717,44.65668],[2.49119,44.65736],[2.48763,44.66874],[2.49481,44.67772],[2.49958,44.68981],[2.50921,44.69322],[2.51073,44.6958],[2.51414,44.69309],[2.52135,44.70051],[2.51799,44.70419],[2.52376,44.70505],[2.53641,44.71201],[2.53196,44.71843],[2.52783,44.71818],[2.52295,44.72245],[2.50673,44.72789],[2.50367,44.72068],[2.49198,44.72392],[2.48084,44.72216],[2.48044,44.72008],[2.48078,44.71374],[2.47112,44.70596],[2.47661,44.69683],[2.47464,44.69171],[2.47868,44.68716],[2.4707,44.67254],[2.46449,44.66784],[2.47295,44.65668],[2.47217,44.65219]]]},"properties":{"code_territoire":"iris151340000","libelle_territoire":"Montsalvy (commune non irisée)"}},
{"type":"Feature","geometry":{"type":"Polygon","coordinates":[[[2.13317,44.9856],[2.14189,44.98298],[2.14149,44.97847],[2.14665,44.97409],[2.15699,44.97728],[2.16318,44.97646],[2.16916,44.97208],[2.17092,44.98346],[2.16716,44.98957],[2.17182,44.99256],[2.17662,44.99204],[2.17723,44.99442],[2.18497,44.99788],[2.18218,45.00262],[2.19174,45.0011],[2.19367,45.00192],[2.19076,45.00491],[2.1931,45.0191],[2.18883,45.02254],[2.18408,45.01689],[2.17062,45.00826],[2.1604,45.00716],[2.15478,44.99979],[2.14681,45.00137],[2.14122,45.00544],[2.13928,45.00314],[2.14194,45.00015],[2.13317,44.9856]]]},"properties":{"code_territoire":"iris151350000","libelle_territoire":"Montvert (commune non irisée)"}},
{"type":"Feature","geometry":{"type":"Polygon","coordinates":[[[2.48315,44.91861],[2.48721,44.92238],[2.49152,44.9212],[2.49153,44.91811],[2.49543,44.9185],[2.49055,44.91491],[2.4934,44.91279],[2.49335,44.9031],[2.49638,44.90561],[2.5001,44.90747],[2.5057,44.90677],[2.50911,44.91222],[2.51179,44.9125],[2.50621,44.92064],[2.51795,44.92495],[2.52327,44.93056],[2.5292,44.93268],[2.52881,44.93793],[2.53403,44.9425],[2.53193,44.94365],[2.53587,44.9453],[2.53307,44.94753],[2.53017,44.94666],[2.53044,44.95152],[2.5341,44.95686],[2.54045,44.95804],[2.53963,44.96174],[2.5446,44.9613],[2.53895,44.9645],[2.54451,44.96621],[2.53889,44.96789],[2.53513,44.96542],[2.52111,44.95045],[2.51269,44.95207],[2.51039,44.95613],[2.50408,44.95609],[2.49578,44.94833],[2.498,44.94528],[2.49575,44.94104],[2.49291,44.94302],[2.48745,44.94002],[2.48716,44.9346],[2.48386,44.93489],[2.48033,44.9295],[2.47317,44.92974],[2.48315,44.91861]]]},"properties":{"code_territoire":"iris150740000","libelle_territoire":"Giou-de-Mamou (commune non irisée)"}},
{"type":"Feature","geometry":{"type":"Polygon","coordinates":[[[2.51329,45.06182],[2.51133,45.06105],[2.51323,45.05637],[2.51803,45.05682],[2.52171,45.05284],[2.52929,45.05179],[2.52766,45.0501],[2.52195,45.05142],[2.52004,45.04998],[2.5274,45.04938],[2.52288,45.04539],[2.51227,45.04333],[2.50484,45.04453],[2.50238,45.04699],[2.49837,45.04267],[2.48425,45.04486],[2.47963,45.0419],[2.47,45.04475],[2.4676,45.04375],[2.47213,45.04118],[2.46984,45.03916],[2.47505,45.03757],[2.47111,45.03294],[2.47253,45.0312],[2.47618,45.03255],[2.48545,45.03134],[2.48702,45.03289],[2.48698,45.02909],[2.50268,45.0272],[2.502,45.031],[2.51138,45.03068],[2.51201,45.02866],[2.51832,45.03045],[2.51575,45.04017],[2.51981,45.0431],[2.53454,45.0449],[2.53514,45.0477],[2.53784,45.04664],[2.55019,45.05253],[2.55477,45.05216],[2.56303,45.05839],[2.57791,45.06364],[2.57454,45.06689],[2.5684,45.06558],[2.56773,45.06738],[2.54304,45.0669],[2.54564,45.07259],[2.54206,45.0671],[2.53363,45.06309],[2.52804,45.06289],[2.52487,45.0699],[2.51633,45.06082],[2.51329,45.06182]]]},"properties":{"code_territoire":"iris150750000","libelle_territoire":"Girgols (commune non irisée)"}},
{"type":"Feature","geometry":{"type":"Polygon","coordinates":[[[2.47227,45.24974],[2.46674,45.25389],[2.46164,45.25385],[2.45965,45.25666],[2.45234,45.25647],[2.45231,45.25927],[2.44717,45.26161],[2.44716,45.24856],[2.44238,45.24371],[2.43894,45.24465],[2.43952,45.24618],[2.43631,45.24472],[2.43633,45.23992],[2.42308,45.24007],[2.42932,45.2375],[2.4339,45.23827],[2.4374,45.23669],[2.43553,45.23513],[2.4344,45.23278],[2.44516,45.2257],[2.44515,45.22188],[2.44089,45.22119],[2.4458,45.21781],[2.45139,45.21999],[2.46303,45.21921],[2.46767,45.21592],[2.47137,45.21879],[2.47728,45.21667],[2.48683,45.21936],[2.51435,45.21803],[2.52512,45.22687],[2.52009,45.22872],[2.5216,45.2315],[2.51469,45.23314],[2.50912,45.23739],[2.5013,45.23701],[2.49287,45.23982],[2.49422,45.24222],[2.47814,45.24403],[2.47227,45.24974]]]},"properties":{"code_territoire":"iris151370000","libelle_territoire":"Moussages (commune non irisée)"}},
{"type":"Feature","geometry":{"type":"Polygon","coordinates":[[[2.88019,45.10642],[2.89122,45.11379],[2.89008,45.11731],[2.88545,45.11835],[2.88098,45.11883],[2.87925,45.12134],[2.87766,45.11951],[2.88181,45.11791],[2.87971,45.11546],[2.87627,45.11766],[2.8684,45.11806],[2.86868,45.12103],[2.86545,45.12154],[2.87004,45.12363],[2.86892,45.12611],[2.87299,45.12577],[2.87639,45.12998],[2.87347,45.13045],[2.8782,45.13349],[2.86512,45.14678],[2.86267,45.1518],[2.8549,45.15164],[2.84899,45.14842],[2.84173,45.14877],[2.8426,45.15506],[2.83355,45.15213],[2.83155,45.14922],[2.81696,45.14505],[2.80903,45.13064],[2.81956,45.12555],[2.83635,45.12256],[2.8347,45.11913],[2.84466,45.11523],[2.85131,45.10992],[2.8492,45.10384],[2.84451,45.10167],[2.84934,45.09722],[2.84485,45.09218],[2.85187,45.09528],[2.86191,45.09535],[2.85616,45.09854],[2.86296,45.09914],[2.86118,45.10155],[2.87009,45.10568],[2.88019,45.10642]]]},"properties":{"code_territoire":"iris151380000","libelle_territoire":"Murat (commune non irisée)"}},
{"type":"Feature","geometry":{"type":"Polygon","coordinates":[[[2.15713,44.86277],[2.16709,44.85819],[2.1765,44.85996],[2.17976,44.86278],[2.17856,44.86479],[2.17041,44.86715],[2.17497,44.87204],[2.17172,44.87458],[2.17567,44.87632],[2.1713,44.87664],[2.17547,44.87731],[2.17355,44.88097],[2.17747,44.88279],[2.1755,44.88558],[2.18061,44.88297],[2.18288,44.88499],[2.18556,44.88319],[2.18973,44.88468],[2.19093,44.88288],[2.19099,44.88518],[2.19591,44.8854],[2.19905,44.89693],[2.19498,44.90826],[2.19999,44.91141],[2.20865,44.91296],[2.20757,44.91801],[2.19787,44.92684],[2.18798,44.92554],[2.18072,44.93066],[2.16598,44.93224],[2.16538,44.93486],[2.1635,44.93295],[2.14892,44.93054],[2.14826,44.92858],[2.15541,44.92454],[2.14498,44.92314],[2.13946,44.9133],[2.14594,44.9053],[2.13971,44.90046],[2.14303,44.89537],[2.1482,44.89589],[2.15514,44.8913],[2.1555,44.88653],[2.16092,44.88227],[2.16444,44.87071],[2.15991,44.86295],[2.15713,44.86277]]]},"properties":{"code_territoire":"iris150760000","libelle_territoire":"Glénat (commune non irisée)"}},
{"type":"Feature","geometry":{"type":"Polygon","coordinates":[[[2.86624,44.95105],[2.86127,44.94595],[2.86677,44.94262],[2.86666,44.94012],[2.8614,44.93585],[2.8636,44.93558],[2.86704,44.92612],[2.87184,44.92476],[2.87392,44.92403],[2.87515,44.92632],[2.86942,44.92922],[2.87021,44.93083],[2.87791,44.93012],[2.88985,44.93542],[2.89312,44.93944],[2.90226,44.94049],[2.89472,44.94593],[2.90243,44.95008],[2.90051,44.95495],[2.90338,44.95755],[2.89873,44.9655],[2.8806,44.96306],[2.87456,44.95348],[2.86775,44.95358],[2.86624,44.95105]]]},"properties":{"code_territoire":"iris150770000","libelle_territoire":"Gourdièges (commune non irisée)"}},
{"type":"Feature","geometry":{"type":"Polygon","coordinates":[[[2.93332,44.78115],[2.95835,44.78236],[2.95809,44.77867],[2.96508,44.77034],[2.96707,44.75574],[2.97353,44.75733],[2.97434,44.7561],[2.9742,44.74764],[2.98224,44.74539],[2.98764,44.74682],[2.99998,44.75862],[3.00442,44.76444],[2.99768,44.77081],[3.00156,44.77506],[3.01039,44.77639],[2.99904,44.79037],[2.98557,44.79054],[2.97998,44.79775],[2.97686,44.8114],[2.96692,44.81727],[2.96532,44.8223],[2.96823,44.82456],[2.9595,44.82905],[2.9595,44.83263],[2.963,44.83433],[2.96101,44.83943],[2.95245,44.84186],[2.94772,44.84672],[2.93286,44.84931],[2.93888,44.83911],[2.93482,44.83462],[2.93837,44.82637],[2.93547,44.82507],[2.9408,44.82284],[2.93931,44.81864],[2.94509,44.81617],[2.94974,44.80973],[2.93829,44.81137],[2.93394,44.81012],[2.93277,44.81359],[2.92807,44.80758],[2.92564,44.80798],[2.91555,44.80194],[2.92019,44.79431],[2.93332,44.78115]]]},"properties":{"code_territoire":"iris150780000","libelle_territoire":"Jabrun (commune non irisée)"}},
{"type":"Feature","geometry":{"type":"Polygon","coordinates":[[[2.77581,44.90962],[2.78076,44.91096],[2.78792,44.91766],[2.78559,44.92448],[2.79056,44.93001],[2.78791,44.93106],[2.78953,44.93271],[2.78677,44.93183],[2.78519,44.93363],[2.78304,44.94156],[2.77994,44.94143],[2.77864,44.94885],[2.77524,44.94879],[2.77664,44.94717],[2.77203,44.94629],[2.77203,44.94432],[2.76648,44.94686],[2.75756,44.94571],[2.76005,44.95522],[2.75636,44.95654],[2.75567,44.96515],[2.75142,44.96495],[2.75353,44.95945],[2.75026,44.95775],[2.75245,44.9559],[2.74581,44.95289],[2.74569,44.94996],[2.74242,44.94848],[2.74269,44.94328],[2.7384,44.94144],[2.74318,44.93649],[2.74081,44.93176],[2.74228,44.92891],[2.7499,44.93401],[2.75607,44.93265],[2.76032,44.93006],[2.76179,44.92478],[2.77179,44.91809],[2.77581,44.90962]]]},"properties":{"code_territoire":"iris151390000","libelle_territoire":"Narnhac (commune non irisée)"}},
{"type":"Feature","geometry":{"type":"Polygon","coordinates":[[[2.41752,44.9359],[2.4222,44.93635],[2.42163,44.9404],[2.43199,44.94009],[2.44324,44.94358],[2.44651,44.94571],[2.44185,44.94875],[2.44541,44.95325],[2.44154,44.95398],[2.44326,44.95726],[2.4552,44.96462],[2.45141,44.96787],[2.44226,44.96699],[2.43634,44.9641],[2.43189,44.9685],[2.42488,44.96639],[2.42109,44.96845],[2.40336,44.96743],[2.40627,44.96553],[2.40207,44.95936],[2.40792,44.95263],[2.40583,44.95034],[2.38859,44.95182],[2.38622,44.95077],[2.38736,44.94174],[2.39384,44.9421],[2.3936,44.93929],[2.39737,44.94034],[2.39799,44.94544],[2.40076,44.94539],[2.39868,44.9428],[2.40448,44.93694],[2.41707,44.93771],[2.41752,44.9359]]]},"properties":{"code_territoire":"iris151400000","libelle_territoire":"Naucelles (commune non irisée)"}},
{"type":"Feature","geometry":{"type":"Polygon","coordinates":[[[2.35205,45.29536],[2.35857,45.2885],[2.35809,45.28515],[2.36305,45.28216],[2.36292,45.27875],[2.35753,45.27274],[2.35044,45.27299],[2.34827,45.27097],[2.33712,45.2693],[2.34177,45.2657],[2.33903,45.2649],[2.33821,45.26116],[2.34075,45.26215],[2.33986,45.25927],[2.344,45.25783],[2.3412,45.25586],[2.34457,45.2572],[2.34642,45.25433],[2.34451,45.25284],[2.34784,45.24091],[2.35272,45.24559],[2.35769,45.23893],[2.36106,45.24145],[2.35762,45.24599],[2.36399,45.24622],[2.37036,45.25153],[2.37418,45.2496],[2.37285,45.25185],[2.37597,45.2545],[2.37514,45.24838],[2.37939,45.24923],[2.3818,45.24712],[2.38184,45.24986],[2.38764,45.24873],[2.38706,45.25387],[2.39101,45.25409],[2.39437,45.2572],[2.39181,45.2611],[2.39429,45.26717],[2.38721,45.27932],[2.3862,45.2858],[2.38211,45.28675],[2.38402,45.29169],[2.38108,45.29263],[2.38044,45.29745],[2.36005,45.29875],[2.36001,45.30102],[2.35311,45.30399],[2.35205,45.29536]]]},"properties":{"code_territoire":"iris150790000","libelle_territoire":"Jaleyrac (commune non irisée)"}},
{"type":"Feature","geometry":{"type":"Polygon","coordinates":[[[3.03774,45.1662],[3.03549,45.16831],[3.04025,45.17106],[3.03728,45.17853],[3.03864,45.18176],[3.04711,45.18302],[3.04602,45.1868],[3.03905,45.19009],[3.03831,45.19278],[3.0129,45.19059],[3.00932,45.1948],[3.00378,45.19298],[2.99655,45.19386],[2.9982,45.18389],[2.99285,45.17134],[2.99306,45.16071],[2.99051,45.15595],[2.98366,45.15171],[2.98427,45.14429],[2.99154,45.14443],[2.99277,45.14086],[2.98984,45.136],[3.0029,45.13367],[3.01297,45.13725],[3.01366,45.13471],[3.01014,45.13223],[3.01613,45.12868],[3.0193,45.13297],[3.01701,45.13501],[3.02465,45.13969],[3.02242,45.14434],[3.02612,45.1458],[3.02483,45.14891],[3.02916,45.15029],[3.02568,45.15378],[3.03521,45.15694],[3.03731,45.15941],[3.03495,45.16525],[3.03774,45.1662]]]},"properties":{"code_territoire":"iris150800000","libelle_territoire":"Joursac (commune non irisée)"}},
{"type":"Feature","geometry":{"type":"Polygon","coordinates":[[[2.68025,44.93479],[2.6761,44.95112],[2.68164,44.95409],[2.68196,44.95671],[2.67505,44.95497],[2.6759,44.95187],[2.67351,44.95061],[2.67101,44.95584],[2.66152,44.95421],[2.65634,44.95028],[2.65814,44.94642],[2.65006,44.94751],[2.65016,44.94885],[2.64598,44.94766],[2.63907,44.94227],[2.6438,44.94021],[2.64721,44.94092],[2.64753,44.9388],[2.65127,44.93831],[2.64689,44.9377],[2.65172,44.93604],[2.64748,44.92644],[2.65188,44.92474],[2.6542,44.92782],[2.6586,44.92887],[2.65999,44.92664],[2.66984,44.93237],[2.67247,44.93061],[2.6739,44.93413],[2.68025,44.93479]]]},"properties":{"code_territoire":"iris150810000","libelle_territoire":"Jou-sous-Monjou (commune non irisée)"}},
{"type":"Feature","geometry":{"type":"Polygon","coordinates":[[[3.02514,45.11218],[3.02862,45.11798],[3.01848,45.11937],[3.02251,45.12358],[3.01613,45.12868],[3.01014,45.13223],[3.01366,45.13471],[3.01297,45.13725],[3.0029,45.13367],[2.98984,45.136],[2.99277,45.14086],[2.99154,45.14443],[2.98427,45.14429],[2.98366,45.15171],[2.99051,45.15595],[2.99306,45.16071],[2.99285,45.17134],[2.9982,45.18389],[2.99655,45.19386],[2.99171,45.20034],[2.98126,45.20754],[2.97656,45.20721],[2.948,45.19356],[2.94134,45.19824],[2.93574,45.19768],[2.9329,45.19242],[2.92616,45.18974],[2.90625,45.19085],[2.90154,45.187],[2.88191,45.18984],[2.87748,45.18372],[2.87332,45.18332],[2.86665,45.17124],[2.86219,45.16927],[2.85824,45.16246],[2.85551,45.16266],[2.84897,45.15535],[2.8426,45.15506],[2.84173,45.14877],[2.84899,45.14842],[2.8549,45.15164],[2.86267,45.1518],[2.86512,45.14678],[2.88839,45.14131],[2.89812,45.13603],[2.8994,45.13985],[2.89595,45.14177],[2.89522,45.14582],[2.89907,45.14351],[2.90195,45.14434],[2.91019,45.13907],[2.91285,45.14122],[2.91499,45.14012],[2.91559,45.14247],[2.91984,45.14143],[2.91799,45.13987],[2.92131,45.14133],[2.9197,45.13959],[2.92224,45.13908],[2.92191,45.1367],[2.91898,45.1364],[2.91803,45.13055],[2.92089,45.13077],[2.92365,45.12738],[2.93191,45.12733],[2.92876,45.1238],[2.93616,45.12387],[2.9287,45.12106],[2.92735,45.11687],[2.93075,45.12028],[2.9244,45.11257],[2.92604,45.11139],[2.92406,45.11206],[2.92564,45.11078],[2.92045,45.10692],[2.9248,45.10881],[2.92713,45.10693],[2.93032,45.10831],[2.93426,45.10213],[2.93396,45.09812],[2.93071,45.09688],[2.93271,45.09539],[2.92597,45.09272],[2.92867,45.09006],[2.93185,45.09098],[2.93209,45.08864],[2.93781,45.08915],[2.93729,45.08758],[2.94212,45.08867],[2.9435,45.08673],[2.94753,45.08959],[2.95032,45.08899],[2.94808,45.08775],[2.95304,45.08196],[2.95074,45.08085],[2.95583,45.07507],[2.95392,45.07378],[2.95727,45.07215],[2.95964,45.07484],[2.9636,45.07178],[2.97015,45.07287],[2.97693,45.07737],[2.96989,45.07759],[2.9639,45.09941],[2.96021,45.10007],[2.95852,45.10314],[2.96286,45.10355],[2.96228,45.1056],[2.96723,45.10384],[2.9841,45.10515],[2.99033,45.11381],[2.98755,45.1136],[2.98752,45.11579],[2.99372,45.11523],[3.00681,45.11854],[3.01248,45.11665],[3.0108,45.11478],[3.01401,45.11281],[3.02514,45.11218]]]},"properties":{"code_territoire":"iris151410000","libelle_territoire":"Neussargues-Moissac (commune non irisée)"}},
{"type":"Feature","geometry":{"type":"Polygon","coordinates":[[[2.48044,44.72008],[2.47604,44.72595],[2.46696,44.73041],[2.46564,44.7347],[2.4577,44.73409],[2.45309,44.73655],[2.45079,44.73534],[2.45365,44.73396],[2.45241,44.72829],[2.44781,44.72747],[2.4493,44.72649],[2.4352,44.72778],[2.42902,44.72315],[2.43064,44.71665],[2.42873,44.71245],[2.43229,44.71501],[2.43306,44.71097],[2.43893,44.7102],[2.43224,44.7003],[2.43428,44.69724],[2.42809,44.69463],[2.42538,44.69634],[2.42292,44.69477],[2.42449,44.69113],[2.42072,44.69073],[2.42064,44.68883],[2.41837,44.6896],[2.42145,44.68028],[2.42433,44.67531],[2.43203,44.67321],[2.42896,44.66874],[2.4302,44.66464],[2.43308,44.65867],[2.44341,44.66371],[2.44818,44.66181],[2.44993,44.66306],[2.45882,44.66172],[2.45868,44.65924],[2.46907,44.65247],[2.47295,44.65668],[2.46449,44.66784],[2.4707,44.67254],[2.47868,44.68716],[2.47464,44.69171],[2.47661,44.69683],[2.47112,44.70596],[2.48078,44.71374],[2.48044,44.72008]]]},"properties":{"code_territoire":"iris150820000","libelle_territoire":"Junhac (commune non irisée)"}},
{"type":"Feature","geometry":{"type":"Polygon","coordinates":[[[2.43256,45.01498],[2.43442,45.01848],[2.42836,45.0168],[2.43361,45.02257],[2.42272,45.01639],[2.41256,45.01641],[2.40433,45.01071],[2.39756,45.00962],[2.38974,45.01142],[2.3885,45.01341],[2.38451,45.00992],[2.38817,44.99743],[2.37631,44.99558],[2.37594,44.99377],[2.38007,44.99422],[2.38175,44.99144],[2.3839,44.99031],[2.38065,44.98957],[2.38294,44.98896],[2.38745,44.99142],[2.39241,44.98789],[2.39311,44.98978],[2.39945,44.99022],[2.39676,44.98791],[2.39834,44.98603],[2.39234,44.98199],[2.39026,44.98258],[2.38804,44.97862],[2.39264,44.97207],[2.3969,44.97164],[2.4095,44.98017],[2.41965,44.97834],[2.42265,44.97991],[2.42327,44.97657],[2.42727,44.97864],[2.43227,44.97828],[2.43335,44.98008],[2.43449,44.97823],[2.43769,44.98204],[2.44271,44.98165],[2.44627,44.98435],[2.45492,44.98348],[2.46013,44.98634],[2.45715,44.99008],[2.46051,44.99049],[2.45964,44.99365],[2.4555,44.99449],[2.45671,44.99769],[2.45946,44.99812],[2.45896,44.99465],[2.46182,44.99262],[2.45964,45.00366],[2.45279,44.99994],[2.44172,45.00157],[2.43914,45.00103],[2.44095,44.99905],[2.43411,45.00169],[2.43459,45.00018],[2.43089,44.99993],[2.43095,44.99763],[2.42737,44.99666],[2.4264,45.00001],[2.43704,45.00559],[2.42966,45.01038],[2.43362,45.01292],[2.43256,45.01498]]]},"properties":{"code_territoire":"iris150830000","libelle_territoire":"Jussac (commune non irisée)"}},
{"type":"Feature","geometry":{"type":"Polygon","coordinates":[[[2.50898,44.73671],[2.5057,44.74204],[2.50206,44.74253],[2.50419,44.74577],[2.4898,44.75103],[2.48995,44.75401],[2.48361,44.75726],[2.48106,44.76142],[2.47399,44.76362],[2.47256,44.76723],[2.46464,44.76118],[2.46603,44.75937],[2.46308,44.75533],[2.457,44.75236],[2.45869,44.75077],[2.44996,44.74674],[2.45229,44.74155],[2.45079,44.73534],[2.45309,44.73655],[2.4577,44.73409],[2.46564,44.7347],[2.46696,44.73041],[2.47604,44.72595],[2.48044,44.72008],[2.48084,44.72216],[2.49198,44.72392],[2.50367,44.72068],[2.50673,44.72789],[2.5105,44.73087],[2.50898,44.73671]]]},"properties":{"code_territoire":"iris150840000","libelle_territoire":"Labesserette (commune non irisée)"}},
{"type":"Feature","geometry":{"type":"Polygon","coordinates":[[[2.5381,44.87621],[2.53867,44.87317],[2.53255,44.86817],[2.52396,44.87059],[2.5197,44.86981],[2.51744,44.86918],[2.51983,44.86655],[2.51554,44.86394],[2.51885,44.86009],[2.51037,44.85761],[2.50912,44.8527],[2.50513,44.8427],[2.52161,44.84499],[2.52926,44.84236],[2.53585,44.84276],[2.54175,44.83694],[2.54769,44.83802],[2.55773,44.8362],[2.56354,44.83151],[2.56176,44.82893],[2.56718,44.82268],[2.57386,44.82745],[2.57561,44.83219],[2.59136,44.83463],[2.58568,44.83909],[2.58645,44.84475],[2.58448,44.84694],[2.58345,44.84416],[2.58144,44.84451],[2.57696,44.84763],[2.57905,44.84866],[2.57794,44.85636],[2.57442,44.85947],[2.56806,44.85972],[2.57113,44.86318],[2.56467,44.87356],[2.55698,44.87006],[2.55584,44.87322],[2.55391,44.87223],[2.5553,44.87448],[2.55243,44.87325],[2.55119,44.87466],[2.54986,44.8719],[2.54449,44.87379],[2.545,44.87596],[2.54353,44.87406],[2.54209,44.87763],[2.5381,44.87621]]]},"properties":{"code_territoire":"iris150850000","libelle_territoire":"Labrousse (commune non irisée)"}},
{"type":"Feature","geometry":{"type":"Polygon","coordinates":[[[2.95664,44.98444],[2.95195,44.98019],[2.95416,44.97717],[2.95209,44.97434],[2.95003,44.97484],[2.94832,44.9705],[2.95006,44.96964],[2.95107,44.97233],[2.94956,44.96802],[2.95202,44.96711],[2.94817,44.9677],[2.94706,44.9651],[2.94473,44.96606],[2.93542,44.95464],[2.92978,44.96214],[2.91692,44.96363],[2.9121,44.96868],[2.90797,44.96929],[2.89873,44.9655],[2.90338,44.95755],[2.90051,44.95495],[2.90243,44.95008],[2.89472,44.94593],[2.90226,44.94049],[2.89312,44.93944],[2.88985,44.93542],[2.87791,44.93012],[2.87021,44.93083],[2.86942,44.92922],[2.87515,44.92632],[2.87392,44.92403],[2.87184,44.92476],[2.87019,44.92141],[2.87365,44.92173],[2.87485,44.91967],[2.88694,44.92001],[2.88444,44.91802],[2.89295,44.91332],[2.8983,44.91276],[2.90341,44.9072],[2.90465,44.90462],[2.90087,44.90077],[2.89201,44.90279],[2.89041,44.90158],[2.89256,44.89507],[2.8968,44.89162],[2.91186,44.8905],[2.91495,44.89459],[2.92365,44.8933],[2.92574,44.89343],[2.92843,44.88769],[2.94297,44.89118],[2.9491,44.88434],[2.96095,44.88105],[2.96711,44.88095],[2.97408,44.88592],[2.97704,44.88272],[2.9846,44.88706],[2.99404,44.88439],[2.9942,44.88911],[3.0031,44.8916],[3.00609,44.8948],[3.0141,44.90233],[3.02456,44.90269],[3.03105,44.90052],[3.02787,44.90512],[3.03456,44.9083],[3.04423,44.90889],[3.04491,44.90721],[3.04017,44.90597],[3.0431,44.90295],[3.05085,44.90435],[3.05342,44.90755],[3.05494,44.90904],[3.06183,44.90828],[3.06591,44.91317],[3.05687,44.91689],[3.05729,44.91947],[3.06701,44.91683],[3.06901,44.92215],[3.07629,44.92157],[3.0829,44.92437],[3.08395,44.9308],[3.0822,44.93156],[3.08072,44.92941],[3.07717,44.93556],[3.07488,44.93547],[3.07518,44.93808],[3.07682,44.93758],[3.07525,44.94234],[3.06661,44.94593],[3.06713,44.94794],[3.06258,44.94746],[3.06294,44.9563],[3.07212,44.96107],[3.06794,44.96104],[3.06751,44.96437],[3.05111,44.97758],[3.04352,44.98016],[3.04176,44.98349],[3.03015,44.99031],[3.01575,44.9914],[3.00672,44.98381],[3.00995,44.98213],[2.99946,44.97872],[2.99827,44.9752],[2.99707,44.97653],[2.98504,44.9699],[2.98422,44.97269],[2.97992,44.9697],[2.97604,44.97305],[2.97984,44.97177],[2.97794,44.97552],[2.9828,44.97657],[2.97939,44.97684],[2.9797,44.98275],[2.97402,44.98462],[2.97356,44.9873],[2.96932,44.98384],[2.96381,44.98446],[2.96286,44.98284],[2.95938,44.98508],[2.95664,44.98444]]]},"properties":{"code_territoire":"iris151420000","libelle_territoire":"Neuvéglise-sur-Truyère (commune non irisée)"}},
{"type":"Feature","geometry":{"type":"Polygon","coordinates":[[[2.72588,44.97876],[2.72512,44.96771],[2.72132,44.96567],[2.71742,44.96722],[2.71334,44.96189],[2.7146,44.95624],[2.71135,44.9441],[2.71514,44.93239],[2.71778,44.93311],[2.71875,44.93129],[2.71669,44.92888],[2.72377,44.92455],[2.72841,44.93646],[2.73425,44.93745],[2.73769,44.94041],[2.73376,44.94374],[2.73017,44.94135],[2.72812,44.94356],[2.73427,44.96066],[2.73139,44.9652],[2.73232,44.9731],[2.72588,44.97876]]]},"properties":{"code_territoire":"iris150860000","libelle_territoire":"Lacapelle-Barrès (commune non irisée)"}},
{"type":"Feature","geometry":{"type":"Polygon","coordinates":[[[2.40466,44.76807],[2.41887,44.76543],[2.42258,44.76689],[2.4359,44.75712],[2.44117,44.75581],[2.44996,44.74674],[2.45869,44.75077],[2.457,44.75236],[2.46308,44.75533],[2.46603,44.75937],[2.46464,44.76118],[2.47256,44.76723],[2.46439,44.77331],[2.44395,44.77408],[2.44245,44.78322],[2.43499,44.78178],[2.43352,44.78412],[2.4204,44.78852],[2.40814,44.80044],[2.40559,44.79596],[2.39875,44.79428],[2.3963,44.79033],[2.39132,44.78922],[2.39086,44.78632],[2.39455,44.78298],[2.3888,44.77941],[2.39356,44.77671],[2.39498,44.77821],[2.40412,44.77694],[2.40647,44.77473],[2.40107,44.77194],[2.40466,44.76807]]]},"properties":{"code_territoire":"iris150870000","libelle_territoire":"Lacapelle-del-Fraisse (commune non irisée)"}},
{"type":"Feature","geometry":{"type":"Polygon","coordinates":[[[2.30481,44.91578],[2.29253,44.92008],[2.29092,44.92327],[2.2924,44.92596],[2.29871,44.92676],[2.30388,44.93832],[2.29773,44.9405],[2.29051,44.93936],[2.29083,44.94293],[2.29614,44.94389],[2.29017,44.9438],[2.28746,44.94654],[2.28485,44.94547],[2.28111,44.95031],[2.26915,44.95308],[2.2675,44.94626],[2.26117,44.94365],[2.26026,44.93929],[2.25731,44.93856],[2.25553,44.94105],[2.25099,44.94113],[2.24736,44.93747],[2.24332,44.93723],[2.24444,44.9352],[2.24844,44.93496],[2.24954,44.93693],[2.25642,44.93352],[2.24723,44.9221],[2.25018,44.91813],[2.24231,44.91363],[2.24262,44.91161],[2.25702,44.90818],[2.25936,44.9029],[2.27226,44.90545],[2.2765,44.90434],[2.29701,44.90934],[2.3041,44.91002],[2.30673,44.91248],[2.30481,44.91578]]]},"properties":{"code_territoire":"iris150880000","libelle_territoire":"Lacapelle-Viescamp (commune non irisée)"}},
{"type":"Feature","geometry":{"type":"Polygon","coordinates":[[[2.55444,44.7391],[2.55135,44.74215],[2.55479,44.74474],[2.54997,44.74833],[2.55411,44.74823],[2.54994,44.75496],[2.55342,44.75731],[2.53918,44.76964],[2.53225,44.77163],[2.53201,44.77534],[2.51718,44.77999],[2.51631,44.78756],[2.5079,44.79262],[2.50195,44.79971],[2.49371,44.799],[2.49192,44.79667],[2.47934,44.80212],[2.47434,44.80086],[2.47085,44.80006],[2.47024,44.79727],[2.4718,44.78721],[2.47945,44.77715],[2.47692,44.77407],[2.47975,44.77166],[2.47633,44.77127],[2.47845,44.7666],[2.47256,44.76723],[2.47399,44.76362],[2.48106,44.76142],[2.48361,44.75726],[2.48995,44.75401],[2.4898,44.75103],[2.50419,44.74577],[2.50206,44.74253],[2.5057,44.74204],[2.50898,44.73671],[2.51278,44.73601],[2.5116,44.73442],[2.51424,44.73593],[2.51439,44.74235],[2.51989,44.73875],[2.52478,44.73904],[2.53517,44.74721],[2.5356,44.74402],[2.55444,44.7391]]]},"properties":{"code_territoire":"iris150890000","libelle_territoire":"Ladinhac (commune non irisée)"}},
{"type":"Feature","geometry":{"type":"Polygon","coordinates":[[[2.21163,44.98907],[2.21539,44.98377],[2.21913,44.98401],[2.22506,44.98072],[2.22703,44.9739],[2.24231,44.96725],[2.26862,44.9596],[2.26169,44.97272],[2.27131,44.9791],[2.26572,44.98566],[2.2655,44.9886],[2.27011,44.9881],[2.2694,44.99921],[2.266,44.99968],[2.26698,45.00385],[2.26134,45.0019],[2.25579,45.00398],[2.24895,45.00146],[2.24869,44.99483],[2.24492,44.99072],[2.2405,44.9919],[2.23555,44.99044],[2.23104,44.99435],[2.21999,44.99729],[2.21423,44.9939],[2.21163,44.98907]]]},"properties":{"code_territoire":"iris151430000","libelle_territoire":"Nieudan (commune non irisée)"}},
{"type":"Feature","geometry":{"type":"Polygon","coordinates":[[[2.27398,44.89867],[2.27243,44.89407],[2.26725,44.89414],[2.26331,44.89988],[2.26255,44.89598],[2.26504,44.89481],[2.25986,44.89183],[2.24957,44.89759],[2.2534,44.89992],[2.25547,44.89779],[2.25569,44.90376],[2.25052,44.90257],[2.25098,44.90076],[2.24764,44.9016],[2.24962,44.8991],[2.24425,44.90174],[2.23866,44.90067],[2.24163,44.89207],[2.24543,44.89198],[2.2477,44.88618],[2.24695,44.88364],[2.24337,44.88284],[2.24472,44.87868],[2.24918,44.87763],[2.24395,44.87598],[2.24542,44.86929],[2.24904,44.86917],[2.25488,44.86108],[2.26039,44.85864],[2.26617,44.8641],[2.26345,44.86907],[2.26559,44.87434],[2.27334,44.87154],[2.27721,44.8759],[2.28156,44.86772],[2.2778,44.86546],[2.29254,44.86053],[2.29583,44.86887],[2.30611,44.87351],[2.28633,44.88735],[2.28193,44.88737],[2.27825,44.89736],[2.27668,44.89632],[2.27398,44.89867]]]},"properties":{"code_territoire":"iris151440000","libelle_territoire":"Omps (commune non irisée)"}},
{"type":"Feature","geometry":{"type":"Polygon","coordinates":[[[2.41177,44.80426],[2.40848,44.80179],[2.40814,44.80044],[2.4204,44.78852],[2.43352,44.78412],[2.43499,44.78178],[2.44245,44.78322],[2.44395,44.77408],[2.46439,44.77331],[2.47256,44.76723],[2.47845,44.7666],[2.47633,44.77127],[2.47975,44.77166],[2.47692,44.77407],[2.47945,44.77715],[2.4718,44.78721],[2.47024,44.79727],[2.47085,44.80006],[2.47434,44.80086],[2.46853,44.80797],[2.46335,44.81033],[2.4607,44.80782],[2.45586,44.80797],[2.45151,44.81089],[2.45094,44.81689],[2.44566,44.81937],[2.44312,44.81267],[2.43953,44.81036],[2.44092,44.80826],[2.43654,44.80801],[2.42924,44.81154],[2.41846,44.80451],[2.41177,44.80426]]]},"properties":{"code_territoire":"iris150900000","libelle_territoire":"Lafeuillade-en-Vézie (commune non irisée)"}},
{"type":"Feature","geometry":{"type":"Polygon","coordinates":[[[2.88816,45.2609],[2.89048,45.26416],[2.88675,45.26594],[2.89599,45.27351],[2.89668,45.28291],[2.8932,45.29638],[2.89512,45.30339],[2.8676,45.30532],[2.86414,45.30096],[2.86763,45.29959],[2.85964,45.29676],[2.85831,45.29063],[2.85425,45.28878],[2.86088,45.28594],[2.84879,45.27882],[2.84871,45.27676],[2.8519,45.27062],[2.8437,45.26794],[2.84128,45.26437],[2.84336,45.26225],[2.84017,45.26277],[2.8395,45.25974],[2.84275,45.25401],[2.85525,45.24819],[2.85749,45.24093],[2.86186,45.24222],[2.86531,45.24845],[2.87843,45.24466],[2.88386,45.24698],[2.89338,45.24688],[2.89702,45.24738],[2.89188,45.25841],[2.88816,45.2609]]]},"properties":{"code_territoire":"iris150910000","libelle_territoire":"Landeyrat (commune non irisée)"}},
{"type":"Feature","geometry":{"type":"Polygon","coordinates":[[[2.52222,45.40266],[2.52732,45.40517],[2.53865,45.40614],[2.53876,45.40346],[2.54821,45.40083],[2.55269,45.40377],[2.55277,45.40193],[2.55834,45.4025],[2.55759,45.41071],[2.56043,45.41481],[2.5656,45.41508],[2.57269,45.42311],[2.58642,45.42638],[2.58933,45.43121],[2.60136,45.43619],[2.61205,45.43523],[2.62092,45.43996],[2.62382,45.44394],[2.62597,45.44664],[2.62311,45.45111],[2.62421,45.45823],[2.62186,45.45983],[2.6234,45.4664],[2.61771,45.47009],[2.61723,45.46392],[2.60376,45.45008],[2.59315,45.4527],[2.58986,45.44937],[2.5852,45.44997],[2.58447,45.45308],[2.58169,45.45241],[2.578,45.45612],[2.57442,45.45605],[2.57347,45.45908],[2.56948,45.45982],[2.57119,45.46232],[2.56908,45.46439],[2.56363,45.46582],[2.56078,45.46288],[2.55573,45.46241],[2.55598,45.46449],[2.54723,45.46314],[2.53807,45.45691],[2.53565,45.45798],[2.51984,45.44836],[2.49688,45.44726],[2.49296,45.43854],[2.49621,45.4363],[2.49165,45.4295],[2.49273,45.42392],[2.48753,45.41817],[2.49353,45.41349],[2.50244,45.41186],[2.5015,45.4098],[2.50527,45.41063],[2.51812,45.4019],[2.52222,45.40266]]]},"properties":{"code_territoire":"iris150920000","libelle_territoire":"Lanobre (commune non irisée)"}},
{"type":"Feature","geometry":{"type":"Polygon","coordinates":[[[2.73978,45.03467],[2.73115,45.02368],[2.72587,45.01177],[2.71806,45.00893],[2.7153,44.99939],[2.71042,44.99989],[2.70963,44.98805],[2.70456,44.98844],[2.70388,44.98549],[2.69548,44.97933],[2.69576,44.97542],[2.69272,44.97379],[2.69147,44.97674],[2.6874,44.97211],[2.6866,44.96761],[2.68656,44.96956],[2.68249,44.96922],[2.68196,44.96249],[2.68538,44.96439],[2.68719,44.96141],[2.68196,44.95671],[2.68164,44.95409],[2.6761,44.95112],[2.68025,44.93479],[2.68506,44.93447],[2.68631,44.9326],[2.68262,44.93126],[2.68475,44.92756],[2.68253,44.92778],[2.68163,44.92274],[2.68283,44.92144],[2.6874,44.92367],[2.68789,44.9227],[2.68419,44.92203],[2.68599,44.91921],[2.68276,44.92032],[2.68665,44.91216],[2.68315,44.91085],[2.68187,44.90735],[2.68343,44.90496],[2.68736,44.9058],[2.69012,44.90215],[2.69255,44.90533],[2.69489,44.90475],[2.69478,44.90802],[2.69708,44.90362],[2.70636,44.90714],[2.71226,44.9172],[2.71107,44.91918],[2.71558,44.92388],[2.71359,44.92713],[2.71669,44.92888],[2.71875,44.93129],[2.71778,44.93311],[2.71514,44.93239],[2.71135,44.9441],[2.7146,44.95624],[2.71334,44.96189],[2.71742,44.96722],[2.72132,44.96567],[2.72512,44.96771],[2.72588,44.97876],[2.72093,44.98438],[2.71843,44.99396],[2.72459,45.00062],[2.72814,45.0015],[2.73097,45.00689],[2.73599,45.00849],[2.73622,45.01434],[2.73887,45.01356],[2.73993,45.01618],[2.73694,45.02271],[2.74136,45.0308],[2.73978,45.03467]]]},"properties":{"code_territoire":"iris151460000","libelle_territoire":"Pailherols (commune non irisée)"}},
{"type":"Feature","geometry":{"type":"Polygon","coordinates":[[[2.14926,44.852],[2.12767,44.84063],[2.1351,44.82717],[2.14023,44.82371],[2.14521,44.82369],[2.15357,44.81656],[2.16071,44.81587],[2.16805,44.81069],[2.1652,44.80668],[2.16539,44.79928],[2.17153,44.7904],[2.17329,44.79281],[2.17766,44.79324],[2.17633,44.79804],[2.18046,44.79823],[2.17776,44.80288],[2.1833,44.80525],[2.18769,44.80404],[2.18794,44.80876],[2.19778,44.80929],[2.19996,44.81301],[2.2016,44.81072],[2.2044,44.81144],[2.20178,44.80831],[2.20374,44.80757],[2.20597,44.81045],[2.21301,44.81246],[2.21163,44.82039],[2.21419,44.82958],[2.20819,44.83064],[2.20927,44.83355],[2.20142,44.83682],[2.19219,44.8472],[2.18577,44.84537],[2.17881,44.84975],[2.16671,44.85211],[2.16407,44.84613],[2.16033,44.84945],[2.15344,44.84971],[2.14926,44.852]]]},"properties":{"code_territoire":"iris151470000","libelle_territoire":"Parlan (commune non irisée)"}},
{"type":"Feature","geometry":{"type":"Polygon","coordinates":[[[2.53641,44.71201],[2.54079,44.71169],[2.54077,44.71352],[2.5487,44.7163],[2.55028,44.71968],[2.56056,44.72061],[2.55785,44.72529],[2.56096,44.72756],[2.55703,44.72826],[2.55993,44.7315],[2.55514,44.72911],[2.55364,44.72525],[2.54434,44.72526],[2.55235,44.73343],[2.55584,44.73341],[2.55057,44.73663],[2.55444,44.7391],[2.5356,44.74402],[2.53517,44.74721],[2.52478,44.73904],[2.51989,44.73875],[2.51439,44.74235],[2.51424,44.73593],[2.5116,44.73442],[2.51278,44.73601],[2.50898,44.73671],[2.5105,44.73087],[2.50673,44.72789],[2.52295,44.72245],[2.52783,44.71818],[2.53196,44.71843],[2.53641,44.71201]]]},"properties":{"code_territoire":"iris150930000","libelle_territoire":"Lapeyrugue (commune non irisée)"}},
{"type":"Feature","geometry":{"type":"Polygon","coordinates":[[[2.16722,44.93833],[2.17359,44.94268],[2.1873,44.96599],[2.18999,44.9665],[2.197,44.96023],[2.20413,44.95862],[2.21632,44.96181],[2.21232,44.96649],[2.22988,44.96655],[2.23752,44.96727],[2.23813,44.96884],[2.24231,44.96725],[2.22703,44.9739],[2.22506,44.98072],[2.21913,44.98401],[2.21539,44.98377],[2.21163,44.98907],[2.20094,44.99411],[2.19792,44.99282],[2.19174,45.0011],[2.18218,45.00262],[2.18497,44.99788],[2.17723,44.99442],[2.17662,44.99204],[2.17182,44.99256],[2.16716,44.98957],[2.17092,44.98346],[2.16916,44.97208],[2.17425,44.96687],[2.17887,44.96733],[2.18075,44.96476],[2.17754,44.9608],[2.17192,44.96122],[2.16601,44.95735],[2.16713,44.95404],[2.16161,44.94948],[2.1612,44.94414],[2.16722,44.93833]]]},"properties":{"code_territoire":"iris150940000","libelle_territoire":"Laroquebrou (commune non irisée)"}},
{"type":"Feature","geometry":{"type":"Polygon","coordinates":[[[2.50268,45.0272],[2.50065,45.02388],[2.5041,45.02305],[2.50379,45.02643],[2.50732,45.02545],[2.50418,45.02177],[2.50653,45.02328],[2.50727,45.02013],[2.4976,45.01771],[2.49335,45.01425],[2.4977,45.00968],[2.49516,45.00619],[2.505,45.00586],[2.50633,45.00361],[2.5166,45.00655],[2.52199,45.00642],[2.52306,45.00408],[2.53028,45.00424],[2.53715,45.00559],[2.54539,45.01043],[2.55445,45.01829],[2.55817,45.0186],[2.55517,45.02183],[2.55581,45.02512],[2.55194,45.02698],[2.55558,45.03242],[2.54799,45.03693],[2.5501,45.04174],[2.54805,45.04156],[2.54688,45.0459],[2.557,45.04851],[2.55336,45.04834],[2.55477,45.05216],[2.55019,45.05253],[2.53784,45.04664],[2.53514,45.0477],[2.53454,45.0449],[2.51981,45.0431],[2.51575,45.04017],[2.51832,45.03045],[2.51201,45.02866],[2.51138,45.03068],[2.502,45.031],[2.50268,45.0272]]]},"properties":{"code_territoire":"iris150950000","libelle_territoire":"Laroquevieille (commune non irisée)"}},
{"type":"Feature","geometry":{"type":"Polygon","coordinates":[[[2.57454,45.06689],[2.57791,45.06364],[2.56303,45.05839],[2.55477,45.05216],[2.55336,45.04834],[2.557,45.04851],[2.54688,45.0459],[2.54805,45.04156],[2.5501,45.04174],[2.54799,45.03693],[2.55558,45.03242],[2.55194,45.02698],[2.55581,45.02512],[2.55517,45.02183],[2.55817,45.0186],[2.55445,45.01829],[2.54539,45.01043],[2.55106,45.00672],[2.55809,45.01041],[2.56678,45.00923],[2.56747,45.00288],[2.58766,45.00804],[2.59285,45.00824],[2.59333,45.00494],[2.60677,45.00571],[2.60949,45.00867],[2.60922,45.01589],[2.60301,45.01306],[2.59789,45.01555],[2.59527,45.01291],[2.59244,45.0181],[2.58822,45.01717],[2.58808,45.02131],[2.58219,45.02156],[2.5764,45.02575],[2.57235,45.02392],[2.56737,45.02831],[2.5665,45.03229],[2.5766,45.03822],[2.58085,45.0374],[2.57901,45.03338],[2.58197,45.03183],[2.59652,45.03965],[2.59466,45.04187],[2.60069,45.05067],[2.59649,45.05856],[2.59148,45.05988],[2.59087,45.0664],[2.58014,45.06839],[2.57454,45.06689]]]},"properties":{"code_territoire":"iris150960000","libelle_territoire":"Lascelle (commune non irisée)"}},
{"type":"Feature","geometry":{"type":"Polygon","coordinates":[[[2.81025,45.0327],[2.83833,45.02002],[2.84733,45.01908],[2.86042,45.01353],[2.86099,45.00863],[2.8659,45.00968],[2.87058,45.00717],[2.86538,45.00159],[2.86926,44.99802],[2.87669,44.99475],[2.88089,44.99694],[2.88587,44.99511],[2.89611,44.98587],[2.90537,44.98339],[2.9158,44.98303],[2.92144,44.98924],[2.91897,44.98977],[2.92074,44.99512],[2.93301,44.99334],[2.93928,45.00366],[2.94437,45.00222],[2.94963,45.00637],[2.95083,45.00447],[2.95766,45.00512],[2.95513,45.00717],[2.95656,45.00849],[2.97144,45.01174],[2.97698,45.01573],[2.97809,45.0171],[2.97143,45.01774],[2.96935,45.02219],[2.95986,45.02012],[2.95829,45.02296],[2.95104,45.01849],[2.9498,45.0205],[2.95268,45.02329],[2.94762,45.02296],[2.94904,45.0265],[2.94313,45.02632],[2.95011,45.03422],[2.9485,45.03598],[2.94498,45.03433],[2.9431,45.03639],[2.94088,45.0342],[2.93165,45.03485],[2.92869,45.03701],[2.92501,45.03414],[2.92245,45.0338],[2.92189,45.03569],[2.91694,45.03445],[2.91915,45.03303],[2.91693,45.03351],[2.91615,45.03167],[2.89922,45.0314],[2.88886,45.03293],[2.88542,45.03619],[2.88262,45.03543],[2.87928,45.02842],[2.86137,45.03535],[2.86503,45.04662],[2.8482,45.04679],[2.84492,45.04861],[2.82258,45.04956],[2.80597,45.04987],[2.79761,45.05354],[2.79011,45.04822],[2.79628,45.04557],[2.7936,45.04257],[2.80503,45.03744],[2.81025,45.0327]]]},"properties":{"code_territoire":"iris151480000","libelle_territoire":"Paulhac (commune non irisée)"}},
{"type":"Feature","geometry":{"type":"Polygon","coordinates":[[[2.77841,44.88751],[2.77388,44.88014],[2.77058,44.87974],[2.77107,44.87596],[2.7686,44.87461],[2.77087,44.87087],[2.76722,44.86571],[2.77362,44.85479],[2.77628,44.85797],[2.78074,44.85706],[2.78286,44.86192],[2.79078,44.8677],[2.79875,44.86904],[2.80231,44.87392],[2.80802,44.8741],[2.81462,44.8691],[2.81981,44.87195],[2.8263,44.87049],[2.8317,44.87253],[2.84898,44.87152],[2.85473,44.87406],[2.85234,44.87538],[2.85835,44.88835],[2.8571,44.89029],[2.86069,44.89325],[2.85976,44.89568],[2.85517,44.90614],[2.84495,44.90312],[2.84164,44.90651],[2.82957,44.90677],[2.82446,44.90421],[2.81908,44.90564],[2.81302,44.90243],[2.80756,44.90267],[2.80397,44.90109],[2.80396,44.90323],[2.79898,44.90374],[2.79451,44.89976],[2.7926,44.89202],[2.77841,44.88751]]]},"properties":{"code_territoire":"iris151490000","libelle_territoire":"Paulhenc (commune non irisée)"}},
{"type":"Feature","geometry":{"type":"Polygon","coordinates":[[[3.23356,45.13304],[3.22947,45.13084],[3.22699,45.13512],[3.22383,45.13308],[3.22732,45.13274],[3.2236,45.12966],[3.22676,45.12869],[3.22703,45.12617],[3.22341,45.12266],[3.22453,45.12095],[3.22279,45.12143],[3.22418,45.11755],[3.22104,45.11586],[3.21782,45.11526],[3.2142,45.119],[3.20881,45.11817],[3.20943,45.12141],[3.20717,45.1193],[3.20475,45.12297],[3.20178,45.12196],[3.19705,45.12561],[3.19424,45.12467],[3.19053,45.12329],[3.19656,45.11571],[3.19434,45.11517],[3.19608,45.11129],[3.19398,45.10773],[3.20502,45.09835],[3.21158,45.09398],[3.21753,45.0938],[3.22531,45.08793],[3.22862,45.08997],[3.23593,45.09299],[3.23071,45.1017],[3.22993,45.09975],[3.22845,45.10164],[3.22913,45.10488],[3.23121,45.11454],[3.2432,45.11639],[3.24236,45.11863],[3.23953,45.11849],[3.24133,45.11956],[3.24476,45.11802],[3.25005,45.12002],[3.24132,45.12377],[3.24353,45.12579],[3.24059,45.13078],[3.23356,45.13304]]]},"properties":{"code_territoire":"iris150970000","libelle_territoire":"Lastic (commune non irisée)"}},
{"type":"Feature","geometry":{"type":"Polygon","coordinates":[[[3.0915,45.26048],[3.09134,45.26237],[3.09615,45.26042],[3.10167,45.26329],[3.10714,45.26815],[3.10629,45.27045],[3.10873,45.26844],[3.11363,45.27154],[3.11699,45.26998],[3.12115,45.27184],[3.12381,45.2707],[3.12838,45.27568],[3.12843,45.28232],[3.13446,45.28525],[3.1316,45.28612],[3.11131,45.28413],[3.10515,45.29098],[3.09937,45.29232],[3.08771,45.28871],[3.08225,45.28969],[3.08617,45.29672],[3.08419,45.29899],[3.0979,45.30051],[3.09715,45.30263],[3.09561,45.30138],[3.08487,45.30397],[3.0827,45.30722],[3.05911,45.30681],[3.04367,45.29908],[3.03689,45.29841],[3.03998,45.2897],[3.04367,45.29012],[3.04844,45.28693],[3.05228,45.28808],[3.05776,45.28278],[3.06603,45.28079],[3.06567,45.27306],[3.06207,45.26883],[3.07072,45.26933],[3.07703,45.26488],[3.0829,45.26476],[3.0915,45.26048]]]},"properties":{"code_territoire":"iris150980000","libelle_territoire":"Laurie (commune non irisée)"}},
{"type":"Feature","geometry":{"type":"Polygon","coordinates":[[[2.91386,45.07528],[2.91319,45.07837],[2.91713,45.07859],[2.91634,45.08139],[2.92034,45.08227],[2.91832,45.08412],[2.921,45.08473],[2.9185,45.08579],[2.92079,45.08606],[2.91788,45.08642],[2.91319,45.08511],[2.91472,45.08639],[2.90986,45.08902],[2.91236,45.09094],[2.90983,45.08989],[2.90774,45.09556],[2.90091,45.0936],[2.8986,45.09562],[2.89541,45.09504],[2.89655,45.09742],[2.89262,45.0973],[2.88323,45.09558],[2.87812,45.09134],[2.88059,45.08856],[2.87532,45.08316],[2.85137,45.07421],[2.82171,45.05347],[2.82258,45.04956],[2.84492,45.04861],[2.84534,45.05292],[2.83498,45.05494],[2.83539,45.05838],[2.86137,45.07004],[2.86854,45.0764],[2.87288,45.07655],[2.87072,45.07451],[2.87317,45.07021],[2.87685,45.07413],[2.8801,45.07296],[2.88041,45.07448],[2.88367,45.07345],[2.88227,45.07233],[2.88881,45.07363],[2.89629,45.07116],[2.89784,45.07359],[2.8978,45.07202],[2.90017,45.07251],[2.90458,45.07859],[2.91082,45.0786],[2.90967,45.07508],[2.91386,45.07528]]]},"properties":{"code_territoire":"iris151000000","libelle_territoire":"Laveissenet (commune non irisée)"}},
{"type":"Feature","geometry":{"type":"Polygon","coordinates":[[[2.77088,45.11995],[2.76378,45.12254],[2.75531,45.11942],[2.73788,45.10729],[2.73332,45.10105],[2.71985,45.10041],[2.71673,45.08833],[2.73261,45.0871],[2.73375,45.0836],[2.7428,45.08297],[2.75173,45.07943],[2.75461,45.0732],[2.7659,45.06639],[2.77006,45.07095],[2.77032,45.07724],[2.78056,45.08821],[2.80715,45.09652],[2.81243,45.09655],[2.81221,45.09347],[2.81494,45.0929],[2.82558,45.09874],[2.83252,45.09824],[2.83846,45.10128],[2.84451,45.10167],[2.8492,45.10384],[2.85131,45.10992],[2.84466,45.11523],[2.8347,45.11913],[2.83635,45.12256],[2.81956,45.12555],[2.80903,45.13064],[2.78056,45.12684],[2.77922,45.12239],[2.77088,45.11995]]]},"properties":{"code_territoire":"iris151010000","libelle_territoire":"Laveissière (commune non irisée)"}},
{"type":"Feature","geometry":{"type":"Polygon","coordinates":[[[2.74056,45.15455],[2.7337,45.14739],[2.70071,45.12932],[2.68932,45.11343],[2.6767,45.10929],[2.68421,45.10425],[2.69364,45.10236],[2.71078,45.11013],[2.71985,45.10041],[2.73332,45.10105],[2.73788,45.10729],[2.75531,45.11942],[2.76378,45.12254],[2.77088,45.11995],[2.77541,45.12632],[2.77571,45.14389],[2.76501,45.14083],[2.76609,45.14336],[2.75905,45.145],[2.75495,45.15281],[2.74726,45.15155],[2.74056,45.15455]]]},"properties":{"code_territoire":"iris151020000","libelle_territoire":"Lavigerie (commune non irisée)"}},
{"type":"Feature","geometry":{"type":"Polygon","coordinates":[[[3.02702,45.24076],[3.02716,45.23865],[3.02173,45.23724],[3.02259,45.23476],[3.01872,45.23608],[3.0178,45.22818],[3.01077,45.22619],[3.00384,45.22655],[2.99777,45.22964],[2.99855,45.23157],[2.9941,45.23155],[2.99427,45.22993],[2.99054,45.23256],[2.97841,45.23261],[2.97678,45.2299],[2.97941,45.22826],[2.97532,45.22714],[2.9765,45.22347],[2.98299,45.22334],[2.98335,45.21954],[2.99129,45.21996],[2.99935,45.21695],[2.99321,45.21069],[2.98126,45.20754],[2.99171,45.20034],[2.99655,45.19386],[3.00378,45.19298],[3.00932,45.1948],[3.0129,45.19059],[3.03831,45.19278],[3.03905,45.19009],[3.04602,45.1868],[3.04814,45.18823],[3.05308,45.18667],[3.05623,45.19059],[3.05929,45.19],[3.0609,45.19174],[3.06747,45.18792],[3.07148,45.18849],[3.07522,45.1922],[3.08443,45.19224],[3.08675,45.1948],[3.08794,45.19925],[3.08733,45.19978],[3.08449,45.20041],[3.08466,45.20334],[3.08394,45.20177],[3.0807,45.20305],[3.07992,45.20638],[3.07842,45.20419],[3.07228,45.20657],[3.07581,45.20861],[3.07257,45.20895],[3.07391,45.21034],[3.0629,45.20747],[3.06157,45.20961],[3.06637,45.2093],[3.06795,45.21064],[3.06437,45.20986],[3.05654,45.2145],[3.05955,45.21551],[3.05509,45.21514],[3.05762,45.21989],[3.05206,45.21848],[3.05864,45.22042],[3.05761,45.22501],[3.0465,45.23473],[3.03893,45.23621],[3.03643,45.23904],[3.02702,45.24076]]]},"properties":{"code_territoire":"iris151510000","libelle_territoire":"Peyrusse (commune non irisée)"}},
{"type":"Feature","geometry":{"type":"Polygon","coordinates":[[[2.81749,44.95298],[2.81604,44.95045],[2.82207,44.94455],[2.81805,44.94527],[2.81378,44.94328],[2.81483,44.94621],[2.81308,44.94546],[2.81214,44.94774],[2.80894,44.94533],[2.81063,44.9387],[2.80861,44.93546],[2.81271,44.93193],[2.81151,44.92844],[2.81397,44.92565],[2.81088,44.92021],[2.80723,44.91909],[2.807,44.92091],[2.80354,44.91783],[2.80592,44.90932],[2.80917,44.90969],[2.80756,44.90267],[2.81302,44.90243],[2.81908,44.90564],[2.82446,44.90421],[2.82957,44.90677],[2.84164,44.90651],[2.84495,44.90312],[2.85517,44.90614],[2.85976,44.89568],[2.8637,44.89926],[2.86451,44.89734],[2.86723,44.89758],[2.86881,44.9034],[2.86262,44.91764],[2.8647,44.92071],[2.86741,44.92063],[2.86704,44.92612],[2.8636,44.93558],[2.8614,44.93585],[2.86666,44.94012],[2.86677,44.94262],[2.86127,44.94595],[2.86624,44.95105],[2.85503,44.9535],[2.84719,44.96054],[2.84662,44.95772],[2.84455,44.95944],[2.84001,44.9572],[2.82502,44.95575],[2.81749,44.95298]]]},"properties":{"code_territoire":"iris151520000","libelle_territoire":"Pierrefort (commune non irisée)"}},
{"type":"Feature","geometry":{"type":"Polygon","coordinates":[[[2.5643,44.77809],[2.55812,44.786],[2.56061,44.79335],[2.56346,44.7943],[2.55059,44.79616],[2.53864,44.80363],[2.52714,44.80293],[2.5279,44.80594],[2.52371,44.80863],[2.5146,44.80381],[2.51725,44.79942],[2.50991,44.79614],[2.5079,44.79262],[2.51631,44.78756],[2.51718,44.77999],[2.53201,44.77534],[2.53225,44.77163],[2.53918,44.76964],[2.55342,44.75731],[2.56126,44.75861],[2.56186,44.77007],[2.56478,44.77233],[2.56202,44.77733],[2.5643,44.77809]]]},"properties":{"code_territoire":"iris151030000","libelle_territoire":"Leucamp (commune non irisée)"}},
{"type":"Feature","geometry":{"type":"Polygon","coordinates":[[[2.28196,44.71817],[2.28473,44.70996],[2.29016,44.71038],[2.28758,44.71191],[2.29838,44.71734],[2.30361,44.72437],[2.31654,44.72646],[2.32716,44.73076],[2.32498,44.73928],[2.32048,44.74356],[2.32105,44.74819],[2.31694,44.74844],[2.31425,44.75495],[2.30923,44.755],[2.3117,44.76184],[2.30774,44.76461],[2.29821,44.76457],[2.29244,44.76834],[2.28858,44.76802],[2.28749,44.77188],[2.28384,44.77248],[2.28152,44.77097],[2.28256,44.76711],[2.27934,44.7676],[2.27966,44.76594],[2.27387,44.76436],[2.2749,44.76242],[2.27151,44.76444],[2.26829,44.76278],[2.26696,44.75701],[2.25925,44.75683],[2.25568,44.75234],[2.24301,44.74701],[2.24377,44.74258],[2.23879,44.74004],[2.24216,44.73907],[2.23553,44.73641],[2.23501,44.73428],[2.23155,44.7363],[2.22881,44.73451],[2.23274,44.73227],[2.23042,44.72568],[2.24108,44.72046],[2.24461,44.71604],[2.25415,44.72298],[2.2728,44.72428],[2.27647,44.72891],[2.28885,44.72932],[2.29571,44.72495],[2.28196,44.71817]]]},"properties":{"code_territoire":"iris151040000","libelle_territoire":"Leynhac (commune non irisée)"}},
{"type":"Feature","geometry":{"type":"Polygon","coordinates":[[[3.0979,45.30051],[3.10489,45.30016],[3.1144,45.31113],[3.11126,45.31092],[3.1131,45.31348],[3.09858,45.31667],[3.09046,45.32251],[3.09159,45.32627],[3.09525,45.32775],[3.10469,45.32871],[3.1119,45.32663],[3.11613,45.33366],[3.11252,45.33644],[3.11278,45.3432],[3.10896,45.34461],[3.113,45.35137],[3.10256,45.35437],[3.09148,45.34813],[3.09028,45.34133],[3.08718,45.33863],[3.08121,45.33621],[3.07134,45.33739],[3.06859,45.33347],[3.06027,45.33084],[3.06436,45.33087],[3.06168,45.32474],[3.06674,45.31971],[3.06531,45.3148],[3.05863,45.3136],[3.05581,45.31044],[3.05911,45.30681],[3.0827,45.30722],[3.08487,45.30397],[3.09561,45.30138],[3.09715,45.30263],[3.0979,45.30051]]]},"properties":{"code_territoire":"iris151050000","libelle_territoire":"Leyvaux (commune non irisée)"}},
{"type":"Feature","geometry":{"type":"Polygon","coordinates":[[[2.85975,44.87442],[2.86138,44.86777],[2.85611,44.86518],[2.85461,44.85067],[2.857,44.84878],[2.86062,44.85086],[2.86209,44.84764],[2.86581,44.84701],[2.86546,44.84345],[2.85945,44.84227],[2.85962,44.83924],[2.8704,44.82942],[2.87722,44.807],[2.884,44.79561],[2.88946,44.79201],[2.88766,44.78914],[2.90412,44.7836],[2.91156,44.79057],[2.92019,44.79431],[2.91555,44.80194],[2.92564,44.80798],[2.92807,44.80758],[2.93277,44.81359],[2.93394,44.81012],[2.93829,44.81137],[2.94974,44.80973],[2.94509,44.81617],[2.93931,44.81864],[2.9408,44.82284],[2.93547,44.82507],[2.93837,44.82637],[2.93482,44.83462],[2.93888,44.83911],[2.93286,44.84931],[2.92446,44.85142],[2.92306,44.85362],[2.91136,44.85475],[2.90896,44.85844],[2.90016,44.86043],[2.89191,44.86738],[2.88776,44.86961],[2.88213,44.86754],[2.87238,44.87207],[2.85975,44.87442]]]},"properties":{"code_territoire":"iris151060000","libelle_territoire":"Lieutadès (commune non irisée)"}},
{"type":"Feature","geometry":{"type":"MultiPolygon","coordinates":[[[[2.23042,45.1621],[2.2254,45.16034],[2.224,45.16168],[2.22222,45.15984],[2.20874,45.1605],[2.21215,45.15276],[2.20879,45.14385],[2.19399,45.13466],[2.17908,45.1363],[2.18227,45.13195],[2.17899,45.12668],[2.18422,45.12472],[2.18421,45.11977],[2.19032,45.11545],[2.1883,45.11215],[2.18708,45.11449],[2.18054,45.1126],[2.17932,45.10751],[2.18211,45.10603],[2.17652,45.10232],[2.18043,45.09913],[2.18035,45.09517],[2.17366,45.08763],[2.17563,45.08137],[2.17254,45.08138],[2.17305,45.08117],[2.17582,45.08008],[2.18916,45.08286],[2.20097,45.07782],[2.21311,45.08625],[2.21562,45.08425],[2.21224,45.07872],[2.21521,45.07533],[2.21858,45.07542],[2.2331,45.07637],[2.2439,45.0811],[2.2438,45.0892],[2.257,45.08928],[2.25843,45.08521],[2.26159,45.08382],[2.26424,45.0851],[2.2698,45.0809],[2.2709,45.08619],[2.26777,45.08919],[2.27172,45.08916],[2.27289,45.09224],[2.27408,45.08839],[2.27968,45.09003],[2.28051,45.0919],[2.27687,45.09268],[2.27739,45.09653],[2.2834,45.09448],[2.28446,45.09686],[2.28841,45.09532],[2.28934,45.099],[2.29455,45.098],[2.29628,45.09981],[2.29954,45.09792],[2.29873,45.10012],[2.30402,45.10083],[2.30418,45.10498],[2.3061,45.10256],[2.30993,45.10639],[2.31859,45.10792],[2.3191,45.11303],[2.32303,45.11154],[2.32429,45.10837],[2.32781,45.11231],[2.34414,45.11116],[2.34667,45.11272],[2.34897,45.11041],[2.35424,45.11407],[2.35795,45.11302],[2.36234,45.11455],[2.3614,45.1198],[2.36611,45.12795],[2.3576,45.12928],[2.35466,45.13692],[2.35645,45.13838],[2.35314,45.13915],[2.35351,45.1413],[2.34819,45.14371],[2.3445,45.14942],[2.32906,45.14265],[2.31402,45.14221],[2.31188,45.13981],[2.29878,45.13586],[2.29279,45.13079],[2.292,45.13462],[2.28801,45.13264],[2.2858,45.13451],[2.28056,45.12682],[2.26955,45.1268],[2.26974,45.12491],[2.26741,45.12755],[2.26545,45.12427],[2.26326,45.12448],[2.26487,45.1296],[2.26081,45.12741],[2.25677,45.13052],[2.24769,45.12694],[2.25122,45.13783],[2.25726,45.14072],[2.25627,45.14676],[2.25318,45.15144],[2.24516,45.15585],[2.24207,45.15468],[2.23558,45.15828],[2.23577,45.16129],[2.23042,45.1621]]],[[[2.23301,45.16732],[2.23251,45.16857],[2.23619,45.16808],[2.23835,45.16935],[2.24472,45.16878],[2.24305,45.17119],[2.24862,45.17225],[2.24519,45.17933],[2.24858,45.18231],[2.24788,45.18554],[2.24569,45.18857],[2.23756,45.19127],[2.23102,45.20083],[2.2228,45.20663],[2.22237,45.21215],[2.22391,45.21389],[2.22906,45.21081],[2.23575,45.2129],[2.23605,45.21468],[2.22784,45.21401],[2.22166,45.21724],[2.21919,45.22136],[2.21584,45.21888],[2.21015,45.22054],[2.2088,45.22412],[2.20507,45.222],[2.2028,45.22316],[2.19477,45.22081],[2.18939,45.2225],[2.19711,45.21635],[2.18953,45.20384],[2.19138,45.20091],[2.20023,45.19844],[2.19833,45.19651],[2.2011,45.18003],[2.20756,45.17976],[2.21411,45.17616],[2.21571,45.1727],[2.21914,45.17427],[2.21838,45.17247],[2.22235,45.17022],[2.23133,45.17021],[2.23194,45.172],[2.23187,45.16745],[2.23301,45.16732]]]]},"properties":{"code_territoire":"iris151530000","libelle_territoire":"Pleaux (commune non irisée)"}},
{"type":"Feature","geometry":{"type":"Polygon","coordinates":[[[3.33794,44.95591],[3.33633,44.96119],[3.33177,44.96488],[3.33683,44.96879],[3.33709,44.97261],[3.31738,44.96643],[3.30727,44.97093],[3.30674,44.96819],[3.29982,44.96883],[3.29858,44.96654],[3.29076,44.96522],[3.28484,44.97094],[3.27994,44.96994],[3.27579,44.97463],[3.26712,44.96916],[3.26519,44.97172],[3.25707,44.97024],[3.25122,44.96589],[3.25851,44.96198],[3.24936,44.9602],[3.2513,44.95733],[3.25289,44.95882],[3.25521,44.95553],[3.2605,44.95507],[3.25572,44.95367],[3.26068,44.94688],[3.25617,44.9416],[3.26744,44.94257],[3.26177,44.93194],[3.27261,44.92711],[3.28563,44.92631],[3.29993,44.93955],[3.307,44.9412],[3.31183,44.93782],[3.31645,44.94053],[3.31542,44.94403],[3.33794,44.95591]]]},"properties":{"code_territoire":"iris151070000","libelle_territoire":"Lorcières (commune non irisée)"}},
{"type":"Feature","geometry":{"type":"Polygon","coordinates":[[[3.12815,44.90365],[3.14422,44.90204],[3.1447,44.89887],[3.15281,44.89321],[3.15349,44.88945],[3.16414,44.8796],[3.16367,44.87398],[3.16732,44.87491],[3.17339,44.87274],[3.18482,44.86232],[3.19173,44.86235],[3.19232,44.86954],[3.19941,44.87488],[3.21562,44.8744],[3.22784,44.88591],[3.23819,44.88676],[3.2272,44.89691],[3.22915,44.90544],[3.22668,44.90977],[3.24392,44.91612],[3.2499,44.91626],[3.24415,44.92676],[3.24841,44.92971],[3.24155,44.93419],[3.24285,44.93576],[3.24659,44.93378],[3.25041,44.93462],[3.24857,44.93935],[3.23213,44.93919],[3.23434,44.94781],[3.22781,44.9547],[3.2192,44.95431],[3.21964,44.95758],[3.21336,44.962],[3.20978,44.96838],[3.19829,44.96686],[3.19418,44.97025],[3.18612,44.96946],[3.18056,44.97522],[3.17539,44.97441],[3.16904,44.97277],[3.16288,44.97714],[3.15748,44.96532],[3.15449,44.96575],[3.15035,44.97102],[3.14505,44.96954],[3.13553,44.96421],[3.13345,44.96914],[3.12938,44.96871],[3.12559,44.96568],[3.12662,44.96167],[3.11734,44.95623],[3.11735,44.951],[3.10359,44.94108],[3.09372,44.94357],[3.09661,44.93448],[3.10631,44.93095],[3.10906,44.92925],[3.10592,44.92582],[3.10912,44.92204],[3.10844,44.91639],[3.11298,44.91575],[3.11252,44.92175],[3.11972,44.92276],[3.12257,44.92055],[3.11857,44.91764],[3.12512,44.91393],[3.12815,44.90365]]]},"properties":{"code_territoire":"iris151080000","libelle_territoire":"Val d'Arcomie (commune non irisée)"}},
{"type":"Feature","geometry":{"type":"Polygon","coordinates":[[[2.77107,45.30135],[2.76521,45.30687],[2.7683,45.31466],[2.76524,45.32215],[2.76132,45.31815],[2.75705,45.31889],[2.75759,45.31461],[2.75498,45.31313],[2.74713,45.31298],[2.74565,45.30479],[2.73954,45.30685],[2.73669,45.29683],[2.73453,45.29706],[2.7348,45.29108],[2.73799,45.29093],[2.74074,45.28737],[2.74288,45.28873],[2.74655,45.28747],[2.74382,45.28185],[2.75356,45.27459],[2.75708,45.27705],[2.75771,45.27565],[2.74901,45.2634],[2.75555,45.25587],[2.75907,45.25455],[2.76536,45.25761],[2.77427,45.24943],[2.77624,45.25143],[2.76986,45.25725],[2.77219,45.26013],[2.77353,45.26225],[2.76664,45.27009],[2.76742,45.27197],[2.77258,45.27284],[2.77102,45.27632],[2.7795,45.28685],[2.767,45.29542],[2.77107,45.30135]]]},"properties":{"code_territoire":"iris151100000","libelle_territoire":"Lugarde (commune non irisée)"}},
{"type":"Feature","geometry":{"type":"Polygon","coordinates":[[[2.61826,44.93056],[2.61956,44.93274],[2.62468,44.93357],[2.62486,44.9358],[2.61931,44.93755],[2.62115,44.93961],[2.6175,44.93986],[2.62017,44.94198],[2.61882,44.94718],[2.61305,44.94184],[2.60551,44.94349],[2.60426,44.94579],[2.59616,44.94212],[2.59747,44.94706],[2.5956,44.94796],[2.59885,44.94962],[2.59589,44.95112],[2.59611,44.96186],[2.58819,44.96345],[2.59788,44.9724],[2.59718,44.97785],[2.59316,44.97805],[2.59623,44.98423],[2.5874,44.98293],[2.58507,44.98462],[2.58669,44.99085],[2.58463,44.99347],[2.57366,44.9899],[2.56345,44.9814],[2.55492,44.98163],[2.55797,44.97711],[2.55632,44.97523],[2.55322,44.97722],[2.55138,44.97448],[2.54746,44.97428],[2.54451,44.96621],[2.53895,44.9645],[2.5446,44.9613],[2.53963,44.96174],[2.54045,44.95804],[2.54496,44.9563],[2.54753,44.95808],[2.54946,44.95632],[2.55296,44.95829],[2.55595,44.95407],[2.55332,44.94953],[2.54791,44.94564],[2.54492,44.94605],[2.54543,44.94371],[2.54049,44.93869],[2.54345,44.93729],[2.54191,44.93424],[2.54587,44.93494],[2.54936,44.93277],[2.54836,44.92892],[2.55258,44.92694],[2.55725,44.92756],[2.55755,44.92547],[2.5599,44.9273],[2.56168,44.92615],[2.56156,44.91907],[2.56391,44.91734],[2.58201,44.92308],[2.58882,44.92918],[2.59406,44.93085],[2.59338,44.9275],[2.59798,44.92921],[2.59959,44.92765],[2.60681,44.92898],[2.61523,44.92723],[2.62124,44.92922],[2.61826,44.93056]]]},"properties":{"code_territoire":"iris151540000","libelle_territoire":"Polminhac (commune non irisée)"}},
{"type":"Feature","geometry":{"type":"Polygon","coordinates":[[[2.89512,45.30339],[2.8932,45.29638],[2.89668,45.28291],[2.89599,45.27351],[2.88675,45.26594],[2.89048,45.26416],[2.88816,45.2609],[2.89108,45.26374],[2.89664,45.25843],[2.89933,45.26129],[2.91021,45.2598],[2.91312,45.25758],[2.90939,45.26115],[2.91566,45.26186],[2.91824,45.25431],[2.92422,45.25388],[2.92991,45.24966],[2.93539,45.24987],[2.93935,45.26334],[2.95141,45.26736],[2.94464,45.27496],[2.93952,45.28859],[2.9515,45.28769],[2.94633,45.29846],[2.94861,45.30912],[2.9354,45.313],[2.92769,45.30927],[2.91945,45.31162],[2.91588,45.31715],[2.91028,45.30946],[2.89512,45.30339]]]},"properties":{"code_territoire":"iris151550000","libelle_territoire":"Pradiers (commune non irisée)"}},
{"type":"Feature","geometry":{"type":"Polygon","coordinates":[[[2.44694,45.36372],[2.45656,45.35741],[2.46806,45.35802],[2.47011,45.35981],[2.47258,45.35865],[2.47238,45.3656],[2.47425,45.36682],[2.47776,45.36537],[2.4802,45.36969],[2.47636,45.37046],[2.47326,45.37538],[2.47015,45.37396],[2.47507,45.38111],[2.45952,45.3855],[2.4452,45.3832],[2.43788,45.38786],[2.44389,45.37152],[2.44173,45.36633],[2.44799,45.36783],[2.44984,45.36367],[2.44694,45.36372]]]},"properties":{"code_territoire":"iris151110000","libelle_territoire":"Madic (commune non irisée)"}},
{"type":"Feature","geometry":{"type":"Polygon","coordinates":[[[2.7384,44.94144],[2.74269,44.94328],[2.74242,44.94848],[2.74569,44.94996],[2.74581,44.95289],[2.75245,44.9559],[2.75026,44.95775],[2.75353,44.95945],[2.75142,44.96495],[2.75567,44.96515],[2.75636,44.95654],[2.76005,44.95522],[2.75756,44.94571],[2.76648,44.94686],[2.77203,44.94432],[2.77203,44.94629],[2.77664,44.94717],[2.77524,44.94879],[2.77864,44.94885],[2.775,44.95311],[2.77945,44.95367],[2.77765,44.95615],[2.7798,44.95606],[2.77886,44.95802],[2.78326,44.95997],[2.78307,44.96212],[2.78707,44.96209],[2.78572,44.96744],[2.79245,44.96842],[2.78999,44.97517],[2.7804,44.97766],[2.78193,44.9861],[2.77284,44.99471],[2.77252,44.99816],[2.77029,44.99838],[2.76492,45.00902],[2.75953,45.00922],[2.74527,45.02016],[2.74406,45.02871],[2.74136,45.0308],[2.73694,45.02271],[2.73993,45.01618],[2.73887,45.01356],[2.73622,45.01434],[2.73599,45.00849],[2.73097,45.00689],[2.72814,45.0015],[2.72459,45.00062],[2.71843,44.99396],[2.72093,44.98438],[2.72588,44.97876],[2.73232,44.9731],[2.73139,44.9652],[2.73427,44.96066],[2.72812,44.94356],[2.73017,44.94135],[2.73376,44.94374],[2.73769,44.94041],[2.7384,44.94144]]]},"properties":{"code_territoire":"iris151120000","libelle_territoire":"Malbo (commune non irisée)"}},
{"type":"Feature","geometry":{"type":"Polygon","coordinates":[[[2.6162,45.07665],[2.617,45.07201],[2.60999,45.06689],[2.61465,45.05555],[2.61122,45.05138],[2.61782,45.05245],[2.62328,45.04765],[2.63953,45.04487],[2.64964,45.0497],[2.66416,45.05099],[2.67111,45.05423],[2.67745,45.06294],[2.68502,45.06417],[2.69529,45.06199],[2.69617,45.07116],[2.71673,45.08833],[2.71985,45.10041],[2.71078,45.11013],[2.69364,45.10236],[2.68421,45.10425],[2.6767,45.10929],[2.67613,45.10929],[2.66982,45.10517],[2.6538,45.10354],[2.65296,45.09986],[2.64596,45.09759],[2.64262,45.09262],[2.64402,45.08441],[2.62204,45.0765],[2.6162,45.07665]]]},"properties":{"code_territoire":"iris151130000","libelle_territoire":"Mandailles-Saint-Julien (commune non irisée)"}},
{"type":"Feature","geometry":{"type":"Polygon","coordinates":[[[2.7683,45.31466],[2.76521,45.30687],[2.77107,45.30135],[2.77581,45.29915],[2.78497,45.30113],[2.78652,45.29778],[2.79601,45.29554],[2.80693,45.29897],[2.81598,45.29607],[2.82096,45.29678],[2.82884,45.28716],[2.84362,45.28414],[2.84287,45.28168],[2.84871,45.27676],[2.84879,45.27882],[2.86088,45.28594],[2.85425,45.28878],[2.85831,45.29063],[2.85964,45.29676],[2.86763,45.29959],[2.86414,45.30096],[2.8676,45.30532],[2.89512,45.30339],[2.91028,45.30946],[2.91588,45.31715],[2.91945,45.31162],[2.92769,45.30927],[2.9354,45.313],[2.94861,45.30912],[2.94638,45.31561],[2.93732,45.32566],[2.93335,45.32658],[2.9248,45.34655],[2.91315,45.34304],[2.90572,45.34708],[2.9039,45.34256],[2.89229,45.34212],[2.8886,45.33887],[2.88082,45.33893],[2.87675,45.3361],[2.87984,45.33673],[2.87896,45.33165],[2.87487,45.3301],[2.87456,45.33163],[2.86869,45.33089],[2.86808,45.33409],[2.86317,45.33494],[2.8651,45.33678],[2.85516,45.33411],[2.85087,45.33507],[2.83791,45.33587],[2.83392,45.34049],[2.82997,45.33799],[2.81899,45.33732],[2.81975,45.33536],[2.81622,45.33463],[2.81844,45.33237],[2.81602,45.33234],[2.81823,45.32825],[2.81405,45.32223],[2.79999,45.32564],[2.79763,45.32774],[2.7988,45.33054],[2.79227,45.33104],[2.78371,45.33491],[2.78112,45.33085],[2.79094,45.32119],[2.79159,45.31507],[2.78446,45.3164],[2.78313,45.31294],[2.7683,45.31466]]]},"properties":{"code_territoire":"iris151140000","libelle_territoire":"Marcenat (commune non irisée)"}},
{"type":"Feature","geometry":{"type":"Polygon","coordinates":[[[2.5079,44.79262],[2.50991,44.79614],[2.51725,44.79942],[2.5146,44.80381],[2.51255,44.8114],[2.51501,44.81315],[2.512,44.81626],[2.51605,44.81894],[2.50719,44.82094],[2.50023,44.82896],[2.50936,44.83776],[2.50513,44.8427],[2.50912,44.8527],[2.50357,44.85902],[2.49549,44.86172],[2.48949,44.85622],[2.4937,44.84982],[2.48784,44.84422],[2.49028,44.8401],[2.48269,44.83861],[2.47887,44.84212],[2.46851,44.83554],[2.45553,44.84052],[2.4504,44.83936],[2.45024,44.83722],[2.44097,44.83642],[2.43685,44.83817],[2.43387,44.83021],[2.4303,44.8301],[2.42747,44.82332],[2.42026,44.81682],[2.42368,44.81439],[2.41177,44.80426],[2.41846,44.80451],[2.42924,44.81154],[2.43654,44.80801],[2.44092,44.80826],[2.43953,44.81036],[2.44312,44.81267],[2.44566,44.81937],[2.45094,44.81689],[2.45151,44.81089],[2.45586,44.80797],[2.4607,44.80782],[2.46335,44.81033],[2.46853,44.80797],[2.47434,44.80086],[2.47934,44.80212],[2.49192,44.79667],[2.49371,44.799],[2.50195,44.79971],[2.5079,44.79262]]]},"properties":{"code_territoire":"iris151560000","libelle_territoire":"Prunet (commune non irisée)"}},
{"type":"Feature","geometry":{"type":"Polygon","coordinates":[[[2.16858,44.78195],[2.16983,44.77784],[2.16543,44.77592],[2.16589,44.77163],[2.15914,44.77276],[2.15696,44.77098],[2.15354,44.77182],[2.15311,44.76948],[2.14907,44.76971],[2.1506,44.76403],[2.14732,44.7631],[2.15252,44.75952],[2.15003,44.75856],[2.15363,44.75282],[2.16125,44.75574],[2.17261,44.75368],[2.1833,44.7436],[2.18235,44.72907],[2.18856,44.72542],[2.19333,44.72886],[2.19591,44.73638],[2.20286,44.73811],[2.20866,44.73679],[2.2084,44.74402],[2.2074,44.75671],[2.20932,44.75873],[2.20668,44.75968],[2.20296,44.77249],[2.19681,44.78012],[2.16858,44.78195]]]},"properties":{"code_territoire":"iris151570000","libelle_territoire":"Quézac (commune non irisée)"}},
{"type":"Feature","geometry":{"type":"Polygon","coordinates":[[[2.76621,45.24052],[2.77427,45.24943],[2.76536,45.25761],[2.75907,45.25455],[2.75555,45.25587],[2.74901,45.2634],[2.75771,45.27565],[2.75708,45.27705],[2.75356,45.27459],[2.74382,45.28185],[2.74655,45.28747],[2.74288,45.28873],[2.74074,45.28737],[2.73799,45.29093],[2.7348,45.29108],[2.73453,45.29706],[2.73669,45.29683],[2.73954,45.30685],[2.7353,45.30844],[2.73223,45.30494],[2.72702,45.30442],[2.72258,45.30133],[2.71845,45.30199],[2.7169,45.30459],[2.70312,45.30116],[2.69469,45.30388],[2.69261,45.3005],[2.70055,45.29334],[2.6957,45.28282],[2.70239,45.28182],[2.69927,45.27178],[2.70115,45.26837],[2.70469,45.26065],[2.70814,45.26033],[2.71224,45.25547],[2.71584,45.25564],[2.7185,45.25267],[2.72494,45.25417],[2.72789,45.24792],[2.72963,45.25182],[2.74476,45.25263],[2.74968,45.24827],[2.74748,45.24228],[2.75157,45.23874],[2.75735,45.23848],[2.75707,45.23524],[2.76029,45.23731],[2.75765,45.24308],[2.76071,45.24172],[2.76298,45.24488],[2.76621,45.24052]]]},"properties":{"code_territoire":"iris151160000","libelle_territoire":"Marchastel (commune non irisée)"}},
{"type":"Feature","geometry":{"type":"Polygon","coordinates":[[[2.33968,44.73711],[2.34675,44.73419],[2.35568,44.73498],[2.35752,44.73694],[2.36375,44.73566],[2.36506,44.74237],[2.36893,44.74197],[2.37397,44.74508],[2.38328,44.74404],[2.38712,44.74528],[2.38864,44.74883],[2.4023,44.75226],[2.40682,44.75537],[2.40173,44.7651],[2.40466,44.76807],[2.40107,44.77194],[2.40647,44.77473],[2.40412,44.77694],[2.39498,44.77821],[2.39356,44.77671],[2.3888,44.77941],[2.39455,44.78298],[2.39086,44.78632],[2.39132,44.78922],[2.3963,44.79033],[2.39875,44.79428],[2.40559,44.79596],[2.40814,44.80044],[2.40848,44.80179],[2.39631,44.80331],[2.39296,44.80837],[2.39315,44.81406],[2.38212,44.82385],[2.38061,44.82676],[2.38275,44.82847],[2.3688,44.82567],[2.36433,44.82765],[2.36514,44.83277],[2.35261,44.83136],[2.3499,44.83358],[2.34584,44.82778],[2.34396,44.81656],[2.33977,44.81264],[2.34323,44.80662],[2.33777,44.80201],[2.34199,44.79788],[2.33731,44.79553],[2.33662,44.79247],[2.33051,44.79592],[2.31632,44.79147],[2.30984,44.7922],[2.30745,44.78806],[2.30435,44.78788],[2.30347,44.78348],[2.3008,44.78422],[2.29595,44.78155],[2.28502,44.77653],[2.28384,44.77248],[2.28749,44.77188],[2.28858,44.76802],[2.29244,44.76834],[2.29821,44.76457],[2.30774,44.76461],[2.3117,44.76184],[2.30923,44.755],[2.31425,44.75495],[2.32683,44.75461],[2.33517,44.76549],[2.34231,44.76638],[2.34996,44.76316],[2.35366,44.76486],[2.35973,44.76187],[2.35465,44.7607],[2.35214,44.75726],[2.35015,44.75203],[2.35339,44.74817],[2.35018,44.74453],[2.35079,44.74131],[2.33968,44.73711]]]},"properties":{"code_territoire":"iris151170000","libelle_territoire":"Marcolès (commune non irisée)"}},
{"type":"Feature","geometry":{"type":"Polygon","coordinates":[[[3.28803,45.12045],[3.27507,45.12271],[3.26268,45.11989],[3.25538,45.12995],[3.25784,45.12995],[3.25827,45.13267],[3.25423,45.13332],[3.25411,45.1355],[3.24397,45.13124],[3.24357,45.13696],[3.24059,45.13078],[3.24353,45.12579],[3.24132,45.12377],[3.25005,45.12002],[3.24476,45.11802],[3.24133,45.11956],[3.23953,45.11849],[3.24236,45.11863],[3.2432,45.11639],[3.23121,45.11454],[3.22913,45.10488],[3.23533,45.10132],[3.25225,45.10849],[3.25495,45.10639],[3.25998,45.10742],[3.25949,45.1054],[3.26812,45.10661],[3.27221,45.10262],[3.28676,45.09699],[3.28228,45.10316],[3.29211,45.10283],[3.28905,45.10479],[3.29246,45.10348],[3.29224,45.10605],[3.30099,45.10685],[3.30107,45.11],[3.30289,45.1089],[3.30404,45.11139],[3.30811,45.11149],[3.31211,45.11846],[3.29969,45.12539],[3.28803,45.12045]]]},"properties":{"code_territoire":"iris151580000","libelle_territoire":"Rageade (commune non irisée)"}},
{"type":"Feature","geometry":{"type":"Polygon","coordinates":[[[2.68187,44.90735],[2.68315,44.91085],[2.68665,44.91216],[2.68276,44.92032],[2.68599,44.91921],[2.68419,44.92203],[2.68789,44.9227],[2.6874,44.92367],[2.68283,44.92144],[2.68163,44.92274],[2.68253,44.92778],[2.68475,44.92756],[2.68262,44.93126],[2.68631,44.9326],[2.68506,44.93447],[2.68025,44.93479],[2.6739,44.93413],[2.67247,44.93061],[2.66984,44.93237],[2.65999,44.92664],[2.6586,44.92887],[2.6542,44.92782],[2.65188,44.92474],[2.65486,44.92257],[2.65219,44.91773],[2.65586,44.91474],[2.64394,44.91363],[2.64053,44.90162],[2.63185,44.89595],[2.6284,44.89783],[2.62678,44.88742],[2.62724,44.88532],[2.63606,44.88373],[2.62898,44.87247],[2.6542,44.86963],[2.65872,44.87664],[2.65806,44.88698],[2.66477,44.88974],[2.67616,44.90387],[2.68015,44.90426],[2.68187,44.90735]]]},"properties":{"code_territoire":"iris151590000","libelle_territoire":"Raulhac (commune non irisée)"}},
{"type":"Feature","geometry":{"type":"Polygon","coordinates":[[[2.46051,44.99049],[2.46114,44.98585],[2.46855,44.98235],[2.47406,44.98417],[2.47247,44.98202],[2.48205,44.98434],[2.48747,44.99083],[2.49473,44.99223],[2.4968,44.98946],[2.50267,44.98998],[2.50434,44.992],[2.50716,44.9896],[2.50877,44.99108],[2.5136,44.98976],[2.51453,44.99213],[2.52353,44.9867],[2.53011,44.99059],[2.52813,44.9948],[2.53133,44.99659],[2.52921,44.99582],[2.52482,44.99988],[2.53028,45.00424],[2.52306,45.00408],[2.52199,45.00642],[2.5166,45.00655],[2.50633,45.00361],[2.505,45.00586],[2.49516,45.00619],[2.4977,45.00968],[2.49335,45.01425],[2.4976,45.01771],[2.50727,45.02013],[2.50653,45.02328],[2.50418,45.02177],[2.50732,45.02545],[2.50379,45.02643],[2.5041,45.02305],[2.50065,45.02388],[2.50268,45.0272],[2.48698,45.02909],[2.48702,45.03289],[2.48545,45.03134],[2.47618,45.03255],[2.47253,45.0312],[2.46839,45.02972],[2.46526,45.03122],[2.46705,45.02973],[2.4617,45.02772],[2.45935,45.03007],[2.45592,45.02828],[2.45689,45.02603],[2.45265,45.02773],[2.44819,45.02559],[2.44874,45.02278],[2.44312,45.01717],[2.43256,45.01498],[2.43362,45.01292],[2.42966,45.01038],[2.43704,45.00559],[2.4264,45.00001],[2.42737,44.99666],[2.43095,44.99763],[2.43089,44.99993],[2.43459,45.00018],[2.43411,45.00169],[2.44095,44.99905],[2.43914,45.00103],[2.44172,45.00157],[2.45279,44.99994],[2.45964,45.00366],[2.46182,44.99262],[2.45896,44.99465],[2.45946,44.99812],[2.45671,44.99769],[2.4555,44.99449],[2.45964,44.99365],[2.46051,44.99049]]]},"properties":{"code_territoire":"iris151180000","libelle_territoire":"Marmanhac (commune non irisée)"}},
{"type":"Feature","geometry":{"type":"Polygon","coordinates":[[[2.45492,44.98348],[2.44627,44.98435],[2.44271,44.98165],[2.43769,44.98204],[2.43449,44.97823],[2.43335,44.98008],[2.43227,44.97828],[2.42727,44.97864],[2.42327,44.97657],[2.42265,44.97991],[2.41965,44.97834],[2.4095,44.98017],[2.3969,44.97164],[2.39639,44.96827],[2.39375,44.96869],[2.395,44.96552],[2.38714,44.96342],[2.39066,44.96293],[2.39052,44.95877],[2.3861,44.95856],[2.3852,44.95559],[2.38859,44.95182],[2.40583,44.95034],[2.40792,44.95263],[2.40207,44.95936],[2.40627,44.96553],[2.40336,44.96743],[2.42109,44.96845],[2.42488,44.96639],[2.43189,44.9685],[2.43634,44.9641],[2.44226,44.96699],[2.45141,44.96787],[2.45185,44.97133],[2.45394,44.96885],[2.46504,44.97501],[2.45492,44.98348]]]},"properties":{"code_territoire":"iris151600000","libelle_territoire":"Reilhac (commune non irisée)"}},
{"type":"Feature","geometry":{"type":"Polygon","coordinates":[[[3.09314,45.10369],[3.09904,45.10466],[3.09808,45.10711],[3.10471,45.11098],[3.10653,45.1079],[3.12272,45.11284],[3.11385,45.1188],[3.11542,45.11972],[3.1107,45.12507],[3.11542,45.12922],[3.11635,45.13559],[3.13006,45.13999],[3.13235,45.14261],[3.12855,45.14508],[3.12338,45.15813],[3.11739,45.16295],[3.10705,45.16126],[3.10193,45.1562],[3.10331,45.15017],[3.10012,45.14475],[3.09474,45.1477],[3.08919,45.14551],[3.0822,45.14649],[3.08072,45.13956],[3.08533,45.13817],[3.08173,45.13625],[3.08241,45.13441],[3.08442,45.13518],[3.08512,45.13315],[3.0952,45.12931],[3.09241,45.12398],[3.09406,45.1229],[3.08648,45.11319],[3.08678,45.10722],[3.09314,45.10369]]]},"properties":{"code_territoire":"iris151610000","libelle_territoire":"Rézentières (commune non irisée)"}},
{"type":"Feature","geometry":{"type":"Polygon","coordinates":[[[3.16471,45.2686],[3.16203,45.26867],[3.16287,45.26616],[3.14395,45.25252],[3.14559,45.25161],[3.14978,45.25073],[3.14867,45.2533],[3.15393,45.25133],[3.15792,45.25422],[3.15981,45.25264],[3.16104,45.25416],[3.16072,45.25166],[3.16595,45.25479],[3.16985,45.25157],[3.1676,45.24992],[3.17018,45.24788],[3.16717,45.24673],[3.17057,45.24196],[3.16154,45.23535],[3.16284,45.23305],[3.1623,45.23557],[3.16711,45.23415],[3.17225,45.23635],[3.17047,45.23217],[3.17236,45.23104],[3.17735,45.23267],[3.17875,45.23005],[3.18377,45.22978],[3.184,45.22094],[3.1805,45.21274],[3.18562,45.20708],[3.18986,45.20851],[3.19029,45.2072],[3.19007,45.2099],[3.20115,45.2142],[3.2067,45.22295],[3.20909,45.20949],[3.21304,45.20555],[3.21491,45.20733],[3.21389,45.21013],[3.22068,45.20963],[3.21981,45.21131],[3.22314,45.21263],[3.22006,45.21477],[3.22189,45.21795],[3.22564,45.21746],[3.22379,45.21721],[3.23541,45.20855],[3.24226,45.20982],[3.24693,45.21559],[3.23905,45.21666],[3.23533,45.21996],[3.23401,45.2377],[3.23153,45.24055],[3.22529,45.24125],[3.22113,45.24415],[3.22708,45.2553],[3.22357,45.2609],[3.22911,45.26477],[3.22649,45.27196],[3.21989,45.27203],[3.22318,45.27705],[3.21566,45.27665],[3.21126,45.28141],[3.19083,45.28099],[3.18351,45.27941],[3.18818,45.27734],[3.16471,45.2686]]]},"properties":{"code_territoire":"iris151190000","libelle_territoire":"Massiac (commune non irisée)"}},
{"type":"Feature","geometry":{"type":"Polygon","coordinates":[[[2.33511,45.18893],[2.34778,45.19598],[2.3537,45.19634],[2.35477,45.19887],[2.3578,45.19714],[2.36098,45.19858],[2.3662,45.20628],[2.37048,45.20659],[2.36677,45.20826],[2.37372,45.21212],[2.36874,45.21399],[2.36843,45.21712],[2.35953,45.21472],[2.35405,45.2159],[2.34427,45.22332],[2.3423,45.22157],[2.3375,45.22423],[2.33536,45.22902],[2.33038,45.22837],[2.32967,45.23158],[2.32433,45.23385],[2.32477,45.24258],[2.31751,45.24307],[2.32006,45.24689],[2.31826,45.24598],[2.30875,45.24638],[2.30976,45.24209],[2.30752,45.24104],[2.29696,45.24463],[2.30397,45.24749],[2.30401,45.25032],[2.2979,45.25135],[2.29662,45.24987],[2.28999,45.25283],[2.29031,45.24981],[2.28731,45.24968],[2.28528,45.25197],[2.28477,45.24721],[2.27842,45.24114],[2.28383,45.23938],[2.27503,45.23881],[2.2802,45.22934],[2.27779,45.22637],[2.28027,45.22448],[2.27728,45.22349],[2.27821,45.21906],[2.26801,45.21462],[2.27174,45.21202],[2.27986,45.21221],[2.28035,45.21484],[2.28414,45.21303],[2.29184,45.21573],[2.29348,45.20781],[2.29715,45.20638],[2.29362,45.20493],[2.29302,45.20157],[2.29518,45.19846],[2.30075,45.19721],[2.31251,45.19464],[2.31693,45.19762],[2.31998,45.19332],[2.32217,45.19585],[2.32796,45.19557],[2.33511,45.18893]]]},"properties":{"code_territoire":"iris151200000","libelle_territoire":"Mauriac (commune non irisée)"}},
{"type":"Feature","geometry":{"type":"Polygon","coordinates":[[[2.69469,45.30388],[2.68932,45.30486],[2.69509,45.31205],[2.67814,45.31155],[2.67691,45.31373],[2.66784,45.31465],[2.66429,45.32339],[2.66991,45.33008],[2.66672,45.33275],[2.66708,45.34223],[2.66355,45.35184],[2.65859,45.35015],[2.66162,45.34096],[2.65474,45.33957],[2.65211,45.3357],[2.65359,45.32773],[2.64402,45.32737],[2.64471,45.32485],[2.63711,45.32996],[2.63586,45.32346],[2.62567,45.32422],[2.62405,45.32077],[2.61875,45.31813],[2.61126,45.32098],[2.61181,45.31725],[2.61845,45.31434],[2.62138,45.30193],[2.62472,45.29895],[2.62171,45.29572],[2.61869,45.29775],[2.61781,45.29407],[2.61432,45.29247],[2.61499,45.29075],[2.61722,45.29141],[2.61701,45.2874],[2.61415,45.28773],[2.61904,45.28525],[2.62149,45.27778],[2.62558,45.27983],[2.62827,45.27559],[2.62821,45.27205],[2.62357,45.27359],[2.62305,45.27107],[2.61922,45.27076],[2.62468,45.2672],[2.6249,45.26022],[2.62101,45.25861],[2.62277,45.25392],[2.62379,45.25167],[2.62711,45.25391],[2.6401,45.25411],[2.6444,45.24803],[2.64753,45.25009],[2.65389,45.24791],[2.657,45.24925],[2.65594,45.25189],[2.66314,45.25216],[2.66436,45.25409],[2.67466,45.25024],[2.67748,45.25047],[2.67632,45.25207],[2.68182,45.25006],[2.6819,45.25763],[2.69041,45.26068],[2.69372,45.26471],[2.69861,45.26481],[2.70115,45.26837],[2.69927,45.27178],[2.70239,45.28182],[2.6957,45.28282],[2.70055,45.29334],[2.69261,45.3005],[2.69469,45.30388]]]},"properties":{"code_territoire":"iris151620000","libelle_territoire":"Riom-ès-Montagnes (commune non irisée)"}},
{"type":"Feature","geometry":{"type":"Polygon","coordinates":[[[2.36514,44.83277],[2.36433,44.82765],[2.3688,44.82567],[2.38275,44.82847],[2.38061,44.82676],[2.38212,44.82385],[2.39315,44.81406],[2.39296,44.80837],[2.39631,44.80331],[2.40848,44.80179],[2.41177,44.80426],[2.42368,44.81439],[2.42026,44.81682],[2.42747,44.82332],[2.4303,44.8301],[2.43387,44.83021],[2.43685,44.83817],[2.4231,44.84325],[2.43131,44.84757],[2.42667,44.8528],[2.43863,44.8513],[2.44099,44.85381],[2.44009,44.85637],[2.44424,44.86075],[2.44172,44.86703],[2.43876,44.8684],[2.43923,44.87141],[2.43197,44.86954],[2.4271,44.86543],[2.42454,44.86889],[2.41399,44.87338],[2.40644,44.87706],[2.39795,44.8768],[2.39156,44.87368],[2.3853,44.87601],[2.38461,44.87275],[2.3819,44.87217],[2.38299,44.87618],[2.3763,44.87951],[2.36537,44.87484],[2.37122,44.86686],[2.36628,44.86138],[2.36608,44.86308],[2.36018,44.86476],[2.36017,44.85362],[2.3561,44.85014],[2.35288,44.84095],[2.3592,44.83862],[2.36628,44.8399],[2.3703,44.83479],[2.36514,44.83277]]]},"properties":{"code_territoire":"iris151630000","libelle_territoire":"Roannes-Saint-Mary (commune non irisée)"}},
{"type":"Feature","geometry":{"type":"Polygon","coordinates":[[[3.02402,45.02456],[3.02723,45.02925],[3.03798,45.03629],[3.04674,45.03735],[3.04603,45.03563],[3.05206,45.03394],[3.05333,45.03123],[3.05575,45.03285],[3.06472,45.03251],[3.06442,45.03574],[3.05885,45.038],[3.05952,45.04446],[3.05406,45.04966],[3.0556,45.05276],[3.0506,45.05252],[3.05229,45.05845],[3.04805,45.0598],[3.03214,45.05889],[3.03205,45.06347],[3.00875,45.07143],[3.00468,45.07236],[2.99596,45.06999],[2.99667,45.06712],[2.99972,45.06712],[2.9882,45.06314],[2.98479,45.0646],[2.98397,45.0589],[2.98166,45.05915],[2.97814,45.05456],[2.97232,45.05384],[2.97074,45.04641],[2.9684,45.04731],[2.96609,45.04229],[2.97274,45.04315],[2.97632,45.04588],[2.98711,45.0357],[2.9922,45.03773],[2.99719,45.03668],[3.00254,45.04003],[3.00498,45.03709],[3.00848,45.03707],[3.00703,45.03253],[3.01055,45.03322],[3.00925,45.03164],[3.01749,45.02891],[3.01915,45.02266],[3.02402,45.02456]]]},"properties":{"code_territoire":"iris151640000","libelle_territoire":"Roffiac (commune non irisée)"}},
{"type":"Feature","geometry":{"type":"Polygon","coordinates":[[[2.14122,45.00544],[2.14681,45.00137],[2.15478,44.99979],[2.1604,45.00716],[2.17062,45.00826],[2.18408,45.01689],[2.18883,45.02254],[2.19703,45.02744],[2.17798,45.02867],[2.1665,45.03906],[2.15727,45.04159],[2.15223,45.04805],[2.14805,45.04653],[2.14403,45.04783],[2.14285,45.04546],[2.13622,45.04505],[2.13475,45.04765],[2.12899,45.0482],[2.12786,45.05024],[2.12418,45.04885],[2.11968,45.05079],[2.11583,45.04997],[2.10216,45.06226],[2.09813,45.06084],[2.09733,45.05867],[2.10085,45.05627],[2.0952,45.05604],[2.09617,45.05321],[2.10426,45.04328],[2.11079,45.04055],[2.11,45.03349],[2.11592,45.02236],[2.12298,45.01975],[2.12765,45.01215],[2.1333,45.00858],[2.13771,45.00889],[2.14122,45.00544]]]},"properties":{"code_territoire":"iris151650000","libelle_territoire":"Rouffiac (commune non irisée)"}},
{"type":"Feature","geometry":{"type":"Polygon","coordinates":[[[2.20142,44.83682],[2.20749,44.83593],[2.21483,44.83989],[2.21016,44.84316],[2.21312,44.8438],[2.21061,44.84675],[2.21374,44.84881],[2.21436,44.84664],[2.21691,44.84709],[2.2213,44.85029],[2.22506,44.8494],[2.22137,44.85395],[2.21203,44.85613],[2.21264,44.86062],[2.20848,44.86133],[2.20989,44.86306],[2.20752,44.86299],[2.20153,44.86913],[2.20192,44.86579],[2.19413,44.86703],[2.19366,44.87407],[2.19949,44.87703],[2.19655,44.87933],[2.19753,44.88227],[2.19591,44.8854],[2.19099,44.88518],[2.19093,44.88288],[2.18973,44.88468],[2.18556,44.88319],[2.18288,44.88499],[2.18061,44.88297],[2.1755,44.88558],[2.17747,44.88279],[2.17355,44.88097],[2.17547,44.87731],[2.1713,44.87664],[2.17567,44.87632],[2.17172,44.87458],[2.17497,44.87204],[2.17041,44.86715],[2.17856,44.86479],[2.17976,44.86278],[2.1765,44.85996],[2.16709,44.85819],[2.15713,44.86277],[2.15241,44.86025],[2.14926,44.852],[2.15344,44.84971],[2.16033,44.84945],[2.16407,44.84613],[2.16671,44.85211],[2.17881,44.84975],[2.18577,44.84537],[2.19219,44.8472],[2.20142,44.83682]]]},"properties":{"code_territoire":"iris151660000","libelle_territoire":"Roumégoux (commune non irisée)"}},
{"type":"Feature","geometry":{"type":"Polygon","coordinates":[[[2.22058,44.7743],[2.22763,44.78151],[2.22321,44.78345],[2.22652,44.79194],[2.22831,44.79154],[2.22663,44.79488],[2.22953,44.80148],[2.22387,44.80805],[2.22078,44.80708],[2.21301,44.81246],[2.20597,44.81045],[2.20374,44.80757],[2.20178,44.80831],[2.2044,44.81144],[2.2016,44.81072],[2.19996,44.81301],[2.19778,44.80929],[2.18794,44.80876],[2.18769,44.80404],[2.1833,44.80525],[2.17776,44.80288],[2.18046,44.79823],[2.18576,44.79674],[2.18982,44.79789],[2.19607,44.79527],[2.19996,44.79971],[2.20131,44.79297],[2.20465,44.79161],[2.19981,44.78777],[2.20742,44.7855],[2.206,44.78416],[2.21327,44.7753],[2.22058,44.7743]]]},"properties":{"code_territoire":"iris151670000","libelle_territoire":"Rouziers (commune non irisée)"}},
{"type":"Feature","geometry":{"type":"Polygon","coordinates":[[[3.18123,45.0235],[3.19263,45.00949],[3.18859,45.00817],[3.19051,45.00628],[3.18837,45.00349],[3.19302,44.99849],[3.19242,44.99421],[3.18135,44.98996],[3.18114,44.98747],[3.17627,44.98802],[3.17235,44.97696],[3.17539,44.97441],[3.18056,44.97522],[3.18612,44.96946],[3.19418,44.97025],[3.19829,44.96686],[3.20978,44.96838],[3.21261,44.97167],[3.20987,44.98035],[3.21433,44.98744],[3.22078,44.99168],[3.22061,44.99528],[3.22403,44.99694],[3.22898,44.99622],[3.24196,44.99069],[3.2463,44.99307],[3.25059,44.99254],[3.25635,44.99671],[3.26343,45.00004],[3.26387,45.00416],[3.25956,45.00251],[3.26867,45.0112],[3.26312,45.01463],[3.266,45.01559],[3.26696,45.01421],[3.27927,45.02697],[3.26989,45.03148],[3.23098,45.03553],[3.21614,45.01786],[3.20791,45.01519],[3.20219,45.01462],[3.20116,45.01653],[3.20121,45.01409],[3.1953,45.01368],[3.18812,45.0221],[3.18123,45.0235]]]},"properties":{"code_territoire":"iris151680000","libelle_territoire":"Ruynes-en-Margeride (commune non irisée)"}},
{"type":"Feature","geometry":{"type":"Polygon","coordinates":[[[2.47344,45.31836],[2.47396,45.32015],[2.47848,45.32064],[2.4911,45.3176],[2.49743,45.32389],[2.50265,45.32463],[2.49398,45.34018],[2.49142,45.34266],[2.48568,45.3415],[2.48352,45.34564],[2.47891,45.34918],[2.47255,45.34493],[2.46809,45.34539],[2.47273,45.34165],[2.462,45.3359],[2.47086,45.33274],[2.47111,45.32978],[2.46616,45.33105],[2.46193,45.32884],[2.46318,45.32276],[2.46533,45.31997],[2.47344,45.31836]]]},"properties":{"code_territoire":"iris151690000","libelle_territoire":"Saignes (commune non irisée)"}},
{"type":"Feature","geometry":{"type":"Polygon","coordinates":[[[2.72822,45.34926],[2.72461,45.35069],[2.72109,45.34827],[2.70915,45.35268],[2.70563,45.35041],[2.69436,45.35068],[2.6778,45.35454],[2.67353,45.35793],[2.67098,45.35901],[2.67027,45.35599],[2.66324,45.35245],[2.66355,45.35184],[2.66708,45.34223],[2.66672,45.33275],[2.66991,45.33008],[2.66429,45.32339],[2.66784,45.31465],[2.67691,45.31373],[2.67814,45.31155],[2.69509,45.31205],[2.68932,45.30486],[2.69469,45.30388],[2.70312,45.30116],[2.7169,45.30459],[2.71845,45.30199],[2.72258,45.30133],[2.72702,45.30442],[2.73223,45.30494],[2.7353,45.30844],[2.73954,45.30685],[2.74565,45.30479],[2.74713,45.31298],[2.75498,45.31313],[2.75759,45.31461],[2.75705,45.31889],[2.76132,45.31815],[2.76524,45.32215],[2.75717,45.32508],[2.74902,45.33729],[2.74079,45.33696],[2.73849,45.34073],[2.73133,45.34156],[2.72822,45.34926]]]},"properties":{"code_territoire":"iris151700000","libelle_territoire":"Saint-Amandin (commune non irisée)"}},
{"type":"Feature","geometry":{"type":"Polygon","coordinates":[[[2.31425,44.75495],[2.31694,44.74844],[2.32105,44.74819],[2.32048,44.74356],[2.32498,44.73928],[2.32716,44.73076],[2.33196,44.73452],[2.33467,44.73302],[2.33968,44.73711],[2.35079,44.74131],[2.35018,44.74453],[2.35339,44.74817],[2.35015,44.75203],[2.35214,44.75726],[2.35465,44.7607],[2.35973,44.76187],[2.35366,44.76486],[2.34996,44.76316],[2.34231,44.76638],[2.33517,44.76549],[2.32683,44.75461],[2.31425,44.75495]]]},"properties":{"code_territoire":"iris151720000","libelle_territoire":"Saint-Antoine (commune non irisée)"}},
{"type":"Feature","geometry":{"type":"Polygon","coordinates":[[[2.77219,45.26013],[2.77774,45.25592],[2.78211,45.25956],[2.78625,45.25812],[2.78613,45.26155],[2.79082,45.26648],[2.78826,45.26797],[2.79169,45.26813],[2.79037,45.27183],[2.80049,45.27198],[2.80032,45.27477],[2.80809,45.27416],[2.80772,45.27556],[2.82112,45.27098],[2.82555,45.26673],[2.83084,45.26668],[2.83319,45.26954],[2.84128,45.26437],[2.8437,45.26794],[2.8519,45.27062],[2.84871,45.27676],[2.84287,45.28168],[2.84362,45.28414],[2.82884,45.28716],[2.82096,45.29678],[2.81598,45.29607],[2.80693,45.29897],[2.79601,45.29554],[2.78652,45.29778],[2.78497,45.30113],[2.77581,45.29915],[2.77107,45.30135],[2.767,45.29542],[2.7795,45.28685],[2.77102,45.27632],[2.77258,45.27284],[2.76742,45.27197],[2.76664,45.27009],[2.77353,45.26225],[2.77219,45.26013]]]},"properties":{"code_territoire":"iris151730000","libelle_territoire":"Saint-Bonnet-de-Condat (commune non irisée)"}},
{"type":"Feature","geometry":{"type":"Polygon","coordinates":[[[2.53106,45.15595],[2.56419,45.16031],[2.58544,45.15972],[2.58366,45.16211],[2.58068,45.16549],[2.57838,45.16324],[2.56337,45.16593],[2.54043,45.16278],[2.53988,45.16854],[2.54433,45.17033],[2.54311,45.17302],[2.51795,45.17961],[2.51088,45.17532],[2.509,45.17654],[2.51111,45.18166],[2.50315,45.18401],[2.5011,45.17872],[2.49609,45.17961],[2.48985,45.17762],[2.48944,45.18087],[2.48286,45.18108],[2.4742,45.17729],[2.46825,45.17726],[2.46255,45.1707],[2.45501,45.17445],[2.45194,45.17086],[2.44193,45.17402],[2.43854,45.17343],[2.43908,45.172],[2.43596,45.17353],[2.43367,45.16835],[2.4242,45.17159],[2.42292,45.16918],[2.42135,45.16467],[2.41815,45.16462],[2.41791,45.1606],[2.41321,45.15844],[2.41489,45.15458],[2.41916,45.15285],[2.41513,45.14724],[2.41825,45.14664],[2.4153,45.14474],[2.4183,45.14441],[2.42296,45.14839],[2.43235,45.14728],[2.4319,45.14069],[2.43956,45.1384],[2.43407,45.1388],[2.43211,45.13548],[2.43452,45.1384],[2.43501,45.13454],[2.4403,45.13499],[2.44304,45.13209],[2.44772,45.13883],[2.44929,45.13786],[2.45071,45.14022],[2.45861,45.14199],[2.46025,45.1401],[2.46095,45.14276],[2.46363,45.14057],[2.47413,45.14043],[2.47102,45.13817],[2.47271,45.13768],[2.48166,45.13537],[2.48053,45.14195],[2.47214,45.14497],[2.48131,45.14793],[2.47932,45.15442],[2.4831,45.15444],[2.48233,45.15121],[2.4864,45.15381],[2.49076,45.15315],[2.48838,45.15034],[2.49422,45.14704],[2.49853,45.15322],[2.50327,45.15166],[2.50604,45.15377],[2.52042,45.15251],[2.52183,45.15552],[2.53106,45.15595]]]},"properties":{"code_territoire":"iris151740000","libelle_territoire":"Saint-Bonnet-de-Salers (commune non irisée)"}},
{"type":"Feature","geometry":{"type":"Polygon","coordinates":[[[2.41256,45.01641],[2.42272,45.01639],[2.43361,45.02257],[2.42836,45.0168],[2.43442,45.01848],[2.43256,45.01498],[2.44312,45.01717],[2.44874,45.02278],[2.44819,45.02559],[2.45265,45.02773],[2.45689,45.02603],[2.45592,45.02828],[2.45935,45.03007],[2.4617,45.02772],[2.46705,45.02973],[2.46526,45.03122],[2.46839,45.02972],[2.47253,45.0312],[2.47111,45.03294],[2.47505,45.03757],[2.46984,45.03916],[2.47213,45.04118],[2.4676,45.04375],[2.46506,45.04611],[2.46709,45.04783],[2.46855,45.04464],[2.47123,45.0491],[2.46738,45.04817],[2.46958,45.05108],[2.46635,45.05185],[2.46845,45.05382],[2.46594,45.05356],[2.46909,45.05831],[2.45994,45.05752],[2.45492,45.06374],[2.4599,45.06477],[2.46504,45.06232],[2.46828,45.06305],[2.47286,45.06858],[2.47722,45.06991],[2.48417,45.06861],[2.48583,45.07216],[2.48843,45.07238],[2.49071,45.07434],[2.48398,45.07572],[2.49146,45.07802],[2.49227,45.0834],[2.48853,45.08422],[2.48127,45.08369],[2.47765,45.0809],[2.44945,45.07878],[2.44654,45.07909],[2.44648,45.08115],[2.42989,45.07933],[2.41568,45.08183],[2.41073,45.08096],[2.40977,45.07808],[2.40187,45.07657],[2.39331,45.07101],[2.38954,45.07355],[2.38506,45.07166],[2.38277,45.07297],[2.3797,45.07027],[2.37986,45.06601],[2.37287,45.07122],[2.37071,45.0709],[2.373,45.06747],[2.36727,45.07005],[2.36441,45.06898],[2.36504,45.06232],[2.36937,45.06063],[2.36659,45.05266],[2.36111,45.0481],[2.35354,45.04876],[2.35226,45.04685],[2.35533,45.04441],[2.3533,45.04283],[2.35678,45.0431],[2.36249,45.03939],[2.36592,45.04285],[2.37215,45.03991],[2.39174,45.03508],[2.39926,45.04121],[2.39445,45.03221],[2.41398,45.03115],[2.41327,45.02833],[2.41582,45.02697],[2.4128,45.02148],[2.41595,45.0192],[2.41256,45.01641]]]},"properties":{"code_territoire":"iris151750000","libelle_territoire":"Saint-Cernin (commune non irisée)"}},
{"type":"Feature","geometry":{"type":"Polygon","coordinates":[[[2.48044,45.09506],[2.46653,45.09714],[2.44705,45.10699],[2.44765,45.10856],[2.4406,45.10805],[2.43526,45.11057],[2.43299,45.10632],[2.42404,45.10458],[2.42528,45.10807],[2.42297,45.10922],[2.41801,45.09987],[2.41628,45.10102],[2.41373,45.0995],[2.41149,45.09681],[2.41671,45.09445],[2.41682,45.09106],[2.41459,45.09162],[2.41003,45.08619],[2.41568,45.08183],[2.42989,45.07933],[2.44648,45.08115],[2.44654,45.07909],[2.44945,45.07878],[2.47765,45.0809],[2.48127,45.08369],[2.48853,45.08422],[2.48574,45.08851],[2.48733,45.09146],[2.48044,45.09506]]]},"properties":{"code_territoire":"iris151760000","libelle_territoire":"Saint-Chamant (commune non irisée)"}},
{"type":"Feature","geometry":{"type":"Polygon","coordinates":[[[2.59087,45.0664],[2.59148,45.05988],[2.59649,45.05856],[2.60069,45.05067],[2.59466,45.04187],[2.59652,45.03965],[2.58197,45.03183],[2.57901,45.03338],[2.58085,45.0374],[2.5766,45.03822],[2.5665,45.03229],[2.56737,45.02831],[2.57235,45.02392],[2.5764,45.02575],[2.58219,45.02156],[2.58808,45.02131],[2.58822,45.01717],[2.59244,45.0181],[2.59527,45.01291],[2.59789,45.01555],[2.60301,45.01306],[2.60922,45.01589],[2.61696,45.02532],[2.62803,45.03045],[2.63953,45.04487],[2.62328,45.04765],[2.61782,45.05245],[2.61122,45.05138],[2.61465,45.05555],[2.60999,45.06689],[2.617,45.07201],[2.6162,45.07665],[2.60071,45.07485],[2.59222,45.06959],[2.59087,45.0664]]]},"properties":{"code_territoire":"iris151780000","libelle_territoire":"Saint-Cirgues-de-Jordanne (commune non irisée)"}},
{"type":"Feature","geometry":{"type":"Polygon","coordinates":[[[2.40135,45.10485],[2.39639,45.10568],[2.39611,45.10334],[2.39307,45.10268],[2.38852,45.10446],[2.38316,45.10149],[2.36833,45.10197],[2.36064,45.09606],[2.35939,45.09132],[2.35076,45.09187],[2.34629,45.08897],[2.33523,45.08169],[2.33913,45.07432],[2.34265,45.07732],[2.34705,45.07254],[2.35921,45.07481],[2.35987,45.0777],[2.36019,45.07467],[2.3638,45.07542],[2.36751,45.07204],[2.36441,45.06898],[2.36727,45.07005],[2.373,45.06747],[2.37071,45.0709],[2.37287,45.07122],[2.37986,45.06601],[2.3797,45.07027],[2.38277,45.07297],[2.38506,45.07166],[2.38954,45.07355],[2.39331,45.07101],[2.40187,45.07657],[2.40977,45.07808],[2.41073,45.08096],[2.41568,45.08183],[2.41003,45.08619],[2.41459,45.09162],[2.41682,45.09106],[2.41671,45.09445],[2.41149,45.09681],[2.41373,45.0995],[2.40135,45.10485]]]},"properties":{"code_territoire":"iris151790000","libelle_territoire":"Saint-Cirgues-de-Malbert (commune non irisée)"}},
{"type":"Feature","geometry":{"type":"Polygon","coordinates":[[[2.64598,44.94766],[2.65016,44.94885],[2.65006,44.94751],[2.65814,44.94642],[2.65634,44.95028],[2.66152,44.95421],[2.67101,44.95584],[2.67351,44.95061],[2.6759,44.95187],[2.67505,44.95497],[2.68196,44.95671],[2.68719,44.96141],[2.68538,44.96439],[2.68196,44.96249],[2.68249,44.96922],[2.68656,44.96956],[2.6866,44.96761],[2.6874,44.97211],[2.69147,44.97674],[2.69272,44.97379],[2.69576,44.97542],[2.69548,44.97933],[2.70388,44.98549],[2.70456,44.98844],[2.70963,44.98805],[2.71042,44.99989],[2.7153,44.99939],[2.71806,45.00893],[2.72587,45.01177],[2.73115,45.02368],[2.7249,45.01883],[2.71745,45.01445],[2.71147,45.0064],[2.69287,44.9995],[2.67411,44.98727],[2.66364,44.98307],[2.65287,44.97546],[2.64575,44.97401],[2.64092,44.96028],[2.63533,44.95555],[2.64656,44.95089],[2.64815,44.94864],[2.64598,44.94766]]]},"properties":{"code_territoire":"iris151800000","libelle_territoire":"Saint-Clément (commune non irisée)"}},
{"type":"Feature","geometry":{"type":"Polygon","coordinates":[[[2.32424,44.66918],[2.31446,44.68109],[2.30291,44.67764],[2.29655,44.68023],[2.29335,44.67907],[2.28876,44.68315],[2.2876,44.68179],[2.27945,44.68322],[2.27688,44.68077],[2.27433,44.68306],[2.26144,44.68119],[2.27132,44.69046],[2.26834,44.6951],[2.27288,44.69566],[2.27061,44.69882],[2.27251,44.69765],[2.27677,44.69935],[2.27171,44.70181],[2.28849,44.70643],[2.29016,44.71038],[2.28473,44.70996],[2.28196,44.71817],[2.2805,44.71664],[2.26905,44.71637],[2.26565,44.70878],[2.25273,44.71162],[2.24797,44.7081],[2.24486,44.70985],[2.23068,44.709],[2.23148,44.70646],[2.22922,44.70704],[2.23075,44.70581],[2.22294,44.70104],[2.22211,44.69564],[2.21521,44.69722],[2.21149,44.6941],[2.21293,44.68879],[2.2093,44.6855],[2.21225,44.68186],[2.21036,44.67957],[2.20672,44.68287],[2.20745,44.68048],[2.21477,44.67597],[2.21151,44.6758],[2.21044,44.67319],[2.21347,44.6706],[2.20885,44.66925],[2.21903,44.66868],[2.22299,44.66596],[2.22257,44.66944],[2.22583,44.67006],[2.22483,44.66867],[2.22758,44.66816],[2.22754,44.67166],[2.22932,44.66982],[2.23131,44.67207],[2.23716,44.66618],[2.24174,44.66675],[2.24391,44.66265],[2.24962,44.66098],[2.25208,44.66211],[2.25068,44.66876],[2.26042,44.66825],[2.27108,44.66228],[2.27036,44.66059],[2.28518,44.6669],[2.29512,44.66696],[2.30544,44.66231],[2.32424,44.66918]]]},"properties":{"code_territoire":"iris151810000","libelle_territoire":"Saint-Constant-Fournoulès (commune non irisée)"}},
{"type":"Feature","geometry":{"type":"Polygon","coordinates":[[[2.22988,44.96655],[2.22677,44.95567],[2.22032,44.95482],[2.21772,44.95643],[2.2187,44.94317],[2.22299,44.94101],[2.22787,44.94345],[2.24723,44.9221],[2.25642,44.93352],[2.24954,44.93693],[2.24844,44.93496],[2.24444,44.9352],[2.24332,44.93723],[2.24736,44.93747],[2.25099,44.94113],[2.25553,44.94105],[2.25731,44.93856],[2.26026,44.93929],[2.26117,44.94365],[2.2675,44.94626],[2.26915,44.95308],[2.26862,44.9596],[2.24231,44.96725],[2.23813,44.96884],[2.23752,44.96727],[2.22988,44.96655]]]},"properties":{"code_territoire":"iris151820000","libelle_territoire":"Saint-Étienne-Cantalès (commune non irisée)"}},
{"type":"Feature","geometry":{"type":"Polygon","coordinates":[[[2.55512,44.90868],[2.56112,44.91096],[2.56337,44.89746],[2.57528,44.89795],[2.57553,44.89446],[2.58612,44.89516],[2.59035,44.89903],[2.59287,44.89769],[2.59654,44.90035],[2.59498,44.90248],[2.5971,44.90526],[2.60001,44.90558],[2.59619,44.91124],[2.60687,44.9126],[2.60616,44.91419],[2.61162,44.91546],[2.60815,44.91672],[2.61138,44.91762],[2.61259,44.92303],[2.61603,44.92232],[2.61523,44.92723],[2.60681,44.92898],[2.59959,44.92765],[2.59798,44.92921],[2.59338,44.9275],[2.59406,44.93085],[2.58882,44.92918],[2.58201,44.92308],[2.56391,44.91734],[2.55364,44.91332],[2.55689,44.9111],[2.55512,44.90868]]]},"properties":{"code_territoire":"iris151830000","libelle_territoire":"Saint-Étienne-de-Carlat (commune non irisée)"}},
{"type":"Feature","geometry":{"type":"Polygon","coordinates":[[[2.23155,44.7363],[2.22815,44.74718],[2.22504,44.74855],[2.22071,44.74651],[2.22148,44.74427],[2.21701,44.74155],[2.2084,44.74402],[2.20866,44.73679],[2.20286,44.73811],[2.19591,44.73638],[2.19333,44.72886],[2.18856,44.72542],[2.18757,44.7235],[2.1913,44.71952],[2.20081,44.71543],[2.20342,44.71017],[2.21239,44.71058],[2.21519,44.70901],[2.21521,44.69722],[2.22211,44.69564],[2.22294,44.70104],[2.23075,44.70581],[2.22922,44.70704],[2.23148,44.70646],[2.23068,44.709],[2.24486,44.70985],[2.24797,44.7081],[2.25273,44.71162],[2.26565,44.70878],[2.26905,44.71637],[2.2805,44.71664],[2.28196,44.71817],[2.29571,44.72495],[2.28885,44.72932],[2.27647,44.72891],[2.2728,44.72428],[2.25415,44.72298],[2.24461,44.71604],[2.24108,44.72046],[2.23042,44.72568],[2.23274,44.73227],[2.22881,44.73451],[2.23155,44.7363]]]},"properties":{"code_territoire":"iris151840000","libelle_territoire":"Saint-Étienne-de-Maurs (commune non irisée)"}},
{"type":"Feature","geometry":{"type":"Polygon","coordinates":[[[2.66355,45.35184],[2.66324,45.35245],[2.65263,45.36295],[2.6463,45.36327],[2.63769,45.37121],[2.63284,45.37285],[2.62136,45.36466],[2.62053,45.36654],[2.6126,45.36869],[2.60559,45.36823],[2.60397,45.36531],[2.59706,45.36516],[2.59163,45.35773],[2.58422,45.35483],[2.58344,45.35226],[2.58873,45.35198],[2.58293,45.35186],[2.58763,45.34546],[2.57862,45.34103],[2.57611,45.33577],[2.5798,45.33356],[2.57813,45.33181],[2.58343,45.33157],[2.58214,45.32576],[2.57998,45.31467],[2.58757,45.31685],[2.58931,45.32175],[2.5974,45.3202],[2.59824,45.32308],[2.60547,45.32675],[2.61126,45.32098],[2.61875,45.31813],[2.62405,45.32077],[2.62567,45.32422],[2.63586,45.32346],[2.63711,45.32996],[2.64471,45.32485],[2.64402,45.32737],[2.65359,45.32773],[2.65211,45.3357],[2.65474,45.33957],[2.66162,45.34096],[2.65859,45.35015],[2.66355,45.35184]]]},"properties":{"code_territoire":"iris151850000","libelle_territoire":"Saint-Étienne-de-Chomeil (commune non irisée)"}},
{"type":"Feature","geometry":{"type":"Polygon","coordinates":[[[2.36833,45.10197],[2.38316,45.10149],[2.38852,45.10446],[2.39307,45.10268],[2.39611,45.10334],[2.39639,45.10568],[2.40135,45.10485],[2.39807,45.11361],[2.39965,45.11696],[2.39618,45.11942],[2.40677,45.12356],[2.41072,45.13018],[2.40836,45.13401],[2.39757,45.13536],[2.39731,45.13806],[2.3874,45.14177],[2.38438,45.14565],[2.37203,45.14214],[2.37444,45.14364],[2.36872,45.14581],[2.36679,45.14457],[2.36453,45.1474],[2.36039,45.14413],[2.35473,45.14424],[2.35351,45.1413],[2.35314,45.13915],[2.35645,45.13838],[2.35466,45.13692],[2.3576,45.12928],[2.36611,45.12795],[2.3614,45.1198],[2.36234,45.11455],[2.36618,45.11481],[2.3634,45.10789],[2.36833,45.10197]]]},"properties":{"code_territoire":"iris151860000","libelle_territoire":"Sainte-Eulalie (commune non irisée)"}},
{"type":"Feature","geometry":{"type":"Polygon","coordinates":[[[3.07046,45.04818],[3.08452,45.04623],[3.09435,45.04059],[3.09398,45.03711],[3.09834,45.03387],[3.07888,45.03089],[3.08058,45.02533],[3.07806,45.02359],[3.0803,45.0202],[3.07649,45.01169],[3.08013,45.00426],[3.07672,45.0034],[3.0818,45.00193],[3.07886,45.00096],[3.08311,44.99873],[3.07928,44.99766],[3.08214,44.99734],[3.08218,44.99482],[3.08516,44.99526],[3.08308,44.99099],[3.08692,44.98427],[3.09038,44.98708],[3.09168,44.98555],[3.09982,44.98825],[3.10248,44.98569],[3.10181,44.98875],[3.09782,45.00237],[3.09568,45.00305],[3.09659,45.01046],[3.10065,45.0163],[3.1121,45.01305],[3.112,45.01602],[3.11607,45.01938],[3.11232,45.02671],[3.11557,45.02985],[3.10641,45.03165],[3.11007,45.03392],[3.10739,45.03673],[3.11142,45.03863],[3.10987,45.04445],[3.1146,45.04887],[3.1134,45.05405],[3.11587,45.05394],[3.11646,45.0562],[3.11392,45.05728],[3.12203,45.06246],[3.11645,45.06584],[3.11247,45.06226],[3.10066,45.06179],[3.10089,45.05417],[3.08781,45.05835],[3.07473,45.058],[3.0758,45.05432],[3.07068,45.05406],[3.07284,45.05092],[3.07046,45.04818]]]},"properties":{"code_territoire":"iris151870101","libelle_territoire":"Nord"}},
{"type":"Feature","geometry":{"type":"Polygon","coordinates":[[[3.06442,45.03574],[3.06472,45.03251],[3.05575,45.03285],[3.05333,45.03123],[3.05206,45.03394],[3.04603,45.03563],[3.04674,45.03735],[3.03798,45.03629],[3.02723,45.02925],[3.02402,45.02456],[3.04635,45.01981],[3.04812,45.02179],[3.05442,45.01999],[3.05544,45.02142],[3.05515,45.01952],[3.05949,45.01876],[3.05718,45.01649],[3.06077,45.0136],[3.05568,45.0128],[3.06351,45.01181],[3.06878,45.01391],[3.07088,45.00965],[3.0736,45.01184],[3.07635,45.00959],[3.07649,45.01169],[3.0803,45.0202],[3.07806,45.02359],[3.08058,45.02533],[3.07888,45.03089],[3.09834,45.03387],[3.09398,45.03711],[3.09435,45.04059],[3.08452,45.04623],[3.07046,45.04818],[3.06445,45.04017],[3.06716,45.03672],[3.06459,45.03729],[3.06442,45.03574]]]},"properties":{"code_territoire":"iris151870102","libelle_territoire":"Sud"}},
{"type":"Feature","geometry":{"type":"Polygon","coordinates":[[[3.12372,45.06181],[3.12203,45.06246],[3.11392,45.05728],[3.11646,45.0562],[3.11587,45.05394],[3.1134,45.05405],[3.1146,45.04887],[3.10987,45.04445],[3.11142,45.03863],[3.10739,45.03673],[3.11007,45.03392],[3.10641,45.03165],[3.11557,45.02985],[3.11232,45.02671],[3.11607,45.01938],[3.112,45.01602],[3.1121,45.01305],[3.10065,45.0163],[3.09659,45.01046],[3.09568,45.00305],[3.09782,45.00237],[3.10181,44.98875],[3.11219,44.99233],[3.11997,44.98501],[3.12531,44.98639],[3.13492,44.98126],[3.13918,44.98233],[3.13995,44.98755],[3.14448,44.989],[3.13847,44.99124],[3.14104,45.00361],[3.13674,45.00554],[3.13938,45.00884],[3.15248,45.01089],[3.15524,45.0071],[3.15671,45.01038],[3.15785,45.00489],[3.16338,45.00623],[3.16315,45.00308],[3.17253,44.99852],[3.16827,44.99429],[3.17223,44.99128],[3.17491,44.99635],[3.18371,44.99579],[3.1796,44.99919],[3.18335,45.00281],[3.18171,45.00384],[3.18837,45.00349],[3.19051,45.00628],[3.18859,45.00817],[3.19263,45.00949],[3.18123,45.0235],[3.17478,45.02185],[3.17181,45.02292],[3.174,45.02554],[3.16951,45.0281],[3.16198,45.0274],[3.15954,45.03061],[3.16241,45.0381],[3.16453,45.04066],[3.16672,45.03974],[3.16335,45.04392],[3.16109,45.0429],[3.1605,45.04611],[3.15514,45.04527],[3.14838,45.0503],[3.13984,45.04946],[3.13859,45.04766],[3.13288,45.04875],[3.12372,45.06181]]]},"properties":{"code_territoire":"iris151880000","libelle_territoire":"Saint-Georges (commune non irisée)"}},
{"type":"Feature","geometry":{"type":"Polygon","coordinates":[[[2.16538,44.93486],[2.16598,44.93224],[2.18072,44.93066],[2.18798,44.92554],[2.19787,44.92684],[2.20757,44.91801],[2.21594,44.92291],[2.2138,44.92517],[2.21842,44.92606],[2.22368,44.93062],[2.22922,44.92494],[2.23091,44.91884],[2.23557,44.92041],[2.24385,44.91907],[2.24723,44.9221],[2.22787,44.94345],[2.22299,44.94101],[2.2187,44.94317],[2.21772,44.95643],[2.22032,44.95482],[2.22677,44.95567],[2.22988,44.96655],[2.21232,44.96649],[2.21632,44.96181],[2.20413,44.95862],[2.197,44.96023],[2.18999,44.9665],[2.1873,44.96599],[2.17359,44.94268],[2.16722,44.93833],[2.16538,44.93486]]]},"properties":{"code_territoire":"iris151890000","libelle_territoire":"Saint-Gérons (commune non irisée)"}},
{"type":"Feature","geometry":{"type":"Polygon","coordinates":[[[2.72904,45.2411],[2.72766,45.23918],[2.72074,45.24046],[2.72189,45.2366],[2.71928,45.23683],[2.71882,45.23431],[2.71673,45.23598],[2.71397,45.23315],[2.7072,45.24401],[2.70562,45.24092],[2.70758,45.2395],[2.70267,45.23787],[2.70319,45.23053],[2.69963,45.23122],[2.70064,45.22665],[2.69619,45.23042],[2.69465,45.22809],[2.69756,45.22529],[2.68993,45.22711],[2.68745,45.22501],[2.67909,45.22794],[2.67809,45.22567],[2.6741,45.22576],[2.6739,45.22321],[2.67184,45.22411],[2.67383,45.22184],[2.66966,45.22082],[2.67788,45.20209],[2.67344,45.19464],[2.68047,45.19156],[2.6803,45.20294],[2.69837,45.20067],[2.70037,45.19639],[2.70929,45.19714],[2.71093,45.2032],[2.70414,45.20836],[2.70867,45.21023],[2.70429,45.21272],[2.70487,45.2142],[2.70844,45.21302],[2.70608,45.21492],[2.70738,45.21824],[2.71234,45.21741],[2.71503,45.22015],[2.71956,45.22009],[2.72202,45.21684],[2.72362,45.21819],[2.72806,45.21583],[2.72958,45.22389],[2.74088,45.22134],[2.74568,45.22411],[2.74052,45.2337],[2.73218,45.23382],[2.72904,45.2411]]]},"properties":{"code_territoire":"iris151900000","libelle_territoire":"Saint-Hippolyte (commune non irisée)"}},
{"type":"Feature","geometry":{"type":"Polygon","coordinates":[[[2.31332,45.02119],[2.32593,45.02019],[2.32718,45.02205],[2.33504,45.01975],[2.33998,45.01467],[2.34027,45.01078],[2.34281,45.01082],[2.34767,45.01225],[2.35005,45.01602],[2.34847,45.02047],[2.34987,45.02358],[2.35463,45.02552],[2.35385,45.03158],[2.3555,45.03256],[2.35979,45.02994],[2.3602,45.03274],[2.36584,45.03093],[2.36545,45.03317],[2.37208,45.03558],[2.37024,45.03664],[2.37215,45.03991],[2.36592,45.04285],[2.36249,45.03939],[2.35678,45.0431],[2.3533,45.04283],[2.35533,45.04441],[2.35226,45.04685],[2.35354,45.04876],[2.36111,45.0481],[2.36659,45.05266],[2.36937,45.06063],[2.36504,45.06232],[2.36441,45.06898],[2.36751,45.07204],[2.3638,45.07542],[2.36019,45.07467],[2.35987,45.0777],[2.35921,45.07481],[2.34705,45.07254],[2.34265,45.07732],[2.33913,45.07432],[2.33523,45.08169],[2.33158,45.0812],[2.33023,45.07872],[2.32695,45.07941],[2.3199,45.07397],[2.30827,45.07532],[2.31162,45.07173],[2.3027,45.0754],[2.29713,45.07214],[2.29344,45.07569],[2.28744,45.07213],[2.28405,45.07474],[2.2839,45.07169],[2.27911,45.07028],[2.27332,45.0738],[2.26875,45.07205],[2.26384,45.07302],[2.2611,45.07073],[2.26221,45.06572],[2.25835,45.06257],[2.25999,45.0613],[2.26234,45.06426],[2.26535,45.06371],[2.26803,45.05778],[2.26577,45.05296],[2.2767,45.04703],[2.27198,45.03828],[2.28084,45.03755],[2.28511,45.03736],[2.28671,45.03279],[2.29071,45.03434],[2.29298,45.0324],[2.29572,45.03345],[2.29802,45.02999],[2.30597,45.03369],[2.30846,45.03145],[2.31095,45.0325],[2.31269,45.03764],[2.31542,45.03168],[2.31332,45.02119]]]},"properties":{"code_territoire":"iris151910000","libelle_territoire":"Saint-Illide (commune non irisée)"}},
{"type":"Feature","geometry":{"type":"Polygon","coordinates":[[[2.76096,45.057],[2.76246,45.06428],[2.7659,45.06639],[2.75461,45.0732],[2.75173,45.07943],[2.7428,45.08297],[2.73375,45.0836],[2.73261,45.0871],[2.71673,45.08833],[2.69617,45.07116],[2.69529,45.06199],[2.68502,45.06417],[2.67745,45.06294],[2.67111,45.05423],[2.68292,45.05195],[2.69213,45.03925],[2.68754,45.02976],[2.68835,45.02347],[2.69636,45.02986],[2.70497,45.02776],[2.70879,45.02902],[2.72429,45.02419],[2.7249,45.01883],[2.73115,45.02368],[2.73978,45.03467],[2.74284,45.03971],[2.75096,45.04385],[2.75554,45.05427],[2.76096,45.057]]]},"properties":{"code_territoire":"iris151920000","libelle_territoire":"Saint-Jacques-des-Blats (commune non irisée)"}},
{"type":"Feature","geometry":{"type":"Polygon","coordinates":[[[2.18046,44.79823],[2.17633,44.79804],[2.17766,44.79324],[2.17329,44.79281],[2.17153,44.7904],[2.16858,44.78195],[2.19681,44.78012],[2.20296,44.77249],[2.20668,44.75968],[2.20932,44.75873],[2.2074,44.75671],[2.2084,44.74402],[2.21701,44.74155],[2.22148,44.74427],[2.22071,44.74651],[2.2234,44.75176],[2.22083,44.75631],[2.22657,44.75909],[2.22817,44.76293],[2.22567,44.763],[2.22402,44.76859],[2.21844,44.77016],[2.22058,44.7743],[2.21327,44.7753],[2.206,44.78416],[2.20742,44.7855],[2.19981,44.78777],[2.20465,44.79161],[2.20131,44.79297],[2.19996,44.79971],[2.19607,44.79527],[2.18982,44.79789],[2.18576,44.79674],[2.18046,44.79823]]]},"properties":{"code_territoire":"iris151940000","libelle_territoire":"Saint-Julien-de-Toursac (commune non irisée)"}},
{"type":"Feature","geometry":{"type":"Polygon","coordinates":[[[2.36537,44.87484],[2.35827,44.87401],[2.349,44.88042],[2.33468,44.88106],[2.33366,44.87855],[2.33737,44.87684],[2.33524,44.87381],[2.3172,44.86466],[2.31643,44.87],[2.32459,44.86862],[2.32553,44.87083],[2.31854,44.87261],[2.32183,44.8752],[2.32248,44.88021],[2.31601,44.88587],[2.3208,44.89257],[2.3144,44.89529],[2.31502,44.89928],[2.29929,44.90493],[2.29701,44.90934],[2.2765,44.90434],[2.27398,44.89867],[2.27668,44.89632],[2.27825,44.89736],[2.28193,44.88737],[2.28633,44.88735],[2.30611,44.87351],[2.29583,44.86887],[2.29254,44.86053],[2.2778,44.86546],[2.28156,44.86772],[2.27721,44.8759],[2.27334,44.87154],[2.26559,44.87434],[2.26345,44.86907],[2.26617,44.8641],[2.26039,44.85864],[2.25665,44.85505],[2.2509,44.85538],[2.24794,44.85198],[2.25086,44.84965],[2.24634,44.84669],[2.24015,44.84095],[2.24356,44.83124],[2.24721,44.82895],[2.25313,44.82617],[2.25562,44.82104],[2.26292,44.82403],[2.27358,44.82028],[2.28073,44.82096],[2.28282,44.82347],[2.28317,44.82993],[2.29387,44.82866],[2.29734,44.83066],[2.30886,44.82177],[2.31115,44.8262],[2.31732,44.82825],[2.32273,44.82685],[2.33151,44.83346],[2.33806,44.828],[2.3446,44.8295],[2.34584,44.82778],[2.3499,44.83358],[2.35261,44.83136],[2.36514,44.83277],[2.3703,44.83479],[2.36628,44.8399],[2.3592,44.83862],[2.35288,44.84095],[2.3561,44.85014],[2.36017,44.85362],[2.36018,44.86476],[2.36608,44.86308],[2.36628,44.86138],[2.37122,44.86686],[2.36537,44.87484]]]},"properties":{"code_territoire":"iris151960000","libelle_territoire":"Saint-Mamet-la-Salvetat (commune non irisée)"}},
{"type":"Feature","geometry":{"type":"Polygon","coordinates":[[[2.85975,44.87442],[2.87238,44.87207],[2.88213,44.86754],[2.88776,44.86961],[2.89191,44.86738],[2.91166,44.88089],[2.9139,44.88519],[2.91787,44.88552],[2.92365,44.8933],[2.91495,44.89459],[2.91186,44.8905],[2.8968,44.89162],[2.89256,44.89507],[2.89041,44.90158],[2.89201,44.90279],[2.90087,44.90077],[2.90465,44.90462],[2.90341,44.9072],[2.8983,44.91276],[2.89295,44.91332],[2.88444,44.91802],[2.88694,44.92001],[2.87485,44.91967],[2.87365,44.92173],[2.87019,44.92141],[2.87184,44.92476],[2.86704,44.92612],[2.86741,44.92063],[2.8647,44.92071],[2.86262,44.91764],[2.86881,44.9034],[2.86723,44.89758],[2.86451,44.89734],[2.8637,44.89926],[2.85976,44.89568],[2.86069,44.89325],[2.8571,44.89029],[2.85835,44.88835],[2.85234,44.87538],[2.85473,44.87406],[2.85975,44.87442]]]},"properties":{"code_territoire":"iris151980000","libelle_territoire":"Sainte-Marie (commune non irisée)"}},
{"type":"Feature","geometry":{"type":"Polygon","coordinates":[[[3.06178,44.85953],[3.06841,44.86475],[3.06487,44.86741],[3.06232,44.8659],[3.0612,44.86717],[3.06351,44.87142],[3.0606,44.87324],[3.05969,44.87989],[3.05822,44.87897],[3.06216,44.88395],[3.06506,44.88357],[3.06454,44.88717],[3.0677,44.88856],[3.07083,44.89831],[3.07005,44.90338],[3.06687,44.9016],[3.06126,44.90365],[3.05839,44.90152],[3.05342,44.90755],[3.05085,44.90435],[3.0431,44.90295],[3.04017,44.90597],[3.04491,44.90721],[3.04423,44.90889],[3.03456,44.9083],[3.02787,44.90512],[3.03105,44.90052],[3.02456,44.90269],[3.0141,44.90233],[3.00609,44.8948],[3.02004,44.8905],[3.02289,44.88249],[3.03206,44.88022],[3.03412,44.87296],[3.0308,44.871],[3.04173,44.86895],[3.04,44.86398],[3.05621,44.86311],[3.06178,44.85953]]]},"properties":{"code_territoire":"iris151990000","libelle_territoire":"Saint-Martial (commune non irisée)"}},
{"type":"Feature","geometry":{"type":"Polygon","coordinates":[[[2.33523,45.08169],[2.34629,45.08897],[2.34009,45.09313],[2.34011,45.09549],[2.34461,45.105],[2.34965,45.1053],[2.34897,45.11041],[2.34667,45.11272],[2.34414,45.11116],[2.32781,45.11231],[2.32429,45.10837],[2.32303,45.11154],[2.3191,45.11303],[2.31859,45.10792],[2.30993,45.10639],[2.3061,45.10256],[2.30418,45.10498],[2.30402,45.10083],[2.29873,45.10012],[2.29954,45.09792],[2.29628,45.09981],[2.29455,45.098],[2.28934,45.099],[2.28841,45.09532],[2.28446,45.09686],[2.2834,45.09448],[2.27739,45.09653],[2.27687,45.09268],[2.28051,45.0919],[2.27968,45.09003],[2.27408,45.08839],[2.27289,45.09224],[2.27172,45.08916],[2.26777,45.08919],[2.2709,45.08619],[2.2698,45.0809],[2.26424,45.0851],[2.26159,45.08382],[2.25843,45.08521],[2.25423,45.08322],[2.25202,45.08493],[2.24932,45.08062],[2.25348,45.079],[2.25692,45.06908],[2.2611,45.07073],[2.26384,45.07302],[2.26875,45.07205],[2.27332,45.0738],[2.27911,45.07028],[2.2839,45.07169],[2.28405,45.07474],[2.28744,45.07213],[2.29344,45.07569],[2.29713,45.07214],[2.3027,45.0754],[2.31162,45.07173],[2.30827,45.07532],[2.3199,45.07397],[2.32695,45.07941],[2.33023,45.07872],[2.33158,45.0812],[2.33523,45.08169]]]},"properties":{"code_territoire":"iris152000000","libelle_territoire":"Saint-Martin-Cantalès (commune non irisée)"}},
{"type":"Feature","geometry":{"type":"Polygon","coordinates":[[[2.77252,44.99816],[2.77284,44.99471],[2.78193,44.9861],[2.7804,44.97766],[2.78999,44.97517],[2.79245,44.96842],[2.78572,44.96744],[2.78707,44.96209],[2.78307,44.96212],[2.78326,44.95997],[2.77886,44.95802],[2.7798,44.95606],[2.77765,44.95615],[2.77945,44.95367],[2.775,44.95311],[2.77864,44.94885],[2.77994,44.94143],[2.78304,44.94156],[2.78519,44.93363],[2.78677,44.93183],[2.78953,44.93271],[2.78791,44.93106],[2.79056,44.93001],[2.78559,44.92448],[2.78792,44.91766],[2.78076,44.91096],[2.77581,44.90962],[2.77195,44.89848],[2.77841,44.88751],[2.7926,44.89202],[2.79451,44.89976],[2.79898,44.90374],[2.80396,44.90323],[2.80397,44.90109],[2.80756,44.90267],[2.80917,44.90969],[2.80592,44.90932],[2.80354,44.91783],[2.807,44.92091],[2.80723,44.91909],[2.81088,44.92021],[2.81397,44.92565],[2.81151,44.92844],[2.81271,44.93193],[2.80861,44.93546],[2.81063,44.9387],[2.80894,44.94533],[2.81214,44.94774],[2.81308,44.94546],[2.81483,44.94621],[2.81378,44.94328],[2.81805,44.94527],[2.82207,44.94455],[2.81604,44.95045],[2.81749,44.95298],[2.81437,44.95611],[2.81219,44.95331],[2.80945,44.95546],[2.80799,44.95375],[2.80039,44.95486],[2.79846,44.95866],[2.80117,44.96256],[2.79726,44.96794],[2.79807,44.97793],[2.79316,44.9826],[2.79214,44.98766],[2.78579,44.98939],[2.78522,44.99246],[2.77657,44.99609],[2.77422,44.99943],[2.77252,44.99816]]]},"properties":{"code_territoire":"iris152010000","libelle_territoire":"Saint-Martin-sous-Vigouroux (commune non irisée)"}},
{"type":"Feature","geometry":{"type":"Polygon","coordinates":[[[2.47271,45.13768],[2.47102,45.13817],[2.47413,45.14043],[2.46363,45.14057],[2.46095,45.14276],[2.46025,45.1401],[2.45861,45.14199],[2.45071,45.14022],[2.44929,45.13786],[2.44772,45.13883],[2.44304,45.13209],[2.4403,45.13499],[2.43501,45.13454],[2.43452,45.1384],[2.43211,45.13548],[2.43407,45.1388],[2.43956,45.1384],[2.4319,45.14069],[2.43235,45.14728],[2.42296,45.14839],[2.4183,45.14441],[2.4153,45.14474],[2.41181,45.143],[2.40908,45.14567],[2.40653,45.14057],[2.40342,45.14094],[2.40836,45.13401],[2.41072,45.13018],[2.40677,45.12356],[2.39618,45.11942],[2.39965,45.11696],[2.39807,45.11361],[2.40135,45.10485],[2.41373,45.0995],[2.41628,45.10102],[2.41801,45.09987],[2.42297,45.10922],[2.42528,45.10807],[2.42404,45.10458],[2.43299,45.10632],[2.43526,45.11057],[2.4406,45.10805],[2.44765,45.10856],[2.44705,45.10699],[2.46653,45.09714],[2.48044,45.09506],[2.48938,45.09639],[2.48939,45.10025],[2.48462,45.1019],[2.49375,45.10972],[2.49278,45.11267],[2.47016,45.12033],[2.47334,45.12368],[2.47047,45.12582],[2.47566,45.12461],[2.47694,45.12809],[2.48197,45.13016],[2.47224,45.13152],[2.47175,45.13397],[2.47788,45.13471],[2.47271,45.13768]]]},"properties":{"code_territoire":"iris152020000","libelle_territoire":"Saint-Martin-Valmeroux (commune non irisée)"}},
{"type":"Feature","geometry":{"type":"Polygon","coordinates":[[[3.19061,45.19773],[3.18403,45.19933],[3.17907,45.19743],[3.17297,45.19806],[3.17134,45.19996],[3.16884,45.19854],[3.17024,45.20115],[3.16778,45.19994],[3.16579,45.2018],[3.15467,45.19986],[3.15224,45.20179],[3.14611,45.1973],[3.14585,45.20203],[3.14091,45.20364],[3.13395,45.19791],[3.13669,45.19366],[3.13467,45.1903],[3.12412,45.19417],[3.1224,45.18982],[3.12087,45.19271],[3.11614,45.18761],[3.11335,45.18853],[3.11403,45.18677],[3.10868,45.1864],[3.11135,45.18537],[3.11021,45.18212],[3.10837,45.1829],[3.10964,45.18018],[3.11228,45.17979],[3.1114,45.16892],[3.12225,45.16604],[3.11739,45.16295],[3.12338,45.15813],[3.12855,45.14508],[3.13235,45.14261],[3.13777,45.13922],[3.14299,45.1452],[3.15324,45.13968],[3.14976,45.1623],[3.16689,45.18033],[3.16818,45.17766],[3.17077,45.1821],[3.17302,45.18044],[3.17194,45.18381],[3.17867,45.18172],[3.1853,45.19337],[3.19061,45.19773]]]},"properties":{"code_territoire":"iris152030000","libelle_territoire":"Saint-Mary-le-Plain (commune non irisée)"}},
{"type":"Feature","geometry":{"type":"Polygon","coordinates":[[[2.27155,44.97906],[2.27131,44.9791],[2.26169,44.97272],[2.26862,44.9596],[2.26915,44.95308],[2.28111,44.95031],[2.28485,44.94547],[2.28746,44.94654],[2.29017,44.9438],[2.29614,44.94389],[2.29083,44.94293],[2.29051,44.93936],[2.29773,44.9405],[2.30388,44.93832],[2.29871,44.92676],[2.2924,44.92596],[2.29092,44.92327],[2.29253,44.92008],[2.30481,44.91578],[2.31377,44.92264],[2.31147,44.92952],[2.33226,44.93454],[2.33474,44.93367],[2.33738,44.94034],[2.33997,44.94156],[2.34428,44.94016],[2.34675,44.94286],[2.34099,44.9452],[2.34086,44.94367],[2.33763,44.94381],[2.33706,44.9457],[2.33516,44.94381],[2.33085,44.94529],[2.32743,44.94403],[2.3325,44.94673],[2.32762,44.94944],[2.32512,44.94743],[2.32321,44.95199],[2.32789,44.95519],[2.32575,44.95822],[2.32173,44.9578],[2.32195,44.95954],[2.32197,44.96023],[2.31732,44.96209],[2.31158,44.95941],[2.30748,44.96058],[2.31105,44.96148],[2.31042,44.96673],[2.29898,44.96788],[2.29768,44.97341],[2.29084,44.97413],[2.28737,44.97707],[2.28336,44.97419],[2.28058,44.97713],[2.27155,44.97906]]]},"properties":{"code_territoire":"iris152040000","libelle_territoire":"Saint-Paul-des-Landes (commune non irisée)"}},
{"type":"Feature","geometry":{"type":"Polygon","coordinates":[[[2.53106,45.15595],[2.52825,45.15294],[2.50066,45.14083],[2.49844,45.13594],[2.49437,45.13509],[2.49277,45.13217],[2.48897,45.13514],[2.48166,45.13537],[2.47271,45.13768],[2.47788,45.13471],[2.47175,45.13397],[2.47224,45.13152],[2.48197,45.13016],[2.49394,45.12779],[2.49655,45.12962],[2.49794,45.1288],[2.49488,45.12764],[2.50872,45.12644],[2.51117,45.12532],[2.50918,45.12143],[2.51717,45.12102],[2.51772,45.11922],[2.53727,45.11602],[2.55996,45.11599],[2.56173,45.11442],[2.5686,45.11495],[2.58328,45.11849],[2.58305,45.12284],[2.58882,45.12584],[2.58903,45.13007],[2.60326,45.1245],[2.61758,45.12649],[2.6299,45.12471],[2.62714,45.13607],[2.6226,45.13989],[2.59684,45.15097],[2.58544,45.15972],[2.56419,45.16031],[2.53106,45.15595]]]},"properties":{"code_territoire":"iris152050000","libelle_territoire":"Saint-Paul-de-Salers (commune non irisée)"}},
{"type":"Feature","geometry":{"type":"Polygon","coordinates":[[[2.42309,45.39703],[2.40335,45.39806],[2.39776,45.4004],[2.39514,45.40743],[2.37901,45.41424],[2.37263,45.41413],[2.36954,45.41618],[2.35365,45.41474],[2.34924,45.41146],[2.35243,45.40482],[2.3567,45.39958],[2.36409,45.39732],[2.36483,45.39088],[2.36953,45.38714],[2.36316,45.37951],[2.3645,45.37468],[2.39799,45.37782],[2.42309,45.39703]]]},"properties":{"code_territoire":"iris152060000","libelle_territoire":"Saint-Pierre (commune non irisée)"}},
{"type":"Feature","geometry":{"type":"Polygon","coordinates":[[[3.21491,45.20733],[3.21304,45.20555],[3.20909,45.20949],[3.2067,45.22295],[3.20115,45.2142],[3.19707,45.20453],[3.19998,45.20434],[3.19061,45.19773],[3.1853,45.19337],[3.17867,45.18172],[3.17194,45.18381],[3.17302,45.18044],[3.17077,45.1821],[3.16818,45.17766],[3.16689,45.18033],[3.14976,45.1623],[3.15324,45.13968],[3.16388,45.13634],[3.17461,45.12954],[3.19204,45.1296],[3.19424,45.12467],[3.19705,45.12561],[3.20178,45.12196],[3.20475,45.12297],[3.20717,45.1193],[3.20943,45.12141],[3.20881,45.11817],[3.2142,45.119],[3.21782,45.11526],[3.22104,45.11586],[3.22418,45.11755],[3.22279,45.12143],[3.22453,45.12095],[3.22341,45.12266],[3.22703,45.12617],[3.22676,45.12869],[3.2236,45.12966],[3.22732,45.13274],[3.22383,45.13308],[3.22699,45.13512],[3.22947,45.13084],[3.23356,45.13304],[3.2313,45.14024],[3.23334,45.14665],[3.23084,45.15093],[3.22807,45.15803],[3.23082,45.15728],[3.22871,45.15902],[3.23252,45.16248],[3.22729,45.16342],[3.22183,45.1689],[3.21722,45.16674],[3.21715,45.17078],[3.21123,45.17219],[3.20589,45.17895],[3.2166,45.1863],[3.21444,45.18844],[3.21402,45.18624],[3.21005,45.18629],[3.21304,45.19099],[3.2183,45.19056],[3.22119,45.19298],[3.21914,45.20028],[3.21627,45.19949],[3.21491,45.20733]]]},"properties":{"code_territoire":"iris152070000","libelle_territoire":"Saint-Poncy (commune non irisée)"}},
{"type":"Feature","geometry":{"type":"Polygon","coordinates":[[[2.59087,45.0664],[2.59222,45.06959],[2.60071,45.07485],[2.6162,45.07665],[2.62204,45.0765],[2.64402,45.08441],[2.64262,45.09262],[2.64596,45.09759],[2.65296,45.09986],[2.6538,45.10354],[2.64298,45.10978],[2.63953,45.10709],[2.6331,45.10625],[2.63392,45.10217],[2.63188,45.10162],[2.6368,45.09651],[2.63109,45.09659],[2.62287,45.09269],[2.5974,45.09194],[2.58459,45.09831],[2.57233,45.09729],[2.56894,45.09533],[2.56138,45.09237],[2.54746,45.09342],[2.53837,45.09109],[2.52354,45.0931],[2.51436,45.09718],[2.50564,45.0967],[2.50458,45.0941],[2.48938,45.09639],[2.48044,45.09506],[2.48733,45.09146],[2.48574,45.08851],[2.48853,45.08422],[2.49227,45.0834],[2.49146,45.07802],[2.48398,45.07572],[2.49071,45.07434],[2.48843,45.07238],[2.48975,45.06887],[2.48414,45.064],[2.48538,45.06093],[2.49991,45.06084],[2.50992,45.06335],[2.51329,45.06182],[2.51633,45.06082],[2.52487,45.0699],[2.52804,45.06289],[2.53363,45.06309],[2.54206,45.0671],[2.54564,45.07259],[2.54304,45.0669],[2.56773,45.06738],[2.5684,45.06558],[2.57454,45.06689],[2.58014,45.06839],[2.59087,45.0664]]]},"properties":{"code_territoire":"iris152080000","libelle_territoire":"Saint-Projet-de-Salers (commune non irisée)"}},
{"type":"Feature","geometry":{"type":"Polygon","coordinates":[[[3.02879,44.73339],[3.03098,44.74924],[3.03501,44.75148],[3.03711,44.75758],[3.04929,44.76299],[3.04263,44.77233],[3.04974,44.77858],[3.04972,44.78456],[3.05196,44.78556],[3.04848,44.7883],[3.04936,44.79386],[3.04592,44.79778],[3.03694,44.80389],[3.03869,44.80027],[3.03318,44.79891],[3.03275,44.78742],[3.02856,44.78266],[3.01893,44.77724],[3.01039,44.77639],[3.00156,44.77506],[2.99768,44.77081],[3.00442,44.76444],[2.99998,44.75862],[3.00673,44.7542],[3.01514,44.7382],[3.01965,44.73869],[3.02679,44.73284],[3.02879,44.73339]]]},"properties":{"code_territoire":"iris152090000","libelle_territoire":"Saint-Rémy-de-Chaudes-Aigues (commune non irisée)"}},
{"type":"Feature","geometry":{"type":"Polygon","coordinates":[[[2.26803,45.05778],[2.26026,45.05526],[2.25869,45.04594],[2.25367,45.04412],[2.25248,45.04117],[2.24787,45.04114],[2.24118,45.04492],[2.23709,45.04422],[2.23583,45.04759],[2.22538,45.03962],[2.21352,45.04211],[2.20583,45.04154],[2.19587,45.04686],[2.19979,45.03973],[2.1996,45.03024],[2.19703,45.02744],[2.18883,45.02254],[2.1931,45.0191],[2.19076,45.00491],[2.19367,45.00192],[2.19174,45.0011],[2.19792,44.99282],[2.20094,44.99411],[2.21163,44.98907],[2.21423,44.9939],[2.21999,44.99729],[2.23104,44.99435],[2.23555,44.99044],[2.2405,44.9919],[2.24492,44.99072],[2.24869,44.99483],[2.24895,45.00146],[2.25579,45.00398],[2.26134,45.0019],[2.26698,45.00385],[2.27116,45.00366],[2.26825,45.00491],[2.27168,45.00691],[2.27291,45.01255],[2.28046,45.01699],[2.27638,45.02044],[2.27793,45.02373],[2.27547,45.02654],[2.27685,45.02908],[2.28166,45.03008],[2.28084,45.03755],[2.27198,45.03828],[2.2767,45.04703],[2.26577,45.05296],[2.26803,45.05778]]]},"properties":{"code_territoire":"iris152110000","libelle_territoire":"Saint-Santin-Cantalès (commune non irisée)"}},
{"type":"Feature","geometry":{"type":"Polygon","coordinates":[[[2.16631,44.66131],[2.17489,44.65204],[2.16887,44.64766],[2.16872,44.63892],[2.17414,44.63443],[2.17668,44.6355],[2.18656,44.64094],[2.19744,44.64106],[2.20343,44.64372],[2.20454,44.64124],[2.20842,44.64384],[2.21587,44.65069],[2.22513,44.65255],[2.22861,44.65571],[2.25091,44.652],[2.26402,44.66047],[2.27036,44.66059],[2.27108,44.66228],[2.26042,44.66825],[2.25068,44.66876],[2.25208,44.66211],[2.24962,44.66098],[2.24391,44.66265],[2.24174,44.66675],[2.23716,44.66618],[2.23131,44.67207],[2.22932,44.66982],[2.22754,44.67166],[2.22758,44.66816],[2.22483,44.66867],[2.22583,44.67006],[2.22257,44.66944],[2.22299,44.66596],[2.21903,44.66868],[2.20885,44.66925],[2.19897,44.66857],[2.19868,44.66427],[2.19058,44.65816],[2.1838,44.65745],[2.17568,44.66099],[2.16631,44.66131]]]},"properties":{"code_territoire":"iris152120000","libelle_territoire":"Saint-Santin-de-Maurs (commune non irisée)"}},
{"type":"Feature","geometry":{"type":"Polygon","coordinates":[[[2.78327,45.19935],[2.78258,45.2047],[2.78944,45.2056],[2.79759,45.21196],[2.7973,45.22496],[2.80261,45.22568],[2.79706,45.22736],[2.79729,45.23557],[2.80076,45.23512],[2.80696,45.23812],[2.81242,45.23438],[2.81086,45.23982],[2.82235,45.23631],[2.82123,45.23918],[2.83367,45.23969],[2.83746,45.22972],[2.84803,45.22963],[2.852,45.23743],[2.85749,45.24093],[2.85525,45.24819],[2.84275,45.25401],[2.8395,45.25974],[2.84017,45.26277],[2.84336,45.26225],[2.84128,45.26437],[2.83319,45.26954],[2.83084,45.26668],[2.82555,45.26673],[2.82112,45.27098],[2.80772,45.27556],[2.80809,45.27416],[2.80032,45.27477],[2.80049,45.27198],[2.79037,45.27183],[2.79169,45.26813],[2.78826,45.26797],[2.79082,45.26648],[2.78613,45.26155],[2.78625,45.25812],[2.78211,45.25956],[2.77774,45.25592],[2.77219,45.26013],[2.76986,45.25725],[2.77624,45.25143],[2.77427,45.24943],[2.76621,45.24052],[2.76177,45.23038],[2.75448,45.22877],[2.75492,45.22496],[2.74919,45.21662],[2.73901,45.21734],[2.73828,45.21475],[2.73846,45.21228],[2.75342,45.21255],[2.75056,45.20365],[2.75917,45.20112],[2.75519,45.19802],[2.7511,45.18396],[2.75452,45.17849],[2.76304,45.17927],[2.76898,45.18569],[2.77383,45.18709],[2.78069,45.18363],[2.78327,45.19935]]]},"properties":{"code_territoire":"iris152130000","libelle_territoire":"Saint-Saturnin (commune non irisée)"}},
{"type":"Feature","geometry":{"type":"Polygon","coordinates":[[[2.10806,44.91062],[2.10093,44.90571],[2.08981,44.90317],[2.08583,44.90405],[2.08363,44.8863],[2.08967,44.88212],[2.09351,44.87237],[2.10209,44.8667],[2.11714,44.84824],[2.12823,44.84552],[2.12767,44.84063],[2.14926,44.852],[2.15241,44.86025],[2.15713,44.86277],[2.15991,44.86295],[2.16444,44.87071],[2.16092,44.88227],[2.1555,44.88653],[2.15514,44.8913],[2.1482,44.89589],[2.14303,44.89537],[2.13971,44.90046],[2.14594,44.9053],[2.13946,44.9133],[2.13495,44.9108],[2.13719,44.90756],[2.13332,44.90374],[2.1142,44.90562],[2.10806,44.91062]]]},"properties":{"code_territoire":"iris152140000","libelle_territoire":"Saint-Saury (commune non irisée)"}},
{"type":"Feature","geometry":{"type":"Polygon","coordinates":[[[2.49291,44.94302],[2.49575,44.94104],[2.498,44.94528],[2.49578,44.94833],[2.50408,44.95609],[2.51039,44.95613],[2.51269,44.95207],[2.52111,44.95045],[2.53513,44.96542],[2.53889,44.96789],[2.54451,44.96621],[2.54746,44.97428],[2.55138,44.97448],[2.55322,44.97722],[2.55632,44.97523],[2.55797,44.97711],[2.55492,44.98163],[2.55322,44.98332],[2.53733,44.97876],[2.53152,44.98011],[2.53392,44.98529],[2.53011,44.99059],[2.52353,44.9867],[2.51453,44.99213],[2.5136,44.98976],[2.50877,44.99108],[2.50716,44.9896],[2.50434,44.992],[2.50267,44.98998],[2.4968,44.98946],[2.49473,44.99223],[2.48747,44.99083],[2.48205,44.98434],[2.47247,44.98202],[2.47406,44.98417],[2.46855,44.98235],[2.46114,44.98585],[2.46051,44.99049],[2.45715,44.99008],[2.46013,44.98634],[2.45492,44.98348],[2.46504,44.97501],[2.45394,44.96885],[2.45185,44.97133],[2.45141,44.96787],[2.4552,44.96462],[2.44326,44.95726],[2.44154,44.95398],[2.44541,44.95325],[2.44869,44.95575],[2.45226,44.95559],[2.45061,44.95406],[2.45112,44.95235],[2.45169,44.95455],[2.45486,44.95295],[2.45818,44.95409],[2.45872,44.95761],[2.4623,44.95916],[2.46392,44.95793],[2.47412,44.96603],[2.47686,44.96446],[2.4721,44.95961],[2.4756,44.9565],[2.47192,44.95523],[2.47004,44.94755],[2.46703,44.94706],[2.47086,44.94526],[2.47321,44.94723],[2.47679,44.94626],[2.47376,44.94143],[2.4765,44.93972],[2.47676,44.94237],[2.48321,44.94016],[2.49038,44.94523],[2.49291,44.94302]]]},"properties":{"code_territoire":"iris152150000","libelle_territoire":"Saint-Simon (commune non irisée)"}},
{"type":"Feature","geometry":{"type":"Polygon","coordinates":[[[2.93089,44.71303],[2.93509,44.705],[2.93282,44.69675],[2.93941,44.69241],[2.9389,44.68976],[2.9444,44.68469],[2.93846,44.68239],[2.93837,44.67849],[2.94812,44.67449],[2.9502,44.66998],[2.95491,44.66761],[2.95506,44.66071],[2.96318,44.65868],[2.96187,44.65455],[2.97328,44.64536],[2.98142,44.64459],[2.98494,44.65037],[2.98167,44.6515],[2.9839,44.65686],[2.99939,44.67553],[3.00248,44.68523],[3.00099,44.68875],[3.00855,44.69409],[3.00843,44.69911],[3.01349,44.70345],[3.01238,44.70919],[3.0162,44.71414],[3.02308,44.7133],[3.028,44.71706],[3.0391,44.71515],[3.03435,44.72922],[3.02686,44.72871],[3.02879,44.73339],[3.02679,44.73284],[3.01965,44.73869],[3.01514,44.7382],[3.00673,44.7542],[2.99998,44.75862],[2.98764,44.74682],[2.98224,44.74539],[2.9742,44.74764],[2.94062,44.72513],[2.93445,44.713],[2.93089,44.71303]]]},"properties":{"code_territoire":"iris152160000","libelle_territoire":"Saint-Urcize (commune non irisée)"}},
{"type":"Feature","geometry":{"type":"Polygon","coordinates":[[[2.27155,44.97906],[2.28216,44.98467],[2.28111,44.98784],[2.29202,44.98463],[2.29387,44.98623],[2.29396,44.99739],[2.29757,45.00049],[2.30307,44.99707],[2.30863,45.00281],[2.30221,45.00476],[2.30442,45.00644],[2.29992,45.01019],[2.3009,45.01537],[2.30851,45.01656],[2.31332,45.02119],[2.31542,45.03168],[2.31269,45.03764],[2.31095,45.0325],[2.30846,45.03145],[2.30597,45.03369],[2.29802,45.02999],[2.29572,45.03345],[2.29298,45.0324],[2.29071,45.03434],[2.28671,45.03279],[2.28511,45.03736],[2.28084,45.03755],[2.28166,45.03008],[2.27685,45.02908],[2.27547,45.02654],[2.27793,45.02373],[2.27638,45.02044],[2.28046,45.01699],[2.27291,45.01255],[2.27168,45.00691],[2.26825,45.00491],[2.27116,45.00366],[2.26698,45.00385],[2.266,44.99968],[2.2694,44.99921],[2.27011,44.9881],[2.2655,44.9886],[2.26572,44.98566],[2.27131,44.9791],[2.27155,44.97906]]]},"properties":{"code_territoire":"iris152170000","libelle_territoire":"Saint-Victor (commune non irisée)"}},
{"type":"Feature","geometry":{"type":"Polygon","coordinates":[[[2.52512,45.22687],[2.51435,45.21803],[2.48683,45.21936],[2.48693,45.21742],[2.49044,45.21666],[2.48671,45.21528],[2.4889,45.20915],[2.49266,45.20914],[2.49144,45.20685],[2.50347,45.20337],[2.50716,45.20417],[2.50938,45.20142],[2.52984,45.19388],[2.54255,45.18473],[2.54846,45.18458],[2.54763,45.19138],[2.55117,45.19019],[2.55529,45.19266],[2.55792,45.19784],[2.5796,45.19555],[2.58853,45.20557],[2.58036,45.21029],[2.57731,45.21787],[2.56882,45.22326],[2.56404,45.22014],[2.56422,45.21766],[2.5592,45.21961],[2.55353,45.21747],[2.55371,45.21355],[2.55135,45.21247],[2.54977,45.21477],[2.54056,45.21577],[2.54234,45.21771],[2.53915,45.21857],[2.53517,45.22545],[2.53123,45.22605],[2.53141,45.22407],[2.52512,45.22687]]]},"properties":{"code_territoire":"iris152180000","libelle_territoire":"Saint-Vincent-de-Salers (commune non irisée)"}},
{"type":"Feature","geometry":{"type":"Polygon","coordinates":[[[2.48166,45.13537],[2.48897,45.13514],[2.49277,45.13217],[2.49437,45.13509],[2.49844,45.13594],[2.50066,45.14083],[2.52825,45.15294],[2.53106,45.15595],[2.52183,45.15552],[2.52042,45.15251],[2.50604,45.15377],[2.50327,45.15166],[2.49853,45.15322],[2.49422,45.14704],[2.48838,45.15034],[2.49076,45.15315],[2.4864,45.15381],[2.48233,45.15121],[2.4831,45.15444],[2.47932,45.15442],[2.48131,45.14793],[2.47214,45.14497],[2.48053,45.14195],[2.48166,45.13537]]]},"properties":{"code_territoire":"iris152190000","libelle_territoire":"Salers (commune non irisée)"}},
{"type":"Feature","geometry":{"type":"Polygon","coordinates":[[[2.42292,45.16918],[2.4242,45.17159],[2.43367,45.16835],[2.43596,45.17353],[2.43222,45.18014],[2.42941,45.18116],[2.42742,45.1797],[2.42895,45.18142],[2.41873,45.18276],[2.40672,45.18781],[2.40824,45.19341],[2.39012,45.19344],[2.39614,45.20246],[2.40681,45.20585],[2.40316,45.20662],[2.4016,45.2131],[2.38785,45.20924],[2.38409,45.20991],[2.38666,45.20563],[2.38512,45.20424],[2.38969,45.20231],[2.38485,45.1997],[2.38593,45.19448],[2.37899,45.19331],[2.37664,45.19623],[2.3727,45.19583],[2.37854,45.19111],[2.37428,45.19097],[2.37456,45.18851],[2.36999,45.19018],[2.36977,45.18618],[2.38051,45.18385],[2.38696,45.1763],[2.38912,45.17846],[2.39237,45.17583],[2.39812,45.17545],[2.40067,45.17976],[2.41243,45.1771],[2.42292,45.16918]]]},"properties":{"code_territoire":"iris152200000","libelle_territoire":"Salins (commune non irisée)"}},
{"type":"Feature","geometry":{"type":"Polygon","coordinates":[[[2.36537,44.87484],[2.3763,44.87951],[2.37937,44.88541],[2.37795,44.89053],[2.37263,44.89174],[2.37257,44.89447],[2.36772,44.8949],[2.36681,44.89881],[2.35312,44.89986],[2.35062,44.90306],[2.35277,44.90543],[2.34259,44.91134],[2.33936,44.91213],[2.32632,44.9056],[2.31627,44.90603],[2.31502,44.89928],[2.3144,44.89529],[2.3208,44.89257],[2.31601,44.88587],[2.32248,44.88021],[2.32183,44.8752],[2.31854,44.87261],[2.32553,44.87083],[2.32459,44.86862],[2.31643,44.87],[2.3172,44.86466],[2.33524,44.87381],[2.33737,44.87684],[2.33366,44.87855],[2.33468,44.88106],[2.349,44.88042],[2.35827,44.87401],[2.36537,44.87484]]]},"properties":{"code_territoire":"iris152210000","libelle_territoire":"Sansac-de-Marmiesse (commune non irisée)"}},
{"type":"Feature","geometry":{"type":"Polygon","coordinates":[[[2.4023,44.75226],[2.41235,44.74249],[2.40898,44.73462],[2.4103,44.73178],[2.41397,44.73244],[2.41767,44.72726],[2.42184,44.7292],[2.42902,44.72315],[2.4352,44.72778],[2.4493,44.72649],[2.44781,44.72747],[2.45241,44.72829],[2.45365,44.73396],[2.45079,44.73534],[2.45229,44.74155],[2.44996,44.74674],[2.44117,44.75581],[2.4359,44.75712],[2.42258,44.76689],[2.41887,44.76543],[2.40466,44.76807],[2.40173,44.7651],[2.40682,44.75537],[2.4023,44.75226]]]},"properties":{"code_territoire":"iris152220000","libelle_territoire":"Sansac-Veinazès (commune non irisée)"}},
{"type":"Feature","geometry":{"type":"Polygon","coordinates":[[[2.46318,45.32276],[2.45905,45.32471],[2.45605,45.32242],[2.44937,45.32191],[2.45054,45.32574],[2.44292,45.32728],[2.42863,45.32375],[2.42187,45.31988],[2.42607,45.31839],[2.42515,45.31335],[2.42141,45.30976],[2.41012,45.30651],[2.41138,45.30054],[2.40604,45.29621],[2.41723,45.29054],[2.41934,45.29241],[2.42344,45.29171],[2.42519,45.29309],[2.42708,45.2911],[2.43384,45.29109],[2.43851,45.28819],[2.43507,45.28887],[2.43443,45.28658],[2.43749,45.28635],[2.44616,45.28832],[2.44133,45.28933],[2.44585,45.29084],[2.44286,45.29357],[2.44516,45.29657],[2.44885,45.29421],[2.45155,45.29588],[2.46516,45.29492],[2.46447,45.29875],[2.46824,45.30045],[2.47355,45.31241],[2.47114,45.31615],[2.47344,45.31836],[2.46533,45.31997],[2.46318,45.32276]]]},"properties":{"code_territoire":"iris152230000","libelle_territoire":"Sauvat (commune non irisée)"}},
{"type":"Feature","geometry":{"type":"Polygon","coordinates":[[[2.19753,44.88227],[2.2046,44.88006],[2.20644,44.8811],[2.20721,44.87638],[2.21062,44.87674],[2.20923,44.87521],[2.21359,44.87381],[2.22153,44.88022],[2.22084,44.88653],[2.22482,44.89017],[2.22269,44.89113],[2.2245,44.89559],[2.21869,44.90042],[2.2169,44.90545],[2.21379,44.90431],[2.20865,44.91296],[2.19999,44.91141],[2.19498,44.90826],[2.19905,44.89693],[2.19591,44.8854],[2.19753,44.88227]]]},"properties":{"code_territoire":"iris152240000","libelle_territoire":"La Ségalassière (commune non irisée)"}},
{"type":"Feature","geometry":{"type":"Polygon","coordinates":[[[2.86546,45.20157],[2.85836,45.20851],[2.85799,45.21123],[2.86203,45.21262],[2.85754,45.21696],[2.84225,45.21787],[2.84217,45.22259],[2.84803,45.22963],[2.83746,45.22972],[2.83367,45.23969],[2.82123,45.23918],[2.82235,45.23631],[2.81086,45.23982],[2.81242,45.23438],[2.80696,45.23812],[2.80076,45.23512],[2.79729,45.23557],[2.79706,45.22736],[2.80261,45.22568],[2.7973,45.22496],[2.79759,45.21196],[2.78944,45.2056],[2.78258,45.2047],[2.78327,45.19935],[2.79589,45.19858],[2.79101,45.18389],[2.80299,45.18605],[2.81115,45.18088],[2.8161,45.18001],[2.82038,45.18188],[2.82366,45.17935],[2.82744,45.18163],[2.83326,45.179],[2.83835,45.18068],[2.84112,45.18949],[2.84676,45.19086],[2.84793,45.1938],[2.85177,45.19317],[2.85462,45.19688],[2.86546,45.20157]]]},"properties":{"code_territoire":"iris152250000","libelle_territoire":"Ségur-les-Villas (commune non irisée)"}},
{"type":"Feature","geometry":{"type":"Polygon","coordinates":[[[2.38864,44.74883],[2.38822,44.74526],[2.38379,44.74245],[2.38679,44.73586],[2.38159,44.72877],[2.38351,44.71133],[2.38823,44.7121],[2.39411,44.70771],[2.39237,44.70654],[2.39428,44.705],[2.41561,44.69394],[2.41345,44.68476],[2.41628,44.6813],[2.42145,44.68028],[2.41837,44.6896],[2.42064,44.68883],[2.42072,44.69073],[2.42449,44.69113],[2.42292,44.69477],[2.42538,44.69634],[2.42809,44.69463],[2.43428,44.69724],[2.43224,44.7003],[2.43893,44.7102],[2.43306,44.71097],[2.43229,44.71501],[2.42873,44.71245],[2.43064,44.71665],[2.42902,44.72315],[2.42184,44.7292],[2.41767,44.72726],[2.41397,44.73244],[2.4103,44.73178],[2.40898,44.73462],[2.41235,44.74249],[2.4023,44.75226],[2.38864,44.74883]]]},"properties":{"code_territoire":"iris152260000","libelle_territoire":"Sénezergues (commune non irisée)"}},
{"type":"Feature","geometry":{"type":"Polygon","coordinates":[[[2.13317,44.9856],[2.13052,44.98415],[2.11993,44.98573],[2.11848,44.98383],[2.11368,44.98541],[2.1025,44.98027],[2.09973,44.98424],[2.09315,44.98592],[2.08552,44.98405],[2.0842,44.98159],[2.07458,44.97774],[2.06288,44.97662],[2.06718,44.97343],[2.07048,44.96267],[2.08061,44.95401],[2.07841,44.9476],[2.08011,44.9431],[2.076,44.94124],[2.07646,44.93409],[2.08648,44.93095],[2.09479,44.92366],[2.10451,44.91996],[2.10164,44.91688],[2.10806,44.91062],[2.1142,44.90562],[2.13332,44.90374],[2.13719,44.90756],[2.13495,44.9108],[2.13946,44.9133],[2.14498,44.92314],[2.15541,44.92454],[2.14826,44.92858],[2.14892,44.93054],[2.1635,44.93295],[2.16538,44.93486],[2.16722,44.93833],[2.1612,44.94414],[2.16161,44.94948],[2.16713,44.95404],[2.16601,44.95735],[2.17192,44.96122],[2.17754,44.9608],[2.18075,44.96476],[2.17887,44.96733],[2.17425,44.96687],[2.16916,44.97208],[2.16318,44.97646],[2.15699,44.97728],[2.14665,44.97409],[2.14149,44.97847],[2.14189,44.98298],[2.13317,44.9856]]]},"properties":{"code_territoire":"iris152280000","libelle_territoire":"Siran (commune non irisée)"}},
{"type":"Feature","geometry":{"type":"Polygon","coordinates":[[[3.28676,45.09699],[3.27221,45.10262],[3.26812,45.10661],[3.25949,45.1054],[3.25998,45.10742],[3.25495,45.10639],[3.25225,45.10849],[3.23533,45.10132],[3.22913,45.10488],[3.22845,45.10164],[3.22993,45.09975],[3.23071,45.1017],[3.23593,45.09299],[3.22862,45.08997],[3.23194,45.08946],[3.22779,45.08315],[3.23082,45.0771],[3.24421,45.07879],[3.24261,45.07238],[3.25222,45.07175],[3.25673,45.07629],[3.28323,45.08103],[3.29631,45.07789],[3.30275,45.08089],[3.3078,45.07886],[3.3122,45.0809],[3.31154,45.08318],[3.31497,45.08512],[3.30695,45.08618],[3.29734,45.09104],[3.29214,45.09013],[3.28976,45.08675],[3.28709,45.09069],[3.28908,45.09184],[3.28509,45.09268],[3.28676,45.09699]]]},"properties":{"code_territoire":"iris152290000","libelle_territoire":"Soulages (commune non irisée)"}},
{"type":"Feature","geometry":{"type":"Polygon","coordinates":[[[2.32142,45.25161],[2.33382,45.25035],[2.33546,45.25396],[2.34012,45.25073],[2.34279,45.25208],[2.33884,45.25527],[2.34451,45.25284],[2.34642,45.25433],[2.34457,45.2572],[2.3412,45.25586],[2.344,45.25783],[2.33986,45.25927],[2.34075,45.26215],[2.33821,45.26116],[2.33903,45.2649],[2.34177,45.2657],[2.33712,45.2693],[2.34827,45.27097],[2.35044,45.27299],[2.35753,45.27274],[2.36292,45.27875],[2.36305,45.28216],[2.35809,45.28515],[2.35857,45.2885],[2.35205,45.29536],[2.34566,45.29377],[2.34318,45.29611],[2.34095,45.28644],[2.33375,45.28846],[2.33183,45.29368],[2.32833,45.29391],[2.32705,45.29188],[2.32501,45.29535],[2.32559,45.29404],[2.32125,45.29454],[2.31724,45.29107],[2.31833,45.28509],[2.30807,45.28176],[2.31184,45.27575],[2.31525,45.27622],[2.31897,45.27357],[2.31752,45.26979],[2.32261,45.25957],[2.32142,45.25161]]]},"properties":{"code_territoire":"iris152300000","libelle_territoire":"Sourniac (commune non irisée)"}},
{"type":"Feature","geometry":{"type":"Polygon","coordinates":[[[3.01613,45.12868],[3.02251,45.12358],[3.01848,45.11937],[3.02862,45.11798],[3.02514,45.11218],[3.02809,45.10847],[3.02651,45.10745],[3.02905,45.10715],[3.02755,45.10579],[3.03032,45.1053],[3.01553,45.09817],[3.01721,45.09065],[3.02012,45.09052],[3.01846,45.08919],[3.02036,45.08779],[3.02488,45.08884],[3.02676,45.08667],[3.02793,45.08877],[3.03543,45.08942],[3.03913,45.08808],[3.04085,45.08404],[3.04421,45.08631],[3.04871,45.08517],[3.04481,45.08738],[3.05083,45.08703],[3.04882,45.09343],[3.05276,45.09191],[3.05324,45.09477],[3.05776,45.09238],[3.05917,45.08864],[3.07136,45.08785],[3.0693,45.08966],[3.07282,45.09269],[3.07288,45.09943],[3.08081,45.09743],[3.07802,45.09662],[3.08055,45.09575],[3.08359,45.09528],[3.08469,45.09742],[3.09267,45.09555],[3.09314,45.10369],[3.08678,45.10722],[3.08648,45.11319],[3.09406,45.1229],[3.09241,45.12398],[3.0952,45.12931],[3.08512,45.13315],[3.08442,45.13518],[3.08241,45.13441],[3.08173,45.13625],[3.08533,45.13817],[3.08072,45.13956],[3.0822,45.14649],[3.06956,45.15297],[3.06315,45.15227],[3.06076,45.15665],[3.05481,45.15755],[3.05119,45.16038],[3.05014,45.16509],[3.05307,45.16824],[3.04798,45.1671],[3.04725,45.16952],[3.05336,45.17394],[3.04946,45.17274],[3.04813,45.17636],[3.04515,45.1738],[3.04302,45.17514],[3.04444,45.16638],[3.03774,45.1662],[3.03495,45.16525],[3.03731,45.15941],[3.03521,45.15694],[3.02568,45.15378],[3.02916,45.15029],[3.02483,45.14891],[3.02612,45.1458],[3.02242,45.14434],[3.02465,45.13969],[3.01701,45.13501],[3.0193,45.13297],[3.01613,45.12868]]]},"properties":{"code_territoire":"iris152310000","libelle_territoire":"Talizat (commune non irisée)"}},
{"type":"Feature","geometry":{"type":"Polygon","coordinates":[[[3.01915,45.02266],[3.01749,45.02891],[3.00925,45.03164],[3.01055,45.03322],[3.00703,45.03253],[3.00848,45.03707],[3.00498,45.03709],[3.00254,45.04003],[2.99719,45.03668],[2.9922,45.03773],[2.98711,45.0357],[2.97632,45.04588],[2.97274,45.04315],[2.96609,45.04229],[2.96391,45.04255],[2.96286,45.03868],[2.96524,45.04025],[2.96522,45.03664],[2.96062,45.0365],[2.96258,45.03461],[2.95011,45.03422],[2.94313,45.02632],[2.94904,45.0265],[2.94762,45.02296],[2.95268,45.02329],[2.9498,45.0205],[2.95104,45.01849],[2.95829,45.02296],[2.95986,45.02012],[2.96935,45.02219],[2.97143,45.01774],[2.97809,45.0171],[2.97698,45.01573],[2.98261,45.0112],[2.98834,45.01229],[2.99433,45.00796],[2.99563,45.00977],[2.99579,45.00767],[2.99598,45.0098],[2.99861,45.00855],[2.99769,45.01018],[3.0029,45.0097],[3.01003,45.01207],[3.00791,45.01462],[3.00996,45.01282],[3.01387,45.01412],[3.01468,45.01609],[3.01256,45.01645],[3.01753,45.01616],[3.01607,45.01831],[3.01915,45.02266]]]},"properties":{"code_territoire":"iris152320000","libelle_territoire":"Tanavelle (commune non irisée)"}},
{"type":"Feature","geometry":{"type":"Polygon","coordinates":[[[2.32195,44.95954],[2.32415,44.9586],[2.33115,44.96136],[2.33023,44.96474],[2.33208,44.96348],[2.33516,44.96633],[2.33824,44.96582],[2.33721,44.96789],[2.34068,44.96806],[2.34606,44.96769],[2.34728,44.96458],[2.35472,44.96533],[2.35557,44.96263],[2.36297,44.96372],[2.37153,44.96153],[2.37462,44.96545],[2.37977,44.96715],[2.37771,44.96834],[2.3789,44.9788],[2.38542,44.97677],[2.38804,44.97862],[2.39026,44.98258],[2.39234,44.98199],[2.39834,44.98603],[2.39676,44.98791],[2.39945,44.99022],[2.39311,44.98978],[2.39241,44.98789],[2.38745,44.99142],[2.38294,44.98896],[2.38065,44.98957],[2.3839,44.99031],[2.38175,44.99144],[2.37821,44.99203],[2.37439,44.9865],[2.3712,44.98731],[2.37488,44.98914],[2.37082,44.98943],[2.36608,44.98567],[2.35443,44.9841],[2.35241,44.98302],[2.357,44.98086],[2.35608,44.97872],[2.35244,44.97996],[2.34937,44.97773],[2.353,44.97701],[2.35036,44.97592],[2.34161,44.97672],[2.34124,44.97879],[2.34049,44.97705],[2.33545,44.97722],[2.33193,44.97268],[2.33427,44.97197],[2.33207,44.97177],[2.33316,44.97059],[2.32772,44.9709],[2.32481,44.96917],[2.32562,44.96674],[2.32307,44.9672],[2.32197,44.96023],[2.32195,44.95954]]]},"properties":{"code_territoire":"iris152330000","libelle_territoire":"Teissières-de-Cornet (commune non irisée)"}},
{"type":"Feature","geometry":{"type":"Polygon","coordinates":[[[2.50513,44.8427],[2.50936,44.83776],[2.50023,44.82896],[2.50719,44.82094],[2.51605,44.81894],[2.512,44.81626],[2.51501,44.81315],[2.51255,44.8114],[2.5146,44.80381],[2.52371,44.80863],[2.5279,44.80594],[2.52714,44.80293],[2.53864,44.80363],[2.55059,44.79616],[2.56346,44.7943],[2.56615,44.80763],[2.57344,44.81775],[2.56718,44.82268],[2.56176,44.82893],[2.56354,44.83151],[2.55773,44.8362],[2.54769,44.83802],[2.54175,44.83694],[2.53585,44.84276],[2.52926,44.84236],[2.52161,44.84499],[2.50513,44.8427]]]},"properties":{"code_territoire":"iris152340000","libelle_territoire":"Teissières-lès-Bouliès (commune non irisée)"}},
{"type":"Feature","geometry":{"type":"Polygon","coordinates":[[[2.95766,45.00512],[2.95823,45.00294],[2.96336,45.00165],[2.96504,45.00377],[2.96149,44.99909],[2.9652,44.99614],[2.95947,44.99347],[2.96088,44.99014],[2.95758,44.98935],[2.96259,44.98941],[2.95664,44.98444],[2.95938,44.98508],[2.96286,44.98284],[2.96381,44.98446],[2.96932,44.98384],[2.97356,44.9873],[2.97402,44.98462],[2.9797,44.98275],[2.97939,44.97684],[2.9828,44.97657],[2.97794,44.97552],[2.97984,44.97177],[2.97604,44.97305],[2.97992,44.9697],[2.98422,44.97269],[2.98504,44.9699],[2.99707,44.97653],[2.99827,44.9752],[2.99946,44.97872],[3.00995,44.98213],[3.00672,44.98381],[3.01575,44.9914],[3.03015,44.99031],[3.03756,44.99351],[3.04083,44.99994],[3.03645,44.99964],[3.03661,45.00524],[3.02789,45.01082],[3.01387,45.01412],[3.00996,45.01282],[3.00791,45.01462],[3.01003,45.01207],[3.0029,45.0097],[2.99769,45.01018],[2.99861,45.00855],[2.99598,45.0098],[2.99579,45.00767],[2.99563,45.00977],[2.99433,45.00796],[2.98834,45.01229],[2.98261,45.0112],[2.97698,45.01573],[2.97144,45.01174],[2.95656,45.00849],[2.95513,45.00717],[2.95766,45.00512]]]},"properties":{"code_territoire":"iris152350000","libelle_territoire":"Les Ternes (commune non irisée)"}},
{"type":"Feature","geometry":{"type":"Polygon","coordinates":[[[2.60922,45.01589],[2.60949,45.00867],[2.61309,44.99837],[2.61463,45.00034],[2.61842,45.00013],[2.62057,44.99723],[2.62956,44.99351],[2.63955,44.99563],[2.64034,44.99368],[2.64624,44.9922],[2.6483,44.98847],[2.65281,44.98792],[2.65234,44.98642],[2.65705,44.98725],[2.65698,44.98948],[2.66294,44.98863],[2.66521,44.98496],[2.67189,44.98863],[2.67411,44.98727],[2.69287,44.9995],[2.71147,45.0064],[2.71745,45.01445],[2.7249,45.01883],[2.72429,45.02419],[2.70879,45.02902],[2.70497,45.02776],[2.69636,45.02986],[2.68835,45.02347],[2.68754,45.02976],[2.69213,45.03925],[2.68292,45.05195],[2.67111,45.05423],[2.66416,45.05099],[2.64964,45.0497],[2.63953,45.04487],[2.62803,45.03045],[2.61696,45.02532],[2.60922,45.01589]]]},"properties":{"code_territoire":"iris152360000","libelle_territoire":"Thiézac (commune non irisée)"}},
{"type":"Feature","geometry":{"type":"Polygon","coordinates":[[[3.14838,45.0503],[3.15514,45.04527],[3.1605,45.04611],[3.16109,45.0429],[3.16335,45.04392],[3.17292,45.05375],[3.17113,45.05522],[3.17359,45.05446],[3.17552,45.05681],[3.18214,45.05816],[3.18636,45.06298],[3.17889,45.06282],[3.17636,45.06579],[3.17195,45.06641],[3.1765,45.07422],[3.18186,45.07493],[3.18081,45.07893],[3.18863,45.08152],[3.19295,45.08091],[3.19495,45.07798],[3.19629,45.07911],[3.20215,45.07603],[3.2042,45.07748],[3.20654,45.07498],[3.21323,45.07485],[3.21062,45.07768],[3.21354,45.07641],[3.21634,45.07965],[3.21182,45.08004],[3.21507,45.08166],[3.20652,45.08663],[3.21158,45.09398],[3.20502,45.09835],[3.20293,45.09891],[3.18162,45.08634],[3.17086,45.09451],[3.15844,45.09816],[3.15671,45.09149],[3.16109,45.0857],[3.15904,45.08514],[3.16031,45.08287],[3.15469,45.0832],[3.15936,45.08018],[3.16188,45.07581],[3.15895,45.0746],[3.16128,45.07281],[3.1603,45.07061],[3.15372,45.06944],[3.15153,45.06598],[3.14945,45.06726],[3.14877,45.06398],[3.15164,45.06169],[3.14652,45.06224],[3.15268,45.05373],[3.15235,45.05136],[3.14838,45.0503]]]},"properties":{"code_territoire":"iris152370000","libelle_territoire":"Tiviers (commune non irisée)"}},
{"type":"Feature","geometry":{"type":"Polygon","coordinates":[[[2.48843,45.07238],[2.48583,45.07216],[2.48417,45.06861],[2.47722,45.06991],[2.47286,45.06858],[2.46828,45.06305],[2.46504,45.06232],[2.4599,45.06477],[2.45492,45.06374],[2.45994,45.05752],[2.46909,45.05831],[2.46594,45.05356],[2.46845,45.05382],[2.46635,45.05185],[2.46958,45.05108],[2.46738,45.04817],[2.47123,45.0491],[2.46855,45.04464],[2.46709,45.04783],[2.46506,45.04611],[2.4676,45.04375],[2.47,45.04475],[2.47963,45.0419],[2.48425,45.04486],[2.49837,45.04267],[2.50238,45.04699],[2.50484,45.04453],[2.51227,45.04333],[2.52288,45.04539],[2.5274,45.04938],[2.52004,45.04998],[2.52195,45.05142],[2.52766,45.0501],[2.52929,45.05179],[2.52171,45.05284],[2.51803,45.05682],[2.51323,45.05637],[2.51133,45.06105],[2.51329,45.06182],[2.50992,45.06335],[2.49991,45.06084],[2.48538,45.06093],[2.48414,45.064],[2.48975,45.06887],[2.48843,45.07238]]]},"properties":{"code_territoire":"iris152380000","libelle_territoire":"Tournemire (commune non irisée)"}},
{"type":"Feature","geometry":{"type":"Polygon","coordinates":[[[2.71453,45.3815],[2.70118,45.39165],[2.70405,45.39892],[2.70021,45.40007],[2.69427,45.39814],[2.69046,45.40171],[2.69355,45.40581],[2.68073,45.40717],[2.67992,45.42269],[2.67048,45.42101],[2.66493,45.41635],[2.66716,45.4151],[2.66568,45.41214],[2.66298,45.41285],[2.6522,45.40871],[2.64787,45.40972],[2.64647,45.40339],[2.64884,45.40142],[2.64225,45.4035],[2.63829,45.4001],[2.62916,45.39901],[2.6262,45.39291],[2.6316,45.39085],[2.63235,45.38328],[2.63858,45.38318],[2.63592,45.37521],[2.64194,45.37501],[2.6463,45.36327],[2.65263,45.36295],[2.66324,45.35245],[2.67027,45.35599],[2.67098,45.35901],[2.67353,45.35793],[2.68861,45.35685],[2.69135,45.36007],[2.69788,45.36179],[2.70227,45.36644],[2.70357,45.37327],[2.70796,45.37613],[2.70784,45.37946],[2.71453,45.3815]]]},"properties":{"code_territoire":"iris152400000","libelle_territoire":"Trémouille (commune non irisée)"}},
{"type":"Feature","geometry":{"type":"Polygon","coordinates":[[[2.93332,44.78115],[2.93752,44.77505],[2.93444,44.77169],[2.93565,44.76696],[2.93073,44.76176],[2.91583,44.76745],[2.91163,44.76173],[2.92037,44.75416],[2.92792,44.75727],[2.93368,44.74987],[2.93494,44.74486],[2.9322,44.73818],[2.92311,44.72858],[2.93089,44.71303],[2.93445,44.713],[2.94062,44.72513],[2.9742,44.74764],[2.97434,44.7561],[2.97353,44.75733],[2.96707,44.75574],[2.96508,44.77034],[2.95809,44.77867],[2.95835,44.78236],[2.93332,44.78115]]]},"properties":{"code_territoire":"iris152410000","libelle_territoire":"La Trinitat (commune non irisée)"}},
{"type":"Feature","geometry":{"type":"Polygon","coordinates":[[[2.16631,44.66131],[2.17568,44.66099],[2.1838,44.65745],[2.19058,44.65816],[2.19868,44.66427],[2.19897,44.66857],[2.20885,44.66925],[2.21347,44.6706],[2.21044,44.67319],[2.21151,44.6758],[2.21477,44.67597],[2.20745,44.68048],[2.20672,44.68287],[2.21036,44.67957],[2.21225,44.68186],[2.2093,44.6855],[2.19888,44.68343],[2.19477,44.67994],[2.18603,44.67894],[2.18456,44.68078],[2.17926,44.67448],[2.16927,44.66468],[2.16164,44.66359],[2.16631,44.66131]]]},"properties":{"code_territoire":"iris152420000","libelle_territoire":"Le Trioulou (commune non irisée)"}},
{"type":"Feature","geometry":{"type":"Polygon","coordinates":[[[2.58853,45.20557],[2.5972,45.20365],[2.60702,45.21005],[2.60485,45.21648],[2.60792,45.22297],[2.59771,45.23109],[2.59775,45.2422],[2.57788,45.2443],[2.57869,45.25416],[2.57238,45.25895],[2.57091,45.26529],[2.56945,45.26818],[2.55794,45.27283],[2.55593,45.28138],[2.54919,45.28454],[2.5481,45.28207],[2.5544,45.28062],[2.55191,45.27914],[2.55298,45.27626],[2.54424,45.27245],[2.54545,45.27009],[2.52154,45.28026],[2.5175,45.27921],[2.52176,45.27361],[2.5136,45.27169],[2.51052,45.27016],[2.51506,45.26935],[2.51161,45.26611],[2.50417,45.27026],[2.49244,45.26929],[2.49167,45.26722],[2.48716,45.26871],[2.48982,45.2662],[2.48249,45.26408],[2.4858,45.26025],[2.48509,45.25801],[2.48751,45.2585],[2.48531,45.25736],[2.48292,45.25801],[2.4772,45.26171],[2.47051,45.25825],[2.47227,45.24974],[2.47814,45.24403],[2.49422,45.24222],[2.49287,45.23982],[2.5013,45.23701],[2.50912,45.23739],[2.51469,45.23314],[2.5216,45.2315],[2.52009,45.22872],[2.52512,45.22687],[2.53141,45.22407],[2.53123,45.22605],[2.53517,45.22545],[2.53915,45.21857],[2.54234,45.21771],[2.54056,45.21577],[2.54977,45.21477],[2.55135,45.21247],[2.55371,45.21355],[2.55353,45.21747],[2.5592,45.21961],[2.56422,45.21766],[2.56404,45.22014],[2.56882,45.22326],[2.57731,45.21787],[2.58036,45.21029],[2.58853,45.20557]]]},"properties":{"code_territoire":"iris152430000","libelle_territoire":"Trizac (commune non irisée)"}},
{"type":"Feature","geometry":{"type":"Polygon","coordinates":[[[2.97693,45.07737],[2.97015,45.07287],[2.9636,45.07178],[2.95964,45.07484],[2.95727,45.07215],[2.95392,45.07378],[2.95583,45.07507],[2.95074,45.08085],[2.95304,45.08196],[2.94808,45.08775],[2.95032,45.08899],[2.94753,45.08959],[2.9435,45.08673],[2.94212,45.08867],[2.93729,45.08758],[2.93781,45.08915],[2.93209,45.08864],[2.93185,45.09098],[2.92867,45.09006],[2.92597,45.09272],[2.9222,45.09174],[2.92738,45.0879],[2.92226,45.0911],[2.91788,45.08642],[2.92079,45.08606],[2.9185,45.08579],[2.921,45.08473],[2.91832,45.08412],[2.92034,45.08227],[2.91634,45.08139],[2.91713,45.07859],[2.91319,45.07837],[2.91386,45.07528],[2.9145,45.07384],[2.92866,45.07228],[2.92853,45.06967],[2.93191,45.0705],[2.93494,45.06749],[2.95267,45.07222],[2.95763,45.06738],[2.96208,45.06628],[2.96029,45.06501],[2.96428,45.06445],[2.96141,45.06322],[2.96657,45.05841],[2.96528,45.05661],[2.9678,45.05721],[2.97232,45.05384],[2.97814,45.05456],[2.98166,45.05915],[2.98397,45.0589],[2.98479,45.0646],[2.9882,45.06314],[2.99972,45.06712],[2.99667,45.06712],[2.99596,45.06999],[2.99078,45.07173],[2.98792,45.07152],[2.98853,45.06936],[2.9875,45.07148],[2.98461,45.07067],[2.98295,45.07498],[2.97818,45.07543],[2.97693,45.07737]]]},"properties":{"code_territoire":"iris152440000","libelle_territoire":"Ussel (commune non irisée)"}},
{"type":"Feature","geometry":{"type":"Polygon","coordinates":[[[3.23098,45.03553],[3.22959,45.03862],[3.22463,45.04054],[3.2267,45.0443],[3.22178,45.04693],[3.22067,45.0507],[3.20028,45.05833],[3.19017,45.05965],[3.18214,45.05816],[3.17552,45.05681],[3.17359,45.05446],[3.17113,45.05522],[3.17292,45.05375],[3.16335,45.04392],[3.16672,45.03974],[3.16453,45.04066],[3.16241,45.0381],[3.15954,45.03061],[3.16198,45.0274],[3.16951,45.0281],[3.174,45.02554],[3.17181,45.02292],[3.17478,45.02185],[3.18123,45.0235],[3.18812,45.0221],[3.1953,45.01368],[3.20121,45.01409],[3.20116,45.01653],[3.20219,45.01462],[3.20791,45.01519],[3.21614,45.01786],[3.23098,45.03553]]]},"properties":{"code_territoire":"iris152450000","libelle_territoire":"Vabres (commune non irisée)"}},
{"type":"Feature","geometry":{"type":"Polygon","coordinates":[[[2.57091,45.26529],[2.57238,45.25895],[2.57869,45.25416],[2.57788,45.2443],[2.59775,45.2422],[2.59747,45.24458],[2.60146,45.24674],[2.61008,45.24709],[2.61186,45.24461],[2.60872,45.23908],[2.61556,45.23708],[2.61616,45.24103],[2.61881,45.24194],[2.61544,45.24612],[2.61582,45.25246],[2.62277,45.25392],[2.62101,45.25861],[2.6249,45.26022],[2.62468,45.2672],[2.61922,45.27076],[2.62305,45.27107],[2.62357,45.27359],[2.62821,45.27205],[2.62827,45.27559],[2.62558,45.27983],[2.62149,45.27778],[2.61904,45.28525],[2.61415,45.28773],[2.5956,45.29227],[2.59894,45.28352],[2.59887,45.27329],[2.59308,45.27301],[2.5938,45.27676],[2.59111,45.27711],[2.58286,45.27268],[2.58036,45.26799],[2.57705,45.26871],[2.57091,45.26529]]]},"properties":{"code_territoire":"iris152460000","libelle_territoire":"Valette (commune non irisée)"}},
{"type":"Feature","geometry":{"type":"Polygon","coordinates":[[[3.05336,45.17394],[3.04725,45.16952],[3.04798,45.1671],[3.05307,45.16824],[3.05014,45.16509],[3.05119,45.16038],[3.05481,45.15755],[3.06076,45.15665],[3.06315,45.15227],[3.06956,45.15297],[3.06699,45.16153],[3.07099,45.16287],[3.06892,45.16699],[3.07068,45.17206],[3.06455,45.17204],[3.06005,45.17459],[3.05336,45.17394]]]},"properties":{"code_territoire":"iris152470000","libelle_territoire":"Valjouze (commune non irisée)"}},
{"type":"Feature","geometry":{"type":"Polygon","coordinates":[[[2.84492,45.04861],[2.8482,45.04679],[2.86503,45.04662],[2.86137,45.03535],[2.87928,45.02842],[2.88262,45.03543],[2.88542,45.03619],[2.88886,45.03293],[2.89922,45.0314],[2.91615,45.03167],[2.91693,45.03351],[2.91915,45.03303],[2.91694,45.03445],[2.92189,45.03569],[2.92245,45.0338],[2.92501,45.03414],[2.92869,45.03701],[2.93165,45.03485],[2.94088,45.0342],[2.9431,45.03639],[2.94498,45.03433],[2.9485,45.03598],[2.95011,45.03422],[2.96258,45.03461],[2.96062,45.0365],[2.96522,45.03664],[2.96524,45.04025],[2.96286,45.03868],[2.96391,45.04255],[2.96609,45.04229],[2.9684,45.04731],[2.97074,45.04641],[2.97232,45.05384],[2.9678,45.05721],[2.96528,45.05661],[2.96657,45.05841],[2.96141,45.06322],[2.96428,45.06445],[2.96029,45.06501],[2.96208,45.06628],[2.95763,45.06738],[2.95267,45.07222],[2.93494,45.06749],[2.93191,45.0705],[2.92853,45.06967],[2.92866,45.07228],[2.9145,45.07384],[2.91386,45.07528],[2.90967,45.07508],[2.91082,45.0786],[2.90458,45.07859],[2.90017,45.07251],[2.8978,45.07202],[2.89784,45.07359],[2.89629,45.07116],[2.88881,45.07363],[2.88227,45.07233],[2.88367,45.07345],[2.88041,45.07448],[2.8801,45.07296],[2.87685,45.07413],[2.87317,45.07021],[2.87072,45.07451],[2.87288,45.07655],[2.86854,45.0764],[2.86137,45.07004],[2.83539,45.05838],[2.83498,45.05494],[2.84534,45.05292],[2.84492,45.04861]]]},"properties":{"code_territoire":"iris152480000","libelle_territoire":"Valuéjols (commune non irisée)"}},
{"type":"Feature","geometry":{"type":"Polygon","coordinates":[[[2.5972,45.20365],[2.58853,45.20557],[2.5796,45.19555],[2.55792,45.19784],[2.55529,45.19266],[2.55117,45.19019],[2.54763,45.19138],[2.54846,45.18458],[2.54255,45.18473],[2.54093,45.18154],[2.55358,45.17863],[2.58068,45.16549],[2.58366,45.16211],[2.59374,45.1663],[2.59614,45.16397],[2.59892,45.16591],[2.59679,45.16724],[2.6015,45.16751],[2.6019,45.17151],[2.6157,45.17239],[2.61979,45.17705],[2.62507,45.17686],[2.61551,45.1862],[2.61928,45.18862],[2.61213,45.19839],[2.59999,45.20108],[2.5972,45.20365]]]},"properties":{"code_territoire":"iris152490000","libelle_territoire":"Le Vaulmier (commune non irisée)"}},
{"type":"Feature","geometry":{"type":"Polygon","coordinates":[[[2.55478,45.37617],[2.55359,45.37789],[2.54554,45.37848],[2.53078,45.37657],[2.52336,45.38148],[2.51785,45.38497],[2.50595,45.37817],[2.50076,45.38149],[2.48973,45.3802],[2.48059,45.37657],[2.48269,45.37301],[2.4802,45.36969],[2.49395,45.35462],[2.49343,45.35242],[2.48915,45.35193],[2.48665,45.34572],[2.48352,45.34564],[2.48568,45.3415],[2.49142,45.34266],[2.49398,45.34018],[2.50265,45.32463],[2.507,45.325],[2.51013,45.32837],[2.51868,45.32917],[2.52357,45.32475],[2.52079,45.32164],[2.52388,45.31708],[2.52873,45.31897],[2.53453,45.31718],[2.53448,45.32127],[2.53768,45.32486],[2.53972,45.32433],[2.54056,45.32707],[2.53016,45.33005],[2.52454,45.33607],[2.53127,45.33771],[2.52863,45.34153],[2.53287,45.34081],[2.53308,45.34382],[2.53627,45.34381],[2.53364,45.34791],[2.53634,45.35095],[2.53298,45.35151],[2.5365,45.35411],[2.53413,45.35731],[2.54822,45.35336],[2.54709,45.36536],[2.55478,45.37617]]]},"properties":{"code_territoire":"iris152500000","libelle_territoire":"Vebret (commune non irisée)"}},
{"type":"Feature","geometry":{"type":"Polygon","coordinates":[[[3.23098,45.03553],[3.26989,45.03148],[3.27927,45.02697],[3.28999,45.02679],[3.30144,45.0226],[3.30775,45.02341],[3.29724,45.03753],[3.30529,45.04571],[3.29857,45.05131],[3.30105,45.05503],[3.29925,45.06121],[3.30451,45.06036],[3.30625,45.06219],[3.30206,45.064],[3.30876,45.06793],[3.3061,45.07104],[3.31022,45.07278],[3.3122,45.0809],[3.3078,45.07886],[3.30275,45.08089],[3.29631,45.07789],[3.28323,45.08103],[3.25673,45.07629],[3.25222,45.07175],[3.2533,45.06437],[3.24787,45.06023],[3.24062,45.06085],[3.23512,45.05797],[3.23342,45.04896],[3.22178,45.04693],[3.2267,45.0443],[3.22463,45.04054],[3.22959,45.03862],[3.23098,45.03553]]]},"properties":{"code_territoire":"iris152510000","libelle_territoire":"Védrines-Saint-Loup (commune non irisée)"}},
{"type":"Feature","geometry":{"type":"Polygon","coordinates":[[[2.53028,45.00424],[2.52482,44.99988],[2.52921,44.99582],[2.53133,44.99659],[2.52813,44.9948],[2.53011,44.99059],[2.53392,44.98529],[2.53152,44.98011],[2.53733,44.97876],[2.55322,44.98332],[2.55492,44.98163],[2.56345,44.9814],[2.57366,44.9899],[2.58463,44.99347],[2.58706,44.99535],[2.58692,45.00393],[2.59333,45.00494],[2.59285,45.00824],[2.58766,45.00804],[2.56747,45.00288],[2.56678,45.00923],[2.55809,45.01041],[2.55106,45.00672],[2.54539,45.01043],[2.53715,45.00559],[2.53028,45.00424]]]},"properties":{"code_territoire":"iris152520000","libelle_territoire":"Velzic (commune non irisée)"}},
{"type":"Feature","geometry":{"type":"Polygon","coordinates":[[[2.84803,45.22963],[2.84217,45.22259],[2.84225,45.21787],[2.85754,45.21696],[2.86203,45.21262],[2.85799,45.21123],[2.85836,45.20851],[2.86546,45.20157],[2.8756,45.2031],[2.87722,45.19935],[2.88167,45.19763],[2.88191,45.18984],[2.90154,45.187],[2.90625,45.19085],[2.91064,45.19429],[2.90662,45.19342],[2.90825,45.19719],[2.91742,45.20397],[2.91245,45.20997],[2.91362,45.21187],[2.90881,45.21477],[2.9223,45.22101],[2.91107,45.22439],[2.91425,45.22415],[2.91552,45.22647],[2.9051,45.23229],[2.90089,45.23902],[2.88788,45.24299],[2.89338,45.24688],[2.88386,45.24698],[2.87843,45.24466],[2.86531,45.24845],[2.86186,45.24222],[2.85749,45.24093],[2.852,45.23743],[2.84803,45.22963]]]},"properties":{"code_territoire":"iris152530000","libelle_territoire":"Vernols (commune non irisée)"}},
{"type":"Feature","geometry":{"type":"Polygon","coordinates":[[[2.33994,45.32587],[2.34184,45.31953],[2.34903,45.31757],[2.34468,45.31114],[2.35251,45.31092],[2.35113,45.30456],[2.35311,45.30399],[2.36001,45.30102],[2.36005,45.29875],[2.38044,45.29745],[2.38663,45.30096],[2.39099,45.30797],[2.38684,45.31022],[2.38995,45.31087],[2.38916,45.31294],[2.38697,45.3118],[2.38404,45.3136],[2.38615,45.31716],[2.38156,45.31932],[2.38577,45.32688],[2.38303,45.32805],[2.38635,45.33187],[2.38897,45.33169],[2.38935,45.33731],[2.39178,45.33785],[2.38482,45.34297],[2.38364,45.34134],[2.37898,45.34158],[2.36593,45.34488],[2.35865,45.33918],[2.35929,45.33612],[2.3516,45.32804],[2.33994,45.32587]]]},"properties":{"code_territoire":"iris152540000","libelle_territoire":"Veyrières (commune non irisée)"}},
{"type":"Feature","geometry":{"type":"Polygon","coordinates":[[[2.55364,44.91332],[2.5426,44.91632],[2.5388,44.91543],[2.53562,44.91795],[2.53289,44.91543],[2.524,44.91839],[2.52073,44.91429],[2.51724,44.91341],[2.51443,44.91516],[2.51598,44.91331],[2.51179,44.9125],[2.50911,44.91222],[2.5057,44.90677],[2.5001,44.90747],[2.49638,44.90561],[2.49868,44.90346],[2.49665,44.90132],[2.50112,44.90096],[2.50108,44.89595],[2.49258,44.89084],[2.49751,44.88818],[2.49955,44.88064],[2.51157,44.87663],[2.5197,44.86981],[2.52396,44.87059],[2.53255,44.86817],[2.53867,44.87317],[2.5381,44.87621],[2.52697,44.88152],[2.52958,44.88303],[2.52687,44.88548],[2.5365,44.88827],[2.53596,44.89064],[2.54251,44.89287],[2.54132,44.89444],[2.53499,44.89153],[2.53823,44.89423],[2.54373,44.89495],[2.5426,44.89732],[2.54026,44.89598],[2.54179,44.90216],[2.55512,44.90868],[2.55689,44.9111],[2.55364,44.91332]]]},"properties":{"code_territoire":"iris152550000","libelle_territoire":"Vézac (commune non irisée)"}},
{"type":"Feature","geometry":{"type":"Polygon","coordinates":[[[2.94861,45.30912],[2.94633,45.29846],[2.9515,45.28769],[2.93952,45.28859],[2.94464,45.27496],[2.95141,45.26736],[2.95656,45.26061],[2.97837,45.2491],[2.99557,45.24981],[2.99992,45.25649],[3.01177,45.25872],[3.00524,45.26897],[3.01708,45.28073],[3.02109,45.28053],[3.0183,45.28707],[2.99953,45.29045],[2.99797,45.29396],[2.9812,45.29993],[2.96857,45.3074],[2.94861,45.30912]]]},"properties":{"code_territoire":"iris152560000","libelle_territoire":"Vèze (commune non irisée)"}},
{"type":"Feature","geometry":{"type":"Polygon","coordinates":[[[2.59814,44.82083],[2.59052,44.82901],[2.59136,44.83463],[2.57561,44.83219],[2.57386,44.82745],[2.56718,44.82268],[2.57344,44.81775],[2.56615,44.80763],[2.56346,44.7943],[2.56061,44.79335],[2.55812,44.786],[2.5643,44.77809],[2.57444,44.78521],[2.58653,44.7839],[2.60046,44.79365],[2.60096,44.80072],[2.59886,44.80182],[2.60183,44.8081],[2.59814,44.82083]]]},"properties":{"code_territoire":"iris152570000","libelle_territoire":"Vezels-Roussy (commune non irisée)"}},
{"type":"Feature","geometry":{"type":"Polygon","coordinates":[[[2.61826,44.93056],[2.62573,44.93075],[2.62952,44.92878],[2.62994,44.93038],[2.63651,44.93146],[2.6438,44.94021],[2.63907,44.94227],[2.64598,44.94766],[2.64815,44.94864],[2.64656,44.95089],[2.63533,44.95555],[2.64092,44.96028],[2.64575,44.97401],[2.65287,44.97546],[2.66364,44.98307],[2.67411,44.98727],[2.67189,44.98863],[2.66521,44.98496],[2.66294,44.98863],[2.65698,44.98948],[2.65705,44.98725],[2.65234,44.98642],[2.65281,44.98792],[2.6483,44.98847],[2.64624,44.9922],[2.64034,44.99368],[2.63955,44.99563],[2.62956,44.99351],[2.62057,44.99723],[2.61842,45.00013],[2.61463,45.00034],[2.61309,44.99837],[2.60949,45.00867],[2.60677,45.00571],[2.59333,45.00494],[2.58692,45.00393],[2.58706,44.99535],[2.58463,44.99347],[2.58669,44.99085],[2.58507,44.98462],[2.5874,44.98293],[2.59623,44.98423],[2.59316,44.97805],[2.59718,44.97785],[2.59788,44.9724],[2.58819,44.96345],[2.59611,44.96186],[2.59589,44.95112],[2.59885,44.94962],[2.5956,44.94796],[2.59747,44.94706],[2.59616,44.94212],[2.60426,44.94579],[2.60551,44.94349],[2.61305,44.94184],[2.61882,44.94718],[2.62017,44.94198],[2.6175,44.93986],[2.62115,44.93961],[2.61931,44.93755],[2.62486,44.9358],[2.62468,44.93357],[2.61956,44.93274],[2.61826,44.93056]]]},"properties":{"code_territoire":"iris152580000","libelle_territoire":"Vic-sur-Cère (commune non irisée)"}},
{"type":"Feature","geometry":{"type":"Polygon","coordinates":[[[3.13306,45.1076],[3.13765,45.10878],[3.14591,45.10668],[3.14466,45.10413],[3.15844,45.09816],[3.17086,45.09451],[3.18162,45.08634],[3.20293,45.09891],[3.20502,45.09835],[3.19398,45.10773],[3.19608,45.11129],[3.19434,45.11517],[3.19656,45.11571],[3.19053,45.12329],[3.19424,45.12467],[3.19204,45.1296],[3.17461,45.12954],[3.16388,45.13634],[3.15324,45.13968],[3.14299,45.1452],[3.13777,45.13922],[3.13235,45.14261],[3.13006,45.13999],[3.11635,45.13559],[3.11542,45.12922],[3.1107,45.12507],[3.11542,45.11972],[3.11385,45.1188],[3.12272,45.11284],[3.13306,45.1076]]]},"properties":{"code_territoire":"iris152590000","libelle_territoire":"Vieillespesse (commune non irisée)"}},
{"type":"Feature","geometry":{"type":"Polygon","coordinates":[[[2.39754,44.64638],[2.40663,44.64715],[2.4166,44.6428],[2.4249,44.64427],[2.43492,44.63888],[2.4444,44.64388],[2.4448,44.64702],[2.44849,44.64872],[2.46773,44.64286],[2.46893,44.64964],[2.47217,44.65219],[2.47295,44.65668],[2.46907,44.65247],[2.45868,44.65924],[2.45882,44.66172],[2.44993,44.66306],[2.44818,44.66181],[2.44341,44.66371],[2.43308,44.65867],[2.4302,44.66464],[2.42503,44.65399],[2.4226,44.6538],[2.41859,44.66059],[2.41456,44.65763],[2.41001,44.65885],[2.41115,44.65718],[2.40105,44.66104],[2.39532,44.65326],[2.39754,44.64638]]]},"properties":{"code_territoire":"iris152600000","libelle_territoire":"Vieillevie (commune non irisée)"}},
{"type":"Feature","geometry":{"type":"Polygon","coordinates":[[[2.31826,45.24598],[2.32006,45.24689],[2.31751,45.24307],[2.32477,45.24258],[2.32433,45.23385],[2.32967,45.23158],[2.33038,45.22837],[2.33536,45.22902],[2.3375,45.22423],[2.3423,45.22157],[2.34427,45.22332],[2.35405,45.2159],[2.35953,45.21472],[2.36843,45.21712],[2.36874,45.21399],[2.37372,45.21212],[2.36677,45.20826],[2.37048,45.20659],[2.3662,45.20628],[2.36098,45.19858],[2.3578,45.19714],[2.35477,45.19887],[2.3537,45.19634],[2.34778,45.19598],[2.33511,45.18893],[2.34015,45.18441],[2.33938,45.18023],[2.3429,45.18143],[2.34146,45.17723],[2.34406,45.17616],[2.34708,45.176],[2.34987,45.18121],[2.36977,45.18618],[2.36999,45.19018],[2.37456,45.18851],[2.37428,45.19097],[2.37854,45.19111],[2.3727,45.19583],[2.37664,45.19623],[2.37899,45.19331],[2.38593,45.19448],[2.38485,45.1997],[2.38969,45.20231],[2.38512,45.20424],[2.38666,45.20563],[2.38409,45.20991],[2.38785,45.20924],[2.4016,45.2131],[2.40397,45.22668],[2.40142,45.22776],[2.4076,45.2292],[2.40919,45.23248],[2.40932,45.23581],[2.40367,45.24223],[2.39584,45.24306],[2.39279,45.24887],[2.39145,45.24748],[2.38916,45.24968],[2.39617,45.25436],[2.39437,45.2572],[2.39101,45.25409],[2.38706,45.25387],[2.38764,45.24873],[2.38184,45.24986],[2.3818,45.24712],[2.37939,45.24923],[2.37514,45.24838],[2.37597,45.2545],[2.37285,45.25185],[2.37418,45.2496],[2.37036,45.25153],[2.36399,45.24622],[2.35762,45.24599],[2.36106,45.24145],[2.35769,45.23893],[2.35272,45.24559],[2.34784,45.24091],[2.34451,45.25284],[2.33884,45.25527],[2.34279,45.25208],[2.34012,45.25073],[2.33546,45.25396],[2.33382,45.25035],[2.32142,45.25161],[2.31826,45.24598]]]},"properties":{"code_territoire":"iris152610000","libelle_territoire":"Le Vigean (commune non irisée)"}},
{"type":"Feature","geometry":{"type":"Polygon","coordinates":[[[3.01387,45.01412],[3.02789,45.01082],[3.03661,45.00524],[3.03645,44.99964],[3.04083,44.99994],[3.03756,44.99351],[3.03015,44.99031],[3.04176,44.98349],[3.04352,44.98016],[3.05111,44.97758],[3.06751,44.96437],[3.07141,44.97346],[3.07784,44.97316],[3.08125,44.97687],[3.08646,44.97684],[3.08753,44.97835],[3.08356,44.98141],[3.08692,44.98427],[3.08308,44.99099],[3.08516,44.99526],[3.08218,44.99482],[3.08214,44.99734],[3.07928,44.99766],[3.08311,44.99873],[3.07886,45.00096],[3.0818,45.00193],[3.07672,45.0034],[3.08013,45.00426],[3.07649,45.01169],[3.07635,45.00959],[3.0736,45.01184],[3.07088,45.00965],[3.06878,45.01391],[3.06351,45.01181],[3.05568,45.0128],[3.06077,45.0136],[3.05718,45.01649],[3.05949,45.01876],[3.05515,45.01952],[3.05544,45.02142],[3.05442,45.01999],[3.04812,45.02179],[3.04635,45.01981],[3.02402,45.02456],[3.01915,45.02266],[3.01607,45.01831],[3.01753,45.01616],[3.01256,45.01645],[3.01468,45.01609],[3.01387,45.01412]]]},"properties":{"code_territoire":"iris152620000","libelle_territoire":"Villedieu (commune non irisée)"}},
{"type":"Feature","geometry":{"type":"Polygon","coordinates":[[[2.92735,45.11687],[2.9287,45.12106],[2.93616,45.12387],[2.92876,45.1238],[2.93191,45.12733],[2.92365,45.12738],[2.92089,45.13077],[2.91803,45.13055],[2.91898,45.1364],[2.92191,45.1367],[2.92224,45.13908],[2.9197,45.13959],[2.92131,45.14133],[2.91799,45.13987],[2.91984,45.14143],[2.91559,45.14247],[2.91499,45.14012],[2.91285,45.14122],[2.91019,45.13907],[2.90195,45.14434],[2.89907,45.14351],[2.89522,45.14582],[2.89595,45.14177],[2.8994,45.13985],[2.89812,45.13603],[2.88839,45.14131],[2.86512,45.14678],[2.8782,45.13349],[2.87347,45.13045],[2.87639,45.12998],[2.87299,45.12577],[2.86892,45.12611],[2.87004,45.12363],[2.86545,45.12154],[2.86868,45.12103],[2.8684,45.11806],[2.87627,45.11766],[2.87971,45.11546],[2.88181,45.11791],[2.87766,45.11951],[2.87925,45.12134],[2.88098,45.11883],[2.88545,45.11835],[2.89169,45.1205],[2.89126,45.12198],[2.89583,45.12258],[2.89874,45.12061],[2.90085,45.12245],[2.90769,45.11306],[2.90858,45.11597],[2.91106,45.11439],[2.92106,45.11546],[2.92275,45.11393],[2.92196,45.1164],[2.92578,45.1149],[2.92735,45.11687]]]},"properties":{"code_territoire":"iris152630000","libelle_territoire":"Virargues (commune non irisée)"}},
{"type":"Feature","geometry":{"type":"Polygon","coordinates":[[[2.29595,44.78155],[2.3008,44.78422],[2.30347,44.78348],[2.30435,44.78788],[2.30745,44.78806],[2.30984,44.7922],[2.31632,44.79147],[2.33051,44.79592],[2.33662,44.79247],[2.33731,44.79553],[2.34199,44.79788],[2.33777,44.80201],[2.34323,44.80662],[2.33977,44.81264],[2.34396,44.81656],[2.34584,44.82778],[2.3446,44.8295],[2.33806,44.828],[2.33151,44.83346],[2.32273,44.82685],[2.31732,44.82825],[2.31115,44.8262],[2.30886,44.82177],[2.29734,44.83066],[2.29387,44.82866],[2.28317,44.82993],[2.28282,44.82347],[2.28704,44.82024],[2.29051,44.8207],[2.28652,44.81272],[2.28871,44.80742],[2.2799,44.79966],[2.28859,44.79927],[2.29649,44.79095],[2.29426,44.78558],[2.29595,44.78155]]]},"properties":{"code_territoire":"iris152640000","libelle_territoire":"Vitrac (commune non irisée)"}},
{"type":"Feature","geometry":{"type":"Polygon","coordinates":[[[2.4802,45.36969],[2.47776,45.36537],[2.47425,45.36682],[2.47238,45.3656],[2.47258,45.35865],[2.47011,45.35981],[2.46806,45.35802],[2.45656,45.35741],[2.44694,45.36372],[2.43894,45.36364],[2.44024,45.35909],[2.42881,45.35133],[2.43246,45.3459],[2.42898,45.34462],[2.4214,45.34764],[2.42101,45.3444],[2.41705,45.34382],[2.41839,45.34179],[2.41131,45.33892],[2.41105,45.32376],[2.41403,45.32201],[2.42073,45.32526],[2.42104,45.32245],[2.42423,45.32483],[2.42863,45.32375],[2.44292,45.32728],[2.45054,45.32574],[2.44937,45.32191],[2.45605,45.32242],[2.45905,45.32471],[2.46318,45.32276],[2.46193,45.32884],[2.46616,45.33105],[2.47111,45.32978],[2.47086,45.33274],[2.462,45.3359],[2.47273,45.34165],[2.46809,45.34539],[2.47255,45.34493],[2.47891,45.34918],[2.48352,45.34564],[2.48665,45.34572],[2.48915,45.35193],[2.49343,45.35242],[2.49395,45.35462],[2.4802,45.36969]]]},"properties":{"code_territoire":"iris152650000","libelle_territoire":"Ydes (commune non irisée)"}},
{"type":"Feature","geometry":{"type":"Polygon","coordinates":[[[2.51179,44.9125],[2.51598,44.91331],[2.51443,44.91516],[2.51724,44.91341],[2.52073,44.91429],[2.524,44.91839],[2.53289,44.91543],[2.53562,44.91795],[2.5388,44.91543],[2.5426,44.91632],[2.55364,44.91332],[2.56391,44.91734],[2.56156,44.91907],[2.56168,44.92615],[2.5599,44.9273],[2.55755,44.92547],[2.55725,44.92756],[2.55258,44.92694],[2.54836,44.92892],[2.54936,44.93277],[2.54587,44.93494],[2.54191,44.93424],[2.54345,44.93729],[2.54049,44.93869],[2.54543,44.94371],[2.54492,44.94605],[2.54791,44.94564],[2.55332,44.94953],[2.55595,44.95407],[2.55296,44.95829],[2.54946,44.95632],[2.54753,44.95808],[2.54496,44.9563],[2.54045,44.95804],[2.5341,44.95686],[2.53044,44.95152],[2.53017,44.94666],[2.53307,44.94753],[2.53587,44.9453],[2.53193,44.94365],[2.53403,44.9425],[2.52881,44.93793],[2.5292,44.93268],[2.52327,44.93056],[2.51795,44.92495],[2.50621,44.92064],[2.51179,44.9125]]]},"properties":{"code_territoire":"iris152660000","libelle_territoire":"Yolet (commune non irisée)"}},
{"type":"Feature","geometry":{"type":"Polygon","coordinates":[[[2.29701,44.90934],[2.29929,44.90493],[2.31502,44.89928],[2.31627,44.90603],[2.32632,44.9056],[2.33936,44.91213],[2.34259,44.91134],[2.35277,44.90543],[2.35062,44.90306],[2.35312,44.89986],[2.36681,44.89881],[2.36772,44.8949],[2.37257,44.89447],[2.37263,44.89174],[2.37795,44.89053],[2.37937,44.88541],[2.3763,44.87951],[2.38299,44.87618],[2.3819,44.87217],[2.38461,44.87275],[2.3853,44.87601],[2.39156,44.87368],[2.39795,44.8768],[2.40644,44.87706],[2.40946,44.8796],[2.40712,44.88398],[2.40974,44.89123],[2.40733,44.89658],[2.3962,44.89417],[2.39689,44.89821],[2.4027,44.89946],[2.40205,44.90315],[2.39829,44.90384],[2.40132,44.90953],[2.39027,44.9136],[2.39737,44.91191],[2.40635,44.91343],[2.40369,44.91527],[2.40522,44.91668],[2.40868,44.91513],[2.40918,44.91735],[2.40594,44.91754],[2.39943,44.92266],[2.40755,44.9243],[2.40505,44.92615],[2.40882,44.93481],[2.41592,44.93418],[2.41752,44.9359],[2.41707,44.93771],[2.40448,44.93694],[2.39868,44.9428],[2.40076,44.94539],[2.39799,44.94544],[2.39737,44.94034],[2.3936,44.93929],[2.39384,44.9421],[2.38736,44.94174],[2.38622,44.95077],[2.38424,44.9529],[2.37862,44.95217],[2.37849,44.94857],[2.37529,44.95094],[2.37767,44.94875],[2.37408,44.94761],[2.37821,44.94345],[2.37038,44.94191],[2.36766,44.9394],[2.36462,44.94079],[2.36532,44.9429],[2.35905,44.94457],[2.35974,44.94614],[2.35456,44.94197],[2.35681,44.9399],[2.34675,44.94286],[2.34428,44.94016],[2.33997,44.94156],[2.33738,44.94034],[2.33474,44.93367],[2.33226,44.93454],[2.31147,44.92952],[2.31377,44.92264],[2.30481,44.91578],[2.30673,44.91248],[2.3041,44.91002],[2.29701,44.90934]]]},"properties":{"code_territoire":"iris152670000","libelle_territoire":"Ytrac (commune non irisée)"}},
{"type":"Feature","geometry":{"type":"Polygon","coordinates":[[[2.20757,44.91801],[2.20865,44.91296],[2.21379,44.90431],[2.2169,44.90545],[2.21869,44.90042],[2.2245,44.89559],[2.22269,44.89113],[2.22482,44.89017],[2.22084,44.88653],[2.22153,44.88022],[2.21359,44.87381],[2.20923,44.87521],[2.21062,44.87674],[2.20721,44.87638],[2.20644,44.8811],[2.2046,44.88006],[2.19753,44.88227],[2.19655,44.87933],[2.19949,44.87703],[2.19366,44.87407],[2.19413,44.86703],[2.20192,44.86579],[2.20153,44.86913],[2.20752,44.86299],[2.20989,44.86306],[2.20848,44.86133],[2.21264,44.86062],[2.21203,44.85613],[2.22137,44.85395],[2.22506,44.8494],[2.2213,44.85029],[2.21691,44.84709],[2.22222,44.84062],[2.22116,44.83745],[2.23189,44.83982],[2.23046,44.84223],[2.22811,44.84124],[2.22672,44.84576],[2.2322,44.84621],[2.23423,44.8442],[2.24385,44.84915],[2.24634,44.84669],[2.25086,44.84965],[2.24794,44.85198],[2.2509,44.85538],[2.25665,44.85505],[2.26039,44.85864],[2.25488,44.86108],[2.24904,44.86917],[2.24542,44.86929],[2.24395,44.87598],[2.24918,44.87763],[2.24472,44.87868],[2.24337,44.88284],[2.24695,44.88364],[2.2477,44.88618],[2.24543,44.89198],[2.24163,44.89207],[2.23866,44.90067],[2.24425,44.90174],[2.24962,44.8991],[2.24764,44.9016],[2.25098,44.90076],[2.25052,44.90257],[2.25569,44.90376],[2.25547,44.89779],[2.2534,44.89992],[2.24957,44.89759],[2.25986,44.89183],[2.26504,44.89481],[2.26255,44.89598],[2.26331,44.89988],[2.26725,44.89414],[2.27243,44.89407],[2.27398,44.89867],[2.2765,44.90434],[2.27226,44.90545],[2.25936,44.9029],[2.25702,44.90818],[2.24262,44.91161],[2.24231,44.91363],[2.25018,44.91813],[2.24723,44.9221],[2.24385,44.91907],[2.23557,44.92041],[2.23091,44.91884],[2.22922,44.92494],[2.22368,44.93062],[2.21842,44.92606],[2.2138,44.92517],[2.21594,44.92291],[2.20757,44.91801]]]},"properties":{"code_territoire":"iris152680000","libelle_territoire":"Le Rouget-Pers (commune non irisée)"}},
{"type":"Feature","geometry":{"type":"Polygon","coordinates":[[[2.36234,45.11455],[2.35795,45.11302],[2.35424,45.11407],[2.34897,45.11041],[2.34965,45.1053],[2.34461,45.105],[2.34011,45.09549],[2.34009,45.09313],[2.34629,45.08897],[2.35076,45.09187],[2.35939,45.09132],[2.36064,45.09606],[2.36833,45.10197],[2.3634,45.10789],[2.36618,45.11481],[2.36234,45.11455]]]},"properties":{"code_territoire":"iris152690000","libelle_territoire":"Besse (commune non irisée)"}}
]}