{"type":"FeatureCollection", "features": [
{"type":"Feature","geometry":{"type":"Polygon","coordinates":[[[5.42979,44.70325],[5.42358,44.71074],[5.41629,44.71147],[5.41147,44.71583],[5.40569,44.71588],[5.39856,44.71273],[5.39598,44.71522],[5.40057,44.71591],[5.39974,44.71846],[5.40662,44.71819],[5.42963,44.72788],[5.42214,44.73568],[5.41987,44.73559],[5.42288,44.73145],[5.41603,44.72968],[5.39736,44.72997],[5.39278,44.72835],[5.39561,44.71773],[5.38695,44.71202],[5.37271,44.7117],[5.36825,44.71447],[5.35672,44.71122],[5.34315,44.71467],[5.32561,44.70674],[5.3257,44.7043],[5.33024,44.70344],[5.3332,44.70336],[5.33618,44.70608],[5.34088,44.70037],[5.35115,44.69762],[5.35764,44.69246],[5.36617,44.69629],[5.36702,44.69367],[5.37374,44.69322],[5.37658,44.69143],[5.38032,44.69205],[5.38609,44.68744],[5.39447,44.68777],[5.40398,44.68662],[5.41712,44.68909],[5.42086,44.6979],[5.42589,44.69938],[5.42979,44.70325]]]},"properties":{"code_territoire":"iris260010000","libelle_territoire":"Solaure en Diois (commune non irisée)"}},
{"type":"Feature","geometry":{"type":"Polygon","coordinates":[[[4.89049,45.21377],[4.89596,45.22155],[4.91081,45.2334],[4.91112,45.23734],[4.90405,45.2376],[4.89562,45.24139],[4.89563,45.24438],[4.90203,45.24462],[4.89833,45.24674],[4.89944,45.25239],[4.89211,45.24972],[4.88918,45.25363],[4.87413,45.2512],[4.87064,45.2567],[4.8647,45.25417],[4.85142,45.25874],[4.85365,45.26229],[4.84466,45.2598],[4.83706,45.26912],[4.8238,45.26797],[4.81952,45.23858],[4.82608,45.23326],[4.83772,45.22799],[4.84765,45.22866],[4.84836,45.22513],[4.85532,45.22288],[4.86277,45.21728],[4.86514,45.21118],[4.87125,45.21004],[4.87965,45.21197],[4.87527,45.21371],[4.89049,45.21377]]]},"properties":{"code_territoire":"iris260020000","libelle_territoire":"Albon (commune non irisée)"}},
{"type":"Feature","geometry":{"type":"Polygon","coordinates":[[[4.92373,44.48399],[4.94013,44.49017],[4.9552,44.48879],[4.9574,44.49441],[4.96296,44.49784],[4.96903,44.4972],[4.96901,44.50071],[4.96289,44.51028],[4.95261,44.51275],[4.94741,44.51419],[4.93828,44.50901],[4.9369,44.51031],[4.94064,44.50423],[4.92271,44.49354],[4.92373,44.48399]]]},"properties":{"code_territoire":"iris260030000","libelle_territoire":"Aleyrac (commune non irisée)"}},
{"type":"Feature","geometry":{"type":"Polygon","coordinates":[[[4.97175,44.95923],[4.98821,44.95709],[4.99728,44.96735],[5.03748,44.95732],[5.03952,44.96117],[5.04434,44.96016],[5.04714,44.96798],[5.04955,44.9723],[5.05716,44.9784],[5.062,44.97883],[5.06827,44.98521],[5.06683,44.98852],[5.06929,44.99204],[5.06645,44.99486],[5.05382,44.99616],[5.01851,45.00333],[5.01683,45.00935],[5.01624,45.01155],[4.98312,44.99769],[4.97053,44.98782],[4.97826,44.98518],[4.98072,44.98645],[4.97753,44.98121],[4.98432,44.97058],[4.96893,44.96298],[4.96419,44.95865],[4.97175,44.95923]]]},"properties":{"code_territoire":"iris260040000","libelle_territoire":"Alixan (commune non irisée)"}},
{"type":"Feature","geometry":{"type":"Polygon","coordinates":[[[4.79813,44.53167],[4.7897,44.53015],[4.77418,44.52282],[4.76604,44.52045],[4.76456,44.50955],[4.76762,44.50606],[4.76733,44.50298],[4.77029,44.50279],[4.7694,44.4999],[4.77714,44.49758],[4.76608,44.49019],[4.77514,44.48495],[4.77594,44.48259],[4.76981,44.47556],[4.77589,44.46665],[4.78021,44.46347],[4.78697,44.46201],[4.79105,44.46254],[4.79613,44.46649],[4.79884,44.46615],[4.80107,44.46941],[4.80551,44.46917],[4.80898,44.47112],[4.84001,44.47288],[4.84255,44.48191],[4.83944,44.49022],[4.82469,44.49775],[4.80497,44.52606],[4.79813,44.53167]]]},"properties":{"code_territoire":"iris260050000","libelle_territoire":"Allan (commune non irisée)"}},
{"type":"Feature","geometry":{"type":"Polygon","coordinates":[[[4.91195,44.78408],[4.9106,44.78801],[4.90919,44.78737],[4.9001,44.79476],[4.89071,44.80243],[4.89005,44.79117],[4.88077,44.76318],[4.87723,44.75835],[4.9443,44.7414],[4.94456,44.74127],[4.95426,44.76231],[4.94882,44.76393],[4.95266,44.77146],[4.94626,44.77794],[4.94457,44.77538],[4.92023,44.7759],[4.91232,44.7781],[4.91195,44.78408]]]},"properties":{"code_territoire":"iris260060000","libelle_territoire":"Allex (commune non irisée)"}},
{"type":"Feature","geometry":{"type":"Polygon","coordinates":[[[4.9001,44.79476],[4.90919,44.78737],[4.9106,44.78801],[4.91195,44.78408],[4.91311,44.78317],[4.91929,44.78969],[4.91826,44.7926],[4.91296,44.79213],[4.90911,44.79377],[4.91136,44.7954],[4.91146,44.79997],[4.90284,44.79769],[4.9001,44.79476]]]},"properties":{"code_territoire":"iris260070000","libelle_territoire":"Ambonil (commune non irisée)"}},
{"type":"Feature","geometry":{"type":"Polygon","coordinates":[[[4.70627,44.57622],[4.7199,44.57455],[4.73271,44.57802],[4.73279,44.586],[4.71221,44.5828],[4.70627,44.57622]]]},"properties":{"code_territoire":"iris260080000","libelle_territoire":"Ancône (commune non irisée)"}},
{"type":"Feature","geometry":{"type":"Polygon","coordinates":[[[4.81705,45.22545],[4.81952,45.23858],[4.8238,45.26797],[4.81022,45.26971],[4.81012,45.26135],[4.80182,45.24593],[4.80356,45.22537],[4.81705,45.22545]]]},"properties":{"code_territoire":"iris260090000","libelle_territoire":"Andancette (commune non irisée)"}},
{"type":"Feature","geometry":{"type":"Polygon","coordinates":[[[4.92791,45.23616],[4.92907,45.24253],[4.9365,45.24282],[4.93626,45.24585],[4.94064,45.24792],[4.94177,45.25106],[4.93956,45.25558],[4.94337,45.25855],[4.94013,45.25904],[4.93137,45.25508],[4.92784,45.25961],[4.92065,45.27837],[4.9207,45.29597],[4.90389,45.31003],[4.90136,45.31016],[4.89754,45.30508],[4.87966,45.2968],[4.85866,45.29839],[4.8577,45.28751],[4.83735,45.27388],[4.83502,45.27139],[4.83706,45.26912],[4.84466,45.2598],[4.85365,45.26229],[4.85142,45.25874],[4.8647,45.25417],[4.87064,45.2567],[4.87413,45.2512],[4.88918,45.25363],[4.89211,45.24972],[4.89944,45.25239],[4.89833,45.24674],[4.90203,45.24462],[4.89563,45.24438],[4.89562,45.24139],[4.90405,45.2376],[4.91112,45.23734],[4.91081,45.2334],[4.92353,45.23852],[4.92791,45.23616]]]},"properties":{"code_territoire":"iris260100000","libelle_territoire":"Anneyron (commune non irisée)"}},
{"type":"Feature","geometry":{"type":"Polygon","coordinates":[[[5.07635,44.71438],[5.08035,44.71716],[5.08734,44.73032],[5.08569,44.74225],[5.07508,44.73895],[5.06473,44.72616],[5.05273,44.73501],[5.04342,44.73132],[5.03354,44.72217],[5.04321,44.7174],[5.04018,44.70534],[5.04049,44.70122],[5.03667,44.69351],[5.0406,44.68567],[5.03705,44.68342],[5.03516,44.68069],[5.0439,44.67835],[5.04011,44.67027],[5.04713,44.66312],[5.05296,44.66505],[5.05279,44.671],[5.05588,44.67358],[5.05606,44.6772],[5.06055,44.68077],[5.06021,44.68277],[5.06875,44.68671],[5.06586,44.6916],[5.0708,44.69872],[5.06796,44.71321],[5.07635,44.71438]]]},"properties":{"code_territoire":"iris260110000","libelle_territoire":"Aouste-sur-Sye (commune non irisée)"}},
{"type":"Feature","geometry":{"type":"Polygon","coordinates":[[[5.27504,44.48616],[5.27433,44.48308],[5.28002,44.47752],[5.30324,44.48578],[5.31142,44.48304],[5.32191,44.4751],[5.33458,44.47322],[5.33615,44.47094],[5.3406,44.47692],[5.34736,44.47841],[5.35823,44.4682],[5.35865,44.47427],[5.35047,44.48993],[5.34464,44.49501],[5.33364,44.49954],[5.32334,44.50946],[5.32102,44.50647],[5.30945,44.51085],[5.30633,44.51053],[5.29318,44.51789],[5.29235,44.52191],[5.29004,44.51858],[5.28803,44.51911],[5.28603,44.5244],[5.28315,44.51122],[5.27655,44.50574],[5.27786,44.5024],[5.27504,44.48616]]]},"properties":{"code_territoire":"iris260120000","libelle_territoire":"Arnayon (commune non irisée)"}},
{"type":"Feature","geometry":{"type":"Polygon","coordinates":[[[5.29436,44.36538],[5.29932,44.36905],[5.30531,44.38035],[5.31111,44.38314],[5.30059,44.38901],[5.28678,44.39148],[5.28098,44.38898],[5.27492,44.38184],[5.2636,44.37988],[5.25194,44.37415],[5.24723,44.37641],[5.24455,44.3707],[5.23662,44.36636],[5.24242,44.35702],[5.25069,44.35136],[5.25404,44.35175],[5.25815,44.34969],[5.26184,44.35474],[5.26845,44.35522],[5.26803,44.35735],[5.27296,44.36055],[5.2779,44.36202],[5.28963,44.36037],[5.29436,44.36538]]]},"properties":{"code_territoire":"iris260130000","libelle_territoire":"Arpavon (commune non irisée)"}},
{"type":"Feature","geometry":{"type":"Polygon","coordinates":[[[5.05181,45.15533],[5.04724,45.14298],[5.04666,45.12376],[5.05432,45.12755],[5.06368,45.12817],[5.06606,45.13032],[5.08005,45.14385],[5.07761,45.14602],[5.0704,45.14649],[5.06371,45.1548],[5.05716,45.15777],[5.0538,45.15788],[5.05181,45.15533]]]},"properties":{"code_territoire":"iris260140000","libelle_territoire":"Arthémonay (commune non irisée)"}},
{"type":"Feature","geometry":{"type":"Polygon","coordinates":[[[5.1572,44.65891],[5.15626,44.67524],[5.15215,44.67881],[5.15296,44.6839],[5.15695,44.68821],[5.15448,44.69223],[5.15542,44.69672],[5.14324,44.69745],[5.13551,44.69574],[5.13217,44.6825],[5.13577,44.67776],[5.13521,44.66088],[5.1572,44.65891]]]},"properties":{"code_territoire":"iris260150000","libelle_territoire":"Aubenasson (commune non irisée)"}},
{"type":"Feature","geometry":{"type":"Polygon","coordinates":[[[5.13653,44.42647],[5.12856,44.42033],[5.13207,44.41272],[5.12672,44.40676],[5.11649,44.40183],[5.12313,44.39616],[5.11957,44.38975],[5.12854,44.38351],[5.13653,44.37889],[5.14415,44.38152],[5.15662,44.37694],[5.16042,44.37264],[5.15967,44.36885],[5.16352,44.3584],[5.17426,44.35963],[5.19365,44.35815],[5.1883,44.36669],[5.18706,44.37404],[5.18007,44.37867],[5.17861,44.38203],[5.18768,44.38552],[5.16971,44.40308],[5.16677,44.40292],[5.16607,44.39637],[5.15414,44.40342],[5.14746,44.41307],[5.14444,44.4249],[5.14113,44.42683],[5.13653,44.42647]]]},"properties":{"code_territoire":"iris260160000","libelle_territoire":"Aubres (commune non irisée)"}},
{"type":"Feature","geometry":{"type":"Polygon","coordinates":[[[5.38099,44.58652],[5.38821,44.58949],[5.3956,44.61167],[5.39203,44.62784],[5.3777,44.63609],[5.37546,44.63908],[5.36561,44.64312],[5.34254,44.6447],[5.34652,44.63995],[5.3469,44.63547],[5.34406,44.6319],[5.34661,44.62822],[5.33307,44.62613],[5.33001,44.62335],[5.32277,44.62461],[5.31504,44.62303],[5.30343,44.62613],[5.30519,44.62845],[5.30208,44.62897],[5.29078,44.62695],[5.28873,44.61914],[5.29581,44.61724],[5.29823,44.614],[5.30008,44.61478],[5.30755,44.6069],[5.31461,44.60934],[5.32452,44.60471],[5.33466,44.60473],[5.34081,44.60693],[5.35005,44.60483],[5.35422,44.6013],[5.36742,44.59859],[5.3711,44.59293],[5.37056,44.58802],[5.38099,44.58652]]]},"properties":{"code_territoire":"iris260170000","libelle_territoire":"Aucelon (commune non irisée)"}},
{"type":"Feature","geometry":{"type":"Polygon","coordinates":[[[5.39901,44.22772],[5.401,44.22519],[5.41127,44.22065],[5.43712,44.21198],[5.44286,44.21121],[5.4494,44.21529],[5.44239,44.22178],[5.44518,44.23144],[5.44376,44.23455],[5.43797,44.23706],[5.43904,44.2439],[5.42641,44.24141],[5.42144,44.24654],[5.41602,44.24583],[5.41355,44.24346],[5.40654,44.24375],[5.40125,44.2398],[5.39115,44.23784],[5.38991,44.2332],[5.39395,44.22885],[5.39901,44.22772]]]},"properties":{"code_territoire":"iris260180000","libelle_territoire":"Aulan (commune non irisée)"}},
{"type":"Feature","geometry":{"type":"Polygon","coordinates":[[[5.27715,44.67325],[5.28157,44.67205],[5.28131,44.67506],[5.2844,44.67288],[5.29252,44.67201],[5.30404,44.66607],[5.31572,44.66847],[5.32091,44.67093],[5.31965,44.67652],[5.33595,44.68787],[5.34202,44.6891],[5.34438,44.69475],[5.35078,44.69572],[5.35422,44.6916],[5.35764,44.69246],[5.35115,44.69762],[5.34088,44.70037],[5.33618,44.70608],[5.3332,44.70336],[5.33024,44.70344],[5.3257,44.7043],[5.32561,44.70674],[5.31851,44.7041],[5.30881,44.71037],[5.30143,44.70896],[5.29855,44.71334],[5.30065,44.71622],[5.29855,44.7189],[5.28088,44.72112],[5.2785,44.72079],[5.27501,44.7137],[5.26937,44.71316],[5.26847,44.70743],[5.25893,44.69808],[5.26116,44.689],[5.25856,44.68485],[5.26168,44.68228],[5.26147,44.67957],[5.26617,44.67899],[5.26494,44.67686],[5.26754,44.67377],[5.27715,44.67325]]]},"properties":{"code_territoire":"iris260190000","libelle_territoire":"Aurel (commune non irisée)"}},
{"type":"Feature","geometry":{"type":"Polygon","coordinates":[[[5.01519,44.67713],[5.01163,44.67923],[5.01124,44.68366],[5.00618,44.68762],[5.003,44.68459],[4.99659,44.68301],[4.99112,44.68495],[4.98707,44.67309],[4.97827,44.67482],[4.97696,44.6715],[4.97113,44.67056],[4.96372,44.65994],[4.96252,44.65873],[4.97078,44.65632],[4.96849,44.65109],[4.97183,44.65227],[4.97375,44.6485],[4.97912,44.64993],[4.98591,44.64064],[4.98546,44.62233],[4.9883,44.61959],[4.9911,44.62683],[4.99125,44.64254],[4.99327,44.6414],[5.00163,44.64476],[5.00587,44.64325],[5.00828,44.64669],[5.01569,44.64967],[5.01647,44.65214],[5.00915,44.65732],[5.02399,44.66302],[5.01519,44.67713]]]},"properties":{"code_territoire":"iris260200000","libelle_territoire":"La Répara-Auriples (commune non irisée)"}},
{"type":"Feature","geometry":{"type":"Polygon","coordinates":[[[4.99112,44.68495],[4.98834,44.68661],[4.98927,44.69284],[4.96866,44.69699],[4.95452,44.68909],[4.95822,44.68579],[4.95319,44.6823],[4.96141,44.67795],[4.95936,44.67238],[4.96733,44.67535],[4.96879,44.67236],[4.96272,44.66547],[4.96372,44.65994],[4.97113,44.67056],[4.97696,44.6715],[4.97827,44.67482],[4.98707,44.67309],[4.99112,44.68495]]]},"properties":{"code_territoire":"iris260210000","libelle_territoire":"Autichamp (commune non irisée)"}},
{"type":"Feature","geometry":{"type":"Polygon","coordinates":[[[5.6727,44.24561],[5.67493,44.25025],[5.67438,44.25691],[5.68545,44.26372],[5.68727,44.26681],[5.67561,44.27589],[5.65783,44.27257],[5.6468,44.26725],[5.63278,44.26152],[5.62178,44.26055],[5.62087,44.26192],[5.61649,44.25393],[5.61828,44.24875],[5.61034,44.24509],[5.60831,44.24198],[5.61709,44.23854],[5.61136,44.23716],[5.60916,44.2346],[5.61145,44.23009],[5.60967,44.21969],[5.61272,44.21986],[5.61922,44.22366],[5.62564,44.22423],[5.6313,44.23018],[5.63254,44.23612],[5.63798,44.24059],[5.64355,44.23957],[5.65058,44.24329],[5.6548,44.24194],[5.65726,44.24469],[5.6596,44.243],[5.6644,44.24459],[5.6643,44.24694],[5.66737,44.24592],[5.66765,44.24762],[5.6727,44.24561]]]},"properties":{"code_territoire":"iris260220000","libelle_territoire":"Ballons (commune non irisée)"}},
{"type":"Feature","geometry":{"type":"Polygon","coordinates":[[[5.13577,44.96124],[5.12596,44.95426],[5.13982,44.94795],[5.13928,44.94441],[5.14279,44.94252],[5.14935,44.93047],[5.15936,44.92224],[5.16014,44.91843],[5.16868,44.91948],[5.17944,44.9166],[5.18444,44.91867],[5.18754,44.92136],[5.19334,44.93648],[5.18184,44.93987],[5.18023,44.94454],[5.18195,44.94964],[5.17806,44.94968],[5.17233,44.95383],[5.17108,44.95982],[5.16734,44.95986],[5.17109,44.95748],[5.16866,44.95549],[5.15265,44.95629],[5.14861,44.96337],[5.13959,44.96509],[5.13577,44.96124]]]},"properties":{"code_territoire":"iris260230000","libelle_territoire":"Barbières (commune non irisée)"}},
{"type":"Feature","geometry":{"type":"Polygon","coordinates":[[[5.06816,44.88162],[5.06749,44.88058],[5.06043,44.88377],[5.0568,44.88233],[5.05212,44.88502],[5.03666,44.87806],[5.03858,44.87679],[5.0342,44.87282],[5.04331,44.86521],[5.03941,44.85504],[5.0457,44.84998],[5.04721,44.85188],[5.05288,44.85015],[5.05554,44.85181],[5.06931,44.84484],[5.06566,44.85847],[5.06726,44.86874],[5.07291,44.88149],[5.06816,44.88162]]]},"properties":{"code_territoire":"iris260240000","libelle_territoire":"Barcelonne (commune non irisée)"}},
{"type":"Feature","geometry":{"type":"Polygon","coordinates":[[[5.34254,44.6447],[5.36561,44.64312],[5.37546,44.63908],[5.37947,44.64198],[5.38657,44.65732],[5.39459,44.66162],[5.39418,44.66431],[5.40131,44.66912],[5.40173,44.67248],[5.41044,44.67382],[5.41825,44.67138],[5.41567,44.67827],[5.40068,44.67849],[5.39728,44.67349],[5.3907,44.67276],[5.38312,44.66838],[5.37975,44.66838],[5.37982,44.66689],[5.35229,44.6665],[5.33682,44.66364],[5.33077,44.648],[5.33273,44.64406],[5.3372,44.643],[5.34254,44.6447]]]},"properties":{"code_territoire":"iris260250000","libelle_territoire":"Barnave (commune non irisée)"}},
{"type":"Feature","geometry":{"type":"Polygon","coordinates":[[[5.56452,44.17091],[5.55854,44.16692],[5.5518,44.16881],[5.54795,44.17557],[5.53915,44.17977],[5.53491,44.19],[5.51848,44.20566],[5.50968,44.20305],[5.50262,44.20371],[5.4857,44.20018],[5.48169,44.20015],[5.47984,44.20436],[5.47772,44.20659],[5.47036,44.2041],[5.45719,44.20764],[5.45581,44.2031],[5.45782,44.19587],[5.46238,44.19088],[5.47044,44.18896],[5.47549,44.17692],[5.48525,44.1732],[5.48431,44.16951],[5.49338,44.16039],[5.52016,44.14573],[5.55133,44.14979],[5.56949,44.14813],[5.57863,44.15204],[5.58325,44.15781],[5.57579,44.16138],[5.56452,44.17091]]]},"properties":{"code_territoire":"iris260260000","libelle_territoire":"Barret-de-Lioure (commune non irisée)"}},
{"type":"Feature","geometry":{"type":"Polygon","coordinates":[[[5.30909,44.74816],[5.29649,44.7451],[5.29404,44.75071],[5.2901,44.75054],[5.28296,44.73839],[5.2699,44.73241],[5.27026,44.72902],[5.26814,44.72145],[5.26937,44.71316],[5.27501,44.7137],[5.2785,44.72079],[5.28088,44.72112],[5.29855,44.7189],[5.30065,44.71622],[5.29855,44.71334],[5.30143,44.70896],[5.30881,44.71037],[5.31851,44.7041],[5.32561,44.70674],[5.34315,44.71467],[5.33332,44.72429],[5.31871,44.72738],[5.3203,44.73232],[5.31833,44.73828],[5.32043,44.74012],[5.3186,44.74535],[5.30909,44.74816]]]},"properties":{"code_territoire":"iris260270000","libelle_territoire":"Barsac (commune non irisée)"}},
{"type":"Feature","geometry":{"type":"Polygon","coordinates":[[[5.00814,45.19663],[5.00024,45.19949],[4.98936,45.1997],[4.98878,45.19209],[4.98434,45.16731],[4.99869,45.17019],[5.00798,45.16794],[5.01055,45.18562],[5.00839,45.18845],[5.00814,45.19663]]]},"properties":{"code_territoire":"iris260280000","libelle_territoire":"Bathernay (commune non irisée)"}},
{"type":"Feature","geometry":{"type":"Polygon","coordinates":[[[5.62628,44.49812],[5.63016,44.50145],[5.63519,44.50252],[5.64415,44.50201],[5.65039,44.49911],[5.65679,44.50227],[5.66471,44.50188],[5.65373,44.51427],[5.62723,44.53466],[5.62279,44.53559],[5.61484,44.53283],[5.60739,44.52815],[5.60156,44.5171],[5.60557,44.51646],[5.60577,44.51158],[5.61048,44.50685],[5.62628,44.49812]]]},"properties":{"code_territoire":"iris260300000","libelle_territoire":"La Bâtie-des-Fonds (commune non irisée)"}},
{"type":"Feature","geometry":{"type":"Polygon","coordinates":[[[4.88469,44.54754],[4.88507,44.55236],[4.89052,44.56144],[4.89749,44.56279],[4.89616,44.56495],[4.88508,44.56745],[4.88189,44.57119],[4.872,44.57035],[4.86762,44.56786],[4.8645,44.56735],[4.8539,44.56474],[4.84727,44.56696],[4.84246,44.56367],[4.84371,44.55741],[4.84097,44.5566],[4.84128,44.55228],[4.84517,44.5456],[4.85147,44.54796],[4.85517,44.54689],[4.85715,44.55109],[4.8624,44.54522],[4.86491,44.54735],[4.87285,44.54548],[4.8751,44.54727],[4.87779,44.54872],[4.88421,44.54753],[4.88469,44.54754]]]},"properties":{"code_territoire":"iris260310000","libelle_territoire":"La Bâtie-Rolland (commune non irisée)"}},
{"type":"Feature","geometry":{"type":"Polygon","coordinates":[[[5.02249,44.84293],[5.02148,44.84134],[5.02508,44.83926],[5.02836,44.83253],[5.02548,44.82919],[5.01611,44.82497],[5.01003,44.82907],[5.0121,44.82059],[5.01933,44.8176],[5.03663,44.81807],[5.04376,44.81325],[5.0536,44.8116],[5.07388,44.81367],[5.07348,44.83164],[5.08232,44.83097],[5.07959,44.83132],[5.06942,44.84215],[5.05223,44.8459],[5.04015,44.85159],[5.0386,44.8478],[5.03152,44.84734],[5.02249,44.84293]]]},"properties":{"code_territoire":"iris260320000","libelle_territoire":"La Baume-Cornillane (commune non irisée)"}},
{"type":"Feature","geometry":{"type":"Polygon","coordinates":[[[4.88928,44.30404],[4.89168,44.31329],[4.8817,44.32482],[4.88951,44.33307],[4.89428,44.333],[4.89536,44.33817],[4.87981,44.34531],[4.86926,44.3449],[4.86809,44.34275],[4.85866,44.34056],[4.84405,44.34278],[4.83892,44.34155],[4.84037,44.33955],[4.83812,44.33086],[4.83998,44.32871],[4.84654,44.32865],[4.85643,44.32549],[4.85788,44.3167],[4.85472,44.31442],[4.86662,44.31134],[4.88146,44.30441],[4.88928,44.30404]]]},"properties":{"code_territoire":"iris260330000","libelle_territoire":"La Baume-de-Transit (commune non irisée)"}},
{"type":"Feature","geometry":{"type":"Polygon","coordinates":[[[5.22754,45.07723],[5.22522,45.07958],[5.21353,45.08268],[5.21017,45.08157],[5.20345,45.07366],[5.20078,45.06593],[5.2035,45.06417],[5.20072,45.06189],[5.2014,45.0558],[5.20829,45.05658],[5.21853,45.04935],[5.23045,45.0369],[5.23382,45.04338],[5.23726,45.05086],[5.23562,45.06679],[5.22611,45.07371],[5.22754,45.07723]]]},"properties":{"code_territoire":"iris260340000","libelle_territoire":"La Baume-d'Hostun (commune non irisée)"}},
{"type":"Feature","geometry":{"type":"Polygon","coordinates":[[[5.16068,44.79319],[5.15014,44.79904],[5.14489,44.79553],[5.14194,44.78673],[5.13035,44.77998],[5.12772,44.77729],[5.12888,44.76936],[5.12661,44.7654],[5.12835,44.75974],[5.13532,44.75771],[5.13472,44.75533],[5.14012,44.75729],[5.14692,44.76207],[5.14774,44.76692],[5.14895,44.76599],[5.15489,44.77063],[5.16385,44.7727],[5.17327,44.78012],[5.18287,44.78136],[5.18343,44.78374],[5.18214,44.7855],[5.17006,44.7856],[5.16556,44.79144],[5.16181,44.79084],[5.16068,44.79319]]]},"properties":{"code_territoire":"iris260350000","libelle_territoire":"Beaufort-sur-Gervanne (commune non irisée)"}},
{"type":"Feature","geometry":{"type":"Polygon","coordinates":[[[5.48884,44.53535],[5.49123,44.53645],[5.49421,44.54331],[5.49497,44.55128],[5.4901,44.55638],[5.48995,44.56326],[5.49432,44.56709],[5.50197,44.56764],[5.49919,44.57279],[5.49276,44.57432],[5.48536,44.57891],[5.47737,44.58277],[5.4769,44.58884],[5.47286,44.58957],[5.47176,44.59151],[5.4655,44.58576],[5.45953,44.58955],[5.45001,44.58287],[5.44704,44.5771],[5.44068,44.57728],[5.44025,44.57345],[5.43703,44.57079],[5.43922,44.56965],[5.4534,44.56025],[5.44843,44.55399],[5.45844,44.54463],[5.4674,44.54106],[5.47979,44.54071],[5.48304,44.53635],[5.48614,44.53547],[5.48884,44.53535]]]},"properties":{"code_territoire":"iris260360000","libelle_territoire":"Beaumont-en-Diois (commune non irisée)"}},
{"type":"Feature","geometry":{"type":"Polygon","coordinates":[[[4.96933,44.87994],[4.96198,44.88098],[4.95572,44.88926],[4.93704,44.9],[4.93503,44.90048],[4.92818,44.90081],[4.91621,44.89569],[4.92252,44.87207],[4.92509,44.8709],[4.92576,44.8647],[4.92824,44.86402],[4.92941,44.86053],[4.93656,44.85594],[4.94598,44.85594],[4.94365,44.85032],[4.94803,44.85091],[4.96038,44.84749],[4.9655,44.85245],[4.97415,44.85412],[4.97662,44.86113],[4.97625,44.86589],[4.97892,44.87006],[4.97491,44.87085],[4.97914,44.87816],[4.97376,44.87658],[4.96933,44.87994]]]},"properties":{"code_territoire":"iris260370000","libelle_territoire":"Beaumont-lès-Valence (commune non irisée)"}},
{"type":"Feature","geometry":{"type":"Polygon","coordinates":[[[4.88681,45.03932],[4.90425,45.01998],[4.90289,45.01748],[4.90565,45.00712],[4.91129,45.01606],[4.91611,45.01641],[4.92603,45.01335],[4.94314,45.02018],[4.94563,45.02417],[4.93524,45.02671],[4.93207,45.03156],[4.93567,45.03496],[4.94929,45.03893],[4.95202,45.04773],[4.94779,45.05047],[4.94936,45.05261],[4.94618,45.0524],[4.93953,45.05157],[4.9312,45.05387],[4.90171,45.04113],[4.88698,45.03951],[4.88681,45.03932]]]},"properties":{"code_territoire":"iris260380000","libelle_territoire":"Beaumont-Monteux (commune non irisée)"}},
{"type":"Feature","geometry":{"type":"Polygon","coordinates":[[[5.22211,45.00125],[5.21808,45.00115],[5.21429,45.00836],[5.20996,45.00947],[5.20076,45.00532],[5.18684,45.01235],[5.18697,45.01405],[5.17887,45.00721],[5.16915,45.00756],[5.16893,45.00959],[5.16692,45.00907],[5.15711,45.02371],[5.15841,45.02862],[5.15355,45.03484],[5.15362,45.042],[5.15128,45.04212],[5.15163,45.04427],[5.14558,45.04685],[5.14406,45.04961],[5.14102,45.05065],[5.12861,45.03991],[5.12282,45.03717],[5.12361,45.03346],[5.12772,45.0314],[5.12869,45.02349],[5.13357,45.02129],[5.13383,45.01688],[5.14035,45.01295],[5.15048,45.00969],[5.15408,45.00662],[5.15152,45.00643],[5.1609,45.00013],[5.16235,44.99639],[5.17273,44.99483],[5.17611,44.98876],[5.18312,44.98419],[5.18164,44.97746],[5.18809,44.97541],[5.19181,44.97706],[5.19854,44.97567],[5.20892,44.97107],[5.22008,44.98118],[5.22465,44.98782],[5.22693,45.00037],[5.22211,45.00125]]]},"properties":{"code_territoire":"iris260390000","libelle_territoire":"Beauregard-Baret (commune non irisée)"}},
{"type":"Feature","geometry":{"type":"Polygon","coordinates":[[[5.54952,44.52838],[5.55545,44.53214],[5.55479,44.53521],[5.54569,44.53811],[5.5468,44.53965],[5.54191,44.54567],[5.55104,44.54912],[5.55318,44.55702],[5.57181,44.55449],[5.57799,44.54939],[5.59705,44.54339],[5.59978,44.55483],[5.60664,44.56682],[5.58995,44.56947],[5.58604,44.57386],[5.57565,44.57851],[5.55605,44.58033],[5.5517,44.58209],[5.54656,44.58225],[5.53347,44.57695],[5.53204,44.57843],[5.51939,44.57567],[5.50977,44.57559],[5.50804,44.57256],[5.50353,44.57133],[5.50298,44.5679],[5.51249,44.56375],[5.52541,44.5529],[5.52869,44.5521],[5.5304,44.54614],[5.52679,44.52612],[5.54952,44.52838]]]},"properties":{"code_territoire":"iris260400000","libelle_territoire":"Beaurières (commune non irisée)"}},
{"type":"Feature","geometry":{"type":"Polygon","coordinates":[[[4.84211,45.18971],[4.84133,45.19181],[4.84442,45.19214],[4.84752,45.19625],[4.85584,45.19881],[4.87125,45.21004],[4.86514,45.21118],[4.86277,45.21728],[4.85532,45.22288],[4.84836,45.22513],[4.84765,45.22866],[4.83772,45.22799],[4.82608,45.23326],[4.81952,45.23858],[4.81705,45.22545],[4.81638,45.22142],[4.82665,45.21225],[4.82514,45.20572],[4.83071,45.18909],[4.84211,45.18971]]]},"properties":{"code_territoire":"iris260410000","libelle_territoire":"Beausemblant (commune non irisée)"}},
{"type":"Feature","geometry":{"type":"Polygon","coordinates":[[[4.9144,44.86681],[4.9088,44.86699],[4.8883,44.85291],[4.8875,44.85189],[4.89786,44.84789],[4.91096,44.84767],[4.91676,44.85292],[4.91795,44.85868],[4.9144,44.86681]]]},"properties":{"code_territoire":"iris260420000","libelle_territoire":"Beauvallon (commune non irisée)"}},
{"type":"Feature","geometry":{"type":"Polygon","coordinates":[[[5.20044,44.28876],[5.20327,44.28965],[5.2117,44.28622],[5.21835,44.28603],[5.23026,44.29046],[5.2398,44.29191],[5.24291,44.29425],[5.2429,44.2976],[5.23563,44.30389],[5.21782,44.30859],[5.20872,44.3165],[5.20934,44.32317],[5.20572,44.32313],[5.19953,44.31893],[5.19634,44.31107],[5.18743,44.30257],[5.18894,44.29781],[5.19474,44.29872],[5.19231,44.29537],[5.19792,44.29085],[5.20013,44.29107],[5.20044,44.28876]]]},"properties":{"code_territoire":"iris260430000","libelle_territoire":"Beauvoisin (commune non irisée)"}},
{"type":"Feature","geometry":{"type":"Polygon","coordinates":[[[4.92271,44.59022],[4.91849,44.58258],[4.92079,44.57928],[4.91889,44.5655],[4.90667,44.56533],[4.89749,44.56279],[4.89052,44.56144],[4.88507,44.55236],[4.88469,44.54754],[4.90001,44.54532],[4.90638,44.54682],[4.90644,44.54393],[4.91606,44.54639],[4.91842,44.54402],[4.91737,44.54237],[4.91966,44.54181],[4.92339,44.54363],[4.92878,44.53141],[4.93633,44.52217],[4.9369,44.51031],[4.93828,44.50901],[4.94741,44.51419],[4.95261,44.51275],[4.95561,44.52069],[4.95092,44.53013],[4.95826,44.54519],[4.95735,44.54832],[4.96368,44.55015],[4.96212,44.55259],[4.95672,44.55463],[4.95801,44.5595],[4.95524,44.57188],[4.95248,44.57412],[4.94776,44.57306],[4.94217,44.57483],[4.93903,44.57206],[4.93544,44.57482],[4.93495,44.59264],[4.93035,44.59357],[4.92271,44.59022]]]},"properties":{"code_territoire":"iris260450000","libelle_territoire":"La Bégude-de-Mazenc (commune non irisée)"}},
{"type":"Feature","geometry":{"type":"Polygon","coordinates":[[[5.37148,44.37216],[5.36916,44.37149],[5.3687,44.37268],[5.36745,44.37672],[5.36642,44.37506],[5.34637,44.37521],[5.34518,44.37262],[5.34232,44.37261],[5.33546,44.36834],[5.3348,44.35814],[5.32681,44.34437],[5.32196,44.34108],[5.32204,44.33738],[5.3261,44.33875],[5.33132,44.33699],[5.33234,44.33982],[5.33434,44.33886],[5.33967,44.34065],[5.33994,44.33915],[5.3441,44.34137],[5.35089,44.34097],[5.3661,44.34785],[5.39364,44.34528],[5.39496,44.3489],[5.38678,44.35061],[5.38003,44.36492],[5.37148,44.37216]]]},"properties":{"code_territoire":"iris260460000","libelle_territoire":"Bellecombe-Tarendol (commune non irisée)"}},
{"type":"Feature","geometry":{"type":"Polygon","coordinates":[[[5.43922,44.56965],[5.43473,44.56458],[5.42109,44.566],[5.4195,44.55381],[5.41543,44.55193],[5.41517,44.54699],[5.40258,44.54662],[5.39039,44.53566],[5.39599,44.52619],[5.39359,44.5226],[5.4107,44.50906],[5.41029,44.51726],[5.41262,44.51669],[5.42012,44.52038],[5.43821,44.51614],[5.4504,44.51927],[5.45158,44.51808],[5.45739,44.51923],[5.46274,44.51978],[5.46637,44.51773],[5.47287,44.52088],[5.47022,44.52735],[5.48614,44.53547],[5.48304,44.53635],[5.47979,44.54071],[5.4674,44.54106],[5.45844,44.54463],[5.44843,44.55399],[5.4534,44.56025],[5.43922,44.56965]]]},"properties":{"code_territoire":"iris260470000","libelle_territoire":"Bellegarde-en-Diois (commune non irisée)"}},
{"type":"Feature","geometry":{"type":"Polygon","coordinates":[[[5.18106,44.28854],[5.19384,44.2861],[5.19537,44.28415],[5.20044,44.28876],[5.20013,44.29107],[5.19792,44.29085],[5.19231,44.29537],[5.19474,44.29872],[5.18894,44.29781],[5.18743,44.30257],[5.19634,44.31107],[5.19953,44.31893],[5.20572,44.32313],[5.20934,44.32317],[5.21232,44.32432],[5.21269,44.32945],[5.20614,44.32852],[5.2018,44.33074],[5.19975,44.33718],[5.19296,44.3336],[5.18761,44.32573],[5.1805,44.32327],[5.17747,44.31813],[5.16892,44.31403],[5.17105,44.30953],[5.17413,44.30821],[5.16923,44.30157],[5.17012,44.29888],[5.18106,44.28854]]]},"properties":{"code_territoire":"iris260480000","libelle_territoire":"Bénivay-Ollon (commune non irisée)"}},
{"type":"Feature","geometry":{"type":"Polygon","coordinates":[[[5.08434,44.97285],[5.07371,44.97567],[5.07237,44.97962],[5.06876,44.98011],[5.06827,44.98521],[5.062,44.97883],[5.05716,44.9784],[5.04955,44.9723],[5.04714,44.96798],[5.05467,44.96642],[5.06668,44.96044],[5.07991,44.95776],[5.09282,44.95801],[5.09795,44.95569],[5.1077,44.95471],[5.10889,44.95301],[5.1153,44.95193],[5.12596,44.95426],[5.13577,44.96124],[5.12658,44.96716],[5.10881,44.9631],[5.09012,44.96852],[5.09115,44.9745],[5.08434,44.97285]]]},"properties":{"code_territoire":"iris260490000","libelle_territoire":"Bésayes (commune non irisée)"}},
{"type":"Feature","geometry":{"type":"Polygon","coordinates":[[[5.30339,44.3096],[5.32298,44.31159],[5.33066,44.30983],[5.33817,44.3106],[5.35671,44.31658],[5.35593,44.31899],[5.34713,44.31904],[5.34472,44.32051],[5.34267,44.32596],[5.33839,44.32944],[5.33542,44.32909],[5.33582,44.33077],[5.3146,44.33299],[5.30786,44.32986],[5.30202,44.33073],[5.29595,44.32209],[5.29619,44.30973],[5.30339,44.3096]]]},"properties":{"code_territoire":"iris260500000","libelle_territoire":"Bésignan (commune non irisée)"}},
{"type":"Feature","geometry":{"type":"Polygon","coordinates":[[[5.18817,44.59245],[5.20929,44.6129],[5.20028,44.61511],[5.19886,44.62467],[5.20282,44.62914],[5.19907,44.63406],[5.18291,44.63229],[5.16908,44.63453],[5.15579,44.62688],[5.14836,44.615],[5.14673,44.60486],[5.14757,44.59723],[5.15454,44.59566],[5.15937,44.58973],[5.16482,44.58794],[5.18817,44.59245]]]},"properties":{"code_territoire":"iris260510000","libelle_territoire":"Bézaudun-sur-Bîne (commune non irisée)"}},
{"type":"Feature","geometry":{"type":"Polygon","coordinates":[[[4.85244,44.58667],[4.84941,44.57943],[4.85345,44.5758],[4.85279,44.57011],[4.8645,44.56735],[4.86762,44.56786],[4.86574,44.57038],[4.86802,44.57528],[4.86652,44.57854],[4.86968,44.58135],[4.87473,44.58079],[4.87781,44.58716],[4.8856,44.5928],[4.88509,44.59791],[4.88221,44.5984],[4.88676,44.60631],[4.87069,44.60642],[4.86553,44.59617],[4.8661,44.59286],[4.85821,44.59149],[4.8549,44.58596],[4.85244,44.58667]]]},"properties":{"code_territoire":"iris260520000","libelle_territoire":"Bonlieu-sur-Roubion (commune non irisée)"}},
{"type":"Feature","geometry":{"type":"Polygon","coordinates":[[[4.89831,44.27852],[4.90485,44.27993],[4.90493,44.28796],[4.91273,44.28751],[4.91552,44.30154],[4.91927,44.30359],[4.92191,44.30865],[4.88928,44.30404],[4.88146,44.30441],[4.86662,44.31134],[4.85472,44.31442],[4.84927,44.31306],[4.84504,44.30767],[4.8509,44.30081],[4.85187,44.29623],[4.85765,44.29433],[4.8663,44.29591],[4.86731,44.29121],[4.8805,44.28745],[4.8873,44.2879],[4.88393,44.28393],[4.89831,44.27852]]]},"properties":{"code_territoire":"iris260540000","libelle_territoire":"Bouchet (commune non irisée)"}},
{"type":"Feature","geometry":{"type":"Polygon","coordinates":[[[5.53801,44.61711],[5.54049,44.60985],[5.54757,44.61004],[5.55861,44.61328],[5.56597,44.60995],[5.57215,44.61159],[5.58045,44.60846],[5.58539,44.60435],[5.59408,44.60533],[5.6002,44.61006],[5.61865,44.60509],[5.6208,44.60219],[5.61679,44.6],[5.61793,44.59772],[5.62748,44.59497],[5.63083,44.59652],[5.63657,44.60454],[5.63513,44.60902],[5.64619,44.60938],[5.64963,44.61788],[5.64314,44.62215],[5.63927,44.63504],[5.64165,44.63829],[5.64012,44.64799],[5.64168,44.65141],[5.62777,44.65098],[5.6194,44.65783],[5.6181,44.66156],[5.60128,44.66258],[5.59103,44.66899],[5.5688,44.67459],[5.56458,44.67709],[5.55444,44.66902],[5.54695,44.66567],[5.53514,44.67224],[5.53548,44.67465],[5.53188,44.67605],[5.52429,44.67136],[5.52377,44.66754],[5.52023,44.66414],[5.52457,44.65065],[5.5213,44.64279],[5.53427,44.63811],[5.53462,44.63631],[5.54351,44.63214],[5.54592,44.62379],[5.53801,44.61711]]]},"properties":{"code_territoire":"iris260550000","libelle_territoire":"Boulc (commune non irisée)"}},
{"type":"Feature","geometry":{"type":"Polygon","coordinates":[[[5.10416,44.57309],[5.11047,44.57259],[5.11601,44.56963],[5.12111,44.57053],[5.12232,44.56789],[5.11767,44.55944],[5.12652,44.55479],[5.12827,44.56006],[5.13894,44.56714],[5.14244,44.56051],[5.15159,44.55106],[5.15656,44.55019],[5.16066,44.55473],[5.15809,44.55618],[5.15769,44.56388],[5.16103,44.5658],[5.15859,44.56898],[5.15946,44.57102],[5.16593,44.57352],[5.1716,44.57307],[5.17858,44.56931],[5.18115,44.57113],[5.19512,44.56833],[5.19873,44.56369],[5.20442,44.56395],[5.2105,44.5606],[5.22047,44.55727],[5.22374,44.55982],[5.22908,44.56053],[5.22811,44.57187],[5.22615,44.57547],[5.22259,44.56318],[5.21031,44.56137],[5.19767,44.57341],[5.18238,44.57688],[5.19108,44.58499],[5.18817,44.59245],[5.16482,44.58794],[5.15937,44.58973],[5.15454,44.59566],[5.14757,44.59723],[5.14673,44.60486],[5.14058,44.60857],[5.13472,44.60803],[5.12875,44.60244],[5.12162,44.60011],[5.12265,44.59195],[5.11434,44.5863],[5.11154,44.58018],[5.10795,44.58018],[5.105,44.57876],[5.10416,44.57309]]]},"properties":{"code_territoire":"iris260560000","libelle_territoire":"Bourdeaux (commune non irisée)"}},
{"type":"Feature","geometry":{"type":"Polygon","coordinates":[[[5.04442,45.03042],[5.04739,45.03062],[5.05021,45.04011],[5.04535,45.04042],[5.04301,45.03671],[5.04442,45.03042]]]},"properties":{"code_territoire":"iris260570101","libelle_territoire":"Le Bourg"}},
{"type":"Feature","geometry":{"type":"Polygon","coordinates":[[[5.04855,45.0417],[5.044,45.04034],[5.04301,45.03671],[5.04535,45.04042],[5.05021,45.04011],[5.04739,45.03062],[5.05143,45.0327],[5.05836,45.03169],[5.05622,45.03324],[5.05728,45.03477],[5.06079,45.03381],[5.0636,45.03687],[5.06584,45.03595],[5.06434,45.04012],[5.05635,45.04124],[5.04855,45.0417]]]},"properties":{"code_territoire":"iris260570102","libelle_territoire":"La Parisière"}},
{"type":"Feature","geometry":{"type":"MultiPolygon","coordinates":[[[[5.06321,45.00511],[5.08163,45.0159],[5.07668,45.02219],[5.0602,45.02142],[5.06321,45.00511]]],[[[5.07045,45.02785],[5.06864,45.02866],[5.06902,45.03456],[5.06584,45.03595],[5.0636,45.03687],[5.06079,45.03381],[5.05728,45.03477],[5.05622,45.03324],[5.05836,45.03169],[5.06349,45.02618],[5.06993,45.02619],[5.07045,45.02785]]]]},"properties":{"code_territoire":"iris260570103","libelle_territoire":"Goubetière Bayannins"}},
{"type":"Feature","geometry":{"type":"Polygon","coordinates":[[[5.07045,45.02785],[5.06993,45.02619],[5.06349,45.02618],[5.05836,45.03169],[5.05143,45.0327],[5.04739,45.03062],[5.04442,45.03042],[5.04348,45.02917],[5.04473,45.02694],[5.01683,45.00935],[5.01851,45.00333],[5.05382,44.99616],[5.06321,45.00511],[5.0602,45.02142],[5.07668,45.02219],[5.07425,45.02667],[5.07045,45.02785]]]},"properties":{"code_territoire":"iris260570104","libelle_territoire":"Maladière Petite Ardoise"}},
{"type":"Feature","geometry":{"type":"Polygon","coordinates":[[[4.85331,44.97832],[4.86173,44.96422],[4.87596,44.95506],[4.8864,44.93624],[4.88896,44.936],[4.89045,44.9434],[4.89299,44.94322],[4.89248,44.94865],[4.88933,44.95823],[4.88207,44.97998],[4.86026,44.98389],[4.85331,44.97832]]]},"properties":{"code_territoire":"iris260580101","libelle_territoire":"Chirouzes"}},
{"type":"Feature","geometry":{"type":"Polygon","coordinates":[[[4.89661,44.93786],[4.8952,44.94121],[4.89473,44.94261],[4.89248,44.94865],[4.89299,44.94322],[4.89045,44.9434],[4.88896,44.936],[4.89339,44.93723],[4.89568,44.9371],[4.89646,44.93769],[4.89661,44.93786]]]},"properties":{"code_territoire":"iris260580102","libelle_territoire":"Vieux Bourg"}},
{"type":"Feature","geometry":{"type":"Polygon","coordinates":[[[4.89473,44.94261],[4.89764,44.945],[4.89607,44.94585],[4.89993,44.95371],[4.90062,44.95547],[4.90092,44.95808],[4.8956,44.96252],[4.88933,44.95823],[4.89248,44.94865],[4.89473,44.94261]]]},"properties":{"code_territoire":"iris260580201","libelle_territoire":"Valentin"}},
{"type":"Feature","geometry":{"type":"Polygon","coordinates":[[[4.8952,44.94121],[4.90384,44.94878],[4.89993,44.95371],[4.89607,44.94585],[4.89764,44.945],[4.89473,44.94261],[4.8952,44.94121]]]},"properties":{"code_territoire":"iris260580202","libelle_territoire":"Jean Moulin"}},
{"type":"Feature","geometry":{"type":"Polygon","coordinates":[[[4.91957,44.95023],[4.91884,44.95149],[4.90384,44.94878],[4.8952,44.94121],[4.89661,44.93786],[4.90456,44.94261],[4.91122,44.94824],[4.91957,44.95023]]]},"properties":{"code_territoire":"iris260580203","libelle_territoire":"Chony"}},
{"type":"Feature","geometry":{"type":"Polygon","coordinates":[[[4.88207,44.97998],[4.88933,44.95823],[4.8956,44.96252],[4.90882,44.9605],[4.91467,44.95677],[4.91896,44.95768],[4.92519,44.96117],[4.92664,44.96661],[4.91846,44.96703],[4.92569,44.97141],[4.91686,44.97514],[4.92667,44.98249],[4.91089,44.99154],[4.89004,44.97698],[4.88207,44.97998]]]},"properties":{"code_territoire":"iris260580301","libelle_territoire":"Zone Rurale"}},
{"type":"Feature","geometry":{"type":"Polygon","coordinates":[[[4.91896,44.95768],[4.91467,44.95677],[4.90653,44.95713],[4.90062,44.95547],[4.89993,44.95371],[4.90384,44.94878],[4.91884,44.95149],[4.91957,44.95023],[4.92584,44.9547],[4.91896,44.95768]]]},"properties":{"code_territoire":"iris260580302","libelle_territoire":"Bellevue"}},
{"type":"Feature","geometry":{"type":"Polygon","coordinates":[[[4.90062,44.95547],[4.90653,44.95713],[4.91467,44.95677],[4.90882,44.9605],[4.8956,44.96252],[4.90092,44.95808],[4.90062,44.95547]]]},"properties":{"code_territoire":"iris260580303","libelle_territoire":"Allet"}},
{"type":"Feature","geometry":{"type":"Polygon","coordinates":[[[5.2956,44.9861],[5.28998,44.97728],[5.27293,44.97771],[5.26968,44.97869],[5.26745,44.98329],[5.26454,44.98258],[5.25788,44.97829],[5.25542,44.96554],[5.24761,44.96144],[5.24418,44.94828],[5.2467,44.94141],[5.24311,44.93603],[5.24678,44.93516],[5.24838,44.92759],[5.24369,44.9171],[5.23146,44.9],[5.24006,44.89477],[5.2469,44.89696],[5.25005,44.90361],[5.25307,44.90088],[5.26238,44.90299],[5.2925,44.89421],[5.29708,44.90058],[5.30378,44.90395],[5.30526,44.90113],[5.30955,44.89951],[5.31181,44.89437],[5.31949,44.89197],[5.32554,44.8801],[5.33761,44.88204],[5.34246,44.87935],[5.34405,44.88905],[5.3574,44.90847],[5.36048,44.91801],[5.36743,44.92405],[5.36486,44.93206],[5.36713,44.93417],[5.36241,44.94416],[5.36533,44.94926],[5.36663,44.96684],[5.35534,44.96707],[5.35364,44.96569],[5.34867,44.96811],[5.34312,44.96542],[5.34401,44.97502],[5.33587,44.97644],[5.32324,44.97826],[5.31544,44.9821],[5.2956,44.9861]]]},"properties":{"code_territoire":"iris260590000","libelle_territoire":"Bouvante (commune non irisée)"}},
{"type":"Feature","geometry":{"type":"Polygon","coordinates":[[[4.85576,45.14128],[4.85452,45.1386],[4.85048,45.13799],[4.8418,45.13956],[4.83835,45.13366],[4.83305,45.13429],[4.83358,45.13192],[4.82956,45.13193],[4.82424,45.12808],[4.804,45.12918],[4.80424,45.12251],[4.81471,45.1115],[4.81987,45.1135],[4.82193,45.11165],[4.83243,45.11942],[4.83815,45.12078],[4.83871,45.12284],[4.84331,45.1214],[4.84502,45.12439],[4.8472,45.12258],[4.85045,45.1262],[4.86136,45.12629],[4.8668,45.12605],[4.86516,45.13044],[4.86683,45.13723],[4.85952,45.14029],[4.85576,45.14128]]]},"properties":{"code_territoire":"iris261190000","libelle_territoire":"Érôme (commune non irisée)"}},
{"type":"Feature","geometry":{"type":"Polygon","coordinates":[[[5.2105,44.5606],[5.20772,44.5565],[5.2068,44.54814],[5.19776,44.54278],[5.1901,44.53103],[5.18761,44.52375],[5.19836,44.52105],[5.19661,44.50683],[5.20608,44.49931],[5.20151,44.49622],[5.20777,44.4945],[5.21171,44.49582],[5.21318,44.49994],[5.22275,44.49833],[5.23903,44.48672],[5.24187,44.47926],[5.24935,44.48164],[5.25036,44.48445],[5.25621,44.48809],[5.25342,44.4904],[5.25228,44.49409],[5.25414,44.49728],[5.24918,44.50723],[5.24124,44.51026],[5.23776,44.52012],[5.24044,44.5208],[5.24163,44.52388],[5.238,44.5297],[5.22908,44.56053],[5.22374,44.55982],[5.22047,44.55727],[5.2105,44.5606]]]},"properties":{"code_territoire":"iris260600000","libelle_territoire":"Bouvières (commune non irisée)"}},
{"type":"Feature","geometry":{"type":"Polygon","coordinates":[[[4.91426,45.1546],[4.90689,45.14438],[4.92387,45.13488],[4.95426,45.12706],[4.95737,45.1259],[4.95876,45.12722],[4.96262,45.13733],[4.96848,45.14373],[4.9741,45.14561],[4.97456,45.15118],[4.97214,45.15292],[4.96766,45.15455],[4.9667,45.15896],[4.96418,45.15881],[4.96394,45.15555],[4.95903,45.15178],[4.95906,45.1474],[4.94721,45.15093],[4.94148,45.15445],[4.91731,45.15756],[4.91426,45.1546]]]},"properties":{"code_territoire":"iris260610000","libelle_territoire":"Bren (commune non irisée)"}},
{"type":"Feature","geometry":{"type":"Polygon","coordinates":[[[5.27967,44.59403],[5.2967,44.58852],[5.30195,44.58071],[5.30967,44.5765],[5.30943,44.57399],[5.31864,44.57078],[5.32232,44.5657],[5.32658,44.57089],[5.32752,44.57955],[5.33856,44.58597],[5.34419,44.58776],[5.35592,44.58665],[5.36372,44.58852],[5.37056,44.58802],[5.3711,44.59293],[5.36742,44.59859],[5.35422,44.6013],[5.35005,44.60483],[5.34081,44.60693],[5.33466,44.60473],[5.32452,44.60471],[5.31461,44.60934],[5.30755,44.6069],[5.30899,44.6029],[5.3056,44.59953],[5.29842,44.59832],[5.28466,44.60105],[5.27967,44.59403]]]},"properties":{"code_territoire":"iris260620000","libelle_territoire":"Brette (commune non irisée)"}},
{"type":"Feature","geometry":{"type":"Polygon","coordinates":[[[5.25674,44.23003],[5.26707,44.24012],[5.27201,44.24809],[5.28265,44.24983],[5.29208,44.25586],[5.30544,44.25516],[5.3114,44.2568],[5.30199,44.26638],[5.29034,44.26791],[5.2878,44.27125],[5.28718,44.28],[5.28846,44.28267],[5.29657,44.28319],[5.29886,44.28635],[5.30346,44.28726],[5.30561,44.28557],[5.3144,44.28651],[5.32445,44.28479],[5.32487,44.28896],[5.30781,44.29173],[5.30966,44.29656],[5.30559,44.29826],[5.30339,44.3096],[5.29619,44.30973],[5.28196,44.30756],[5.28215,44.31063],[5.27766,44.31271],[5.27174,44.31113],[5.26647,44.30676],[5.25624,44.30791],[5.25763,44.3056],[5.24812,44.30412],[5.24745,44.2978],[5.2429,44.2976],[5.24291,44.29425],[5.2398,44.29191],[5.23772,44.28664],[5.24244,44.27849],[5.23691,44.26801],[5.24075,44.26556],[5.24829,44.23107],[5.25674,44.23003]]]},"properties":{"code_territoire":"iris260630000","libelle_territoire":"Buis-les-Baronnies (commune non irisée)"}},
{"type":"Feature","geometry":{"type":"Polygon","coordinates":[[[4.79817,44.53897],[4.79487,44.53344],[4.79871,44.53274],[4.79813,44.53167],[4.80497,44.52606],[4.82469,44.49775],[4.83944,44.49022],[4.84118,44.49469],[4.83979,44.50797],[4.83605,44.5112],[4.84022,44.53352],[4.83069,44.53536],[4.82471,44.54154],[4.81963,44.54063],[4.8176,44.54374],[4.80679,44.54594],[4.80594,44.53704],[4.79817,44.53897]]]},"properties":{"code_territoire":"iris261210000","libelle_territoire":"Espeluche (commune non irisée)"}},
{"type":"Feature","geometry":{"type":"Polygon","coordinates":[[[5.23082,44.71795],[5.21277,44.71059],[5.2129,44.69765],[5.21536,44.6957],[5.21187,44.69343],[5.21161,44.68949],[5.21594,44.68879],[5.21711,44.68304],[5.21496,44.67774],[5.21219,44.67696],[5.21405,44.66966],[5.22001,44.66775],[5.22617,44.66877],[5.23316,44.66326],[5.24358,44.66076],[5.25315,44.66632],[5.26147,44.67957],[5.26168,44.68228],[5.25856,44.68485],[5.26116,44.689],[5.25893,44.69808],[5.24366,44.69575],[5.23776,44.68969],[5.2313,44.69939],[5.23251,44.71494],[5.23082,44.71795]]]},"properties":{"code_territoire":"iris261220000","libelle_territoire":"Espenel (commune non irisée)"}},
{"type":"Feature","geometry":{"type":"Polygon","coordinates":[[[5.4107,44.50906],[5.41904,44.50252],[5.42618,44.4965],[5.42421,44.49234],[5.42569,44.4888],[5.43246,44.49135],[5.43668,44.48219],[5.4524,44.47726],[5.45897,44.48851],[5.45703,44.49619],[5.45842,44.49939],[5.47089,44.50018],[5.47306,44.50231],[5.4583,44.50808],[5.45606,44.51297],[5.45867,44.51604],[5.45739,44.51923],[5.45158,44.51808],[5.4504,44.51927],[5.43821,44.51614],[5.42012,44.52038],[5.41262,44.51669],[5.41029,44.51726],[5.4107,44.50906]]]},"properties":{"code_territoire":"iris261230000","libelle_territoire":"Establet (commune non irisée)"}},
{"type":"Feature","geometry":{"type":"Polygon","coordinates":[[[4.97208,44.90973],[4.97659,44.92098],[4.97837,44.92031],[4.9756,44.92329],[4.98767,44.92217],[4.98697,44.91898],[4.99186,44.91816],[4.9898,44.9117],[4.99222,44.90441],[5.00788,44.90288],[5.00966,44.89694],[5.01456,44.89966],[5.01849,44.89953],[5.02795,44.90741],[5.0348,44.90879],[5.04316,44.91631],[5.03613,44.92314],[5.02137,44.92721],[5.00143,44.92926],[4.99812,44.93253],[4.97558,44.9383],[4.96638,44.93816],[4.95714,44.94089],[4.95009,44.93991],[4.94681,44.93579],[4.94661,44.92457],[4.94109,44.92616],[4.9377,44.92042],[4.97208,44.90973]]]},"properties":{"code_territoire":"iris260640101","libelle_territoire":"Nord"}},
{"type":"Feature","geometry":{"type":"Polygon","coordinates":[[[5.06985,44.88502],[5.06514,44.88924],[5.06668,44.89114],[5.06481,44.8922],[5.05742,44.89081],[5.05828,44.89271],[5.05994,44.89222],[5.06057,44.896],[5.05751,44.90308],[5.06328,44.90386],[5.06406,44.90624],[5.05705,44.90877],[5.05974,44.91792],[5.05378,44.92128],[5.04316,44.91631],[5.0348,44.90879],[5.02795,44.90741],[5.01849,44.89953],[5.01456,44.89966],[5.00966,44.89694],[5.00788,44.90288],[4.99222,44.90441],[4.9898,44.9117],[4.99186,44.91816],[4.98697,44.91898],[4.98767,44.92217],[4.9756,44.92329],[4.97837,44.92031],[4.97659,44.92098],[4.97208,44.90973],[4.98192,44.90854],[4.97886,44.89887],[4.9832,44.89842],[4.98137,44.89609],[4.98293,44.89522],[4.97969,44.89341],[4.97743,44.88564],[4.99283,44.88248],[5.00395,44.88436],[5.01249,44.87913],[5.01599,44.8818],[5.02112,44.88096],[5.02399,44.88275],[5.03505,44.87673],[5.03666,44.87806],[5.05212,44.88502],[5.0568,44.88233],[5.06043,44.88377],[5.06749,44.88058],[5.06816,44.88162],[5.06985,44.88502]]]},"properties":{"code_territoire":"iris260640102","libelle_territoire":"Sud"}},
{"type":"Feature","geometry":{"type":"Polygon","coordinates":[[[4.9443,44.7414],[4.9386,44.72474],[4.93539,44.72302],[4.93459,44.71995],[4.93981,44.71504],[4.93422,44.70422],[4.93663,44.6981],[4.93913,44.69732],[4.94646,44.69027],[4.95452,44.68909],[4.96866,44.69699],[4.98927,44.69284],[4.9863,44.70088],[4.99001,44.71169],[4.98317,44.71371],[4.98413,44.71722],[4.97951,44.72463],[4.97947,44.73157],[4.96143,44.73454],[4.94456,44.74127],[4.9443,44.7414]]]},"properties":{"code_territoire":"iris260650000","libelle_territoire":"Chabrillan (commune non irisée)"}},
{"type":"Feature","geometry":{"type":"Polygon","coordinates":[[[4.85686,44.86938],[4.84469,44.85798],[4.84486,44.8486],[4.84162,44.84315],[4.82107,44.83819],[4.81968,44.83323],[4.82246,44.8174],[4.81023,44.81623],[4.80449,44.81248],[4.79985,44.813],[4.80093,44.8063],[4.81901,44.81173],[4.82166,44.81004],[4.82826,44.81048],[4.83196,44.81301],[4.8505,44.80668],[4.85094,44.80988],[4.85628,44.80904],[4.86152,44.82545],[4.86762,44.82127],[4.87208,44.81479],[4.87736,44.81139],[4.88371,44.81077],[4.89066,44.80272],[4.89287,44.80362],[4.89653,44.80113],[4.9011,44.81131],[4.92352,44.81486],[4.93492,44.81897],[4.94343,44.81749],[4.94243,44.8207],[4.95039,44.82241],[4.94496,44.82757],[4.94237,44.83426],[4.93578,44.83298],[4.9319,44.83531],[4.92449,44.83527],[4.91778,44.83872],[4.91255,44.84312],[4.91388,44.84424],[4.91096,44.84767],[4.89786,44.84789],[4.8875,44.85189],[4.8883,44.85291],[4.88856,44.85671],[4.87885,44.8566],[4.87158,44.85775],[4.86988,44.86241],[4.8668,44.86197],[4.85686,44.86938]]]},"properties":{"code_territoire":"iris261240000","libelle_territoire":"Étoile-sur-Rhône (commune non irisée)"}},
{"type":"Feature","geometry":{"type":"Polygon","coordinates":[[[4.95266,44.77146],[4.94882,44.76393],[4.95426,44.76231],[4.94456,44.74127],[4.96143,44.73454],[4.97947,44.73157],[4.98001,44.73153],[4.99048,44.74522],[5.00317,44.75478],[5.00306,44.75679],[5.00569,44.76745],[5.00124,44.76911],[5.00668,44.77427],[5.00356,44.77771],[5.00033,44.77833],[5.00019,44.78107],[4.99242,44.78451],[4.98453,44.77915],[4.9746,44.7776],[4.97062,44.77927],[4.96,44.77621],[4.95266,44.77146]]]},"properties":{"code_territoire":"iris261250000","libelle_territoire":"Eurre (commune non irisée)"}},
{"type":"Feature","geometry":{"type":"Polygon","coordinates":[[[5.60933,44.1907],[5.62098,44.19488],[5.62039,44.19743],[5.61094,44.21015],[5.61272,44.21986],[5.60967,44.21969],[5.61145,44.23009],[5.60916,44.2346],[5.61136,44.23716],[5.61709,44.23854],[5.60831,44.24198],[5.61034,44.24509],[5.61828,44.24875],[5.61649,44.25393],[5.6109,44.2504],[5.60409,44.25008],[5.59703,44.24464],[5.58604,44.24767],[5.56075,44.24989],[5.56682,44.24362],[5.56651,44.24065],[5.57596,44.23969],[5.57643,44.23732],[5.58615,44.23212],[5.58445,44.22784],[5.58013,44.22665],[5.57932,44.22289],[5.57096,44.2234],[5.57359,44.21864],[5.57156,44.21689],[5.56879,44.21757],[5.56458,44.21318],[5.56529,44.20847],[5.57972,44.20782],[5.58146,44.2004],[5.59897,44.19479],[5.602,44.19166],[5.60933,44.1907]]]},"properties":{"code_territoire":"iris261260000","libelle_territoire":"Eygalayes (commune non irisée)"}},
{"type":"Feature","geometry":{"type":"Polygon","coordinates":[[[5.16124,44.88734],[5.15646,44.88259],[5.15293,44.87452],[5.16089,44.87602],[5.15798,44.86697],[5.15772,44.85056],[5.16321,44.84938],[5.16702,44.8497],[5.16387,44.85274],[5.17062,44.85734],[5.17948,44.85988],[5.18124,44.86015],[5.18581,44.85346],[5.19079,44.85285],[5.1915,44.85591],[5.18878,44.85891],[5.1893,44.87626],[5.19938,44.87642],[5.20319,44.86691],[5.20645,44.86796],[5.20955,44.88405],[5.19985,44.88469],[5.19787,44.88349],[5.19489,44.88667],[5.19373,44.89509],[5.19001,44.89313],[5.19208,44.89661],[5.17813,44.888],[5.17351,44.88768],[5.17228,44.8855],[5.16124,44.88734]]]},"properties":{"code_territoire":"iris260660000","libelle_territoire":"Le Chaffal (commune non irisée)"}},
{"type":"Feature","geometry":{"type":"Polygon","coordinates":[[[5.32081,44.54425],[5.31816,44.54193],[5.31829,44.53825],[5.31025,44.54031],[5.30499,44.53939],[5.29447,44.54735],[5.28386,44.54923],[5.28483,44.54116],[5.28275,44.5401],[5.28286,44.5352],[5.28603,44.5244],[5.28803,44.51911],[5.29004,44.51858],[5.29235,44.52191],[5.29318,44.51789],[5.30633,44.51053],[5.30945,44.51085],[5.32102,44.50647],[5.32334,44.50946],[5.33364,44.49954],[5.34464,44.49501],[5.35047,44.48993],[5.36403,44.49804],[5.36475,44.50392],[5.36944,44.50519],[5.3716,44.51111],[5.36877,44.51922],[5.37486,44.52081],[5.37926,44.52534],[5.38252,44.53582],[5.38152,44.5626],[5.36,44.5589],[5.35223,44.5519],[5.33879,44.54387],[5.32671,44.54208],[5.32081,44.54425]]]},"properties":{"code_territoire":"iris260670000","libelle_territoire":"Chalancon (commune non irisée)"}},
{"type":"Feature","geometry":{"type":"Polygon","coordinates":[[[5.05716,45.15777],[5.06371,45.1548],[5.0704,45.14649],[5.07761,45.14602],[5.08005,45.14385],[5.08706,45.14121],[5.08834,45.13893],[5.09537,45.14041],[5.09777,45.14254],[5.10863,45.14602],[5.11244,45.15194],[5.11405,45.16132],[5.10398,45.16474],[5.10095,45.16795],[5.09642,45.16747],[5.09189,45.16923],[5.08689,45.16741],[5.08615,45.16387],[5.07497,45.16148],[5.07255,45.15897],[5.0667,45.16237],[5.06365,45.16127],[5.06163,45.16237],[5.05637,45.15956],[5.05716,45.15777]]]},"properties":{"code_territoire":"iris260680000","libelle_territoire":"Le Chalon (commune non irisée)"}},
{"type":"Feature","geometry":{"type":"Polygon","coordinates":[[[5.36869,44.82298],[5.35868,44.80333],[5.35798,44.7884],[5.35966,44.78448],[5.36743,44.78424],[5.37367,44.78011],[5.38643,44.78504],[5.39254,44.78214],[5.39938,44.783],[5.39815,44.79608],[5.39997,44.79959],[5.40864,44.80467],[5.41066,44.81533],[5.41687,44.82595],[5.41385,44.83186],[5.40847,44.83085],[5.40442,44.83235],[5.40113,44.83995],[5.39426,44.84593],[5.3795,44.84627],[5.36869,44.82298]]]},"properties":{"code_territoire":"iris260690000","libelle_territoire":"Chamaloc (commune non irisée)"}},
{"type":"Feature","geometry":{"type":"Polygon","coordinates":[[[4.89963,44.39562],[4.89699,44.39841],[4.89696,44.40514],[4.86589,44.40741],[4.85574,44.40665],[4.85602,44.40392],[4.85006,44.40214],[4.85036,44.39772],[4.85223,44.39754],[4.84697,44.39434],[4.85125,44.39276],[4.85025,44.39105],[4.85607,44.39266],[4.85804,44.39159],[4.86734,44.39598],[4.86796,44.38989],[4.87197,44.3843],[4.87825,44.38607],[4.87642,44.37326],[4.88249,44.37187],[4.88515,44.38057],[4.89002,44.38332],[4.89087,44.39074],[4.89963,44.39562]]]},"properties":{"code_territoire":"iris260700000","libelle_territoire":"Chamaret (commune non irisée)"}},
{"type":"Feature","geometry":{"type":"Polygon","coordinates":[[[4.93349,45.06948],[4.92407,45.06941],[4.9235,45.07104],[4.91883,45.07206],[4.91736,45.07533],[4.91024,45.07522],[4.91037,45.0643],[4.88698,45.03951],[4.90171,45.04113],[4.9312,45.05387],[4.93953,45.05157],[4.94618,45.0524],[4.94196,45.0557],[4.94073,45.06811],[4.93349,45.06948]]]},"properties":{"code_territoire":"iris260710000","libelle_territoire":"Chanos-Curson (commune non irisée)"}},
{"type":"Feature","geometry":{"type":"Polygon","coordinates":[[[4.86683,45.13723],[4.86516,45.13044],[4.8668,45.12605],[4.87016,45.10661],[4.87421,45.09673],[4.87916,45.09523],[4.88068,45.09995],[4.88555,45.10452],[4.89255,45.10121],[4.89867,45.10108],[4.90357,45.10825],[4.91429,45.1088],[4.91337,45.11556],[4.90688,45.14433],[4.90049,45.1457],[4.89558,45.14917],[4.86683,45.13723]]]},"properties":{"code_territoire":"iris260720000","libelle_territoire":"Chantemerle-les-Blés (commune non irisée)"}},
{"type":"Feature","geometry":{"type":"Polygon","coordinates":[[[4.83843,44.38692],[4.85025,44.39105],[4.85125,44.39276],[4.84697,44.39434],[4.85223,44.39754],[4.85036,44.39772],[4.85006,44.40214],[4.85602,44.40392],[4.85574,44.40665],[4.85738,44.42258],[4.8544,44.42277],[4.85116,44.42005],[4.84103,44.41936],[4.83653,44.42011],[4.82677,44.41575],[4.81207,44.41646],[4.81407,44.40662],[4.81075,44.40277],[4.81557,44.40169],[4.81347,44.39838],[4.81104,44.39506],[4.82293,44.39149],[4.8295,44.39241],[4.83843,44.38692]]]},"properties":{"code_territoire":"iris260730000","libelle_territoire":"Chantemerle-lès-Grignan (commune non irisée)"}},
{"type":"Feature","geometry":{"type":"Polygon","coordinates":[[[5.48835,44.98966],[5.44455,44.99279],[5.44138,44.99372],[5.44059,44.99883],[5.43689,45.00119],[5.42717,45.00227],[5.42523,45.00444],[5.42239,45.00134],[5.41595,45.00583],[5.40043,45.00519],[5.39309,45.00771],[5.38605,45.00743],[5.38356,45.0035],[5.38052,45.00396],[5.37982,45.00233],[5.37342,44.96887],[5.36663,44.96684],[5.36533,44.94926],[5.36241,44.94416],[5.36713,44.93417],[5.38233,44.93318],[5.4026,44.92598],[5.41017,44.94948],[5.4163,44.95347],[5.42568,44.95506],[5.43186,44.96061],[5.4329,44.97133],[5.43741,44.97207],[5.45346,44.9686],[5.47768,44.96676],[5.48835,44.98966]]]},"properties":{"code_territoire":"iris260740000","libelle_territoire":"La Chapelle-en-Vercors (commune non irisée)"}},
{"type":"Feature","geometry":{"type":"Polygon","coordinates":[[[5.45897,44.48851],[5.4524,44.47726],[5.43668,44.48219],[5.4316,44.47826],[5.43315,44.47516],[5.43033,44.47142],[5.42063,44.46736],[5.41604,44.45913],[5.44004,44.45279],[5.44614,44.4543],[5.45442,44.45118],[5.46395,44.45214],[5.46419,44.45739],[5.46095,44.45985],[5.4591,44.46911],[5.46787,44.47294],[5.46544,44.48007],[5.4622,44.48172],[5.45897,44.48851]]]},"properties":{"code_territoire":"iris260750000","libelle_territoire":"La Charce (commune non irisée)"}},
{"type":"Feature","geometry":{"type":"Polygon","coordinates":[[[5.50197,44.56764],[5.49432,44.56709],[5.48995,44.56326],[5.4901,44.55638],[5.49497,44.55128],[5.49421,44.54331],[5.49123,44.53645],[5.48884,44.53535],[5.49409,44.53056],[5.49611,44.52319],[5.51268,44.51857],[5.52679,44.52612],[5.5304,44.54614],[5.52869,44.5521],[5.52541,44.5529],[5.51249,44.56375],[5.50298,44.5679],[5.50197,44.56764]]]},"properties":{"code_territoire":"iris260760000","libelle_territoire":"Charens (commune non irisée)"}},
{"type":"Feature","geometry":{"type":"Polygon","coordinates":[[[5.0081,45.13187],[5.01639,45.13818],[5.02819,45.14045],[5.03759,45.15027],[5.04005,45.15661],[5.04732,45.15762],[5.04431,45.1645],[5.04075,45.16634],[5.03961,45.1643],[5.0342,45.1672],[5.02116,45.16743],[5.01743,45.18624],[5.01055,45.18562],[5.00798,45.16794],[4.99869,45.17019],[4.98434,45.16731],[4.98528,45.16091],[4.99271,45.15985],[5.0081,45.13187]]]},"properties":{"code_territoire":"iris260770000","libelle_territoire":"Charmes-sur-l'Herbasse (commune non irisée)"}},
{"type":"Feature","geometry":{"type":"Polygon","coordinates":[[[4.93495,44.59264],[4.93544,44.57482],[4.93903,44.57206],[4.94217,44.57483],[4.95543,44.58013],[4.96386,44.57843],[4.97275,44.58278],[4.9727,44.58828],[4.96897,44.5943],[4.97263,44.59843],[4.974,44.60534],[4.95392,44.60413],[4.94565,44.60421],[4.95107,44.59475],[4.94738,44.59515],[4.94776,44.59232],[4.93495,44.59264]]]},"properties":{"code_territoire":"iris260780000","libelle_territoire":"Charols (commune non irisée)"}},
{"type":"Feature","geometry":{"type":"Polygon","coordinates":[[[5.08699,44.9226],[5.09776,44.92247],[5.09994,44.92002],[5.10789,44.92415],[5.10546,44.92927],[5.10759,44.93408],[5.10127,44.93686],[5.10381,44.93762],[5.10073,44.94005],[5.10436,44.94057],[5.10618,44.94599],[5.10926,44.94663],[5.107,44.95175],[5.10889,44.95301],[5.1077,44.95471],[5.09795,44.95569],[5.09282,44.95801],[5.07991,44.95776],[5.06668,44.96044],[5.05467,44.96642],[5.04714,44.96798],[5.04434,44.96016],[5.04227,44.9577],[5.05478,44.9539],[5.05621,44.94914],[5.05287,44.94427],[5.0587,44.93717],[5.06993,44.92924],[5.06858,44.92591],[5.07755,44.92566],[5.0841,44.92186],[5.08699,44.9226]]]},"properties":{"code_territoire":"iris260790000","libelle_territoire":"Charpey (commune non irisée)"}},
{"type":"Feature","geometry":{"type":"Polygon","coordinates":[[[5.28063,44.21972],[5.28547,44.22581],[5.28408,44.2276],[5.28662,44.23227],[5.30149,44.24416],[5.31865,44.25403],[5.31646,44.25613],[5.31276,44.2552],[5.3114,44.2568],[5.30544,44.25516],[5.29208,44.25586],[5.28265,44.24983],[5.27201,44.24809],[5.26707,44.24012],[5.25674,44.23003],[5.28063,44.21972]]]},"properties":{"code_territoire":"iris261270000","libelle_territoire":"Eygaliers (commune non irisée)"}},
{"type":"Feature","geometry":{"type":"Polygon","coordinates":[[[5.24103,44.83264],[5.23797,44.83799],[5.23364,44.83392],[5.22401,44.83384],[5.2187,44.8305],[5.21142,44.82428],[5.20504,44.8117],[5.18689,44.80969],[5.17415,44.80374],[5.16058,44.79572],[5.16068,44.79319],[5.16181,44.79084],[5.16556,44.79144],[5.17006,44.7856],[5.18214,44.7855],[5.18343,44.78374],[5.18662,44.78323],[5.18761,44.77659],[5.1908,44.77755],[5.19453,44.77225],[5.19528,44.76639],[5.20619,44.7681],[5.20663,44.77069],[5.22067,44.76831],[5.23113,44.76891],[5.23152,44.7792],[5.22667,44.78622],[5.23571,44.7914],[5.23811,44.79498],[5.23533,44.80223],[5.24287,44.81837],[5.24103,44.83264]]]},"properties":{"code_territoire":"iris261280000","libelle_territoire":"Eygluy-Escoulin (commune non irisée)"}},
{"type":"Feature","geometry":{"type":"Polygon","coordinates":[[[5.16244,45.04832],[5.19223,45.05501],[5.20072,45.06189],[5.2035,45.06417],[5.20078,45.06593],[5.20345,45.07366],[5.21017,45.08157],[5.21353,45.08268],[5.20773,45.08414],[5.18228,45.08463],[5.17305,45.07614],[5.17074,45.06847],[5.16262,45.06559],[5.16061,45.0541],[5.1559,45.05176],[5.14663,45.05239],[5.14102,45.05065],[5.14406,45.04961],[5.16244,45.04832]]]},"properties":{"code_territoire":"iris261290000","libelle_territoire":"Eymeux (commune non irisée)"}},
{"type":"Feature","geometry":{"type":"Polygon","coordinates":[[[5.19996,44.64248],[5.20578,44.64515],[5.22619,44.64519],[5.232,44.64698],[5.23877,44.64421],[5.24037,44.64898],[5.24635,44.65666],[5.24358,44.66076],[5.23316,44.66326],[5.22617,44.66877],[5.22001,44.66775],[5.21405,44.66966],[5.21219,44.67696],[5.19585,44.67573],[5.19852,44.67344],[5.19519,44.67094],[5.18662,44.6767],[5.18018,44.6767],[5.18099,44.6596],[5.17833,44.6548],[5.18879,44.65081],[5.19588,44.6503],[5.20067,44.64599],[5.19996,44.64248]]]},"properties":{"code_territoire":"iris260800000","libelle_territoire":"Chastel-Arnaud (commune non irisée)"}},
{"type":"Feature","geometry":{"type":"Polygon","coordinates":[[[5.05974,44.91792],[5.05705,44.90877],[5.06406,44.90624],[5.06328,44.90386],[5.05751,44.90308],[5.06057,44.896],[5.05994,44.89222],[5.05828,44.89271],[5.05742,44.89081],[5.06481,44.8922],[5.06668,44.89114],[5.06514,44.88924],[5.06985,44.88502],[5.08022,44.88289],[5.1018,44.88488],[5.10626,44.88312],[5.11927,44.88232],[5.13008,44.88705],[5.13927,44.88346],[5.15646,44.88259],[5.16124,44.88734],[5.14661,44.8902],[5.13926,44.88858],[5.13336,44.88981],[5.12502,44.88929],[5.11799,44.89319],[5.10715,44.90584],[5.09815,44.90904],[5.08854,44.91653],[5.08699,44.9226],[5.0841,44.92186],[5.07755,44.92566],[5.06858,44.92591],[5.06487,44.92026],[5.05974,44.91792]]]},"properties":{"code_territoire":"iris260810000","libelle_territoire":"Châteaudouble (commune non irisée)"}},
{"type":"Feature","geometry":{"type":"Polygon","coordinates":[[[5.16892,44.31403],[5.17747,44.31813],[5.1805,44.32327],[5.18761,44.32573],[5.19296,44.3336],[5.19975,44.33718],[5.20043,44.35484],[5.19557,44.35561],[5.19365,44.35815],[5.17426,44.35963],[5.16352,44.3584],[5.16421,44.34647],[5.15956,44.33898],[5.148,44.33364],[5.14096,44.33639],[5.13552,44.33301],[5.1356,44.32984],[5.1302,44.3252],[5.13153,44.31963],[5.14991,44.32322],[5.15867,44.31705],[5.16137,44.31833],[5.16639,44.31485],[5.16892,44.31403]]]},"properties":{"code_territoire":"iris260820000","libelle_territoire":"Châteauneuf-de-Bordette (commune non irisée)"}},
{"type":"Feature","geometry":{"type":"Polygon","coordinates":[[[5.2355,44.40093],[5.23776,44.40123],[5.23874,44.40689],[5.24135,44.40705],[5.24278,44.40454],[5.24559,44.40676],[5.25161,44.41646],[5.25781,44.41525],[5.27634,44.42589],[5.27787,44.4278],[5.2753,44.43046],[5.27253,44.4296],[5.26812,44.43142],[5.25624,44.43194],[5.25796,44.42925],[5.25346,44.42643],[5.24085,44.4311],[5.23211,44.42314],[5.22136,44.41686],[5.21796,44.41823],[5.21529,44.41653],[5.22148,44.40642],[5.21934,44.40237],[5.2191,44.39905],[5.2234,44.39958],[5.23048,44.39738],[5.2355,44.40093]]]},"properties":{"code_territoire":"iris261300000","libelle_territoire":"Eyroles (commune non irisée)"}},
{"type":"Feature","geometry":{"type":"Polygon","coordinates":[[[5.01343,44.57185],[4.99735,44.56919],[4.987,44.57333],[4.98479,44.57262],[4.98343,44.56649],[4.98823,44.55616],[4.98255,44.55024],[4.99266,44.54541],[5.00272,44.55186],[5.00901,44.55248],[5.01376,44.55816],[5.02729,44.55796],[5.03022,44.56127],[5.02401,44.56902],[5.01343,44.57185]]]},"properties":{"code_territoire":"iris261310000","libelle_territoire":"Eyzahut (commune non irisée)"}},
{"type":"Feature","geometry":{"type":"Polygon","coordinates":[[[4.92353,45.23852],[4.91081,45.2334],[4.89596,45.22155],[4.89049,45.21377],[4.88916,45.21009],[4.91028,45.20648],[4.91364,45.2107],[4.92353,45.23852]]]},"properties":{"code_territoire":"iris261330000","libelle_territoire":"Fay-le-Clos (commune non irisée)"}},
{"type":"Feature","geometry":{"type":"Polygon","coordinates":[[[5.03886,44.59763],[5.03774,44.59098],[5.03398,44.58849],[5.0414,44.58665],[5.04043,44.58238],[5.04451,44.58111],[5.0435,44.5794],[5.04737,44.5789],[5.05208,44.56479],[5.04951,44.55744],[5.05407,44.55818],[5.06289,44.56374],[5.06187,44.56953],[5.06558,44.58354],[5.06891,44.58756],[5.07737,44.59203],[5.07435,44.59341],[5.0733,44.59943],[5.05142,44.60304],[5.04594,44.60312],[5.03886,44.59763]]]},"properties":{"code_territoire":"iris261340000","libelle_territoire":"Félines-sur-Rimandoule (commune non irisée)"}},
{"type":"Feature","geometry":{"type":"Polygon","coordinates":[[[5.44775,44.13692],[5.44859,44.12552],[5.45063,44.12125],[5.45473,44.11917],[5.50191,44.11563],[5.5087,44.1185],[5.51233,44.12469],[5.54102,44.1327],[5.55133,44.14979],[5.52016,44.14573],[5.49338,44.16039],[5.48431,44.16951],[5.47952,44.16931],[5.46056,44.16086],[5.44775,44.13692]]]},"properties":{"code_territoire":"iris261350000","libelle_territoire":"Ferrassières (commune non irisée)"}},
{"type":"Feature","geometry":{"type":"Polygon","coordinates":[[[5.60664,44.56682],[5.609,44.57097],[5.61532,44.57329],[5.61786,44.58401],[5.62632,44.58662],[5.62748,44.59497],[5.61793,44.59772],[5.61679,44.6],[5.6208,44.60219],[5.61865,44.60509],[5.6002,44.61006],[5.59408,44.60533],[5.58539,44.60435],[5.58045,44.60846],[5.57215,44.61159],[5.56597,44.60995],[5.55861,44.61328],[5.54757,44.61004],[5.55165,44.60098],[5.5517,44.58209],[5.55605,44.58033],[5.57565,44.57851],[5.58604,44.57386],[5.58995,44.56947],[5.60664,44.56682]]]},"properties":{"code_territoire":"iris261360000","libelle_territoire":"Val-Maravel (commune non irisée)"}},
{"type":"Feature","geometry":{"type":"Polygon","coordinates":[[[4.94337,45.25855],[4.93956,45.25558],[4.94177,45.25106],[4.94064,45.24792],[4.93626,45.24585],[4.9365,45.24282],[4.92907,45.24253],[4.92791,45.23616],[4.93517,45.22466],[4.93709,45.21374],[4.93938,45.20992],[4.94223,45.20937],[4.94588,45.21202],[4.94909,45.20964],[4.96065,45.21057],[4.96317,45.20883],[4.96678,45.20912],[4.96345,45.2218],[4.98334,45.23427],[4.99833,45.23684],[5.00005,45.2391],[4.98592,45.25702],[4.98254,45.25401],[4.97029,45.25229],[4.96459,45.25624],[4.95291,45.2561],[4.94337,45.25855]]]},"properties":{"code_territoire":"iris260830000","libelle_territoire":"Châteauneuf-de-Galaure (commune non irisée)"}},
{"type":"Feature","geometry":{"type":"Polygon","coordinates":[[[4.87012,44.99485],[4.86514,44.98682],[4.86026,44.98389],[4.88207,44.97998],[4.89004,44.97698],[4.91089,44.99154],[4.92667,44.98249],[4.93074,44.98549],[4.94595,44.98304],[4.94756,44.98808],[4.95476,44.9925],[4.9636,44.99174],[4.96472,44.99305],[4.97053,44.98782],[4.98312,44.99769],[5.01624,45.01155],[5.01683,45.00935],[5.04473,45.02694],[5.04348,45.02917],[5.03353,45.02674],[5.00961,45.03368],[4.99219,45.0326],[4.97815,45.03866],[4.96253,45.04154],[4.94929,45.03893],[4.93567,45.03496],[4.93207,45.03156],[4.93524,45.02671],[4.94563,45.02417],[4.94314,45.02018],[4.92603,45.01335],[4.91611,45.01641],[4.91129,45.01606],[4.90565,45.00712],[4.88831,45.00619],[4.88197,44.99807],[4.87372,44.99818],[4.87012,44.99485]]]},"properties":{"code_territoire":"iris260840000","libelle_territoire":"Châteauneuf-sur-Isère (commune non irisée)"}},
{"type":"Feature","geometry":{"type":"Polygon","coordinates":[[[4.7002,44.4695],[4.71506,44.47022],[4.72382,44.47167],[4.72623,44.47616],[4.72266,44.4843],[4.72261,44.49387],[4.7245,44.49314],[4.7307,44.49573],[4.74314,44.49538],[4.75026,44.48973],[4.76608,44.49019],[4.77714,44.49758],[4.7694,44.4999],[4.77029,44.50279],[4.76733,44.50298],[4.76762,44.50606],[4.76456,44.50955],[4.76604,44.52045],[4.75398,44.51986],[4.7507,44.52013],[4.75098,44.52154],[4.73747,44.52225],[4.73222,44.5241],[4.73327,44.52689],[4.72771,44.52829],[4.70291,44.53614],[4.70744,44.53469],[4.70525,44.53309],[4.70695,44.53079],[4.70247,44.52329],[4.69337,44.51756],[4.68752,44.5003],[4.69003,44.49124],[4.6989,44.48194],[4.7002,44.4695]]]},"properties":{"code_territoire":"iris260850000","libelle_territoire":"Châteauneuf-du-Rhône (commune non irisée)"}},
{"type":"Feature","geometry":{"type":"Polygon","coordinates":[[[5.0733,44.59943],[5.0772,44.59946],[5.08889,44.60442],[5.10103,44.61784],[5.09928,44.62216],[5.09691,44.62299],[5.09138,44.62728],[5.07841,44.6292],[5.07437,44.63178],[5.07031,44.63149],[5.06461,44.63378],[5.06192,44.63155],[5.0581,44.63456],[5.05289,44.6352],[5.04358,44.63283],[5.06472,44.61853],[5.04656,44.61086],[5.05104,44.60697],[5.05142,44.60304],[5.0733,44.59943]]]},"properties":{"code_territoire":"iris261370000","libelle_territoire":"Francillon-sur-Roubion (commune non irisée)"}},
{"type":"Feature","geometry":{"type":"Polygon","coordinates":[[[4.77287,44.41434],[4.77203,44.41283],[4.76681,44.41421],[4.75142,44.4122],[4.7361,44.41328],[4.7221,44.41185],[4.70766,44.40619],[4.71502,44.40607],[4.71209,44.40059],[4.71547,44.40037],[4.71401,44.39032],[4.71175,44.38446],[4.71594,44.37826],[4.71293,44.37831],[4.71187,44.37314],[4.72452,44.37011],[4.72874,44.36937],[4.74319,44.36709],[4.74565,44.36374],[4.75033,44.36213],[4.75603,44.36893],[4.76138,44.37011],[4.7701,44.3688],[4.77804,44.37263],[4.78382,44.38107],[4.78864,44.39543],[4.7951,44.39875],[4.78915,44.40066],[4.79229,44.40699],[4.78065,44.40899],[4.77287,44.41434]]]},"properties":{"code_territoire":"iris261380000","libelle_territoire":"La Garde-Adhémar (commune non irisée)"}},
{"type":"Feature","geometry":{"type":"Polygon","coordinates":[[[5.11907,45.07653],[5.10201,45.08648],[5.09879,45.09092],[5.10002,45.09427],[5.09676,45.09772],[5.09375,45.09882],[5.09294,45.10159],[5.09017,45.10152],[5.06961,45.09331],[5.06921,45.08586],[5.0719,45.08498],[5.07155,45.0793],[5.07392,45.07626],[5.07536,45.07699],[5.07687,45.07046],[5.08105,45.07103],[5.08125,45.06731],[5.08832,45.06743],[5.08878,45.06359],[5.09283,45.0654],[5.11857,45.07622],[5.11907,45.07653]]]},"properties":{"code_territoire":"iris261390000","libelle_territoire":"Génissieux (commune non irisée)"}},
{"type":"Feature","geometry":{"type":"Polygon","coordinates":[[[5.11445,45.12231],[5.11008,45.12506],[5.10991,45.13412],[5.09777,45.14254],[5.09537,45.14041],[5.08834,45.13893],[5.08706,45.14121],[5.08005,45.14385],[5.06606,45.13032],[5.07224,45.1211],[5.08144,45.11599],[5.08119,45.11353],[5.08604,45.10739],[5.0878,45.10764],[5.08678,45.10531],[5.09017,45.10152],[5.09294,45.10159],[5.09375,45.09882],[5.09676,45.09772],[5.09761,45.10072],[5.10063,45.10131],[5.1028,45.1046],[5.10422,45.10961],[5.11311,45.11812],[5.11445,45.12231]]]},"properties":{"code_territoire":"iris261400000","libelle_territoire":"Geyssans (commune non irisée)"}},
{"type":"Feature","geometry":{"type":"Polygon","coordinates":[[[5.08232,44.83097],[5.07348,44.83164],[5.07388,44.81367],[5.07612,44.80471],[5.07043,44.7925],[5.06956,44.7819],[5.07981,44.77429],[5.0959,44.77479],[5.0965,44.78341],[5.10126,44.7809],[5.10584,44.78171],[5.10683,44.78022],[5.11874,44.78307],[5.13035,44.77998],[5.14194,44.78673],[5.14489,44.79553],[5.15014,44.79904],[5.14429,44.80847],[5.14083,44.80895],[5.13398,44.81449],[5.13374,44.82177],[5.13894,44.82886],[5.14973,44.83123],[5.16321,44.84938],[5.15772,44.85056],[5.15798,44.86697],[5.16089,44.87602],[5.15293,44.87452],[5.14566,44.86662],[5.14558,44.85643],[5.13522,44.83144],[5.1047,44.82612],[5.09803,44.83021],[5.08232,44.83097]]]},"properties":{"code_territoire":"iris261410000","libelle_territoire":"Gigors-et-Lozeron (commune non irisée)"}},
{"type":"Feature","geometry":{"type":"Polygon","coordinates":[[[5.65155,44.65521],[5.64872,44.67226],[5.64046,44.6784],[5.65058,44.68897],[5.65964,44.69491],[5.65742,44.69817],[5.65714,44.7094],[5.64974,44.71516],[5.64612,44.71548],[5.6471,44.7241],[5.64398,44.73158],[5.63591,44.73284],[5.62906,44.74479],[5.62526,44.74259],[5.61168,44.74056],[5.60784,44.73598],[5.58643,44.73945],[5.57446,44.72977],[5.57244,44.72649],[5.57407,44.72239],[5.56721,44.71633],[5.57334,44.70537],[5.57121,44.69496],[5.5799,44.69318],[5.58161,44.69072],[5.56458,44.67709],[5.5688,44.67459],[5.59103,44.66899],[5.60128,44.66258],[5.6181,44.66156],[5.6194,44.65783],[5.62777,44.65098],[5.64168,44.65141],[5.64822,44.65238],[5.65155,44.65521]]]},"properties":{"code_territoire":"iris261420000","libelle_territoire":"Glandage (commune non irisée)"}},
{"type":"Feature","geometry":{"type":"Polygon","coordinates":[[[5.45308,44.70505],[5.44862,44.69503],[5.444,44.69143],[5.44579,44.68693],[5.44941,44.68713],[5.4475,44.68204],[5.44926,44.68109],[5.4624,44.68365],[5.47648,44.68804],[5.48356,44.68184],[5.49193,44.68029],[5.49962,44.67384],[5.50518,44.67163],[5.51228,44.67338],[5.52023,44.66414],[5.52377,44.66754],[5.52429,44.67136],[5.53188,44.67605],[5.53548,44.67465],[5.53514,44.67224],[5.54695,44.66567],[5.55444,44.66902],[5.56458,44.67709],[5.58161,44.69072],[5.5799,44.69318],[5.57121,44.69496],[5.57334,44.70537],[5.56721,44.71633],[5.57407,44.72239],[5.57244,44.72649],[5.57446,44.72977],[5.58643,44.73945],[5.60784,44.73598],[5.61168,44.74056],[5.62526,44.74259],[5.62906,44.74479],[5.62631,44.75329],[5.60786,44.75553],[5.59658,44.76188],[5.59056,44.76151],[5.58679,44.76323],[5.58388,44.76534],[5.58182,44.77795],[5.5672,44.78387],[5.56149,44.78916],[5.55778,44.78953],[5.54976,44.79453],[5.54452,44.79567],[5.54414,44.78892],[5.55399,44.77933],[5.55265,44.77568],[5.55628,44.77021],[5.55473,44.76747],[5.53466,44.77608],[5.53163,44.77491],[5.48156,44.78602],[5.48359,44.77668],[5.47746,44.77045],[5.47488,44.76237],[5.48025,44.75988],[5.48229,44.75086],[5.48047,44.74993],[5.48493,44.74744],[5.48245,44.74568],[5.48218,44.73999],[5.47044,44.74313],[5.47089,44.73158],[5.4643,44.72793],[5.45895,44.7192],[5.45831,44.70644],[5.45308,44.70505]]]},"properties":{"code_territoire":"iris260860000","libelle_territoire":"Châtillon-en-Diois (commune non irisée)"}},
{"type":"Feature","geometry":{"type":"Polygon","coordinates":[[[5.11857,45.07622],[5.12221,45.07441],[5.12527,45.07802],[5.13435,45.07473],[5.13764,45.08145],[5.14083,45.0764],[5.14497,45.08171],[5.1542,45.0793],[5.15824,45.0843],[5.15779,45.08923],[5.16299,45.09882],[5.14941,45.09752],[5.14226,45.09416],[5.13649,45.09361],[5.14058,45.09699],[5.13576,45.09942],[5.13258,45.10869],[5.13346,45.11856],[5.12852,45.11879],[5.12382,45.11499],[5.12024,45.11818],[5.12196,45.12143],[5.11445,45.12231],[5.11311,45.11812],[5.11239,45.10969],[5.11791,45.10749],[5.12299,45.1012],[5.12546,45.089],[5.12272,45.07926],[5.11907,45.07653],[5.11857,45.07622]]]},"properties":{"code_territoire":"iris260870000","libelle_territoire":"Châtillon-Saint-Jean (commune non irisée)"}},
{"type":"Feature","geometry":{"type":"Polygon","coordinates":[[[5.07541,45.28183],[5.07992,45.27423],[5.07366,45.27297],[5.06713,45.26451],[5.06861,45.26233],[5.07171,45.26417],[5.07589,45.26122],[5.07963,45.26174],[5.07919,45.25536],[5.08237,45.24849],[5.08148,45.23979],[5.07437,45.23621],[5.08298,45.22895],[5.08794,45.21807],[5.0912,45.21893],[5.09363,45.22401],[5.10173,45.22754],[5.10299,45.23536],[5.11151,45.24208],[5.11589,45.2418],[5.12219,45.24544],[5.12346,45.25936],[5.1299,45.26723],[5.13005,45.28239],[5.13135,45.28653],[5.13844,45.29285],[5.13771,45.29775],[5.12175,45.29887],[5.11863,45.29116],[5.1132,45.29097],[5.1069,45.28721],[5.08477,45.28571],[5.07541,45.28183]]]},"properties":{"code_territoire":"iris261430000","libelle_territoire":"Le Grand-Serre (commune non irisée)"}},
{"type":"Feature","geometry":{"type":"Polygon","coordinates":[[[4.90438,44.67596],[4.91475,44.68533],[4.92751,44.68861],[4.93913,44.69732],[4.93663,44.6981],[4.93422,44.70422],[4.93981,44.71504],[4.93459,44.71995],[4.93539,44.72302],[4.9386,44.72474],[4.9443,44.7414],[4.87723,44.75835],[4.87645,44.75697],[4.86899,44.75919],[4.86941,44.75706],[4.85081,44.75954],[4.84833,44.75344],[4.8516,44.74663],[4.85141,44.74019],[4.84877,44.73198],[4.86132,44.7305],[4.85787,44.72486],[4.86093,44.71948],[4.86847,44.71837],[4.87513,44.71459],[4.86919,44.70427],[4.87633,44.69742],[4.87814,44.67957],[4.8881,44.68305],[4.8901,44.67382],[4.90438,44.67596]]]},"properties":{"code_territoire":"iris261440000","libelle_territoire":"Grane (commune non irisée)"}},
{"type":"Feature","geometry":{"type":"Polygon","coordinates":[[[4.7221,44.41185],[4.7361,44.41328],[4.75142,44.4122],[4.76681,44.41421],[4.77203,44.41283],[4.77287,44.41434],[4.76935,44.41532],[4.7692,44.42882],[4.77338,44.43714],[4.75761,44.45485],[4.75685,44.45312],[4.7472,44.42766],[4.74768,44.4226],[4.73804,44.41609],[4.72689,44.4148],[4.72027,44.41267],[4.7221,44.41185]]]},"properties":{"code_territoire":"iris261450000","libelle_territoire":"Les Granges-Gontardes (commune non irisée)"}},
{"type":"Feature","geometry":{"type":"Polygon","coordinates":[[[4.95193,44.42002],[4.94929,44.42213],[4.94319,44.43911],[4.94444,44.44782],[4.94717,44.45106],[4.93377,44.44538],[4.9279,44.44777],[4.93236,44.4639],[4.92194,44.47455],[4.92033,44.48335],[4.90735,44.47791],[4.90419,44.4741],[4.89026,44.47393],[4.87813,44.46592],[4.86939,44.45758],[4.87026,44.45262],[4.86419,44.44224],[4.86005,44.43963],[4.85835,44.42852],[4.8544,44.42277],[4.85738,44.42258],[4.85574,44.40665],[4.86589,44.40741],[4.89696,44.40514],[4.89699,44.39841],[4.89963,44.39562],[4.90658,44.40358],[4.90638,44.40619],[4.91261,44.41115],[4.91822,44.40772],[4.92212,44.40957],[4.92429,44.40799],[4.92804,44.41152],[4.93479,44.41203],[4.94036,44.41486],[4.94611,44.41495],[4.95193,44.42002]]]},"properties":{"code_territoire":"iris261460000","libelle_territoire":"Grignan (commune non irisée)"}},
{"type":"Feature","geometry":{"type":"Polygon","coordinates":[[[5.10113,45.03942],[5.08769,45.04082],[5.07682,45.03902],[5.06434,45.04012],[5.06584,45.03595],[5.06902,45.03456],[5.06864,45.02866],[5.07045,45.02785],[5.07425,45.02667],[5.07668,45.02219],[5.08163,45.0159],[5.06321,45.00511],[5.05382,44.99616],[5.06645,44.99486],[5.06929,44.99204],[5.06683,44.98852],[5.06827,44.98521],[5.06876,44.98011],[5.07237,44.97962],[5.07371,44.97567],[5.08434,44.97285],[5.08874,44.9804],[5.09355,44.98292],[5.09906,44.98973],[5.10587,44.99235],[5.11078,44.99149],[5.119,44.99963],[5.12595,45.00072],[5.133,45.00107],[5.13653,45.00609],[5.14088,45.00808],[5.14035,45.01295],[5.13383,45.01688],[5.13357,45.02129],[5.12869,45.02349],[5.12772,45.0314],[5.12361,45.03346],[5.12282,45.03717],[5.11314,45.0352],[5.10113,45.03942]]]},"properties":{"code_territoire":"iris260880000","libelle_territoire":"Chatuzange-le-Goubet (commune non irisée)"}},
{"type":"Feature","geometry":{"type":"Polygon","coordinates":[[[5.20477,44.46525],[5.22026,44.47026],[5.22467,44.46734],[5.23449,44.46725],[5.24036,44.45431],[5.24993,44.45015],[5.25962,44.45044],[5.26253,44.45579],[5.27897,44.46112],[5.28091,44.46642],[5.27849,44.47181],[5.28002,44.47752],[5.27433,44.48308],[5.27504,44.48616],[5.25621,44.48809],[5.25036,44.48445],[5.24935,44.48164],[5.24187,44.47926],[5.23903,44.48672],[5.22275,44.49833],[5.21318,44.49994],[5.21171,44.49582],[5.19628,44.48454],[5.19165,44.47453],[5.20055,44.47017],[5.20477,44.46525]]]},"properties":{"code_territoire":"iris260890000","libelle_territoire":"Chaudebonne (commune non irisée)"}},
{"type":"Feature","geometry":{"type":"Polygon","coordinates":[[[5.25675,44.63103],[5.252,44.63831],[5.24615,44.63859],[5.24037,44.64898],[5.23877,44.64421],[5.232,44.64698],[5.22619,44.64519],[5.20578,44.64515],[5.19996,44.64248],[5.20165,44.63948],[5.19907,44.63406],[5.20282,44.62914],[5.19886,44.62467],[5.20028,44.61511],[5.20929,44.6129],[5.21351,44.61087],[5.22287,44.62049],[5.23769,44.62048],[5.24037,44.62459],[5.24407,44.62466],[5.25238,44.62063],[5.25621,44.62279],[5.25675,44.63103]]]},"properties":{"code_territoire":"iris260900000","libelle_territoire":"La Chaudière (commune non irisée)"}},
{"type":"Feature","geometry":{"type":"Polygon","coordinates":[[[5.49283,44.33712],[5.49869,44.33419],[5.49661,44.33009],[5.49994,44.32103],[5.49402,44.31581],[5.49824,44.31312],[5.54622,44.29566],[5.55299,44.3004],[5.56651,44.30212],[5.56494,44.30428],[5.57056,44.30749],[5.56904,44.3155],[5.57532,44.32125],[5.57518,44.32497],[5.58463,44.32908],[5.58482,44.33211],[5.57431,44.33229],[5.57388,44.33395],[5.56816,44.33223],[5.56079,44.33588],[5.5518,44.33087],[5.54092,44.33113],[5.53737,44.33352],[5.53986,44.34264],[5.52896,44.34303],[5.52276,44.34775],[5.52156,44.35107],[5.50229,44.34408],[5.49283,44.33712]]]},"properties":{"code_territoire":"iris260910000","libelle_territoire":"Chauvac-Laux-Montaux (commune non irisée)"}},
{"type":"Feature","geometry":{"type":"Polygon","coordinates":[[[5.28603,44.5244],[5.28286,44.5352],[5.27531,44.5247],[5.26664,44.52227],[5.25243,44.5124],[5.24687,44.51265],[5.24124,44.51026],[5.24918,44.50723],[5.25414,44.49728],[5.25228,44.49409],[5.25342,44.4904],[5.25621,44.48809],[5.27504,44.48616],[5.27786,44.5024],[5.27655,44.50574],[5.28315,44.51122],[5.28603,44.5244]]]},"properties":{"code_territoire":"iris261470000","libelle_territoire":"Gumiane (commune non irisée)"}},
{"type":"Feature","geometry":{"type":"Polygon","coordinates":[[[5.07357,45.28322],[5.0367,45.27722],[5.02836,45.27299],[5.01061,45.26361],[5.00507,45.26464],[4.99507,45.26549],[4.98592,45.25702],[5.00005,45.2391],[4.99833,45.23684],[5.00185,45.23812],[5.00722,45.23115],[5.01107,45.23874],[5.01343,45.23428],[5.01974,45.23],[5.03078,45.2318],[5.03367,45.23587],[5.0341,45.23274],[5.03956,45.23088],[5.03999,45.22645],[5.04525,45.21876],[5.04855,45.22213],[5.04994,45.22878],[5.05514,45.23103],[5.0559,45.23364],[5.06988,45.23697],[5.07437,45.23621],[5.08148,45.23979],[5.08237,45.24849],[5.07919,45.25536],[5.07963,45.26174],[5.07589,45.26122],[5.07171,45.26417],[5.06861,45.26233],[5.06713,45.26451],[5.07366,45.27297],[5.07992,45.27423],[5.07541,45.28183],[5.07357,45.28322]]]},"properties":{"code_territoire":"iris261480000","libelle_territoire":"Hauterives (commune non irisée)"}},
{"type":"Feature","geometry":{"type":"Polygon","coordinates":[[[5.16244,45.04832],[5.15883,45.04452],[5.16421,45.04528],[5.16487,45.04332],[5.1721,45.04618],[5.181,45.04526],[5.18564,45.02818],[5.1835,45.02399],[5.18697,45.01405],[5.18684,45.01235],[5.20076,45.00532],[5.20996,45.00947],[5.21429,45.00836],[5.21808,45.00115],[5.22211,45.00125],[5.23072,45.02885],[5.23045,45.0369],[5.21853,45.04935],[5.20829,45.05658],[5.2014,45.0558],[5.20072,45.06189],[5.19223,45.05501],[5.16244,45.04832]]]},"properties":{"code_territoire":"iris261490000","libelle_territoire":"Hostun (commune non irisée)"}},
{"type":"Feature","geometry":{"type":"Polygon","coordinates":[[[4.90357,45.10825],[4.91114,45.09758],[4.91884,45.09469],[4.91871,45.09652],[4.92512,45.0975],[4.9299,45.0916],[4.93648,45.09151],[4.94241,45.09621],[4.94091,45.10217],[4.93807,45.1025],[4.93814,45.10677],[4.93373,45.1067],[4.92735,45.11841],[4.92371,45.11812],[4.92192,45.11226],[4.91337,45.11556],[4.91429,45.1088],[4.90357,45.10825]]]},"properties":{"code_territoire":"iris260920000","libelle_territoire":"Chavannes (commune non irisée)"}},
{"type":"Feature","geometry":{"type":"Polygon","coordinates":[[[4.7951,44.39875],[4.78864,44.39543],[4.78382,44.38107],[4.77804,44.37263],[4.78886,44.37096],[4.78467,44.36287],[4.79221,44.35819],[4.79141,44.3564],[4.79763,44.35705],[4.80331,44.3549],[4.80292,44.35232],[4.80901,44.35617],[4.81678,44.36265],[4.82284,44.36449],[4.82889,44.36387],[4.82677,44.36652],[4.83007,44.38103],[4.83843,44.38692],[4.8295,44.39241],[4.82293,44.39149],[4.81104,44.39506],[4.81347,44.39838],[4.80787,44.40023],[4.7995,44.3981],[4.7951,44.39875]]]},"properties":{"code_territoire":"iris260930000","libelle_territoire":"Clansayes (commune non irisée)"}},
{"type":"Feature","geometry":{"type":"Polygon","coordinates":[[[4.97214,45.15292],[4.96588,45.16246],[4.96185,45.16503],[4.95946,45.17444],[4.9401,45.18264],[4.9435,45.18639],[4.93646,45.1916],[4.93808,45.19953],[4.93015,45.19983],[4.91925,45.19653],[4.90821,45.18731],[4.90703,45.18826],[4.90027,45.18105],[4.90937,45.17524],[4.91268,45.1706],[4.91426,45.1546],[4.91731,45.15756],[4.94148,45.15445],[4.94721,45.15093],[4.95906,45.1474],[4.95903,45.15178],[4.96394,45.15555],[4.96418,45.15881],[4.9667,45.15896],[4.96766,45.15455],[4.97214,45.15292]]]},"properties":{"code_territoire":"iris260940000","libelle_territoire":"Claveyson (commune non irisée)"}},
{"type":"Feature","geometry":{"type":"Polygon","coordinates":[[[4.93495,44.59264],[4.94776,44.59232],[4.94738,44.59515],[4.95107,44.59475],[4.94565,44.60421],[4.95392,44.60413],[4.95374,44.61929],[4.95041,44.62006],[4.95194,44.62191],[4.94734,44.62349],[4.94721,44.62633],[4.93948,44.62458],[4.92973,44.62657],[4.92582,44.63128],[4.91592,44.61388],[4.91393,44.61429],[4.90579,44.60432],[4.91341,44.60378],[4.9131,44.601],[4.91893,44.60215],[4.91831,44.59976],[4.92186,44.59947],[4.92271,44.59022],[4.93035,44.59357],[4.93495,44.59264]]]},"properties":{"code_territoire":"iris260950000","libelle_territoire":"Cléon-d'Andran (commune non irisée)"}},
{"type":"Feature","geometry":{"type":"Polygon","coordinates":[[[4.94618,45.0524],[4.94936,45.05261],[4.95274,45.05466],[4.97869,45.05999],[4.96448,45.0781],[4.96443,45.08968],[4.96762,45.09154],[4.96781,45.09569],[4.97248,45.09672],[4.97683,45.10546],[4.97062,45.10772],[4.96073,45.10821],[4.95852,45.10573],[4.95333,45.10919],[4.94241,45.09621],[4.93648,45.09151],[4.93746,45.08118],[4.93349,45.06948],[4.94073,45.06811],[4.94196,45.0557],[4.94618,45.0524]]]},"properties":{"code_territoire":"iris260960000","libelle_territoire":"Clérieux (commune non irisée)"}},
{"type":"Feature","geometry":{"type":"Polygon","coordinates":[[[5.63305,44.29052],[5.6244,44.2848],[5.62493,44.27811],[5.61931,44.27091],[5.59834,44.26966],[5.5824,44.27346],[5.57054,44.26448],[5.57309,44.26113],[5.57121,44.25896],[5.55724,44.25905],[5.55289,44.25641],[5.55643,44.25673],[5.55616,44.25251],[5.56075,44.24989],[5.58604,44.24767],[5.59703,44.24464],[5.60409,44.25008],[5.6109,44.2504],[5.61649,44.25393],[5.62087,44.26192],[5.62178,44.26055],[5.63278,44.26152],[5.6468,44.26725],[5.64763,44.27258],[5.63265,44.28294],[5.63305,44.29052]]]},"properties":{"code_territoire":"iris261500000","libelle_territoire":"Izon-la-Bruisse (commune non irisée)"}},
{"type":"Feature","geometry":{"type":"Polygon","coordinates":[[[5.39039,44.53566],[5.40258,44.54662],[5.41517,44.54699],[5.41543,44.55193],[5.4195,44.55381],[5.42109,44.566],[5.43473,44.56458],[5.43922,44.56965],[5.43703,44.57079],[5.42058,44.57957],[5.41446,44.58663],[5.40293,44.58484],[5.38821,44.58949],[5.38099,44.58652],[5.37883,44.58132],[5.38152,44.5626],[5.38252,44.53582],[5.39039,44.53566]]]},"properties":{"code_territoire":"iris261520000","libelle_territoire":"Jonchères (commune non irisée)"}},
{"type":"Feature","geometry":{"type":"Polygon","coordinates":[[[5.60831,44.30612],[5.60466,44.30113],[5.59872,44.30811],[5.59491,44.30974],[5.56651,44.30212],[5.55299,44.3004],[5.54622,44.29566],[5.54723,44.29084],[5.55762,44.276],[5.57054,44.26448],[5.5824,44.27346],[5.59834,44.26966],[5.61931,44.27091],[5.62493,44.27811],[5.6244,44.2848],[5.63305,44.29052],[5.64266,44.294],[5.63624,44.30095],[5.62695,44.30126],[5.61652,44.30939],[5.60831,44.30612]]]},"properties":{"code_territoire":"iris261530000","libelle_territoire":"Laborel (commune non irisée)"}},
{"type":"Feature","geometry":{"type":"Polygon","coordinates":[[[5.6517,44.18962],[5.67502,44.18885],[5.67582,44.1915],[5.68365,44.19243],[5.68642,44.19464],[5.68316,44.20365],[5.67603,44.21221],[5.68069,44.22503],[5.67957,44.22906],[5.68335,44.23474],[5.67382,44.23907],[5.67576,44.24428],[5.6727,44.24561],[5.66765,44.24762],[5.66737,44.24592],[5.6643,44.24694],[5.6644,44.24459],[5.6596,44.243],[5.65726,44.24469],[5.6548,44.24194],[5.65058,44.24329],[5.64355,44.23957],[5.63798,44.24059],[5.63254,44.23612],[5.6313,44.23018],[5.62564,44.22423],[5.61922,44.22366],[5.61272,44.21986],[5.61094,44.21015],[5.62039,44.19743],[5.63966,44.19906],[5.64465,44.19441],[5.64943,44.1936],[5.6517,44.18962]]]},"properties":{"code_territoire":"iris261540000","libelle_territoire":"Lachau (commune non irisée)"}},
{"type":"Feature","geometry":{"type":"Polygon","coordinates":[[[4.86093,44.71948],[4.85787,44.72486],[4.86132,44.7305],[4.84877,44.73198],[4.84446,44.73469],[4.82231,44.73182],[4.81111,44.73266],[4.80741,44.72654],[4.80379,44.71545],[4.81109,44.71077],[4.81434,44.7115],[4.8217,44.71009],[4.8277,44.71347],[4.83384,44.71085],[4.85558,44.7119],[4.86093,44.71948]]]},"properties":{"code_territoire":"iris260970000","libelle_territoire":"Cliousclat (commune non irisée)"}},
{"type":"Feature","geometry":{"type":"Polygon","coordinates":[[[5.05273,44.73501],[5.06473,44.72616],[5.07508,44.73895],[5.08569,44.74225],[5.0827,44.74748],[5.08588,44.75122],[5.08516,44.76254],[5.09664,44.76635],[5.0959,44.77479],[5.07981,44.77429],[5.06956,44.7819],[5.06659,44.77586],[5.06002,44.77445],[5.05804,44.77221],[5.05355,44.7624],[5.05435,44.75978],[5.0622,44.74751],[5.05273,44.73501]]]},"properties":{"code_territoire":"iris260980000","libelle_territoire":"Cobonne (commune non irisée)"}},
{"type":"Feature","geometry":{"type":"Polygon","coordinates":[[[4.88249,44.37187],[4.88269,44.36636],[4.89288,44.36497],[4.89473,44.36929],[4.90018,44.36956],[4.90874,44.37684],[4.91175,44.38754],[4.90955,44.39644],[4.91822,44.40772],[4.91261,44.41115],[4.90638,44.40619],[4.90658,44.40358],[4.89963,44.39562],[4.89087,44.39074],[4.89002,44.38332],[4.88515,44.38057],[4.88249,44.37187]]]},"properties":{"code_territoire":"iris260990000","libelle_territoire":"Colonzelle (commune non irisée)"}},
{"type":"Feature","geometry":{"type":"Polygon","coordinates":[[[5.06816,44.88162],[5.07291,44.88149],[5.06726,44.86874],[5.06566,44.85847],[5.06931,44.84484],[5.06942,44.84215],[5.07959,44.83132],[5.08232,44.83097],[5.09803,44.83021],[5.1047,44.82612],[5.13522,44.83144],[5.14558,44.85643],[5.14566,44.86662],[5.15293,44.87452],[5.15646,44.88259],[5.13927,44.88346],[5.13008,44.88705],[5.11927,44.88232],[5.10626,44.88312],[5.1018,44.88488],[5.08022,44.88289],[5.06985,44.88502],[5.06816,44.88162]]]},"properties":{"code_territoire":"iris261000000","libelle_territoire":"Combovin (commune non irisée)"}},
{"type":"Feature","geometry":{"type":"Polygon","coordinates":[[[5.02101,45.31903],[5.0093,45.34231],[5.00309,45.34157],[5.00365,45.34309],[4.98764,45.34374],[4.97581,45.33608],[4.96514,45.33488],[4.96022,45.32888],[4.9562,45.32952],[4.95348,45.32717],[4.94814,45.32853],[4.9505,45.32443],[4.96631,45.3204],[4.97178,45.31177],[4.98636,45.31612],[5.02101,45.31903]]]},"properties":{"code_territoire":"iris261550000","libelle_territoire":"Lapeyrouse-Mornay (commune non irisée)"}},
{"type":"Feature","geometry":{"type":"Polygon","coordinates":[[[4.86136,45.12629],[4.85755,45.12449],[4.85317,45.11858],[4.84636,45.10505],[4.85044,45.0936],[4.84851,45.09155],[4.85252,45.09202],[4.85443,45.09017],[4.85229,45.08449],[4.85633,45.08066],[4.86545,45.07468],[4.87288,45.07877],[4.88029,45.08694],[4.87916,45.09523],[4.87421,45.09673],[4.87016,45.10661],[4.8668,45.12605],[4.86136,45.12629]]]},"properties":{"code_territoire":"iris261560000","libelle_territoire":"Larnage (commune non irisée)"}},
{"type":"Feature","geometry":{"type":"Polygon","coordinates":[[[4.87069,44.60642],[4.87009,44.6112],[4.86702,44.61019],[4.86242,44.61383],[4.85981,44.62486],[4.85773,44.62644],[4.85613,44.62551],[4.84999,44.63685],[4.84451,44.63969],[4.84022,44.64618],[4.83949,44.64373],[4.84601,44.63182],[4.84385,44.61657],[4.83721,44.6096],[4.83349,44.60845],[4.83077,44.59572],[4.82809,44.59266],[4.84239,44.59565],[4.85244,44.58667],[4.8549,44.58596],[4.85821,44.59149],[4.8661,44.59286],[4.86553,44.59617],[4.87069,44.60642]]]},"properties":{"code_territoire":"iris261570000","libelle_territoire":"La Laupie (commune non irisée)"}},
{"type":"Feature","geometry":{"type":"Polygon","coordinates":[[[5.48162,44.78626],[5.47565,44.78603],[5.46139,44.77714],[5.45571,44.76559],[5.4561,44.76207],[5.4584,44.76155],[5.45729,44.75717],[5.46103,44.75045],[5.46044,44.74754],[5.45849,44.74547],[5.45052,44.74402],[5.45051,44.74229],[5.45347,44.7426],[5.45478,44.73513],[5.45085,44.73302],[5.44024,44.73212],[5.43128,44.72653],[5.42963,44.72788],[5.40662,44.71819],[5.39974,44.71846],[5.40057,44.71591],[5.39598,44.71522],[5.39856,44.71273],[5.40569,44.71588],[5.41147,44.71583],[5.41629,44.71147],[5.42358,44.71074],[5.42979,44.70325],[5.43772,44.70022],[5.45005,44.7059],[5.45308,44.70505],[5.45831,44.70644],[5.45895,44.7192],[5.4643,44.72793],[5.47089,44.73158],[5.47044,44.74313],[5.48218,44.73999],[5.48245,44.74568],[5.48493,44.74744],[5.48047,44.74993],[5.48229,44.75086],[5.48025,44.75988],[5.47488,44.76237],[5.47746,44.77045],[5.48359,44.77668],[5.48156,44.78602],[5.48162,44.78626]]]},"properties":{"code_territoire":"iris261590000","libelle_territoire":"Laval-d'Aix (commune non irisée)"}},
{"type":"Feature","geometry":{"type":"Polygon","coordinates":[[[5.08173,44.5623],[5.07432,44.55078],[5.0793,44.54684],[5.09437,44.54187],[5.09874,44.53008],[5.11056,44.53616],[5.12614,44.53276],[5.12879,44.53462],[5.12293,44.54326],[5.12335,44.55046],[5.12826,44.5516],[5.12652,44.55479],[5.11767,44.55944],[5.12232,44.56789],[5.12111,44.57053],[5.11601,44.56963],[5.11047,44.57259],[5.10416,44.57309],[5.09146,44.56315],[5.08173,44.5623]]]},"properties":{"code_territoire":"iris261010000","libelle_territoire":"Comps (commune non irisée)"}},
{"type":"Feature","geometry":{"type":"Polygon","coordinates":[[[4.84987,44.65618],[4.84083,44.65958],[4.83469,44.65812],[4.8282,44.65503],[4.81628,44.65648],[4.81305,44.64489],[4.80954,44.6393],[4.80652,44.63876],[4.80726,44.62792],[4.81163,44.62632],[4.81437,44.62168],[4.81962,44.62407],[4.83157,44.62548],[4.83845,44.61836],[4.84385,44.61657],[4.84601,44.63182],[4.83949,44.64373],[4.84022,44.64618],[4.84987,44.65618]]]},"properties":{"code_territoire":"iris261020000","libelle_territoire":"Condillac (commune non irisée)"}},
{"type":"Feature","geometry":{"type":"Polygon","coordinates":[[[5.14113,44.42683],[5.14444,44.4249],[5.14746,44.41307],[5.15414,44.40342],[5.16607,44.39637],[5.16677,44.40292],[5.16971,44.40308],[5.18768,44.38552],[5.18954,44.38101],[5.19312,44.38289],[5.20014,44.38263],[5.20185,44.38508],[5.19753,44.38937],[5.19727,44.39299],[5.19993,44.39415],[5.20351,44.40167],[5.21934,44.40237],[5.22148,44.40642],[5.21529,44.41653],[5.20925,44.41477],[5.20219,44.41518],[5.19876,44.41919],[5.19993,44.42581],[5.18825,44.43744],[5.18517,44.43813],[5.17737,44.44023],[5.1717,44.43748],[5.15557,44.44332],[5.146,44.4369],[5.14755,44.43093],[5.14113,44.42683]]]},"properties":{"code_territoire":"iris261030000","libelle_territoire":"Condorcet (commune non irisée)"}},
{"type":"Feature","geometry":{"type":"Polygon","coordinates":[[[5.4386,44.43359],[5.44004,44.44072],[5.43759,44.44569],[5.44004,44.45279],[5.41604,44.45913],[5.4074,44.4587],[5.40311,44.46094],[5.40033,44.45821],[5.39591,44.46158],[5.38369,44.45388],[5.37806,44.44526],[5.36486,44.44122],[5.36393,44.43307],[5.37535,44.42924],[5.3839,44.42283],[5.38812,44.42004],[5.3905,44.42043],[5.39188,44.41696],[5.39772,44.4168],[5.41836,44.4249],[5.43418,44.43361],[5.4386,44.43359]]]},"properties":{"code_territoire":"iris261040000","libelle_territoire":"Cornillac (commune non irisée)"}},
{"type":"Feature","geometry":{"type":"Polygon","coordinates":[[[4.80356,45.22537],[4.81278,45.20388],[4.80556,45.19717],[4.80586,45.19175],[4.81171,45.19282],[4.81456,45.19647],[4.81924,45.19756],[4.82841,45.1946],[4.83076,45.1874],[4.8268,45.17944],[4.8274,45.17435],[4.82977,45.17441],[4.82854,45.17679],[4.83227,45.17767],[4.83412,45.18126],[4.83861,45.17942],[4.8372,45.18374],[4.84111,45.18551],[4.84211,45.18971],[4.83071,45.18909],[4.82514,45.20572],[4.82665,45.21225],[4.81638,45.22142],[4.81705,45.22545],[4.80356,45.22537]]]},"properties":{"code_territoire":"iris261600000","libelle_territoire":"Laveyron (commune non irisée)"}},
{"type":"Feature","geometry":{"type":"Polygon","coordinates":[[[5.39364,44.34528],[5.40549,44.34213],[5.41542,44.32723],[5.41978,44.3243],[5.42773,44.32491],[5.42738,44.32765],[5.4326,44.33029],[5.43692,44.33807],[5.4398,44.33931],[5.438,44.34339],[5.43948,44.34773],[5.43649,44.34866],[5.43407,44.35278],[5.44395,44.35775],[5.44437,44.36767],[5.43809,44.36743],[5.43493,44.36901],[5.4305,44.36519],[5.42609,44.36693],[5.4196,44.36583],[5.41602,44.36836],[5.40635,44.36736],[5.40008,44.3724],[5.38531,44.37389],[5.37148,44.37216],[5.38003,44.36492],[5.38678,44.35061],[5.39496,44.3489],[5.39364,44.34528]]]},"properties":{"code_territoire":"iris261610000","libelle_territoire":"Lemps (commune non irisée)"}},
{"type":"Feature","geometry":{"type":"Polygon","coordinates":[[[5.07357,45.28322],[5.0699,45.2866],[5.06353,45.30479],[5.05432,45.31905],[5.0326,45.31806],[5.0257,45.3155],[5.01825,45.30978],[5.02011,45.29732],[5.00917,45.29426],[5.01433,45.28296],[5.02396,45.27867],[5.02836,45.27299],[5.0367,45.27722],[5.07357,45.28322]]]},"properties":{"code_territoire":"iris261620000","libelle_territoire":"Lens-Lestang (commune non irisée)"}},
{"type":"Feature","geometry":{"type":"Polygon","coordinates":[[[5.24761,44.96144],[5.22446,44.96913],[5.23505,44.9724],[5.23255,44.97651],[5.21885,44.97244],[5.22156,44.97763],[5.22008,44.98118],[5.20892,44.97107],[5.20682,44.96032],[5.19334,44.93648],[5.18754,44.92136],[5.18444,44.91867],[5.17944,44.9166],[5.16868,44.91948],[5.16014,44.91843],[5.14868,44.90921],[5.1458,44.90454],[5.15233,44.89893],[5.15175,44.89549],[5.14591,44.89118],[5.1339,44.89142],[5.13336,44.88981],[5.13926,44.88858],[5.14661,44.8902],[5.16124,44.88734],[5.17228,44.8855],[5.17351,44.88768],[5.17813,44.888],[5.19208,44.89661],[5.19001,44.89313],[5.19373,44.89509],[5.19489,44.88667],[5.19787,44.88349],[5.19985,44.88469],[5.20955,44.88405],[5.21184,44.88962],[5.20954,44.89814],[5.23146,44.9],[5.24369,44.9171],[5.24838,44.92759],[5.24678,44.93516],[5.24311,44.93603],[5.2467,44.94141],[5.24418,44.94828],[5.24761,44.96144]]]},"properties":{"code_territoire":"iris261630000","libelle_territoire":"Léoncel (commune non irisée)"}},
{"type":"Feature","geometry":{"type":"Polygon","coordinates":[[[5.39583,44.46212],[5.39025,44.46631],[5.38991,44.47018],[5.37537,44.47454],[5.37328,44.47399],[5.36722,44.4632],[5.36349,44.46484],[5.36185,44.46834],[5.35823,44.4682],[5.34736,44.47841],[5.3406,44.47692],[5.33615,44.47094],[5.34103,44.46262],[5.34017,44.45858],[5.3313,44.45228],[5.3345,44.44698],[5.33512,44.44337],[5.33917,44.43949],[5.3452,44.44051],[5.34742,44.43461],[5.36393,44.43307],[5.36486,44.44122],[5.37806,44.44526],[5.38369,44.45388],[5.39591,44.46158],[5.39583,44.46212]]]},"properties":{"code_territoire":"iris261050000","libelle_territoire":"Cornillon-sur-l'Oule (commune non irisée)"}},
{"type":"Feature","geometry":{"type":"Polygon","coordinates":[[[4.75233,44.61893],[4.76211,44.61868],[4.76453,44.62065],[4.7699,44.62007],[4.77123,44.6175],[4.77572,44.62852],[4.78453,44.63556],[4.78848,44.63552],[4.7897,44.63985],[4.79592,44.63691],[4.80652,44.63876],[4.80954,44.6393],[4.81305,44.64489],[4.81628,44.65648],[4.80602,44.66156],[4.79385,44.65882],[4.79012,44.65946],[4.78792,44.65461],[4.77937,44.65487],[4.77275,44.64241],[4.75836,44.63072],[4.75762,44.62596],[4.75233,44.61893]]]},"properties":{"code_territoire":"iris261060000","libelle_territoire":"La Coucourde (commune non irisée)"}},
{"type":"Feature","geometry":{"type":"Polygon","coordinates":[[[5.09219,45.18794],[5.08816,45.19021],[5.08652,45.19727],[5.08347,45.20014],[5.08084,45.20005],[5.07562,45.19574],[5.07369,45.18945],[5.06811,45.18677],[5.06488,45.18201],[5.05721,45.18184],[5.05111,45.18438],[5.04367,45.18131],[5.04075,45.16634],[5.04431,45.1645],[5.04732,45.15762],[5.05181,45.15533],[5.0538,45.15788],[5.05716,45.15777],[5.05637,45.15956],[5.06163,45.16237],[5.06365,45.16127],[5.0667,45.16237],[5.07255,45.15897],[5.07497,45.16148],[5.08615,45.16387],[5.08689,45.16741],[5.09189,45.16923],[5.09417,45.17964],[5.09023,45.18385],[5.09351,45.18572],[5.09219,45.18794]]]},"properties":{"code_territoire":"iris261070000","libelle_territoire":"Crépol (commune non irisée)"}},
{"type":"Feature","geometry":{"type":"Polygon","coordinates":[[[5.03354,44.72217],[5.02408,44.72678],[5.00856,44.72944],[4.98973,44.73109],[4.98896,44.72813],[4.99425,44.72503],[4.99636,44.71266],[4.99985,44.70843],[5.01221,44.70827],[5.01419,44.71278],[5.02059,44.71065],[5.02022,44.7053],[5.02567,44.70293],[5.03354,44.70252],[5.04018,44.70534],[5.04321,44.7174],[5.03354,44.72217]]]},"properties":{"code_territoire":"iris261080101","libelle_territoire":"Sud"}},
{"type":"Feature","geometry":{"type":"Polygon","coordinates":[[[5.53801,44.61711],[5.52131,44.61186],[5.48921,44.60841],[5.48252,44.60546],[5.4883,44.60072],[5.48531,44.59856],[5.48872,44.59055],[5.48536,44.57891],[5.49276,44.57432],[5.49919,44.57279],[5.50197,44.56764],[5.50298,44.5679],[5.50353,44.57133],[5.50804,44.57256],[5.50977,44.57559],[5.51939,44.57567],[5.53204,44.57843],[5.53347,44.57695],[5.54656,44.58225],[5.5517,44.58209],[5.55165,44.60098],[5.54757,44.61004],[5.54049,44.60985],[5.53801,44.61711]]]},"properties":{"code_territoire":"iris261640000","libelle_territoire":"Lesches-en-Diois (commune non irisée)"}},
{"type":"Feature","geometry":{"type":"Polygon","coordinates":[[[5.02408,44.72678],[5.02955,44.72857],[5.02693,44.72934],[5.02845,44.73151],[5.02251,44.729],[5.02093,44.73227],[5.0125,44.73368],[5.00856,44.72944],[5.02408,44.72678]]]},"properties":{"code_territoire":"iris261080102","libelle_territoire":"Centre"}},
{"type":"Feature","geometry":{"type":"Polygon","coordinates":[[[5.05435,44.75978],[5.04582,44.75693],[5.03877,44.75849],[5.03725,44.75286],[5.03443,44.7517],[5.01909,44.75334],[5.01134,44.74994],[5.00888,44.75627],[5.00306,44.75679],[5.00317,44.75478],[4.99048,44.74522],[4.98001,44.73153],[4.98973,44.73109],[5.00856,44.72944],[5.0125,44.73368],[5.02093,44.73227],[5.02251,44.729],[5.02845,44.73151],[5.02693,44.72934],[5.02955,44.72857],[5.02408,44.72678],[5.03354,44.72217],[5.04342,44.73132],[5.05273,44.73501],[5.0622,44.74751],[5.05435,44.75978]]]},"properties":{"code_territoire":"iris261080103","libelle_territoire":"Extérieur Nord"}},
{"type":"Feature","geometry":{"type":"Polygon","coordinates":[[[4.83037,45.08416],[4.8279,45.07875],[4.83388,45.07986],[4.8352,45.07867],[4.83899,45.0797],[4.84084,45.0781],[4.85544,45.07875],[4.85633,45.08066],[4.85229,45.08449],[4.85443,45.09017],[4.85252,45.09202],[4.84851,45.09155],[4.85044,45.0936],[4.84636,45.10505],[4.85317,45.11858],[4.85755,45.12449],[4.86136,45.12629],[4.85045,45.1262],[4.8472,45.12258],[4.84166,45.11708],[4.84377,45.11505],[4.83967,45.11009],[4.83909,45.1037],[4.8374,45.10491],[4.83515,45.10371],[4.83286,45.10633],[4.8362,45.09493],[4.83037,45.08416]]]},"properties":{"code_territoire":"iris261100000","libelle_territoire":"Crozes-Hermitage (commune non irisée)"}},
{"type":"Feature","geometry":{"type":"Polygon","coordinates":[[[5.2105,44.5606],[5.20442,44.56395],[5.19873,44.56369],[5.19512,44.56833],[5.18115,44.57113],[5.17858,44.56931],[5.1716,44.57307],[5.16593,44.57352],[5.15946,44.57102],[5.15859,44.56898],[5.16103,44.5658],[5.15769,44.56388],[5.15809,44.55618],[5.16066,44.55473],[5.15656,44.55019],[5.15111,44.54747],[5.15038,44.54383],[5.15224,44.5423],[5.16062,44.54342],[5.16219,44.54031],[5.18251,44.53825],[5.18412,44.53427],[5.1901,44.53103],[5.19776,44.54278],[5.2068,44.54814],[5.20772,44.5565],[5.2105,44.5606]]]},"properties":{"code_territoire":"iris261110000","libelle_territoire":"Crupies (commune non irisée)"}},
{"type":"Feature","geometry":{"type":"Polygon","coordinates":[[[4.83988,44.76574],[4.84419,44.77298],[4.82945,44.77903],[4.8243,44.76916],[4.83988,44.76574]]]},"properties":{"code_territoire":"iris261650101","libelle_territoire":"Vieux Bourg"}},
{"type":"Feature","geometry":{"type":"Polygon","coordinates":[[[4.7609,44.77131],[4.78109,44.77227],[4.80037,44.76633],[4.80792,44.76657],[4.81395,44.77009],[4.8243,44.76916],[4.82945,44.77903],[4.83915,44.78995],[4.84994,44.78819],[4.84724,44.77502],[4.84419,44.77298],[4.83988,44.76574],[4.85052,44.76077],[4.85986,44.76137],[4.86899,44.75919],[4.87645,44.75697],[4.87723,44.75835],[4.88077,44.76318],[4.89005,44.79117],[4.89071,44.80243],[4.89066,44.80272],[4.88371,44.81077],[4.87736,44.81139],[4.87208,44.81479],[4.86762,44.82127],[4.86152,44.82545],[4.85628,44.80904],[4.85094,44.80988],[4.8505,44.80668],[4.83196,44.81301],[4.82826,44.81048],[4.82166,44.81004],[4.81901,44.81173],[4.80093,44.8063],[4.79701,44.80505],[4.79551,44.79361],[4.7876,44.78965],[4.78307,44.78319],[4.77625,44.78266],[4.7648,44.77764],[4.7609,44.77131]]]},"properties":{"code_territoire":"iris261650102","libelle_territoire":"Est"}},
{"type":"Feature","geometry":{"type":"Polygon","coordinates":[[[4.82945,44.77903],[4.84419,44.77298],[4.84724,44.77502],[4.84994,44.78819],[4.83915,44.78995],[4.82945,44.77903]]]},"properties":{"code_territoire":"iris261650103","libelle_territoire":"Nouveau Centre"}},
{"type":"Feature","geometry":{"type":"Polygon","coordinates":[[[4.83988,44.76574],[4.83854,44.76158],[4.8232,44.75296],[4.81774,44.75335],[4.80845,44.74643],[4.8137,44.74488],[4.81221,44.74132],[4.81772,44.73862],[4.82231,44.73182],[4.84446,44.73469],[4.84877,44.73198],[4.85141,44.74019],[4.8516,44.74663],[4.84833,44.75344],[4.85081,44.75954],[4.86941,44.75706],[4.86899,44.75919],[4.85986,44.76137],[4.85052,44.76077],[4.83988,44.76574]]]},"properties":{"code_territoire":"iris261660101","libelle_territoire":"Centre Est"}},
{"type":"Feature","geometry":{"type":"Polygon","coordinates":[[[4.76418,44.72917],[4.76771,44.72833],[4.77141,44.7395],[4.78183,44.72951],[4.80741,44.72654],[4.81111,44.73266],[4.82231,44.73182],[4.81772,44.73862],[4.81221,44.74132],[4.8137,44.74488],[4.80845,44.74643],[4.81774,44.75335],[4.8232,44.75296],[4.83854,44.76158],[4.83988,44.76574],[4.8243,44.76916],[4.81395,44.77009],[4.80792,44.76657],[4.80037,44.76633],[4.78109,44.77227],[4.7609,44.77131],[4.76313,44.76495],[4.76935,44.75961],[4.76843,44.75589],[4.75876,44.74822],[4.76347,44.73724],[4.76418,44.72917]]]},"properties":{"code_territoire":"iris261660102","libelle_territoire":"Ouest"}},
{"type":"Feature","geometry":{"type":"Polygon","coordinates":[[[5.2355,44.40093],[5.23048,44.39738],[5.2234,44.39958],[5.2191,44.39905],[5.21066,44.39768],[5.20971,44.39446],[5.21073,44.38926],[5.21757,44.38739],[5.22239,44.38493],[5.22014,44.38003],[5.22954,44.37479],[5.23345,44.36689],[5.23662,44.36636],[5.24455,44.3707],[5.24723,44.37641],[5.24295,44.38126],[5.25582,44.38587],[5.25616,44.38972],[5.25192,44.39265],[5.25343,44.39713],[5.24951,44.40067],[5.23719,44.39909],[5.2355,44.40093]]]},"properties":{"code_territoire":"iris261120000","libelle_territoire":"Curnier (commune non irisée)"}},
{"type":"Feature","geometry":{"type":"Polygon","coordinates":[[[5.3186,44.74535],[5.32043,44.74012],[5.31833,44.73828],[5.3203,44.73232],[5.31871,44.72738],[5.33332,44.72429],[5.34315,44.71467],[5.35672,44.71122],[5.36825,44.71447],[5.37271,44.7117],[5.38695,44.71202],[5.39561,44.71773],[5.39278,44.72835],[5.39736,44.72997],[5.41603,44.72968],[5.42288,44.73145],[5.41987,44.73559],[5.42214,44.73568],[5.42963,44.72788],[5.43128,44.72653],[5.44024,44.73212],[5.45085,44.73302],[5.45478,44.73513],[5.45347,44.7426],[5.45051,44.74229],[5.45052,44.74402],[5.45849,44.74547],[5.46044,44.74754],[5.46103,44.75045],[5.45729,44.75717],[5.43955,44.75863],[5.40748,44.75153],[5.40706,44.75744],[5.40382,44.75842],[5.4015,44.76479],[5.40164,44.77096],[5.39307,44.77501],[5.3982,44.77866],[5.39938,44.783],[5.39254,44.78214],[5.38643,44.78504],[5.37367,44.78011],[5.36743,44.78424],[5.35966,44.78448],[5.35798,44.7884],[5.34768,44.7917],[5.33866,44.78526],[5.33028,44.76737],[5.31964,44.76879],[5.31433,44.76777],[5.31988,44.76296],[5.32446,44.76302],[5.32981,44.75444],[5.32768,44.74846],[5.32237,44.7489],[5.3186,44.74535]]]},"properties":{"code_territoire":"iris261130000","libelle_territoire":"Die (commune non irisée)"}},
{"type":"Feature","geometry":{"type":"Polygon","coordinates":[[[5.04539,44.5597],[5.04019,44.55347],[5.03454,44.5346],[5.03143,44.52036],[5.03162,44.50638],[5.03856,44.50701],[5.04388,44.50494],[5.04896,44.50721],[5.05207,44.50533],[5.05598,44.50624],[5.0591,44.50487],[5.07101,44.50904],[5.07374,44.50585],[5.08358,44.50616],[5.09409,44.51333],[5.09986,44.51288],[5.10191,44.51489],[5.10519,44.51782],[5.10614,44.52719],[5.09874,44.53008],[5.09437,44.54187],[5.0793,44.54684],[5.07432,44.55078],[5.08173,44.5623],[5.07962,44.56591],[5.07365,44.56353],[5.06289,44.56374],[5.05407,44.55818],[5.04951,44.55744],[5.04539,44.5597]]]},"properties":{"code_territoire":"iris261140000","libelle_territoire":"Dieulefit (commune non irisée)"}},
{"type":"Feature","geometry":{"type":"Polygon","coordinates":[[[5.48536,44.57891],[5.48872,44.59055],[5.48531,44.59856],[5.4883,44.60072],[5.48252,44.60546],[5.48921,44.60841],[5.48268,44.62199],[5.48465,44.62535],[5.47629,44.63179],[5.45374,44.63686],[5.43876,44.64605],[5.4274,44.64699],[5.42343,44.64943],[5.4238,44.6458],[5.42398,44.64372],[5.43682,44.6356],[5.43561,44.63001],[5.44108,44.62606],[5.43602,44.62329],[5.44192,44.61312],[5.4375,44.61136],[5.44051,44.60357],[5.43334,44.59436],[5.43299,44.58945],[5.44068,44.57728],[5.44704,44.5771],[5.45001,44.58287],[5.45953,44.58955],[5.4655,44.58576],[5.47176,44.59151],[5.47286,44.58957],[5.4769,44.58884],[5.47737,44.58277],[5.48536,44.57891]]]},"properties":{"code_territoire":"iris261670000","libelle_territoire":"Luc-en-Diois (commune non irisée)"}},
{"type":"Feature","geometry":{"type":"Polygon","coordinates":[[[5.65155,44.65521],[5.65628,44.65409],[5.65546,44.65163],[5.66849,44.64848],[5.67991,44.65239],[5.68964,44.64737],[5.70403,44.64504],[5.70687,44.6422],[5.7146,44.64365],[5.72175,44.63962],[5.73866,44.64079],[5.73463,44.64602],[5.73603,44.64991],[5.74301,44.64905],[5.7436,44.64758],[5.75348,44.64858],[5.74743,44.65489],[5.75029,44.65653],[5.75026,44.66156],[5.7531,44.66031],[5.75436,44.66311],[5.76413,44.65579],[5.78035,44.65288],[5.78976,44.65318],[5.79233,44.65567],[5.79252,44.66084],[5.79778,44.66334],[5.80064,44.66865],[5.79942,44.67415],[5.82642,44.68614],[5.83044,44.69055],[5.82568,44.70153],[5.80197,44.70676],[5.78398,44.70023],[5.77863,44.70067],[5.77209,44.69704],[5.76787,44.69931],[5.75607,44.69593],[5.74606,44.70095],[5.74124,44.70686],[5.74177,44.71067],[5.7369,44.71379],[5.72403,44.71191],[5.7194,44.71377],[5.71492,44.7193],[5.70869,44.72093],[5.70425,44.72935],[5.69998,44.7287],[5.69879,44.72207],[5.66316,44.72549],[5.66124,44.72072],[5.6471,44.7241],[5.64612,44.71548],[5.64974,44.71516],[5.65714,44.7094],[5.65742,44.69817],[5.65964,44.69491],[5.65058,44.68897],[5.64046,44.6784],[5.64872,44.67226],[5.65155,44.65521]]]},"properties":{"code_territoire":"iris261680000","libelle_territoire":"Lus-la-Croix-Haute (commune non irisée)"}},
{"type":"Feature","geometry":{"type":"Polygon","coordinates":[[[5.01519,44.67713],[5.02251,44.67829],[5.02915,44.68283],[5.03325,44.68186],[5.03705,44.68342],[5.0406,44.68567],[5.03667,44.69351],[5.04049,44.70122],[5.04018,44.70534],[5.03354,44.70252],[5.02567,44.70293],[5.02022,44.7053],[5.02059,44.71065],[5.01419,44.71278],[5.01221,44.70827],[4.99985,44.70843],[4.99636,44.71266],[4.99425,44.72503],[4.98896,44.72813],[4.98973,44.73109],[4.98001,44.73153],[4.97947,44.73157],[4.97951,44.72463],[4.98413,44.71722],[4.98317,44.71371],[4.99001,44.71169],[4.9863,44.70088],[4.98927,44.69284],[4.98834,44.68661],[4.99112,44.68495],[4.99659,44.68301],[5.003,44.68459],[5.00618,44.68762],[5.01124,44.68366],[5.01163,44.67923],[5.01519,44.67713]]]},"properties":{"code_territoire":"iris261150000","libelle_territoire":"Divajeu (commune non irisée)"}},
{"type":"Feature","geometry":{"type":"Polygon","coordinates":[[[4.66437,44.39895],[4.67698,44.40624],[4.69901,44.40302],[4.70766,44.40619],[4.7221,44.41185],[4.72027,44.41267],[4.72689,44.4148],[4.73804,44.41609],[4.74768,44.4226],[4.7472,44.42766],[4.75685,44.45312],[4.72297,44.4566],[4.71445,44.46476],[4.71506,44.47022],[4.7002,44.4695],[4.70009,44.45894],[4.69541,44.44511],[4.68918,44.44038],[4.67172,44.43558],[4.66737,44.43067],[4.66311,44.40819],[4.66437,44.39895]]]},"properties":{"code_territoire":"iris261160000","libelle_territoire":"Donzère (commune non irisée)"}},
{"type":"Feature","geometry":{"type":"Polygon","coordinates":[[[5.35265,45.04703],[5.35306,45.04035],[5.36073,45.03998],[5.36557,45.03664],[5.36839,45.02759],[5.36711,45.02274],[5.37132,45.01262],[5.37546,45.01081],[5.38151,45.01121],[5.38605,45.00743],[5.39309,45.00771],[5.40043,45.00519],[5.41595,45.00583],[5.41693,45.00678],[5.41075,45.01189],[5.40884,45.02171],[5.40366,45.02557],[5.39727,45.03833],[5.38575,45.03481],[5.38006,45.04081],[5.37508,45.04025],[5.3727,45.04398],[5.36154,45.04708],[5.35265,45.04703]]]},"properties":{"code_territoire":"iris261170000","libelle_territoire":"Échevis (commune non irisée)"}},
{"type":"Feature","geometry":{"type":"Polygon","coordinates":[[[4.77589,44.46665],[4.76981,44.47556],[4.77594,44.48259],[4.77514,44.48495],[4.76608,44.49019],[4.75026,44.48973],[4.74314,44.49538],[4.7307,44.49573],[4.7245,44.49314],[4.72261,44.49387],[4.72266,44.4843],[4.72623,44.47616],[4.72382,44.47167],[4.71506,44.47022],[4.71445,44.46476],[4.72297,44.4566],[4.75685,44.45312],[4.75761,44.45485],[4.76447,44.4568],[4.76619,44.46189],[4.77291,44.46259],[4.77589,44.46665]]]},"properties":{"code_territoire":"iris261690000","libelle_territoire":"Malataverne (commune non irisée)"}},
{"type":"Feature","geometry":{"type":"Polygon","coordinates":[[[4.93704,44.9],[4.95572,44.88926],[4.96198,44.88098],[4.96933,44.87994],[4.97599,44.88307],[4.97743,44.88564],[4.97969,44.89341],[4.98293,44.89522],[4.98137,44.89609],[4.9832,44.89842],[4.97886,44.89887],[4.98192,44.90854],[4.97208,44.90973],[4.9377,44.92042],[4.93354,44.91359],[4.93704,44.9]]]},"properties":{"code_territoire":"iris261700000","libelle_territoire":"Malissard (commune non irisée)"}},
{"type":"Feature","geometry":{"type":"Polygon","coordinates":[[[4.96897,44.5943],[4.98512,44.5953],[4.99143,44.60728],[4.9796,44.60974],[4.974,44.60534],[4.97263,44.59843],[4.96897,44.5943]]]},"properties":{"code_territoire":"iris261710000","libelle_territoire":"Manas (commune non irisée)"}},
{"type":"Feature","geometry":{"type":"Polygon","coordinates":[[[5.01433,45.28296],[5.00917,45.29426],[5.02011,45.29732],[5.01825,45.30978],[5.0257,45.3155],[5.0326,45.31806],[5.02612,45.31678],[5.02101,45.31903],[4.98636,45.31612],[4.97178,45.31177],[4.97308,45.30901],[4.97502,45.30387],[4.9878,45.30686],[4.99059,45.30007],[4.99797,45.30189],[5.0035,45.2992],[5.01433,45.28296]]]},"properties":{"code_territoire":"iris261720000","libelle_territoire":"Manthes (commune non irisée)"}},
{"type":"Feature","geometry":{"type":"Polygon","coordinates":[[[5.13959,44.96509],[5.14141,44.96616],[5.138,44.96794],[5.13743,44.97277],[5.13984,44.97442],[5.13121,44.98404],[5.13276,44.98753],[5.1302,44.99316],[5.13214,44.99572],[5.12595,45.00072],[5.119,44.99963],[5.11078,44.99149],[5.10587,44.99235],[5.09906,44.98973],[5.09355,44.98292],[5.08874,44.9804],[5.08434,44.97285],[5.09115,44.9745],[5.09012,44.96852],[5.10881,44.9631],[5.12658,44.96716],[5.13577,44.96124],[5.13959,44.96509]]]},"properties":{"code_territoire":"iris261730000","libelle_territoire":"Marches (commune non irisée)"}},
{"type":"Feature","geometry":{"type":"Polygon","coordinates":[[[5.04666,45.12376],[5.04724,45.14298],[5.05181,45.15533],[5.04732,45.15762],[5.04005,45.15661],[5.03759,45.15027],[5.02819,45.14045],[5.01639,45.13818],[5.0081,45.13187],[5.00303,45.13021],[5.00261,45.12749],[5.00768,45.12489],[5.00479,45.12246],[5.02059,45.11253],[5.03062,45.11571],[5.03698,45.11556],[5.04509,45.12437],[5.04666,45.12376]]]},"properties":{"code_territoire":"iris261740000","libelle_territoire":"Margès (commune non irisée)"}},
{"type":"Feature","geometry":{"type":"Polygon","coordinates":[[[5.33198,44.82985],[5.31151,44.81815],[5.30194,44.8157],[5.28994,44.81602],[5.29223,44.80663],[5.31109,44.80164],[5.31878,44.79734],[5.32406,44.79158],[5.33866,44.78526],[5.34768,44.7917],[5.35798,44.7884],[5.35868,44.80333],[5.36869,44.82298],[5.36433,44.82689],[5.34807,44.83234],[5.33198,44.82985]]]},"properties":{"code_territoire":"iris261750000","libelle_territoire":"Marignac-en-Diois (commune non irisée)"}},
{"type":"Feature","geometry":{"type":"Polygon","coordinates":[[[4.90424,44.67504],[4.90438,44.67596],[4.8901,44.67382],[4.8881,44.68305],[4.87814,44.67957],[4.86478,44.66704],[4.85383,44.66287],[4.84987,44.65618],[4.84022,44.64618],[4.84451,44.63969],[4.84999,44.63685],[4.85613,44.62551],[4.85773,44.62644],[4.85981,44.62486],[4.86242,44.61383],[4.86702,44.61019],[4.87009,44.6112],[4.87069,44.60642],[4.88676,44.60631],[4.90579,44.60432],[4.91393,44.61429],[4.91592,44.61388],[4.92582,44.63128],[4.9238,44.63737],[4.91748,44.63723],[4.91322,44.63499],[4.90942,44.64555],[4.90535,44.64845],[4.90218,44.66459],[4.90424,44.67504]]]},"properties":{"code_territoire":"iris261760000","libelle_territoire":"Marsanne (commune non irisée)"}},
{"type":"Feature","geometry":{"type":"Polygon","coordinates":[[[4.94814,45.32853],[4.92917,45.32403],[4.91489,45.31525],[4.903,45.31124],[4.90389,45.31003],[4.9207,45.29597],[4.94238,45.29709],[4.94302,45.3005],[4.95265,45.30059],[4.95261,45.30252],[4.9558,45.30254],[4.96102,45.30711],[4.97308,45.30901],[4.97178,45.31177],[4.96631,45.3204],[4.9505,45.32443],[4.94814,45.32853]]]},"properties":{"code_territoire":"iris261180000","libelle_territoire":"Épinouze (commune non irisée)"}},
{"type":"Feature","geometry":{"type":"Polygon","coordinates":[[[5.05635,45.04124],[5.05787,45.04211],[5.06176,45.04521],[5.05536,45.04544],[5.04764,45.04536],[5.04595,45.04259],[5.04855,45.0417],[5.05635,45.04124]]]},"properties":{"code_territoire":"iris262810101","libelle_territoire":"Centre Historique"}},
{"type":"Feature","geometry":{"type":"Polygon","coordinates":[[[5.04595,45.04259],[5.04764,45.04536],[5.05536,45.04544],[5.0562,45.04848],[5.04757,45.04916],[5.04617,45.04544],[5.04088,45.04478],[5.04595,45.04259]]]},"properties":{"code_territoire":"iris262810102","libelle_territoire":"Centre Ville"}},
{"type":"Feature","geometry":{"type":"Polygon","coordinates":[[[5.03622,45.05305],[5.04068,45.04913],[5.04744,45.04917],[5.04268,45.05761],[5.04233,45.05941],[5.03791,45.05821],[5.03622,45.05305]]]},"properties":{"code_territoire":"iris262810201","libelle_territoire":"Presle-Mât-Bâtie"}},
{"type":"Feature","geometry":{"type":"Polygon","coordinates":[[[5.04744,45.04917],[5.04068,45.04913],[5.03622,45.05305],[5.03529,45.04694],[5.04088,45.04478],[5.04617,45.04544],[5.04757,45.04916],[5.04744,45.04917]]]},"properties":{"code_territoire":"iris262810202","libelle_territoire":"Chatiou-Duchesne"}},
{"type":"Feature","geometry":{"type":"Polygon","coordinates":[[[5.04595,45.04259],[5.04088,45.04478],[5.03529,45.04694],[5.03265,45.04368],[5.03496,45.04415],[5.0343,45.03759],[5.03711,45.03322],[5.04262,45.03362],[5.04164,45.03919],[5.04595,45.04259]]]},"properties":{"code_territoire":"iris262810203","libelle_territoire":"Les Ors-Les Récollets"}},
{"type":"Feature","geometry":{"type":"Polygon","coordinates":[[[5.04855,45.0417],[5.04595,45.04259],[5.04164,45.03919],[5.04262,45.03362],[5.03711,45.03322],[5.0343,45.03759],[5.03496,45.04415],[5.03265,45.04368],[5.03529,45.04694],[5.03622,45.05305],[5.03791,45.05821],[5.04233,45.05941],[5.04073,45.0647],[5.03922,45.06858],[5.03044,45.07065],[5.02764,45.07795],[5.01595,45.08829],[5.00401,45.08712],[5.00069,45.09421],[4.99802,45.09558],[4.9858,45.0808],[4.9974,45.08202],[5.00001,45.08038],[5.00268,45.06718],[4.99529,45.06024],[4.99424,45.05338],[4.99078,45.04929],[4.99521,45.04901],[4.99524,45.0375],[4.99219,45.0326],[5.00961,45.03368],[5.03353,45.02674],[5.04348,45.02917],[5.04442,45.03042],[5.04301,45.03671],[5.044,45.04034],[5.04855,45.0417]]]},"properties":{"code_territoire":"iris262810204","libelle_territoire":"Ouest Rural"}},
{"type":"Feature","geometry":{"type":"Polygon","coordinates":[[[4.95333,45.10919],[4.95091,45.11216],[4.95499,45.1169],[4.95426,45.12706],[4.92387,45.13488],[4.90689,45.14438],[4.90688,45.14433],[4.91337,45.11556],[4.92192,45.11226],[4.92371,45.11812],[4.92735,45.11841],[4.93373,45.1067],[4.93814,45.10677],[4.93807,45.1025],[4.94091,45.10217],[4.94241,45.09621],[4.95333,45.10919]]]},"properties":{"code_territoire":"iris261770000","libelle_territoire":"Marsaz (commune non irisée)"}},
{"type":"Feature","geometry":{"type":"Polygon","coordinates":[[[5.42343,44.64943],[5.4274,44.64699],[5.43876,44.64605],[5.45374,44.63686],[5.47629,44.63179],[5.48465,44.62535],[5.49489,44.62801],[5.49516,44.63044],[5.50255,44.63584],[5.50852,44.63737],[5.51056,44.64124],[5.51708,44.63998],[5.5213,44.64279],[5.52457,44.65065],[5.52023,44.66414],[5.51228,44.67338],[5.50518,44.67163],[5.49962,44.67384],[5.49193,44.68029],[5.48356,44.68184],[5.47648,44.68804],[5.4624,44.68365],[5.44926,44.68109],[5.4475,44.68204],[5.44087,44.68106],[5.43788,44.68236],[5.42373,44.67819],[5.41567,44.67827],[5.41825,44.67138],[5.42612,44.67173],[5.42825,44.66655],[5.42967,44.65426],[5.42343,44.64943]]]},"properties":{"code_territoire":"iris261780000","libelle_territoire":"Menglon (commune non irisée)"}},
{"type":"Feature","geometry":{"type":"Polygon","coordinates":[[[4.85412,45.04621],[4.85885,45.04283],[4.88681,45.03932],[4.88698,45.03951],[4.91037,45.0643],[4.91024,45.07522],[4.91736,45.07533],[4.91883,45.07206],[4.9235,45.07104],[4.92407,45.06941],[4.93349,45.06948],[4.93746,45.08118],[4.93648,45.09151],[4.9299,45.0916],[4.92512,45.0975],[4.91871,45.09652],[4.91884,45.09469],[4.91114,45.09758],[4.90357,45.10825],[4.89867,45.10108],[4.89255,45.10121],[4.88555,45.10452],[4.88068,45.09995],[4.87916,45.09523],[4.88029,45.08694],[4.87288,45.07877],[4.86545,45.07468],[4.86431,45.07005],[4.87001,45.06571],[4.86585,45.05788],[4.86075,45.05533],[4.85412,45.04621]]]},"properties":{"code_territoire":"iris261790000","libelle_territoire":"Mercurol-Veaunes (commune non irisée)"}},
{"type":"Feature","geometry":{"type":"Polygon","coordinates":[[[5.17012,44.29888],[5.16827,44.29002],[5.16156,44.289],[5.16291,44.28743],[5.14976,44.28206],[5.14626,44.27198],[5.14754,44.26958],[5.16071,44.26671],[5.16185,44.24582],[5.17024,44.25308],[5.17888,44.25504],[5.18268,44.25798],[5.18582,44.26594],[5.18023,44.28],[5.18359,44.28438],[5.18106,44.28854],[5.17012,44.29888]]]},"properties":{"code_territoire":"iris261800000","libelle_territoire":"Mérindol-les-Oliviers (commune non irisée)"}},
{"type":"Feature","geometry":{"type":"Polygon","coordinates":[[[5.4494,44.21529],[5.45719,44.20764],[5.47036,44.2041],[5.47772,44.20659],[5.47984,44.20436],[5.48629,44.21321],[5.5014,44.21745],[5.50232,44.22264],[5.508,44.22346],[5.51012,44.2276],[5.5201,44.23447],[5.52538,44.23433],[5.53004,44.25408],[5.50947,44.25467],[5.49719,44.25226],[5.49129,44.25177],[5.47066,44.25537],[5.45132,44.26272],[5.44478,44.25743],[5.447,44.24899],[5.4418,44.24904],[5.43904,44.2439],[5.43797,44.23706],[5.44376,44.23455],[5.44518,44.23144],[5.44239,44.22178],[5.4494,44.21529]]]},"properties":{"code_territoire":"iris261810000","libelle_territoire":"Mévouillon (commune non irisée)"}},
{"type":"Feature","geometry":{"type":"Polygon","coordinates":[[[5.04073,45.0647],[5.04233,45.05941],[5.04268,45.05761],[5.05768,45.05689],[5.05673,45.054],[5.0632,45.05298],[5.07162,45.05559],[5.07668,45.06082],[5.08878,45.06359],[5.08832,45.06743],[5.08125,45.06731],[5.08105,45.07103],[5.07687,45.07046],[5.06435,45.05803],[5.04073,45.0647]]]},"properties":{"code_territoire":"iris262810301","libelle_territoire":"Gloriette-Méannes-Rural"}},
{"type":"Feature","geometry":{"type":"Polygon","coordinates":[[[5.04757,45.04916],[5.0562,45.04848],[5.0632,45.05298],[5.05673,45.054],[5.05768,45.05689],[5.04268,45.05761],[5.04744,45.04917],[5.04757,45.04916]]]},"properties":{"code_territoire":"iris262810302","libelle_territoire":"Péricentre-Nord"}},
{"type":"Feature","geometry":{"type":"Polygon","coordinates":[[[5.08878,45.06359],[5.07668,45.06082],[5.07162,45.05559],[5.0632,45.05298],[5.0562,45.04848],[5.06714,45.04857],[5.07793,45.05143],[5.07876,45.05021],[5.08124,45.04689],[5.08363,45.04336],[5.0756,45.04113],[5.07682,45.03902],[5.08769,45.04082],[5.10113,45.03942],[5.10848,45.0461],[5.10969,45.05139],[5.10297,45.0507],[5.09429,45.06052],[5.09283,45.0654],[5.08878,45.06359]]]},"properties":{"code_territoire":"iris262810401","libelle_territoire":"Pierrotte-Chasses-Zone Industrielle Vignards"}},
{"type":"Feature","geometry":{"type":"Polygon","coordinates":[[[5.07682,45.03902],[5.0756,45.04113],[5.08363,45.04336],[5.08124,45.04689],[5.0756,45.04626],[5.07246,45.04492],[5.07314,45.04332],[5.06817,45.04326],[5.06768,45.04135],[5.05787,45.04211],[5.05635,45.04124],[5.06434,45.04012],[5.07682,45.03902]]]},"properties":{"code_territoire":"iris262810402","libelle_territoire":"Est Château Fleury"}},
{"type":"Feature","geometry":{"type":"Polygon","coordinates":[[[5.07876,45.05021],[5.07793,45.05143],[5.06714,45.04857],[5.0562,45.04848],[5.05536,45.04544],[5.06176,45.04521],[5.05787,45.04211],[5.06768,45.04135],[5.06817,45.04326],[5.07314,45.04332],[5.07246,45.04492],[5.06683,45.04364],[5.06512,45.04497],[5.07555,45.04897],[5.07876,45.05021]]]},"properties":{"code_territoire":"iris262810403","libelle_territoire":"Est Pavillonnaire"}},
{"type":"Feature","geometry":{"type":"Polygon","coordinates":[[[5.0756,45.04626],[5.07555,45.04897],[5.06512,45.04497],[5.06683,45.04364],[5.07246,45.04492],[5.0756,45.04626]]]},"properties":{"code_territoire":"iris262810501","libelle_territoire":"Monnaie"}},
{"type":"Feature","geometry":{"type":"Polygon","coordinates":[[[5.08124,45.04689],[5.07876,45.05021],[5.07555,45.04897],[5.0756,45.04626],[5.08124,45.04689]]]},"properties":{"code_territoire":"iris262810502","libelle_territoire":"Monnaie Est"}},
{"type":"Feature","geometry":{"type":"Polygon","coordinates":[[[5.46384,44.82627],[5.45835,44.82891],[5.45101,44.82825],[5.4461,44.82989],[5.43944,44.82789],[5.43419,44.82879],[5.43063,44.82691],[5.42686,44.82787],[5.41687,44.82595],[5.41066,44.81533],[5.40864,44.80467],[5.39997,44.79959],[5.39815,44.79608],[5.39938,44.783],[5.3982,44.77866],[5.39307,44.77501],[5.40164,44.77096],[5.4015,44.76479],[5.40382,44.75842],[5.40706,44.75744],[5.40748,44.75153],[5.43955,44.75863],[5.45729,44.75717],[5.4584,44.76155],[5.4561,44.76207],[5.45571,44.76559],[5.46139,44.77714],[5.47565,44.78603],[5.48162,44.78626],[5.47647,44.78862],[5.48026,44.79285],[5.46416,44.79242],[5.45851,44.80045],[5.46919,44.80622],[5.47614,44.80698],[5.47676,44.81566],[5.4851,44.82286],[5.47165,44.82365],[5.46384,44.82627]]]},"properties":{"code_territoire":"iris262820000","libelle_territoire":"Romeyer (commune non irisée)"}},
{"type":"Feature","geometry":{"type":"Polygon","coordinates":[[[5.06054,44.30821],[5.06793,44.29987],[5.0708,44.28914],[5.07666,44.28395],[5.08369,44.28289],[5.08651,44.28399],[5.09244,44.2867],[5.09005,44.29081],[5.09279,44.29399],[5.10063,44.29343],[5.10452,44.29509],[5.10494,44.30027],[5.11039,44.29808],[5.1167,44.30139],[5.11837,44.31247],[5.13116,44.31252],[5.15867,44.31705],[5.14991,44.32322],[5.13153,44.31963],[5.1302,44.3252],[5.1356,44.32984],[5.13552,44.33301],[5.14096,44.33639],[5.13455,44.33951],[5.12049,44.34067],[5.11561,44.3436],[5.0994,44.33357],[5.09192,44.32875],[5.07831,44.32401],[5.07438,44.31822],[5.06054,44.30821]]]},"properties":{"code_territoire":"iris261820000","libelle_territoire":"Mirabel-aux-Baronnies (commune non irisée)"}},
{"type":"Feature","geometry":{"type":"Polygon","coordinates":[[[5.1706,44.72377],[5.15466,44.72066],[5.15052,44.72234],[5.14412,44.71717],[5.12315,44.7233],[5.10795,44.73514],[5.10428,44.72992],[5.08734,44.73032],[5.08035,44.71716],[5.07635,44.71438],[5.07886,44.71163],[5.09202,44.70655],[5.10894,44.70516],[5.11213,44.7023],[5.11809,44.70317],[5.12188,44.6967],[5.13551,44.69574],[5.14324,44.69745],[5.14178,44.70225],[5.14523,44.70129],[5.15639,44.70288],[5.16757,44.70757],[5.17338,44.71339],[5.17312,44.72199],[5.1706,44.72377]]]},"properties":{"code_territoire":"iris261830000","libelle_territoire":"Mirabel-et-Blacons (commune non irisée)"}},
{"type":"Feature","geometry":{"type":"Polygon","coordinates":[[[5.39583,44.46212],[5.39591,44.46158],[5.40033,44.45821],[5.40311,44.46094],[5.4074,44.4587],[5.41604,44.45913],[5.42063,44.46736],[5.43033,44.47142],[5.43315,44.47516],[5.4316,44.47826],[5.43668,44.48219],[5.43246,44.49135],[5.42569,44.4888],[5.42421,44.49234],[5.42618,44.4965],[5.41904,44.50252],[5.41377,44.50035],[5.40119,44.47832],[5.40819,44.47419],[5.40703,44.47151],[5.39555,44.46509],[5.39583,44.46212]]]},"properties":{"code_territoire":"iris262830000","libelle_territoire":"Rottier (commune non irisée)"}},
{"type":"Feature","geometry":{"type":"Polygon","coordinates":[[[4.79884,44.46615],[4.79613,44.46649],[4.79105,44.46254],[4.78697,44.46201],[4.78021,44.46347],[4.77589,44.46665],[4.77291,44.46259],[4.76619,44.46189],[4.76447,44.4568],[4.75761,44.45485],[4.77338,44.43714],[4.7692,44.42882],[4.76935,44.41532],[4.7823,44.41615],[4.78533,44.42053],[4.79693,44.42471],[4.80282,44.42263],[4.81405,44.43867],[4.81445,44.44445],[4.81133,44.45546],[4.79846,44.45962],[4.79884,44.46615]]]},"properties":{"code_territoire":"iris262840000","libelle_territoire":"Roussas (commune non irisée)"}},
{"type":"Feature","geometry":{"type":"Polygon","coordinates":[[[5.10646,44.44019],[5.10177,44.4542],[5.07676,44.43915],[5.07269,44.43383],[5.05593,44.42244],[5.05235,44.42157],[5.0343,44.42456],[5.01855,44.41576],[5.02006,44.40982],[5.01763,44.40726],[5.02336,44.40889],[5.04681,44.40614],[5.05483,44.40109],[5.0624,44.40357],[5.074,44.40267],[5.07225,44.40478],[5.07387,44.41157],[5.07104,44.41482],[5.0724,44.41887],[5.07699,44.42196],[5.08601,44.42487],[5.09656,44.41863],[5.10591,44.42537],[5.10427,44.43435],[5.10646,44.44019]]]},"properties":{"code_territoire":"iris262850000","libelle_territoire":"Rousset-les-Vignes (commune non irisée)"}},
{"type":"Feature","geometry":{"type":"Polygon","coordinates":[[[5.4635,44.32119],[5.46213,44.31803],[5.47549,44.31779],[5.49831,44.31074],[5.49824,44.31312],[5.49402,44.31581],[5.49994,44.32103],[5.49661,44.33009],[5.49869,44.33419],[5.49283,44.33712],[5.48375,44.34498],[5.48252,44.34989],[5.469,44.35163],[5.46353,44.34981],[5.45908,44.34342],[5.4592,44.33752],[5.46492,44.32948],[5.4635,44.32119]]]},"properties":{"code_territoire":"iris262860000","libelle_territoire":"Roussieux (commune non irisée)"}},
{"type":"Feature","geometry":{"type":"Polygon","coordinates":[[[4.83469,44.65812],[4.84083,44.65958],[4.84987,44.65618],[4.85383,44.66287],[4.86478,44.66704],[4.87814,44.67957],[4.87633,44.69742],[4.86919,44.70427],[4.87513,44.71459],[4.86847,44.71837],[4.86093,44.71948],[4.85558,44.7119],[4.83384,44.71085],[4.8277,44.71347],[4.8217,44.71009],[4.81434,44.7115],[4.81478,44.70017],[4.8128,44.69702],[4.81481,44.6956],[4.81238,44.69501],[4.81532,44.69097],[4.81265,44.68681],[4.81213,44.67783],[4.80689,44.67888],[4.80863,44.67253],[4.81627,44.67338],[4.8231,44.66778],[4.83253,44.66455],[4.83469,44.65812]]]},"properties":{"code_territoire":"iris261850000","libelle_territoire":"Mirmande (commune non irisée)"}},
{"type":"Feature","geometry":{"type":"Polygon","coordinates":[[[5.5213,44.64279],[5.51708,44.63998],[5.51056,44.64124],[5.50852,44.63737],[5.50255,44.63584],[5.49516,44.63044],[5.49489,44.62801],[5.48465,44.62535],[5.48268,44.62199],[5.48921,44.60841],[5.52131,44.61186],[5.53801,44.61711],[5.54592,44.62379],[5.54351,44.63214],[5.53462,44.63631],[5.53427,44.63811],[5.5213,44.64279]]]},"properties":{"code_territoire":"iris261860000","libelle_territoire":"Miscon (commune non irisée)"}},
{"type":"Feature","geometry":{"type":"Polygon","coordinates":[[[5.16185,44.24582],[5.14936,44.23559],[5.15266,44.23271],[5.15474,44.23486],[5.15481,44.23046],[5.15814,44.22863],[5.16082,44.22969],[5.16561,44.22488],[5.16735,44.22571],[5.17583,44.22041],[5.18143,44.21895],[5.18287,44.22026],[5.18501,44.21862],[5.1887,44.22017],[5.20703,44.21391],[5.2155,44.21513],[5.22172,44.21304],[5.22605,44.2151],[5.23035,44.21184],[5.23185,44.21377],[5.23823,44.21343],[5.24051,44.23086],[5.22704,44.23059],[5.22116,44.23027],[5.21838,44.23395],[5.21355,44.23405],[5.20204,44.24651],[5.20296,44.25975],[5.19012,44.26209],[5.18691,44.25898],[5.18268,44.25798],[5.17888,44.25504],[5.17024,44.25308],[5.16185,44.24582]]]},"properties":{"code_territoire":"iris261880000","libelle_territoire":"Mollans-sur-Ouvèze (commune non irisée)"}},
{"type":"Feature","geometry":{"type":"Polygon","coordinates":[[[4.92582,44.63128],[4.92973,44.62657],[4.93948,44.62458],[4.94721,44.62633],[4.94734,44.62349],[4.95329,44.62732],[4.95644,44.6382],[4.96248,44.63989],[4.9647,44.64371],[4.96774,44.64368],[4.97375,44.6485],[4.97183,44.65227],[4.96849,44.65109],[4.97078,44.65632],[4.96252,44.65873],[4.94515,44.65824],[4.94121,44.65353],[4.93729,44.6557],[4.93475,44.66304],[4.92845,44.66874],[4.9191,44.66995],[4.90978,44.675],[4.90424,44.67504],[4.90218,44.66459],[4.90535,44.64845],[4.90942,44.64555],[4.91322,44.63499],[4.91748,44.63723],[4.9238,44.63737],[4.92582,44.63128]]]},"properties":{"code_territoire":"iris262870000","libelle_territoire":"Roynac (commune non irisée)"}},
{"type":"Feature","geometry":{"type":"Polygon","coordinates":[[[5.24723,44.37641],[5.25194,44.37415],[5.2636,44.37988],[5.27492,44.38184],[5.28098,44.38898],[5.28678,44.39148],[5.28098,44.39298],[5.28329,44.39749],[5.28725,44.39785],[5.28921,44.40083],[5.28788,44.40542],[5.29097,44.41043],[5.2894,44.4109],[5.29251,44.41334],[5.29036,44.41432],[5.29164,44.4167],[5.30473,44.42409],[5.31078,44.4292],[5.309,44.4328],[5.30066,44.43114],[5.29371,44.4373],[5.29378,44.43454],[5.28871,44.43356],[5.28802,44.43169],[5.28264,44.4331],[5.28255,44.43119],[5.2753,44.43046],[5.27787,44.4278],[5.27634,44.42589],[5.25781,44.41525],[5.25161,44.41646],[5.24559,44.40676],[5.24278,44.40454],[5.24135,44.40705],[5.23874,44.40689],[5.23776,44.40123],[5.2355,44.40093],[5.23719,44.39909],[5.24951,44.40067],[5.25343,44.39713],[5.25192,44.39265],[5.25616,44.38972],[5.25582,44.38587],[5.24295,44.38126],[5.24723,44.37641]]]},"properties":{"code_territoire":"iris262880000","libelle_territoire":"Sahune (commune non irisée)"}},
{"type":"Feature","geometry":{"type":"Polygon","coordinates":[[[5.15542,44.69672],[5.16149,44.69442],[5.16649,44.69509],[5.16729,44.68852],[5.17408,44.68662],[5.1766,44.67675],[5.18018,44.6767],[5.18662,44.6767],[5.19519,44.67094],[5.19852,44.67344],[5.19585,44.67573],[5.21219,44.67696],[5.21496,44.67774],[5.21711,44.68304],[5.21594,44.68879],[5.21161,44.68949],[5.21187,44.69343],[5.21536,44.6957],[5.2129,44.69765],[5.21277,44.71059],[5.20609,44.71171],[5.19615,44.70886],[5.19242,44.7108],[5.18828,44.71706],[5.17338,44.71339],[5.16757,44.70757],[5.15639,44.70288],[5.14523,44.70129],[5.14178,44.70225],[5.14324,44.69745],[5.15542,44.69672]]]},"properties":{"code_territoire":"iris262890000","libelle_territoire":"Saillans (commune non irisée)"}},
{"type":"Feature","geometry":{"type":"Polygon","coordinates":[[[5.46774,44.28173],[5.47873,44.277],[5.4798,44.26522],[5.48499,44.25686],[5.49719,44.25226],[5.50947,44.25467],[5.53004,44.25408],[5.55289,44.25641],[5.55724,44.25905],[5.57121,44.25896],[5.57309,44.26113],[5.57054,44.26448],[5.55762,44.276],[5.54723,44.29084],[5.54622,44.29566],[5.49824,44.31312],[5.49831,44.31074],[5.49587,44.30791],[5.50447,44.3038],[5.50299,44.30189],[5.48887,44.30123],[5.48984,44.29706],[5.48486,44.28886],[5.47101,44.28434],[5.46774,44.28173]]]},"properties":{"code_territoire":"iris261890000","libelle_territoire":"Montauban-sur-l'Ouvèze (commune non irisée)"}},
{"type":"Feature","geometry":{"type":"Polygon","coordinates":[[[5.23662,44.36636],[5.23345,44.36689],[5.22954,44.37479],[5.22014,44.38003],[5.22239,44.38493],[5.21757,44.38739],[5.20913,44.38292],[5.20172,44.38235],[5.20416,44.37845],[5.20669,44.35998],[5.20507,44.35492],[5.20043,44.35484],[5.19975,44.33718],[5.2018,44.33074],[5.20614,44.32852],[5.21269,44.32945],[5.2136,44.33473],[5.21852,44.33896],[5.23362,44.34605],[5.23727,44.35096],[5.24116,44.35096],[5.24242,44.35702],[5.23662,44.36636]]]},"properties":{"code_territoire":"iris261900000","libelle_territoire":"Montaulieu (commune non irisée)"}},
{"type":"Feature","geometry":{"type":"Polygon","coordinates":[[[4.82471,44.54154],[4.83164,44.5419],[4.83185,44.54417],[4.82907,44.54511],[4.8313,44.54973],[4.84128,44.55228],[4.84097,44.5566],[4.84371,44.55741],[4.84246,44.56367],[4.83816,44.56402],[4.83427,44.56901],[4.82955,44.56994],[4.82586,44.56695],[4.80932,44.56308],[4.79808,44.5658],[4.794,44.56436],[4.79319,44.56219],[4.78894,44.5488],[4.78949,44.54197],[4.79817,44.53897],[4.80594,44.53704],[4.80679,44.54594],[4.8176,44.54374],[4.81963,44.54063],[4.82471,44.54154]]]},"properties":{"code_territoire":"iris261910000","libelle_territoire":"Montboucher-sur-Jabron (commune non irisée)"}},
{"type":"Feature","geometry":{"type":"Polygon","coordinates":[[[5.41687,44.82595],[5.42686,44.82787],[5.43063,44.82691],[5.43419,44.82879],[5.43944,44.82789],[5.4461,44.82989],[5.45101,44.82825],[5.45835,44.82891],[5.46384,44.82627],[5.46607,44.84122],[5.47557,44.86724],[5.47005,44.87903],[5.48032,44.89681],[5.48365,44.92229],[5.47768,44.96676],[5.45346,44.9686],[5.43741,44.97207],[5.4329,44.97133],[5.43186,44.96061],[5.42568,44.95506],[5.4163,44.95347],[5.41017,44.94948],[5.4026,44.92598],[5.41381,44.92162],[5.41468,44.91615],[5.40334,44.88932],[5.41127,44.89047],[5.40893,44.88634],[5.40981,44.88121],[5.40289,44.87505],[5.40714,44.87212],[5.39799,44.86468],[5.39426,44.84593],[5.40113,44.83995],[5.40442,44.83235],[5.40847,44.83085],[5.41385,44.83186],[5.41687,44.82595]]]},"properties":{"code_territoire":"iris262900000","libelle_territoire":"Saint-Agnan-en-Vercors (commune non irisée)"}},
{"type":"Feature","geometry":{"type":"Polygon","coordinates":[[[5.29223,44.80663],[5.28994,44.81602],[5.2881,44.81756],[5.28507,44.81596],[5.27353,44.81851],[5.26642,44.82292],[5.25719,44.82513],[5.24103,44.83264],[5.24287,44.81837],[5.23533,44.80223],[5.23811,44.79498],[5.25443,44.79272],[5.26627,44.79449],[5.27093,44.78935],[5.29086,44.79405],[5.28666,44.80372],[5.29223,44.80663]]]},"properties":{"code_territoire":"iris262910000","libelle_territoire":"Saint-Andéol (commune non irisée)"}},
{"type":"Feature","geometry":{"type":"Polygon","coordinates":[[[5.4635,44.32119],[5.4393,44.31757],[5.43413,44.32113],[5.43019,44.31636],[5.41924,44.31481],[5.41108,44.30864],[5.40049,44.30613],[5.39774,44.29521],[5.40049,44.29621],[5.40847,44.29253],[5.40517,44.28697],[5.40969,44.28432],[5.4101,44.27873],[5.43113,44.27075],[5.44272,44.28663],[5.45178,44.28386],[5.45437,44.28469],[5.45712,44.29068],[5.44815,44.31528],[5.46213,44.31803],[5.4635,44.32119]]]},"properties":{"code_territoire":"iris262920000","libelle_territoire":"Saint-Auban-sur-l'Ouvèze (commune non irisée)"}},
{"type":"Feature","geometry":{"type":"Polygon","coordinates":[[[4.98156,45.20908],[4.97328,45.20683],[4.97115,45.20903],[4.96678,45.20912],[4.96317,45.20883],[4.96065,45.21057],[4.94909,45.20964],[4.94588,45.21202],[4.94223,45.20937],[4.94515,45.20732],[4.94561,45.20317],[4.93808,45.19953],[4.93646,45.1916],[4.9435,45.18639],[4.94518,45.18532],[4.95352,45.18743],[4.96042,45.19182],[4.96605,45.18746],[4.97986,45.19043],[4.98367,45.19391],[4.98878,45.19209],[4.98936,45.1997],[5.00024,45.19949],[4.99504,45.20691],[4.98654,45.20719],[4.98156,45.20908]]]},"properties":{"code_territoire":"iris262930000","libelle_territoire":"Saint-Avit (commune non irisée)"}},
{"type":"Feature","geometry":{"type":"Polygon","coordinates":[[[5.01855,44.41576],[5.0343,44.42456],[5.04739,44.43756],[5.04863,44.44175],[5.05426,44.44379],[5.05299,44.44983],[5.04343,44.45482],[5.02941,44.45447],[5.02247,44.45216],[5.02081,44.44909],[5.01166,44.44507],[5.00924,44.43904],[5.00103,44.43566],[4.99885,44.43059],[4.99513,44.42911],[4.99577,44.42677],[4.98886,44.42324],[5.00128,44.41265],[5.01032,44.41077],[5.01182,44.41557],[5.01855,44.41576]]]},"properties":{"code_territoire":"iris261920000","libelle_territoire":"Montbrison-sur-Lez (commune non irisée)"}},
{"type":"Feature","geometry":{"type":"Polygon","coordinates":[[[5.38468,44.20111],[5.39947,44.1959],[5.40718,44.18745],[5.40712,44.18401],[5.41813,44.18342],[5.41841,44.17815],[5.42636,44.17828],[5.43598,44.15251],[5.43763,44.14924],[5.43654,44.14017],[5.43928,44.13782],[5.44775,44.13692],[5.46056,44.16086],[5.47952,44.16931],[5.48431,44.16951],[5.48525,44.1732],[5.47549,44.17692],[5.47044,44.18896],[5.46238,44.19088],[5.45782,44.19587],[5.45581,44.2031],[5.45719,44.20764],[5.4494,44.21529],[5.44286,44.21121],[5.43712,44.21198],[5.41127,44.22065],[5.401,44.22519],[5.39901,44.22772],[5.3917,44.21609],[5.37663,44.20526],[5.38468,44.20111]]]},"properties":{"code_territoire":"iris261930000","libelle_territoire":"Montbrun-les-Bains (commune non irisée)"}},
{"type":"Feature","geometry":{"type":"Polygon","coordinates":[[[5.07562,45.19574],[5.05854,45.20431],[5.05676,45.20937],[5.04484,45.21369],[5.04194,45.21726],[5.03255,45.21553],[5.02962,45.21242],[5.02893,45.20709],[5.02098,45.20515],[5.00814,45.19663],[5.00839,45.18845],[5.01055,45.18562],[5.01743,45.18624],[5.02116,45.16743],[5.0342,45.1672],[5.03961,45.1643],[5.04075,45.16634],[5.04367,45.18131],[5.05111,45.18438],[5.05721,45.18184],[5.06488,45.18201],[5.06811,45.18677],[5.07369,45.18945],[5.07562,45.19574]]]},"properties":{"code_territoire":"iris261940000","libelle_territoire":"Montchenu (commune non irisée)"}},
{"type":"Feature","geometry":{"type":"Polygon","coordinates":[[[4.97683,45.10546],[4.97248,45.09672],[4.96781,45.09569],[4.96762,45.09154],[4.96443,45.08968],[4.96448,45.0781],[4.97869,45.05999],[4.99529,45.06024],[5.00268,45.06718],[5.00001,45.08038],[4.9974,45.08202],[4.9858,45.0808],[4.99802,45.09558],[5.00426,45.10087],[4.99766,45.10582],[4.99014,45.10227],[4.97683,45.10546]]]},"properties":{"code_territoire":"iris262940000","libelle_territoire":"Saint-Bardoux (commune non irisée)"}},
{"type":"Feature","geometry":{"type":"Polygon","coordinates":[[[4.86683,45.13723],[4.89558,45.14917],[4.90049,45.1457],[4.90688,45.14433],[4.90689,45.14438],[4.91426,45.1546],[4.91268,45.1706],[4.90937,45.17524],[4.90027,45.18105],[4.89203,45.18403],[4.88788,45.18242],[4.88127,45.17392],[4.87951,45.1747],[4.87798,45.17205],[4.87478,45.17298],[4.87335,45.17145],[4.86318,45.17613],[4.86166,45.17871],[4.85663,45.17786],[4.85303,45.18203],[4.8428,45.17879],[4.84219,45.17979],[4.84525,45.17998],[4.84478,45.18335],[4.84064,45.17929],[4.83861,45.17942],[4.83412,45.18126],[4.83227,45.17767],[4.82854,45.17679],[4.82977,45.17441],[4.8274,45.17435],[4.82888,45.17196],[4.83415,45.1719],[4.83303,45.16823],[4.83597,45.16859],[4.85393,45.15807],[4.85952,45.14029],[4.86683,45.13723]]]},"properties":{"code_territoire":"iris262950000","libelle_territoire":"Saint-Barthélemy-de-Vals (commune non irisée)"}},
{"type":"Feature","geometry":{"type":"Polygon","coordinates":[[[5.25675,44.63103],[5.2634,44.63789],[5.26336,44.6423],[5.26697,44.64438],[5.28339,44.64484],[5.29047,44.6435],[5.29046,44.64036],[5.29372,44.64354],[5.28745,44.64786],[5.28652,44.65322],[5.28301,44.65423],[5.28394,44.65884],[5.28124,44.66113],[5.28443,44.66704],[5.28244,44.6668],[5.28205,44.66903],[5.27948,44.66825],[5.27715,44.67325],[5.26754,44.67377],[5.26494,44.67686],[5.26617,44.67899],[5.26147,44.67957],[5.25315,44.66632],[5.24358,44.66076],[5.24635,44.65666],[5.24037,44.64898],[5.24615,44.63859],[5.252,44.63831],[5.25675,44.63103]]]},"properties":{"code_territoire":"iris262960000","libelle_territoire":"Saint-Benoit-en-Diois (commune non irisée)"}},
{"type":"Feature","geometry":{"type":"Polygon","coordinates":[[[5.04194,45.21726],[5.04484,45.21369],[5.05676,45.20937],[5.05854,45.20431],[5.07562,45.19574],[5.08084,45.20005],[5.08347,45.20014],[5.08937,45.2016],[5.09792,45.20773],[5.09258,45.21055],[5.094,45.21688],[5.0912,45.21893],[5.08794,45.21807],[5.08298,45.22895],[5.07437,45.23621],[5.06988,45.23697],[5.0559,45.23364],[5.05514,45.23103],[5.04994,45.22878],[5.04855,45.22213],[5.04525,45.21876],[5.04194,45.21726]]]},"properties":{"code_territoire":"iris262980000","libelle_territoire":"Saint-Christophe-et-le-Laris (commune non irisée)"}},
{"type":"Feature","geometry":{"type":"Polygon","coordinates":[[[5.12835,44.75974],[5.12733,44.75805],[5.12904,44.75783],[5.12209,44.74666],[5.11105,44.74502],[5.10795,44.73514],[5.12315,44.7233],[5.14412,44.71717],[5.15052,44.72234],[5.15466,44.72066],[5.1706,44.72377],[5.18464,44.74273],[5.19426,44.74649],[5.19374,44.75183],[5.20398,44.75644],[5.20392,44.76582],[5.20619,44.7681],[5.19528,44.76639],[5.19453,44.77225],[5.1908,44.77755],[5.18761,44.77659],[5.18662,44.78323],[5.18343,44.78374],[5.18287,44.78136],[5.17327,44.78012],[5.16385,44.7727],[5.15489,44.77063],[5.14895,44.76599],[5.14774,44.76692],[5.14692,44.76207],[5.14012,44.75729],[5.13472,44.75533],[5.13532,44.75771],[5.12835,44.75974]]]},"properties":{"code_territoire":"iris261950000","libelle_territoire":"Montclar-sur-Gervanne (commune non irisée)"}},
{"type":"Feature","geometry":{"type":"Polygon","coordinates":[[[5.29404,44.75071],[5.29649,44.7451],[5.30909,44.74816],[5.30944,44.75409],[5.30807,44.75658],[5.30238,44.7585],[5.30232,44.76087],[5.30982,44.76678],[5.30488,44.77015],[5.30548,44.77572],[5.29775,44.78145],[5.29086,44.79405],[5.27093,44.78935],[5.27266,44.78115],[5.26092,44.77986],[5.25983,44.778],[5.25316,44.77674],[5.2771,44.76686],[5.28119,44.75797],[5.2906,44.75612],[5.29404,44.75071]]]},"properties":{"code_territoire":"iris262990000","libelle_territoire":"Sainte-Croix (commune non irisée)"}},
{"type":"Feature","geometry":{"type":"Polygon","coordinates":[[[5.48614,44.53547],[5.47022,44.52735],[5.47287,44.52088],[5.46637,44.51773],[5.46274,44.51978],[5.45739,44.51923],[5.45867,44.51604],[5.45606,44.51297],[5.4583,44.50808],[5.47306,44.50231],[5.47089,44.50018],[5.47386,44.49831],[5.47442,44.49418],[5.47986,44.49133],[5.5111,44.49157],[5.50807,44.50196],[5.51338,44.51513],[5.51268,44.51857],[5.49611,44.52319],[5.49409,44.53056],[5.48884,44.53535],[5.48614,44.53547]]]},"properties":{"code_territoire":"iris263000000","libelle_territoire":"Saint-Dizier-en-Diois (commune non irisée)"}},
{"type":"Feature","geometry":{"type":"Polygon","coordinates":[[[4.98528,45.16091],[4.9855,45.15559],[4.97456,45.15118],[4.9741,45.14561],[4.96848,45.14373],[4.96262,45.13733],[4.95876,45.12722],[4.95737,45.1259],[4.95426,45.12706],[4.95499,45.1169],[4.95091,45.11216],[4.95333,45.10919],[4.95852,45.10573],[4.96073,45.10821],[4.97062,45.10772],[4.97683,45.10546],[4.99014,45.10227],[4.99766,45.10582],[5.00426,45.10087],[5.01254,45.10922],[5.02059,45.11253],[5.00479,45.12246],[5.00768,45.12489],[5.00261,45.12749],[5.00303,45.13021],[5.0081,45.13187],[4.99271,45.15985],[4.98528,45.16091]]]},"properties":{"code_territoire":"iris263010000","libelle_territoire":"Saint-Donat-sur-l'Herbasse (commune non irisée)"}},
{"type":"Feature","geometry":{"type":"Polygon","coordinates":[[[4.91017,44.8901],[4.9144,44.86681],[4.91795,44.85868],[4.91676,44.85292],[4.91096,44.84767],[4.91388,44.84424],[4.91255,44.84312],[4.91778,44.83872],[4.92449,44.83527],[4.9319,44.83531],[4.93578,44.83298],[4.93843,44.83804],[4.94721,44.84178],[4.95214,44.84059],[4.96038,44.84749],[4.94803,44.85091],[4.94365,44.85032],[4.94598,44.85594],[4.93656,44.85594],[4.92941,44.86053],[4.92824,44.86402],[4.92576,44.8647],[4.92509,44.8709],[4.92252,44.87207],[4.91621,44.89569],[4.91017,44.8901]]]},"properties":{"code_territoire":"iris261960000","libelle_territoire":"Montéléger (commune non irisée)"}},
{"type":"Feature","geometry":{"type":"Polygon","coordinates":[[[5.06858,44.92591],[5.06993,44.92924],[5.0587,44.93717],[5.05287,44.94427],[5.05621,44.94914],[5.05478,44.9539],[5.04227,44.9577],[5.04434,44.96016],[5.03952,44.96117],[5.03748,44.95732],[4.99728,44.96735],[4.98821,44.95709],[4.97175,44.95923],[4.97352,44.95456],[4.97771,44.95196],[4.97611,44.95008],[4.9738,44.95079],[4.97257,44.94829],[4.97669,44.94715],[4.97031,44.94416],[4.97839,44.94242],[4.97558,44.9383],[4.99812,44.93253],[5.00143,44.92926],[5.02137,44.92721],[5.03613,44.92314],[5.04316,44.91631],[5.05378,44.92128],[5.05974,44.91792],[5.06487,44.92026],[5.06858,44.92591]]]},"properties":{"code_territoire":"iris261970000","libelle_territoire":"Montélier (commune non irisée)"}},
{"type":"Feature","geometry":{"type":"Polygon","coordinates":[[[4.72771,44.52829],[4.72604,44.53476],[4.72926,44.53666],[4.73189,44.54662],[4.73764,44.54461],[4.74017,44.54606],[4.74224,44.55177],[4.74292,44.5539],[4.73013,44.5556],[4.71887,44.5509],[4.71769,44.55444],[4.73,44.55978],[4.73509,44.56618],[4.73575,44.5718],[4.73271,44.57802],[4.7199,44.57455],[4.70627,44.57622],[4.70497,44.57421],[4.70745,44.56641],[4.70484,44.56195],[4.70238,44.55945],[4.69951,44.56381],[4.69581,44.5631],[4.69236,44.55537],[4.69381,44.54203],[4.69713,44.54216],[4.70291,44.53614],[4.72771,44.52829]]]},"properties":{"code_territoire":"iris261980101","libelle_territoire":"Les Grèzes-Les Travailleurs"}},
{"type":"Feature","geometry":{"type":"Polygon","coordinates":[[[5.35265,45.04703],[5.34637,45.04785],[5.34329,45.0502],[5.34283,45.06036],[5.33975,45.06222],[5.33476,45.06244],[5.33393,45.06008],[5.32852,45.05918],[5.32511,45.055],[5.32023,45.0573],[5.32041,45.05194],[5.32387,45.04883],[5.32322,45.04515],[5.34153,45.0346],[5.36087,45.0316],[5.36576,45.02807],[5.36711,45.02274],[5.36839,45.02759],[5.36557,45.03664],[5.36073,45.03998],[5.35306,45.04035],[5.35265,45.04703]]]},"properties":{"code_territoire":"iris263020000","libelle_territoire":"Sainte-Eulalie-en-Royans (commune non irisée)"}},
{"type":"Feature","geometry":{"type":"Polygon","coordinates":[[[5.40258,44.27614],[5.4028,44.27929],[5.4101,44.27873],[5.40969,44.28432],[5.40517,44.28697],[5.40847,44.29253],[5.40049,44.29621],[5.39774,44.29521],[5.40049,44.30613],[5.41108,44.30864],[5.41924,44.31481],[5.4186,44.31875],[5.40793,44.32065],[5.39767,44.31607],[5.38511,44.31694],[5.3739,44.31365],[5.36556,44.31405],[5.36655,44.31191],[5.37482,44.30915],[5.36695,44.30693],[5.36381,44.30242],[5.36508,44.30086],[5.37227,44.29406],[5.38287,44.28988],[5.38261,44.28698],[5.38626,44.2825],[5.3917,44.28082],[5.39562,44.2768],[5.40258,44.27614]]]},"properties":{"code_territoire":"iris263030000","libelle_territoire":"Sainte-Euphémie-sur-Ouvèze (commune non irisée)"}},
{"type":"Feature","geometry":{"type":"Polygon","coordinates":[[[5.18517,44.43813],[5.18825,44.43744],[5.19993,44.42581],[5.19876,44.41919],[5.20219,44.41518],[5.20925,44.41477],[5.21529,44.41653],[5.21796,44.41823],[5.22136,44.41686],[5.23211,44.42314],[5.24085,44.4311],[5.25346,44.42643],[5.25796,44.42925],[5.25624,44.43194],[5.2659,44.44348],[5.26612,44.44571],[5.25962,44.45044],[5.24993,44.45015],[5.24036,44.45431],[5.23449,44.46725],[5.22467,44.46734],[5.22026,44.47026],[5.20477,44.46525],[5.20817,44.45242],[5.20699,44.44887],[5.20085,44.44697],[5.19525,44.44096],[5.18856,44.45106],[5.18517,44.43813]]]},"properties":{"code_territoire":"iris263040000","libelle_territoire":"Saint-Ferréol-Trente-Pas (commune non irisée)"}},
{"type":"Feature","geometry":{"type":"Polygon","coordinates":[[[4.92271,44.59022],[4.92186,44.59947],[4.91831,44.59976],[4.91893,44.60215],[4.9131,44.601],[4.91341,44.60378],[4.90579,44.60432],[4.88676,44.60631],[4.88221,44.5984],[4.88509,44.59791],[4.8856,44.5928],[4.87781,44.58716],[4.87473,44.58079],[4.86968,44.58135],[4.86652,44.57854],[4.86802,44.57528],[4.86574,44.57038],[4.86762,44.56786],[4.872,44.57035],[4.88189,44.57119],[4.88508,44.56745],[4.89616,44.56495],[4.89749,44.56279],[4.90667,44.56533],[4.91889,44.5655],[4.92079,44.57928],[4.91849,44.58258],[4.92271,44.59022]]]},"properties":{"code_territoire":"iris263050000","libelle_territoire":"Saint-Gervais-sur-Roubion (commune non irisée)"}},
{"type":"Feature","geometry":{"type":"Polygon","coordinates":[[[4.73013,44.5556],[4.73,44.55978],[4.71769,44.55444],[4.71887,44.5509],[4.73013,44.5556]]]},"properties":{"code_territoire":"iris261980102","libelle_territoire":"Quartiers Ouest"}},
{"type":"Feature","geometry":{"type":"Polygon","coordinates":[[[4.73327,44.52689],[4.74043,44.54618],[4.74017,44.54606],[4.73764,44.54461],[4.73189,44.54662],[4.72926,44.53666],[4.72604,44.53476],[4.72771,44.52829],[4.73327,44.52689]]]},"properties":{"code_territoire":"iris261980103","libelle_territoire":"Z.I. Sud Fortuneau"}},
{"type":"Feature","geometry":{"type":"Polygon","coordinates":[[[5.25815,44.34969],[5.2672,44.3409],[5.25853,44.33987],[5.25591,44.33738],[5.25648,44.3289],[5.25164,44.31509],[5.25624,44.30791],[5.26647,44.30676],[5.27174,44.31113],[5.27766,44.31271],[5.28215,44.31063],[5.28196,44.30756],[5.29619,44.30973],[5.29595,44.32209],[5.30202,44.33073],[5.30522,44.33441],[5.29995,44.33694],[5.30209,44.34059],[5.29806,44.34595],[5.29436,44.36538],[5.28963,44.36037],[5.2779,44.36202],[5.27296,44.36055],[5.26803,44.35735],[5.26845,44.35522],[5.26184,44.35474],[5.25815,44.34969]]]},"properties":{"code_territoire":"iris263060000","libelle_territoire":"Sainte-Jalle (commune non irisée)"}},
{"type":"Feature","geometry":{"type":"Polygon","coordinates":[[[5.22693,45.00037],[5.22465,44.98782],[5.22846,44.98812],[5.23372,44.99203],[5.23583,44.99865],[5.24515,45.00804],[5.24847,45.00895],[5.25291,45.01631],[5.25887,45.01666],[5.27065,45.01267],[5.28429,45.01193],[5.28086,45.00165],[5.27569,44.99642],[5.2956,44.9861],[5.31544,44.9821],[5.32324,44.97826],[5.33587,44.97644],[5.34245,44.98519],[5.34529,44.99954],[5.33884,45.00828],[5.32571,45.01583],[5.31985,45.02268],[5.29962,45.03711],[5.29476,45.03126],[5.28103,45.03533],[5.27447,45.03227],[5.26417,45.035],[5.2633,45.03169],[5.269,45.02719],[5.26925,45.02488],[5.26373,45.02297],[5.25862,45.02443],[5.25061,45.01628],[5.24675,45.01676],[5.2441,45.01284],[5.22693,45.00037]]]},"properties":{"code_territoire":"iris263070000","libelle_territoire":"Saint-Jean-en-Royans (commune non irisée)"}},
{"type":"Feature","geometry":{"type":"Polygon","coordinates":[[[4.74043,44.54618],[4.73964,44.54005],[4.74265,44.53894],[4.74721,44.54991],[4.74783,44.5515],[4.74224,44.55177],[4.74017,44.54606],[4.74043,44.54618]]]},"properties":{"code_territoire":"iris261980201","libelle_territoire":"Nocaze"}},
{"type":"Feature","geometry":{"type":"Polygon","coordinates":[[[4.77418,44.52282],[4.7743,44.5256],[4.7649,44.52655],[4.76795,44.53175],[4.76519,44.53642],[4.75886,44.53475],[4.75369,44.54116],[4.74959,44.54234],[4.74814,44.54903],[4.74721,44.54991],[4.74265,44.53894],[4.73964,44.54005],[4.74043,44.54618],[4.73327,44.52689],[4.73222,44.5241],[4.73747,44.52225],[4.75098,44.52154],[4.7507,44.52013],[4.75398,44.51986],[4.76604,44.52045],[4.77418,44.52282]]]},"properties":{"code_territoire":"iris261980202","libelle_territoire":"Les Blaches-Les Champs"}},
{"type":"Feature","geometry":{"type":"Polygon","coordinates":[[[4.78949,44.54197],[4.77171,44.54367],[4.74814,44.54903],[4.74959,44.54234],[4.75369,44.54116],[4.75886,44.53475],[4.76519,44.53642],[4.76795,44.53175],[4.7649,44.52655],[4.7743,44.5256],[4.77418,44.52282],[4.7897,44.53015],[4.79813,44.53167],[4.79871,44.53274],[4.79487,44.53344],[4.79817,44.53897],[4.78949,44.54197]]]},"properties":{"code_territoire":"iris261980203","libelle_territoire":"Maubec-Redondon"}},
{"type":"Feature","geometry":{"type":"Polygon","coordinates":[[[4.74783,44.5515],[4.74721,44.54991],[4.74814,44.54903],[4.77171,44.54367],[4.77434,44.55008],[4.76203,44.55328],[4.75419,44.55736],[4.7483,44.55267],[4.74783,44.5515]]]},"properties":{"code_territoire":"iris261980301","libelle_territoire":"Alexis-Montlouis"}},
{"type":"Feature","geometry":{"type":"Polygon","coordinates":[[[5.23797,44.83799],[5.24103,44.83264],[5.25719,44.82513],[5.26642,44.82292],[5.27353,44.81851],[5.28507,44.81596],[5.2881,44.81756],[5.28994,44.81602],[5.30194,44.8157],[5.31151,44.81815],[5.33198,44.82985],[5.33507,44.8477],[5.34448,44.8666],[5.34246,44.87935],[5.33761,44.88204],[5.32554,44.8801],[5.31949,44.89197],[5.31181,44.89437],[5.30955,44.89951],[5.30526,44.90113],[5.30378,44.90395],[5.29708,44.90058],[5.2925,44.89421],[5.27948,44.87823],[5.27219,44.8665],[5.27162,44.8613],[5.25817,44.85338],[5.25333,44.85677],[5.25038,44.85489],[5.24149,44.84621],[5.23797,44.83799]]]},"properties":{"code_territoire":"iris263080000","libelle_territoire":"Saint-Julien-en-Quint (commune non irisée)"}},
{"type":"Feature","geometry":{"type":"Polygon","coordinates":[[[5.46523,45.04354],[5.46622,45.05369],[5.47433,45.06622],[5.47487,45.07034],[5.48232,45.07316],[5.49422,45.07174],[5.48331,45.08379],[5.46923,45.08865],[5.46088,45.08611],[5.4554,45.07755],[5.44782,45.07178],[5.44979,45.07079],[5.43661,45.06178],[5.4391,45.05861],[5.43577,45.05451],[5.43049,45.05312],[5.42571,45.05627],[5.41372,45.04485],[5.39667,45.04406],[5.3946,45.0457],[5.39627,45.04615],[5.3911,45.04674],[5.38771,45.05852],[5.386,45.05614],[5.38182,45.05521],[5.38105,45.05123],[5.39136,45.04565],[5.39037,45.04378],[5.39727,45.03833],[5.43853,45.0317],[5.44264,45.04142],[5.44907,45.0387],[5.46286,45.03685],[5.46523,45.04354]]]},"properties":{"code_territoire":"iris263090000","libelle_territoire":"Saint-Julien-en-Vercors (commune non irisée)"}},
{"type":"Feature","geometry":{"type":"Polygon","coordinates":[[[4.79262,44.57133],[4.78962,44.57261],[4.791,44.58138],[4.78467,44.58372],[4.77922,44.58197],[4.7748,44.57948],[4.76883,44.57147],[4.76512,44.57017],[4.75915,44.57157],[4.75446,44.56416],[4.75417,44.56362],[4.76147,44.56599],[4.75502,44.55849],[4.75871,44.56117],[4.75951,44.5594],[4.75419,44.55736],[4.76203,44.55328],[4.77434,44.55008],[4.77171,44.54367],[4.78949,44.54197],[4.78894,44.5488],[4.79319,44.56219],[4.794,44.56436],[4.79808,44.5658],[4.79122,44.56819],[4.78984,44.56677],[4.79262,44.57133]]]},"properties":{"code_territoire":"iris261980302","libelle_territoire":"Géry-Beausseret"}},
{"type":"Feature","geometry":{"type":"Polygon","coordinates":[[[4.73,44.55978],[4.73013,44.5556],[4.74292,44.5539],[4.74471,44.56203],[4.73509,44.56618],[4.73,44.55978]]]},"properties":{"code_territoire":"iris261980401","libelle_territoire":"Sarda"}},
{"type":"Feature","geometry":{"type":"Polygon","coordinates":[[[4.73271,44.57802],[4.73575,44.5718],[4.73509,44.56618],[4.74471,44.56203],[4.74697,44.56648],[4.75097,44.56534],[4.75364,44.5705],[4.74834,44.57071],[4.74001,44.57268],[4.74418,44.57843],[4.75058,44.58161],[4.75262,44.58243],[4.75152,44.58892],[4.74116,44.58877],[4.73279,44.586],[4.73271,44.57802]]]},"properties":{"code_territoire":"iris261980402","libelle_territoire":"Le Bouquet-Les Léonards"}},
{"type":"Feature","geometry":{"type":"Polygon","coordinates":[[[4.75058,44.58161],[4.74418,44.57843],[4.74001,44.57268],[4.74834,44.57071],[4.75058,44.58161]]]},"properties":{"code_territoire":"iris261980403","libelle_territoire":"Z.A. du Meyrol"}},
{"type":"Feature","geometry":{"type":"Polygon","coordinates":[[[4.75152,44.58892],[4.75262,44.58243],[4.75058,44.58161],[4.74834,44.57071],[4.75364,44.5705],[4.75097,44.56534],[4.75446,44.56416],[4.75915,44.57157],[4.76512,44.57017],[4.76883,44.57147],[4.7748,44.57948],[4.77922,44.58197],[4.76839,44.58626],[4.7557,44.58668],[4.75571,44.58901],[4.75152,44.58892]]]},"properties":{"code_territoire":"iris261980404","libelle_territoire":"Catalins-Gondole"}},
{"type":"Feature","geometry":{"type":"Polygon","coordinates":[[[4.75097,44.56534],[4.74697,44.56648],[4.74471,44.56203],[4.74292,44.5539],[4.74224,44.55177],[4.74783,44.5515],[4.7483,44.55267],[4.75417,44.56362],[4.75446,44.56416],[4.75097,44.56534]]]},"properties":{"code_territoire":"iris261980501","libelle_territoire":"Ville Basse"}},
{"type":"Feature","geometry":{"type":"Polygon","coordinates":[[[4.75419,44.55736],[4.75951,44.5594],[4.75871,44.56117],[4.75502,44.55849],[4.76147,44.56599],[4.75417,44.56362],[4.7483,44.55267],[4.75419,44.55736]]]},"properties":{"code_territoire":"iris261980502","libelle_territoire":"Ville Haute"}},
{"type":"Feature","geometry":{"type":"Polygon","coordinates":[[[5.43413,44.32113],[5.4393,44.31757],[5.4635,44.32119],[5.46492,44.32948],[5.4592,44.33752],[5.45908,44.34342],[5.46353,44.34981],[5.469,44.35163],[5.46579,44.36454],[5.46169,44.36782],[5.45275,44.36723],[5.44812,44.36912],[5.44437,44.36767],[5.44395,44.35775],[5.43407,44.35278],[5.43649,44.34866],[5.43948,44.34773],[5.438,44.34339],[5.4398,44.33931],[5.43692,44.33807],[5.4326,44.33029],[5.42738,44.32765],[5.42773,44.32491],[5.43413,44.32113]]]},"properties":{"code_territoire":"iris261990000","libelle_territoire":"Montferrand-la-Fare (commune non irisée)"}},
{"type":"Feature","geometry":{"type":"Polygon","coordinates":[[[5.09189,45.16923],[5.09642,45.16747],[5.10095,45.16795],[5.10398,45.16474],[5.11495,45.17061],[5.1404,45.17875],[5.13575,45.1807],[5.13373,45.1847],[5.11352,45.18695],[5.10919,45.19125],[5.10555,45.18909],[5.10391,45.19029],[5.09919,45.18824],[5.09771,45.18932],[5.09219,45.18794],[5.09351,45.18572],[5.09023,45.18385],[5.09417,45.17964],[5.09189,45.16923]]]},"properties":{"code_territoire":"iris263100000","libelle_territoire":"Saint-Laurent-d'Onay (commune non irisée)"}},
{"type":"Feature","geometry":{"type":"Polygon","coordinates":[[[5.30587,45.05561],[5.30132,45.053],[5.30295,45.05165],[5.29988,45.04543],[5.30203,45.04208],[5.29962,45.03711],[5.31985,45.02268],[5.32571,45.01583],[5.33884,45.00828],[5.34529,44.99954],[5.34245,44.98519],[5.33587,44.97644],[5.34401,44.97502],[5.34312,44.96542],[5.34867,44.96811],[5.35364,44.96569],[5.35534,44.96707],[5.36663,44.96684],[5.37342,44.96887],[5.37982,45.00233],[5.38052,45.00396],[5.38356,45.0035],[5.38605,45.00743],[5.38151,45.01121],[5.37546,45.01081],[5.37132,45.01262],[5.36711,45.02274],[5.36576,45.02807],[5.36087,45.0316],[5.34153,45.0346],[5.32322,45.04515],[5.32387,45.04883],[5.32041,45.05194],[5.3062,45.05324],[5.30587,45.05561]]]},"properties":{"code_territoire":"iris263110000","libelle_territoire":"Saint-Laurent-en-Royans (commune non irisée)"}},
{"type":"Feature","geometry":{"type":"Polygon","coordinates":[[[4.80035,44.61523],[4.79014,44.61167],[4.80066,44.59566],[4.80514,44.58397],[4.81729,44.59045],[4.81724,44.59191],[4.81295,44.60725],[4.80035,44.61523]]]},"properties":{"code_territoire":"iris263120000","libelle_territoire":"Saint-Marcel-lès-Sauzet (commune non irisée)"}},
{"type":"Feature","geometry":{"type":"Polygon","coordinates":[[[4.96419,44.95865],[4.96893,44.96298],[4.98432,44.97058],[4.97753,44.98121],[4.98072,44.98645],[4.97826,44.98518],[4.97053,44.98782],[4.96472,44.99305],[4.9636,44.99174],[4.95476,44.9925],[4.94756,44.98808],[4.94595,44.98304],[4.93074,44.98549],[4.92667,44.98249],[4.91686,44.97514],[4.92569,44.97141],[4.91846,44.96703],[4.92664,44.96661],[4.92519,44.96117],[4.91896,44.95768],[4.92584,44.9547],[4.94122,44.95741],[4.94146,44.95172],[4.96419,44.95865]]]},"properties":{"code_territoire":"iris263130000","libelle_territoire":"Saint-Marcel-lès-Valence (commune non irisée)"}},
{"type":"Feature","geometry":{"type":"Polygon","coordinates":[[[5.6517,44.18962],[5.64943,44.1936],[5.64465,44.19441],[5.63966,44.19906],[5.62039,44.19743],[5.62098,44.19488],[5.60933,44.1907],[5.60972,44.18749],[5.61595,44.18244],[5.61623,44.17788],[5.63207,44.17369],[5.63267,44.17031],[5.63971,44.16757],[5.63743,44.16263],[5.63164,44.15865],[5.63131,44.15042],[5.65531,44.1475],[5.66746,44.14909],[5.67886,44.14614],[5.6777,44.1489],[5.6829,44.16361],[5.66239,44.16704],[5.64702,44.16637],[5.64382,44.16895],[5.64367,44.17299],[5.64795,44.17501],[5.64808,44.18012],[5.65243,44.18546],[5.6517,44.18962]]]},"properties":{"code_territoire":"iris262000000","libelle_territoire":"Montfroc (commune non irisée)"}},
{"type":"Feature","geometry":{"type":"Polygon","coordinates":[[[5.49831,44.31074],[5.47549,44.31779],[5.46213,44.31803],[5.44815,44.31528],[5.45712,44.29068],[5.45437,44.28469],[5.45748,44.28311],[5.46114,44.28444],[5.46499,44.28125],[5.46774,44.28173],[5.47101,44.28434],[5.48486,44.28886],[5.48984,44.29706],[5.48887,44.30123],[5.50299,44.30189],[5.50447,44.3038],[5.49587,44.30791],[5.49831,44.31074]]]},"properties":{"code_territoire":"iris262010000","libelle_territoire":"Montguers (commune non irisée)"}},
{"type":"Feature","geometry":{"type":"Polygon","coordinates":[[[5.00722,45.23115],[5.00185,45.23812],[4.99833,45.23684],[4.98334,45.23427],[4.96345,45.2218],[4.96678,45.20912],[4.97115,45.20903],[4.97328,45.20683],[4.98156,45.20908],[4.99938,45.21586],[5.00131,45.2191],[5.01001,45.21936],[5.0103,45.22681],[5.00722,45.23115]]]},"properties":{"code_territoire":"iris263140000","libelle_territoire":"Saint-Martin-d'Août (commune non irisée)"}},
{"type":"Feature","geometry":{"type":"Polygon","coordinates":[[[5.48835,44.98966],[5.49359,44.99614],[5.48498,45.0047],[5.4804,45.01288],[5.48361,45.02279],[5.47605,45.02502],[5.47847,45.03305],[5.46523,45.04354],[5.46286,45.03685],[5.44907,45.0387],[5.44264,45.04142],[5.43853,45.0317],[5.39727,45.03833],[5.40366,45.02557],[5.40884,45.02171],[5.41075,45.01189],[5.41693,45.00678],[5.41595,45.00583],[5.42239,45.00134],[5.42523,45.00444],[5.42717,45.00227],[5.43689,45.00119],[5.44059,44.99883],[5.44138,44.99372],[5.44455,44.99279],[5.48835,44.98966]]]},"properties":{"code_territoire":"iris263150000","libelle_territoire":"Saint-Martin-en-Vercors (commune non irisée)"}},
{"type":"Feature","geometry":{"type":"Polygon","coordinates":[[[5.2956,44.9861],[5.27569,44.99642],[5.27472,44.99072],[5.26363,44.98609],[5.26454,44.98258],[5.26745,44.98329],[5.26968,44.97869],[5.27293,44.97771],[5.28998,44.97728],[5.2956,44.9861]]]},"properties":{"code_territoire":"iris263160000","libelle_territoire":"Saint-Martin-le-Colonel (commune non irisée)"}},
{"type":"Feature","geometry":{"type":"Polygon","coordinates":[[[5.02928,44.29794],[5.02011,44.31629],[5.0136,44.31646],[5.01078,44.31475],[5.009,44.31637],[5.00918,44.31999],[5.01378,44.32579],[5.00081,44.31987],[4.99638,44.32004],[5.00054,44.31842],[4.99098,44.31182],[4.98713,44.29273],[4.98947,44.28596],[5.00467,44.28645],[5.02928,44.29794]]]},"properties":{"code_territoire":"iris263170000","libelle_territoire":"Saint-Maurice-sur-Eygues (commune non irisée)"}},
{"type":"Feature","geometry":{"type":"Polygon","coordinates":[[[5.32605,44.40223],[5.32957,44.40162],[5.3387,44.40845],[5.34112,44.41343],[5.34928,44.41576],[5.34742,44.43461],[5.3452,44.44051],[5.33917,44.43949],[5.33512,44.44337],[5.3345,44.44698],[5.32462,44.44113],[5.31954,44.44107],[5.32009,44.43776],[5.3161,44.43335],[5.309,44.4328],[5.31078,44.4292],[5.30473,44.42409],[5.31978,44.41215],[5.32605,44.40223]]]},"properties":{"code_territoire":"iris263180000","libelle_territoire":"Saint-May (commune non irisée)"}},
{"type":"Feature","geometry":{"type":"Polygon","coordinates":[[[5.10191,44.51489],[5.09986,44.51288],[5.09409,44.51333],[5.08358,44.50616],[5.07374,44.50585],[5.07101,44.50904],[5.06899,44.50183],[5.0731,44.50248],[5.07804,44.50042],[5.07773,44.49193],[5.08346,44.48711],[5.08237,44.48404],[5.08449,44.48116],[5.08224,44.46954],[5.08796,44.46731],[5.09682,44.46285],[5.09706,44.46085],[5.11981,44.47035],[5.12345,44.47391],[5.1262,44.48263],[5.13723,44.48114],[5.13974,44.4845],[5.13871,44.4879],[5.13357,44.48964],[5.12051,44.48897],[5.11642,44.495],[5.12429,44.49575],[5.13016,44.4986],[5.12517,44.50144],[5.12972,44.50554],[5.1284,44.50884],[5.10619,44.51219],[5.10191,44.51489]]]},"properties":{"code_territoire":"iris262020000","libelle_territoire":"Montjoux (commune non irisée)"}},
{"type":"Feature","geometry":{"type":"Polygon","coordinates":[[[4.92373,44.48399],[4.92271,44.49354],[4.91265,44.49576],[4.90754,44.50202],[4.90251,44.50462],[4.89847,44.50112],[4.88276,44.49906],[4.87854,44.49058],[4.8731,44.48931],[4.84118,44.49469],[4.83944,44.49022],[4.84255,44.48191],[4.84001,44.47288],[4.8408,44.46087],[4.84785,44.46049],[4.86902,44.46947],[4.87476,44.46744],[4.87641,44.46829],[4.87813,44.46592],[4.89026,44.47393],[4.90419,44.4741],[4.90735,44.47791],[4.92033,44.48335],[4.92373,44.48399]]]},"properties":{"code_territoire":"iris262030000","libelle_territoire":"Montjoyer (commune non irisée)"}},
{"type":"Feature","geometry":{"type":"Polygon","coordinates":[[[5.10398,45.16474],[5.11405,45.16132],[5.11244,45.15194],[5.10863,45.14602],[5.09777,45.14254],[5.10991,45.13412],[5.11008,45.12506],[5.11445,45.12231],[5.12196,45.12143],[5.12024,45.11818],[5.12382,45.11499],[5.12852,45.11879],[5.13346,45.11856],[5.13416,45.12054],[5.13483,45.12719],[5.12968,45.13619],[5.13302,45.13767],[5.1357,45.14434],[5.12963,45.1493],[5.13325,45.15226],[5.13037,45.15291],[5.12886,45.15671],[5.13947,45.16087],[5.13888,45.16385],[5.13286,45.16498],[5.1317,45.16849],[5.14098,45.17683],[5.1404,45.17875],[5.11495,45.17061],[5.10398,45.16474]]]},"properties":{"code_territoire":"iris263190000","libelle_territoire":"Saint-Michel-sur-Savasse (commune non irisée)"}},
{"type":"Feature","geometry":{"type":"Polygon","coordinates":[[[5.26691,45.05636],[5.26585,45.06017],[5.26177,45.05912],[5.24434,45.06099],[5.24476,45.06717],[5.2331,45.06994],[5.22754,45.07723],[5.22611,45.07371],[5.23562,45.06679],[5.23726,45.05086],[5.23382,45.04338],[5.2351,45.0421],[5.24022,45.04513],[5.24456,45.04449],[5.25442,45.05016],[5.25783,45.05351],[5.25521,45.057],[5.26498,45.05762],[5.26691,45.05636]]]},"properties":{"code_territoire":"iris263200000","libelle_territoire":"Saint-Nazaire-en-Royans (commune non irisée)"}},
{"type":"Feature","geometry":{"type":"Polygon","coordinates":[[[5.22811,44.57187],[5.22908,44.56053],[5.238,44.5297],[5.24163,44.52388],[5.24044,44.5208],[5.23776,44.52012],[5.24124,44.51026],[5.24687,44.51265],[5.25243,44.5124],[5.26664,44.52227],[5.27531,44.5247],[5.28286,44.5352],[5.28275,44.5401],[5.28483,44.54116],[5.28386,44.54923],[5.29447,44.54735],[5.30499,44.53939],[5.31025,44.54031],[5.31829,44.53825],[5.31816,44.54193],[5.32081,44.54425],[5.31933,44.5478],[5.32343,44.55175],[5.32558,44.56041],[5.32487,44.56459],[5.32232,44.5657],[5.31864,44.57078],[5.30943,44.57399],[5.30967,44.5765],[5.30195,44.58071],[5.2967,44.58852],[5.27967,44.59403],[5.27538,44.60021],[5.27054,44.6029],[5.26638,44.60305],[5.26563,44.60676],[5.25628,44.60641],[5.25536,44.60297],[5.25096,44.602],[5.25091,44.59835],[5.24457,44.5948],[5.24808,44.59221],[5.24951,44.58756],[5.24518,44.58581],[5.24616,44.57884],[5.24273,44.57172],[5.23979,44.57626],[5.23214,44.5769],[5.22811,44.57187]]]},"properties":{"code_territoire":"iris263210000","libelle_territoire":"Saint-Nazaire-le-Désert (commune non irisée)"}},
{"type":"Feature","geometry":{"type":"Polygon","coordinates":[[[5.43602,44.62329],[5.44108,44.62606],[5.43561,44.63001],[5.43682,44.6356],[5.42398,44.64372],[5.4238,44.6458],[5.41589,44.64115],[5.40921,44.64172],[5.40127,44.63092],[5.39203,44.62784],[5.3956,44.61167],[5.41794,44.61139],[5.42629,44.61478],[5.43602,44.62329]]]},"properties":{"code_territoire":"iris262040000","libelle_territoire":"Montlaur-en-Diois (commune non irisée)"}},
{"type":"Feature","geometry":{"type":"Polygon","coordinates":[[[5.0624,44.40357],[5.05483,44.40109],[5.04681,44.40614],[5.02336,44.40889],[5.01763,44.40726],[5.01332,44.40552],[5.0158,44.39273],[5.03542,44.39073],[5.03655,44.38708],[5.04299,44.38715],[5.04477,44.38248],[5.0479,44.38113],[5.06036,44.38419],[5.06562,44.38172],[5.071,44.38318],[5.0624,44.40357]]]},"properties":{"code_territoire":"iris263220000","libelle_territoire":"Saint-Pantaléon-les-Vignes (commune non irisée)"}},
{"type":"Feature","geometry":{"type":"Polygon","coordinates":[[[5.16262,45.06559],[5.15679,45.06581],[5.14853,45.07693],[5.13842,45.07244],[5.13435,45.07473],[5.12527,45.07802],[5.12221,45.07441],[5.11857,45.07622],[5.09283,45.0654],[5.09429,45.06052],[5.10297,45.0507],[5.10969,45.05139],[5.10848,45.0461],[5.10113,45.03942],[5.11314,45.0352],[5.12282,45.03717],[5.12861,45.03991],[5.14102,45.05065],[5.14663,45.05239],[5.1559,45.05176],[5.16061,45.0541],[5.16262,45.06559]]]},"properties":{"code_territoire":"iris263230000","libelle_territoire":"Saint-Paul-lès-Romans (commune non irisée)"}},
{"type":"Feature","geometry":{"type":"Polygon","coordinates":[[[4.77104,44.33877],[4.77314,44.34357],[4.77108,44.346],[4.77719,44.34495],[4.77382,44.3474],[4.77509,44.35018],[4.76908,44.35141],[4.7642,44.34963],[4.76082,44.34592],[4.76668,44.34553],[4.75946,44.34453],[4.76512,44.34177],[4.76399,44.33764],[4.76781,44.33479],[4.77104,44.33877]]]},"properties":{"code_territoire":"iris263240101","libelle_territoire":"Centre"}},
{"type":"Feature","geometry":{"type":"Polygon","coordinates":[[[4.77804,44.37263],[4.7701,44.3688],[4.76138,44.37011],[4.75603,44.36893],[4.7572,44.35955],[4.76535,44.35153],[4.7642,44.34963],[4.76908,44.35141],[4.77509,44.35018],[4.77382,44.3474],[4.77719,44.34495],[4.77108,44.346],[4.77314,44.34357],[4.77104,44.33877],[4.77721,44.33768],[4.77862,44.33586],[4.78225,44.33655],[4.78557,44.34185],[4.79036,44.34157],[4.79772,44.34762],[4.80031,44.3538],[4.80331,44.3549],[4.79763,44.35705],[4.79141,44.3564],[4.79221,44.35819],[4.78467,44.36287],[4.78886,44.37096],[4.77804,44.37263]]]},"properties":{"code_territoire":"iris263240102","libelle_territoire":"Est"}},
{"type":"Feature","geometry":{"type":"Polygon","coordinates":[[[4.76781,44.33479],[4.76399,44.33764],[4.76512,44.34177],[4.75946,44.34453],[4.76668,44.34553],[4.76082,44.34592],[4.7642,44.34963],[4.76535,44.35153],[4.7572,44.35955],[4.75603,44.36893],[4.75033,44.36213],[4.74565,44.36374],[4.74319,44.36709],[4.72874,44.36937],[4.72945,44.35635],[4.73,44.3528],[4.72689,44.35201],[4.72858,44.34372],[4.7268,44.34329],[4.72623,44.33886],[4.72051,44.33428],[4.72154,44.32652],[4.76293,44.32552],[4.76781,44.33479]]]},"properties":{"code_territoire":"iris263240103","libelle_territoire":"Ouest"}},
{"type":"Feature","geometry":{"type":"Polygon","coordinates":[[[5.39447,44.68777],[5.38609,44.68744],[5.38032,44.69205],[5.37658,44.69143],[5.37374,44.69322],[5.36702,44.69367],[5.36617,44.69629],[5.35764,44.69246],[5.35422,44.6916],[5.3427,44.68646],[5.32892,44.67457],[5.33179,44.66707],[5.33682,44.66364],[5.35229,44.6665],[5.37982,44.66689],[5.37975,44.66838],[5.38312,44.66838],[5.3907,44.67276],[5.39728,44.67349],[5.40068,44.67849],[5.39592,44.68251],[5.39447,44.68777]]]},"properties":{"code_territoire":"iris262050000","libelle_territoire":"Montmaur-en-Diois (commune non irisée)"}},
{"type":"Feature","geometry":{"type":"Polygon","coordinates":[[[4.97662,44.86113],[4.97415,44.85412],[4.9655,44.85245],[4.96038,44.84749],[4.95214,44.84059],[4.94721,44.84178],[4.93843,44.83804],[4.93578,44.83298],[4.94237,44.83426],[4.94496,44.82757],[4.95039,44.82241],[4.94243,44.8207],[4.94343,44.81749],[4.94885,44.81515],[4.95225,44.81121],[4.95387,44.81327],[4.95216,44.8183],[4.97765,44.82192],[5.00067,44.81517],[5.01222,44.81431],[5.0121,44.82059],[5.01003,44.82907],[5.01611,44.82497],[5.02548,44.82919],[5.02836,44.83253],[5.02508,44.83926],[5.02148,44.84134],[5.02249,44.84293],[5.02252,44.84953],[5.01713,44.85256],[4.97662,44.86113]]]},"properties":{"code_territoire":"iris262060000","libelle_territoire":"Montmeyran (commune non irisée)"}},
{"type":"Feature","geometry":{"type":"Polygon","coordinates":[[[4.85866,45.29839],[4.85894,45.30856],[4.80037,45.29836],[4.80944,45.28962],[4.81022,45.26971],[4.8238,45.26797],[4.83706,45.26912],[4.83502,45.27139],[4.83735,45.27388],[4.8577,45.28751],[4.85866,45.29839]]]},"properties":{"code_territoire":"iris263250000","libelle_territoire":"Saint-Rambert-d'Albon (commune non irisée)"}},
{"type":"Feature","geometry":{"type":"Polygon","coordinates":[[[4.80458,44.30383],[4.81039,44.30436],[4.81093,44.30827],[4.81438,44.30807],[4.81934,44.32599],[4.82377,44.33275],[4.82292,44.3384],[4.8117,44.33446],[4.80546,44.33768],[4.80901,44.35617],[4.80292,44.35232],[4.80331,44.3549],[4.80031,44.3538],[4.79772,44.34762],[4.79036,44.34157],[4.78557,44.34185],[4.78225,44.33655],[4.77862,44.33586],[4.77721,44.33768],[4.77104,44.33877],[4.76781,44.33479],[4.76293,44.32552],[4.77163,44.31752],[4.77963,44.31938],[4.78252,44.31538],[4.78748,44.31358],[4.79069,44.3076],[4.79941,44.30345],[4.80458,44.30383]]]},"properties":{"code_territoire":"iris263260000","libelle_territoire":"Saint-Restitut (commune non irisée)"}},
{"type":"Feature","geometry":{"type":"Polygon","coordinates":[[[5.40068,44.67849],[5.41567,44.67827],[5.42373,44.67819],[5.43788,44.68236],[5.44087,44.68106],[5.4475,44.68204],[5.44941,44.68713],[5.44579,44.68693],[5.444,44.69143],[5.44862,44.69503],[5.45308,44.70505],[5.45005,44.7059],[5.43772,44.70022],[5.42979,44.70325],[5.42589,44.69938],[5.42086,44.6979],[5.41712,44.68909],[5.40398,44.68662],[5.39447,44.68777],[5.39592,44.68251],[5.40068,44.67849]]]},"properties":{"code_territoire":"iris263270000","libelle_territoire":"Saint-Roman (commune non irisée)"}},
{"type":"Feature","geometry":{"type":"Polygon","coordinates":[[[5.1572,44.65891],[5.17833,44.6548],[5.18099,44.6596],[5.18018,44.6767],[5.1766,44.67675],[5.17408,44.68662],[5.16729,44.68852],[5.16649,44.69509],[5.16149,44.69442],[5.15542,44.69672],[5.15448,44.69223],[5.15695,44.68821],[5.15296,44.6839],[5.15215,44.67881],[5.15626,44.67524],[5.1572,44.65891]]]},"properties":{"code_territoire":"iris263280000","libelle_territoire":"Saint-Sauveur-en-Diois (commune non irisée)"}},
{"type":"Feature","geometry":{"type":"Polygon","coordinates":[[[5.42773,44.32491],[5.41978,44.3243],[5.41542,44.32723],[5.40549,44.34213],[5.39364,44.34528],[5.3661,44.34785],[5.35089,44.34097],[5.3441,44.34137],[5.33994,44.33915],[5.33967,44.34065],[5.33434,44.33886],[5.33234,44.33982],[5.33132,44.33699],[5.3261,44.33875],[5.32204,44.33738],[5.31542,44.33486],[5.3146,44.33299],[5.33582,44.33077],[5.33542,44.32909],[5.33839,44.32944],[5.34267,44.32596],[5.34472,44.32051],[5.34713,44.31904],[5.35593,44.31899],[5.35671,44.31658],[5.36217,44.31754],[5.36556,44.31405],[5.3739,44.31365],[5.38511,44.31694],[5.39767,44.31607],[5.40793,44.32065],[5.4186,44.31875],[5.41924,44.31481],[5.43019,44.31636],[5.43413,44.32113],[5.42773,44.32491]]]},"properties":{"code_territoire":"iris263290000","libelle_territoire":"Saint-Sauveur-Gouvernet (commune non irisée)"}},
{"type":"Feature","geometry":{"type":"Polygon","coordinates":[[[5.16971,45.1946],[5.16561,45.19255],[5.16716,45.19029],[5.1595,45.18217],[5.14613,45.1815],[5.1404,45.17875],[5.14098,45.17683],[5.1317,45.16849],[5.13286,45.16498],[5.13888,45.16385],[5.13947,45.16087],[5.12886,45.15671],[5.13037,45.15291],[5.13325,45.15226],[5.12963,45.1493],[5.1357,45.14434],[5.13302,45.13767],[5.12968,45.13619],[5.13483,45.12719],[5.13416,45.12054],[5.13865,45.12247],[5.15014,45.11945],[5.15409,45.12599],[5.15789,45.12497],[5.16145,45.12791],[5.1698,45.13012],[5.17402,45.12872],[5.17923,45.13156],[5.1883,45.12819],[5.18664,45.13463],[5.19105,45.13997],[5.18824,45.1417],[5.188,45.14518],[5.18125,45.1481],[5.19185,45.15442],[5.18721,45.16715],[5.19005,45.16966],[5.17556,45.18091],[5.16971,45.1946]]]},"properties":{"code_territoire":"iris262070000","libelle_territoire":"Montmiral (commune non irisée)"}},
{"type":"Feature","geometry":{"type":"Polygon","coordinates":[[[4.98592,45.25702],[4.99507,45.26549],[5.00507,45.26464],[4.9984,45.27884],[4.99449,45.28243],[4.99109,45.28485],[4.98282,45.28654],[4.97692,45.29153],[4.97453,45.29079],[4.97748,45.29869],[4.97502,45.30387],[4.97308,45.30901],[4.96102,45.30711],[4.9558,45.30254],[4.95261,45.30252],[4.95265,45.30059],[4.94302,45.3005],[4.94238,45.29709],[4.9207,45.29597],[4.92065,45.27837],[4.92784,45.25961],[4.93137,45.25508],[4.94013,45.25904],[4.94337,45.25855],[4.95291,45.2561],[4.96459,45.25624],[4.97029,45.25229],[4.98254,45.25401],[4.98592,45.25702]]]},"properties":{"code_territoire":"iris263300000","libelle_territoire":"Saint-Sorlin-en-Valloire (commune non irisée)"}},
{"type":"Feature","geometry":{"type":"Polygon","coordinates":[[[5.27461,45.05698],[5.27687,45.05097],[5.28254,45.05039],[5.28575,45.04808],[5.28733,45.04063],[5.28103,45.03533],[5.29476,45.03126],[5.29962,45.03711],[5.30203,45.04208],[5.29988,45.04543],[5.30295,45.05165],[5.30132,45.053],[5.30587,45.05561],[5.30748,45.05779],[5.30522,45.06114],[5.29274,45.06376],[5.28914,45.05999],[5.28481,45.05938],[5.27891,45.06111],[5.27461,45.05698]]]},"properties":{"code_territoire":"iris263310000","libelle_territoire":"Saint-Thomas-en-Royans (commune non irisée)"}},
{"type":"Feature","geometry":{"type":"Polygon","coordinates":[[[4.83861,45.17942],[4.84064,45.17929],[4.84478,45.18335],[4.84525,45.17998],[4.84219,45.17979],[4.8428,45.17879],[4.85303,45.18203],[4.85663,45.17786],[4.86166,45.17871],[4.86318,45.17613],[4.87335,45.17145],[4.87478,45.17298],[4.87798,45.17205],[4.87951,45.1747],[4.88127,45.17392],[4.88788,45.18242],[4.89203,45.18403],[4.88911,45.18571],[4.88187,45.1992],[4.87994,45.20457],[4.88194,45.21097],[4.87965,45.21197],[4.87125,45.21004],[4.85584,45.19881],[4.84752,45.19625],[4.84442,45.19214],[4.84133,45.19181],[4.84211,45.18971],[4.84111,45.18551],[4.8372,45.18374],[4.83861,45.17942]]]},"properties":{"code_territoire":"iris263320000","libelle_territoire":"Saint-Uze (commune non irisée)"}},
{"type":"Feature","geometry":{"type":"Polygon","coordinates":[[[4.94626,44.77794],[4.95529,44.78913],[4.96077,44.79239],[4.95236,44.80542],[4.95487,44.81016],[4.95387,44.81327],[4.95225,44.81121],[4.94885,44.81515],[4.94343,44.81749],[4.93492,44.81897],[4.92352,44.81486],[4.9011,44.81131],[4.89653,44.80113],[4.89287,44.80362],[4.89066,44.80272],[4.89071,44.80243],[4.9001,44.79476],[4.90284,44.79769],[4.91146,44.79997],[4.91136,44.7954],[4.90911,44.79377],[4.91296,44.79213],[4.91826,44.7926],[4.91929,44.78969],[4.91311,44.78317],[4.91195,44.78408],[4.91232,44.7781],[4.92023,44.7759],[4.94457,44.77538],[4.94626,44.77794]]]},"properties":{"code_territoire":"iris262080000","libelle_territoire":"Montoison (commune non irisée)"}},
{"type":"Feature","geometry":{"type":"Polygon","coordinates":[[[5.31111,44.38314],[5.324,44.37827],[5.32896,44.38195],[5.32197,44.39888],[5.32227,44.40172],[5.32605,44.40223],[5.31978,44.41215],[5.30473,44.42409],[5.29164,44.4167],[5.29036,44.41432],[5.29251,44.41334],[5.2894,44.4109],[5.29097,44.41043],[5.28788,44.40542],[5.28921,44.40083],[5.28725,44.39785],[5.28329,44.39749],[5.28098,44.39298],[5.28678,44.39148],[5.30059,44.38901],[5.31111,44.38314]]]},"properties":{"code_territoire":"iris262090000","libelle_territoire":"Montréal-les-Sources (commune non irisée)"}},
{"type":"Feature","geometry":{"type":"Polygon","coordinates":[[[4.82435,45.16131],[4.82605,45.16333],[4.82374,45.16422],[4.83303,45.16823],[4.83415,45.1719],[4.82888,45.17196],[4.8274,45.17435],[4.8268,45.17944],[4.83076,45.1874],[4.82841,45.1946],[4.81924,45.19756],[4.81456,45.19647],[4.81171,45.19282],[4.80586,45.19175],[4.81234,45.18333],[4.80925,45.16834],[4.81408,45.16279],[4.82435,45.16131]]]},"properties":{"code_territoire":"iris263330000","libelle_territoire":"Saint-Vallier (commune non irisée)"}},
{"type":"Feature","geometry":{"type":"Polygon","coordinates":[[[4.96368,44.55015],[4.96983,44.55304],[4.98255,44.55024],[4.98823,44.55616],[4.98343,44.56649],[4.98479,44.57262],[4.97499,44.57657],[4.97275,44.58278],[4.96386,44.57843],[4.95543,44.58013],[4.94217,44.57483],[4.94776,44.57306],[4.95248,44.57412],[4.95524,44.57188],[4.95801,44.5595],[4.95672,44.55463],[4.96212,44.55259],[4.96368,44.55015]]]},"properties":{"code_territoire":"iris263340000","libelle_territoire":"Salettes (commune non irisée)"}},
{"type":"Feature","geometry":{"type":"Polygon","coordinates":[[[4.92033,44.48335],[4.92194,44.47455],[4.93236,44.4639],[4.9279,44.44777],[4.93377,44.44538],[4.94717,44.45106],[4.949,44.45136],[4.95311,44.46176],[4.9567,44.47692],[4.9552,44.48879],[4.94013,44.49017],[4.92373,44.48399],[4.92033,44.48335]]]},"properties":{"code_territoire":"iris263350000","libelle_territoire":"Salles-sous-Bois (commune non irisée)"}},
{"type":"Feature","geometry":{"type":"Polygon","coordinates":[[[5.13521,44.66088],[5.11879,44.66168],[5.09918,44.66873],[5.0919,44.66814],[5.07947,44.67077],[5.07522,44.67024],[5.06922,44.66575],[5.05296,44.66505],[5.04713,44.66312],[5.03871,44.64467],[5.04072,44.63464],[5.04358,44.63283],[5.05289,44.6352],[5.0581,44.63456],[5.06192,44.63155],[5.06461,44.63378],[5.07031,44.63149],[5.07437,44.63178],[5.07841,44.6292],[5.09138,44.62728],[5.09691,44.62299],[5.10634,44.62181],[5.1117,44.62351],[5.11334,44.62616],[5.12304,44.62595],[5.12899,44.63392],[5.13812,44.63594],[5.13816,44.64175],[5.16908,44.63453],[5.18291,44.63229],[5.19907,44.63406],[5.20165,44.63948],[5.19996,44.64248],[5.20067,44.64599],[5.19588,44.6503],[5.18879,44.65081],[5.17833,44.6548],[5.1572,44.65891],[5.13521,44.66088]]]},"properties":{"code_territoire":"iris263360000","libelle_territoire":"Saou (commune non irisée)"}},
{"type":"Feature","geometry":{"type":"Polygon","coordinates":[[[5.0912,45.21893],[5.094,45.21688],[5.09258,45.21055],[5.09792,45.20773],[5.08937,45.2016],[5.08347,45.20014],[5.08652,45.19727],[5.08816,45.19021],[5.09219,45.18794],[5.09771,45.18932],[5.09919,45.18824],[5.10391,45.19029],[5.10555,45.18909],[5.10919,45.19125],[5.11352,45.18695],[5.13373,45.1847],[5.13575,45.1807],[5.1404,45.17875],[5.14613,45.1815],[5.1595,45.18217],[5.16716,45.19029],[5.16561,45.19255],[5.16971,45.1946],[5.16857,45.19862],[5.1643,45.19798],[5.16656,45.20072],[5.1644,45.20062],[5.16749,45.21022],[5.17935,45.21742],[5.20172,45.2174],[5.20056,45.22034],[5.19091,45.22419],[5.19056,45.22675],[5.18497,45.23097],[5.18193,45.24307],[5.17671,45.24863],[5.16102,45.24612],[5.15688,45.24723],[5.15658,45.25067],[5.16042,45.25513],[5.1558,45.25467],[5.15334,45.25638],[5.15147,45.25276],[5.14164,45.24739],[5.14137,45.24299],[5.1365,45.24492],[5.13163,45.24328],[5.12767,45.24681],[5.12219,45.24544],[5.11589,45.2418],[5.11151,45.24208],[5.10299,45.23536],[5.10173,45.22754],[5.09363,45.22401],[5.0912,45.21893]]]},"properties":{"code_territoire":"iris262100000","libelle_territoire":"Valherbasse (commune non irisée)"}},
{"type":"Feature","geometry":{"type":"Polygon","coordinates":[[[4.80741,44.72654],[4.78183,44.72951],[4.77141,44.7395],[4.76771,44.72833],[4.76418,44.72917],[4.76349,44.71653],[4.77188,44.70585],[4.77391,44.69519],[4.78172,44.67892],[4.78504,44.67834],[4.78658,44.67426],[4.80246,44.67445],[4.80238,44.67279],[4.80781,44.67124],[4.80863,44.67253],[4.80689,44.67888],[4.81213,44.67783],[4.81265,44.68681],[4.81532,44.69097],[4.81238,44.69501],[4.81481,44.6956],[4.8128,44.69702],[4.81478,44.70017],[4.81434,44.7115],[4.81109,44.71077],[4.80379,44.71545],[4.80741,44.72654]]]},"properties":{"code_territoire":"iris263370000","libelle_territoire":"Saulce-sur-Rhône (commune non irisée)"}},
{"type":"Feature","geometry":{"type":"Polygon","coordinates":[[[4.79808,44.5658],[4.80932,44.56308],[4.82586,44.56695],[4.82955,44.56994],[4.83427,44.56901],[4.83816,44.56402],[4.84246,44.56367],[4.84727,44.56696],[4.8539,44.56474],[4.8645,44.56735],[4.85279,44.57011],[4.85345,44.5758],[4.84941,44.57943],[4.85244,44.58667],[4.84239,44.59565],[4.82809,44.59266],[4.83077,44.59572],[4.83349,44.60845],[4.83721,44.6096],[4.84385,44.61657],[4.83845,44.61836],[4.83157,44.62548],[4.81962,44.62407],[4.81437,44.62168],[4.8089,44.6228],[4.80677,44.61795],[4.80035,44.61523],[4.81295,44.60725],[4.81724,44.59191],[4.81729,44.59045],[4.80514,44.58397],[4.80131,44.58298],[4.79797,44.57582],[4.79262,44.57133],[4.78984,44.56677],[4.79122,44.56819],[4.79808,44.5658]]]},"properties":{"code_territoire":"iris263380000","libelle_territoire":"Sauzet (commune non irisée)"}},
{"type":"Feature","geometry":{"type":"Polygon","coordinates":[[[4.74116,44.58877],[4.75152,44.58892],[4.75571,44.58901],[4.7557,44.58668],[4.76839,44.58626],[4.77922,44.58197],[4.78467,44.58372],[4.791,44.58138],[4.78962,44.57261],[4.79262,44.57133],[4.79797,44.57582],[4.80131,44.58298],[4.80514,44.58397],[4.80066,44.59566],[4.79014,44.61167],[4.80035,44.61523],[4.80677,44.61795],[4.8089,44.6228],[4.81437,44.62168],[4.81163,44.62632],[4.80726,44.62792],[4.80652,44.63876],[4.79592,44.63691],[4.7897,44.63985],[4.78848,44.63552],[4.78453,44.63556],[4.77572,44.62852],[4.77123,44.6175],[4.7699,44.62007],[4.76453,44.62065],[4.76211,44.61868],[4.75233,44.61893],[4.74055,44.60262],[4.74465,44.60063],[4.74116,44.58877]]]},"properties":{"code_territoire":"iris263390000","libelle_territoire":"Savasse (commune non irisée)"}},
{"type":"Feature","geometry":{"type":"Polygon","coordinates":[[[4.89288,44.36497],[4.88269,44.36636],[4.88249,44.37187],[4.87642,44.37326],[4.87825,44.38607],[4.87197,44.3843],[4.86796,44.38989],[4.86734,44.39598],[4.85804,44.39159],[4.85607,44.39266],[4.85025,44.39105],[4.83843,44.38692],[4.83007,44.38103],[4.82677,44.36652],[4.82889,44.36387],[4.84074,44.35995],[4.84555,44.35161],[4.84351,44.34926],[4.84577,44.34463],[4.84405,44.34278],[4.85866,44.34056],[4.86809,44.34275],[4.86926,44.3449],[4.87321,44.35147],[4.88114,44.35373],[4.88053,44.35531],[4.89073,44.35986],[4.89288,44.36497]]]},"properties":{"code_territoire":"iris262110000","libelle_territoire":"Montségur-sur-Lauzon (commune non irisée)"}},
{"type":"Feature","geometry":{"type":"Polygon","coordinates":[[[5.06942,44.84215],[5.06931,44.84484],[5.05554,44.85181],[5.05288,44.85015],[5.04721,44.85188],[5.0457,44.84998],[5.03941,44.85504],[5.04331,44.86521],[5.0342,44.87282],[5.03858,44.87679],[5.03666,44.87806],[5.03505,44.87673],[5.02399,44.88275],[5.02112,44.88096],[5.01599,44.8818],[5.01249,44.87913],[5.00395,44.88436],[4.99283,44.88248],[4.97743,44.88564],[4.97599,44.88307],[4.96933,44.87994],[4.97376,44.87658],[4.97914,44.87816],[4.97491,44.87085],[4.97892,44.87006],[4.97625,44.86589],[4.97662,44.86113],[5.01713,44.85256],[5.02252,44.84953],[5.02249,44.84293],[5.03152,44.84734],[5.0386,44.8478],[5.04015,44.85159],[5.05223,44.8459],[5.06942,44.84215]]]},"properties":{"code_territoire":"iris262120000","libelle_territoire":"Montvendre (commune non irisée)"}},
{"type":"Feature","geometry":{"type":"Polygon","coordinates":[[[4.97502,45.30387],[4.97748,45.29869],[4.97453,45.29079],[4.97692,45.29153],[4.98282,45.28654],[4.99109,45.28485],[4.99449,45.28243],[4.9984,45.27884],[5.00507,45.26464],[5.01061,45.26361],[5.02836,45.27299],[5.02396,45.27867],[5.01433,45.28296],[5.0035,45.2992],[4.99797,45.30189],[4.99059,45.30007],[4.9878,45.30686],[4.97502,45.30387]]]},"properties":{"code_territoire":"iris262130000","libelle_territoire":"Moras-en-Valloire (commune non irisée)"}},
{"type":"Feature","geometry":{"type":"Polygon","coordinates":[[[5.602,44.19166],[5.59897,44.19479],[5.58146,44.2004],[5.57972,44.20782],[5.56529,44.20847],[5.56458,44.21318],[5.56879,44.21757],[5.5616,44.21735],[5.56076,44.21921],[5.5555,44.21774],[5.55482,44.22057],[5.55145,44.22201],[5.53325,44.21959],[5.52386,44.21952],[5.51848,44.20566],[5.53491,44.19],[5.53915,44.17977],[5.54795,44.17557],[5.5518,44.16881],[5.55854,44.16692],[5.56452,44.17091],[5.56835,44.17998],[5.57282,44.18171],[5.57623,44.18807],[5.59681,44.18778],[5.602,44.19166]]]},"properties":{"code_territoire":"iris263400000","libelle_territoire":"Séderon (commune non irisée)"}},
{"type":"Feature","geometry":{"type":"Polygon","coordinates":[[[4.82923,45.15678],[4.8253,45.14959],[4.81389,45.13895],[4.80479,45.13453],[4.804,45.12918],[4.82424,45.12808],[4.82956,45.13193],[4.83358,45.13192],[4.83305,45.13429],[4.83835,45.13366],[4.8418,45.13956],[4.85048,45.13799],[4.85452,45.1386],[4.85576,45.14128],[4.85507,45.14834],[4.85184,45.14843],[4.83428,45.1586],[4.82923,45.15678]]]},"properties":{"code_territoire":"iris263410000","libelle_territoire":"Serves-sur-Rhône (commune non irisée)"}},
{"type":"Feature","geometry":{"type":"Polygon","coordinates":[[[4.82377,44.33275],[4.83812,44.33086],[4.84037,44.33955],[4.83892,44.34155],[4.84405,44.34278],[4.84577,44.34463],[4.84351,44.34926],[4.84555,44.35161],[4.84074,44.35995],[4.82889,44.36387],[4.82284,44.36449],[4.81678,44.36265],[4.80901,44.35617],[4.80546,44.33768],[4.8117,44.33446],[4.82292,44.3384],[4.82377,44.33275]]]},"properties":{"code_territoire":"iris263420000","libelle_territoire":"Solérieux (commune non irisée)"}},
{"type":"Feature","geometry":{"type":"Polygon","coordinates":[[[4.98255,44.55024],[4.96983,44.55304],[4.96368,44.55015],[4.95735,44.54832],[4.95826,44.54519],[4.95092,44.53013],[4.96435,44.52409],[4.96913,44.52797],[4.97597,44.52553],[4.9774,44.53489],[4.98081,44.53978],[4.97998,44.54801],[4.98255,44.55024]]]},"properties":{"code_territoire":"iris263430000","libelle_territoire":"Souspierre (commune non irisée)"}},
{"type":"Feature","geometry":{"type":"Polygon","coordinates":[[[4.9883,44.61959],[4.99323,44.61959],[4.99348,44.61682],[4.99857,44.61188],[5.00806,44.61592],[5.02338,44.61585],[5.03176,44.61137],[5.03886,44.59763],[5.04594,44.60312],[5.05142,44.60304],[5.05104,44.60697],[5.04656,44.61086],[5.06472,44.61853],[5.04358,44.63283],[5.04072,44.63464],[5.03871,44.64467],[5.04713,44.66312],[5.04011,44.67027],[5.0439,44.67835],[5.03516,44.68069],[5.03705,44.68342],[5.03325,44.68186],[5.02915,44.68283],[5.02251,44.67829],[5.01519,44.67713],[5.02399,44.66302],[5.00915,44.65732],[5.01647,44.65214],[5.01569,44.64967],[5.00828,44.64669],[5.00587,44.64325],[5.00163,44.64476],[4.99327,44.6414],[4.99125,44.64254],[4.9911,44.62683],[4.9883,44.61959]]]},"properties":{"code_territoire":"iris263440000","libelle_territoire":"Soyans (commune non irisée)"}},
{"type":"Feature","geometry":{"type":"Polygon","coordinates":[[[5.09691,44.62299],[5.09928,44.62216],[5.10103,44.61784],[5.10401,44.61468],[5.11025,44.61321],[5.1118,44.60984],[5.11646,44.60751],[5.11651,44.6021],[5.12162,44.60011],[5.12875,44.60244],[5.13472,44.60803],[5.14058,44.60857],[5.14673,44.60486],[5.14836,44.615],[5.15579,44.62688],[5.16908,44.63453],[5.13816,44.64175],[5.13812,44.63594],[5.12899,44.63392],[5.12304,44.62595],[5.11334,44.62616],[5.1117,44.62351],[5.10634,44.62181],[5.09691,44.62299]]]},"properties":{"code_territoire":"iris262140000","libelle_territoire":"Mornans (commune non irisée)"}},
{"type":"Feature","geometry":{"type":"Polygon","coordinates":[[[5.41904,44.50252],[5.4107,44.50906],[5.39359,44.5226],[5.39599,44.52619],[5.39039,44.53566],[5.38252,44.53582],[5.37926,44.52534],[5.37486,44.52081],[5.36877,44.51922],[5.3716,44.51111],[5.36944,44.50519],[5.36475,44.50392],[5.36403,44.49804],[5.35047,44.48993],[5.35865,44.47427],[5.35823,44.4682],[5.36185,44.46834],[5.36349,44.46484],[5.36722,44.4632],[5.37328,44.47399],[5.37537,44.47454],[5.38991,44.47018],[5.39025,44.46631],[5.39583,44.46212],[5.39555,44.46509],[5.40703,44.47151],[5.40819,44.47419],[5.40119,44.47832],[5.41377,44.50035],[5.41904,44.50252]]]},"properties":{"code_territoire":"iris262150000","libelle_territoire":"La Motte-Chalancon (commune non irisée)"}},
{"type":"Feature","geometry":{"type":"Polygon","coordinates":[[[4.85472,44.31442],[4.85788,44.3167],[4.85643,44.32549],[4.84654,44.32865],[4.83998,44.32871],[4.83812,44.33086],[4.82377,44.33275],[4.81934,44.32599],[4.81438,44.30807],[4.81093,44.30827],[4.81039,44.30436],[4.80458,44.30383],[4.80349,44.27808],[4.81513,44.27744],[4.82574,44.27031],[4.85083,44.27245],[4.87792,44.27009],[4.88013,44.26174],[4.9011,44.26414],[4.89831,44.27852],[4.88393,44.28393],[4.8873,44.2879],[4.8805,44.28745],[4.86731,44.29121],[4.8663,44.29591],[4.85765,44.29433],[4.85187,44.29623],[4.8509,44.30081],[4.84504,44.30767],[4.84927,44.31306],[4.85472,44.31442]]]},"properties":{"code_territoire":"iris263450000","libelle_territoire":"Suze-la-Rousse (commune non irisée)"}},
{"type":"Feature","geometry":{"type":"Polygon","coordinates":[[[5.0959,44.77479],[5.09664,44.76635],[5.08516,44.76254],[5.08588,44.75122],[5.0827,44.74748],[5.08569,44.74225],[5.08734,44.73032],[5.10428,44.72992],[5.10795,44.73514],[5.11105,44.74502],[5.12209,44.74666],[5.12904,44.75783],[5.12733,44.75805],[5.12835,44.75974],[5.12661,44.7654],[5.12888,44.76936],[5.12772,44.77729],[5.13035,44.77998],[5.11874,44.78307],[5.10683,44.78022],[5.10584,44.78171],[5.10126,44.7809],[5.0965,44.78341],[5.0959,44.77479]]]},"properties":{"code_territoire":"iris263460000","libelle_territoire":"Suze (commune non irisée)"}},
{"type":"Feature","geometry":{"type":"Polygon","coordinates":[[[4.84939,45.06502],[4.85039,45.06686],[4.84768,45.06759],[4.84665,45.07285],[4.82802,45.07589],[4.83236,45.07004],[4.84939,45.06502]]]},"properties":{"code_territoire":"iris263470101","libelle_territoire":"Centre Ville"}},
{"type":"Feature","geometry":{"type":"Polygon","coordinates":[[[4.8279,45.07875],[4.82802,45.07589],[4.84665,45.07285],[4.84768,45.06759],[4.85039,45.06686],[4.84939,45.06502],[4.85722,45.06171],[4.86075,45.05533],[4.86585,45.05788],[4.87001,45.06571],[4.86431,45.07005],[4.86545,45.07468],[4.85633,45.08066],[4.85544,45.07875],[4.84084,45.0781],[4.83899,45.0797],[4.8352,45.07867],[4.83388,45.07986],[4.8279,45.07875]]]},"properties":{"code_territoire":"iris263470102","libelle_territoire":"Périphérie"}},
{"type":"Feature","geometry":{"type":"Polygon","coordinates":[[[4.95193,44.42002],[4.96034,44.41993],[4.97162,44.43153],[4.97688,44.42853],[4.9778,44.42375],[4.98886,44.42324],[4.99577,44.42677],[4.99513,44.42911],[4.99885,44.43059],[5.00103,44.43566],[5.00924,44.43904],[5.01166,44.44507],[5.00943,44.44829],[5.01288,44.46],[5.00924,44.47099],[5.00908,44.47988],[4.9984,44.49566],[4.99648,44.49264],[4.97342,44.4994],[4.96903,44.4972],[4.96296,44.49784],[4.9574,44.49441],[4.9552,44.48879],[4.9567,44.47692],[4.95311,44.46176],[4.949,44.45136],[4.94717,44.45106],[4.94444,44.44782],[4.94319,44.43911],[4.94929,44.42213],[4.95193,44.42002]]]},"properties":{"code_territoire":"iris263480000","libelle_territoire":"Taulignan (commune non irisée)"}},
{"type":"Feature","geometry":{"type":"Polygon","coordinates":[[[4.93808,45.19953],[4.94561,45.20317],[4.94515,45.20732],[4.94223,45.20937],[4.93938,45.20992],[4.93709,45.21374],[4.93517,45.22466],[4.92791,45.23616],[4.92353,45.23852],[4.91364,45.2107],[4.91028,45.20648],[4.88916,45.21009],[4.89049,45.21377],[4.87527,45.21371],[4.87965,45.21197],[4.88194,45.21097],[4.87994,45.20457],[4.88187,45.1992],[4.88911,45.18571],[4.89203,45.18403],[4.90027,45.18105],[4.90703,45.18826],[4.90821,45.18731],[4.91925,45.19653],[4.93015,45.19983],[4.93808,45.19953]]]},"properties":{"code_territoire":"iris262160000","libelle_territoire":"Saint-Jean-de-Galaure (commune non irisée)"}},
{"type":"Feature","geometry":{"type":"Polygon","coordinates":[[[5.26691,45.05636],[5.26498,45.05762],[5.25521,45.057],[5.25783,45.05351],[5.25442,45.05016],[5.25595,45.04359],[5.26417,45.035],[5.27447,45.03227],[5.28103,45.03533],[5.28733,45.04063],[5.28575,45.04808],[5.28254,45.05039],[5.27687,45.05097],[5.27461,45.05698],[5.27049,45.05459],[5.26691,45.05636]]]},"properties":{"code_territoire":"iris262170000","libelle_territoire":"La Motte-Fanjas (commune non irisée)"}},
{"type":"Feature","geometry":{"type":"Polygon","coordinates":[[[5.07687,45.07046],[5.07536,45.07699],[5.07392,45.07626],[5.07155,45.0793],[5.0719,45.08498],[5.06921,45.08586],[5.06737,45.08328],[5.06357,45.08405],[5.05906,45.07858],[5.0541,45.07721],[5.05225,45.07349],[5.05063,45.07601],[5.04912,45.07446],[5.04668,45.07493],[5.0468,45.07788],[5.04212,45.07915],[5.03922,45.06858],[5.04073,45.0647],[5.06435,45.05803],[5.07687,45.07046]]]},"properties":{"code_territoire":"iris262180000","libelle_territoire":"Mours-Saint-Eusèbe (commune non irisée)"}},
{"type":"Feature","geometry":{"type":"Polygon","coordinates":[[[5.00024,45.19949],[5.00814,45.19663],[5.02098,45.20515],[5.02893,45.20709],[5.02962,45.21242],[5.03255,45.21553],[5.04194,45.21726],[5.04525,45.21876],[5.03999,45.22645],[5.03956,45.23088],[5.0341,45.23274],[5.03367,45.23587],[5.03078,45.2318],[5.01974,45.23],[5.01343,45.23428],[5.01107,45.23874],[5.00722,45.23115],[5.0103,45.22681],[5.01001,45.21936],[5.00131,45.2191],[4.99938,45.21586],[4.98156,45.20908],[4.98654,45.20719],[4.99504,45.20691],[5.00024,45.19949]]]},"properties":{"code_territoire":"iris263490000","libelle_territoire":"Tersanne (commune non irisée)"}},
{"type":"Feature","geometry":{"type":"Polygon","coordinates":[[[5.14113,44.42683],[5.14755,44.43093],[5.146,44.4369],[5.15557,44.44332],[5.1717,44.43748],[5.17737,44.44023],[5.18517,44.43813],[5.18856,44.45106],[5.18345,44.45096],[5.17359,44.45402],[5.17197,44.45876],[5.17562,44.46665],[5.18016,44.46836],[5.18319,44.4729],[5.17694,44.47433],[5.17222,44.47296],[5.16106,44.47745],[5.15513,44.48869],[5.13871,44.4879],[5.13974,44.4845],[5.13723,44.48114],[5.1262,44.48263],[5.12345,44.47391],[5.11981,44.47035],[5.09706,44.46085],[5.10177,44.4542],[5.10646,44.44019],[5.12514,44.43796],[5.13653,44.42647],[5.14113,44.42683]]]},"properties":{"code_territoire":"iris263500000","libelle_territoire":"Teyssières (commune non irisée)"}},
{"type":"Feature","geometry":{"type":"Polygon","coordinates":[[[5.23214,44.5769],[5.22712,44.58665],[5.22588,44.602],[5.21351,44.61087],[5.20929,44.6129],[5.18817,44.59245],[5.19108,44.58499],[5.18238,44.57688],[5.19767,44.57341],[5.21031,44.56137],[5.22259,44.56318],[5.22615,44.57547],[5.22811,44.57187],[5.23214,44.5769]]]},"properties":{"code_territoire":"iris263510000","libelle_territoire":"Les Tonils (commune non irisée)"}},
{"type":"Feature","geometry":{"type":"Polygon","coordinates":[[[4.90251,44.50462],[4.90319,44.51163],[4.90003,44.52092],[4.89388,44.52611],[4.89386,44.53129],[4.8886,44.53636],[4.88421,44.54753],[4.87779,44.54872],[4.8751,44.54727],[4.87845,44.54319],[4.87694,44.53249],[4.87901,44.52961],[4.87707,44.52983],[4.87879,44.5199],[4.87445,44.51155],[4.87232,44.49946],[4.87621,44.49648],[4.87854,44.49058],[4.88276,44.49906],[4.89847,44.50112],[4.90251,44.50462]]]},"properties":{"code_territoire":"iris263520000","libelle_territoire":"La Touche (commune non irisée)"}},
{"type":"Feature","geometry":{"type":"Polygon","coordinates":[[[5.12532,44.35159],[5.13962,44.35679],[5.14411,44.36002],[5.14516,44.36418],[5.14096,44.36846],[5.13988,44.36076],[5.12989,44.36242],[5.12221,44.36128],[5.12514,44.35981],[5.13254,44.36016],[5.13317,44.35809],[5.13061,44.35742],[5.13154,44.35535],[5.13429,44.35529],[5.12532,44.35159]]]},"properties":{"code_territoire":"iris262200101","libelle_territoire":"Centre"}},
{"type":"Feature","geometry":{"type":"Polygon","coordinates":[[[5.11428,44.36909],[5.11865,44.36717],[5.11867,44.36338],[5.12221,44.36128],[5.12989,44.36242],[5.13988,44.36076],[5.14096,44.36846],[5.14516,44.36418],[5.14411,44.36002],[5.13962,44.35679],[5.12532,44.35159],[5.11561,44.3436],[5.12049,44.34067],[5.13455,44.33951],[5.14096,44.33639],[5.148,44.33364],[5.15956,44.33898],[5.16421,44.34647],[5.16352,44.3584],[5.15967,44.36885],[5.16042,44.37264],[5.15662,44.37694],[5.14415,44.38152],[5.13653,44.37889],[5.12854,44.38351],[5.11428,44.36909]]]},"properties":{"code_territoire":"iris262200102","libelle_territoire":"Périphérie Nord-Est Sud-Est"}},
{"type":"Feature","geometry":{"type":"Polygon","coordinates":[[[4.80863,44.67253],[4.80781,44.67124],[4.80238,44.67279],[4.80246,44.67445],[4.78658,44.67426],[4.78504,44.67834],[4.78172,44.67892],[4.77908,44.67908],[4.77862,44.67102],[4.77564,44.66539],[4.77937,44.65487],[4.78792,44.65461],[4.79012,44.65946],[4.79385,44.65882],[4.80602,44.66156],[4.81628,44.65648],[4.8282,44.65503],[4.83469,44.65812],[4.83253,44.66455],[4.8231,44.66778],[4.81627,44.67338],[4.80863,44.67253]]]},"properties":{"code_territoire":"iris263530000","libelle_territoire":"Les Tourrettes (commune non irisée)"}},
{"type":"Feature","geometry":{"type":"Polygon","coordinates":[[[5.09676,45.09772],[5.10002,45.09427],[5.09879,45.09092],[5.10201,45.08648],[5.11907,45.07653],[5.12272,45.07926],[5.12546,45.089],[5.12299,45.1012],[5.11791,45.10749],[5.11239,45.10969],[5.11311,45.11812],[5.10422,45.10961],[5.1028,45.1046],[5.10063,45.10131],[5.09761,45.10072],[5.09676,45.09772]]]},"properties":{"code_territoire":"iris263550000","libelle_territoire":"Triors (commune non irisée)"}},
{"type":"Feature","geometry":{"type":"Polygon","coordinates":[[[5.10416,44.57309],[5.105,44.57876],[5.10795,44.58018],[5.09953,44.58643],[5.09282,44.58807],[5.08813,44.59155],[5.07737,44.59203],[5.06891,44.58756],[5.06558,44.58354],[5.06187,44.56953],[5.06289,44.56374],[5.07365,44.56353],[5.07962,44.56591],[5.08173,44.5623],[5.09146,44.56315],[5.10416,44.57309]]]},"properties":{"code_territoire":"iris263560000","libelle_territoire":"Truinas (commune non irisée)"}},
{"type":"Feature","geometry":{"type":"Polygon","coordinates":[[[4.92191,44.30865],[4.91927,44.30359],[4.91552,44.30154],[4.91273,44.28751],[4.90493,44.28796],[4.90485,44.27993],[4.89831,44.27852],[4.9011,44.26414],[4.89543,44.25753],[4.89978,44.25682],[4.90171,44.26023],[4.92237,44.25971],[4.92331,44.26141],[4.93302,44.26222],[4.94275,44.26897],[4.95999,44.27426],[4.98094,44.28467],[4.98947,44.28596],[4.98713,44.29273],[4.97994,44.2975],[4.95939,44.29895],[4.95728,44.30259],[4.95105,44.30104],[4.94435,44.30595],[4.92191,44.30865]]]},"properties":{"code_territoire":"iris263570000","libelle_territoire":"Tulette (commune non irisée)"}},
{"type":"Feature","geometry":{"type":"Polygon","coordinates":[[[5.00019,44.78107],[5.00669,44.78895],[5.01177,44.79028],[5.0127,44.80981],[5.01222,44.81431],[5.00067,44.81517],[4.97765,44.82192],[4.95216,44.8183],[4.95387,44.81327],[4.95487,44.81016],[4.95236,44.80542],[4.96077,44.79239],[4.95529,44.78913],[4.94626,44.77794],[4.95266,44.77146],[4.96,44.77621],[4.97062,44.77927],[4.9746,44.7776],[4.98453,44.77915],[4.99242,44.78451],[5.00019,44.78107]]]},"properties":{"code_territoire":"iris263580000","libelle_territoire":"Upie (commune non irisée)"}},
{"type":"Feature","geometry":{"type":"Polygon","coordinates":[[[5.25316,44.77674],[5.25983,44.778],[5.26092,44.77986],[5.27266,44.78115],[5.27093,44.78935],[5.26627,44.79449],[5.25443,44.79272],[5.23811,44.79498],[5.23571,44.7914],[5.22667,44.78622],[5.23152,44.7792],[5.25055,44.77868],[5.25316,44.77674]]]},"properties":{"code_territoire":"iris263590000","libelle_territoire":"Vachères-en-Quint (commune non irisée)"}},
{"type":"Feature","geometry":{"type":"Polygon","coordinates":[[[5.0994,44.33357],[5.11561,44.3436],[5.12532,44.35159],[5.13429,44.35529],[5.13154,44.35535],[5.13061,44.35742],[5.13317,44.35809],[5.13254,44.36016],[5.12514,44.35981],[5.12221,44.36128],[5.11867,44.36338],[5.11865,44.36717],[5.11428,44.36909],[5.10883,44.37164],[5.10222,44.36872],[5.10373,44.36679],[5.09406,44.35917],[5.08663,44.35813],[5.0842,44.35392],[5.08408,44.35169],[5.09038,44.34552],[5.09263,44.33843],[5.0994,44.33357]]]},"properties":{"code_territoire":"iris262200103","libelle_territoire":"Sud-Ouest"}},
{"type":"Feature","geometry":{"type":"Polygon","coordinates":[[[5.2925,44.89421],[5.26238,44.90299],[5.25307,44.90088],[5.25005,44.90361],[5.2469,44.89696],[5.24006,44.89477],[5.23146,44.9],[5.20954,44.89814],[5.21184,44.88962],[5.20955,44.88405],[5.20645,44.86796],[5.20319,44.86691],[5.19938,44.87642],[5.1893,44.87626],[5.18878,44.85891],[5.1915,44.85591],[5.19079,44.85285],[5.18581,44.85346],[5.18857,44.8475],[5.18773,44.84229],[5.18983,44.8405],[5.18669,44.83753],[5.19113,44.8333],[5.19229,44.8272],[5.19587,44.82558],[5.19629,44.82294],[5.17562,44.80783],[5.17657,44.80602],[5.17415,44.80374],[5.18689,44.80969],[5.20504,44.8117],[5.21142,44.82428],[5.2187,44.8305],[5.22401,44.83384],[5.23364,44.83392],[5.23797,44.83799],[5.24149,44.84621],[5.25038,44.85489],[5.25333,44.85677],[5.25817,44.85338],[5.27162,44.8613],[5.27219,44.8665],[5.27948,44.87823],[5.2925,44.89421]]]},"properties":{"code_territoire":"iris262210000","libelle_territoire":"Omblèze (commune non irisée)"}},
{"type":"Feature","geometry":{"type":"Polygon","coordinates":[[[4.7951,44.39875],[4.7995,44.3981],[4.80787,44.40023],[4.81347,44.39838],[4.81557,44.40169],[4.81075,44.40277],[4.81407,44.40662],[4.81207,44.41646],[4.82677,44.41575],[4.83653,44.42011],[4.84103,44.41936],[4.84072,44.42704],[4.83746,44.42927],[4.83185,44.44029],[4.8184,44.4461],[4.81445,44.44445],[4.81405,44.43867],[4.80282,44.42263],[4.79693,44.42471],[4.78533,44.42053],[4.7823,44.41615],[4.76935,44.41532],[4.77287,44.41434],[4.78065,44.40899],[4.79229,44.40699],[4.78915,44.40066],[4.7951,44.39875]]]},"properties":{"code_territoire":"iris263600000","libelle_territoire":"Valaurie (commune non irisée)"}},
{"type":"Feature","geometry":{"type":"Polygon","coordinates":[[[5.54952,44.52838],[5.52679,44.52612],[5.51268,44.51857],[5.51338,44.51513],[5.50807,44.50196],[5.5111,44.49157],[5.51609,44.49182],[5.53047,44.48594],[5.54544,44.48262],[5.55863,44.47328],[5.57033,44.4769],[5.57938,44.47178],[5.60364,44.4655],[5.61688,44.47321],[5.62117,44.48238],[5.62493,44.48418],[5.6233,44.4896],[5.62628,44.49812],[5.61048,44.50685],[5.60577,44.51158],[5.60557,44.51646],[5.60156,44.5171],[5.59838,44.51566],[5.58708,44.52134],[5.58482,44.51828],[5.57974,44.51939],[5.57618,44.51608],[5.56769,44.5153],[5.56142,44.51997],[5.54899,44.52241],[5.5469,44.52502],[5.54952,44.52838]]]},"properties":{"code_territoire":"iris263610000","libelle_territoire":"Valdrôme (commune non irisée)"}},
{"type":"Feature","geometry":{"type":"Polygon","coordinates":[[[4.89339,44.93723],[4.89227,44.93597],[4.89422,44.9353],[4.89568,44.9371],[4.89339,44.93723]]]},"properties":{"code_territoire":"iris263620101","libelle_territoire":"Préfecture"}},
{"type":"Feature","geometry":{"type":"Polygon","coordinates":[[[4.88297,44.93199],[4.88464,44.93145],[4.8914,44.93049],[4.89422,44.9353],[4.89227,44.93597],[4.89339,44.93723],[4.88896,44.936],[4.8864,44.93624],[4.88297,44.93199]]]},"properties":{"code_territoire":"iris263620102","libelle_territoire":"Centre Basse Ville"}},
{"type":"Feature","geometry":{"type":"Polygon","coordinates":[[[4.89568,44.9371],[4.89422,44.9353],[4.8914,44.93049],[4.89644,44.92917],[4.8993,44.9319],[4.89873,44.93256],[4.89723,44.93622],[4.89646,44.93769],[4.89568,44.9371]]]},"properties":{"code_territoire":"iris263620103","libelle_territoire":"Centre Boulevards"}},
{"type":"Feature","geometry":{"type":"Polygon","coordinates":[[[4.89644,44.92917],[4.8914,44.93049],[4.88464,44.93145],[4.88304,44.929],[4.88622,44.92787],[4.88779,44.92928],[4.88571,44.92603],[4.88837,44.92523],[4.8871,44.92306],[4.89193,44.922],[4.89316,44.9262],[4.89707,44.92676],[4.89644,44.92917]]]},"properties":{"code_territoire":"iris263620104","libelle_territoire":"Gare"}},
{"type":"Feature","geometry":{"type":"Polygon","coordinates":[[[5.15224,44.5423],[5.15038,44.54383],[5.15111,44.54747],[5.15656,44.55019],[5.15159,44.55106],[5.14244,44.56051],[5.13894,44.56714],[5.12827,44.56006],[5.12652,44.55479],[5.12826,44.5516],[5.12335,44.55046],[5.12293,44.54326],[5.12879,44.53462],[5.12854,44.53615],[5.13963,44.53898],[5.14994,44.538],[5.15224,44.5423]]]},"properties":{"code_territoire":"iris262220000","libelle_territoire":"Orcinas (commune non irisée)"}},
{"type":"Feature","geometry":{"type":"Polygon","coordinates":[[[4.89723,44.93622],[4.89873,44.93256],[4.90423,44.9339],[4.907,44.9371],[4.90461,44.93928],[4.89723,44.93622]]]},"properties":{"code_territoire":"iris263620201","libelle_territoire":"Polygone"}},
{"type":"Feature","geometry":{"type":"Polygon","coordinates":[[[4.89646,44.93769],[4.89723,44.93622],[4.90461,44.93928],[4.907,44.9371],[4.90423,44.9339],[4.90953,44.9355],[4.91596,44.93981],[4.92029,44.94413],[4.9146,44.94238],[4.90969,44.94441],[4.90456,44.94261],[4.89661,44.93786],[4.89646,44.93769]]]},"properties":{"code_territoire":"iris263620202","libelle_territoire":"Dame Blanche"}},
{"type":"Feature","geometry":{"type":"Polygon","coordinates":[[[4.90456,44.94261],[4.90969,44.94441],[4.9146,44.94238],[4.92029,44.94413],[4.92262,44.94607],[4.91957,44.95023],[4.91122,44.94824],[4.90456,44.94261]]]},"properties":{"code_territoire":"iris263620203","libelle_territoire":"Chamberlière"}},
{"type":"Feature","geometry":{"type":"Polygon","coordinates":[[[4.91117,44.92846],[4.91652,44.92681],[4.91851,44.93272],[4.91753,44.93836],[4.91596,44.93981],[4.90953,44.9355],[4.911,44.92851],[4.91117,44.92846]]]},"properties":{"code_territoire":"iris263620301","libelle_territoire":"Petit Charran"}},
{"type":"Feature","geometry":{"type":"Polygon","coordinates":[[[4.8993,44.9319],[4.9056,44.93019],[4.911,44.92851],[4.90953,44.9355],[4.90423,44.9339],[4.89873,44.93256],[4.8993,44.9319]]]},"properties":{"code_territoire":"iris263620302","libelle_territoire":"Romans"}},
{"type":"Feature","geometry":{"type":"Polygon","coordinates":[[[4.8972,44.92642],[4.90368,44.92436],[4.90505,44.92568],[4.90202,44.92686],[4.9056,44.93019],[4.8993,44.9319],[4.89644,44.92917],[4.89707,44.92676],[4.8972,44.92642]]]},"properties":{"code_territoire":"iris263620303","libelle_territoire":"Alpes"}},
{"type":"Feature","geometry":{"type":"Polygon","coordinates":[[[4.911,44.92851],[4.9056,44.93019],[4.90202,44.92686],[4.90505,44.92568],[4.90368,44.92436],[4.90821,44.92124],[4.91117,44.92846],[4.911,44.92851]]]},"properties":{"code_territoire":"iris263620304","libelle_territoire":"Grand Charran"}},
{"type":"Feature","geometry":{"type":"Polygon","coordinates":[[[4.89707,44.92676],[4.89316,44.9262],[4.89193,44.922],[4.89116,44.91963],[4.89951,44.9193],[4.8972,44.92642],[4.89707,44.92676]]]},"properties":{"code_territoire":"iris263620401","libelle_territoire":"Jappe-Renard"}},
{"type":"Feature","geometry":{"type":"Polygon","coordinates":[[[4.89071,44.91623],[4.89354,44.91342],[4.89857,44.91294],[4.90659,44.91892],[4.90344,44.92022],[4.9031,44.91804],[4.89951,44.9193],[4.89116,44.91963],[4.89071,44.91623]]]},"properties":{"code_territoire":"iris263620402","libelle_territoire":"Les Baumes"}},
{"type":"Feature","geometry":{"type":"Polygon","coordinates":[[[4.89951,44.9193],[4.9031,44.91804],[4.90344,44.92022],[4.90659,44.91892],[4.90821,44.92124],[4.90368,44.92436],[4.8972,44.92642],[4.89951,44.9193]]]},"properties":{"code_territoire":"iris263620403","libelle_territoire":"Les Moulins"}},
{"type":"Feature","geometry":{"type":"Polygon","coordinates":[[[4.89347,44.88712],[4.89307,44.89165],[4.88704,44.90157],[4.88324,44.90421],[4.88302,44.9043],[4.87815,44.89421],[4.88087,44.89391],[4.87961,44.88745],[4.89347,44.88712]]]},"properties":{"code_territoire":"iris263620501","libelle_territoire":"Les Auréats"}},
{"type":"Feature","geometry":{"type":"Polygon","coordinates":[[[4.87815,44.89421],[4.88302,44.9043],[4.8764,44.90562],[4.87799,44.91287],[4.88352,44.91892],[4.88443,44.91233],[4.8871,44.92306],[4.88837,44.92523],[4.88571,44.92603],[4.88779,44.92928],[4.88622,44.92787],[4.88304,44.929],[4.88464,44.93145],[4.88297,44.93199],[4.87197,44.91945],[4.86883,44.90985],[4.85651,44.90224],[4.85438,44.89685],[4.87815,44.89421]]]},"properties":{"code_territoire":"iris263620502","libelle_territoire":"Épervière"}},
{"type":"Feature","geometry":{"type":"Polygon","coordinates":[[[4.88324,44.90421],[4.89071,44.91623],[4.89116,44.91963],[4.89193,44.922],[4.8871,44.92306],[4.88443,44.91233],[4.88189,44.91219],[4.88077,44.90804],[4.87799,44.91287],[4.8764,44.90562],[4.88302,44.9043],[4.88324,44.90421]]]},"properties":{"code_territoire":"iris263620503","libelle_territoire":"Le Calvaire"}},
{"type":"Feature","geometry":{"type":"Polygon","coordinates":[[[4.87799,44.91287],[4.88077,44.90804],[4.88189,44.91219],[4.88443,44.91233],[4.88352,44.91892],[4.87799,44.91287]]]},"properties":{"code_territoire":"iris263620504","libelle_territoire":"Valensolles"}},
{"type":"Feature","geometry":{"type":"Polygon","coordinates":[[[4.9377,44.92042],[4.92943,44.92424],[4.91748,44.92651],[4.91652,44.92681],[4.91117,44.92846],[4.90821,44.92124],[4.90659,44.91892],[4.89857,44.91294],[4.90357,44.91049],[4.90594,44.91141],[4.90525,44.90917],[4.90896,44.90764],[4.90879,44.91207],[4.91349,44.91373],[4.92376,44.90415],[4.93503,44.90048],[4.93704,44.9],[4.93354,44.91359],[4.9377,44.92042]]]},"properties":{"code_territoire":"iris263620601","libelle_territoire":"Briffaut"}},
{"type":"Feature","geometry":{"type":"Polygon","coordinates":[[[4.91621,44.89569],[4.92818,44.90081],[4.93503,44.90048],[4.92376,44.90415],[4.91349,44.91373],[4.90879,44.91207],[4.90896,44.90764],[4.90525,44.90917],[4.90594,44.91141],[4.90357,44.91049],[4.89857,44.91294],[4.89354,44.91342],[4.89071,44.91623],[4.88324,44.90421],[4.88704,44.90157],[4.89307,44.89165],[4.89347,44.88712],[4.90182,44.88747],[4.91017,44.8901],[4.91621,44.89569]]]},"properties":{"code_territoire":"iris263620602","libelle_territoire":"Lautagne"}},
{"type":"Feature","geometry":{"type":"Polygon","coordinates":[[[4.91851,44.93272],[4.92321,44.93222],[4.92608,44.93206],[4.92508,44.93471],[4.92916,44.93489],[4.92963,44.93804],[4.92583,44.93777],[4.92603,44.9406],[4.92102,44.94137],[4.91845,44.941],[4.91753,44.93836],[4.91851,44.93272]]]},"properties":{"code_territoire":"iris263620701","libelle_territoire":"Le Plan"}},
{"type":"Feature","geometry":{"type":"Polygon","coordinates":[[[4.91957,44.95023],[4.92262,44.94607],[4.92029,44.94413],[4.91596,44.93981],[4.91753,44.93836],[4.91845,44.941],[4.92102,44.94137],[4.92603,44.9406],[4.92583,44.93777],[4.92963,44.93804],[4.95009,44.93991],[4.95714,44.94089],[4.96638,44.93816],[4.97558,44.9383],[4.97839,44.94242],[4.97031,44.94416],[4.97669,44.94715],[4.97257,44.94829],[4.9738,44.95079],[4.97611,44.95008],[4.97771,44.95196],[4.97352,44.95456],[4.97175,44.95923],[4.96419,44.95865],[4.94146,44.95172],[4.94122,44.95741],[4.92584,44.9547],[4.91957,44.95023]]]},"properties":{"code_territoire":"iris263620702","libelle_territoire":"Les Couleures"}},
{"type":"Feature","geometry":{"type":"Polygon","coordinates":[[[4.95009,44.93991],[4.92963,44.93804],[4.92916,44.93489],[4.92508,44.93471],[4.92608,44.93206],[4.92321,44.93222],[4.92278,44.92959],[4.92314,44.92797],[4.92985,44.92742],[4.92943,44.92424],[4.9377,44.92042],[4.94109,44.92616],[4.94661,44.92457],[4.94681,44.93579],[4.95009,44.93991]]]},"properties":{"code_territoire":"iris263620801","libelle_territoire":"La Bayot"}},
{"type":"Feature","geometry":{"type":"Polygon","coordinates":[[[4.91652,44.92681],[4.91748,44.92651],[4.91805,44.92887],[4.92278,44.92959],[4.92321,44.93222],[4.91851,44.93272],[4.91652,44.92681]]]},"properties":{"code_territoire":"iris263620802","libelle_territoire":"Mozart"}},
{"type":"Feature","geometry":{"type":"Polygon","coordinates":[[[4.91748,44.92651],[4.92943,44.92424],[4.92985,44.92742],[4.92314,44.92797],[4.92278,44.92959],[4.91805,44.92887],[4.91748,44.92651]]]},"properties":{"code_territoire":"iris263620803","libelle_territoire":"Chopin"}},
{"type":"Feature","geometry":{"type":"Polygon","coordinates":[[[5.22465,44.98782],[5.22008,44.98118],[5.22156,44.97763],[5.21885,44.97244],[5.23255,44.97651],[5.23505,44.9724],[5.22446,44.96913],[5.24761,44.96144],[5.25542,44.96554],[5.25788,44.97829],[5.26454,44.98258],[5.26363,44.98609],[5.27472,44.99072],[5.27569,44.99642],[5.28086,45.00165],[5.28429,45.01193],[5.27065,45.01267],[5.25887,45.01666],[5.25291,45.01631],[5.24847,45.00895],[5.24515,45.00804],[5.23583,44.99865],[5.23372,44.99203],[5.22846,44.98812],[5.22465,44.98782]]]},"properties":{"code_territoire":"iris262230000","libelle_territoire":"Oriol-en-Royans (commune non irisée)"}},
{"type":"Feature","geometry":{"type":"Polygon","coordinates":[[[5.18319,44.4729],[5.18016,44.46836],[5.17562,44.46665],[5.17197,44.45876],[5.17359,44.45402],[5.18345,44.45096],[5.18856,44.45106],[5.19525,44.44096],[5.20085,44.44697],[5.20699,44.44887],[5.20817,44.45242],[5.20477,44.46525],[5.20055,44.47017],[5.19165,44.47453],[5.18319,44.4729]]]},"properties":{"code_territoire":"iris263630000","libelle_territoire":"Valouse (commune non irisée)"}},
{"type":"Feature","geometry":{"type":"Polygon","coordinates":[[[5.39426,44.84593],[5.39799,44.86468],[5.40714,44.87212],[5.40289,44.87505],[5.40981,44.88121],[5.40893,44.88634],[5.41127,44.89047],[5.40334,44.88932],[5.41468,44.91615],[5.41381,44.92162],[5.4026,44.92598],[5.38233,44.93318],[5.36713,44.93417],[5.36486,44.93206],[5.36743,44.92405],[5.36048,44.91801],[5.3574,44.90847],[5.34405,44.88905],[5.34246,44.87935],[5.34448,44.8666],[5.33507,44.8477],[5.33198,44.82985],[5.34807,44.83234],[5.36433,44.82689],[5.36869,44.82298],[5.3795,44.84627],[5.39426,44.84593]]]},"properties":{"code_territoire":"iris263640000","libelle_territoire":"Vassieux-en-Vercors (commune non irisée)"}},
{"type":"Feature","geometry":{"type":"Polygon","coordinates":[[[5.00019,44.78107],[5.00033,44.77833],[5.00356,44.77771],[5.00668,44.77427],[5.00124,44.76911],[5.00569,44.76745],[5.00306,44.75679],[5.00888,44.75627],[5.01134,44.74994],[5.01909,44.75334],[5.03443,44.7517],[5.03725,44.75286],[5.03877,44.75849],[5.04582,44.75693],[5.05435,44.75978],[5.05355,44.7624],[5.05804,44.77221],[5.06002,44.77445],[5.06659,44.77586],[5.06956,44.7819],[5.07043,44.7925],[5.05061,44.79328],[5.04366,44.79757],[5.03091,44.80113],[5.0127,44.80981],[5.01177,44.79028],[5.00669,44.78895],[5.00019,44.78107]]]},"properties":{"code_territoire":"iris263650000","libelle_territoire":"Vaunaveys-la-Rochette (commune non irisée)"}},
{"type":"Feature","geometry":{"type":"Polygon","coordinates":[[[5.0624,44.40357],[5.071,44.38318],[5.07219,44.37932],[5.07032,44.37645],[5.07229,44.37424],[5.07207,44.36097],[5.07692,44.35801],[5.07975,44.35818],[5.0842,44.35392],[5.08663,44.35813],[5.09406,44.35917],[5.10373,44.36679],[5.10222,44.36872],[5.10883,44.37164],[5.11428,44.36909],[5.12854,44.38351],[5.11957,44.38975],[5.12313,44.39616],[5.11649,44.40183],[5.12672,44.40676],[5.13207,44.41272],[5.12856,44.42033],[5.13653,44.42647],[5.12514,44.43796],[5.10646,44.44019],[5.10427,44.43435],[5.10591,44.42537],[5.09656,44.41863],[5.08601,44.42487],[5.07699,44.42196],[5.0724,44.41887],[5.07104,44.41482],[5.07387,44.41157],[5.07225,44.40478],[5.074,44.40267],[5.0624,44.40357]]]},"properties":{"code_territoire":"iris263670000","libelle_territoire":"Venterol (commune non irisée)"}},
{"type":"Feature","geometry":{"type":"Polygon","coordinates":[[[5.25893,44.69808],[5.26847,44.70743],[5.26937,44.71316],[5.26814,44.72145],[5.27026,44.72902],[5.25738,44.72888],[5.24947,44.73347],[5.23477,44.73519],[5.23267,44.7373],[5.23477,44.73136],[5.23029,44.72494],[5.23082,44.71795],[5.23251,44.71494],[5.2313,44.69939],[5.23776,44.68969],[5.24366,44.69575],[5.25893,44.69808]]]},"properties":{"code_territoire":"iris263680000","libelle_territoire":"Vercheny (commune non irisée)"}},
{"type":"Feature","geometry":{"type":"Polygon","coordinates":[[[5.41836,44.4249],[5.39772,44.4168],[5.39188,44.41696],[5.3905,44.42043],[5.38812,44.42004],[5.3839,44.42283],[5.37979,44.41768],[5.37433,44.41531],[5.37853,44.40482],[5.36576,44.40685],[5.36063,44.40361],[5.36346,44.40002],[5.37405,44.39392],[5.3741,44.38993],[5.38794,44.38937],[5.39751,44.38346],[5.39787,44.38154],[5.3687,44.37268],[5.36916,44.37149],[5.37148,44.37216],[5.38531,44.37389],[5.40008,44.3724],[5.40635,44.36736],[5.41602,44.36836],[5.4196,44.36583],[5.42609,44.36693],[5.4305,44.36519],[5.43493,44.36901],[5.43172,44.37109],[5.42974,44.37672],[5.44094,44.37776],[5.44396,44.37951],[5.44065,44.38551],[5.44308,44.39156],[5.43615,44.40188],[5.43332,44.41171],[5.42975,44.41542],[5.423,44.41621],[5.41836,44.4249]]]},"properties":{"code_territoire":"iris263690000","libelle_territoire":"Verclause (commune non irisée)"}},
{"type":"Feature","geometry":{"type":"Polygon","coordinates":[[[5.36556,44.31405],[5.36217,44.31754],[5.35671,44.31658],[5.33817,44.3106],[5.33066,44.30983],[5.32298,44.31159],[5.30339,44.3096],[5.30559,44.29826],[5.30966,44.29656],[5.30781,44.29173],[5.32487,44.28896],[5.32445,44.28479],[5.34083,44.28019],[5.35521,44.27989],[5.36381,44.27675],[5.36816,44.27766],[5.38981,44.26551],[5.40258,44.27614],[5.39562,44.2768],[5.3917,44.28082],[5.38626,44.2825],[5.38261,44.28698],[5.38287,44.28988],[5.37227,44.29406],[5.36508,44.30086],[5.36381,44.30242],[5.36695,44.30693],[5.37482,44.30915],[5.36655,44.31191],[5.36556,44.31405]]]},"properties":{"code_territoire":"iris263700000","libelle_territoire":"Vercoiran (commune non irisée)"}},
{"type":"Feature","geometry":{"type":"Polygon","coordinates":[[[5.07043,44.7925],[5.07612,44.80471],[5.07388,44.81367],[5.0536,44.8116],[5.04376,44.81325],[5.03663,44.81807],[5.01933,44.8176],[5.0121,44.82059],[5.01222,44.81431],[5.0127,44.80981],[5.03091,44.80113],[5.04366,44.79757],[5.05061,44.79328],[5.07043,44.7925]]]},"properties":{"code_territoire":"iris262240000","libelle_territoire":"Ourches (commune non irisée)"}},
{"type":"Feature","geometry":{"type":"Polygon","coordinates":[[[5.16299,45.09882],[5.17277,45.10383],[5.17765,45.10894],[5.18259,45.11744],[5.18706,45.12021],[5.1883,45.12819],[5.17923,45.13156],[5.17402,45.12872],[5.1698,45.13012],[5.16145,45.12791],[5.15789,45.12497],[5.15409,45.12599],[5.15014,45.11945],[5.13865,45.12247],[5.13416,45.12054],[5.13346,45.11856],[5.13258,45.10869],[5.13576,45.09942],[5.14058,45.09699],[5.13649,45.09361],[5.14226,45.09416],[5.14941,45.09752],[5.16299,45.09882]]]},"properties":{"code_territoire":"iris262250000","libelle_territoire":"Parnans (commune non irisée)"}},
{"type":"Feature","geometry":{"type":"Polygon","coordinates":[[[5.08796,44.46731],[5.07651,44.46257],[5.06784,44.45595],[5.06588,44.45665],[5.05299,44.44983],[5.05426,44.44379],[5.04863,44.44175],[5.04739,44.43756],[5.0343,44.42456],[5.05235,44.42157],[5.05593,44.42244],[5.07269,44.43383],[5.07676,44.43915],[5.10177,44.4542],[5.09706,44.46085],[5.09682,44.46285],[5.08796,44.46731]]]},"properties":{"code_territoire":"iris262260000","libelle_territoire":"Le Pègue (commune non irisée)"}},
{"type":"Feature","geometry":{"type":"Polygon","coordinates":[[[5.3687,44.37268],[5.39787,44.38154],[5.39751,44.38346],[5.38794,44.38937],[5.3741,44.38993],[5.36745,44.37672],[5.3687,44.37268]]]},"properties":{"code_territoire":"iris262270000","libelle_territoire":"Pelonne (commune non irisée)"}},
{"type":"Feature","geometry":{"type":"Polygon","coordinates":[[[5.33077,44.648],[5.32486,44.64993],[5.32224,44.65286],[5.31523,44.64759],[5.30406,44.64814],[5.30583,44.6427],[5.29907,44.64231],[5.29531,44.64036],[5.29025,44.63972],[5.28971,44.64038],[5.29063,44.63749],[5.29578,44.63487],[5.2966,44.63106],[5.30143,44.63108],[5.30208,44.62897],[5.30519,44.62845],[5.30343,44.62613],[5.31504,44.62303],[5.32277,44.62461],[5.33001,44.62335],[5.33307,44.62613],[5.34661,44.62822],[5.34406,44.6319],[5.3469,44.63547],[5.34652,44.63995],[5.34254,44.6447],[5.3372,44.643],[5.33273,44.64406],[5.33077,44.648]]]},"properties":{"code_territoire":"iris262280000","libelle_territoire":"Pennes-le-Sec (commune non irisée)"}},
{"type":"Feature","geometry":{"type":"Polygon","coordinates":[[[5.24829,44.23107],[5.24075,44.26556],[5.23691,44.26801],[5.22534,44.2754],[5.21844,44.26775],[5.22278,44.2585],[5.22329,44.24191],[5.22704,44.23059],[5.24051,44.23086],[5.24829,44.23107]]]},"properties":{"code_territoire":"iris262290000","libelle_territoire":"La Penne-sur-l'Ouvèze (commune non irisée)"}},
{"type":"Feature","geometry":{"type":"Polygon","coordinates":[[[5.02059,45.11253],[5.01254,45.10922],[5.00426,45.10087],[4.99802,45.09558],[5.00069,45.09421],[5.00401,45.08712],[5.01595,45.08829],[5.02764,45.07795],[5.03044,45.07065],[5.03922,45.06858],[5.04212,45.07915],[5.0468,45.07788],[5.04668,45.07493],[5.04912,45.07446],[5.05063,45.07601],[5.05225,45.07349],[5.0541,45.07721],[5.05906,45.07858],[5.06357,45.08405],[5.06737,45.08328],[5.06921,45.08586],[5.06961,45.09331],[5.09017,45.10152],[5.08678,45.10531],[5.0878,45.10764],[5.08604,45.10739],[5.08119,45.11353],[5.08144,45.11599],[5.07224,45.1211],[5.06606,45.13032],[5.06368,45.12817],[5.05432,45.12755],[5.04666,45.12376],[5.04509,45.12437],[5.03698,45.11556],[5.03062,45.11571],[5.02059,45.11253]]]},"properties":{"code_territoire":"iris262310000","libelle_territoire":"Peyrins (commune non irisée)"}},
{"type":"Feature","geometry":{"type":"Polygon","coordinates":[[[5.17338,44.71339],[5.18828,44.71706],[5.19242,44.7108],[5.19615,44.70886],[5.20609,44.71171],[5.21277,44.71059],[5.23082,44.71795],[5.23029,44.72494],[5.23477,44.73136],[5.23267,44.7373],[5.22939,44.74126],[5.23023,44.75345],[5.2268,44.75544],[5.22691,44.76093],[5.23187,44.76253],[5.23435,44.76782],[5.23113,44.76891],[5.22067,44.76831],[5.20663,44.77069],[5.20619,44.7681],[5.20392,44.76582],[5.20398,44.75644],[5.19374,44.75183],[5.19426,44.74649],[5.18464,44.74273],[5.1706,44.72377],[5.17312,44.72199],[5.17338,44.71339]]]},"properties":{"code_territoire":"iris263710000","libelle_territoire":"Véronne (commune non irisée)"}},
{"type":"Feature","geometry":{"type":"Polygon","coordinates":[[[5.56075,44.24989],[5.55616,44.25251],[5.55643,44.25673],[5.55289,44.25641],[5.53004,44.25408],[5.52538,44.23433],[5.52946,44.23076],[5.52928,44.22489],[5.53325,44.21959],[5.55145,44.22201],[5.55482,44.22057],[5.5555,44.21774],[5.56076,44.21921],[5.5616,44.21735],[5.56879,44.21757],[5.57156,44.21689],[5.57359,44.21864],[5.57096,44.2234],[5.57932,44.22289],[5.58013,44.22665],[5.58445,44.22784],[5.58615,44.23212],[5.57643,44.23732],[5.57596,44.23969],[5.56651,44.24065],[5.56682,44.24362],[5.56075,44.24989]]]},"properties":{"code_territoire":"iris263720000","libelle_territoire":"Vers-sur-Méouge (commune non irisée)"}},
{"type":"Feature","geometry":{"type":"Polygon","coordinates":[[[5.19165,44.47453],[5.19628,44.48454],[5.21171,44.49582],[5.20777,44.4945],[5.20151,44.49622],[5.20608,44.49931],[5.19661,44.50683],[5.19836,44.52105],[5.18761,44.52375],[5.1901,44.53103],[5.18412,44.53427],[5.18251,44.53825],[5.16219,44.54031],[5.16062,44.54342],[5.15224,44.5423],[5.14994,44.538],[5.13963,44.53898],[5.12854,44.53615],[5.12879,44.53462],[5.12614,44.53276],[5.11056,44.53616],[5.09874,44.53008],[5.10614,44.52719],[5.10519,44.51782],[5.10191,44.51489],[5.10619,44.51219],[5.1284,44.50884],[5.12972,44.50554],[5.12517,44.50144],[5.13016,44.4986],[5.12429,44.49575],[5.11642,44.495],[5.12051,44.48897],[5.13357,44.48964],[5.13871,44.4879],[5.15513,44.48869],[5.16106,44.47745],[5.17222,44.47296],[5.17694,44.47433],[5.18319,44.4729],[5.19165,44.47453]]]},"properties":{"code_territoire":"iris263730000","libelle_territoire":"Vesc (commune non irisée)"}},
{"type":"Feature","geometry":{"type":"Polygon","coordinates":[[[5.08699,44.9226],[5.08854,44.91653],[5.09815,44.90904],[5.10715,44.90584],[5.11799,44.89319],[5.12502,44.88929],[5.13336,44.88981],[5.1339,44.89142],[5.14591,44.89118],[5.15175,44.89549],[5.15233,44.89893],[5.1458,44.90454],[5.14868,44.90921],[5.13121,44.91385],[5.11821,44.92261],[5.11257,44.92223],[5.10789,44.92415],[5.09994,44.92002],[5.09776,44.92247],[5.08699,44.9226]]]},"properties":{"code_territoire":"iris262320000","libelle_territoire":"Peyrus (commune non irisée)"}},
{"type":"Feature","geometry":{"type":"Polygon","coordinates":[[[5.16639,44.31485],[5.16137,44.31833],[5.15867,44.31705],[5.13116,44.31252],[5.11837,44.31247],[5.1167,44.30139],[5.11039,44.29808],[5.10494,44.30027],[5.10452,44.29509],[5.10063,44.29343],[5.09279,44.29399],[5.09005,44.29081],[5.09244,44.2867],[5.08651,44.28399],[5.09852,44.28207],[5.10814,44.2773],[5.10779,44.28084],[5.11882,44.28668],[5.14213,44.29639],[5.15002,44.30214],[5.15491,44.30204],[5.15059,44.30958],[5.16639,44.31485]]]},"properties":{"code_territoire":"iris262330000","libelle_territoire":"Piégon (commune non irisée)"}},
{"type":"Feature","geometry":{"type":"Polygon","coordinates":[[[5.05296,44.66505],[5.06922,44.66575],[5.07522,44.67024],[5.07947,44.67077],[5.0919,44.66814],[5.09918,44.66873],[5.11879,44.66168],[5.13521,44.66088],[5.13577,44.67776],[5.13217,44.6825],[5.13551,44.69574],[5.12188,44.6967],[5.11809,44.70317],[5.11213,44.7023],[5.10894,44.70516],[5.09202,44.70655],[5.07886,44.71163],[5.07635,44.71438],[5.06796,44.71321],[5.0708,44.69872],[5.06586,44.6916],[5.06875,44.68671],[5.06021,44.68277],[5.06055,44.68077],[5.05606,44.6772],[5.05588,44.67358],[5.05279,44.671],[5.05296,44.66505]]]},"properties":{"code_territoire":"iris262340000","libelle_territoire":"Piégros-la-Clastre (commune non irisée)"}},
{"type":"Feature","geometry":{"type":"Polygon","coordinates":[[[5.60831,44.30612],[5.61077,44.31599],[5.61613,44.31688],[5.62835,44.32794],[5.63265,44.32859],[5.63032,44.33374],[5.62448,44.33545],[5.61779,44.33231],[5.60614,44.33263],[5.604,44.3342],[5.59454,44.33135],[5.59126,44.3332],[5.58482,44.33211],[5.58463,44.32908],[5.57518,44.32497],[5.57532,44.32125],[5.56904,44.3155],[5.57056,44.30749],[5.56494,44.30428],[5.56651,44.30212],[5.59491,44.30974],[5.59872,44.30811],[5.60466,44.30113],[5.60831,44.30612]]]},"properties":{"code_territoire":"iris263740000","libelle_territoire":"Villebois-les-Pins (commune non irisée)"}},
{"type":"Feature","geometry":{"type":"Polygon","coordinates":[[[5.47984,44.20436],[5.48169,44.20015],[5.4857,44.20018],[5.50262,44.20371],[5.50968,44.20305],[5.51848,44.20566],[5.52386,44.21952],[5.53325,44.21959],[5.52928,44.22489],[5.52946,44.23076],[5.52538,44.23433],[5.5201,44.23447],[5.51012,44.2276],[5.508,44.22346],[5.50232,44.22264],[5.5014,44.21745],[5.48629,44.21321],[5.47984,44.20436]]]},"properties":{"code_territoire":"iris263750000","libelle_territoire":"Villefranche-le-Château (commune non irisée)"}},
{"type":"Feature","geometry":{"type":"Polygon","coordinates":[[[5.28002,44.47752],[5.27849,44.47181],[5.28091,44.46642],[5.27897,44.46112],[5.26253,44.45579],[5.25962,44.45044],[5.26612,44.44571],[5.2659,44.44348],[5.25624,44.43194],[5.26812,44.43142],[5.27253,44.4296],[5.2753,44.43046],[5.28255,44.43119],[5.28264,44.4331],[5.28802,44.43169],[5.28871,44.43356],[5.29378,44.43454],[5.29371,44.4373],[5.30066,44.43114],[5.309,44.4328],[5.3161,44.43335],[5.32009,44.43776],[5.31954,44.44107],[5.32462,44.44113],[5.3345,44.44698],[5.3313,44.45228],[5.34017,44.45858],[5.34103,44.46262],[5.33615,44.47094],[5.33458,44.47322],[5.32191,44.4751],[5.31142,44.48304],[5.30324,44.48578],[5.28002,44.47752]]]},"properties":{"code_territoire":"iris263760000","libelle_territoire":"Villeperdrix (commune non irisée)"}},
{"type":"Feature","geometry":{"type":"Polygon","coordinates":[[[4.69835,44.38746],[4.69128,44.3794],[4.69456,44.36946],[4.69917,44.37635],[4.69947,44.37903],[4.69618,44.38178],[4.69706,44.38433],[4.69835,44.38746]]]},"properties":{"code_territoire":"iris262350101","libelle_territoire":"Centre"}},
{"type":"Feature","geometry":{"type":"Polygon","coordinates":[[[4.70385,44.37571],[4.70449,44.38231],[4.69706,44.38433],[4.69618,44.38178],[4.69947,44.37903],[4.69917,44.37635],[4.70385,44.37571]]]},"properties":{"code_territoire":"iris262350102","libelle_territoire":"Nord-Est"}},
{"type":"Feature","geometry":{"type":"Polygon","coordinates":[[[4.71401,44.39032],[4.71143,44.38858],[4.7111,44.39222],[4.70159,44.3938],[4.69835,44.38746],[4.69706,44.38433],[4.70449,44.38231],[4.70385,44.37571],[4.70327,44.36952],[4.71078,44.36475],[4.71577,44.36251],[4.72452,44.37011],[4.71187,44.37314],[4.71293,44.37831],[4.71594,44.37826],[4.71175,44.38446],[4.71401,44.39032]]]},"properties":{"code_territoire":"iris262350103","libelle_territoire":"Est"}},
{"type":"Feature","geometry":{"type":"Polygon","coordinates":[[[4.72154,44.32652],[4.72051,44.33428],[4.72623,44.33886],[4.7268,44.34329],[4.72858,44.34372],[4.72689,44.35201],[4.73,44.3528],[4.72945,44.35635],[4.71577,44.36251],[4.71078,44.36475],[4.70084,44.35266],[4.69811,44.32083],[4.71313,44.32053],[4.71373,44.32556],[4.72154,44.32652]]]},"properties":{"code_territoire":"iris262350104","libelle_territoire":"Sud-Est"}},
{"type":"Feature","geometry":{"type":"Polygon","coordinates":[[[4.69917,44.37635],[4.69456,44.36946],[4.69206,44.36064],[4.70185,44.35971],[4.70327,44.36952],[4.70385,44.37571],[4.69917,44.37635]]]},"properties":{"code_territoire":"iris262350105","libelle_territoire":"Sud"}},
{"type":"Feature","geometry":{"type":"MultiPolygon","coordinates":[[[[4.66437,44.39895],[4.6613,44.39113],[4.64976,44.37529],[4.64689,44.34874],[4.65061,44.3298],[4.66952,44.32284],[4.67149,44.32483],[4.67527,44.32399],[4.67862,44.32071],[4.69811,44.32083],[4.70084,44.35266],[4.71078,44.36475],[4.70327,44.36952],[4.70185,44.35971],[4.69206,44.36064],[4.69456,44.36946],[4.69128,44.3794],[4.69835,44.38746],[4.70159,44.3938],[4.7111,44.39222],[4.71143,44.38858],[4.71401,44.39032],[4.71547,44.40037],[4.71209,44.40059],[4.71502,44.40607],[4.70766,44.40619],[4.69901,44.40302],[4.67698,44.40624],[4.66437,44.39895]]],[[[4.72874,44.36937],[4.72452,44.37011],[4.71577,44.36251],[4.72945,44.35635],[4.72874,44.36937]]]]},"properties":{"code_territoire":"iris262350106","libelle_territoire":"Rural"}},
{"type":"Feature","geometry":{"type":"Polygon","coordinates":[[[5.22704,44.23059],[5.22329,44.24191],[5.22278,44.2585],[5.21844,44.26775],[5.21118,44.2683],[5.20819,44.26503],[5.20956,44.26341],[5.20296,44.25975],[5.20204,44.24651],[5.21355,44.23405],[5.21838,44.23395],[5.22116,44.23027],[5.22704,44.23059]]]},"properties":{"code_territoire":"iris262360000","libelle_territoire":"Pierrelongue (commune non irisée)"}},
{"type":"Feature","geometry":{"type":"Polygon","coordinates":[[[5.20043,44.35484],[5.20507,44.35492],[5.20669,44.35998],[5.20416,44.37845],[5.20172,44.38235],[5.20913,44.38292],[5.21757,44.38739],[5.21073,44.38926],[5.20971,44.39446],[5.21066,44.39768],[5.2191,44.39905],[5.21934,44.40237],[5.20351,44.40167],[5.19993,44.39415],[5.19727,44.39299],[5.19753,44.38937],[5.20185,44.38508],[5.20014,44.38263],[5.19312,44.38289],[5.18954,44.38101],[5.18768,44.38552],[5.17861,44.38203],[5.18007,44.37867],[5.18706,44.37404],[5.1883,44.36669],[5.19365,44.35815],[5.19557,44.35561],[5.20043,44.35484]]]},"properties":{"code_territoire":"iris262380000","libelle_territoire":"Les Pilles (commune non irisée)"}},
{"type":"Feature","geometry":{"type":"Polygon","coordinates":[[[5.0994,44.33357],[5.09263,44.33843],[5.09038,44.34552],[5.08408,44.35169],[5.0842,44.35392],[5.07975,44.35818],[5.07692,44.35801],[5.07207,44.36097],[5.07229,44.37424],[5.07032,44.37645],[5.058,44.37085],[5.0547,44.3648],[5.05136,44.36544],[5.04234,44.3625],[5.0418,44.364],[5.03749,44.36431],[5.03238,44.36102],[5.02736,44.36295],[5.0235,44.36028],[5.02159,44.35425],[5.02295,44.34565],[5.00902,44.33389],[5.01019,44.3281],[5.01378,44.32579],[5.00918,44.31999],[5.009,44.31637],[5.01078,44.31475],[5.0136,44.31646],[5.02011,44.31629],[5.02928,44.29794],[5.04567,44.30153],[5.06054,44.30821],[5.07438,44.31822],[5.07831,44.32401],[5.09192,44.32875],[5.0994,44.33357]]]},"properties":{"code_territoire":"iris263770000","libelle_territoire":"Vinsobres (commune non irisée)"}},
{"type":"Feature","geometry":{"type":"Polygon","coordinates":[[[5.37056,44.58802],[5.36372,44.58852],[5.35592,44.58665],[5.34419,44.58776],[5.33856,44.58597],[5.32752,44.57955],[5.32658,44.57089],[5.32232,44.5657],[5.32487,44.56459],[5.32558,44.56041],[5.32343,44.55175],[5.31933,44.5478],[5.32081,44.54425],[5.32671,44.54208],[5.33879,44.54387],[5.35223,44.5519],[5.36,44.5589],[5.38152,44.5626],[5.37883,44.58132],[5.38099,44.58652],[5.37056,44.58802]]]},"properties":{"code_territoire":"iris263780000","libelle_territoire":"Volvent (commune non irisée)"}},
{"type":"Feature","geometry":{"type":"Polygon","coordinates":[[[4.99529,45.06024],[4.97869,45.05999],[4.95274,45.05466],[4.94936,45.05261],[4.94779,45.05047],[4.95202,45.04773],[4.94929,45.03893],[4.96253,45.04154],[4.97815,45.03866],[4.99219,45.0326],[4.99524,45.0375],[4.99521,45.04901],[4.99078,45.04929],[4.99424,45.05338],[4.99529,45.06024]]]},"properties":{"code_territoire":"iris263790000","libelle_territoire":"Granges-les-Beaumont (commune non irisée)"}},
{"type":"Feature","geometry":{"type":"Polygon","coordinates":[[[4.8472,45.12258],[4.84502,45.12439],[4.84331,45.1214],[4.83871,45.12284],[4.83815,45.12078],[4.83243,45.11942],[4.82193,45.11165],[4.81987,45.1135],[4.81471,45.1115],[4.82868,45.10051],[4.83189,45.0884],[4.83037,45.08416],[4.8362,45.09493],[4.83286,45.10633],[4.83515,45.10371],[4.8374,45.10491],[4.83909,45.1037],[4.83967,45.11009],[4.84377,45.11505],[4.84166,45.11708],[4.8472,45.12258]]]},"properties":{"code_territoire":"iris263800000","libelle_territoire":"Gervans (commune non irisée)"}},
{"type":"Feature","geometry":{"type":"Polygon","coordinates":[[[5.39115,44.23784],[5.38803,44.24153],[5.36592,44.23654],[5.35061,44.22989],[5.34719,44.23112],[5.3396,44.24084],[5.33608,44.24148],[5.33058,44.24734],[5.31865,44.25403],[5.30149,44.24416],[5.28662,44.23227],[5.28408,44.2276],[5.28547,44.22581],[5.28063,44.21972],[5.29256,44.21436],[5.29778,44.20786],[5.30327,44.2057],[5.30335,44.20993],[5.314,44.2082],[5.31873,44.20997],[5.33099,44.20421],[5.33672,44.20341],[5.35522,44.21455],[5.37663,44.20526],[5.3917,44.21609],[5.39901,44.22772],[5.39395,44.22885],[5.38991,44.2332],[5.39115,44.23784]]]},"properties":{"code_territoire":"iris262390000","libelle_territoire":"Plaisians (commune non irisée)"}},
{"type":"Feature","geometry":{"type":"Polygon","coordinates":[[[5.17415,44.80374],[5.17657,44.80602],[5.17562,44.80783],[5.19629,44.82294],[5.19587,44.82558],[5.19229,44.8272],[5.19113,44.8333],[5.18669,44.83753],[5.18983,44.8405],[5.18773,44.84229],[5.18857,44.8475],[5.18581,44.85346],[5.18124,44.86015],[5.17948,44.85988],[5.17062,44.85734],[5.16387,44.85274],[5.16702,44.8497],[5.16321,44.84938],[5.14973,44.83123],[5.13894,44.82886],[5.13374,44.82177],[5.13398,44.81449],[5.14083,44.80895],[5.14429,44.80847],[5.15014,44.79904],[5.16068,44.79319],[5.16058,44.79572],[5.17415,44.80374]]]},"properties":{"code_territoire":"iris262400000","libelle_territoire":"Plan-de-Baix (commune non irisée)"}},
{"type":"Feature","geometry":{"type":"Polygon","coordinates":[[[5.14406,45.04961],[5.14558,45.04685],[5.15163,45.04427],[5.15128,45.04212],[5.15362,45.042],[5.15355,45.03484],[5.15841,45.02862],[5.15711,45.02371],[5.16692,45.00907],[5.16893,45.00959],[5.16915,45.00756],[5.17887,45.00721],[5.18697,45.01405],[5.1835,45.02399],[5.18564,45.02818],[5.181,45.04526],[5.1721,45.04618],[5.16487,45.04332],[5.16421,45.04528],[5.15883,45.04452],[5.16244,45.04832],[5.14406,45.04961]]]},"properties":{"code_territoire":"iris263810000","libelle_territoire":"Jaillans (commune non irisée)"}},
{"type":"Feature","geometry":{"type":"Polygon","coordinates":[[[5.14868,44.90921],[5.16014,44.91843],[5.15936,44.92224],[5.14935,44.93047],[5.14279,44.94252],[5.13928,44.94441],[5.13982,44.94795],[5.12596,44.95426],[5.1153,44.95193],[5.10889,44.95301],[5.107,44.95175],[5.10926,44.94663],[5.10618,44.94599],[5.10436,44.94057],[5.10073,44.94005],[5.10381,44.93762],[5.10127,44.93686],[5.10759,44.93408],[5.10546,44.92927],[5.10789,44.92415],[5.11257,44.92223],[5.11821,44.92261],[5.13121,44.91385],[5.14868,44.90921]]]},"properties":{"code_territoire":"iris263820000","libelle_territoire":"Saint-Vincent-la-Commanderie (commune non irisée)"}},
{"type":"Feature","geometry":{"type":"Polygon","coordinates":[[[5.07737,44.59203],[5.08813,44.59155],[5.09282,44.58807],[5.09953,44.58643],[5.10795,44.58018],[5.11154,44.58018],[5.11434,44.5863],[5.12265,44.59195],[5.12162,44.60011],[5.11651,44.6021],[5.11646,44.60751],[5.1118,44.60984],[5.11025,44.61321],[5.10401,44.61468],[5.10103,44.61784],[5.08889,44.60442],[5.0772,44.59946],[5.0733,44.59943],[5.07435,44.59341],[5.07737,44.59203]]]},"properties":{"code_territoire":"iris262410000","libelle_territoire":"Le Poët-Célard (commune non irisée)"}},
{"type":"Feature","geometry":{"type":"Polygon","coordinates":[[[5.39115,44.23784],[5.40125,44.2398],[5.40654,44.24375],[5.41355,44.24346],[5.41602,44.24583],[5.42144,44.24654],[5.42638,44.25259],[5.41384,44.25134],[5.39264,44.26313],[5.37913,44.25275],[5.37548,44.24608],[5.36592,44.23654],[5.38803,44.24153],[5.39115,44.23784]]]},"properties":{"code_territoire":"iris262420000","libelle_territoire":"Le Poët-en-Percip (commune non irisée)"}},
{"type":"Feature","geometry":{"type":"Polygon","coordinates":[[[4.95092,44.53013],[4.95561,44.52069],[4.95261,44.51275],[4.96289,44.51028],[4.96901,44.50071],[4.96903,44.4972],[4.97342,44.4994],[4.99648,44.49264],[4.9984,44.49566],[4.99793,44.49898],[5.00051,44.50176],[5.02465,44.50278],[5.03162,44.50638],[5.03143,44.52036],[5.03454,44.5346],[5.04019,44.55347],[5.04539,44.5597],[5.03022,44.56127],[5.02729,44.55796],[5.01376,44.55816],[5.00901,44.55248],[5.00272,44.55186],[4.99266,44.54541],[4.98255,44.55024],[4.97998,44.54801],[4.98081,44.53978],[4.9774,44.53489],[4.97597,44.52553],[4.96913,44.52797],[4.96435,44.52409],[4.95092,44.53013]]]},"properties":{"code_territoire":"iris262430000","libelle_territoire":"Le Poët-Laval (commune non irisée)"}},
{"type":"Feature","geometry":{"type":"Polygon","coordinates":[[[5.30202,44.33073],[5.30786,44.32986],[5.3146,44.33299],[5.31542,44.33486],[5.32204,44.33738],[5.32196,44.34108],[5.32681,44.34437],[5.3348,44.35814],[5.33546,44.36834],[5.34232,44.37261],[5.34518,44.37262],[5.34637,44.37521],[5.33555,44.38618],[5.33182,44.3934],[5.32922,44.39334],[5.33192,44.40009],[5.32957,44.40162],[5.32605,44.40223],[5.32227,44.40172],[5.32197,44.39888],[5.32896,44.38195],[5.324,44.37827],[5.31111,44.38314],[5.30531,44.38035],[5.29932,44.36905],[5.29436,44.36538],[5.29806,44.34595],[5.30209,44.34059],[5.29995,44.33694],[5.30522,44.33441],[5.30202,44.33073]]]},"properties":{"code_territoire":"iris262440000","libelle_territoire":"Le Poët-Sigillat (commune non irisée)"}},
{"type":"Feature","geometry":{"type":"Polygon","coordinates":[[[5.4386,44.43359],[5.46345,44.42677],[5.47682,44.41953],[5.48309,44.42375],[5.48636,44.42946],[5.49359,44.42831],[5.49847,44.43672],[5.49742,44.43835],[5.48082,44.4419],[5.46443,44.44789],[5.46395,44.45214],[5.45442,44.45118],[5.44614,44.4543],[5.44004,44.45279],[5.43759,44.44569],[5.44004,44.44072],[5.4386,44.43359]]]},"properties":{"code_territoire":"iris262450000","libelle_territoire":"Pommerol (commune non irisée)"}},
{"type":"Feature","geometry":{"type":"Polygon","coordinates":[[[5.29086,44.79405],[5.29775,44.78145],[5.30548,44.77572],[5.30488,44.77015],[5.30982,44.76678],[5.30232,44.76087],[5.30238,44.7585],[5.30807,44.75658],[5.30944,44.75409],[5.30909,44.74816],[5.3186,44.74535],[5.32237,44.7489],[5.32768,44.74846],[5.32981,44.75444],[5.32446,44.76302],[5.31988,44.76296],[5.31433,44.76777],[5.31964,44.76879],[5.33028,44.76737],[5.33866,44.78526],[5.32406,44.79158],[5.31878,44.79734],[5.31109,44.80164],[5.29223,44.80663],[5.28666,44.80372],[5.29086,44.79405]]]},"properties":{"code_territoire":"iris262460000","libelle_territoire":"Ponet-et-Saint-Auban (commune non irisée)"}},
{"type":"Feature","geometry":{"type":"Polygon","coordinates":[[[4.85952,45.14029],[4.85393,45.15807],[4.83597,45.16859],[4.83303,45.16823],[4.82374,45.16422],[4.82605,45.16333],[4.82435,45.16131],[4.82923,45.15678],[4.83428,45.1586],[4.85184,45.14843],[4.85507,45.14834],[4.85576,45.14128],[4.85952,45.14029]]]},"properties":{"code_territoire":"iris262470000","libelle_territoire":"Ponsas (commune non irisée)"}},
{"type":"Feature","geometry":{"type":"Polygon","coordinates":[[[5.23113,44.76891],[5.23435,44.76782],[5.23187,44.76253],[5.22691,44.76093],[5.2268,44.75544],[5.23023,44.75345],[5.22939,44.74126],[5.23267,44.7373],[5.23477,44.73519],[5.24947,44.73347],[5.25738,44.72888],[5.27026,44.72902],[5.2699,44.73241],[5.28296,44.73839],[5.2901,44.75054],[5.29404,44.75071],[5.2906,44.75612],[5.28119,44.75797],[5.2771,44.76686],[5.25316,44.77674],[5.25055,44.77868],[5.23152,44.7792],[5.23113,44.76891]]]},"properties":{"code_territoire":"iris262480000","libelle_territoire":"Pontaix (commune non irisée)"}},
{"type":"Feature","geometry":{"type":"Polygon","coordinates":[[[5.03886,44.59763],[5.03176,44.61137],[5.02338,44.61585],[5.00806,44.61592],[4.99857,44.61188],[4.99143,44.60728],[4.98512,44.5953],[4.96897,44.5943],[4.9727,44.58828],[4.97275,44.58278],[4.97499,44.57657],[4.98479,44.57262],[4.987,44.57333],[4.99735,44.56919],[5.01343,44.57185],[5.00874,44.57539],[5.01113,44.57839],[5.00491,44.58209],[5.00559,44.58776],[5.01172,44.58678],[5.01471,44.5845],[5.02436,44.58647],[5.02419,44.59099],[5.03398,44.58849],[5.03774,44.59098],[5.03886,44.59763]]]},"properties":{"code_territoire":"iris262490000","libelle_territoire":"Pont-de-Barret (commune non irisée)"}},
{"type":"Feature","geometry":{"type":"Polygon","coordinates":[[[4.90565,45.00712],[4.90289,45.01748],[4.90425,45.01998],[4.88681,45.03932],[4.87881,45.02956],[4.85805,45.01979],[4.86085,45.00593],[4.86519,44.99818],[4.87012,44.99485],[4.87372,44.99818],[4.88197,44.99807],[4.88831,45.00619],[4.90565,45.00712]]]},"properties":{"code_territoire":"iris262500000","libelle_territoire":"Pont-de-l'Isère (commune non irisée)"}},
{"type":"Feature","geometry":{"type":"Polygon","coordinates":[[[4.88469,44.54754],[4.88421,44.54753],[4.8886,44.53636],[4.89386,44.53129],[4.89388,44.52611],[4.90003,44.52092],[4.90319,44.51163],[4.90251,44.50462],[4.90754,44.50202],[4.91265,44.49576],[4.92271,44.49354],[4.94064,44.50423],[4.9369,44.51031],[4.93633,44.52217],[4.92878,44.53141],[4.92339,44.54363],[4.91966,44.54181],[4.91737,44.54237],[4.91842,44.54402],[4.91606,44.54639],[4.90644,44.54393],[4.90638,44.54682],[4.90001,44.54532],[4.88469,44.54754]]]},"properties":{"code_territoire":"iris262510000","libelle_territoire":"Portes-en-Valdaine (commune non irisée)"}},
{"type":"Feature","geometry":{"type":"Polygon","coordinates":[[[4.87372,44.87587],[4.88296,44.87343],[4.88508,44.87955],[4.8751,44.88208],[4.87372,44.87587]]]},"properties":{"code_territoire":"iris262520101","libelle_territoire":"Centre"}},
{"type":"Feature","geometry":{"type":"Polygon","coordinates":[[[4.87885,44.8566],[4.88122,44.86215],[4.88041,44.86834],[4.87283,44.87114],[4.87369,44.86485],[4.87777,44.8649],[4.87362,44.86461],[4.87158,44.85775],[4.87885,44.8566]]]},"properties":{"code_territoire":"iris262520102","libelle_territoire":"Est"}},
{"type":"Feature","geometry":{"type":"Polygon","coordinates":[[[4.89347,44.88712],[4.89384,44.87674],[4.8896,44.87688],[4.88508,44.87955],[4.88296,44.87343],[4.87372,44.87587],[4.87283,44.87114],[4.88041,44.86834],[4.88122,44.86215],[4.87885,44.8566],[4.88856,44.85671],[4.8883,44.85291],[4.9088,44.86699],[4.9144,44.86681],[4.91017,44.8901],[4.90182,44.88747],[4.89347,44.88712]]]},"properties":{"code_territoire":"iris262520103","libelle_territoire":"Nord"}},
{"type":"Feature","geometry":{"type":"Polygon","coordinates":[[[4.87815,44.89421],[4.85438,44.89685],[4.85476,44.89095],[4.86107,44.87966],[4.86026,44.87303],[4.85686,44.86938],[4.8668,44.86197],[4.86988,44.86241],[4.87158,44.85775],[4.87362,44.86461],[4.87777,44.8649],[4.87369,44.86485],[4.87283,44.87114],[4.87372,44.87587],[4.8751,44.88208],[4.88508,44.87955],[4.8896,44.87688],[4.89384,44.87674],[4.89347,44.88712],[4.87961,44.88745],[4.88087,44.89391],[4.87815,44.89421]]]},"properties":{"code_territoire":"iris262520104","libelle_territoire":"Sud-Est"}},
{"type":"Feature","geometry":{"type":"Polygon","coordinates":[[[5.44068,44.57728],[5.43299,44.58945],[5.43334,44.59436],[5.44051,44.60357],[5.4375,44.61136],[5.44192,44.61312],[5.43602,44.62329],[5.42629,44.61478],[5.41794,44.61139],[5.3956,44.61167],[5.38821,44.58949],[5.40293,44.58484],[5.41446,44.58663],[5.42058,44.57957],[5.43703,44.57079],[5.44025,44.57345],[5.44068,44.57728]]]},"properties":{"code_territoire":"iris262530000","libelle_territoire":"Poyols (commune non irisée)"}},
{"type":"Feature","geometry":{"type":"Polygon","coordinates":[[[5.30755,44.6069],[5.30008,44.61478],[5.29823,44.614],[5.29581,44.61724],[5.28873,44.61914],[5.29078,44.62695],[5.30208,44.62897],[5.30143,44.63108],[5.2966,44.63106],[5.29578,44.63487],[5.29063,44.63749],[5.28971,44.64038],[5.29046,44.64036],[5.29047,44.6435],[5.28339,44.64484],[5.26697,44.64438],[5.26336,44.6423],[5.2634,44.63789],[5.25675,44.63103],[5.25621,44.62279],[5.26737,44.62423],[5.26939,44.62148],[5.27101,44.6185],[5.26967,44.61181],[5.26563,44.60676],[5.26638,44.60305],[5.27054,44.6029],[5.27538,44.60021],[5.27967,44.59403],[5.28466,44.60105],[5.29842,44.59832],[5.3056,44.59953],[5.30899,44.6029],[5.30755,44.6069]]]},"properties":{"code_territoire":"iris262540000","libelle_territoire":"Pradelle (commune non irisée)"}},
{"type":"Feature","geometry":{"type":"Polygon","coordinates":[[[5.60156,44.5171],[5.60739,44.52815],[5.61484,44.53283],[5.60351,44.54123],[5.59705,44.54339],[5.57799,44.54939],[5.57181,44.55449],[5.55318,44.55702],[5.55104,44.54912],[5.54191,44.54567],[5.5468,44.53965],[5.54569,44.53811],[5.55479,44.53521],[5.55545,44.53214],[5.54952,44.52838],[5.5469,44.52502],[5.54899,44.52241],[5.56142,44.51997],[5.56769,44.5153],[5.57618,44.51608],[5.57974,44.51939],[5.58482,44.51828],[5.58708,44.52134],[5.59838,44.51566],[5.60156,44.5171]]]},"properties":{"code_territoire":"iris262550000","libelle_territoire":"Les Prés (commune non irisée)"}},
{"type":"Feature","geometry":{"type":"Polygon","coordinates":[[[5.23691,44.26801],[5.24244,44.27849],[5.23772,44.28664],[5.2398,44.29191],[5.23026,44.29046],[5.21835,44.28603],[5.2117,44.28622],[5.20327,44.28965],[5.20044,44.28876],[5.19537,44.28415],[5.19384,44.2861],[5.18106,44.28854],[5.18359,44.28438],[5.18023,44.28],[5.18582,44.26594],[5.18268,44.25798],[5.18691,44.25898],[5.19012,44.26209],[5.20296,44.25975],[5.20956,44.26341],[5.20819,44.26503],[5.21118,44.2683],[5.21844,44.26775],[5.22534,44.2754],[5.23691,44.26801]]]},"properties":{"code_territoire":"iris262560000","libelle_territoire":"Propiac (commune non irisée)"}},
{"type":"Feature","geometry":{"type":"Polygon","coordinates":[[[4.87707,44.52983],[4.87901,44.52961],[4.87694,44.53249],[4.87845,44.54319],[4.8751,44.54727],[4.87285,44.54548],[4.86491,44.54735],[4.8624,44.54522],[4.85715,44.55109],[4.85517,44.54689],[4.85147,44.54796],[4.84517,44.5456],[4.84128,44.55228],[4.8313,44.54973],[4.82907,44.54511],[4.83185,44.54417],[4.83164,44.5419],[4.82471,44.54154],[4.83069,44.53536],[4.84022,44.53352],[4.87707,44.52983]]]},"properties":{"code_territoire":"iris262570000","libelle_territoire":"Puygiron (commune non irisée)"}},
{"type":"Feature","geometry":{"type":"Polygon","coordinates":[[[4.99143,44.60728],[4.99857,44.61188],[4.99348,44.61682],[4.99323,44.61959],[4.9883,44.61959],[4.98546,44.62233],[4.98591,44.64064],[4.97912,44.64993],[4.97375,44.6485],[4.96774,44.64368],[4.9647,44.64371],[4.96248,44.63989],[4.95644,44.6382],[4.95329,44.62732],[4.94734,44.62349],[4.95194,44.62191],[4.95041,44.62006],[4.95374,44.61929],[4.95392,44.60413],[4.974,44.60534],[4.9796,44.60974],[4.99143,44.60728]]]},"properties":{"code_territoire":"iris262580000","libelle_territoire":"Puy-Saint-Martin (commune non irisée)"}},
{"type":"Feature","geometry":{"type":"Polygon","coordinates":[[[4.97456,45.15118],[4.9855,45.15559],[4.98528,45.16091],[4.98434,45.16731],[4.98878,45.19209],[4.98367,45.19391],[4.97986,45.19043],[4.96605,45.18746],[4.96042,45.19182],[4.95352,45.18743],[4.94518,45.18532],[4.9435,45.18639],[4.9401,45.18264],[4.95946,45.17444],[4.96185,45.16503],[4.96588,45.16246],[4.97214,45.15292],[4.97456,45.15118]]]},"properties":{"code_territoire":"iris262590000","libelle_territoire":"Ratières (commune non irisée)"}},
{"type":"Feature","geometry":{"type":"Polygon","coordinates":[[[4.81445,44.44445],[4.8184,44.4461],[4.83185,44.44029],[4.83746,44.42927],[4.84072,44.42704],[4.84103,44.41936],[4.85116,44.42005],[4.8544,44.42277],[4.85835,44.42852],[4.86005,44.43963],[4.86419,44.44224],[4.87026,44.45262],[4.86939,44.45758],[4.87813,44.46592],[4.87641,44.46829],[4.87476,44.46744],[4.86902,44.46947],[4.84785,44.46049],[4.8408,44.46087],[4.84001,44.47288],[4.80898,44.47112],[4.80551,44.46917],[4.80107,44.46941],[4.79884,44.46615],[4.79846,44.45962],[4.81133,44.45546],[4.81445,44.44445]]]},"properties":{"code_territoire":"iris262610000","libelle_territoire":"Réauville (commune non irisée)"}},
{"type":"Feature","geometry":{"type":"Polygon","coordinates":[[[5.41825,44.67138],[5.41044,44.67382],[5.40173,44.67248],[5.40131,44.66912],[5.39418,44.66431],[5.39459,44.66162],[5.38657,44.65732],[5.37947,44.64198],[5.37546,44.63908],[5.3777,44.63609],[5.39203,44.62784],[5.40127,44.63092],[5.40921,44.64172],[5.41589,44.64115],[5.4238,44.6458],[5.42343,44.64943],[5.42967,44.65426],[5.42825,44.66655],[5.42612,44.67173],[5.41825,44.67138]]]},"properties":{"code_territoire":"iris262620000","libelle_territoire":"Recoubeau-Jansac (commune non irisée)"}},
{"type":"Feature","geometry":{"type":"Polygon","coordinates":[[[5.38468,44.20111],[5.38053,44.19585],[5.38604,44.18618],[5.38651,44.181],[5.38357,44.17287],[5.3832,44.15536],[5.39642,44.15211],[5.41542,44.15533],[5.42366,44.14924],[5.42725,44.14903],[5.43224,44.15238],[5.43598,44.15251],[5.42636,44.17828],[5.41841,44.17815],[5.41813,44.18342],[5.40712,44.18401],[5.40718,44.18745],[5.39947,44.1959],[5.38468,44.20111]]]},"properties":{"code_territoire":"iris262630000","libelle_territoire":"Reilhanette (commune non irisée)"}},
{"type":"Feature","geometry":{"type":"Polygon","coordinates":[[[5.34742,44.43461],[5.34928,44.41576],[5.34112,44.41343],[5.3387,44.40845],[5.32957,44.40162],[5.33192,44.40009],[5.32922,44.39334],[5.33182,44.3934],[5.33555,44.38618],[5.34637,44.37521],[5.36642,44.37506],[5.36745,44.37672],[5.3741,44.38993],[5.37405,44.39392],[5.36346,44.40002],[5.36063,44.40361],[5.36576,44.40685],[5.37853,44.40482],[5.37433,44.41531],[5.37979,44.41768],[5.3839,44.42283],[5.37535,44.42924],[5.36393,44.43307],[5.34742,44.43461]]]},"properties":{"code_territoire":"iris262640000","libelle_territoire":"Rémuzat (commune non irisée)"}},
{"type":"Feature","geometry":{"type":"Polygon","coordinates":[[[5.28971,44.64038],[5.29025,44.63972],[5.29531,44.64036],[5.29907,44.64231],[5.30583,44.6427],[5.30406,44.64814],[5.31523,44.64759],[5.32224,44.65286],[5.32486,44.64993],[5.33077,44.648],[5.33682,44.66364],[5.33179,44.66707],[5.32892,44.67457],[5.3427,44.68646],[5.35422,44.6916],[5.35078,44.69572],[5.34438,44.69475],[5.34202,44.6891],[5.33595,44.68787],[5.31965,44.67652],[5.32091,44.67093],[5.31572,44.66847],[5.30404,44.66607],[5.29252,44.67201],[5.2844,44.67288],[5.28131,44.67506],[5.28157,44.67205],[5.27715,44.67325],[5.27948,44.66825],[5.28205,44.66903],[5.28244,44.6668],[5.28443,44.66704],[5.28124,44.66113],[5.28394,44.65884],[5.28301,44.65423],[5.28652,44.65322],[5.28745,44.64786],[5.29372,44.64354],[5.29046,44.64036],[5.28971,44.64038]]]},"properties":{"code_territoire":"iris262660000","libelle_territoire":"Rimon-et-Savel (commune non irisée)"}},
{"type":"Feature","geometry":{"type":"Polygon","coordinates":[[[5.46774,44.28173],[5.46499,44.28125],[5.46114,44.28444],[5.45748,44.28311],[5.45437,44.28469],[5.45178,44.28386],[5.44272,44.28663],[5.43113,44.27075],[5.43851,44.26623],[5.45132,44.26272],[5.47066,44.25537],[5.49129,44.25177],[5.49719,44.25226],[5.48499,44.25686],[5.4798,44.26522],[5.47873,44.277],[5.46774,44.28173]]]},"properties":{"code_territoire":"iris262670000","libelle_territoire":"Rioms (commune non irisée)"}},
{"type":"Feature","geometry":{"type":"Polygon","coordinates":[[[5.04951,44.55744],[5.05208,44.56479],[5.04737,44.5789],[5.0435,44.5794],[5.04451,44.58111],[5.04043,44.58238],[5.0414,44.58665],[5.03398,44.58849],[5.02419,44.59099],[5.02436,44.58647],[5.01471,44.5845],[5.01172,44.58678],[5.00559,44.58776],[5.00491,44.58209],[5.01113,44.57839],[5.00874,44.57539],[5.01343,44.57185],[5.02401,44.56902],[5.03022,44.56127],[5.04539,44.5597],[5.04951,44.55744]]]},"properties":{"code_territoire":"iris262680000","libelle_territoire":"Rochebaudin (commune non irisée)"}},
{"type":"Feature","geometry":{"type":"Polygon","coordinates":[[[5.20934,44.32317],[5.20872,44.3165],[5.21782,44.30859],[5.23563,44.30389],[5.2429,44.2976],[5.24745,44.2978],[5.24812,44.30412],[5.25763,44.3056],[5.25624,44.30791],[5.25164,44.31509],[5.25648,44.3289],[5.25591,44.33738],[5.25853,44.33987],[5.2672,44.3409],[5.25815,44.34969],[5.25404,44.35175],[5.25069,44.35136],[5.24242,44.35702],[5.24116,44.35096],[5.23727,44.35096],[5.23362,44.34605],[5.21852,44.33896],[5.2136,44.33473],[5.21269,44.32945],[5.21232,44.32432],[5.20934,44.32317]]]},"properties":{"code_territoire":"iris262690000","libelle_territoire":"Rochebrune (commune non irisée)"}},
{"type":"Feature","geometry":{"type":"Polygon","coordinates":[[[5.26417,45.035],[5.25595,45.04359],[5.25442,45.05016],[5.24456,45.04449],[5.24022,45.04513],[5.2351,45.0421],[5.23382,45.04338],[5.23045,45.0369],[5.23072,45.02885],[5.22211,45.00125],[5.22693,45.00037],[5.2441,45.01284],[5.24675,45.01676],[5.25061,45.01628],[5.25862,45.02443],[5.26373,45.02297],[5.26925,45.02488],[5.269,45.02719],[5.2633,45.03169],[5.26417,45.035]]]},"properties":{"code_territoire":"iris262700000","libelle_territoire":"Rochechinard (commune non irisée)"}},
{"type":"Feature","geometry":{"type":"Polygon","coordinates":[[[4.85412,45.04621],[4.84429,45.04011],[4.83974,45.03422],[4.83959,45.02917],[4.84509,45.01872],[4.83582,45.00925],[4.83705,45.00594],[4.85182,44.99419],[4.85331,44.97832],[4.86026,44.98389],[4.86514,44.98682],[4.87012,44.99485],[4.86519,44.99818],[4.86085,45.00593],[4.85805,45.01979],[4.87881,45.02956],[4.88681,45.03932],[4.85885,45.04283],[4.85412,45.04621]]]},"properties":{"code_territoire":"iris262710000","libelle_territoire":"La Roche-de-Glun (commune non irisée)"}},
{"type":"Feature","geometry":{"type":"Polygon","coordinates":[[[4.87854,44.49058],[4.87621,44.49648],[4.87232,44.49946],[4.87445,44.51155],[4.87879,44.5199],[4.87707,44.52983],[4.84022,44.53352],[4.83605,44.5112],[4.83979,44.50797],[4.84118,44.49469],[4.8731,44.48931],[4.87854,44.49058]]]},"properties":{"code_territoire":"iris262720000","libelle_territoire":"Rochefort-en-Valdaine (commune non irisée)"}},
{"type":"Feature","geometry":{"type":"Polygon","coordinates":[[[5.19334,44.93648],[5.20682,44.96032],[5.20892,44.97107],[5.19854,44.97567],[5.19181,44.97706],[5.18809,44.97541],[5.18164,44.97746],[5.18312,44.98419],[5.17611,44.98876],[5.17273,44.99483],[5.16235,44.99639],[5.1609,45.00013],[5.15152,45.00643],[5.15408,45.00662],[5.15048,45.00969],[5.14035,45.01295],[5.14088,45.00808],[5.13653,45.00609],[5.133,45.00107],[5.12595,45.00072],[5.13214,44.99572],[5.1302,44.99316],[5.13276,44.98753],[5.13121,44.98404],[5.13984,44.97442],[5.13743,44.97277],[5.138,44.96794],[5.14141,44.96616],[5.13959,44.96509],[5.14861,44.96337],[5.15265,44.95629],[5.16866,44.95549],[5.17109,44.95748],[5.16734,44.95986],[5.17108,44.95982],[5.17233,44.95383],[5.17806,44.94968],[5.18195,44.94964],[5.18023,44.94454],[5.18184,44.93987],[5.19334,44.93648]]]},"properties":{"code_territoire":"iris262730000","libelle_territoire":"Rochefort-Samson (commune non irisée)"}},
{"type":"Feature","geometry":{"type":"Polygon","coordinates":[[[5.26563,44.60676],[5.26967,44.61181],[5.27101,44.6185],[5.26939,44.62148],[5.26737,44.62423],[5.25621,44.62279],[5.25238,44.62063],[5.24407,44.62466],[5.24037,44.62459],[5.23769,44.62048],[5.22287,44.62049],[5.21351,44.61087],[5.22588,44.602],[5.22712,44.58665],[5.23214,44.5769],[5.23979,44.57626],[5.24273,44.57172],[5.24616,44.57884],[5.24518,44.58581],[5.24951,44.58756],[5.24808,44.59221],[5.24457,44.5948],[5.25091,44.59835],[5.25096,44.602],[5.25536,44.60297],[5.25628,44.60641],[5.26563,44.60676]]]},"properties":{"code_territoire":"iris262740000","libelle_territoire":"Rochefourchat (commune non irisée)"}},
{"type":"Feature","geometry":{"type":"Polygon","coordinates":[[[4.80349,44.27808],[4.80645,44.27349],[4.80403,44.26916],[4.81269,44.2574],[4.8121,44.24204],[4.81416,44.23219],[4.81734,44.22976],[4.82688,44.2285],[4.83758,44.23626],[4.84029,44.23496],[4.84387,44.24172],[4.8466,44.24068],[4.857,44.24584],[4.85876,44.24865],[4.86595,44.2495],[4.86759,44.2558],[4.88013,44.26174],[4.87792,44.27009],[4.85083,44.27245],[4.82574,44.27031],[4.81513,44.27744],[4.80349,44.27808]]]},"properties":{"code_territoire":"iris262750000","libelle_territoire":"Rochegude (commune non irisée)"}},
{"type":"Feature","geometry":{"type":"Polygon","coordinates":[[[5.01166,44.44507],[5.02081,44.44909],[5.02247,44.45216],[5.02941,44.45447],[5.04343,44.45482],[5.05299,44.44983],[5.06588,44.45665],[5.06784,44.45595],[5.07651,44.46257],[5.08796,44.46731],[5.08224,44.46954],[5.08449,44.48116],[5.08237,44.48404],[5.08346,44.48711],[5.07773,44.49193],[5.07804,44.50042],[5.0731,44.50248],[5.06899,44.50183],[5.07101,44.50904],[5.0591,44.50487],[5.05598,44.50624],[5.05207,44.50533],[5.04896,44.50721],[5.04388,44.50494],[5.03856,44.50701],[5.03162,44.50638],[5.02465,44.50278],[5.00051,44.50176],[4.99793,44.49898],[4.9984,44.49566],[5.00908,44.47988],[5.00924,44.47099],[5.01288,44.46],[5.00943,44.44829],[5.01166,44.44507]]]},"properties":{"code_territoire":"iris262760000","libelle_territoire":"Roche-Saint-Secret-Béconne (commune non irisée)"}},
{"type":"Feature","geometry":{"type":"Polygon","coordinates":[[[4.96252,44.65873],[4.96372,44.65994],[4.96272,44.66547],[4.96879,44.67236],[4.96733,44.67535],[4.95936,44.67238],[4.96141,44.67795],[4.95319,44.6823],[4.95822,44.68579],[4.95452,44.68909],[4.94646,44.69027],[4.93913,44.69732],[4.92751,44.68861],[4.91475,44.68533],[4.90438,44.67596],[4.90424,44.67504],[4.90978,44.675],[4.9191,44.66995],[4.92845,44.66874],[4.93475,44.66304],[4.93729,44.6557],[4.94121,44.65353],[4.94515,44.65824],[4.96252,44.65873]]]},"properties":{"code_territoire":"iris262770000","libelle_territoire":"La Roche-sur-Grane (commune non irisée)"}},
{"type":"Feature","geometry":{"type":"Polygon","coordinates":[[[5.31865,44.25403],[5.33058,44.24734],[5.33608,44.24148],[5.3396,44.24084],[5.34719,44.23112],[5.35061,44.22989],[5.36592,44.23654],[5.37548,44.24608],[5.37913,44.25275],[5.39264,44.26313],[5.38981,44.26551],[5.36816,44.27766],[5.36381,44.27675],[5.35521,44.27989],[5.34083,44.28019],[5.32445,44.28479],[5.3144,44.28651],[5.30561,44.28557],[5.30346,44.28726],[5.29886,44.28635],[5.29657,44.28319],[5.28846,44.28267],[5.28718,44.28],[5.2878,44.27125],[5.29034,44.26791],[5.30199,44.26638],[5.3114,44.2568],[5.31276,44.2552],[5.31646,44.25613],[5.31865,44.25403]]]},"properties":{"code_territoire":"iris262780000","libelle_territoire":"La Roche-sur-le-Buis (commune non irisée)"}},
{"type":"Feature","geometry":{"type":"Polygon","coordinates":[[[5.40258,44.27614],[5.38981,44.26551],[5.39264,44.26313],[5.41384,44.25134],[5.42638,44.25259],[5.42144,44.24654],[5.42641,44.24141],[5.43904,44.2439],[5.4418,44.24904],[5.447,44.24899],[5.44478,44.25743],[5.45132,44.26272],[5.43851,44.26623],[5.43113,44.27075],[5.4101,44.27873],[5.4028,44.27929],[5.40258,44.27614]]]},"properties":{"code_territoire":"iris262790000","libelle_territoire":"La Rochette-du-Buis (commune non irisée)"}}
]}