{"type":"FeatureCollection", "features": [
{"type":"Feature","geometry":{"type":"Polygon","coordinates":[[[0.3507,43.43864],[0.35331,43.44211],[0.36323,43.44234],[0.36471,43.44895],[0.35414,43.45112],[0.34636,43.46099],[0.34099,43.46354],[0.33739,43.46073],[0.33767,43.45748],[0.32772,43.46602],[0.32124,43.45911],[0.32144,43.449],[0.32729,43.44861],[0.33709,43.45133],[0.34061,43.43812],[0.3507,43.43864]]]},"properties":{"code_territoire":"iris320340000","libelle_territoire":"Bazugues (commune non irisée)"}},
{"type":"Feature","geometry":{"type":"Polygon","coordinates":[[[0.33252,43.84916],[0.33364,43.83777],[0.34183,43.83521],[0.34225,43.83179],[0.34985,43.82747],[0.35447,43.82848],[0.36932,43.82599],[0.37814,43.82881],[0.38938,43.82442],[0.38822,43.82047],[0.39309,43.81509],[0.39298,43.81171],[0.39927,43.81284],[0.39554,43.81659],[0.3963,43.81888],[0.40219,43.81829],[0.4041,43.81527],[0.41043,43.81835],[0.41207,43.82075],[0.40942,43.82455],[0.41118,43.82658],[0.40753,43.82952],[0.40906,43.83298],[0.39683,43.84108],[0.40245,43.84294],[0.40299,43.84538],[0.40034,43.85257],[0.38636,43.85334],[0.38085,43.85552],[0.37337,43.85356],[0.36744,43.84897],[0.34746,43.8461],[0.33252,43.84916]]]},"properties":{"code_territoire":"iris320350000","libelle_territoire":"Beaucaire (commune non irisée)"}},
{"type":"Feature","geometry":{"type":"Polygon","coordinates":[[[0.12891,43.55439],[0.13282,43.55433],[0.13618,43.55676],[0.14913,43.55619],[0.15147,43.57297],[0.13964,43.57445],[0.13622,43.5816],[0.13872,43.58441],[0.13693,43.58796],[0.13849,43.59074],[0.14912,43.59447],[0.14501,43.59428],[0.13489,43.6016],[0.13336,43.59909],[0.13017,43.59927],[0.12375,43.60496],[0.1237,43.60825],[0.11929,43.60957],[0.11321,43.60882],[0.10383,43.61246],[0.09494,43.62142],[0.08581,43.62422],[0.08324,43.62742],[0.07713,43.61831],[0.0852,43.60873],[0.08093,43.60626],[0.07524,43.60707],[0.06697,43.60328],[0.06175,43.60113],[0.06206,43.59917],[0.05611,43.59933],[0.05713,43.59611],[0.0539,43.59469],[0.05773,43.59177],[0.06276,43.59061],[0.06515,43.59189],[0.06424,43.58884],[0.06701,43.59056],[0.07132,43.58613],[0.07062,43.58437],[0.06741,43.58467],[0.07325,43.58189],[0.07963,43.57352],[0.08325,43.57386],[0.08534,43.572],[0.08854,43.56755],[0.09256,43.56986],[0.09654,43.5685],[0.09537,43.56439],[0.10059,43.56336],[0.10793,43.55712],[0.12891,43.55439]]]},"properties":{"code_territoire":"iris320360000","libelle_territoire":"Beaumarchés (commune non irisée)"}},
{"type":"Feature","geometry":{"type":"Polygon","coordinates":[[[0.30138,43.95564],[0.28874,43.95783],[0.28041,43.95279],[0.27351,43.95135],[0.2719,43.94846],[0.26905,43.94891],[0.26882,43.94613],[0.28275,43.94329],[0.27988,43.93952],[0.2844,43.93146],[0.27684,43.92846],[0.28776,43.92573],[0.28252,43.92182],[0.28873,43.92009],[0.29398,43.91767],[0.30543,43.91642],[0.30718,43.91804],[0.30484,43.92514],[0.30291,43.92877],[0.3076,43.93258],[0.29996,43.93716],[0.30094,43.94263],[0.29778,43.94561],[0.30076,43.94732],[0.2969,43.94881],[0.30138,43.95564]]]},"properties":{"code_territoire":"iris320370000","libelle_territoire":"Beaumont (commune non irisée)"}},
{"type":"Feature","geometry":{"type":"Polygon","coordinates":[[[1.03023,43.64841],[1.01775,43.65174],[0.9996,43.66404],[0.99455,43.65449],[1.00213,43.64687],[0.99784,43.64382],[1.00135,43.64285],[0.9967,43.63619],[0.9977,43.63074],[1.00409,43.63077],[1.00627,43.63486],[1.03827,43.63652],[1.03959,43.64066],[1.03023,43.64841]]]},"properties":{"code_territoire":"iris320380000","libelle_territoire":"Beaupuy (commune non irisée)"}},
{"type":"Feature","geometry":{"type":"Polygon","coordinates":[[[0.13783,43.43312],[0.14542,43.43158],[0.1466,43.42775],[0.14121,43.42503],[0.14146,43.42327],[0.14826,43.42632],[0.14787,43.42366],[0.15451,43.42212],[0.17371,43.43406],[0.17339,43.43608],[0.1677,43.43751],[0.16606,43.44239],[0.13783,43.43312]]]},"properties":{"code_territoire":"iris320390000","libelle_territoire":"Beccas (commune non irisée)"}},
{"type":"Feature","geometry":{"type":"Polygon","coordinates":[[[0.8086,43.56646],[0.82238,43.57909],[0.80989,43.58129],[0.80061,43.58638],[0.78184,43.5881],[0.78023,43.58644],[0.78677,43.57972],[0.77834,43.57733],[0.77325,43.57208],[0.77635,43.56983],[0.77406,43.56717],[0.75778,43.57185],[0.75577,43.5667],[0.76361,43.56505],[0.76277,43.56177],[0.7658,43.56141],[0.76693,43.56419],[0.76972,43.56436],[0.78083,43.56007],[0.78221,43.56246],[0.78703,43.56121],[0.79818,43.56741],[0.8086,43.56646]]]},"properties":{"code_territoire":"iris320400000","libelle_territoire":"Bédéchan (commune non irisée)"}},
{"type":"Feature","geometry":{"type":"MultiPolygon","coordinates":[[[[0.65944,43.43484],[0.6533,43.43539],[0.65424,43.43999],[0.62732,43.44211],[0.62412,43.44471],[0.62736,43.44619],[0.62645,43.4532],[0.62259,43.45563],[0.61727,43.45311],[0.61667,43.44986],[0.61744,43.44619],[0.62327,43.44497],[0.60966,43.43541],[0.6138,43.43252],[0.60887,43.43115],[0.61157,43.4215],[0.60027,43.4224],[0.59729,43.41822],[0.61493,43.40583],[0.61774,43.41215],[0.62553,43.4107],[0.62392,43.41616],[0.63782,43.41176],[0.63811,43.4138],[0.646,43.41326],[0.64998,43.41765],[0.65247,43.41478],[0.6685,43.41294],[0.66677,43.41664],[0.66845,43.41879],[0.66439,43.42348],[0.65663,43.42251],[0.65127,43.42479],[0.65562,43.43023],[0.65262,43.43077],[0.65342,43.43318],[0.65895,43.43235],[0.65944,43.43484]]],[[[0.654,43.4452],[0.6542,43.44708],[0.62755,43.44622],[0.62936,43.44366],[0.65366,43.44357],[0.654,43.4452]]]]},"properties":{"code_territoire":"iris320410000","libelle_territoire":"Bellegarde (commune non irisée)"}},
{"type":"Feature","geometry":{"type":"Polygon","coordinates":[[[0.41275,43.44967],[0.41877,43.44756],[0.42038,43.44259],[0.43679,43.44061],[0.44713,43.4429],[0.44763,43.44606],[0.46025,43.45038],[0.46047,43.45387],[0.45545,43.4575],[0.46683,43.46221],[0.46237,43.47066],[0.46134,43.47181],[0.45916,43.47012],[0.45119,43.47057],[0.4481,43.46865],[0.43363,43.46763],[0.43468,43.47035],[0.41451,43.46862],[0.41727,43.46358],[0.41028,43.45979],[0.40915,43.45658],[0.4175,43.45433],[0.41046,43.45116],[0.41275,43.44967]]]},"properties":{"code_territoire":"iris320420000","libelle_territoire":"Belloc-Saint-Clamens (commune non irisée)"}},
{"type":"Feature","geometry":{"type":"Polygon","coordinates":[[[0.20856,43.69893],[0.21186,43.69379],[0.22911,43.68717],[0.22842,43.68427],[0.23216,43.68554],[0.23256,43.6741],[0.24188,43.66918],[0.24233,43.6644],[0.2489,43.66236],[0.25258,43.65796],[0.25791,43.66226],[0.26873,43.66471],[0.26731,43.67231],[0.26986,43.67551],[0.27001,43.6807],[0.26601,43.68092],[0.268,43.68577],[0.26521,43.68738],[0.26366,43.69436],[0.25812,43.69545],[0.2604,43.70059],[0.25648,43.70091],[0.2576,43.7041],[0.26367,43.70679],[0.26156,43.71166],[0.26346,43.7151],[0.25467,43.7153],[0.24481,43.71921],[0.24108,43.71474],[0.2312,43.71584],[0.22824,43.71451],[0.24308,43.71015],[0.24247,43.70424],[0.23476,43.69935],[0.23447,43.69628],[0.22022,43.69652],[0.20856,43.69893]]]},"properties":{"code_territoire":"iris320430000","libelle_territoire":"Belmont (commune non irisée)"}},
{"type":"Feature","geometry":{"type":"Polygon","coordinates":[[[0.4438,43.93467],[0.44218,43.93645],[0.43612,43.93684],[0.42779,43.93329],[0.40778,43.94066],[0.40568,43.93726],[0.40343,43.93981],[0.3872,43.94252],[0.38598,43.93949],[0.38239,43.94154],[0.378,43.93626],[0.37744,43.93209],[0.3849,43.92533],[0.38769,43.92568],[0.39109,43.92129],[0.39556,43.92114],[0.39304,43.91772],[0.39446,43.91422],[0.38779,43.90521],[0.39203,43.90454],[0.39148,43.90769],[0.39415,43.90754],[0.40049,43.90159],[0.40806,43.90332],[0.41051,43.90395],[0.41035,43.9068],[0.42091,43.90823],[0.42146,43.92187],[0.42881,43.9229],[0.43776,43.92707],[0.4383,43.93076],[0.44087,43.93089],[0.4438,43.93467]]]},"properties":{"code_territoire":"iris320440000","libelle_territoire":"Béraut (commune non irisée)"}},
{"type":"Feature","geometry":{"type":"Polygon","coordinates":[[[0.37743,43.44461],[0.40496,43.43906],[0.41275,43.44967],[0.41046,43.45116],[0.4175,43.45433],[0.40915,43.45658],[0.41028,43.45979],[0.41727,43.46358],[0.41451,43.46862],[0.43468,43.47035],[0.43465,43.47669],[0.42468,43.47939],[0.42067,43.48448],[0.4211,43.48571],[0.43241,43.48324],[0.43373,43.48758],[0.41926,43.48949],[0.41687,43.49128],[0.41025,43.48983],[0.40723,43.4923],[0.40573,43.49017],[0.40065,43.49015],[0.40352,43.49774],[0.40158,43.49751],[0.39692,43.49451],[0.37829,43.4943],[0.36736,43.47182],[0.36597,43.46961],[0.37,43.4683],[0.37794,43.46712],[0.3889,43.46854],[0.38739,43.46392],[0.40246,43.46729],[0.39588,43.46348],[0.39643,43.45876],[0.39223,43.45542],[0.39454,43.44927],[0.3834,43.4483],[0.37851,43.45133],[0.37743,43.44461]]]},"properties":{"code_territoire":"iris320450000","libelle_territoire":"Berdoues (commune non irisée)"}},
{"type":"Feature","geometry":{"type":"Polygon","coordinates":[[[-0.2009,43.67017],[-0.20458,43.6776],[-0.20639,43.68224],[-0.21402,43.68019],[-0.22342,43.68687],[-0.22891,43.68043],[-0.23185,43.68084],[-0.23608,43.68582],[-0.23848,43.68416],[-0.23659,43.68128],[-0.23974,43.67123],[-0.24446,43.6652],[-0.24307,43.66404],[-0.23569,43.65859],[-0.20343,43.6593],[-0.20427,43.66214],[-0.19535,43.66517],[-0.2009,43.67017]]]},"properties":{"code_territoire":"iris320460000","libelle_territoire":"Bernède (commune non irisée)"}},
{"type":"Feature","geometry":{"type":"Polygon","coordinates":[[[0.53248,44.01478],[0.53245,44.00675],[0.52953,44.00295],[0.53957,44.00031],[0.55346,43.99156],[0.56458,43.99046],[0.55178,43.99923],[0.55894,44],[0.5579,44.00212],[0.56359,44.00378],[0.56511,44.01203],[0.56804,44.0124],[0.57003,44.01825],[0.57073,44.02114],[0.55359,44.0229],[0.53848,44.02914],[0.53239,44.02721],[0.53879,44.02255],[0.53248,44.01478]]]},"properties":{"code_territoire":"iris320470000","libelle_territoire":"Berrac (commune non irisée)"}},
{"type":"Feature","geometry":{"type":"Polygon","coordinates":[[[0.65944,43.43484],[0.67079,43.4344],[0.67979,43.43105],[0.69014,43.43154],[0.69789,43.4283],[0.70562,43.42887],[0.70446,43.43846],[0.69651,43.44505],[0.70386,43.45609],[0.69007,43.46217],[0.68467,43.46406],[0.68369,43.46644],[0.6757,43.46766],[0.66728,43.46264],[0.67818,43.45802],[0.67434,43.45575],[0.67163,43.44983],[0.67548,43.44806],[0.66607,43.44362],[0.65534,43.44493],[0.65424,43.43999],[0.6533,43.43539],[0.65944,43.43484]]]},"properties":{"code_territoire":"iris320480000","libelle_territoire":"Betcave-Aguin (commune non irisée)"}},
{"type":"Feature","geometry":{"type":"Polygon","coordinates":[[[0.02598,43.70708],[0.02833,43.70994],[0.03171,43.70817],[0.0345,43.71191],[0.04175,43.71502],[0.04664,43.72026],[0.04448,43.72369],[0.04067,43.72789],[0.03204,43.72853],[0.02771,43.73129],[0.02722,43.72766],[0.02393,43.72644],[0.01897,43.71938],[0.01444,43.71902],[0.01414,43.72241],[0.01026,43.72394],[0.00573,43.72206],[0.00508,43.72404],[0.00151,43.71936],[0.00577,43.71436],[0.00752,43.71244],[0.01238,43.71313],[0.01682,43.71084],[0.02141,43.70626],[0.02598,43.70708]]]},"properties":{"code_territoire":"iris320490000","libelle_territoire":"Bétous (commune non irisée)"}},
{"type":"Feature","geometry":{"type":"Polygon","coordinates":[[[0.21151,43.43243],[0.20976,43.42671],[0.20481,43.42242],[0.1902,43.42079],[0.1879,43.41927],[0.19093,43.40945],[0.20735,43.40703],[0.21634,43.40941],[0.22894,43.41832],[0.23068,43.4192],[0.22575,43.42141],[0.22778,43.42233],[0.2238,43.4281],[0.21605,43.43331],[0.21151,43.43243]]]},"properties":{"code_territoire":"iris320500000","libelle_territoire":"Betplan (commune non irisée)"}},
{"type":"Feature","geometry":{"type":"Polygon","coordinates":[[[0.90072,43.51014],[0.90738,43.51379],[0.89675,43.5187],[0.90047,43.52342],[0.89144,43.52609],[0.89072,43.53112],[0.90428,43.5293],[0.90161,43.53798],[0.89782,43.54062],[0.88711,43.54788],[0.87737,43.55032],[0.8749,43.55319],[0.87086,43.55642],[0.8642,43.55651],[0.85485,43.54853],[0.85875,43.54673],[0.85767,43.54113],[0.86042,43.53722],[0.86787,43.53254],[0.86688,43.53131],[0.87225,43.53],[0.87402,43.52275],[0.885,43.51994],[0.89259,43.51484],[0.90072,43.51014]]]},"properties":{"code_territoire":"iris320510000","libelle_territoire":"Bézéril (commune non irisée)"}},
{"type":"Feature","geometry":{"type":"Polygon","coordinates":[[[0.32251,43.82176],[0.32054,43.81498],[0.32199,43.808],[0.33044,43.80411],[0.33552,43.80478],[0.34122,43.80935],[0.34276,43.80818],[0.35372,43.81176],[0.35897,43.80941],[0.36746,43.81009],[0.36925,43.8154],[0.37479,43.81529],[0.37394,43.81401],[0.37751,43.81373],[0.3786,43.8117],[0.38182,43.81395],[0.38004,43.8171],[0.38822,43.82047],[0.38938,43.82442],[0.37814,43.82881],[0.36932,43.82599],[0.35447,43.82848],[0.34985,43.82747],[0.34225,43.83179],[0.34183,43.83521],[0.33364,43.83777],[0.32597,43.83038],[0.3232,43.82351],[0.32251,43.82176]]]},"properties":{"code_territoire":"iris320520000","libelle_territoire":"Bezolles (commune non irisée)"}},
{"type":"Feature","geometry":{"type":"Polygon","coordinates":[[[0.61528,43.36639],[0.62321,43.37785],[0.63266,43.38191],[0.63862,43.39296],[0.63451,43.39551],[0.62464,43.39636],[0.62566,43.40011],[0.61614,43.40161],[0.61493,43.40583],[0.60472,43.40853],[0.59256,43.40749],[0.58982,43.40557],[0.59158,43.40327],[0.59024,43.39331],[0.58462,43.3951],[0.58563,43.38932],[0.58292,43.38918],[0.58159,43.38504],[0.58739,43.38024],[0.59129,43.37972],[0.59298,43.3772],[0.59119,43.37211],[0.60298,43.36818],[0.61528,43.36639]]]},"properties":{"code_territoire":"iris320530000","libelle_territoire":"Bézues-Bajon (commune non irisée)"}},
{"type":"Feature","geometry":{"type":"Polygon","coordinates":[[[0.43183,43.72003],[0.42578,43.72185],[0.42677,43.72402],[0.42306,43.72834],[0.41822,43.72936],[0.41809,43.73173],[0.40849,43.73021],[0.40272,43.7321],[0.40592,43.72855],[0.40804,43.71665],[0.40628,43.71506],[0.39608,43.71752],[0.39069,43.72323],[0.37893,43.72819],[0.37995,43.72176],[0.38231,43.72096],[0.38625,43.71166],[0.38122,43.71177],[0.3511,43.70401],[0.35013,43.70015],[0.35444,43.69661],[0.35265,43.69398],[0.35076,43.6882],[0.35331,43.68137],[0.36639,43.67718],[0.3794,43.67426],[0.38387,43.67561],[0.38951,43.67288],[0.38932,43.67675],[0.39677,43.67762],[0.39988,43.67371],[0.40402,43.67347],[0.41022,43.66951],[0.42018,43.671],[0.43334,43.66894],[0.43186,43.66719],[0.43459,43.65966],[0.42722,43.65384],[0.42645,43.65157],[0.43101,43.65208],[0.43824,43.64954],[0.44183,43.65061],[0.44307,43.65411],[0.45191,43.6553],[0.4541,43.66132],[0.44211,43.66195],[0.43759,43.66677],[0.43577,43.67151],[0.44021,43.67995],[0.43501,43.68489],[0.43157,43.69533],[0.44456,43.69574],[0.44479,43.6993],[0.45354,43.70236],[0.4486,43.70747],[0.44474,43.70607],[0.44319,43.70873],[0.43198,43.71191],[0.4342,43.71701],[0.43104,43.71714],[0.43183,43.72003]]]},"properties":{"code_territoire":"iris320540000","libelle_territoire":"Biran (commune non irisée)"}},
{"type":"Feature","geometry":{"type":"Polygon","coordinates":[[[0.81113,43.8104],[0.81275,43.81418],[0.82185,43.81399],[0.82281,43.81973],[0.82033,43.82174],[0.83053,43.828],[0.8216,43.83561],[0.82124,43.84011],[0.81696,43.8413],[0.81321,43.84801],[0.8099,43.84557],[0.80477,43.84603],[0.79541,43.84808],[0.7879,43.85277],[0.78898,43.84194],[0.79341,43.82216],[0.78632,43.81509],[0.7919,43.81261],[0.79875,43.81158],[0.7999,43.81299],[0.81113,43.8104]]]},"properties":{"code_territoire":"iris320550000","libelle_territoire":"Bivès (commune non irisée)"}},
{"type":"Feature","geometry":{"type":"Polygon","coordinates":[[[0.79283,43.67021],[0.79617,43.6716],[0.79711,43.66908],[0.80692,43.66678],[0.8116,43.66315],[0.81352,43.66572],[0.81608,43.66441],[0.82149,43.67477],[0.82125,43.67898],[0.82431,43.68264],[0.82312,43.68371],[0.81959,43.68155],[0.81692,43.6842],[0.8057,43.67744],[0.7895,43.67984],[0.78831,43.6761],[0.79283,43.67021]]]},"properties":{"code_territoire":"iris320560000","libelle_territoire":"Blanquefort (commune non irisée)"}},
{"type":"Feature","geometry":{"type":"Polygon","coordinates":[[[0.47317,43.9464],[0.46549,43.93266],[0.46844,43.92669],[0.46086,43.92174],[0.45762,43.91668],[0.47583,43.91675],[0.48213,43.9066],[0.48564,43.90551],[0.49104,43.90833],[0.50749,43.91142],[0.50694,43.91523],[0.5039,43.91491],[0.50258,43.919],[0.50604,43.92409],[0.50589,43.92912],[0.49496,43.94047],[0.48445,43.9434],[0.47914,43.9466],[0.48045,43.94894],[0.47317,43.9464]]]},"properties":{"code_territoire":"iris320570000","libelle_territoire":"Blaziert (commune non irisée)"}},
{"type":"Feature","geometry":{"type":"Polygon","coordinates":[[[0.19811,43.44327],[0.20885,43.45095],[0.20513,43.46069],[0.19966,43.46391],[0.20303,43.46536],[0.20104,43.47304],[0.1957,43.47279],[0.19337,43.47568],[0.18143,43.47083],[0.18008,43.46539],[0.1877,43.4606],[0.18117,43.45603],[0.18931,43.44421],[0.19552,43.44413],[0.19811,43.44327]]]},"properties":{"code_territoire":"iris320580000","libelle_territoire":"Blousson-Sérian (commune non irisée)"}},
{"type":"Feature","geometry":{"type":"Polygon","coordinates":[[[0.39022,43.79715],[0.38887,43.78966],[0.39237,43.78995],[0.39232,43.78757],[0.38818,43.78681],[0.38708,43.78476],[0.39036,43.78336],[0.38988,43.7816],[0.38318,43.77769],[0.3887,43.77001],[0.38295,43.76892],[0.38653,43.76629],[0.40792,43.7613],[0.41438,43.76335],[0.42114,43.76294],[0.42266,43.7749],[0.42914,43.77379],[0.43018,43.77958],[0.42921,43.7847],[0.41864,43.78375],[0.41593,43.78569],[0.41236,43.79431],[0.4073,43.79469],[0.40306,43.7986],[0.39331,43.80027],[0.39372,43.79718],[0.39022,43.79715]]]},"properties":{"code_territoire":"iris320590000","libelle_territoire":"Bonas (commune non irisée)"}},
{"type":"Feature","geometry":{"type":"Polygon","coordinates":[[[0.64763,43.55136],[0.64555,43.56378],[0.64017,43.56255],[0.63971,43.56548],[0.6309,43.56976],[0.61554,43.57088],[0.61081,43.57183],[0.61074,43.56727],[0.59362,43.56838],[0.59412,43.56614],[0.59187,43.56666],[0.58662,43.56317],[0.58794,43.55997],[0.59832,43.5563],[0.6101,43.558],[0.61653,43.55688],[0.61979,43.55875],[0.63663,43.55357],[0.64763,43.55136]]]},"properties":{"code_territoire":"iris320600000","libelle_territoire":"Boucagnères (commune non irisée)"}},
{"type":"Feature","geometry":{"type":"Polygon","coordinates":[[[0.73998,43.54814],[0.74925,43.54713],[0.7651,43.53722],[0.77494,43.5362],[0.78478,43.54102],[0.78613,43.54605],[0.79181,43.54535],[0.79058,43.54766],[0.79591,43.55342],[0.78209,43.55389],[0.7833,43.55957],[0.78083,43.56007],[0.76972,43.56436],[0.76693,43.56419],[0.7658,43.56141],[0.76277,43.56177],[0.75844,43.56274],[0.75493,43.55865],[0.74491,43.56059],[0.73674,43.55844],[0.73573,43.55442],[0.73317,43.5549],[0.73355,43.55006],[0.73998,43.54814]]]},"properties":{"code_territoire":"iris320610000","libelle_territoire":"Boulaur (commune non irisée)"}},
{"type":"Feature","geometry":{"type":"Polygon","coordinates":[[[-0.02843,43.82687],[-0.02907,43.82918],[-0.02545,43.82947],[-0.02695,43.82608],[-0.02201,43.82684],[-0.01884,43.82433],[-0.02036,43.82067],[-0.02471,43.81843],[-0.02211,43.80964],[-0.01012,43.81248],[-0.0045,43.81071],[-0.0042,43.81396],[0.00857,43.81588],[0.01351,43.81861],[0.01234,43.8302],[0.00943,43.83061],[0.00943,43.83286],[0.00365,43.83655],[-0.00126,43.84681],[-0.00891,43.84377],[-0.01289,43.83861],[-0.02475,43.83806],[-0.03133,43.83284],[-0.03266,43.82999],[-0.02843,43.82687]]]},"properties":{"code_territoire":"iris320620000","libelle_territoire":"Bourrouillan (commune non irisée)"}},
{"type":"Feature","geometry":{"type":"Polygon","coordinates":[[[0.00577,43.71436],[0.00344,43.71278],[0.00353,43.70814],[-0.00356,43.7071],[-0.00314,43.70479],[0.00253,43.70474],[0.00159,43.70144],[0.00589,43.7037],[0.00848,43.69942],[0.01449,43.69887],[0.01502,43.69424],[0.02421,43.68977],[0.02511,43.68329],[0.02768,43.68126],[0.01651,43.67435],[0.01306,43.6686],[0.01172,43.66271],[0.00718,43.66018],[0.00843,43.65896],[0.01691,43.65955],[0.01878,43.6649],[0.02997,43.67387],[0.03546,43.67541],[0.03821,43.67151],[0.05011,43.67174],[0.05527,43.67485],[0.05675,43.67358],[0.06133,43.67504],[0.05971,43.67977],[0.04478,43.68627],[0.03759,43.69349],[0.04189,43.69646],[0.02598,43.70708],[0.02141,43.70626],[0.01682,43.71084],[0.01238,43.71313],[0.00752,43.71244],[0.00577,43.71436]]]},"properties":{"code_territoire":"iris320630000","libelle_territoire":"Bouzon-Gellenave (commune non irisée)"}},
{"type":"Feature","geometry":{"type":"Polygon","coordinates":[[[0.15098,43.91163],[0.1492,43.91322],[0.14459,43.91181],[0.13083,43.91302],[0.1288,43.90925],[0.11754,43.91053],[0.1145,43.90642],[0.11812,43.90657],[0.11828,43.90208],[0.12397,43.9025],[0.12394,43.90088],[0.13294,43.89818],[0.12277,43.89],[0.10946,43.88574],[0.11676,43.87297],[0.12552,43.87136],[0.12756,43.86598],[0.13933,43.86723],[0.15569,43.87443],[0.15174,43.88128],[0.15369,43.88371],[0.15073,43.88737],[0.15225,43.89078],[0.14898,43.8938],[0.15119,43.89624],[0.15098,43.91163]]]},"properties":{"code_territoire":"iris320640000","libelle_territoire":"Bretagne-d'Armagnac (commune non irisée)"}},
{"type":"Feature","geometry":{"type":"Polygon","coordinates":[[[0.39661,43.64302],[0.39793,43.64795],[0.40346,43.65089],[0.40303,43.65302],[0.41421,43.65313],[0.42138,43.6603],[0.42698,43.6582],[0.42722,43.65384],[0.43459,43.65966],[0.43186,43.66719],[0.43334,43.66894],[0.42018,43.671],[0.41022,43.66951],[0.40402,43.67347],[0.39988,43.67371],[0.39677,43.67762],[0.38932,43.67675],[0.38951,43.67288],[0.38387,43.67561],[0.3794,43.67426],[0.36639,43.67718],[0.36712,43.67113],[0.37266,43.66453],[0.3722,43.65505],[0.37504,43.65262],[0.37362,43.63979],[0.38946,43.64349],[0.39661,43.64302]]]},"properties":{"code_territoire":"iris320650000","libelle_territoire":"Le Brouilh-Monbert (commune non irisée)"}},
{"type":"Feature","geometry":{"type":"Polygon","coordinates":[[[0.7442,43.82794],[0.7442,43.84279],[0.74857,43.84723],[0.74442,43.85375],[0.74696,43.85619],[0.74532,43.85844],[0.75044,43.85955],[0.74774,43.86558],[0.72897,43.86304],[0.729,43.84959],[0.69798,43.85307],[0.6958,43.85519],[0.69704,43.8485],[0.69535,43.84576],[0.69155,43.84595],[0.68805,43.84005],[0.69229,43.83946],[0.70115,43.82787],[0.71195,43.82233],[0.71625,43.82536],[0.71578,43.82782],[0.73429,43.8243],[0.74361,43.82689],[0.7442,43.82794]]]},"properties":{"code_territoire":"iris320660000","libelle_territoire":"Brugnens (commune non irisée)"}},
{"type":"Feature","geometry":{"type":"Polygon","coordinates":[[[0.60298,43.36818],[0.60335,43.36476],[0.59826,43.36566],[0.59761,43.36349],[0.59894,43.35907],[0.60528,43.35986],[0.60442,43.35643],[0.5932,43.35522],[0.59182,43.35153],[0.59542,43.34971],[0.59366,43.34698],[0.60342,43.34735],[0.60456,43.3504],[0.60842,43.34985],[0.60913,43.34755],[0.61612,43.34782],[0.61671,43.34963],[0.62524,43.35272],[0.62506,43.35503],[0.62892,43.35586],[0.62786,43.35836],[0.63023,43.3606],[0.61753,43.36233],[0.61528,43.36639],[0.60298,43.36818]]]},"properties":{"code_territoire":"iris320670000","libelle_territoire":"Cabas-Loumassès (commune non irisée)"}},
{"type":"Feature","geometry":{"type":"Polygon","coordinates":[[[0.78632,43.81509],[0.79341,43.82216],[0.78898,43.84194],[0.78317,43.84032],[0.77885,43.83603],[0.77413,43.8378],[0.77153,43.83349],[0.76183,43.83523],[0.76231,43.83873],[0.76611,43.84147],[0.7598,43.84353],[0.75285,43.8428],[0.74857,43.84723],[0.7442,43.84279],[0.7442,43.82794],[0.75362,43.82184],[0.76394,43.81951],[0.76876,43.82128],[0.77406,43.81795],[0.78185,43.81616],[0.78293,43.81796],[0.78632,43.81509]]]},"properties":{"code_territoire":"iris320680000","libelle_territoire":"Cadeilhan (commune non irisée)"}},
{"type":"Feature","geometry":{"type":"Polygon","coordinates":[[[0.82048,43.41696],[0.84429,43.4099],[0.85011,43.41407],[0.85711,43.41447],[0.85507,43.41775],[0.85733,43.42507],[0.84912,43.43344],[0.84597,43.43068],[0.82948,43.42453],[0.82729,43.42167],[0.82118,43.42059],[0.82048,43.41696]]]},"properties":{"code_territoire":"iris320690000","libelle_territoire":"Cadeillan (commune non irisée)"}},
{"type":"Feature","geometry":{"type":"Polygon","coordinates":[[[-0.04048,43.62485],[-0.03408,43.62354],[-0.02347,43.62711],[-0.0077,43.62709],[-0.00599,43.63179],[-0.00901,43.63778],[-0.01396,43.63934],[-0.01641,43.64357],[-0.02242,43.65098],[-0.02911,43.65345],[-0.04081,43.64669],[-0.04365,43.64109],[-0.04517,43.63023],[-0.04048,43.62485]]]},"properties":{"code_territoire":"iris320700000","libelle_territoire":"Cahuzac-sur-Adour (commune non irisée)"}},
{"type":"Feature","geometry":{"type":"Polygon","coordinates":[[[0.38122,43.71177],[0.38049,43.7154],[0.3684,43.7151],[0.36781,43.72002],[0.35903,43.71686],[0.35637,43.71914],[0.34982,43.7194],[0.35365,43.72697],[0.34715,43.72975],[0.34132,43.72843],[0.3333,43.73201],[0.33123,43.72959],[0.32385,43.73075],[0.32478,43.72604],[0.3315,43.72553],[0.33553,43.71906],[0.33066,43.71287],[0.32651,43.71363],[0.32768,43.71162],[0.32383,43.70986],[0.31258,43.70812],[0.3098,43.70028],[0.31149,43.69916],[0.30674,43.69724],[0.30578,43.69214],[0.31412,43.68884],[0.31501,43.68421],[0.31996,43.68291],[0.32092,43.68597],[0.32349,43.68566],[0.32956,43.68222],[0.34234,43.68393],[0.34409,43.68399],[0.34162,43.68874],[0.33628,43.68999],[0.33751,43.69495],[0.35265,43.69398],[0.35444,43.69661],[0.35013,43.70015],[0.3511,43.70401],[0.38122,43.71177]]]},"properties":{"code_territoire":"iris320710000","libelle_territoire":"Caillavet (commune non irisée)"}},
{"type":"Feature","geometry":{"type":"Polygon","coordinates":[[[0.27304,43.61445],[0.27349,43.61815],[0.28352,43.62807],[0.2797,43.64034],[0.27411,43.64991],[0.26403,43.64752],[0.25965,43.6431],[0.2519,43.64502],[0.25006,43.63937],[0.24473,43.64017],[0.24588,43.6304],[0.25245,43.62798],[0.26683,43.61276],[0.27001,43.61226],[0.27304,43.61445]]]},"properties":{"code_territoire":"iris320720000","libelle_territoire":"Callian (commune non irisée)"}},
{"type":"Feature","geometry":{"type":"Polygon","coordinates":[[[0.00645,43.87345],[0.00223,43.87572],[-0.0073,43.87278],[-0.01264,43.87472],[-0.01427,43.87243],[-0.00132,43.85818],[-0.00236,43.85281],[0.00021,43.85338],[0.00728,43.84927],[0.02193,43.84514],[0.02763,43.84638],[0.02739,43.85493],[0.02251,43.85888],[0.01753,43.85949],[0.01005,43.86996],[0.01098,43.87227],[0.00645,43.87345]]]},"properties":{"code_territoire":"iris320730000","libelle_territoire":"Campagne-d'Armagnac (commune non irisée)"}},
{"type":"Feature","geometry":{"type":"Polygon","coordinates":[[[0.32538,43.91634],[0.3159,43.90748],[0.31682,43.90356],[0.32543,43.89876],[0.32908,43.89903],[0.32738,43.89495],[0.34484,43.89059],[0.35423,43.89186],[0.35191,43.89422],[0.35322,43.89636],[0.3667,43.89308],[0.36975,43.89614],[0.36931,43.90085],[0.37206,43.90126],[0.36879,43.90543],[0.36865,43.91467],[0.3465,43.90976],[0.33483,43.91543],[0.32538,43.91634]]]},"properties":{"code_territoire":"iris320750000","libelle_territoire":"Cassaigne (commune non irisée)"}},
{"type":"Feature","geometry":{"type":"Polygon","coordinates":[[[0.6746,43.57279],[0.67222,43.57067],[0.67984,43.56691],[0.67903,43.56319],[0.68699,43.55874],[0.68539,43.5567],[0.68073,43.55683],[0.68853,43.54815],[0.69328,43.54644],[0.69724,43.55201],[0.7047,43.55486],[0.70633,43.561],[0.7114,43.55396],[0.71561,43.55393],[0.71492,43.55103],[0.7208,43.54769],[0.72731,43.54661],[0.72824,43.54835],[0.73397,43.54804],[0.73872,43.54626],[0.73998,43.54814],[0.73355,43.55006],[0.73317,43.5549],[0.73573,43.55442],[0.73674,43.55844],[0.74491,43.56059],[0.75493,43.55865],[0.75844,43.56274],[0.76277,43.56177],[0.76361,43.56505],[0.75577,43.5667],[0.75778,43.57185],[0.77406,43.56717],[0.77635,43.56983],[0.77325,43.57208],[0.77834,43.57733],[0.78677,43.57972],[0.78023,43.58644],[0.78184,43.5881],[0.7766,43.58892],[0.77698,43.59046],[0.76577,43.5956],[0.75612,43.60394],[0.74826,43.59827],[0.7456,43.60267],[0.72324,43.61317],[0.7111,43.61642],[0.69943,43.61714],[0.68194,43.62216],[0.67863,43.62044],[0.68126,43.61444],[0.69732,43.61176],[0.69221,43.60454],[0.6969,43.602],[0.69432,43.60089],[0.6939,43.59148],[0.68938,43.58729],[0.68818,43.58257],[0.68033,43.58509],[0.67797,43.5878],[0.67641,43.58655],[0.67827,43.58113],[0.6746,43.57279]]]},"properties":{"code_territoire":"iris320760000","libelle_territoire":"Castelnau-Barbarens (commune non irisée)"}},
{"type":"Feature","geometry":{"type":"Polygon","coordinates":[[[0.2797,43.64034],[0.28352,43.62807],[0.27349,43.61815],[0.27304,43.61445],[0.2756,43.61451],[0.27836,43.61095],[0.27567,43.6027],[0.28184,43.60146],[0.2835,43.5972],[0.28887,43.59489],[0.2937,43.5976],[0.29806,43.59668],[0.30314,43.60196],[0.30487,43.60109],[0.31235,43.60546],[0.31253,43.6091],[0.31914,43.60859],[0.32076,43.61062],[0.32233,43.61841],[0.32665,43.61985],[0.31047,43.62859],[0.30347,43.62477],[0.29968,43.62635],[0.29899,43.63466],[0.28594,43.63963],[0.2797,43.64034]]]},"properties":{"code_territoire":"iris320770000","libelle_territoire":"Castelnau-d'Anglès (commune non irisée)"}},
{"type":"Feature","geometry":{"type":"Polygon","coordinates":[[[0.73592,43.87341],[0.7284,43.88006],[0.70857,43.89182],[0.68766,43.89952],[0.68246,43.90434],[0.67212,43.90171],[0.66525,43.90529],[0.6625,43.90053],[0.6552,43.89783],[0.65283,43.90026],[0.64897,43.89858],[0.64591,43.89375],[0.64832,43.89177],[0.65169,43.89238],[0.65526,43.88901],[0.65718,43.88969],[0.66116,43.88472],[0.66361,43.88527],[0.66386,43.88066],[0.66096,43.87804],[0.66338,43.87831],[0.67161,43.87688],[0.6742,43.87907],[0.6888,43.8698],[0.70711,43.86612],[0.70661,43.86944],[0.72521,43.86521],[0.73592,43.87341]]]},"properties":{"code_territoire":"iris320780000","libelle_territoire":"Castelnau-d'Arbieu (commune non irisée)"}},
{"type":"Feature","geometry":{"type":"Polygon","coordinates":[[[0.1492,43.91322],[0.1524,43.91779],[0.14599,43.91754],[0.14996,43.92188],[0.14888,43.92589],[0.14365,43.92866],[0.14775,43.93176],[0.14425,43.93294],[0.1452,43.93566],[0.13653,43.93525],[0.14323,43.93833],[0.13522,43.93939],[0.13556,43.94501],[0.1524,43.94763],[0.15704,43.96087],[0.16389,43.9685],[0.16419,43.97377],[0.16138,43.97431],[0.15675,43.97257],[0.14335,43.97538],[0.13856,43.97467],[0.14188,43.9945],[0.1381,43.99813],[0.12729,44.00229],[0.12815,43.99837],[0.12644,43.9963],[0.11985,43.99567],[0.11717,43.98792],[0.10537,43.98441],[0.08905,43.98571],[0.07996,43.9811],[0.074,43.98227],[0.07561,43.97884],[0.06619,43.97282],[0.06899,43.96536],[0.06119,43.96518],[0.06104,43.96243],[0.0561,43.96146],[0.05691,43.95485],[0.05513,43.95427],[0.05715,43.94945],[0.05929,43.95054],[0.06417,43.94476],[0.06265,43.94114],[0.06883,43.93906],[0.07218,43.92107],[0.0765,43.91585],[0.07482,43.91473],[0.07637,43.91198],[0.0958,43.90855],[0.09576,43.90699],[0.10182,43.90659],[0.10321,43.90903],[0.11048,43.90953],[0.11072,43.90689],[0.1145,43.90642],[0.11754,43.91053],[0.1288,43.90925],[0.13083,43.91302],[0.14459,43.91181],[0.1492,43.91322]]]},"properties":{"code_territoire":"iris320790000","libelle_territoire":"Castelnau d'Auzan Labarrère (commune non irisée)"}},
{"type":"Feature","geometry":{"type":"Polygon","coordinates":[[[0.49496,43.94047],[0.49856,43.94631],[0.49029,43.95035],[0.49615,43.95646],[0.4897,43.95927],[0.49138,43.96238],[0.48969,43.96777],[0.47265,43.97768],[0.46563,43.97853],[0.4523,43.98579],[0.44134,43.98148],[0.45656,43.96339],[0.46708,43.95023],[0.47317,43.9464],[0.48045,43.94894],[0.47914,43.9466],[0.48445,43.9434],[0.49496,43.94047]]]},"properties":{"code_territoire":"iris320800000","libelle_territoire":"Castelnau-sur-l'Auvignon (commune non irisée)"}},
{"type":"Feature","geometry":{"type":"Polygon","coordinates":[[[0.113,43.6592],[0.14022,43.64488],[0.14698,43.64998],[0.14291,43.65054],[0.14355,43.65724],[0.1559,43.6597],[0.15736,43.6645],[0.17448,43.66876],[0.17015,43.6758],[0.15086,43.69032],[0.14457,43.70171],[0.13044,43.69681],[0.12034,43.68541],[0.11024,43.68353],[0.11031,43.679],[0.10576,43.6784],[0.11251,43.67228],[0.11058,43.66403],[0.113,43.6592]]]},"properties":{"code_territoire":"iris320810000","libelle_territoire":"Castelnavet (commune non irisée)"}},
{"type":"Feature","geometry":{"type":"Polygon","coordinates":[[[0.60191,44.01801],[0.59658,44.01886],[0.59347,44.01544],[0.59532,44.01418],[0.59047,44.01161],[0.59237,44.00885],[0.58984,44.009],[0.58903,44.00671],[0.58656,44.00784],[0.58435,44.00455],[0.58476,44.00057],[0.58713,44.00027],[0.58468,43.99881],[0.58781,43.99715],[0.5836,43.9972],[0.58992,43.99256],[0.58972,43.98861],[0.59272,43.98924],[0.59166,43.98806],[0.59547,43.98584],[0.59381,43.98468],[0.59643,43.98182],[0.59114,43.98021],[0.59296,43.97817],[0.59038,43.97698],[0.59276,43.97621],[0.59287,43.97142],[0.59884,43.9693],[0.59779,43.96588],[0.59435,43.96626],[0.59838,43.96184],[0.60762,43.96464],[0.61364,43.96279],[0.62907,43.96247],[0.63297,43.98618],[0.63755,43.98562],[0.64529,43.99365],[0.63238,44.00372],[0.62572,44.00396],[0.61983,44.00994],[0.60948,44.01254],[0.60191,44.01801]]]},"properties":{"code_territoire":"iris320820000","libelle_territoire":"Castéra-Lectourois (commune non irisée)"}},
{"type":"Feature","geometry":{"type":"Polygon","coordinates":[[[0.41043,43.81835],[0.4041,43.81527],[0.40219,43.81829],[0.3963,43.81888],[0.39554,43.81659],[0.39927,43.81284],[0.39298,43.81171],[0.39528,43.80948],[0.39284,43.80767],[0.3949,43.80623],[0.39201,43.80365],[0.39331,43.80027],[0.40306,43.7986],[0.4073,43.79469],[0.41236,43.79431],[0.41593,43.78569],[0.41864,43.78375],[0.42921,43.7847],[0.43018,43.77958],[0.44165,43.77839],[0.44429,43.78064],[0.4446,43.78635],[0.45261,43.78353],[0.45942,43.78677],[0.47253,43.78755],[0.47109,43.79721],[0.47191,43.80564],[0.46207,43.81007],[0.46005,43.80872],[0.45403,43.81079],[0.44701,43.81585],[0.44563,43.82076],[0.43704,43.82628],[0.43167,43.8265],[0.43439,43.82181],[0.43119,43.81485],[0.42962,43.81765],[0.41487,43.81943],[0.41506,43.8182],[0.41043,43.81835]]]},"properties":{"code_territoire":"iris320830000","libelle_territoire":"Castéra-Verduzan (commune non irisée)"}},
{"type":"Feature","geometry":{"type":"Polygon","coordinates":[[[0.8828,43.88588],[0.88411,43.89085],[0.90316,43.89767],[0.9022,43.90077],[0.89059,43.90305],[0.88682,43.90581],[0.88823,43.90983],[0.87452,43.91293],[0.87041,43.91997],[0.86477,43.92345],[0.85763,43.92042],[0.85198,43.9227],[0.84947,43.91755],[0.85043,43.90909],[0.84403,43.90328],[0.84725,43.90101],[0.84425,43.89564],[0.85264,43.89269],[0.86326,43.8849],[0.86953,43.8899],[0.87513,43.88773],[0.8828,43.88588]]]},"properties":{"code_territoire":"iris320840000","libelle_territoire":"Castéron (commune non irisée)"}},
{"type":"Feature","geometry":{"type":"Polygon","coordinates":[[[0.72518,43.96784],[0.73354,43.96582],[0.7365,43.96827],[0.74582,43.9689],[0.75354,43.96227],[0.77288,43.95937],[0.7729,43.96117],[0.75406,43.96956],[0.74067,43.97016],[0.73789,43.97233],[0.73043,43.97959],[0.73555,43.98481],[0.72251,43.98946],[0.72239,43.99378],[0.72016,43.99401],[0.72053,43.99783],[0.72742,43.99948],[0.72629,44.00167],[0.72172,44.00119],[0.7225,44.00382],[0.71881,44.00026],[0.71165,44.00032],[0.7062,43.99587],[0.70122,43.996],[0.70334,43.99448],[0.70094,43.99241],[0.6969,43.9823],[0.68879,43.98475],[0.69057,43.98056],[0.70345,43.97788],[0.72536,43.97699],[0.72518,43.96784]]]},"properties":{"code_territoire":"iris320850000","libelle_territoire":"Castet-Arrouy (commune non irisée)"}},
{"type":"Feature","geometry":{"type":"Polygon","coordinates":[[[0.2983,43.3885],[0.30013,43.37242],[0.30818,43.36743],[0.31576,43.36754],[0.32548,43.37501],[0.32664,43.38936],[0.32602,43.3951],[0.30854,43.39151],[0.29742,43.3937],[0.29958,43.39107],[0.2983,43.3885]]]},"properties":{"code_territoire":"iris320860000","libelle_territoire":"Castex (commune non irisée)"}},
{"type":"Feature","geometry":{"type":"Polygon","coordinates":[[[-0.13501,43.86757],[-0.13663,43.87018],[-0.14945,43.87393],[-0.16754,43.88767],[-0.1778,43.88817],[-0.18716,43.88453],[-0.19227,43.88477],[-0.19626,43.88742],[-0.20126,43.88549],[-0.19521,43.88119],[-0.19045,43.88072],[-0.1914,43.87416],[-0.18568,43.86692],[-0.17851,43.86288],[-0.17788,43.85704],[-0.16775,43.84848],[-0.16487,43.84542],[-0.15902,43.84606],[-0.1444,43.86195],[-0.13748,43.85935],[-0.13501,43.86757]]]},"properties":{"code_territoire":"iris320870000","libelle_territoire":"Castex-d'Armagnac (commune non irisée)"}},
{"type":"Feature","geometry":{"type":"Polygon","coordinates":[[[0.15827,43.73192],[0.16295,43.72974],[0.1637,43.72722],[0.17072,43.7249],[0.17726,43.72617],[0.17504,43.72059],[0.18399,43.71472],[0.19657,43.71449],[0.20425,43.71152],[0.20476,43.70049],[0.20856,43.69893],[0.22022,43.69652],[0.23447,43.69628],[0.23476,43.69935],[0.24247,43.70424],[0.24308,43.71015],[0.22824,43.71451],[0.2312,43.71584],[0.24108,43.71474],[0.24481,43.71921],[0.2519,43.73076],[0.24803,43.73325],[0.24909,43.73723],[0.26168,43.74061],[0.26894,43.74003],[0.27227,43.74344],[0.28296,43.73454],[0.29619,43.73297],[0.29531,43.74004],[0.2781,43.74443],[0.27622,43.74646],[0.2782,43.74963],[0.26065,43.7527],[0.25953,43.75112],[0.24193,43.7513],[0.2414,43.75329],[0.23328,43.75613],[0.21843,43.75493],[0.20523,43.76131],[0.20175,43.75947],[0.20367,43.75715],[0.19792,43.75746],[0.19715,43.75334],[0.19231,43.75254],[0.19683,43.75116],[0.19828,43.747],[0.1805,43.74279],[0.18103,43.73617],[0.17742,43.73705],[0.17315,43.74209],[0.16044,43.73665],[0.15827,43.73192]]]},"properties":{"code_territoire":"iris320880000","libelle_territoire":"Castillon-Debats (commune non irisée)"}},
{"type":"Feature","geometry":{"type":"Polygon","coordinates":[[[0.51274,43.72892],[0.52097,43.72558],[0.52441,43.72675],[0.52491,43.72407],[0.51746,43.71858],[0.52321,43.71522],[0.51725,43.71305],[0.51339,43.70639],[0.51858,43.70479],[0.52841,43.70847],[0.55516,43.70715],[0.55971,43.70245],[0.55888,43.69977],[0.56098,43.69803],[0.56313,43.70001],[0.56658,43.69872],[0.57262,43.70317],[0.5734,43.70596],[0.5636,43.70933],[0.56621,43.7178],[0.56015,43.71997],[0.56009,43.72324],[0.55295,43.72559],[0.53577,43.73074],[0.53466,43.73335],[0.52918,43.73379],[0.52617,43.73066],[0.5231,43.73227],[0.51274,43.72892]]]},"properties":{"code_territoire":"iris320890000","libelle_territoire":"Castillon-Massas (commune non irisée)"}},
{"type":"Feature","geometry":{"type":"Polygon","coordinates":[[[0.9585,43.54705],[0.96249,43.54619],[0.96499,43.55154],[0.98048,43.55596],[0.98878,43.55606],[1.00264,43.55284],[1.00638,43.55952],[1.01123,43.55796],[1.02284,43.56943],[1.00089,43.57436],[0.99005,43.58222],[0.976,43.57737],[0.96934,43.57838],[0.96366,43.5662],[0.9577,43.56049],[0.94657,43.55459],[0.94658,43.5496],[0.9585,43.54705]]]},"properties":{"code_territoire":"iris320900000","libelle_territoire":"Castillon-Savès (commune non irisée)"}},
{"type":"Feature","geometry":{"type":"Polygon","coordinates":[[[0.53763,43.67632],[0.54502,43.68143],[0.55912,43.68502],[0.56259,43.68907],[0.56803,43.6887],[0.56456,43.69457],[0.55709,43.69604],[0.55888,43.69977],[0.55971,43.70245],[0.55516,43.70715],[0.52841,43.70847],[0.51858,43.70479],[0.51339,43.70639],[0.50663,43.70168],[0.50452,43.6957],[0.5113,43.69046],[0.51384,43.69103],[0.51665,43.68615],[0.52737,43.68257],[0.53042,43.67435],[0.53763,43.67632]]]},"properties":{"code_territoire":"iris320910000","libelle_territoire":"Castin (commune non irisée)"}},
{"type":"Feature","geometry":{"type":"Polygon","coordinates":[[[0.97193,43.664],[0.96129,43.66216],[0.95676,43.66328],[0.9519,43.65937],[0.94079,43.66116],[0.94484,43.65638],[0.95385,43.65136],[0.96751,43.64711],[0.97288,43.65248],[0.9778,43.65422],[0.97193,43.664]]]},"properties":{"code_territoire":"iris320920000","libelle_territoire":"Catonvielle (commune non irisée)"}},
{"type":"Feature","geometry":{"type":"Polygon","coordinates":[[[-0.09566,43.70837],[-0.09784,43.7148],[-0.10723,43.70912],[-0.11221,43.70068],[-0.12249,43.69611],[-0.12552,43.69045],[-0.12354,43.68883],[-0.11955,43.68758],[-0.1201,43.68302],[-0.12408,43.6764],[-0.12937,43.67533],[-0.13046,43.67274],[-0.12715,43.6717],[-0.11644,43.676],[-0.10979,43.67444],[-0.10295,43.6775],[-0.09835,43.68118],[-0.09874,43.68759],[-0.09214,43.69617],[-0.09717,43.70504],[-0.09566,43.70837]]]},"properties":{"code_territoire":"iris320930000","libelle_territoire":"Caumont (commune non irisée)"}},
{"type":"Feature","geometry":{"type":"Polygon","coordinates":[[[-0.08692,43.76532],[-0.07205,43.76329],[-0.06563,43.75949],[-0.05891,43.76034],[-0.05472,43.76372],[-0.05763,43.76609],[-0.04506,43.76979],[-0.03794,43.7685],[-0.03493,43.77003],[-0.03218,43.77317],[-0.0337,43.78309],[-0.03552,43.78649],[-0.04075,43.78554],[-0.04153,43.79272],[-0.04501,43.79669],[-0.05228,43.79807],[-0.0569,43.8016],[-0.06521,43.80148],[-0.06588,43.80307],[-0.06987,43.81027],[-0.07198,43.81057],[-0.07436,43.80614],[-0.08767,43.80778],[-0.09347,43.81338],[-0.09678,43.80846],[-0.09522,43.80063],[-0.10361,43.79213],[-0.1021,43.78826],[-0.09721,43.78662],[-0.10838,43.77767],[-0.0961,43.7729],[-0.09339,43.76955],[-0.08713,43.76761],[-0.08692,43.76532]]]},"properties":{"code_territoire":"iris320940000","libelle_territoire":"Caupenne-d'Armagnac (commune non irisée)"}},
{"type":"Feature","geometry":{"type":"Polygon","coordinates":[[[0.47317,43.9464],[0.46708,43.95023],[0.45656,43.96339],[0.44608,43.96144],[0.44154,43.95822],[0.43157,43.96227],[0.42673,43.96734],[0.41853,43.96274],[0.42078,43.95813],[0.41843,43.95619],[0.41463,43.95693],[0.41006,43.95426],[0.416,43.95155],[0.41503,43.94566],[0.40778,43.94066],[0.42779,43.93329],[0.43612,43.93684],[0.44218,43.93645],[0.4438,43.93467],[0.44832,43.92918],[0.45585,43.928],[0.45634,43.93071],[0.46549,43.93266],[0.47317,43.9464]]]},"properties":{"code_territoire":"iris320950000","libelle_territoire":"Caussens (commune non irisée)"}},
{"type":"Feature","geometry":{"type":"Polygon","coordinates":[[[-0.03406,43.8929],[-0.02703,43.89005],[-0.0259,43.88443],[-0.02166,43.88158],[-0.01284,43.88077],[-0.01264,43.87472],[-0.0073,43.87278],[0.00223,43.87572],[0.00645,43.87345],[0.0215,43.87933],[0.03217,43.87702],[0.02662,43.8842],[0.03141,43.88794],[0.03177,43.89594],[0.03318,43.89998],[0.01727,43.9119],[0.00411,43.91652],[-0.00605,43.92356],[-0.01532,43.92407],[-0.01866,43.92827],[-0.02394,43.92983],[-0.0106,43.93498],[-0.00757,43.93946],[-0.00312,43.93947],[0.00575,43.94368],[0.00666,43.95384],[0.00295,43.95904],[-0.0189,43.97104],[-0.03616,43.98374],[-0.04411,43.96279],[-0.0467,43.96089],[-0.05944,43.961],[-0.0688,43.95164],[-0.07022,43.94497],[-0.0814,43.94264],[-0.08888,43.94916],[-0.09348,43.94844],[-0.09869,43.94242],[-0.09927,43.93559],[-0.09365,43.93183],[-0.09489,43.92943],[-0.10276,43.92712],[-0.10259,43.92082],[-0.09847,43.91802],[-0.08308,43.91487],[-0.07724,43.91319],[-0.07265,43.9153],[-0.07132,43.91887],[-0.06625,43.91762],[-0.0667,43.92266],[-0.05713,43.92161],[-0.04682,43.93207],[-0.04236,43.92887],[-0.03404,43.93343],[-0.02888,43.91995],[-0.04596,43.91265],[-0.04113,43.9078],[-0.04491,43.90117],[-0.03406,43.8929]]]},"properties":{"code_territoire":"iris320960000","libelle_territoire":"Cazaubon (commune non irisée)"}},
{"type":"Feature","geometry":{"type":"Polygon","coordinates":[[[0.28594,43.63963],[0.29157,43.64325],[0.29629,43.64307],[0.29285,43.64696],[0.29416,43.65219],[0.2911,43.65788],[0.29513,43.66291],[0.29582,43.66859],[0.28605,43.66951],[0.28223,43.67365],[0.27553,43.67215],[0.27496,43.6753],[0.26986,43.67551],[0.26731,43.67231],[0.26873,43.66471],[0.25791,43.66226],[0.25258,43.65796],[0.2489,43.66236],[0.24233,43.6644],[0.24188,43.66918],[0.23256,43.6741],[0.23477,43.66661],[0.23179,43.66154],[0.23049,43.65671],[0.23827,43.65617],[0.23994,43.65151],[0.23988,43.64881],[0.23458,43.64825],[0.23582,43.64398],[0.24457,43.64343],[0.24473,43.64017],[0.25006,43.63937],[0.2519,43.64502],[0.25965,43.6431],[0.26403,43.64752],[0.27411,43.64991],[0.2797,43.64034],[0.28594,43.63963]]]},"properties":{"code_territoire":"iris320970000","libelle_territoire":"Cazaux-d'Anglès (commune non irisée)"}},
{"type":"Feature","geometry":{"type":"Polygon","coordinates":[[[1.00264,43.55284],[0.98878,43.55606],[0.98048,43.55596],[0.96499,43.55154],[0.96249,43.54619],[0.9585,43.54705],[0.95527,43.54306],[0.95796,43.53925],[0.97388,43.53306],[0.98077,43.53416],[0.98027,43.53862],[0.9886,43.53933],[0.9976,43.54525],[1.00264,43.55284]]]},"properties":{"code_territoire":"iris320980000","libelle_territoire":"Cazaux-Savès (commune non irisée)"}},
{"type":"Feature","geometry":{"type":"Polygon","coordinates":[[[0.16606,43.44239],[0.1677,43.43751],[0.17339,43.43608],[0.17501,43.43489],[0.18416,43.43855],[0.18501,43.44343],[0.18917,43.44127],[0.19552,43.44413],[0.18931,43.44421],[0.18117,43.45603],[0.17413,43.4594],[0.17076,43.45515],[0.16432,43.45826],[0.15874,43.45599],[0.15538,43.45732],[0.16263,43.44999],[0.16606,43.44239]]]},"properties":{"code_territoire":"iris320990000","libelle_territoire":"Cazaux-Villecomtal (commune non irisée)"}},
{"type":"Feature","geometry":{"type":"Polygon","coordinates":[[[0.15569,43.87443],[0.1564,43.86666],[0.1757,43.87235],[0.17715,43.87624],[0.17727,43.88777],[0.18293,43.89568],[0.17508,43.89626],[0.17555,43.89893],[0.16848,43.90224],[0.16524,43.90619],[0.16833,43.90613],[0.16914,43.90829],[0.15989,43.90824],[0.15098,43.91163],[0.15119,43.89624],[0.14898,43.8938],[0.15225,43.89078],[0.15073,43.88737],[0.15369,43.88371],[0.15174,43.88128],[0.15569,43.87443]]]},"properties":{"code_territoire":"iris321000000","libelle_territoire":"Cazeneuve (commune non irisée)"}},
{"type":"Feature","geometry":{"type":"Polygon","coordinates":[[[0.71195,43.82233],[0.70115,43.82787],[0.69229,43.83946],[0.68805,43.84005],[0.68451,43.83185],[0.68676,43.82584],[0.6721,43.82855],[0.67053,43.82275],[0.6761,43.81802],[0.67742,43.81138],[0.68064,43.81323],[0.6878,43.80982],[0.69015,43.80357],[0.69594,43.80013],[0.70974,43.79436],[0.72533,43.79211],[0.72491,43.79819],[0.718,43.79871],[0.711,43.80311],[0.71288,43.80933],[0.71962,43.81513],[0.72266,43.81517],[0.72321,43.81859],[0.72093,43.8209],[0.71195,43.82233]]]},"properties":{"code_territoire":"iris321010000","libelle_territoire":"Céran (commune non irisée)"}},
{"type":"Feature","geometry":{"type":"Polygon","coordinates":[[[0.52834,43.79584],[0.53608,43.80493],[0.51515,43.80875],[0.51274,43.81325],[0.50534,43.81556],[0.48344,43.82004],[0.46207,43.81007],[0.47191,43.80564],[0.47109,43.79721],[0.47732,43.79645],[0.47779,43.7935],[0.48412,43.79298],[0.48846,43.7888],[0.49698,43.79092],[0.51307,43.78686],[0.51729,43.79418],[0.5198,43.79276],[0.52272,43.79671],[0.52834,43.79584]]]},"properties":{"code_territoire":"iris321020000","libelle_territoire":"Cézan (commune non irisée)"}},
{"type":"Feature","geometry":{"type":"Polygon","coordinates":[[[0.5147,43.33334],[0.51425,43.33194],[0.53406,43.32963],[0.53951,43.32694],[0.54682,43.32982],[0.54778,43.33218],[0.55399,43.33145],[0.5562,43.33373],[0.55955,43.33333],[0.55845,43.33521],[0.56208,43.33926],[0.5653,43.33473],[0.56977,43.33541],[0.57395,43.34332],[0.5693,43.34502],[0.56537,43.34395],[0.56195,43.34753],[0.56408,43.3534],[0.56176,43.35757],[0.56755,43.36653],[0.56465,43.3671],[0.56359,43.37171],[0.55242,43.37167],[0.54564,43.37438],[0.5322,43.37899],[0.52401,43.37938],[0.52508,43.37198],[0.51778,43.36849],[0.55322,43.36172],[0.55085,43.35548],[0.53435,43.3572],[0.53022,43.35457],[0.52922,43.35136],[0.53139,43.35053],[0.52591,43.33681],[0.51597,43.33672],[0.5147,43.33334]]]},"properties":{"code_territoire":"iris321030000","libelle_territoire":"Chélan (commune non irisée)"}},
{"type":"Feature","geometry":{"type":"Polygon","coordinates":[[[0.55185,43.47854],[0.55654,43.48479],[0.56162,43.48242],[0.57127,43.48778],[0.56332,43.49196],[0.56146,43.49224],[0.55984,43.48814],[0.54383,43.49076],[0.52863,43.4902],[0.52797,43.48604],[0.5256,43.48528],[0.50328,43.48707],[0.49889,43.48516],[0.49443,43.48731],[0.49062,43.48272],[0.49179,43.47985],[0.49852,43.4793],[0.50379,43.47069],[0.48993,43.47279],[0.48506,43.46707],[0.49098,43.46521],[0.4935,43.46863],[0.49674,43.46199],[0.50017,43.46054],[0.51647,43.46255],[0.51559,43.45889],[0.52297,43.45801],[0.52482,43.46769],[0.53326,43.4642],[0.53888,43.46922],[0.54684,43.47009],[0.55185,43.47854]]]},"properties":{"code_territoire":"iris321040000","libelle_territoire":"Clermont-Pouyguillès (commune non irisée)"}},
{"type":"Feature","geometry":{"type":"Polygon","coordinates":[[[1.00627,43.63486],[1.00409,43.63077],[0.9977,43.63074],[0.98797,43.63618],[0.98222,43.6273],[0.9991,43.62669],[1.00634,43.62394],[1.02006,43.61507],[1.01837,43.61196],[1.02195,43.60734],[1.01916,43.60342],[1.02426,43.60464],[1.03434,43.61102],[1.03599,43.61388],[1.03266,43.6178],[1.03642,43.61992],[1.00627,43.63486]]]},"properties":{"code_territoire":"iris321050000","libelle_territoire":"Clermont-Savès (commune non irisée)"}},
{"type":"Feature","geometry":{"type":"Polygon","coordinates":[[[0.99809,43.70778],[0.99066,43.7108],[0.98793,43.7142],[0.99075,43.71927],[0.98913,43.72582],[0.97359,43.72879],[0.96665,43.72869],[0.96036,43.73443],[0.95343,43.73592],[0.95747,43.72896],[0.95676,43.7251],[0.96048,43.72274],[0.95996,43.71785],[0.97457,43.7029],[0.98584,43.70368],[0.9879,43.70608],[0.99559,43.70314],[0.99809,43.70778]]]},"properties":{"code_territoire":"iris321060000","libelle_territoire":"Cologne (commune non irisée)"}},
{"type":"Feature","geometry":{"type":"Polygon","coordinates":[[[0.31768,43.99453],[0.32559,43.98428],[0.3316,43.9827],[0.34828,43.96875],[0.36323,43.96209],[0.36823,43.95681],[0.3715,43.95696],[0.37402,43.95915],[0.3765,43.95711],[0.40296,43.97003],[0.41579,43.98192],[0.41526,43.99398],[0.41002,43.99636],[0.41402,44.00487],[0.41226,44.01749],[0.41679,44.0217],[0.41512,44.02372],[0.41873,44.02903],[0.41455,44.02747],[0.41112,44.02065],[0.40236,44.02277],[0.39704,44.02239],[0.39712,44.01994],[0.3911,44.0198],[0.39115,44.01677],[0.38137,44.00641],[0.37008,44.00866],[0.365,44.01492],[0.35809,44.017],[0.35326,44.01573],[0.35448,44.01265],[0.34429,44.01282],[0.32714,44.00715],[0.31557,44.00996],[0.31453,44.00554],[0.31987,43.9985],[0.31768,43.99453]]]},"properties":{"code_territoire":"iris321070101","libelle_territoire":"Nord"}},
{"type":"Feature","geometry":{"type":"Polygon","coordinates":[[[0.41873,44.02903],[0.41512,44.02372],[0.41679,44.0217],[0.41226,44.01749],[0.41402,44.00487],[0.41002,43.99636],[0.41526,43.99398],[0.41579,43.98192],[0.40296,43.97003],[0.3765,43.95711],[0.37402,43.95915],[0.3715,43.95696],[0.37471,43.95453],[0.37314,43.9529],[0.37073,43.95376],[0.37528,43.91782],[0.37377,43.9056],[0.37672,43.90242],[0.37899,43.90549],[0.38779,43.90521],[0.39446,43.91422],[0.39304,43.91772],[0.39556,43.92114],[0.39109,43.92129],[0.38769,43.92568],[0.3849,43.92533],[0.37744,43.93209],[0.378,43.93626],[0.38239,43.94154],[0.38598,43.93949],[0.3872,43.94252],[0.40343,43.93981],[0.40568,43.93726],[0.40778,43.94066],[0.41503,43.94566],[0.416,43.95155],[0.41006,43.95426],[0.41463,43.95693],[0.41843,43.95619],[0.42078,43.95813],[0.41853,43.96274],[0.42673,43.96734],[0.43157,43.96227],[0.44154,43.95822],[0.44608,43.96144],[0.45656,43.96339],[0.44134,43.98148],[0.43694,43.98947],[0.43541,44.01013],[0.44022,44.01634],[0.43813,44.02044],[0.44255,44.02871],[0.43315,44.02933],[0.4247,44.02618],[0.41873,44.02903]]]},"properties":{"code_territoire":"iris321070102","libelle_territoire":"Est"}},
{"type":"Feature","geometry":{"type":"Polygon","coordinates":[[[0.30259,43.96158],[0.31226,43.95329],[0.32156,43.95272],[0.32775,43.94971],[0.32961,43.94133],[0.32781,43.93775],[0.3305,43.9372],[0.32729,43.92859],[0.33413,43.92448],[0.33579,43.92597],[0.33832,43.92245],[0.33483,43.91543],[0.3465,43.90976],[0.36865,43.91467],[0.36879,43.90543],[0.37206,43.90126],[0.37672,43.90242],[0.37377,43.9056],[0.37528,43.91782],[0.37073,43.95376],[0.37314,43.9529],[0.37471,43.95453],[0.3715,43.95696],[0.36823,43.95681],[0.36323,43.96209],[0.34828,43.96875],[0.3316,43.9827],[0.32559,43.98428],[0.31768,43.99453],[0.31292,43.99583],[0.31275,43.99349],[0.30932,43.99331],[0.30885,43.99546],[0.30582,43.99403],[0.30401,43.98825],[0.30933,43.98464],[0.31005,43.98078],[0.30354,43.9771],[0.30442,43.9746],[0.30002,43.96898],[0.30246,43.96621],[0.29976,43.96366],[0.30259,43.96158]]]},"properties":{"code_territoire":"iris321070103","libelle_territoire":"Ouest"}},
{"type":"Feature","geometry":{"type":"Polygon","coordinates":[[[-0.20343,43.6593],[-0.20345,43.6472],[-0.1972,43.64483],[-0.19589,43.63941],[-0.19039,43.63839],[-0.18956,43.64004],[-0.17506,43.63782],[-0.16589,43.63928],[-0.17299,43.64936],[-0.16876,43.65113],[-0.17058,43.6547],[-0.16397,43.66076],[-0.17918,43.66634],[-0.18033,43.66861],[-0.1849,43.67165],[-0.19745,43.66927],[-0.2009,43.67017],[-0.19535,43.66517],[-0.20427,43.66214],[-0.20343,43.6593]]]},"properties":{"code_territoire":"iris321080000","libelle_territoire":"Corneillan (commune non irisée)"}},
{"type":"Feature","geometry":{"type":"Polygon","coordinates":[[[0.07133,43.64365],[0.07489,43.63943],[0.07907,43.63978],[0.07896,43.63335],[0.08324,43.62742],[0.08581,43.62422],[0.09494,43.62142],[0.10383,43.61246],[0.11321,43.60882],[0.11929,43.60957],[0.1224,43.61625],[0.12773,43.61463],[0.13502,43.6166],[0.13457,43.61969],[0.12605,43.62255],[0.13015,43.62524],[0.14413,43.61829],[0.15276,43.6216],[0.15628,43.62511],[0.15775,43.63168],[0.14779,43.63708],[0.14022,43.64488],[0.113,43.6592],[0.10298,43.66026],[0.09981,43.66244],[0.08142,43.6497],[0.08038,43.64588],[0.07133,43.64365]]]},"properties":{"code_territoire":"iris321090000","libelle_territoire":"Couloumé-Mondebat (commune non irisée)"}},
{"type":"Feature","geometry":{"type":"Polygon","coordinates":[[[0.17421,43.8432],[0.17669,43.84019],[0.18338,43.84111],[0.18811,43.84517],[0.20134,43.84776],[0.20252,43.84426],[0.19935,43.84308],[0.19934,43.84084],[0.20184,43.83497],[0.21206,43.83932],[0.21742,43.83095],[0.22567,43.83045],[0.24517,43.83532],[0.24573,43.82567],[0.25337,43.82614],[0.24978,43.82043],[0.25337,43.82031],[0.25545,43.81743],[0.26873,43.82035],[0.27151,43.81549],[0.27645,43.8133],[0.28946,43.81646],[0.28852,43.81825],[0.2926,43.82205],[0.29026,43.82717],[0.28944,43.82993],[0.2934,43.83218],[0.29113,43.83641],[0.27592,43.83808],[0.27347,43.84539],[0.26401,43.84305],[0.26245,43.84922],[0.2568,43.85071],[0.25323,43.85581],[0.25714,43.85803],[0.2585,43.86387],[0.25,43.8682],[0.23929,43.87043],[0.23453,43.8665],[0.22603,43.86866],[0.22057,43.86657],[0.22136,43.86454],[0.21851,43.86278],[0.19558,43.85544],[0.19382,43.85076],[0.18594,43.8473],[0.17959,43.84693],[0.17957,43.84478],[0.17421,43.8432]]]},"properties":{"code_territoire":"iris321100000","libelle_territoire":"Courrensan (commune non irisée)"}},
{"type":"Feature","geometry":{"type":"Polygon","coordinates":[[[0.16108,43.57984],[0.1537,43.58377],[0.14912,43.59447],[0.13849,43.59074],[0.13693,43.58796],[0.13872,43.58441],[0.13622,43.5816],[0.13964,43.57445],[0.15147,43.57297],[0.14913,43.55619],[0.1671,43.5542],[0.16525,43.56369],[0.17007,43.56818],[0.17047,43.57211],[0.16817,43.57512],[0.16363,43.57493],[0.16108,43.57984]]]},"properties":{"code_territoire":"iris321110000","libelle_territoire":"Courties (commune non irisée)"}},
{"type":"Feature","geometry":{"type":"Polygon","coordinates":[[[0.69779,43.71363],[0.70576,43.70591],[0.71409,43.71058],[0.72288,43.70074],[0.74205,43.69248],[0.75613,43.69482],[0.75166,43.69971],[0.76148,43.69893],[0.76411,43.70152],[0.76969,43.70031],[0.77162,43.70237],[0.77501,43.70213],[0.77929,43.70893],[0.76958,43.71129],[0.76744,43.71384],[0.76073,43.71562],[0.75485,43.72165],[0.7421,43.72739],[0.73953,43.73074],[0.73719,43.72904],[0.72738,43.73708],[0.72126,43.73471],[0.71155,43.73217],[0.70127,43.73466],[0.69852,43.73914],[0.69493,43.73505],[0.6923,43.73678],[0.69035,43.73291],[0.6872,43.7271],[0.69703,43.71966],[0.69921,43.71616],[0.69779,43.71363]]]},"properties":{"code_territoire":"iris321120000","libelle_territoire":"Crastes (commune non irisée)"}},
{"type":"Feature","geometry":{"type":"Polygon","coordinates":[[[0.04552,43.78388],[0.03461,43.79022],[0.0354,43.79655],[0.03125,43.78964],[0.02548,43.78767],[0.02302,43.78864],[0.00995,43.7825],[0.00656,43.77511],[0.01375,43.77024],[0.00767,43.76556],[0.01214,43.76136],[0.01889,43.76438],[0.03476,43.75738],[0.03876,43.75665],[0.0535,43.76186],[0.04311,43.76835],[0.04702,43.77087],[0.04777,43.77618],[0.04406,43.78183],[0.04552,43.78388]]]},"properties":{"code_territoire":"iris321130000","libelle_territoire":"Cravencères (commune non irisée)"}},
{"type":"Feature","geometry":{"type":"Polygon","coordinates":[[[0.46995,43.36473],[0.46328,43.36359],[0.44729,43.36531],[0.44549,43.35646],[0.42713,43.35714],[0.42437,43.35022],[0.43478,43.34822],[0.43415,43.34429],[0.44369,43.34416],[0.44478,43.34649],[0.44806,43.34624],[0.4439,43.34201],[0.445,43.34071],[0.46122,43.33662],[0.46563,43.35071],[0.47018,43.35714],[0.46995,43.36473]]]},"properties":{"code_territoire":"iris321140000","libelle_territoire":"Cuélas (commune non irisée)"}},
{"type":"Feature","geometry":{"type":"Polygon","coordinates":[[[0.20523,43.76131],[0.21223,43.7632],[0.21133,43.76893],[0.20807,43.76713],[0.21294,43.77528],[0.20636,43.7751],[0.20136,43.77896],[0.19566,43.77894],[0.19177,43.78732],[0.18365,43.79144],[0.18004,43.78524],[0.17449,43.78468],[0.16948,43.78702],[0.16139,43.78961],[0.16092,43.78364],[0.15602,43.77882],[0.14618,43.77657],[0.14289,43.78153],[0.13115,43.77924],[0.12438,43.77452],[0.1301,43.77064],[0.12879,43.76694],[0.12822,43.76341],[0.13302,43.75581],[0.13206,43.74887],[0.13677,43.74269],[0.12956,43.74183],[0.12872,43.73701],[0.12587,43.73536],[0.13708,43.7362],[0.14176,43.7403],[0.15241,43.73105],[0.15827,43.73192],[0.16044,43.73665],[0.17315,43.74209],[0.17742,43.73705],[0.18103,43.73617],[0.1805,43.74279],[0.19828,43.747],[0.19683,43.75116],[0.19231,43.75254],[0.19715,43.75334],[0.19792,43.75746],[0.20367,43.75715],[0.20175,43.75947],[0.20523,43.76131]]]},"properties":{"code_territoire":"iris321150000","libelle_territoire":"Dému (commune non irisée)"}},
{"type":"Feature","geometry":{"type":"Polygon","coordinates":[[[0.39865,43.35158],[0.39926,43.35019],[0.39523,43.34995],[0.3938,43.33713],[0.3963,43.33339],[0.41066,43.32958],[0.42246,43.32747],[0.44311,43.3279],[0.44215,43.3305],[0.44502,43.33221],[0.44147,43.33673],[0.445,43.34071],[0.4439,43.34201],[0.44806,43.34624],[0.44478,43.34649],[0.44369,43.34416],[0.43415,43.34429],[0.43478,43.34822],[0.42437,43.35022],[0.42713,43.35714],[0.41856,43.35759],[0.41012,43.35464],[0.40374,43.35512],[0.39865,43.35158]]]},"properties":{"code_territoire":"iris321160000","libelle_territoire":"Duffort (commune non irisée)"}},
{"type":"Feature","geometry":{"type":"Polygon","coordinates":[[[0.53763,43.67632],[0.54157,43.67387],[0.54091,43.67107],[0.54733,43.67054],[0.54928,43.66286],[0.56101,43.66002],[0.5685,43.65924],[0.56734,43.66018],[0.574,43.66347],[0.57412,43.66967],[0.58724,43.66574],[0.58519,43.67261],[0.58569,43.67633],[0.58344,43.67755],[0.56609,43.67982],[0.55912,43.68502],[0.54502,43.68143],[0.53763,43.67632]]]},"properties":{"code_territoire":"iris321170000","libelle_territoire":"Duran (commune non irisée)"}},
{"type":"Feature","geometry":{"type":"Polygon","coordinates":[[[0.5393,43.55034],[0.53542,43.54431],[0.53894,43.52229],[0.54883,43.51964],[0.56095,43.52164],[0.56928,43.51795],[0.57015,43.52138],[0.5764,43.52269],[0.57834,43.52676],[0.58392,43.52855],[0.58891,43.52644],[0.59067,43.52883],[0.60227,43.53028],[0.60579,43.53688],[0.58571,43.54424],[0.59073,43.54561],[0.59286,43.55143],[0.58937,43.55472],[0.57974,43.55474],[0.57259,43.55857],[0.55341,43.56119],[0.55423,43.55901],[0.5393,43.55034]]]},"properties":{"code_territoire":"iris321180000","libelle_territoire":"Durban (commune non irisée)"}},
{"type":"Feature","geometry":{"type":"Polygon","coordinates":[[[0.0408,43.85132],[0.07196,43.83741],[0.08192,43.8246],[0.09631,43.81719],[0.11371,43.82934],[0.11926,43.82232],[0.11784,43.81761],[0.12001,43.81566],[0.13471,43.8167],[0.1329,43.81351],[0.13706,43.80793],[0.14272,43.81108],[0.14816,43.81053],[0.15532,43.81374],[0.15285,43.81594],[0.15357,43.82043],[0.14797,43.82275],[0.14924,43.82539],[0.15339,43.82665],[0.1574,43.82421],[0.16817,43.83112],[0.16194,43.83862],[0.17421,43.8432],[0.17957,43.84478],[0.17959,43.84693],[0.17504,43.85885],[0.16495,43.86309],[0.16178,43.8624],[0.1564,43.86666],[0.15569,43.87443],[0.13933,43.86723],[0.12756,43.86598],[0.12552,43.87136],[0.11676,43.87297],[0.10946,43.88574],[0.12277,43.89],[0.13294,43.89818],[0.12394,43.90088],[0.12397,43.9025],[0.11828,43.90208],[0.11812,43.90657],[0.1145,43.90642],[0.11072,43.90689],[0.11048,43.90953],[0.10321,43.90903],[0.10182,43.90659],[0.09576,43.90699],[0.0958,43.90855],[0.07637,43.91198],[0.07482,43.91473],[0.07226,43.91438],[0.06947,43.90409],[0.06104,43.9015],[0.05857,43.89677],[0.04167,43.90398],[0.03318,43.89998],[0.03177,43.89594],[0.04822,43.89134],[0.05619,43.8938],[0.05627,43.88433],[0.05316,43.88224],[0.04951,43.88272],[0.0433,43.88764],[0.03917,43.88183],[0.04284,43.87841],[0.0394,43.87623],[0.05799,43.87294],[0.06404,43.86724],[0.06323,43.86122],[0.06605,43.85847],[0.06021,43.85958],[0.05677,43.85463],[0.04252,43.8538],[0.0408,43.85132]]]},"properties":{"code_territoire":"iris321190000","libelle_territoire":"Eauze (commune non irisée)"}},
{"type":"Feature","geometry":{"type":"Polygon","coordinates":[[[1.00031,43.68995],[1.01316,43.68229],[1.02573,43.6788],[1.03644,43.67331],[1.03781,43.67489],[1.04406,43.67206],[1.05824,43.67079],[1.05724,43.67404],[1.04862,43.67545],[1.0541,43.68776],[1.0602,43.68749],[1.05745,43.69129],[1.06325,43.70064],[1.06571,43.70031],[1.06415,43.70277],[1.0562,43.7043],[1.03879,43.71409],[1.03621,43.71138],[1.03337,43.71235],[1.02934,43.71015],[1.02468,43.71302],[1.02022,43.70948],[1.0121,43.7112],[1.00824,43.70595],[0.99809,43.70778],[0.99559,43.70314],[1.00554,43.70048],[1.00761,43.69622],[1.00031,43.68995]]]},"properties":{"code_territoire":"iris321200000","libelle_territoire":"Encausse (commune non irisée)"}},
{"type":"Feature","geometry":{"type":"Polygon","coordinates":[[[1.03522,43.57891],[1.03027,43.57269],[1.02284,43.56943],[1.01123,43.55796],[1.00638,43.55952],[1.00264,43.55284],[0.9976,43.54525],[0.9886,43.53933],[0.99617,43.53365],[1.00125,43.52632],[1.03178,43.51831],[1.04185,43.53379],[1.04408,43.5339],[1.04706,43.53995],[1.05062,43.54105],[1.04547,43.5413],[1.04669,43.54561],[1.03985,43.55241],[1.04157,43.5689],[1.03522,43.57891]]]},"properties":{"code_territoire":"iris321210000","libelle_territoire":"Endoufielle (commune non irisée)"}},
{"type":"Feature","geometry":{"type":"Polygon","coordinates":[[[0.55764,43.43656],[0.54271,43.4405],[0.54688,43.43849],[0.54478,43.43541],[0.5485,43.43252],[0.54186,43.43248],[0.54138,43.42271],[0.53834,43.42389],[0.53561,43.41939],[0.53012,43.41952],[0.52626,43.41706],[0.52594,43.41018],[0.5328,43.41043],[0.53062,43.40651],[0.53617,43.40558],[0.53454,43.39923],[0.55214,43.39418],[0.55649,43.39475],[0.56065,43.40562],[0.57182,43.40558],[0.57572,43.41778],[0.5717,43.41895],[0.56983,43.42956],[0.57352,43.43098],[0.56576,43.43052],[0.55764,43.43656]]]},"properties":{"code_territoire":"iris321220000","libelle_territoire":"Esclassan-Labastide (commune non irisée)"}},
{"type":"Feature","geometry":{"type":"Polygon","coordinates":[[[0.84147,43.65784],[0.83625,43.64413],[0.84065,43.64115],[0.86468,43.63865],[0.87655,43.6353],[0.87959,43.63705],[0.88979,43.63264],[0.89358,43.63737],[0.89151,43.6388],[0.90195,43.64325],[0.90404,43.64675],[0.91425,43.64406],[0.90272,43.62655],[0.9149,43.62409],[0.92411,43.62586],[0.9273,43.62396],[0.94123,43.62282],[0.94528,43.62471],[0.94806,43.62904],[0.94239,43.63302],[0.95483,43.63152],[0.95967,43.64007],[0.96378,43.63918],[0.96624,43.64301],[0.96751,43.64711],[0.95385,43.65136],[0.94484,43.65638],[0.94079,43.66116],[0.94436,43.66285],[0.94263,43.66313],[0.94444,43.66645],[0.93406,43.6706],[0.93082,43.67037],[0.93333,43.66731],[0.92962,43.66192],[0.91356,43.66376],[0.90987,43.66822],[0.90402,43.67008],[0.90229,43.66036],[0.89944,43.66065],[0.89808,43.65721],[0.89109,43.65349],[0.88923,43.65461],[0.88149,43.64902],[0.85455,43.65043],[0.84147,43.65784]]]},"properties":{"code_territoire":"iris321230000","libelle_territoire":"Escornebœuf (commune non irisée)"}},
{"type":"Feature","geometry":{"type":"Polygon","coordinates":[[[0.84912,43.43344],[0.85733,43.42507],[0.85507,43.41775],[0.85711,43.41447],[0.86109,43.41305],[0.86503,43.41637],[0.87289,43.41072],[0.88059,43.41061],[0.88304,43.41357],[0.88817,43.4123],[0.89105,43.41652],[0.88648,43.41724],[0.89118,43.42085],[0.88011,43.42305],[0.88253,43.42571],[0.88008,43.42799],[0.88728,43.42909],[0.88413,43.43186],[0.88615,43.4349],[0.87817,43.44325],[0.88208,43.4451],[0.87922,43.45055],[0.87529,43.44801],[0.86554,43.44729],[0.8653,43.44536],[0.85848,43.44341],[0.85364,43.43748],[0.84968,43.43745],[0.84912,43.43344]]]},"properties":{"code_territoire":"iris321240000","libelle_territoire":"Espaon (commune non irisée)"}},
{"type":"Feature","geometry":{"type":"Polygon","coordinates":[[[0.08891,43.76279],[0.10231,43.75915],[0.12879,43.76694],[0.1301,43.77064],[0.12438,43.77452],[0.13115,43.77924],[0.11782,43.78604],[0.11547,43.79367],[0.10697,43.79105],[0.07967,43.79468],[0.07814,43.79287],[0.06454,43.79154],[0.05542,43.783],[0.04955,43.78225],[0.05815,43.78198],[0.06293,43.77977],[0.06581,43.77358],[0.08017,43.76989],[0.08891,43.76279]]]},"properties":{"code_territoire":"iris321250000","libelle_territoire":"Espas (commune non irisée)"}},
{"type":"Feature","geometry":{"type":"Polygon","coordinates":[[[0.27054,43.38302],[0.27923,43.38657],[0.2983,43.3885],[0.29958,43.39107],[0.29742,43.3937],[0.29739,43.39641],[0.30038,43.3976],[0.30857,43.39784],[0.30796,43.40249],[0.29785,43.40486],[0.29653,43.4014],[0.29487,43.40518],[0.29666,43.41],[0.29194,43.42019],[0.28998,43.41833],[0.27939,43.41878],[0.27234,43.41772],[0.26339,43.412],[0.25801,43.4066],[0.26002,43.40023],[0.25537,43.39835],[0.25318,43.3943],[0.25044,43.39488],[0.24964,43.38979],[0.25298,43.38958],[0.25526,43.39174],[0.26288,43.39108],[0.26466,43.38548],[0.27054,43.38302]]]},"properties":{"code_territoire":"iris321260000","libelle_territoire":"Estampes (commune non irisée)"}},
{"type":"Feature","geometry":{"type":"Polygon","coordinates":[[[-0.13748,43.85935],[-0.12232,43.85231],[-0.1183,43.84809],[-0.11444,43.8493],[-0.10001,43.84504],[-0.09325,43.8424],[-0.09305,43.83921],[-0.08737,43.83995],[-0.07804,43.8488],[-0.07154,43.85096],[-0.07263,43.85304],[-0.07901,43.85268],[-0.08045,43.85731],[-0.08495,43.85728],[-0.08524,43.86266],[-0.0979,43.86399],[-0.09314,43.86855],[-0.08684,43.86596],[-0.08018,43.86837],[-0.07395,43.87768],[-0.0764,43.88396],[-0.08127,43.88433],[-0.08626,43.89004],[-0.09338,43.89259],[-0.09105,43.89923],[-0.09937,43.90275],[-0.11118,43.91299],[-0.11155,43.90389],[-0.1188,43.90089],[-0.11588,43.89824],[-0.11952,43.89152],[-0.13359,43.88846],[-0.13525,43.885],[-0.13023,43.88369],[-0.12868,43.87961],[-0.12524,43.88159],[-0.12128,43.87904],[-0.12319,43.87327],[-0.13004,43.8705],[-0.13254,43.86663],[-0.13501,43.86757],[-0.13748,43.85935]]]},"properties":{"code_territoire":"iris321270000","libelle_territoire":"Estang (commune non irisée)"}},
{"type":"Feature","geometry":{"type":"Polygon","coordinates":[[[0.41177,43.55092],[0.40876,43.55372],[0.4094,43.5616],[0.40556,43.55983],[0.39996,43.56339],[0.38982,43.56432],[0.38326,43.56856],[0.38138,43.56488],[0.38316,43.56301],[0.37372,43.56277],[0.37355,43.55783],[0.36155,43.5593],[0.3594,43.55437],[0.36608,43.5528],[0.36189,43.54469],[0.36405,43.54351],[0.36298,43.53672],[0.37433,43.53415],[0.38778,43.5361],[0.41231,43.53361],[0.41768,43.53717],[0.41021,43.54048],[0.41258,43.5454],[0.40806,43.54863],[0.41177,43.55092]]]},"properties":{"code_territoire":"iris321280000","libelle_territoire":"Estipouy (commune non irisée)"}},
{"type":"Feature","geometry":{"type":"Polygon","coordinates":[[[0.87924,43.83651],[0.86823,43.83695],[0.86305,43.83983],[0.86369,43.84848],[0.85504,43.85108],[0.85099,43.84913],[0.84453,43.85005],[0.84483,43.84727],[0.84077,43.84787],[0.83718,43.84524],[0.83194,43.84568],[0.81696,43.8413],[0.82124,43.84011],[0.8216,43.83561],[0.83053,43.828],[0.83692,43.82443],[0.83789,43.82175],[0.84577,43.82438],[0.84905,43.81993],[0.85192,43.82214],[0.85555,43.82178],[0.85785,43.82472],[0.87536,43.82011],[0.87333,43.82736],[0.8756,43.8325],[0.87924,43.83651]]]},"properties":{"code_territoire":"iris321290000","libelle_territoire":"Estramiac (commune non irisée)"}},
{"type":"Feature","geometry":{"type":"Polygon","coordinates":[[[0.65847,43.51506],[0.66058,43.515],[0.66123,43.50754],[0.65398,43.50644],[0.65181,43.50319],[0.64905,43.50376],[0.64538,43.49813],[0.65181,43.49762],[0.65872,43.49717],[0.65995,43.49903],[0.66949,43.4998],[0.67152,43.49614],[0.67525,43.49761],[0.68108,43.49381],[0.68303,43.49492],[0.69566,43.49079],[0.69999,43.48642],[0.70915,43.48512],[0.71246,43.48901],[0.72047,43.48627],[0.72288,43.4891],[0.7271,43.49596],[0.73472,43.50062],[0.7155,43.50458],[0.71482,43.51315],[0.71446,43.51666],[0.70683,43.52076],[0.68099,43.52504],[0.68171,43.5299],[0.67992,43.52973],[0.67157,43.52892],[0.66631,43.5184],[0.65864,43.52036],[0.65847,43.51506]]]},"properties":{"code_territoire":"iris321300000","libelle_territoire":"Faget-Abbatial (commune non irisée)"}},
{"type":"Feature","geometry":{"type":"Polygon","coordinates":[[[0.76407,44.02971],[0.76379,44.01223],[0.77992,44.00867],[0.78618,44.00261],[0.79372,44.00327],[0.81306,44.00328],[0.81288,44.00933],[0.81756,44.00918],[0.82538,44.01479],[0.81922,44.01622],[0.81625,44.0225],[0.81258,44.02461],[0.82005,44.0278],[0.81902,44.03013],[0.80757,44.03148],[0.80498,44.036],[0.80149,44.03605],[0.79748,44.04429],[0.76832,44.03349],[0.76897,44.03156],[0.76407,44.02971]]]},"properties":{"code_territoire":"iris321310000","libelle_territoire":"Flamarens (commune non irisée)"}},
{"type":"Feature","geometry":{"type":"Polygon","coordinates":[[[0.66157,43.81614],[0.66388,43.81989],[0.66185,43.82038],[0.66437,43.83958],[0.66027,43.84062],[0.66233,43.8457],[0.65639,43.84662],[0.66088,43.84883],[0.65933,43.8504],[0.60733,43.85223],[0.6093,43.8419],[0.60357,43.84169],[0.60064,43.8341],[0.59507,43.8362],[0.59085,43.82126],[0.59018,43.81818],[0.58309,43.81646],[0.58571,43.81144],[0.60604,43.81001],[0.63305,43.80816],[0.66157,43.81614]]]},"properties":{"code_territoire":"iris321320101","libelle_territoire":"Sud-Ouest"}},
{"type":"Feature","geometry":{"type":"Polygon","coordinates":[[[0.60733,43.85223],[0.65933,43.8504],[0.66088,43.84883],[0.65639,43.84662],[0.66233,43.8457],[0.66423,43.8529],[0.65964,43.86],[0.65838,43.8694],[0.65531,43.86959],[0.65485,43.86716],[0.63877,43.86678],[0.62218,43.87217],[0.62244,43.86755],[0.61965,43.86801],[0.61921,43.86331],[0.61085,43.86403],[0.60772,43.85882],[0.60135,43.85983],[0.60089,43.85753],[0.60774,43.8553],[0.60733,43.85223]]]},"properties":{"code_territoire":"iris321320102","libelle_territoire":"Nord"}},
{"type":"Feature","geometry":{"type":"Polygon","coordinates":[[[0.6958,43.85519],[0.68759,43.8606],[0.677,43.87367],[0.67161,43.87688],[0.66338,43.87831],[0.66381,43.8745],[0.66026,43.87239],[0.66338,43.86934],[0.65838,43.8694],[0.65964,43.86],[0.66423,43.8529],[0.66233,43.8457],[0.66027,43.84062],[0.66437,43.83958],[0.66185,43.82038],[0.66388,43.81989],[0.66157,43.81614],[0.66509,43.81564],[0.67053,43.82275],[0.6721,43.82855],[0.68676,43.82584],[0.68451,43.83185],[0.68805,43.84005],[0.69155,43.84595],[0.69535,43.84576],[0.69704,43.8485],[0.6958,43.85519]]]},"properties":{"code_territoire":"iris321320103","libelle_territoire":"Est"}},
{"type":"Feature","geometry":{"type":"Polygon","coordinates":[[[0.25862,43.97431],[0.26423,43.99254],[0.26881,43.99352],[0.26943,43.99931],[0.27347,43.99803],[0.26939,44.0042],[0.26802,44.00276],[0.26323,44.00431],[0.25716,44.0082],[0.25366,44.00225],[0.24341,44.00708],[0.24344,44.00588],[0.23068,44.01004],[0.23531,44.01724],[0.23337,44.02257],[0.22395,44.01902],[0.21418,44.02305],[0.21165,44.01962],[0.20589,44.02111],[0.20344,44.01256],[0.19773,44.01589],[0.19358,44.01381],[0.18749,44.00591],[0.19315,43.99818],[0.199,43.99806],[0.1987,43.99406],[0.20407,43.99172],[0.20546,43.98552],[0.20023,43.97971],[0.21146,43.97395],[0.22025,43.97215],[0.22311,43.97515],[0.23366,43.9685],[0.24156,43.97104],[0.24436,43.97515],[0.2508,43.97217],[0.25862,43.97431]]]},"properties":{"code_territoire":"iris321330000","libelle_territoire":"Fourcès (commune non irisée)"}},
{"type":"Feature","geometry":{"type":"Polygon","coordinates":[[[0.94658,43.5496],[0.94657,43.55459],[0.9577,43.56049],[0.96366,43.5662],[0.96934,43.57838],[0.976,43.57737],[0.99005,43.58222],[0.98583,43.58534],[0.97219,43.59353],[0.94839,43.59968],[0.94487,43.59857],[0.94375,43.59364],[0.93024,43.59653],[0.93314,43.59193],[0.94879,43.58267],[0.94588,43.57655],[0.93381,43.57248],[0.93905,43.56795],[0.93325,43.56371],[0.93379,43.55899],[0.93047,43.55647],[0.93621,43.55119],[0.94658,43.5496]]]},"properties":{"code_territoire":"iris321340000","libelle_territoire":"Frégouville (commune non irisée)"}},
{"type":"Feature","geometry":{"type":"Polygon","coordinates":[[[-0.01824,43.69824],[-0.0102,43.69194],[-0.00921,43.68664],[-0.00552,43.68581],[-0.00309,43.67248],[0.0029,43.66743],[0.01306,43.6686],[0.01651,43.67435],[0.02768,43.68126],[0.02511,43.68329],[0.02421,43.68977],[0.01502,43.69424],[0.01449,43.69887],[0.00848,43.69942],[0.00589,43.7037],[0.00159,43.70144],[-0.01254,43.70064],[-0.01824,43.69824]]]},"properties":{"code_territoire":"iris321350000","libelle_territoire":"Fustérouau (commune non irisée)"}},
{"type":"Feature","geometry":{"type":"Polygon","coordinates":[[[-0.00708,43.61332],[0.00191,43.61326],[0.00506,43.60651],[0.00948,43.60633],[0.00977,43.60218],[0.01636,43.60155],[0.02219,43.59146],[0.02835,43.59227],[0.02943,43.59866],[0.02408,43.60711],[0.02368,43.61923],[0.02378,43.62067],[0.02865,43.62078],[0.02451,43.62638],[0.01704,43.62747],[0.01596,43.63082],[0.01226,43.62922],[0.00869,43.62308],[0.0017,43.62448],[0.00287,43.62136],[-0.00363,43.6217],[-0.00528,43.61793],[-0.0083,43.61704],[-0.00708,43.61332]]]},"properties":{"code_territoire":"iris321360000","libelle_territoire":"Galiax (commune non irisée)"}},
{"type":"Feature","geometry":{"type":"Polygon","coordinates":[[[0.88059,43.41061],[0.88513,43.40984],[0.88907,43.41184],[0.88703,43.40957],[0.8946,43.4053],[0.89622,43.40743],[0.90222,43.40529],[0.90348,43.40775],[0.90705,43.40814],[0.90805,43.40658],[0.91725,43.40637],[0.93144,43.40651],[0.93528,43.40931],[0.93689,43.41334],[0.93513,43.4146],[0.94,43.41788],[0.93763,43.41958],[0.93155,43.42177],[0.91671,43.42371],[0.91027,43.42609],[0.90609,43.43112],[0.90093,43.42983],[0.89367,43.43365],[0.88615,43.4349],[0.88413,43.43186],[0.88728,43.42909],[0.88008,43.42799],[0.88253,43.42571],[0.88011,43.42305],[0.89118,43.42085],[0.88648,43.41724],[0.89105,43.41652],[0.88817,43.4123],[0.88304,43.41357],[0.88059,43.41061]]]},"properties":{"code_territoire":"iris321380000","libelle_territoire":"Garravet (commune non irisée)"}},
{"type":"Feature","geometry":{"type":"Polygon","coordinates":[[[0.86903,43.87306],[0.87513,43.88773],[0.86953,43.8899],[0.86326,43.8849],[0.85264,43.89269],[0.84425,43.89564],[0.83663,43.8936],[0.81417,43.89421],[0.8224,43.88162],[0.85189,43.87441],[0.86903,43.87306]]]},"properties":{"code_territoire":"iris321390000","libelle_territoire":"Gaudonville (commune non irisée)"}},
{"type":"Feature","geometry":{"type":"Polygon","coordinates":[[[0.81024,43.46045],[0.81855,43.46631],[0.83169,43.46647],[0.84493,43.47662],[0.84886,43.48039],[0.83593,43.48641],[0.83537,43.48494],[0.82761,43.48488],[0.82761,43.48732],[0.82165,43.48942],[0.82044,43.48272],[0.8156,43.47627],[0.81812,43.47631],[0.81478,43.46725],[0.807,43.46775],[0.80282,43.47231],[0.80242,43.46719],[0.79797,43.46821],[0.79742,43.46677],[0.81024,43.46045]]]},"properties":{"code_territoire":"iris321400000","libelle_territoire":"Gaujac (commune non irisée)"}},
{"type":"Feature","geometry":{"type":"Polygon","coordinates":[[[0.744,43.38171],[0.75369,43.38934],[0.74827,43.39503],[0.74477,43.39529],[0.75194,43.39892],[0.75148,43.40277],[0.75502,43.40464],[0.73523,43.41664],[0.7313,43.41265],[0.7209,43.41162],[0.71887,43.41409],[0.70823,43.41306],[0.70259,43.41576],[0.69525,43.4115],[0.69254,43.40503],[0.69605,43.40185],[0.69873,43.39902],[0.72194,43.39304],[0.744,43.38171]]]},"properties":{"code_territoire":"iris321410000","libelle_territoire":"Gaujan (commune non irisée)"}},
{"type":"Feature","geometry":{"type":"Polygon","coordinates":[[[0.64773,43.7735],[0.64674,43.77],[0.64952,43.76719],[0.64496,43.76251],[0.65468,43.75391],[0.67415,43.75738],[0.67788,43.76223],[0.66936,43.76702],[0.6733,43.77275],[0.66979,43.77729],[0.67131,43.77994],[0.66346,43.78269],[0.66634,43.78656],[0.66577,43.79538],[0.6658,43.80118],[0.657,43.80759],[0.6517,43.80657],[0.65364,43.79122],[0.64929,43.78795],[0.65262,43.78249],[0.64911,43.78126],[0.64773,43.7735]]]},"properties":{"code_territoire":"iris321420000","libelle_territoire":"Gavarret-sur-Aulouste (commune non irisée)"}},
{"type":"Feature","geometry":{"type":"Polygon","coordinates":[[[0.50828,44.02006],[0.50816,44.02551],[0.49314,44.02347],[0.48049,44.02696],[0.47249,44.03304],[0.46568,44.03462],[0.45648,44.04286],[0.45037,44.04432],[0.4439,44.03713],[0.44255,44.02871],[0.43813,44.02044],[0.44022,44.01634],[0.43541,44.01013],[0.43694,43.98947],[0.44134,43.98148],[0.4523,43.98579],[0.45307,43.98918],[0.46162,43.99253],[0.47153,43.99533],[0.47856,43.9948],[0.48043,43.99774],[0.48838,43.99841],[0.48783,44.00207],[0.49307,44.00541],[0.48831,44.01098],[0.50828,44.02006]]]},"properties":{"code_territoire":"iris321430000","libelle_territoire":"Gazaupouy (commune non irisée)"}},
{"type":"Feature","geometry":{"type":"Polygon","coordinates":[[[0.1978,43.6156],[0.1924,43.61773],[0.18776,43.6144],[0.17064,43.6185],[0.16247,43.61561],[0.16499,43.60948],[0.16848,43.60492],[0.17309,43.60463],[0.17452,43.60159],[0.19006,43.59693],[0.19113,43.58871],[0.20169,43.58837],[0.20502,43.58506],[0.21135,43.58728],[0.22952,43.59013],[0.23184,43.59902],[0.2207,43.59844],[0.22017,43.60298],[0.19887,43.60772],[0.19614,43.60928],[0.1978,43.6156]]]},"properties":{"code_territoire":"iris321440000","libelle_territoire":"Gazax-et-Baccarisse (commune non irisée)"}},
{"type":"Feature","geometry":{"type":"Polygon","coordinates":[[[-0.17326,43.67312],[-0.1697,43.67887],[-0.17442,43.68144],[-0.17845,43.67912],[-0.19193,43.68271],[-0.1919,43.68094],[-0.1969,43.68124],[-0.20115,43.67777],[-0.20458,43.6776],[-0.2009,43.67017],[-0.19745,43.66927],[-0.1849,43.67165],[-0.18033,43.66861],[-0.17326,43.67312]]]},"properties":{"code_territoire":"iris321450000","libelle_territoire":"Gée-Rivière (commune non irisée)"}},
{"type":"Feature","geometry":{"type":"Polygon","coordinates":[[[0.75646,44.0414],[0.75941,44.05068],[0.75326,44.05521],[0.75185,44.06663],[0.74189,44.06522],[0.73886,44.06096],[0.7329,44.06244],[0.71678,44.05735],[0.7077,44.0584],[0.70062,44.05356],[0.69562,44.04389],[0.69366,44.04627],[0.68585,44.04624],[0.6789,44.03611],[0.6796,44.02949],[0.68335,44.03003],[0.68743,44.02777],[0.68447,44.02406],[0.68883,44.02067],[0.6884,44.01743],[0.69689,44.01097],[0.70381,44.01043],[0.72384,44.01222],[0.73296,44.01114],[0.73258,44.01794],[0.74019,44.02522],[0.73896,44.02812],[0.74306,44.02939],[0.74347,44.03246],[0.74725,44.0348],[0.74608,44.03878],[0.75646,44.0414]]]},"properties":{"code_territoire":"iris321460000","libelle_territoire":"Gimbrède (commune non irisée)"}},
{"type":"Feature","geometry":{"type":"Polygon","coordinates":[[[0.94528,43.62471],[0.94123,43.62282],[0.9273,43.62396],[0.92411,43.62586],[0.9149,43.62409],[0.90272,43.62655],[0.91425,43.64406],[0.90404,43.64675],[0.90195,43.64325],[0.89151,43.6388],[0.89358,43.63737],[0.88979,43.63264],[0.87959,43.63705],[0.87655,43.6353],[0.86468,43.63865],[0.84065,43.64115],[0.82709,43.64053],[0.81776,43.63506],[0.82197,43.63364],[0.82016,43.63228],[0.82667,43.62688],[0.8467,43.61666],[0.85863,43.61595],[0.85772,43.60982],[0.86301,43.60617],[0.87052,43.60442],[0.87001,43.59929],[0.88064,43.59585],[0.88162,43.59008],[0.88432,43.58829],[0.88749,43.59117],[0.89359,43.59105],[0.89479,43.59355],[0.89891,43.59368],[0.89706,43.59601],[0.90363,43.60219],[0.91269,43.60251],[0.91572,43.60459],[0.91687,43.60904],[0.92039,43.61071],[0.91522,43.61471],[0.92145,43.61582],[0.92337,43.61927],[0.94316,43.61362],[0.94108,43.61779],[0.94528,43.62471]]]},"properties":{"code_territoire":"iris321470000","libelle_territoire":"Gimont (commune non irisée)"}},
{"type":"Feature","geometry":{"type":"Polygon","coordinates":[[[0.93024,43.59653],[0.94375,43.59364],[0.94487,43.59857],[0.94839,43.59968],[0.95398,43.61042],[0.94316,43.61362],[0.92337,43.61927],[0.92145,43.61582],[0.91522,43.61471],[0.92039,43.61071],[0.91687,43.60904],[0.91572,43.60459],[0.92292,43.59957],[0.92691,43.60129],[0.93024,43.59653]]]},"properties":{"code_territoire":"iris321480000","libelle_territoire":"Giscaro (commune non irisée)"}},
{"type":"Feature","geometry":{"type":"Polygon","coordinates":[[[0.30803,43.86876],[0.30914,43.87469],[0.29183,43.88545],[0.2806,43.8823],[0.27213,43.88333],[0.27727,43.88696],[0.28505,43.88461],[0.2977,43.8895],[0.29289,43.89721],[0.29286,43.90182],[0.28311,43.90203],[0.27663,43.89896],[0.27444,43.90359],[0.28309,43.90346],[0.28419,43.90524],[0.28209,43.90597],[0.26027,43.90782],[0.2538,43.90524],[0.25144,43.90821],[0.24469,43.90862],[0.24493,43.91195],[0.23924,43.91238],[0.23133,43.90595],[0.23247,43.90307],[0.22348,43.89932],[0.22473,43.89611],[0.22084,43.89297],[0.22558,43.88788],[0.22991,43.88964],[0.23084,43.8867],[0.22594,43.88592],[0.22603,43.88169],[0.21479,43.87598],[0.21794,43.87136],[0.20206,43.86278],[0.19588,43.86174],[0.1912,43.86468],[0.1868,43.86091],[0.18589,43.85736],[0.19558,43.85544],[0.21851,43.86278],[0.22136,43.86454],[0.22057,43.86657],[0.22603,43.86866],[0.23453,43.8665],[0.23929,43.87043],[0.25,43.8682],[0.2585,43.86387],[0.25714,43.85803],[0.25323,43.85581],[0.2568,43.85071],[0.26245,43.84922],[0.26401,43.84305],[0.27347,43.84539],[0.27657,43.84609],[0.27728,43.8517],[0.28503,43.85287],[0.28445,43.8572],[0.29082,43.85598],[0.29751,43.85856],[0.30348,43.85816],[0.30817,43.85468],[0.31134,43.85604],[0.31154,43.85632],[0.31106,43.85998],[0.30277,43.86574],[0.30803,43.86876]]]},"properties":{"code_territoire":"iris321490000","libelle_territoire":"Gondrin (commune non irisée)"}},
{"type":"Feature","geometry":{"type":"Polygon","coordinates":[[[0.14457,43.70171],[0.13887,43.71216],[0.11146,43.70844],[0.10865,43.7054],[0.10151,43.70831],[0.09675,43.70735],[0.09007,43.71165],[0.08823,43.72504],[0.07856,43.73241],[0.05491,43.73886],[0.05201,43.72804],[0.07013,43.72151],[0.06789,43.70759],[0.07009,43.70478],[0.06454,43.7001],[0.06266,43.69293],[0.0544,43.69425],[0.05296,43.6926],[0.04786,43.69386],[0.04825,43.69564],[0.04189,43.69646],[0.03759,43.69349],[0.04478,43.68627],[0.05971,43.67977],[0.06133,43.67504],[0.05675,43.67358],[0.05982,43.66868],[0.05647,43.66174],[0.06411,43.65942],[0.07044,43.66007],[0.08039,43.668],[0.09142,43.66994],[0.09981,43.66244],[0.10298,43.66026],[0.113,43.6592],[0.11058,43.66403],[0.11251,43.67228],[0.10576,43.6784],[0.11031,43.679],[0.11024,43.68353],[0.12034,43.68541],[0.13044,43.69681],[0.14457,43.70171]]]},"properties":{"code_territoire":"iris320010000","libelle_territoire":"Aignan (commune non irisée)"}},
{"type":"Feature","geometry":{"type":"Polygon","coordinates":[[[0.75613,43.69482],[0.76632,43.68612],[0.76316,43.68436],[0.77532,43.67526],[0.7882,43.66998],[0.79283,43.67021],[0.78831,43.6761],[0.7895,43.67984],[0.8057,43.67744],[0.81692,43.6842],[0.7981,43.68715],[0.78972,43.69071],[0.77501,43.70213],[0.77162,43.70237],[0.76969,43.70031],[0.76411,43.70152],[0.76148,43.69893],[0.75166,43.69971],[0.75613,43.69482]]]},"properties":{"code_territoire":"iris320020000","libelle_territoire":"Ansan (commune non irisée)"}},
{"type":"Feature","geometry":{"type":"Polygon","coordinates":[[[0.47619,43.73094],[0.47275,43.73302],[0.45112,43.7373],[0.44957,43.73623],[0.44367,43.73864],[0.42743,43.73596],[0.42092,43.74149],[0.41674,43.73889],[0.41809,43.73173],[0.41822,43.72936],[0.42306,43.72834],[0.42677,43.72402],[0.42578,43.72185],[0.43183,43.72003],[0.43008,43.72194],[0.43555,43.72485],[0.43853,43.72048],[0.44161,43.72191],[0.44512,43.71933],[0.46249,43.72409],[0.46834,43.7239],[0.47619,43.73094]]]},"properties":{"code_territoire":"iris320030000","libelle_territoire":"Antras (commune non irisée)"}},
{"type":"Feature","geometry":{"type":"Polygon","coordinates":[[[-0.1656,43.72197],[-0.1727,43.71476],[-0.17987,43.71117],[-0.19307,43.70895],[-0.1936,43.70719],[-0.19883,43.70794],[-0.20209,43.69835],[-0.17721,43.69646],[-0.17093,43.68788],[-0.16786,43.69119],[-0.15769,43.69504],[-0.15804,43.70748],[-0.14945,43.71712],[-0.15847,43.72194],[-0.1656,43.72197]]]},"properties":{"code_territoire":"iris320040000","libelle_territoire":"Arblade-le-Bas (commune non irisée)"}},
{"type":"Feature","geometry":{"type":"Polygon","coordinates":[[[0.753,43.80051],[0.7523,43.80611],[0.74408,43.8184],[0.74361,43.82689],[0.73429,43.8243],[0.71578,43.82782],[0.71625,43.82536],[0.71195,43.82233],[0.72093,43.8209],[0.72321,43.81859],[0.72266,43.81517],[0.71962,43.81513],[0.71288,43.80933],[0.711,43.80311],[0.718,43.79871],[0.72491,43.79819],[0.72533,43.79211],[0.7254,43.79188],[0.73497,43.78875],[0.73441,43.79311],[0.73646,43.79313],[0.7401,43.80052],[0.74444,43.79893],[0.75298,43.8001],[0.753,43.80051]]]},"properties":{"code_territoire":"iris321500000","libelle_territoire":"Goutz (commune non irisée)"}},
{"type":"Feature","geometry":{"type":"Polygon","coordinates":[[[-0.00363,43.6217],[-0.0077,43.62709],[-0.02347,43.62711],[-0.03408,43.62354],[-0.04048,43.62485],[-0.03931,43.61598],[-0.03383,43.6075],[-0.03319,43.60407],[-0.02559,43.60661],[-0.02061,43.60408],[-0.01501,43.60553],[-0.01156,43.6133],[-0.00708,43.61332],[-0.0083,43.61704],[-0.00528,43.61793],[-0.00363,43.6217]]]},"properties":{"code_territoire":"iris321510000","libelle_territoire":"Goux (commune non irisée)"}},
{"type":"Feature","geometry":{"type":"Polygon","coordinates":[[[0.1738,43.40277],[0.17634,43.40545],[0.17491,43.40827],[0.1879,43.41927],[0.1902,43.42079],[0.18182,43.42227],[0.18007,43.41951],[0.18086,43.4266],[0.17578,43.42835],[0.17637,43.43163],[0.17371,43.43406],[0.15451,43.42212],[0.14787,43.42366],[0.14826,43.42632],[0.14146,43.42327],[0.14121,43.42503],[0.1466,43.42775],[0.14542,43.43158],[0.13783,43.43312],[0.13216,43.42402],[0.13934,43.42109],[0.14615,43.41324],[0.14794,43.40543],[0.15195,43.4044],[0.15311,43.3994],[0.16664,43.39979],[0.1738,43.40277]]]},"properties":{"code_territoire":"iris321520000","libelle_territoire":"Haget (commune non irisée)"}},
{"type":"Feature","geometry":{"type":"Polygon","coordinates":[[[0.66434,43.54305],[0.688,43.53746],[0.69328,43.54644],[0.68853,43.54815],[0.68073,43.55683],[0.68539,43.5567],[0.68699,43.55874],[0.67903,43.56319],[0.67984,43.56691],[0.67222,43.57067],[0.6746,43.57279],[0.66448,43.57647],[0.66096,43.57074],[0.64454,43.56895],[0.64555,43.56378],[0.64763,43.55136],[0.64583,43.54487],[0.66434,43.54305]]]},"properties":{"code_territoire":"iris321530000","libelle_territoire":"Haulies (commune non irisée)"}},
{"type":"Feature","geometry":{"type":"Polygon","coordinates":[[[-0.07695,43.73077],[-0.0641,43.72474],[-0.05302,43.72232],[-0.04724,43.71778],[-0.04318,43.71898],[-0.03215,43.72827],[-0.03952,43.73508],[-0.0362,43.74172],[-0.03913,43.74587],[-0.0472,43.74568],[-0.04832,43.74926],[-0.05725,43.74977],[-0.06563,43.75949],[-0.07205,43.76329],[-0.08692,43.76532],[-0.08517,43.75647],[-0.09989,43.75667],[-0.08598,43.75072],[-0.08626,43.74932],[-0.07193,43.74585],[-0.07458,43.73862],[-0.08566,43.73679],[-0.07695,43.73077]]]},"properties":{"code_territoire":"iris320050000","libelle_territoire":"Arblade-le-Haut (commune non irisée)"}},
{"type":"Feature","geometry":{"type":"Polygon","coordinates":[[[0.98567,43.74392],[0.98293,43.74644],[0.98412,43.74452],[0.97955,43.73734],[0.97496,43.73754],[0.9707,43.73198],[0.97359,43.72879],[0.98913,43.72582],[0.99075,43.71927],[0.98793,43.7142],[0.99066,43.7108],[0.99809,43.70778],[1.00824,43.70595],[1.0121,43.7112],[1.02022,43.70948],[1.02468,43.71302],[1.02051,43.7192],[1.02368,43.72252],[1.00626,43.72938],[1.00342,43.73394],[0.99626,43.73536],[0.98567,43.74392]]]},"properties":{"code_territoire":"iris320070000","libelle_territoire":"Ardizas (commune non irisée)"}},
{"type":"Feature","geometry":{"type":"Polygon","coordinates":[[[0.11118,43.53212],[0.1089,43.53363],[0.10185,43.53104],[0.08829,43.53095],[0.0808,43.52435],[0.08184,43.51741],[0.08967,43.51039],[0.10129,43.51092],[0.10008,43.51359],[0.11226,43.51748],[0.11228,43.52747],[0.11118,43.53212]]]},"properties":{"code_territoire":"iris320080000","libelle_territoire":"Armentieux (commune non irisée)"}},
{"type":"Feature","geometry":{"type":"Polygon","coordinates":[[[0.21204,43.57189],[0.20839,43.57465],[0.20763,43.5787],[0.21552,43.58467],[0.21135,43.58728],[0.20502,43.58506],[0.20169,43.58837],[0.19113,43.58871],[0.18788,43.58531],[0.1819,43.58832],[0.17717,43.57924],[0.1678,43.57935],[0.16643,43.58119],[0.16108,43.57984],[0.16363,43.57493],[0.16817,43.57512],[0.17047,43.57211],[0.17007,43.56818],[0.16525,43.56369],[0.1671,43.5542],[0.18305,43.55262],[0.17862,43.55427],[0.18537,43.55771],[0.18983,43.56582],[0.20423,43.56816],[0.20995,43.57089],[0.2134,43.56937],[0.21204,43.57189]]]},"properties":{"code_territoire":"iris320090000","libelle_territoire":"Armous-et-Cau (commune non irisée)"}},
{"type":"Feature","geometry":{"type":"Polygon","coordinates":[[[0.59119,43.37211],[0.58748,43.37352],[0.57754,43.37272],[0.57394,43.3717],[0.573,43.36829],[0.56755,43.36653],[0.56176,43.35757],[0.56408,43.3534],[0.57516,43.35161],[0.58413,43.34652],[0.59366,43.34698],[0.59542,43.34971],[0.59182,43.35153],[0.5932,43.35522],[0.60442,43.35643],[0.60528,43.35986],[0.59894,43.35907],[0.59761,43.36349],[0.59826,43.36566],[0.60335,43.36476],[0.60298,43.36818],[0.59119,43.37211]]]},"properties":{"code_territoire":"iris320100000","libelle_territoire":"Arrouède (commune non irisée)"}},
{"type":"Feature","geometry":{"type":"Polygon","coordinates":[[[0.72338,43.66992],[0.72847,43.66261],[0.73581,43.66342],[0.74679,43.65769],[0.73636,43.65469],[0.74586,43.65066],[0.7436,43.6501],[0.74454,43.64666],[0.75187,43.63775],[0.76027,43.63672],[0.76314,43.63021],[0.77066,43.62964],[0.77386,43.62624],[0.77975,43.6252],[0.77995,43.62828],[0.79414,43.63256],[0.79437,43.62542],[0.80429,43.62134],[0.80694,43.62292],[0.81011,43.62104],[0.81787,43.62082],[0.82667,43.62688],[0.82016,43.63228],[0.82197,43.63364],[0.81776,43.63506],[0.82709,43.64053],[0.84065,43.64115],[0.83625,43.64413],[0.84147,43.65784],[0.84276,43.65991],[0.83514,43.6628],[0.83267,43.66914],[0.82125,43.67898],[0.82149,43.67477],[0.81608,43.66441],[0.81352,43.66572],[0.8116,43.66315],[0.80692,43.66678],[0.79711,43.66908],[0.79617,43.6716],[0.79283,43.67021],[0.7882,43.66998],[0.77532,43.67526],[0.77058,43.67591],[0.76089,43.68218],[0.75282,43.67957],[0.7383,43.68231],[0.72914,43.67928],[0.71994,43.67984],[0.71913,43.67558],[0.72372,43.67316],[0.72338,43.66992]]]},"properties":{"code_territoire":"iris320120000","libelle_territoire":"Aubiet (commune non irisée)"}},
{"type":"Feature","geometry":{"type":"Polygon","coordinates":[[[0.81113,43.8104],[0.82035,43.81084],[0.82952,43.80824],[0.831,43.81038],[0.84575,43.81494],[0.84521,43.80948],[0.85053,43.80536],[0.84975,43.80376],[0.85154,43.80478],[0.85422,43.80073],[0.85684,43.80094],[0.85909,43.79413],[0.86982,43.79274],[0.87056,43.79508],[0.86494,43.79652],[0.8653,43.79846],[0.87544,43.79824],[0.87682,43.80845],[0.87009,43.81283],[0.87536,43.82011],[0.85785,43.82472],[0.85555,43.82178],[0.85192,43.82214],[0.84905,43.81993],[0.84577,43.82438],[0.83789,43.82175],[0.83692,43.82443],[0.83053,43.828],[0.82033,43.82174],[0.82281,43.81973],[0.82185,43.81399],[0.81275,43.81418],[0.81113,43.8104]]]},"properties":{"code_territoire":"iris321540000","libelle_territoire":"Homps (commune non irisée)"}},
{"type":"Feature","geometry":{"type":"Polygon","coordinates":[[[-0.19397,43.73695],[-0.17622,43.73339],[-0.17338,43.74098],[-0.16635,43.74104],[-0.14612,43.74463],[-0.14503,43.74998],[-0.14147,43.74989],[-0.14014,43.75303],[-0.1422,43.76281],[-0.15108,43.76462],[-0.15157,43.76716],[-0.1596,43.77074],[-0.15858,43.77275],[-0.16297,43.77486],[-0.15949,43.77859],[-0.16114,43.78488],[-0.169,43.78775],[-0.17215,43.79235],[-0.17242,43.79954],[-0.1931,43.79747],[-0.20994,43.80313],[-0.21379,43.80815],[-0.2125,43.80922],[-0.21585,43.81258],[-0.21733,43.80997],[-0.22715,43.80861],[-0.22347,43.80064],[-0.21749,43.7984],[-0.22279,43.78902],[-0.21468,43.78307],[-0.21264,43.77892],[-0.21689,43.76997],[-0.2117,43.76809],[-0.21047,43.7617],[-0.20643,43.75925],[-0.20722,43.75623],[-0.21762,43.75422],[-0.2185,43.75042],[-0.19755,43.7477],[-0.19397,43.73695]]]},"properties":{"code_territoire":"iris321550000","libelle_territoire":"Le Houga (commune non irisée)"}},
{"type":"Feature","geometry":{"type":"Polygon","coordinates":[[[0.58741,43.64359],[0.59531,43.64109],[0.59597,43.6491],[0.58966,43.64896],[0.58752,43.64486],[0.58741,43.64359]]]},"properties":{"code_territoire":"iris320130101","libelle_territoire":"Centre Basse Ville"}},
{"type":"Feature","geometry":{"type":"Polygon","coordinates":[[[0.58966,43.64896],[0.58683,43.65013],[0.58021,43.6489],[0.5823,43.64515],[0.58701,43.64368],[0.58752,43.64486],[0.58966,43.64896]]]},"properties":{"code_territoire":"iris320130102","libelle_territoire":"Centre Haute Ville"}},
{"type":"Feature","geometry":{"type":"Polygon","coordinates":[[[0.58752,43.64486],[0.58701,43.64368],[0.5823,43.64515],[0.58021,43.6489],[0.57705,43.65081],[0.56655,43.65114],[0.56283,43.64756],[0.56443,43.64582],[0.57382,43.64495],[0.57311,43.64293],[0.57848,43.6411],[0.57236,43.6389],[0.57677,43.63479],[0.58266,43.63392],[0.58285,43.63066],[0.58688,43.63337],[0.58935,43.63793],[0.58741,43.64359],[0.58752,43.64486]]]},"properties":{"code_territoire":"iris320130201","libelle_territoire":"Faubourg Sud-Ouest"}},
{"type":"Feature","geometry":{"type":"Polygon","coordinates":[[[0.56101,43.66002],[0.55959,43.65727],[0.57705,43.65081],[0.58021,43.6489],[0.58683,43.65013],[0.58948,43.65085],[0.59176,43.65883],[0.58724,43.66574],[0.57412,43.66967],[0.574,43.66347],[0.56734,43.66018],[0.5685,43.65924],[0.56101,43.66002]]]},"properties":{"code_territoire":"iris320130202","libelle_territoire":"Faubourg Nord-Ouest"}},
{"type":"Feature","geometry":{"type":"Polygon","coordinates":[[[0.60149,43.66554],[0.59959,43.66364],[0.59303,43.6647],[0.59176,43.65883],[0.58948,43.65085],[0.58683,43.65013],[0.58966,43.64896],[0.59597,43.6491],[0.59709,43.64968],[0.60132,43.66412],[0.60149,43.66554]]]},"properties":{"code_territoire":"iris320130203","libelle_territoire":"Faubourg Nord"}},
{"type":"Feature","geometry":{"type":"Polygon","coordinates":[[[0.59576,43.64083],[0.60086,43.63853],[0.60522,43.6406],[0.60209,43.64396],[0.61026,43.64601],[0.61891,43.64504],[0.62222,43.6506],[0.61771,43.65169],[0.61006,43.65411],[0.60643,43.65231],[0.60198,43.65397],[0.59709,43.64968],[0.59597,43.6491],[0.59531,43.64109],[0.59576,43.64083]]]},"properties":{"code_territoire":"iris320130204","libelle_territoire":"Faubourg Ouest"}},
{"type":"Feature","geometry":{"type":"Polygon","coordinates":[[[0.59077,43.63619],[0.59341,43.63606],[0.59504,43.63334],[0.59837,43.63281],[0.60086,43.63853],[0.59576,43.64083],[0.59077,43.63619]]]},"properties":{"code_territoire":"iris320130301","libelle_territoire":"La Hourre"}},
{"type":"Feature","geometry":{"type":"Polygon","coordinates":[[[0.59504,43.63334],[0.59341,43.63606],[0.59077,43.63619],[0.58922,43.63324],[0.59504,43.63334]]]},"properties":{"code_territoire":"iris320130302","libelle_territoire":"Garros"}},
{"type":"Feature","geometry":{"type":"Polygon","coordinates":[[[0.62487,43.62661],[0.60086,43.63853],[0.59837,43.63281],[0.59504,43.63334],[0.58922,43.63324],[0.59077,43.63619],[0.59576,43.64083],[0.59531,43.64109],[0.58741,43.64359],[0.58935,43.63793],[0.58688,43.63337],[0.58285,43.63066],[0.58266,43.63392],[0.57677,43.63479],[0.56992,43.6256],[0.57596,43.62352],[0.57687,43.62522],[0.5771,43.62295],[0.57983,43.62305],[0.58092,43.61891],[0.58442,43.61742],[0.59826,43.62184],[0.60328,43.62223],[0.60534,43.62056],[0.60888,43.62557],[0.61597,43.62706],[0.62342,43.62512],[0.62487,43.62661]]]},"properties":{"code_territoire":"iris320130401","libelle_territoire":"Zone d'Activités Sud"}},
{"type":"Feature","geometry":{"type":"MultiPolygon","coordinates":[[[[0.60132,43.66412],[0.59709,43.64968],[0.60198,43.65397],[0.60643,43.65231],[0.61006,43.65411],[0.61771,43.65169],[0.6208,43.65175],[0.62919,43.65798],[0.62264,43.66367],[0.6146,43.66668],[0.60132,43.66412]]],[[[0.58519,43.67261],[0.58724,43.66574],[0.59176,43.65883],[0.59303,43.6647],[0.59959,43.66364],[0.60149,43.66554],[0.60475,43.69028],[0.61727,43.70441],[0.61427,43.7077],[0.6039,43.70597],[0.6036,43.70379],[0.60687,43.70347],[0.60905,43.70057],[0.60093,43.69612],[0.59892,43.69411],[0.59716,43.67354],[0.58519,43.67261]]]]},"properties":{"code_territoire":"iris320130501","libelle_territoire":"Zone d'Activités Quartier Nord-Est"}},
{"type":"Feature","geometry":{"type":"Polygon","coordinates":[[[0.43758,43.52929],[0.4404,43.52541],[0.44092,43.51751],[0.43474,43.51332],[0.4338,43.5086],[0.43387,43.50526],[0.43738,43.50421],[0.44499,43.50452],[0.44983,43.50157],[0.45945,43.50047],[0.46259,43.50065],[0.46278,43.50497],[0.46918,43.50563],[0.46807,43.50298],[0.47487,43.49926],[0.48093,43.49797],[0.48547,43.4992],[0.48831,43.50562],[0.49542,43.50522],[0.49891,43.51066],[0.50694,43.51141],[0.50395,43.51404],[0.48292,43.52175],[0.47731,43.52344],[0.47488,43.52129],[0.47111,43.52153],[0.46466,43.52352],[0.46611,43.526],[0.45918,43.5332],[0.46027,43.53569],[0.44764,43.53483],[0.44512,43.53118],[0.43758,43.52929]]]},"properties":{"code_territoire":"iris321560000","libelle_territoire":"Idrac-Respaillès (commune non irisée)"}},
{"type":"Feature","geometry":{"type":"Polygon","coordinates":[[[0.77386,43.62624],[0.77424,43.62356],[0.76413,43.61408],[0.76456,43.60985],[0.76223,43.60811],[0.76981,43.6044],[0.79049,43.60081],[0.7905,43.60583],[0.79641,43.61227],[0.80125,43.61284],[0.80249,43.61719],[0.81011,43.62104],[0.80694,43.62292],[0.80429,43.62134],[0.79437,43.62542],[0.79414,43.63256],[0.77995,43.62828],[0.77975,43.6252],[0.77386,43.62624]]]},"properties":{"code_territoire":"iris321570000","libelle_territoire":"L'Isle-Arné (commune non irisée)"}},
{"type":"Feature","geometry":{"type":"Polygon","coordinates":[[[0.76074,43.93893],[0.7336,43.9373],[0.72994,43.9382],[0.72792,43.94143],[0.71912,43.94044],[0.71899,43.94621],[0.71345,43.94768],[0.70879,43.94642],[0.70885,43.93375],[0.70587,43.9244],[0.71068,43.91074],[0.72999,43.90484],[0.74623,43.90338],[0.75064,43.90956],[0.76093,43.91633],[0.76118,43.91904],[0.76948,43.92073],[0.76994,43.92219],[0.77028,43.92527],[0.76356,43.92781],[0.76547,43.92895],[0.76288,43.92997],[0.76074,43.93893]]]},"properties":{"code_territoire":"iris321580000","libelle_territoire":"L'Isle-Bouzon (commune non irisée)"}},
{"type":"Feature","geometry":{"type":"Polygon","coordinates":[[[0.42977,43.56204],[0.43573,43.56372],[0.4323,43.56586],[0.43763,43.5697],[0.4375,43.57286],[0.46965,43.57603],[0.47137,43.5791],[0.48446,43.58072],[0.48866,43.58924],[0.47654,43.58391],[0.46906,43.58586],[0.46537,43.58422],[0.45216,43.58987],[0.44804,43.58877],[0.44095,43.59106],[0.43122,43.59938],[0.41261,43.59741],[0.40986,43.60034],[0.40451,43.59987],[0.40505,43.60616],[0.39591,43.61347],[0.39594,43.61131],[0.38785,43.61076],[0.38317,43.60829],[0.37457,43.60894],[0.37202,43.60665],[0.37295,43.60112],[0.36806,43.60107],[0.37454,43.59041],[0.38294,43.58614],[0.38425,43.58219],[0.38085,43.58059],[0.38079,43.57456],[0.38426,43.57035],[0.38326,43.56856],[0.38982,43.56432],[0.39996,43.56339],[0.40556,43.55983],[0.4094,43.5616],[0.40784,43.56372],[0.41222,43.56785],[0.42977,43.56204]]]},"properties":{"code_territoire":"iris321590000","libelle_territoire":"L'Isle-de-Noé (commune non irisée)"}},
{"type":"Feature","geometry":{"type":"MultiPolygon","coordinates":[[[[0.56101,43.66002],[0.54928,43.66286],[0.54733,43.67054],[0.54091,43.67107],[0.54157,43.67387],[0.53763,43.67632],[0.53042,43.67435],[0.53158,43.6683],[0.51579,43.67642],[0.52553,43.65741],[0.51925,43.65604],[0.51293,43.65887],[0.50647,43.65378],[0.49923,43.65627],[0.49416,43.6522],[0.48818,43.63895],[0.49291,43.63384],[0.48644,43.62924],[0.49625,43.62281],[0.49966,43.62258],[0.52507,43.62563],[0.52581,43.62387],[0.52891,43.62564],[0.53709,43.62302],[0.53577,43.61993],[0.55071,43.61761],[0.56431,43.62135],[0.57675,43.61861],[0.5771,43.62295],[0.57687,43.62522],[0.57596,43.62352],[0.56992,43.6256],[0.57677,43.63479],[0.57236,43.6389],[0.57848,43.6411],[0.57311,43.64293],[0.57382,43.64495],[0.56443,43.64582],[0.56283,43.64756],[0.56655,43.65114],[0.57705,43.65081],[0.55959,43.65727],[0.56101,43.66002]]],[[[0.61892,43.70492],[0.61727,43.70441],[0.60475,43.69028],[0.60149,43.66554],[0.60132,43.66412],[0.6146,43.66668],[0.62264,43.66367],[0.62919,43.65798],[0.6208,43.65175],[0.61771,43.65169],[0.62222,43.6506],[0.61891,43.64504],[0.61026,43.64601],[0.60209,43.64396],[0.60522,43.6406],[0.60086,43.63853],[0.62487,43.62661],[0.64159,43.62768],[0.64138,43.63494],[0.63905,43.65448],[0.63399,43.65718],[0.63914,43.65645],[0.64702,43.65862],[0.64313,43.66614],[0.64074,43.66492],[0.6409,43.66698],[0.63581,43.669],[0.63747,43.67162],[0.63316,43.67281],[0.63542,43.67623],[0.6247,43.67746],[0.62091,43.67972],[0.62169,43.6813],[0.61815,43.68129],[0.62062,43.68911],[0.61892,43.70492]]],[[[0.55912,43.68502],[0.56609,43.67982],[0.58344,43.67755],[0.58569,43.67633],[0.58519,43.67261],[0.59716,43.67354],[0.59892,43.69411],[0.60093,43.69612],[0.59321,43.69868],[0.58095,43.69862],[0.57262,43.70317],[0.56658,43.69872],[0.56313,43.70001],[0.56098,43.69803],[0.55888,43.69977],[0.55709,43.69604],[0.56456,43.69457],[0.56803,43.6887],[0.56259,43.68907],[0.55912,43.68502]]]]},"properties":{"code_territoire":"iris320130601","libelle_territoire":"Auch Rural"}},
{"type":"Feature","geometry":{"type":"Polygon","coordinates":[[[1.13376,43.58139],[1.12782,43.58409],[1.12521,43.59285],[1.11272,43.59631],[1.10728,43.60119],[1.09608,43.60306],[1.09358,43.60623],[1.09566,43.60793],[1.09246,43.60987],[1.09389,43.61215],[1.08184,43.614],[1.07107,43.60741],[1.0647,43.59723],[1.04755,43.58362],[1.05926,43.57511],[1.06735,43.57743],[1.07827,43.56903],[1.08561,43.56672],[1.09154,43.57147],[1.09195,43.57477],[1.09455,43.57717],[1.09234,43.58067],[1.09501,43.58108],[1.10314,43.57557],[1.11011,43.57498],[1.12864,43.5681],[1.12566,43.57725],[1.12969,43.5817],[1.1342,43.58099],[1.13376,43.58139]]]},"properties":{"code_territoire":"iris321600101","libelle_territoire":"Hesteil"}},
{"type":"Feature","geometry":{"type":"Polygon","coordinates":[[[1.1427,43.62147],[1.14149,43.61852],[1.13815,43.61841],[1.13568,43.6157],[1.1191,43.62213],[1.1179,43.63424],[1.1155,43.6369],[1.11304,43.63818],[1.11196,43.637],[1.10766,43.64056],[1.09699,43.64128],[1.08775,43.64513],[1.09452,43.65499],[1.09657,43.65395],[1.09909,43.65536],[1.10148,43.66063],[1.09489,43.66515],[1.07487,43.66179],[1.06306,43.65964],[1.04703,43.66356],[1.04917,43.65839],[1.04386,43.65879],[1.04373,43.65515],[1.04159,43.65454],[1.03583,43.65503],[1.03023,43.64841],[1.03959,43.64066],[1.03827,43.63652],[1.00627,43.63486],[1.03642,43.61992],[1.03266,43.6178],[1.03599,43.61388],[1.03434,43.61102],[1.02426,43.60464],[1.02222,43.60123],[1.02874,43.59449],[1.04135,43.59038],[1.04699,43.58896],[1.04755,43.58362],[1.0647,43.59723],[1.07107,43.60741],[1.08184,43.614],[1.09389,43.61215],[1.09246,43.60987],[1.09566,43.60793],[1.09358,43.60623],[1.09608,43.60306],[1.10728,43.60119],[1.11272,43.59631],[1.12521,43.59285],[1.12782,43.58409],[1.13376,43.58139],[1.13256,43.58577],[1.13742,43.58987],[1.14143,43.60369],[1.14842,43.60415],[1.15386,43.60196],[1.15888,43.60538],[1.1488,43.61791],[1.1427,43.62147]]]},"properties":{"code_territoire":"iris321600102","libelle_territoire":"Casse Martin"}},
{"type":"Feature","geometry":{"type":"Polygon","coordinates":[[[0.78503,43.71833],[0.78206,43.72232],[0.79539,43.73054],[0.79383,43.73528],[0.78553,43.7335],[0.77366,43.7274],[0.76988,43.72709],[0.76649,43.73147],[0.76441,43.72848],[0.75472,43.72768],[0.75485,43.72165],[0.76073,43.71562],[0.76744,43.71384],[0.78503,43.71833]]]},"properties":{"code_territoire":"iris320140000","libelle_territoire":"Augnax (commune non irisée)"}},
{"type":"Feature","geometry":{"type":"Polygon","coordinates":[[[0.49058,43.38833],[0.48899,43.3852],[0.47744,43.38725],[0.47793,43.38346],[0.4877,43.38193],[0.48492,43.36964],[0.48536,43.36467],[0.49009,43.35972],[0.5018,43.35534],[0.50695,43.36685],[0.51709,43.36701],[0.51778,43.36849],[0.52508,43.37198],[0.52401,43.37938],[0.51887,43.37898],[0.51195,43.3829],[0.51129,43.38552],[0.51495,43.38664],[0.51036,43.39032],[0.51203,43.39421],[0.49726,43.39187],[0.49058,43.38833]]]},"properties":{"code_territoire":"iris320150000","libelle_territoire":"Aujan-Mournède (commune non irisée)"}},
{"type":"Feature","geometry":{"type":"Polygon","coordinates":[[[-0.02911,43.65345],[-0.02242,43.65098],[-0.01641,43.64357],[-0.00344,43.65321],[-0.00119,43.65549],[-0.00329,43.65927],[-0.01016,43.65836],[-0.01537,43.65994],[-0.01834,43.66355],[-0.02792,43.66171],[-0.03326,43.66464],[-0.03813,43.66441],[-0.0301,43.66032],[-0.03176,43.65649],[-0.02911,43.65345]]]},"properties":{"code_territoire":"iris321610000","libelle_territoire":"Izotges (commune non irisée)"}},
{"type":"Feature","geometry":{"type":"Polygon","coordinates":[[[0.41809,43.73173],[0.41674,43.73889],[0.42092,43.74149],[0.42743,43.73596],[0.44367,43.73864],[0.44957,43.73623],[0.45112,43.7373],[0.47275,43.73302],[0.47619,43.73094],[0.49132,43.7334],[0.49091,43.73612],[0.49951,43.73475],[0.50058,43.73868],[0.49564,43.7432],[0.49712,43.74645],[0.49476,43.75216],[0.49155,43.75314],[0.49201,43.7569],[0.48727,43.75944],[0.48574,43.76486],[0.47908,43.76639],[0.48442,43.7796],[0.48308,43.78649],[0.48846,43.7888],[0.48412,43.79298],[0.47779,43.7935],[0.47732,43.79645],[0.47109,43.79721],[0.47253,43.78755],[0.45942,43.78677],[0.45261,43.78353],[0.4446,43.78635],[0.44429,43.78064],[0.44165,43.77839],[0.43018,43.77958],[0.42914,43.77379],[0.42266,43.7749],[0.42114,43.76294],[0.41438,43.76335],[0.40792,43.7613],[0.38653,43.76629],[0.38795,43.7648],[0.38201,43.76064],[0.37479,43.75674],[0.37526,43.75294],[0.38201,43.74573],[0.40016,43.74176],[0.39889,43.7354],[0.40272,43.7321],[0.40849,43.73021],[0.41809,43.73173]]]},"properties":{"code_territoire":"iris321620000","libelle_territoire":"Jegun (commune non irisée)"}},
{"type":"Feature","geometry":{"type":"Polygon","coordinates":[[[0.02835,43.59227],[0.02219,43.59146],[0.02203,43.58999],[0.01647,43.58917],[0.01417,43.5936],[0.01093,43.59336],[0.00732,43.59617],[-0.00154,43.59247],[-0.00658,43.59282],[-0.00362,43.58611],[-0.00459,43.57832],[-0.00044,43.57521],[-0.00288,43.56624],[0.0011,43.56254],[0.00769,43.56157],[0.00984,43.55811],[0.01103,43.55971],[0.02588,43.56226],[0.02792,43.55674],[0.03282,43.55613],[0.03278,43.55768],[0.0395,43.55898],[0.03369,43.56245],[0.03618,43.56668],[0.02766,43.57446],[0.02922,43.57659],[0.03139,43.58805],[0.02835,43.59227]]]},"properties":{"code_territoire":"iris321630000","libelle_territoire":"Jû-Belloc (commune non irisée)"}},
{"type":"Feature","geometry":{"type":"Polygon","coordinates":[[[1.05062,43.54105],[1.05941,43.53892],[1.06211,43.54074],[1.06713,43.53987],[1.07139,43.54643],[1.08773,43.54707],[1.09735,43.5375],[1.09493,43.53591],[1.09717,43.5333],[1.10251,43.53453],[1.11876,43.54588],[1.11874,43.55011],[1.1137,43.54948],[1.11216,43.55674],[1.11688,43.56139],[1.10422,43.5654],[1.09195,43.57477],[1.09154,43.57147],[1.08561,43.56672],[1.07827,43.56903],[1.06735,43.57743],[1.05926,43.57511],[1.04755,43.58362],[1.04699,43.58896],[1.04135,43.59038],[1.0366,43.58828],[1.03862,43.58626],[1.03447,43.58217],[1.03522,43.57891],[1.04157,43.5689],[1.03985,43.55241],[1.04669,43.54561],[1.04547,43.5413],[1.05062,43.54105]]]},"properties":{"code_territoire":"iris320160000","libelle_territoire":"Auradé (commune non irisée)"}},
{"type":"Feature","geometry":{"type":"Polygon","coordinates":[[[-0.19109,43.63049],[-0.20149,43.62661],[-0.21356,43.63401],[-0.21419,43.63239],[-0.229,43.63046],[-0.22401,43.62341],[-0.21781,43.62168],[-0.21806,43.61539],[-0.21479,43.61708],[-0.21002,43.61283],[-0.20604,43.61361],[-0.19707,43.60805],[-0.1884,43.60651],[-0.17893,43.6109],[-0.18087,43.61608],[-0.19109,43.63049]]]},"properties":{"code_territoire":"iris320170000","libelle_territoire":"Aurensan (commune non irisée)"}},
{"type":"Feature","geometry":{"type":"Polygon","coordinates":[[[0.11228,43.52747],[0.11688,43.52651],[0.11655,43.5288],[0.12996,43.52916],[0.13338,43.52558],[0.145,43.52659],[0.14626,43.52953],[0.14031,43.53181],[0.1356,43.54069],[0.14147,43.54318],[0.13218,43.55005],[0.13399,43.55193],[0.1284,43.5518],[0.12891,43.55439],[0.10793,43.55712],[0.10059,43.56336],[0.09794,43.55922],[0.1058,43.55677],[0.10369,43.55219],[0.10942,43.54668],[0.10681,43.54681],[0.10897,43.54468],[0.1057,43.54176],[0.10842,43.54274],[0.10809,43.54062],[0.11227,43.53951],[0.11372,43.53673],[0.1107,43.5357],[0.11317,43.53357],[0.11314,43.53183],[0.11118,43.53212],[0.11228,43.52747]]]},"properties":{"code_territoire":"iris321640000","libelle_territoire":"Juillac (commune non irisée)"}},
{"type":"Feature","geometry":{"type":"Polygon","coordinates":[[[0.81011,43.62104],[0.80249,43.61719],[0.80125,43.61284],[0.79641,43.61227],[0.80005,43.60473],[0.80686,43.60268],[0.80068,43.59667],[0.79451,43.59559],[0.80813,43.59093],[0.82217,43.59035],[0.83323,43.58715],[0.84569,43.59443],[0.84421,43.59848],[0.85172,43.60582],[0.85657,43.60648],[0.85772,43.60982],[0.85863,43.61595],[0.8467,43.61666],[0.82667,43.62688],[0.81787,43.62082],[0.81011,43.62104]]]},"properties":{"code_territoire":"iris321650000","libelle_territoire":"Juilles (commune non irisée)"}},
{"type":"Feature","geometry":{"type":"Polygon","coordinates":[[[0.31207,43.80407],[0.32199,43.808],[0.32054,43.81498],[0.32251,43.82176],[0.3133,43.82481],[0.30263,43.82438],[0.29937,43.82668],[0.29026,43.82717],[0.2926,43.82205],[0.28852,43.81825],[0.28946,43.81646],[0.27645,43.8133],[0.27864,43.80815],[0.2818,43.80681],[0.28742,43.80798],[0.30118,43.8065],[0.30155,43.80361],[0.30496,43.80193],[0.30665,43.80391],[0.31207,43.80407]]]},"properties":{"code_territoire":"iris321660000","libelle_territoire":"Justian (commune non irisée)"}},
{"type":"Feature","geometry":{"type":"Polygon","coordinates":[[[0.82729,43.54968],[0.84069,43.55297],[0.84298,43.55603],[0.84597,43.55564],[0.84496,43.55981],[0.85278,43.57176],[0.83706,43.57552],[0.8281,43.58311],[0.82238,43.57909],[0.8086,43.56646],[0.80481,43.56357],[0.81433,43.55368],[0.82729,43.54968]]]},"properties":{"code_territoire":"iris320180000","libelle_territoire":"Aurimont (commune non irisée)"}},
{"type":"Feature","geometry":{"type":"Polygon","coordinates":[[[0.60254,43.58657],[0.60069,43.57917],[0.61091,43.57639],[0.61084,43.57319],[0.61568,43.57304],[0.61554,43.57088],[0.6309,43.56976],[0.63971,43.56548],[0.64017,43.56255],[0.64555,43.56378],[0.64454,43.56895],[0.66096,43.57074],[0.66448,43.57647],[0.66433,43.58023],[0.65779,43.58136],[0.65721,43.58637],[0.64243,43.58991],[0.6409,43.59255],[0.63572,43.59041],[0.62441,43.59363],[0.6121,43.59319],[0.6024,43.59182],[0.60254,43.58657]]]},"properties":{"code_territoire":"iris320190000","libelle_territoire":"Auterive (commune non irisée)"}},
{"type":"Feature","geometry":{"type":"Polygon","coordinates":[[[0.25697,43.4563],[0.2514,43.45814],[0.24401,43.45486],[0.24175,43.45644],[0.23585,43.45576],[0.24031,43.44417],[0.23563,43.44028],[0.23752,43.43441],[0.23266,43.42911],[0.23476,43.42455],[0.23822,43.43069],[0.24548,43.43289],[0.2696,43.42484],[0.28153,43.42436],[0.29159,43.42911],[0.29247,43.43373],[0.28697,43.44101],[0.28336,43.45652],[0.26598,43.45402],[0.25697,43.4563]]]},"properties":{"code_territoire":"iris320200000","libelle_territoire":"Aux-Aussat (commune non irisée)"}},
{"type":"Feature","geometry":{"type":"Polygon","coordinates":[[[0.28686,43.49064],[0.28446,43.48655],[0.27286,43.48356],[0.28219,43.47464],[0.27992,43.4659],[0.28379,43.45737],[0.30495,43.45657],[0.32124,43.45911],[0.32772,43.46602],[0.3311,43.4744],[0.32758,43.47988],[0.31694,43.47748],[0.31186,43.47888],[0.31242,43.48144],[0.29644,43.48472],[0.29516,43.49032],[0.28686,43.49064]]]},"properties":{"code_territoire":"iris321670000","libelle_territoire":"Laas (commune non irisée)"}},
{"type":"Feature","geometry":{"type":"Polygon","coordinates":[[[0.56162,43.48242],[0.55654,43.48479],[0.55185,43.47854],[0.55768,43.47652],[0.55446,43.47411],[0.56974,43.47097],[0.56761,43.45838],[0.58494,43.45493],[0.5872,43.45605],[0.58578,43.46256],[0.58848,43.4657],[0.58649,43.46752],[0.59857,43.46523],[0.60095,43.46996],[0.59704,43.47433],[0.59063,43.47606],[0.59167,43.48039],[0.57359,43.48349],[0.57047,43.47989],[0.56162,43.48242]]]},"properties":{"code_territoire":"iris321690000","libelle_territoire":"Labarthe (commune non irisée)"}},
{"type":"Feature","geometry":{"type":"Polygon","coordinates":[[[-0.18087,43.61608],[-0.1702,43.61407],[-0.16525,43.61021],[-0.15817,43.61008],[-0.14462,43.6208],[-0.14682,43.62103],[-0.14483,43.62365],[-0.1364,43.62615],[-0.1366,43.63047],[-0.14487,43.6365],[-0.1429,43.63891],[-0.14738,43.64288],[-0.14671,43.64531],[-0.1511,43.6468],[-0.15453,43.6427],[-0.15898,43.64515],[-0.16589,43.63928],[-0.17506,43.63782],[-0.18956,43.64004],[-0.19039,43.63839],[-0.19109,43.63049],[-0.18087,43.61608]]]},"properties":{"code_territoire":"iris321700000","libelle_territoire":"Labarthète (commune non irisée)"}},
{"type":"Feature","geometry":{"type":"Polygon","coordinates":[[[0.97388,43.53306],[0.96504,43.52574],[0.96257,43.51832],[0.96697,43.51446],[0.9698,43.51742],[0.97649,43.51701],[0.97381,43.51362],[0.98135,43.50997],[0.98395,43.51025],[0.98567,43.51357],[0.99036,43.51399],[0.99252,43.51811],[0.98132,43.52852],[0.98381,43.53142],[0.98077,43.53416],[0.97388,43.53306]]]},"properties":{"code_territoire":"iris321710000","libelle_territoire":"Labastide-Savès (commune non irisée)"}},
{"type":"Feature","geometry":{"type":"Polygon","coordinates":[[[0.8756,43.8325],[0.91473,43.81856],[0.91355,43.82006],[0.91764,43.82099],[0.92565,43.83181],[0.90394,43.83591],[0.89515,43.83975],[0.8874,43.84147],[0.88487,43.83565],[0.87924,43.83651],[0.8756,43.8325]]]},"properties":{"code_territoire":"iris320210000","libelle_territoire":"Avensac (commune non irisée)"}},
{"type":"Feature","geometry":{"type":"Polygon","coordinates":[[[0.04552,43.78388],[0.04406,43.78183],[0.04777,43.77618],[0.04702,43.77087],[0.04311,43.76835],[0.0535,43.76186],[0.03876,43.75665],[0.03476,43.75738],[0.03736,43.75464],[0.04241,43.75359],[0.05491,43.73886],[0.07856,43.73241],[0.08664,43.73434],[0.09233,43.73986],[0.08278,43.74523],[0.0947,43.75139],[0.08628,43.75629],[0.08891,43.76279],[0.08017,43.76989],[0.06581,43.77358],[0.06293,43.77977],[0.05815,43.78198],[0.04955,43.78225],[0.04552,43.78388]]]},"properties":{"code_territoire":"iris320220000","libelle_territoire":"Avéron-Bergelle (commune non irisée)"}},
{"type":"Feature","geometry":{"type":"Polygon","coordinates":[[[0.80713,43.89589],[0.80522,43.89041],[0.79746,43.8929],[0.79085,43.89126],[0.78408,43.89218],[0.78154,43.88684],[0.78595,43.88547],[0.78352,43.88137],[0.78518,43.87774],[0.78943,43.87745],[0.79178,43.87059],[0.79603,43.86895],[0.79862,43.87143],[0.80312,43.8712],[0.80981,43.87386],[0.81457,43.8804],[0.8224,43.88162],[0.81417,43.89421],[0.80713,43.89589]]]},"properties":{"code_territoire":"iris320230000","libelle_territoire":"Avezan (commune non irisée)"}},
{"type":"Feature","geometry":{"type":"Polygon","coordinates":[[[0.43167,43.8265],[0.4317,43.83293],[0.43483,43.83434],[0.43445,43.83677],[0.42576,43.84536],[0.4245,43.84666],[0.41611,43.84322],[0.41374,43.84645],[0.40299,43.84538],[0.40245,43.84294],[0.39683,43.84108],[0.40906,43.83298],[0.40753,43.82952],[0.41118,43.82658],[0.40942,43.82455],[0.41207,43.82075],[0.41043,43.81835],[0.41506,43.8182],[0.41487,43.81943],[0.42962,43.81765],[0.43119,43.81485],[0.43439,43.82181],[0.43167,43.8265]]]},"properties":{"code_territoire":"iris320240000","libelle_territoire":"Ayguetinte (commune non irisée)"}},
{"type":"Feature","geometry":{"type":"Polygon","coordinates":[[[0.48292,43.52175],[0.50395,43.51404],[0.50516,43.51564],[0.50913,43.51386],[0.5123,43.51787],[0.52871,43.51919],[0.53595,43.51722],[0.53894,43.52229],[0.53542,43.54431],[0.5393,43.55034],[0.53589,43.55238],[0.53041,43.55063],[0.52228,43.55113],[0.52714,43.55369],[0.52756,43.55764],[0.51565,43.55818],[0.50692,43.56431],[0.50385,43.56155],[0.4957,43.56519],[0.49374,43.56321],[0.50071,43.56019],[0.49634,43.55425],[0.48807,43.55322],[0.48567,43.54802],[0.48169,43.54688],[0.48433,43.5403],[0.4819,43.54088],[0.48306,43.53865],[0.47513,43.53586],[0.48625,43.53202],[0.48292,43.52175]]]},"properties":{"code_territoire":"iris321720000","libelle_territoire":"Labéjan (commune non irisée)"}},
{"type":"Feature","geometry":{"type":"Polygon","coordinates":[[[0.90433,43.74857],[0.89847,43.75457],[0.90049,43.75547],[0.90028,43.76055],[0.8994,43.76501],[0.89714,43.76567],[0.8996,43.76761],[0.89484,43.76912],[0.8935,43.77463],[0.87866,43.77555],[0.8778,43.78034],[0.86807,43.78372],[0.86418,43.78776],[0.86245,43.78252],[0.86444,43.77934],[0.85989,43.77853],[0.86099,43.77345],[0.86101,43.77202],[0.84593,43.76697],[0.85113,43.76706],[0.85342,43.76364],[0.8565,43.76363],[0.85917,43.76447],[0.85884,43.76839],[0.86154,43.76698],[0.86627,43.76786],[0.86778,43.76341],[0.87018,43.76375],[0.87621,43.75866],[0.87387,43.75116],[0.88333,43.74963],[0.88332,43.74457],[0.90033,43.74281],[0.90338,43.743],[0.90433,43.74857]]]},"properties":{"code_territoire":"iris321730000","libelle_territoire":"Labrihe (commune non irisée)"}},
{"type":"Feature","geometry":{"type":"Polygon","coordinates":[[[0.08829,43.53095],[0.10185,43.53104],[0.1089,43.53363],[0.11118,43.53212],[0.11314,43.53183],[0.11317,43.53357],[0.1107,43.5357],[0.11372,43.53673],[0.11227,43.53951],[0.10809,43.54062],[0.10842,43.54274],[0.1057,43.54176],[0.10897,43.54468],[0.10681,43.54681],[0.10942,43.54668],[0.10369,43.55219],[0.1058,43.55677],[0.09794,43.55922],[0.10059,43.56336],[0.09537,43.56439],[0.09654,43.5685],[0.09256,43.56986],[0.08854,43.56755],[0.08534,43.572],[0.07145,43.56625],[0.06465,43.57142],[0.05774,43.57071],[0.05745,43.56404],[0.05849,43.55577],[0.07217,43.537],[0.07023,43.53347],[0.07861,43.53287],[0.07859,43.5354],[0.08212,43.53506],[0.08829,43.53095]]]},"properties":{"code_territoire":"iris321740000","libelle_territoire":"Ladevèze-Rivière (commune non irisée)"}},
{"type":"Feature","geometry":{"type":"Polygon","coordinates":[[[-0.01264,43.87472],[-0.01284,43.88077],[-0.02166,43.88158],[-0.0259,43.88443],[-0.03223,43.87568],[-0.03817,43.8718],[-0.05011,43.87198],[-0.05053,43.86362],[-0.0453,43.85532],[-0.04571,43.85001],[-0.03747,43.8456],[-0.03671,43.83996],[-0.03133,43.83284],[-0.02475,43.83806],[-0.01289,43.83861],[-0.00891,43.84377],[-0.00126,43.84681],[-0.00236,43.85281],[-0.00132,43.85818],[-0.01427,43.87243],[-0.01264,43.87472]]]},"properties":{"code_territoire":"iris320250000","libelle_territoire":"Ayzieu (commune non irisée)"}},
{"type":"Feature","geometry":{"type":"Polygon","coordinates":[[[0.74361,43.82689],[0.74408,43.8184],[0.7523,43.80611],[0.753,43.80051],[0.76127,43.79736],[0.78179,43.79758],[0.7862,43.80182],[0.78905,43.80114],[0.78632,43.81509],[0.78293,43.81796],[0.78185,43.81616],[0.77406,43.81795],[0.76876,43.82128],[0.76394,43.81951],[0.75362,43.82184],[0.7442,43.82794],[0.74361,43.82689]]]},"properties":{"code_territoire":"iris320260000","libelle_territoire":"Bajonnette (commune non irisée)"}},
{"type":"Feature","geometry":{"type":"Polygon","coordinates":[[[-0.15499,43.69014],[-0.15803,43.69149],[-0.16476,43.68654],[-0.17093,43.68788],[-0.17721,43.69646],[-0.20209,43.69835],[-0.19883,43.70794],[-0.21449,43.7151],[-0.21451,43.71722],[-0.22225,43.71905],[-0.22992,43.71452],[-0.24303,43.71251],[-0.25049,43.70796],[-0.24541,43.70491],[-0.24328,43.70122],[-0.24532,43.69916],[-0.24076,43.6975],[-0.23865,43.69307],[-0.24483,43.68747],[-0.24697,43.68916],[-0.2491,43.68521],[-0.25747,43.68302],[-0.25572,43.67812],[-0.2581,43.67373],[-0.23974,43.67123],[-0.23659,43.68128],[-0.23848,43.68416],[-0.23608,43.68582],[-0.23185,43.68084],[-0.22891,43.68043],[-0.22342,43.68687],[-0.21402,43.68019],[-0.20639,43.68224],[-0.20458,43.6776],[-0.20115,43.67777],[-0.1969,43.68124],[-0.1919,43.68094],[-0.19193,43.68271],[-0.17845,43.67912],[-0.17442,43.68144],[-0.1697,43.67887],[-0.17326,43.67312],[-0.17013,43.67461],[-0.16813,43.67396],[-0.16955,43.67207],[-0.16457,43.67134],[-0.16272,43.67286],[-0.15499,43.69014]]]},"properties":{"code_territoire":"iris320270000","libelle_territoire":"Barcelonne-du-Gers (commune non irisée)"}},
{"type":"Feature","geometry":{"type":"Polygon","coordinates":[[[0.0808,43.52435],[0.08829,43.53095],[0.08212,43.53506],[0.07859,43.5354],[0.07861,43.53287],[0.07023,43.53347],[0.07217,43.537],[0.05849,43.55577],[0.05745,43.56404],[0.0531,43.56146],[0.04882,43.56032],[0.04415,43.55288],[0.04874,43.54686],[0.04937,43.54177],[0.04662,43.54148],[0.04376,43.53746],[0.0399,43.53697],[0.05274,43.51727],[0.05971,43.52016],[0.07154,43.51952],[0.0808,43.52435]]]},"properties":{"code_territoire":"iris321750000","libelle_territoire":"Ladevèze-Ville (commune non irisée)"}},
{"type":"Feature","geometry":{"type":"Polygon","coordinates":[[[0.53806,43.96839],[0.54789,43.95894],[0.55859,43.95421],[0.56842,43.95257],[0.5744,43.95655],[0.57638,43.95547],[0.5785,43.96104],[0.58699,43.96779],[0.57991,43.98868],[0.57528,43.9862],[0.56845,43.98231],[0.56592,43.98305],[0.55958,43.97651],[0.54781,43.97688],[0.53806,43.96839]]]},"properties":{"code_territoire":"iris321760000","libelle_territoire":"Lagarde (commune non irisée)"}},
{"type":"Feature","geometry":{"type":"Polygon","coordinates":[[[0.51203,43.39421],[0.51304,43.3998],[0.51768,43.40263],[0.51711,43.40877],[0.51941,43.41101],[0.51715,43.42278],[0.49992,43.42414],[0.49065,43.42555],[0.48604,43.41808],[0.48009,43.41678],[0.47964,43.41508],[0.48232,43.41428],[0.48065,43.40783],[0.4811,43.40486],[0.48821,43.40453],[0.49177,43.40215],[0.49058,43.38833],[0.49726,43.39187],[0.51203,43.39421]]]},"properties":{"code_territoire":"iris321770000","libelle_territoire":"Lagarde-Hachan (commune non irisée)"}},
{"type":"Feature","geometry":{"type":"Polygon","coordinates":[[[0.31134,43.85604],[0.31408,43.85003],[0.31028,43.84516],[0.31214,43.83296],[0.315,43.82793],[0.3232,43.82351],[0.32597,43.83038],[0.33364,43.83777],[0.33252,43.84916],[0.33486,43.85604],[0.31154,43.85632],[0.31134,43.85604]]]},"properties":{"code_territoire":"iris321780000","libelle_territoire":"Lagardère (commune non irisée)"}},
{"type":"Feature","geometry":{"type":"Polygon","coordinates":[[[0.19558,43.85544],[0.18589,43.85736],[0.1868,43.86091],[0.1912,43.86468],[0.19588,43.86174],[0.20206,43.86278],[0.21794,43.87136],[0.21479,43.87598],[0.22603,43.88169],[0.22594,43.88592],[0.23084,43.8867],[0.22991,43.88964],[0.22558,43.88788],[0.22084,43.89297],[0.22473,43.89611],[0.22348,43.89932],[0.23247,43.90307],[0.23133,43.90595],[0.23924,43.91238],[0.23872,43.92133],[0.23025,43.9264],[0.22521,43.927],[0.21497,43.92318],[0.20423,43.92281],[0.20448,43.91959],[0.20038,43.91921],[0.19858,43.91202],[0.18814,43.91131],[0.18499,43.90709],[0.16914,43.90829],[0.16833,43.90613],[0.16524,43.90619],[0.16848,43.90224],[0.17555,43.89893],[0.17508,43.89626],[0.18293,43.89568],[0.17727,43.88777],[0.17715,43.87624],[0.1757,43.87235],[0.1564,43.86666],[0.16178,43.8624],[0.16495,43.86309],[0.17504,43.85885],[0.17959,43.84693],[0.18594,43.8473],[0.19382,43.85076],[0.19558,43.85544]]]},"properties":{"code_territoire":"iris321800000","libelle_territoire":"Lagraulet-du-Gers (commune non irisée)"}},
{"type":"Feature","geometry":{"type":"Polygon","coordinates":[[[0.39865,43.35158],[0.40374,43.35512],[0.41012,43.35464],[0.40582,43.36436],[0.41579,43.38406],[0.41049,43.38423],[0.40919,43.39492],[0.40185,43.40057],[0.39566,43.39849],[0.39397,43.39414],[0.38567,43.38976],[0.3855,43.38336],[0.38658,43.38111],[0.39315,43.37982],[0.3928,43.37263],[0.38179,43.36481],[0.37855,43.35537],[0.39161,43.3555],[0.39122,43.35],[0.39865,43.35158]]]},"properties":{"code_territoire":"iris320280000","libelle_territoire":"Barcugnan (commune non irisée)"}},
{"type":"Feature","geometry":{"type":"Polygon","coordinates":[[[0.50206,43.60213],[0.49834,43.616],[0.50074,43.6187],[0.49966,43.62258],[0.49625,43.62281],[0.48644,43.62924],[0.49291,43.63384],[0.48818,43.63895],[0.47583,43.6432],[0.47185,43.65547],[0.46638,43.66198],[0.46324,43.66141],[0.461,43.66329],[0.4541,43.66132],[0.45191,43.6553],[0.44307,43.65411],[0.44183,43.65061],[0.43824,43.64954],[0.43101,43.65208],[0.42645,43.65157],[0.42722,43.65384],[0.42698,43.6582],[0.42138,43.6603],[0.41421,43.65313],[0.40303,43.65302],[0.40346,43.65089],[0.39793,43.64795],[0.39661,43.64302],[0.39848,43.63455],[0.39568,43.63298],[0.39999,43.62766],[0.39575,43.62332],[0.40035,43.61897],[0.39591,43.61347],[0.40505,43.60616],[0.40451,43.59987],[0.40986,43.60034],[0.41261,43.59741],[0.43122,43.59938],[0.44095,43.59106],[0.44804,43.58877],[0.45216,43.58987],[0.46537,43.58422],[0.46906,43.58586],[0.47654,43.58391],[0.48866,43.58924],[0.50206,43.60213]]]},"properties":{"code_territoire":"iris320290000","libelle_territoire":"Barran (commune non irisée)"}},
{"type":"Feature","geometry":{"type":"Polygon","coordinates":[[[0.23248,43.40158],[0.25044,43.39488],[0.25318,43.3943],[0.25537,43.39835],[0.26002,43.40023],[0.25801,43.4066],[0.26339,43.412],[0.27234,43.41772],[0.27939,43.41878],[0.27674,43.41944],[0.27969,43.42036],[0.27909,43.42347],[0.29127,43.42439],[0.29159,43.42911],[0.28153,43.42436],[0.2696,43.42484],[0.24548,43.43289],[0.23822,43.43069],[0.23476,43.42455],[0.23266,43.42911],[0.22817,43.43007],[0.2238,43.4281],[0.22778,43.42233],[0.22575,43.42141],[0.23068,43.4192],[0.22894,43.41832],[0.23637,43.41289],[0.23618,43.40782],[0.24008,43.40439],[0.23248,43.40158]]]},"properties":{"code_territoire":"iris321810000","libelle_territoire":"Laguian-Mazous (commune non irisée)"}},
{"type":"Feature","geometry":{"type":"Polygon","coordinates":[[[0.86567,43.57055],[0.86865,43.5688],[0.87596,43.56889],[0.8824,43.56274],[0.87992,43.55903],[0.87714,43.55983],[0.87915,43.55583],[0.87565,43.55658],[0.8749,43.55319],[0.87737,43.55032],[0.88711,43.54788],[0.89782,43.54062],[0.90052,43.54319],[0.90758,43.54103],[0.90633,43.5473],[0.91024,43.54935],[0.91588,43.54852],[0.91919,43.55234],[0.93621,43.55119],[0.93047,43.55647],[0.93379,43.55899],[0.93325,43.56371],[0.91472,43.56953],[0.90951,43.57386],[0.90597,43.57245],[0.87859,43.58825],[0.86565,43.57421],[0.86567,43.57055]]]},"properties":{"code_territoire":"iris321820000","libelle_territoire":"Lahas (commune non irisée)"}},
{"type":"Feature","geometry":{"type":"Polygon","coordinates":[[[0.69766,43.6566],[0.69139,43.65875],[0.69506,43.66193],[0.69147,43.66705],[0.67863,43.6691],[0.66198,43.66301],[0.66658,43.65953],[0.66213,43.65647],[0.67153,43.64846],[0.69143,43.64698],[0.69148,43.64838],[0.69514,43.64808],[0.69495,43.65338],[0.69766,43.6566]]]},"properties":{"code_territoire":"iris321830000","libelle_territoire":"Lahitte (commune non irisée)"}},
{"type":"Feature","geometry":{"type":"Polygon","coordinates":[[[0.69594,43.80013],[0.69015,43.80357],[0.6878,43.80982],[0.68064,43.81323],[0.67742,43.81138],[0.6761,43.81802],[0.67053,43.82275],[0.66509,43.81564],[0.66806,43.81401],[0.66257,43.81248],[0.66285,43.81021],[0.657,43.80759],[0.6658,43.80118],[0.66577,43.79538],[0.67194,43.79647],[0.67823,43.78991],[0.69095,43.79542],[0.69498,43.79662],[0.69594,43.80013]]]},"properties":{"code_territoire":"iris321840000","libelle_territoire":"Lalanne (commune non irisée)"}},
{"type":"Feature","geometry":{"type":"Polygon","coordinates":[[[0.32365,43.508],[0.32797,43.52231],[0.31027,43.52345],[0.3006,43.52634],[0.28997,43.52544],[0.28236,43.52802],[0.28092,43.52434],[0.27658,43.52214],[0.27748,43.51984],[0.28463,43.5198],[0.28704,43.51554],[0.28156,43.51353],[0.2817,43.5116],[0.27235,43.51086],[0.28083,43.50645],[0.2827,43.50102],[0.29699,43.4974],[0.30142,43.49957],[0.30437,43.49628],[0.31425,43.49564],[0.3257,43.49817],[0.32365,43.508]]]},"properties":{"code_territoire":"iris320300000","libelle_territoire":"Bars (commune non irisée)"}},
{"type":"Feature","geometry":{"type":"Polygon","coordinates":[[[0.13115,43.77924],[0.14289,43.78153],[0.14618,43.77657],[0.15602,43.77882],[0.16092,43.78364],[0.16139,43.78961],[0.15839,43.79047],[0.15808,43.79878],[0.14404,43.80061],[0.13706,43.80793],[0.1329,43.81351],[0.13471,43.8167],[0.12001,43.81566],[0.12301,43.80853],[0.11452,43.80004],[0.11547,43.79367],[0.11782,43.78604],[0.13115,43.77924]]]},"properties":{"code_territoire":"iris320310000","libelle_territoire":"Bascous (commune non irisée)"}},
{"type":"Feature","geometry":{"type":"Polygon","coordinates":[[[0.26683,43.61276],[0.25949,43.60731],[0.24756,43.61105],[0.23661,43.61122],[0.23262,43.6059],[0.23184,43.59902],[0.22952,43.59013],[0.21135,43.58728],[0.21552,43.58467],[0.20763,43.5787],[0.20839,43.57465],[0.21204,43.57189],[0.22219,43.56954],[0.22035,43.56581],[0.22309,43.56135],[0.23361,43.56232],[0.23973,43.55692],[0.2375,43.55572],[0.24249,43.54749],[0.23832,43.54521],[0.23725,43.54135],[0.22845,43.54018],[0.22721,43.53804],[0.23919,43.53603],[0.24548,43.5324],[0.24436,43.53689],[0.25572,43.53913],[0.25445,43.54182],[0.25931,43.54203],[0.26146,43.54452],[0.27096,43.53937],[0.27631,43.54191],[0.28368,43.54214],[0.28454,43.54507],[0.275,43.56454],[0.27746,43.57048],[0.27859,43.57426],[0.27424,43.58014],[0.2774,43.60136],[0.27567,43.6027],[0.27836,43.61095],[0.2756,43.61451],[0.27304,43.61445],[0.27001,43.61226],[0.26683,43.61276]]]},"properties":{"code_territoire":"iris320320000","libelle_territoire":"Bassoues (commune non irisée)"}},
{"type":"Feature","geometry":{"type":"Polygon","coordinates":[[[0.67493,43.33243],[0.65633,43.336],[0.64712,43.34092],[0.6255,43.33787],[0.62231,43.33893],[0.61846,43.33404],[0.61725,43.32541],[0.6107,43.32331],[0.61058,43.32057],[0.60567,43.31749],[0.60463,43.31628],[0.61165,43.31567],[0.62281,43.31578],[0.64589,43.31183],[0.66954,43.32494],[0.67493,43.33243]]]},"properties":{"code_territoire":"iris321850000","libelle_territoire":"Lalanne-Arqué (commune non irisée)"}},
{"type":"Feature","geometry":{"type":"Polygon","coordinates":[[[0.70114,43.47274],[0.70112,43.47551],[0.69507,43.47682],[0.6939,43.47543],[0.69035,43.47899],[0.6945,43.48099],[0.70132,43.47775],[0.70283,43.48033],[0.70514,43.4802],[0.70743,43.47947],[0.70654,43.47741],[0.71496,43.47661],[0.7178,43.48414],[0.70915,43.48512],[0.69999,43.48642],[0.69566,43.49079],[0.68303,43.49492],[0.68108,43.49381],[0.67525,43.49761],[0.67152,43.49614],[0.66949,43.4998],[0.65995,43.49903],[0.65872,43.49717],[0.65181,43.49762],[0.65305,43.49023],[0.66673,43.48823],[0.66694,43.48519],[0.66612,43.48324],[0.68071,43.48048],[0.68915,43.47454],[0.70114,43.47274]]]},"properties":{"code_territoire":"iris321860000","libelle_territoire":"Lamaguère (commune non irisée)"}},
{"type":"Feature","geometry":{"type":"Polygon","coordinates":[[[0.4358,43.54965],[0.44979,43.54928],[0.45417,43.55103],[0.47428,43.5497],[0.46784,43.55959],[0.46815,43.56625],[0.46438,43.56859],[0.46637,43.57415],[0.46893,43.57517],[0.46965,43.57603],[0.4375,43.57286],[0.43763,43.5697],[0.4323,43.56586],[0.43573,43.56372],[0.42977,43.56204],[0.43613,43.55522],[0.4358,43.54965]]]},"properties":{"code_territoire":"iris321870000","libelle_territoire":"Lamazère (commune non irisée)"}},
{"type":"Feature","geometry":{"type":"Polygon","coordinates":[[[0.5821,43.86028],[0.58646,43.86612],[0.58473,43.87308],[0.58761,43.87934],[0.59526,43.88854],[0.59192,43.88815],[0.58354,43.88064],[0.58054,43.88367],[0.56313,43.87564],[0.55581,43.88025],[0.55363,43.87873],[0.55262,43.87277],[0.54686,43.86959],[0.55633,43.86499],[0.55057,43.85569],[0.56777,43.85626],[0.57569,43.85474],[0.5821,43.86028]]]},"properties":{"code_territoire":"iris321880000","libelle_territoire":"Lamothe-Goas (commune non irisée)"}},
{"type":"Feature","geometry":{"type":"Polygon","coordinates":[[[-0.20038,43.91467],[-0.21129,43.91149],[-0.21796,43.90702],[-0.2211,43.91274],[-0.22444,43.91423],[-0.22913,43.91135],[-0.23344,43.89905],[-0.23617,43.90023],[-0.2403,43.89795],[-0.23466,43.89553],[-0.23877,43.89434],[-0.23401,43.89099],[-0.22634,43.88981],[-0.22146,43.89379],[-0.21135,43.88703],[-0.21091,43.88478],[-0.20126,43.88549],[-0.19626,43.88742],[-0.19227,43.88477],[-0.18918,43.88975],[-0.1911,43.89354],[-0.18875,43.89767],[-0.18986,43.90281],[-0.19449,43.90309],[-0.19346,43.9062],[-0.19776,43.9087],[-0.20038,43.91467]]]},"properties":{"code_territoire":"iris321890000","libelle_territoire":"Lannemaignan (commune non irisée)"}},
{"type":"Feature","geometry":{"type":"Polygon","coordinates":[[[0.34234,43.68393],[0.32956,43.68222],[0.32349,43.68566],[0.32092,43.68597],[0.31996,43.68291],[0.31501,43.68421],[0.31287,43.68341],[0.30423,43.68846],[0.29719,43.68141],[0.29809,43.6782],[0.3015,43.67693],[0.29582,43.66859],[0.29513,43.66291],[0.2911,43.65788],[0.29416,43.65219],[0.30481,43.65215],[0.3225,43.64733],[0.32707,43.66084],[0.34018,43.66193],[0.33896,43.66419],[0.34504,43.6666],[0.34308,43.6723],[0.3463,43.67727],[0.34265,43.67938],[0.34234,43.68393]]]},"properties":{"code_territoire":"iris320330000","libelle_territoire":"Bazian (commune non irisée)"}},
{"type":"Feature","geometry":{"type":"Polygon","coordinates":[[[0.29699,43.4974],[0.29516,43.49032],[0.29644,43.48472],[0.31242,43.48144],[0.31186,43.47888],[0.31694,43.47748],[0.32758,43.47988],[0.32382,43.49366],[0.3257,43.49817],[0.31425,43.49564],[0.30437,43.49628],[0.30142,43.49957],[0.29699,43.4974]]]},"properties":{"code_territoire":"iris322380000","libelle_territoire":"Marseillan (commune non irisée)"}},
{"type":"Feature","geometry":{"type":"Polygon","coordinates":[[[0.19177,43.78732],[0.19566,43.77894],[0.20136,43.77896],[0.20636,43.7751],[0.21294,43.77528],[0.21652,43.77666],[0.22554,43.77281],[0.23199,43.77474],[0.23615,43.77318],[0.2377,43.77528],[0.25867,43.78057],[0.26162,43.78286],[0.26173,43.78995],[0.25945,43.79186],[0.26251,43.79637],[0.26012,43.79983],[0.26123,43.80308],[0.25763,43.80696],[0.26661,43.8111],[0.26696,43.81365],[0.27236,43.81277],[0.27115,43.80973],[0.27559,43.81004],[0.27645,43.8133],[0.27151,43.81549],[0.26873,43.82035],[0.25545,43.81743],[0.25337,43.82031],[0.24978,43.82043],[0.25337,43.82614],[0.24573,43.82567],[0.24517,43.83532],[0.22567,43.83045],[0.21742,43.83095],[0.21206,43.83932],[0.20184,43.83497],[0.19934,43.84084],[0.19935,43.84308],[0.20252,43.84426],[0.20134,43.84776],[0.18811,43.84517],[0.18338,43.84111],[0.17669,43.84019],[0.17421,43.8432],[0.16194,43.83862],[0.16817,43.83112],[0.1723,43.82639],[0.17934,43.83081],[0.18377,43.83109],[0.1887,43.82262],[0.20057,43.83182],[0.20417,43.82653],[0.21367,43.82232],[0.21759,43.81615],[0.22381,43.81356],[0.22458,43.80979],[0.21777,43.7973],[0.20719,43.79896],[0.20574,43.79448],[0.19866,43.79275],[0.19557,43.79034],[0.19807,43.78947],[0.19177,43.78732]]]},"properties":{"code_territoire":"iris321900000","libelle_territoire":"Lannepax (commune non irisée)"}},
{"type":"Feature","geometry":{"type":"Polygon","coordinates":[[[-0.11276,43.73115],[-0.11193,43.73495],[-0.09436,43.74038],[-0.08773,43.74151],[-0.08853,43.73751],[-0.08566,43.73679],[-0.07458,43.73862],[-0.07193,43.74585],[-0.08626,43.74932],[-0.08598,43.75072],[-0.09989,43.75667],[-0.10776,43.75642],[-0.11086,43.75123],[-0.11674,43.74773],[-0.11596,43.74609],[-0.11349,43.74309],[-0.11657,43.74242],[-0.11804,43.73608],[-0.12382,43.73548],[-0.12934,43.73062],[-0.13363,43.73263],[-0.13421,43.73058],[-0.13023,43.72475],[-0.12611,43.72415],[-0.12058,43.72885],[-0.11276,43.73115]]]},"properties":{"code_territoire":"iris321910000","libelle_territoire":"Lanne-Soubiran (commune non irisée)"}},
{"type":"Feature","geometry":{"type":"Polygon","coordinates":[[[0.57638,43.95547],[0.5744,43.95655],[0.56842,43.95257],[0.55859,43.95421],[0.54789,43.95894],[0.53806,43.96839],[0.53462,43.96857],[0.50926,43.95713],[0.50045,43.95537],[0.49615,43.95646],[0.49029,43.95035],[0.49856,43.94631],[0.49496,43.94047],[0.50589,43.92912],[0.50604,43.92409],[0.50951,43.92398],[0.51335,43.91773],[0.51622,43.91881],[0.5257,43.91631],[0.53751,43.92407],[0.54078,43.92216],[0.54778,43.92424],[0.55574,43.92102],[0.57489,43.92],[0.57695,43.92382],[0.57638,43.95547]]]},"properties":{"code_territoire":"iris322390000","libelle_territoire":"Marsolan (commune non irisée)"}},
{"type":"Feature","geometry":{"type":"Polygon","coordinates":[[[0.2134,43.56937],[0.21713,43.56181],[0.20821,43.54969],[0.2033,43.54733],[0.2122,43.54229],[0.22721,43.53804],[0.22845,43.54018],[0.23725,43.54135],[0.23832,43.54521],[0.24249,43.54749],[0.2375,43.55572],[0.23973,43.55692],[0.23361,43.56232],[0.22309,43.56135],[0.22035,43.56581],[0.22219,43.56954],[0.21204,43.57189],[0.2134,43.56937]]]},"properties":{"code_territoire":"iris322400000","libelle_territoire":"Mascaras (commune non irisée)"}},
{"type":"Feature","geometry":{"type":"Polygon","coordinates":[[[0.4479,43.90161],[0.46718,43.89623],[0.48052,43.88741],[0.49653,43.88704],[0.49795,43.88094],[0.49397,43.87845],[0.50849,43.87405],[0.52098,43.87432],[0.52339,43.87757],[0.53066,43.87772],[0.5382,43.88102],[0.55363,43.87873],[0.55581,43.88025],[0.53798,43.88992],[0.522,43.89303],[0.51819,43.89913],[0.50868,43.90595],[0.50749,43.91142],[0.49104,43.90833],[0.48564,43.90551],[0.48159,43.90005],[0.45433,43.90235],[0.4479,43.90161]]]},"properties":{"code_territoire":"iris322410000","libelle_territoire":"Mas-d'Auvignon (commune non irisée)"}},
{"type":"Feature","geometry":{"type":"Polygon","coordinates":[[[0.57182,43.40558],[0.57015,43.40036],[0.57681,43.39932],[0.57497,43.39831],[0.57878,43.39521],[0.58462,43.3951],[0.59024,43.39331],[0.59158,43.40327],[0.58982,43.40557],[0.59256,43.40749],[0.60472,43.40853],[0.61493,43.40583],[0.59729,43.41822],[0.60027,43.4224],[0.61157,43.4215],[0.60887,43.43115],[0.6138,43.43252],[0.60966,43.43541],[0.62327,43.44497],[0.61744,43.44619],[0.61667,43.44986],[0.60412,43.44984],[0.60426,43.45126],[0.59028,43.45351],[0.5872,43.45605],[0.58494,43.45493],[0.56761,43.45838],[0.55793,43.45694],[0.55296,43.46027],[0.54851,43.46041],[0.54974,43.4569],[0.55638,43.45637],[0.55068,43.45291],[0.5502,43.44939],[0.56685,43.44345],[0.56488,43.43942],[0.55831,43.43855],[0.55764,43.43656],[0.56576,43.43052],[0.57352,43.43098],[0.56983,43.42956],[0.5717,43.41895],[0.57572,43.41778],[0.57182,43.40558]]]},"properties":{"code_territoire":"iris322420000","libelle_territoire":"Masseube (commune non irisée)"}},
{"type":"Feature","geometry":{"type":"Polygon","coordinates":[[[-0.26202,43.64787],[-0.2599,43.64527],[-0.24299,43.6423],[-0.24436,43.63916],[-0.23811,43.63582],[-0.23601,43.63223],[-0.229,43.63046],[-0.21419,43.63239],[-0.21356,43.63401],[-0.20149,43.62661],[-0.19109,43.63049],[-0.19039,43.63839],[-0.19589,43.63941],[-0.1972,43.64483],[-0.20345,43.6472],[-0.20343,43.6593],[-0.23569,43.65859],[-0.24307,43.66404],[-0.24529,43.65949],[-0.24297,43.65458],[-0.24754,43.65553],[-0.25548,43.65255],[-0.26292,43.65307],[-0.26202,43.64787]]]},"properties":{"code_territoire":"iris321920000","libelle_territoire":"Lannux (commune non irisée)"}},
{"type":"Feature","geometry":{"type":"Polygon","coordinates":[[[-0.08308,43.91487],[-0.08238,43.90976],[-0.08543,43.90495],[-0.07601,43.90079],[-0.06433,43.88801],[-0.0609,43.88779],[-0.05414,43.88221],[-0.05044,43.88212],[-0.04392,43.88893],[-0.03754,43.88893],[-0.03406,43.8929],[-0.04491,43.90117],[-0.04113,43.9078],[-0.04596,43.91265],[-0.02888,43.91995],[-0.03404,43.93343],[-0.04236,43.92887],[-0.04682,43.93207],[-0.05713,43.92161],[-0.0667,43.92266],[-0.06625,43.91762],[-0.07132,43.91887],[-0.07265,43.9153],[-0.07724,43.91319],[-0.08308,43.91487]]]},"properties":{"code_territoire":"iris321930000","libelle_territoire":"Larée (commune non irisée)"}},
{"type":"Feature","geometry":{"type":"Polygon","coordinates":[[[0.33483,43.91543],[0.33832,43.92245],[0.33579,43.92597],[0.33413,43.92448],[0.32729,43.92859],[0.3305,43.9372],[0.32781,43.93775],[0.32961,43.94133],[0.32775,43.94971],[0.32156,43.95272],[0.31226,43.95329],[0.30259,43.96158],[0.30138,43.95564],[0.2969,43.94881],[0.30076,43.94732],[0.29778,43.94561],[0.30094,43.94263],[0.29996,43.93716],[0.3076,43.93258],[0.30291,43.92877],[0.30484,43.92514],[0.31924,43.92161],[0.32649,43.91835],[0.32538,43.91634],[0.33483,43.91543]]]},"properties":{"code_territoire":"iris321940000","libelle_territoire":"Larressingle (commune non irisée)"}},
{"type":"Feature","geometry":{"type":"Polygon","coordinates":[[[-0.20038,43.91467],[-0.19776,43.9087],[-0.19346,43.9062],[-0.19449,43.90309],[-0.18986,43.90281],[-0.18875,43.89767],[-0.1911,43.89354],[-0.18918,43.88975],[-0.19227,43.88477],[-0.18716,43.88453],[-0.1778,43.88817],[-0.16754,43.88767],[-0.14945,43.87393],[-0.13663,43.87018],[-0.13501,43.86757],[-0.13254,43.86663],[-0.13004,43.8705],[-0.12319,43.87327],[-0.12128,43.87904],[-0.12524,43.88159],[-0.12868,43.87961],[-0.13023,43.88369],[-0.13525,43.885],[-0.13359,43.88846],[-0.11952,43.89152],[-0.11588,43.89824],[-0.1188,43.90089],[-0.11155,43.90389],[-0.11118,43.91299],[-0.1195,43.92334],[-0.1353,43.93613],[-0.1527,43.94001],[-0.15372,43.93241],[-0.16068,43.93129],[-0.15978,43.92761],[-0.16417,43.9274],[-0.17969,43.93889],[-0.18073,43.93056],[-0.19252,43.92643],[-0.19172,43.92405],[-0.19619,43.92147],[-0.20038,43.91467]]]},"properties":{"code_territoire":"iris322430000","libelle_territoire":"Mauléon-d'Armagnac (commune non irisée)"}},
{"type":"Feature","geometry":{"type":"Polygon","coordinates":[[[0.56458,43.99046],[0.55346,43.99156],[0.53957,44.00031],[0.52953,44.00295],[0.52165,43.99232],[0.52282,43.99026],[0.52707,43.98433],[0.53887,43.98411],[0.53622,43.97857],[0.54434,43.97863],[0.54781,43.97688],[0.55958,43.97651],[0.56592,43.98305],[0.56845,43.98231],[0.57528,43.9862],[0.56715,43.99189],[0.56458,43.99046]]]},"properties":{"code_territoire":"iris321950000","libelle_territoire":"Larroque-Engalin (commune non irisée)"}},
{"type":"Feature","geometry":{"type":"Polygon","coordinates":[[[0.50534,43.81556],[0.51649,43.8273],[0.51089,43.82845],[0.50353,43.83326],[0.49935,43.84135],[0.48842,43.83972],[0.47991,43.84353],[0.47817,43.8423],[0.46863,43.84544],[0.46759,43.84225],[0.46445,43.84169],[0.45798,43.8467],[0.45567,43.84352],[0.44186,43.8483],[0.42975,43.84442],[0.42789,43.84618],[0.42576,43.84536],[0.43445,43.83677],[0.43483,43.83434],[0.4317,43.83293],[0.43167,43.8265],[0.43704,43.82628],[0.44563,43.82076],[0.44701,43.81585],[0.45403,43.81079],[0.46005,43.80872],[0.46207,43.81007],[0.48344,43.82004],[0.50534,43.81556]]]},"properties":{"code_territoire":"iris321960000","libelle_territoire":"Larroque-Saint-Sernin (commune non irisée)"}},
{"type":"Feature","geometry":{"type":"Polygon","coordinates":[[[0.30582,43.99403],[0.30185,43.99106],[0.28008,43.99865],[0.27347,43.99803],[0.26943,43.99931],[0.26881,43.99352],[0.26423,43.99254],[0.25862,43.97431],[0.25754,43.97261],[0.26178,43.97052],[0.26133,43.968],[0.25856,43.96331],[0.25185,43.96021],[0.26763,43.9584],[0.27449,43.95451],[0.27351,43.95135],[0.28041,43.95279],[0.28874,43.95783],[0.30138,43.95564],[0.30259,43.96158],[0.29976,43.96366],[0.30246,43.96621],[0.30002,43.96898],[0.30442,43.9746],[0.30354,43.9771],[0.31005,43.98078],[0.30933,43.98464],[0.30401,43.98825],[0.30582,43.99403]]]},"properties":{"code_territoire":"iris321970000","libelle_territoire":"Larroque-sur-l'Osse (commune non irisée)"}},
{"type":"Feature","geometry":{"type":"Polygon","coordinates":[[[-0.09717,43.70504],[-0.09214,43.69617],[-0.09874,43.68759],[-0.09835,43.68118],[-0.10295,43.6775],[-0.09421,43.67641],[-0.09612,43.67191],[-0.09391,43.66994],[-0.08407,43.67301],[-0.07894,43.67048],[-0.07419,43.67059],[-0.07321,43.67381],[-0.07595,43.67469],[-0.07307,43.68393],[-0.07571,43.68672],[-0.07315,43.68857],[-0.07572,43.68953],[-0.07376,43.69092],[-0.07522,43.69224],[-0.06459,43.69544],[-0.08078,43.6986],[-0.09197,43.70581],[-0.09717,43.70504]]]},"properties":{"code_territoire":"iris322440000","libelle_territoire":"Maulichères (commune non irisée)"}},
{"type":"Feature","geometry":{"type":"Polygon","coordinates":[[[-0.07393,43.60649],[-0.07662,43.60638],[-0.07583,43.61017],[-0.08058,43.61362],[-0.08076,43.62313],[-0.08505,43.62525],[-0.08787,43.62424],[-0.09154,43.63206],[-0.09661,43.62856],[-0.09838,43.62418],[-0.10885,43.62393],[-0.11204,43.61893],[-0.10498,43.60552],[-0.10582,43.60287],[-0.09744,43.58956],[-0.09038,43.59093],[-0.08819,43.5893],[-0.07701,43.59003],[-0.07246,43.6013],[-0.07393,43.60649]]]},"properties":{"code_territoire":"iris322450000","libelle_territoire":"Maumusson-Laguian (commune non irisée)"}},
{"type":"Feature","geometry":{"type":"Polygon","coordinates":[[[-0.12691,43.82924],[-0.12576,43.82891],[-0.10998,43.82698],[-0.1107,43.82875],[-0.10177,43.83768],[-0.10001,43.84504],[-0.11444,43.8493],[-0.1183,43.84809],[-0.12232,43.85231],[-0.13748,43.85935],[-0.1444,43.86195],[-0.15902,43.84606],[-0.15123,43.84302],[-0.13746,43.8322],[-0.12691,43.82924]]]},"properties":{"code_territoire":"iris322460000","libelle_territoire":"Maupas (commune non irisée)"}},
{"type":"Feature","geometry":{"type":"Polygon","coordinates":[[[0.87859,43.58825],[0.90597,43.57245],[0.90951,43.57386],[0.91472,43.56953],[0.93325,43.56371],[0.93905,43.56795],[0.93381,43.57248],[0.94588,43.57655],[0.94879,43.58267],[0.93314,43.59193],[0.93024,43.59653],[0.92691,43.60129],[0.92292,43.59957],[0.91572,43.60459],[0.91269,43.60251],[0.90363,43.60219],[0.89706,43.59601],[0.89891,43.59368],[0.89479,43.59355],[0.89359,43.59105],[0.88749,43.59117],[0.88432,43.58829],[0.88162,43.59008],[0.87859,43.58825]]]},"properties":{"code_territoire":"iris322470000","libelle_territoire":"Maurens (commune non irisée)"}},
{"type":"Feature","geometry":{"type":"Polygon","coordinates":[[[0.73858,43.51961],[0.73571,43.54074],[0.73872,43.54626],[0.73397,43.54804],[0.72824,43.54835],[0.72731,43.54661],[0.7208,43.54769],[0.71492,43.55103],[0.71561,43.55393],[0.7114,43.55396],[0.70633,43.561],[0.7047,43.55486],[0.69724,43.55201],[0.69328,43.54644],[0.688,43.53746],[0.66434,43.54305],[0.66314,43.54092],[0.67701,43.53695],[0.67992,43.52973],[0.68171,43.5299],[0.68099,43.52504],[0.70683,43.52076],[0.71446,43.51666],[0.71482,43.51315],[0.72365,43.51531],[0.72223,43.5181],[0.73858,43.51961]]]},"properties":{"code_territoire":"iris321980000","libelle_territoire":"Lartigue (commune non irisée)"}},
{"type":"Feature","geometry":{"type":"Polygon","coordinates":[[[0.05677,43.65471],[0.05457,43.65561],[0.04549,43.64385],[0.03482,43.64339],[0.03146,43.64212],[0.03301,43.6408],[0.02928,43.63679],[0.03453,43.63456],[0.03237,43.63222],[0.04063,43.62824],[0.04264,43.62632],[0.04665,43.62728],[0.04932,43.62576],[0.05059,43.62104],[0.05525,43.61861],[0.05521,43.61369],[0.0585,43.61078],[0.06187,43.61088],[0.06697,43.60328],[0.07524,43.60707],[0.08093,43.60626],[0.0852,43.60873],[0.07713,43.61831],[0.08324,43.62742],[0.07896,43.63335],[0.07907,43.63978],[0.07489,43.63943],[0.07133,43.64365],[0.05677,43.65471]]]},"properties":{"code_territoire":"iris321990000","libelle_territoire":"Lasserrade (commune non irisée)"}},
{"type":"Feature","geometry":{"type":"Polygon","coordinates":[[[0.54204,43.57932],[0.55184,43.58571],[0.55663,43.59174],[0.55975,43.59472],[0.54848,43.59623],[0.55082,43.60322],[0.54378,43.60537],[0.53577,43.61993],[0.53709,43.62302],[0.52891,43.62564],[0.52581,43.62387],[0.52507,43.62563],[0.49966,43.62258],[0.50074,43.6187],[0.49834,43.616],[0.50206,43.60213],[0.5048,43.59899],[0.51156,43.59749],[0.51225,43.59021],[0.52688,43.58246],[0.54109,43.58133],[0.54204,43.57932]]]},"properties":{"code_territoire":"iris322000000","libelle_territoire":"Lasséran (commune non irisée)"}},
{"type":"Feature","geometry":{"type":"Polygon","coordinates":[[[0.59832,43.5563],[0.58794,43.55997],[0.58662,43.56317],[0.59187,43.56666],[0.59412,43.56614],[0.59362,43.56838],[0.61074,43.56727],[0.61081,43.57183],[0.61554,43.57088],[0.61568,43.57304],[0.61084,43.57319],[0.61091,43.57639],[0.60069,43.57917],[0.60254,43.58657],[0.59154,43.58704],[0.58781,43.58921],[0.57834,43.58388],[0.56552,43.58462],[0.56535,43.58828],[0.55663,43.59174],[0.55184,43.58571],[0.54204,43.57932],[0.54122,43.57538],[0.55341,43.56119],[0.57259,43.55857],[0.57974,43.55474],[0.58937,43.55472],[0.59286,43.55143],[0.59832,43.5563]]]},"properties":{"code_territoire":"iris322010000","libelle_territoire":"Lasseube-Propre (commune non irisée)"}},
{"type":"Feature","geometry":{"type":"Polygon","coordinates":[[[0.80713,43.89589],[0.81417,43.89421],[0.83663,43.8936],[0.84425,43.89564],[0.84725,43.90101],[0.84403,43.90328],[0.85043,43.90909],[0.84947,43.91755],[0.84279,43.9146],[0.82772,43.92122],[0.82757,43.92396],[0.81974,43.92496],[0.81063,43.91828],[0.8075,43.91184],[0.80127,43.90954],[0.79989,43.90344],[0.79604,43.90343],[0.79472,43.90083],[0.80713,43.89589]]]},"properties":{"code_territoire":"iris322480000","libelle_territoire":"Mauroux (commune non irisée)"}},
{"type":"Feature","geometry":{"type":"Polygon","coordinates":[[[-0.12691,43.82924],[-0.12544,43.82661],[-0.12804,43.82044],[-0.13564,43.81507],[-0.13738,43.81078],[-0.13983,43.81264],[-0.13557,43.80484],[-0.13265,43.80359],[-0.13426,43.79656],[-0.13008,43.792],[-0.11933,43.78468],[-0.10838,43.77767],[-0.09721,43.78662],[-0.1021,43.78826],[-0.10361,43.79213],[-0.09522,43.80063],[-0.09678,43.80846],[-0.09347,43.81338],[-0.09675,43.81535],[-0.10845,43.81508],[-0.10881,43.81738],[-0.11321,43.81773],[-0.12576,43.82891],[-0.12691,43.82924]]]},"properties":{"code_territoire":"iris322020000","libelle_territoire":"Laujuzan (commune non irisée)"}},
{"type":"Feature","geometry":{"type":"Polygon","coordinates":[[[0.22521,43.927],[0.23025,43.9264],[0.23872,43.92133],[0.23924,43.91238],[0.24493,43.91195],[0.24469,43.90862],[0.25144,43.90821],[0.2538,43.90524],[0.26027,43.90782],[0.28209,43.90597],[0.28873,43.92009],[0.28252,43.92182],[0.28776,43.92573],[0.27684,43.92846],[0.27202,43.92699],[0.26254,43.92806],[0.26284,43.93915],[0.25379,43.94169],[0.24986,43.94065],[0.23527,43.94886],[0.23218,43.93981],[0.2338,43.92899],[0.22521,43.927]]]},"properties":{"code_territoire":"iris322030000","libelle_territoire":"Lauraët (commune non irisée)"}},
{"type":"Feature","geometry":{"type":"Polygon","coordinates":[[[0.53466,43.73335],[0.53142,43.74653],[0.5305,43.75487],[0.53664,43.7541],[0.5373,43.75577],[0.54682,43.75605],[0.54978,43.76066],[0.56843,43.75443],[0.56778,43.75807],[0.55453,43.76641],[0.55776,43.7688],[0.56543,43.76786],[0.56751,43.77265],[0.55914,43.78096],[0.56055,43.78229],[0.5573,43.78718],[0.55072,43.78218],[0.54653,43.78194],[0.54199,43.78908],[0.5294,43.7906],[0.52834,43.79584],[0.52272,43.79671],[0.5198,43.79276],[0.51729,43.79418],[0.51307,43.78686],[0.49698,43.79092],[0.48846,43.7888],[0.48308,43.78649],[0.48442,43.7796],[0.47908,43.76639],[0.48574,43.76486],[0.48727,43.75944],[0.49201,43.7569],[0.49155,43.75314],[0.49476,43.75216],[0.49712,43.74645],[0.49564,43.7432],[0.50058,43.73868],[0.49951,43.73475],[0.51274,43.72892],[0.5231,43.73227],[0.52617,43.73066],[0.52918,43.73379],[0.53466,43.73335]]]},"properties":{"code_territoire":"iris322040000","libelle_territoire":"Lavardens (commune non irisée)"}},
{"type":"Feature","geometry":{"type":"Polygon","coordinates":[[[0.22721,43.53804],[0.2122,43.54229],[0.2033,43.54733],[0.19878,43.54847],[0.19459,43.54287],[0.19614,43.54213],[0.19301,43.54138],[0.19797,43.5332],[0.18646,43.52858],[0.18453,43.52332],[0.19197,43.52021],[0.18993,43.51755],[0.19162,43.51657],[0.19728,43.51697],[0.19776,43.51527],[0.20581,43.51422],[0.21182,43.5095],[0.21593,43.51202],[0.22046,43.51059],[0.2257,43.51483],[0.22954,43.50871],[0.23569,43.51174],[0.24136,43.51812],[0.23575,43.52634],[0.23919,43.53603],[0.22721,43.53804]]]},"properties":{"code_territoire":"iris322050000","libelle_territoire":"Laveraët (commune non irisée)"}},
{"type":"Feature","geometry":{"type":"Polygon","coordinates":[[[0.99386,43.40728],[0.99302,43.40948],[0.99852,43.40912],[1.00262,43.41564],[1.00949,43.41245],[1.0228,43.41176],[1.02642,43.41972],[1.03011,43.41834],[1.03104,43.42032],[1.02237,43.42553],[1.01872,43.43068],[1.00268,43.4316],[0.98647,43.43626],[0.9841,43.4347],[0.98004,43.43267],[0.97239,43.4341],[0.96952,43.43663],[0.96665,43.43216],[0.97233,43.42474],[0.97025,43.42272],[0.97282,43.42093],[0.97194,43.41657],[0.96846,43.41603],[0.97055,43.41065],[0.98036,43.40522],[0.99386,43.40728]]]},"properties":{"code_territoire":"iris322060000","libelle_territoire":"Laymont (commune non irisée)"}},
{"type":"Feature","geometry":{"type":"Polygon","coordinates":[[[0.70341,43.66696],[0.69546,43.6679],[0.6966,43.67111],[0.69009,43.67432],[0.67078,43.67622],[0.65727,43.68064],[0.65176,43.67808],[0.6439,43.67896],[0.62653,43.68368],[0.62514,43.68774],[0.62062,43.68911],[0.61815,43.68129],[0.62169,43.6813],[0.62091,43.67972],[0.6247,43.67746],[0.63542,43.67623],[0.63316,43.67281],[0.63747,43.67162],[0.63581,43.669],[0.6409,43.66698],[0.64074,43.66492],[0.64313,43.66614],[0.64702,43.65862],[0.66044,43.65799],[0.66213,43.65647],[0.66658,43.65953],[0.66198,43.66301],[0.67863,43.6691],[0.69147,43.66705],[0.69506,43.66193],[0.69139,43.65875],[0.69766,43.6566],[0.70341,43.66696]]]},"properties":{"code_territoire":"iris322070000","libelle_territoire":"Leboulin (commune non irisée)"}},
{"type":"Feature","geometry":{"type":"Polygon","coordinates":[[[0.70094,43.99241],[0.69716,43.99241],[0.68994,43.98646],[0.68489,43.98657],[0.68184,43.98289],[0.66997,43.96946],[0.66768,43.9679],[0.66343,43.96952],[0.65838,43.96591],[0.64872,43.97253],[0.64183,43.98241],[0.64264,43.9846],[0.63755,43.98562],[0.63297,43.98618],[0.62907,43.96247],[0.61364,43.96279],[0.60762,43.96464],[0.59838,43.96184],[0.59435,43.96626],[0.59779,43.96588],[0.59884,43.9693],[0.59287,43.97142],[0.59276,43.97621],[0.59038,43.97698],[0.59296,43.97817],[0.59114,43.98021],[0.59643,43.98182],[0.59381,43.98468],[0.59547,43.98584],[0.59166,43.98806],[0.59272,43.98924],[0.58972,43.98861],[0.58992,43.99256],[0.5836,43.9972],[0.57732,43.99478],[0.57991,43.98868],[0.58699,43.96779],[0.5785,43.96104],[0.57638,43.95547],[0.57695,43.92382],[0.57489,43.92],[0.59016,43.91006],[0.59644,43.90826],[0.59225,43.89674],[0.59629,43.89657],[0.59938,43.90002],[0.60071,43.90956],[0.60605,43.91058],[0.60775,43.90921],[0.61315,43.91465],[0.62022,43.91167],[0.62136,43.91364],[0.62573,43.91315],[0.62755,43.90993],[0.62935,43.91151],[0.63123,43.90799],[0.63403,43.90894],[0.63696,43.9046],[0.64742,43.90122],[0.64897,43.89858],[0.65283,43.90026],[0.6552,43.89783],[0.6625,43.90053],[0.66525,43.90529],[0.67212,43.90171],[0.68246,43.90434],[0.68766,43.89952],[0.70857,43.89182],[0.71466,43.89931],[0.72955,43.90386],[0.72999,43.90484],[0.71068,43.91074],[0.70587,43.9244],[0.70885,43.93375],[0.70879,43.94642],[0.71345,43.94768],[0.71262,43.95346],[0.71973,43.96274],[0.72189,43.96272],[0.72118,43.96856],[0.72518,43.96784],[0.72536,43.97699],[0.70345,43.97788],[0.69057,43.98056],[0.68879,43.98475],[0.6969,43.9823],[0.70094,43.99241]]]},"properties":{"code_territoire":"iris322080000","libelle_territoire":"Lectoure (commune non irisée)"}},
{"type":"Feature","geometry":{"type":"Polygon","coordinates":[[[-0.14945,43.71712],[-0.15804,43.70748],[-0.15769,43.69504],[-0.16786,43.69119],[-0.17093,43.68788],[-0.16476,43.68654],[-0.15803,43.69149],[-0.15499,43.69014],[-0.14151,43.68586],[-0.13578,43.6925],[-0.12939,43.69029],[-0.12787,43.68755],[-0.12354,43.68883],[-0.12552,43.69045],[-0.12249,43.69611],[-0.11221,43.70068],[-0.10723,43.70912],[-0.11676,43.71977],[-0.11324,43.72343],[-0.11276,43.73115],[-0.12058,43.72885],[-0.12611,43.72415],[-0.13023,43.72475],[-0.13421,43.73058],[-0.13728,43.73106],[-0.13834,43.72561],[-0.14945,43.71712]]]},"properties":{"code_territoire":"iris322090000","libelle_territoire":"Lelin-Lapujolle (commune non irisée)"}},
{"type":"Feature","geometry":{"type":"Polygon","coordinates":[[[1.11216,43.55674],[1.12504,43.55437],[1.15643,43.55682],[1.16303,43.56914],[1.16391,43.57275],[1.16117,43.57456],[1.15293,43.5796],[1.1342,43.58099],[1.12969,43.5817],[1.12566,43.57725],[1.12864,43.5681],[1.11011,43.57498],[1.10314,43.57557],[1.09501,43.58108],[1.09234,43.58067],[1.09455,43.57717],[1.09195,43.57477],[1.10422,43.5654],[1.11688,43.56139],[1.11216,43.55674]]]},"properties":{"code_territoire":"iris322100000","libelle_territoire":"Lias (commune non irisée)"}},
{"type":"Feature","geometry":{"type":"Polygon","coordinates":[[[0.84757,43.6997],[0.87102,43.695],[0.87364,43.69846],[0.87794,43.69461],[0.87953,43.69527],[0.89685,43.7049],[0.90019,43.70487],[0.9046,43.71003],[0.90365,43.71404],[0.89867,43.7153],[0.89834,43.71741],[0.90335,43.72156],[0.9015,43.72574],[0.89924,43.72571],[0.89969,43.72932],[0.90239,43.73032],[0.89849,43.73645],[0.89938,43.73951],[0.90214,43.74015],[0.90033,43.74281],[0.88332,43.74457],[0.88333,43.74963],[0.87387,43.75116],[0.87621,43.75866],[0.87018,43.76375],[0.86778,43.76341],[0.86627,43.76786],[0.86154,43.76698],[0.85884,43.76839],[0.85917,43.76447],[0.8565,43.76363],[0.85342,43.76364],[0.85113,43.76706],[0.84593,43.76697],[0.86101,43.77202],[0.86099,43.77345],[0.84877,43.77544],[0.84873,43.77267],[0.84436,43.77245],[0.84361,43.76438],[0.84013,43.76099],[0.82583,43.75316],[0.8243,43.74933],[0.82882,43.74472],[0.82665,43.74163],[0.83318,43.73543],[0.82711,43.73386],[0.82632,43.73062],[0.84576,43.72601],[0.85327,43.71793],[0.86313,43.71544],[0.85431,43.71271],[0.85349,43.70847],[0.8492,43.70746],[0.84885,43.70412],[0.84348,43.7011],[0.84757,43.6997]]]},"properties":{"code_territoire":"iris322490000","libelle_territoire":"Mauvezin (commune non irisée)"}},
{"type":"Feature","geometry":{"type":"Polygon","coordinates":[[[-0.06433,43.88801],[-0.06806,43.88549],[-0.0733,43.88692],[-0.0764,43.88396],[-0.07395,43.87768],[-0.08018,43.86837],[-0.08684,43.86596],[-0.09314,43.86855],[-0.0979,43.86399],[-0.08524,43.86266],[-0.08495,43.85728],[-0.08045,43.85731],[-0.07901,43.85268],[-0.07263,43.85304],[-0.07154,43.85096],[-0.06898,43.84654],[-0.06199,43.84288],[-0.05635,43.84436],[-0.05569,43.85088],[-0.04741,43.84895],[-0.04906,43.84557],[-0.04421,43.83544],[-0.03266,43.82999],[-0.03133,43.83284],[-0.03671,43.83996],[-0.03747,43.8456],[-0.04571,43.85001],[-0.0453,43.85532],[-0.05053,43.86362],[-0.05011,43.87198],[-0.0526,43.87755],[-0.05044,43.88212],[-0.05414,43.88221],[-0.0609,43.88779],[-0.06433,43.88801]]]},"properties":{"code_territoire":"iris322110000","libelle_territoire":"Lias-d'Armagnac (commune non irisée)"}},
{"type":"Feature","geometry":{"type":"Polygon","coordinates":[[[0.50462,44.05071],[0.5023,44.05729],[0.48843,44.05631],[0.48556,44.0592],[0.48406,44.05271],[0.47577,44.05505],[0.45964,44.05553],[0.45037,44.04432],[0.45648,44.04286],[0.46568,44.03462],[0.47249,44.03304],[0.48049,44.02696],[0.49314,44.02347],[0.50816,44.02551],[0.50721,44.03167],[0.50326,44.03626],[0.50686,44.04899],[0.50462,44.05071]]]},"properties":{"code_territoire":"iris322120000","libelle_territoire":"Ligardes (commune non irisée)"}},
{"type":"Feature","geometry":{"type":"Polygon","coordinates":[[[0.87506,43.47988],[0.87199,43.4766],[0.86097,43.47383],[0.87213,43.46635],[0.87114,43.46146],[0.88644,43.45853],[0.89046,43.46045],[0.87922,43.45055],[0.88208,43.4451],[0.88649,43.44954],[0.90996,43.43927],[0.91041,43.44122],[0.91569,43.4469],[0.92374,43.45076],[0.92695,43.4576],[0.93802,43.46762],[0.9379,43.47397],[0.93054,43.47666],[0.92123,43.48502],[0.90468,43.48548],[0.88916,43.48887],[0.88486,43.48552],[0.88042,43.4866],[0.87484,43.4851],[0.88293,43.48326],[0.87506,43.47988]]]},"properties":{"code_territoire":"iris322130000","libelle_territoire":"Lombez (commune non irisée)"}},
{"type":"Feature","geometry":{"type":"Polygon","coordinates":[[[0.00663,43.75786],[0.00987,43.75447],[0.00999,43.7482],[0.0219,43.73478],[0.02771,43.73129],[0.03204,43.72853],[0.04067,43.72789],[0.04448,43.72369],[0.05201,43.72804],[0.05491,43.73886],[0.04241,43.75359],[0.03736,43.75464],[0.03476,43.75738],[0.01889,43.76438],[0.01214,43.76136],[0.00523,43.75924],[0.00663,43.75786]]]},"properties":{"code_territoire":"iris322140000","libelle_territoire":"Loubédat (commune non irisée)"}},
{"type":"Feature","geometry":{"type":"Polygon","coordinates":[[[0.69789,43.4283],[0.69014,43.43154],[0.67979,43.43105],[0.67079,43.4344],[0.65944,43.43484],[0.65895,43.43235],[0.65342,43.43318],[0.65262,43.43077],[0.65562,43.43023],[0.65127,43.42479],[0.65663,43.42251],[0.66439,43.42348],[0.66845,43.41879],[0.66677,43.41664],[0.6685,43.41294],[0.68318,43.40959],[0.68574,43.4096],[0.68597,43.40456],[0.69605,43.40185],[0.69254,43.40503],[0.6863,43.40732],[0.69213,43.41471],[0.69084,43.41991],[0.69657,43.41964],[0.69701,43.42426],[0.69979,43.42635],[0.69789,43.4283]]]},"properties":{"code_territoire":"iris322500000","libelle_territoire":"Meilhan (commune non irisée)"}},
{"type":"Feature","geometry":{"type":"Polygon","coordinates":[[[0.50395,43.51404],[0.50694,43.51141],[0.49891,43.51066],[0.49542,43.50522],[0.48831,43.50562],[0.48547,43.4992],[0.49012,43.4879],[0.49443,43.48731],[0.49889,43.48516],[0.50328,43.48707],[0.5256,43.48528],[0.52797,43.48604],[0.52863,43.4902],[0.53219,43.49766],[0.53058,43.50943],[0.53595,43.51722],[0.52871,43.51919],[0.5123,43.51787],[0.50913,43.51386],[0.50516,43.51564],[0.50395,43.51404]]]},"properties":{"code_territoire":"iris322150000","libelle_territoire":"Loubersan (commune non irisée)"}},
{"type":"Feature","geometry":{"type":"Polygon","coordinates":[[[0.52297,43.45801],[0.52536,43.44652],[0.53497,43.44583],[0.53785,43.44172],[0.54271,43.4405],[0.55764,43.43656],[0.55831,43.43855],[0.56488,43.43942],[0.56685,43.44345],[0.5502,43.44939],[0.55068,43.45291],[0.55638,43.45637],[0.54974,43.4569],[0.54851,43.46041],[0.55296,43.46027],[0.55793,43.45694],[0.56761,43.45838],[0.56974,43.47097],[0.55446,43.47411],[0.55768,43.47652],[0.55185,43.47854],[0.54684,43.47009],[0.53888,43.46922],[0.53326,43.4642],[0.52482,43.46769],[0.52297,43.45801]]]},"properties":{"code_territoire":"iris322160000","libelle_territoire":"Lourties-Monbrun (commune non irisée)"}},
{"type":"Feature","geometry":{"type":"Polygon","coordinates":[[[0.19113,43.58871],[0.19006,43.59693],[0.17452,43.60159],[0.17309,43.60463],[0.16848,43.60492],[0.16499,43.60948],[0.16268,43.60496],[0.15602,43.60594],[0.14804,43.61117],[0.14413,43.61829],[0.13015,43.62524],[0.12605,43.62255],[0.13457,43.61969],[0.13502,43.6166],[0.12773,43.61463],[0.1224,43.61625],[0.11929,43.60957],[0.1237,43.60825],[0.12375,43.60496],[0.13017,43.59927],[0.13336,43.59909],[0.13489,43.6016],[0.14501,43.59428],[0.14912,43.59447],[0.1537,43.58377],[0.16108,43.57984],[0.16643,43.58119],[0.1678,43.57935],[0.17717,43.57924],[0.1819,43.58832],[0.18788,43.58531],[0.19113,43.58871]]]},"properties":{"code_territoire":"iris322170000","libelle_territoire":"Louslitges (commune non irisée)"}},
{"type":"Feature","geometry":{"type":"Polygon","coordinates":[[[0.09981,43.66244],[0.09142,43.66994],[0.08039,43.668],[0.07044,43.66007],[0.06411,43.65942],[0.05677,43.65471],[0.07133,43.64365],[0.08038,43.64588],[0.08142,43.6497],[0.09981,43.66244]]]},"properties":{"code_territoire":"iris322180000","libelle_territoire":"Loussous-Débat (commune non irisée)"}},
{"type":"Feature","geometry":{"type":"Polygon","coordinates":[[[0.17981,43.6552],[0.18224,43.65718],[0.19018,43.65616],[0.19869,43.65154],[0.19821,43.65668],[0.20936,43.65626],[0.22005,43.66127],[0.23179,43.66154],[0.23477,43.66661],[0.23256,43.6741],[0.23216,43.68554],[0.22842,43.68427],[0.22911,43.68717],[0.21186,43.69379],[0.20856,43.69893],[0.20476,43.70049],[0.20425,43.71152],[0.19657,43.71449],[0.18399,43.71472],[0.17504,43.72059],[0.17726,43.72617],[0.17072,43.7249],[0.1637,43.72722],[0.15818,43.72496],[0.1619,43.72106],[0.15848,43.71843],[0.14477,43.71722],[0.14261,43.71344],[0.1378,43.71369],[0.13887,43.71216],[0.14457,43.70171],[0.15086,43.69032],[0.17015,43.6758],[0.17448,43.66876],[0.17981,43.6552]]]},"properties":{"code_territoire":"iris322190000","libelle_territoire":"Lupiac (commune non irisée)"}},
{"type":"Feature","geometry":{"type":"Polygon","coordinates":[[[-0.13421,43.73058],[-0.13363,43.73263],[-0.12934,43.73062],[-0.12382,43.73548],[-0.11804,43.73608],[-0.11657,43.74242],[-0.11349,43.74309],[-0.11596,43.74609],[-0.12408,43.74172],[-0.14014,43.75303],[-0.14147,43.74989],[-0.14503,43.74998],[-0.14612,43.74463],[-0.16635,43.74104],[-0.15748,43.73142],[-0.16076,43.7301],[-0.16028,43.72624],[-0.1656,43.72197],[-0.15847,43.72194],[-0.14945,43.71712],[-0.13834,43.72561],[-0.13728,43.73106],[-0.13421,43.73058]]]},"properties":{"code_territoire":"iris322200000","libelle_territoire":"Luppé-Violles (commune non irisée)"}},
{"type":"Feature","geometry":{"type":"Polygon","coordinates":[[[0.70472,43.62779],[0.70371,43.62326],[0.70796,43.62178],[0.7111,43.61642],[0.72324,43.61317],[0.7456,43.60267],[0.74826,43.59827],[0.75612,43.60394],[0.76223,43.60811],[0.76456,43.60985],[0.76413,43.61408],[0.77424,43.62356],[0.77386,43.62624],[0.77066,43.62964],[0.76314,43.63021],[0.76027,43.63672],[0.75187,43.63775],[0.74887,43.6276],[0.75786,43.62116],[0.74067,43.6233],[0.72734,43.63259],[0.70606,43.636],[0.70472,43.62779]]]},"properties":{"code_territoire":"iris322210000","libelle_territoire":"Lussan (commune non irisée)"}},
{"type":"Feature","geometry":{"type":"Polygon","coordinates":[[[0.57373,43.75326],[0.56843,43.75443],[0.54978,43.76066],[0.54682,43.75605],[0.5373,43.75577],[0.53664,43.7541],[0.5305,43.75487],[0.53142,43.74653],[0.54579,43.74108],[0.5592,43.74419],[0.57373,43.75326]]]},"properties":{"code_territoire":"iris322510000","libelle_territoire":"Mérens (commune non irisée)"}},
{"type":"Feature","geometry":{"type":"Polygon","coordinates":[[[0.28336,43.45652],[0.28697,43.44101],[0.29247,43.43373],[0.29159,43.42911],[0.29127,43.42439],[0.27909,43.42347],[0.27969,43.42036],[0.27674,43.41944],[0.27939,43.41878],[0.28998,43.41833],[0.29194,43.42019],[0.29666,43.41],[0.29487,43.40518],[0.29653,43.4014],[0.29785,43.40486],[0.30796,43.40249],[0.30857,43.39784],[0.30038,43.3976],[0.29739,43.39641],[0.29742,43.3937],[0.30854,43.39151],[0.32602,43.3951],[0.32412,43.40009],[0.32598,43.41105],[0.32902,43.42199],[0.32674,43.43237],[0.33238,43.43193],[0.33188,43.4283],[0.33808,43.42929],[0.34061,43.43812],[0.33709,43.45133],[0.32729,43.44861],[0.32144,43.449],[0.32124,43.45911],[0.30495,43.45657],[0.28379,43.45737],[0.28336,43.45652]]]},"properties":{"code_territoire":"iris322520000","libelle_territoire":"Miélan (commune non irisée)"}},
{"type":"Feature","geometry":{"type":"Polygon","coordinates":[[[-0.14014,43.75303],[-0.12408,43.74172],[-0.11596,43.74609],[-0.11674,43.74773],[-0.11086,43.75123],[-0.10776,43.75642],[-0.09989,43.75667],[-0.08517,43.75647],[-0.08692,43.76532],[-0.08713,43.76761],[-0.09339,43.76955],[-0.0961,43.7729],[-0.10838,43.77767],[-0.11933,43.78468],[-0.1243,43.77619],[-0.1422,43.76281],[-0.14014,43.75303]]]},"properties":{"code_territoire":"iris322220000","libelle_territoire":"Magnan (commune non irisée)"}},
{"type":"Feature","geometry":{"type":"Polygon","coordinates":[[[0.70857,43.89182],[0.7284,43.88006],[0.73234,43.89063],[0.73817,43.89192],[0.73457,43.89428],[0.72955,43.90386],[0.71466,43.89931],[0.70857,43.89182]]]},"properties":{"code_territoire":"iris322230000","libelle_territoire":"Magnas (commune non irisée)"}},
{"type":"Feature","geometry":{"type":"Polygon","coordinates":[[[0.40786,43.86785],[0.41042,43.86851],[0.40851,43.87002],[0.41438,43.8702],[0.41318,43.87367],[0.41989,43.87373],[0.42598,43.87851],[0.42409,43.88368],[0.41952,43.88653],[0.42294,43.89163],[0.42266,43.89427],[0.41972,43.89294],[0.41549,43.89827],[0.41333,43.89765],[0.4107,43.9014],[0.40893,43.90063],[0.40806,43.90332],[0.40049,43.90159],[0.39415,43.90754],[0.39148,43.90769],[0.39203,43.90454],[0.38779,43.90521],[0.37899,43.90549],[0.37672,43.90242],[0.37206,43.90126],[0.37563,43.88574],[0.384,43.88711],[0.3924,43.8786],[0.39045,43.87491],[0.39736,43.87147],[0.39872,43.86785],[0.40148,43.86661],[0.40635,43.86925],[0.40786,43.86785]]]},"properties":{"code_territoire":"iris322240000","libelle_territoire":"Maignaut-Tauzia (commune non irisée)"}},
{"type":"Feature","geometry":{"type":"Polygon","coordinates":[[[0.19811,43.44327],[0.19552,43.44413],[0.18917,43.44127],[0.18501,43.44343],[0.18416,43.43855],[0.17501,43.43489],[0.17339,43.43608],[0.17371,43.43406],[0.17637,43.43163],[0.17578,43.42835],[0.18086,43.4266],[0.18007,43.41951],[0.18182,43.42227],[0.1902,43.42079],[0.20481,43.42242],[0.20976,43.42671],[0.21151,43.43243],[0.20712,43.43709],[0.20706,43.4404],[0.19811,43.44327]]]},"properties":{"code_territoire":"iris322250000","libelle_territoire":"Malabat (commune non irisée)"}},
{"type":"Feature","geometry":{"type":"Polygon","coordinates":[[[0.70381,44.01043],[0.70513,44.00243],[0.70691,44.00018],[0.71165,44.00032],[0.71881,44.00026],[0.7225,44.00382],[0.72172,44.00119],[0.72629,44.00167],[0.72742,43.99948],[0.72053,43.99783],[0.72016,43.99401],[0.72239,43.99378],[0.72251,43.98946],[0.73555,43.98481],[0.73043,43.97959],[0.73789,43.97233],[0.74067,43.97016],[0.75406,43.96956],[0.7729,43.96117],[0.77288,43.95937],[0.77722,43.95509],[0.78527,43.95819],[0.79311,43.96515],[0.78994,43.96905],[0.79471,43.97205],[0.79502,43.97541],[0.80119,43.97752],[0.80528,43.97682],[0.80548,43.97981],[0.80903,43.98215],[0.7873,43.99681],[0.79468,43.99791],[0.79372,44.00327],[0.78618,44.00261],[0.77992,44.00867],[0.76379,44.01223],[0.76407,44.02971],[0.76097,44.03116],[0.75646,44.0414],[0.74608,44.03878],[0.74725,44.0348],[0.74347,44.03246],[0.74306,44.02939],[0.73896,44.02812],[0.74019,44.02522],[0.73258,44.01794],[0.73296,44.01114],[0.72384,44.01222],[0.70381,44.01043]]]},"properties":{"code_territoire":"iris322530000","libelle_territoire":"Miradoux (commune non irisée)"}},
{"type":"Feature","geometry":{"type":"Polygon","coordinates":[[[0.4957,43.56519],[0.48613,43.57068],[0.46893,43.57517],[0.46637,43.57415],[0.46438,43.56859],[0.46815,43.56625],[0.46784,43.55959],[0.47428,43.5497],[0.45417,43.55103],[0.44979,43.54928],[0.4358,43.54965],[0.42685,43.5484],[0.43306,43.53322],[0.43758,43.52929],[0.44512,43.53118],[0.44764,43.53483],[0.46027,43.53569],[0.45918,43.5332],[0.46611,43.526],[0.46466,43.52352],[0.47111,43.52153],[0.47488,43.52129],[0.47731,43.52344],[0.48292,43.52175],[0.48625,43.53202],[0.47513,43.53586],[0.48306,43.53865],[0.4819,43.54088],[0.48433,43.5403],[0.48169,43.54688],[0.48567,43.54802],[0.48807,43.55322],[0.49634,43.55425],[0.50071,43.56019],[0.49374,43.56321],[0.4957,43.56519]]]},"properties":{"code_territoire":"iris322540000","libelle_territoire":"Miramont-d'Astarac (commune non irisée)"}},
{"type":"Feature","geometry":{"type":"Polygon","coordinates":[[[0.37855,43.35537],[0.38179,43.36481],[0.3928,43.37263],[0.39315,43.37982],[0.38658,43.38111],[0.3855,43.38336],[0.37713,43.37847],[0.37887,43.37551],[0.34339,43.37685],[0.3438,43.3726],[0.3466,43.37253],[0.34592,43.36683],[0.35981,43.36455],[0.35395,43.36156],[0.35288,43.35964],[0.35506,43.35839],[0.35202,43.35585],[0.36364,43.35244],[0.36366,43.34962],[0.36995,43.35302],[0.37879,43.35341],[0.37855,43.35537]]]},"properties":{"code_territoire":"iris322260000","libelle_territoire":"Manas-Bastanous (commune non irisée)"}},
{"type":"Feature","geometry":{"type":"Polygon","coordinates":[[[0.01351,43.81861],[0.01665,43.81301],[0.02565,43.80992],[0.0268,43.80572],[0.0354,43.79655],[0.03461,43.79022],[0.04552,43.78388],[0.04955,43.78225],[0.05542,43.783],[0.06454,43.79154],[0.07814,43.79287],[0.07967,43.79468],[0.10697,43.79105],[0.11547,43.79367],[0.11452,43.80004],[0.12301,43.80853],[0.12001,43.81566],[0.11784,43.81761],[0.11926,43.82232],[0.11371,43.82934],[0.09631,43.81719],[0.08192,43.8246],[0.07196,43.83741],[0.0408,43.85132],[0.02739,43.85493],[0.02763,43.84638],[0.02193,43.84514],[0.00728,43.84927],[0.00021,43.85338],[-0.00236,43.85281],[-0.00126,43.84681],[0.00365,43.83655],[0.00943,43.83286],[0.00943,43.83061],[0.01234,43.8302],[0.01351,43.81861]]]},"properties":{"code_territoire":"iris322270000","libelle_territoire":"Manciet (commune non irisée)"}},
{"type":"Feature","geometry":{"type":"Polygon","coordinates":[[[0.61612,43.34782],[0.60913,43.34755],[0.60842,43.34985],[0.60456,43.3504],[0.60342,43.34735],[0.59366,43.34698],[0.59332,43.33994],[0.58657,43.33682],[0.58861,43.33658],[0.588,43.3318],[0.59095,43.32668],[0.58746,43.32418],[0.58385,43.32795],[0.57482,43.32611],[0.5771,43.32586],[0.57649,43.32391],[0.58797,43.32405],[0.60567,43.31749],[0.61058,43.32057],[0.6107,43.32331],[0.61725,43.32541],[0.61846,43.33404],[0.62231,43.33893],[0.62521,43.34722],[0.61647,43.34573],[0.61612,43.34782]]]},"properties":{"code_territoire":"iris322280000","libelle_territoire":"Manent-Montané (commune non irisée)"}},
{"type":"Feature","geometry":{"type":"Polygon","coordinates":[[[0.79826,43.73861],[0.8017,43.73528],[0.81214,43.73204],[0.82632,43.73062],[0.82711,43.73386],[0.83318,43.73543],[0.82665,43.74163],[0.82882,43.74472],[0.8243,43.74933],[0.82583,43.75316],[0.81723,43.75298],[0.80676,43.75623],[0.80552,43.75399],[0.79483,43.75276],[0.78372,43.74689],[0.80026,43.73993],[0.79826,43.73861]]]},"properties":{"code_territoire":"iris322290000","libelle_territoire":"Mansempuy (commune non irisée)"}},
{"type":"Feature","geometry":{"type":"Polygon","coordinates":[[[0.32944,43.88144],[0.32993,43.88007],[0.31919,43.87782],[0.31103,43.87908],[0.30914,43.87469],[0.30803,43.86876],[0.31866,43.86874],[0.32914,43.87088],[0.33003,43.87295],[0.334,43.86806],[0.34399,43.8677],[0.35047,43.86541],[0.35528,43.8718],[0.34876,43.87427],[0.34433,43.88206],[0.33914,43.88324],[0.33852,43.88108],[0.32944,43.88144]]]},"properties":{"code_territoire":"iris322300000","libelle_territoire":"Mansencôme (commune non irisée)"}},
{"type":"Feature","geometry":{"type":"Polygon","coordinates":[[[0.35288,43.77469],[0.35485,43.78062],[0.35037,43.7829],[0.34446,43.77995],[0.34115,43.78384],[0.34243,43.78704],[0.33169,43.79164],[0.32,43.7918],[0.31728,43.78681],[0.31061,43.78784],[0.30881,43.7899],[0.29378,43.78779],[0.28981,43.78977],[0.29368,43.78615],[0.29035,43.78345],[0.29381,43.77778],[0.30655,43.77754],[0.30392,43.76913],[0.30659,43.76645],[0.31419,43.76652],[0.3154,43.76833],[0.31779,43.76622],[0.33605,43.76379],[0.33915,43.76588],[0.33695,43.76976],[0.34203,43.76838],[0.34622,43.77338],[0.35053,43.77243],[0.35288,43.77469]]]},"properties":{"code_territoire":"iris322310000","libelle_territoire":"Marambat (commune non irisée)"}},
{"type":"Feature","geometry":{"type":"Polygon","coordinates":[[[0.72022,43.77068],[0.69296,43.78271],[0.69102,43.78774],[0.6948,43.79025],[0.69095,43.79542],[0.67823,43.78991],[0.67194,43.79647],[0.66577,43.79538],[0.66634,43.78656],[0.66346,43.78269],[0.67131,43.77994],[0.66979,43.77729],[0.6733,43.77275],[0.66936,43.76702],[0.67788,43.76223],[0.67415,43.75738],[0.68017,43.75612],[0.68412,43.76067],[0.68158,43.76482],[0.70606,43.76072],[0.71079,43.76407],[0.71279,43.76697],[0.71869,43.76789],[0.72022,43.77068]]]},"properties":{"code_territoire":"iris322550000","libelle_territoire":"Miramont-Latour (commune non irisée)"}},
{"type":"Feature","geometry":{"type":"Polygon","coordinates":[[[0.36165,43.53355],[0.36103,43.52415],[0.37694,43.52391],[0.38128,43.52613],[0.38614,43.52594],[0.38777,43.51929],[0.3855,43.5194],[0.38435,43.5165],[0.3844,43.50949],[0.39488,43.50888],[0.39277,43.50248],[0.39739,43.50187],[0.40158,43.49751],[0.40352,43.49774],[0.40065,43.49015],[0.40573,43.49017],[0.40723,43.4923],[0.41025,43.48983],[0.41687,43.49128],[0.41926,43.48949],[0.43373,43.48758],[0.43589,43.48822],[0.43426,43.50052],[0.44179,43.49979],[0.45049,43.49586],[0.44592,43.50113],[0.43738,43.50421],[0.43387,43.50526],[0.4338,43.5086],[0.43474,43.51332],[0.44092,43.51751],[0.4404,43.52541],[0.43758,43.52929],[0.43306,43.53322],[0.42685,43.5484],[0.42415,43.55086],[0.41508,43.55252],[0.41177,43.55092],[0.40806,43.54863],[0.41258,43.5454],[0.41021,43.54048],[0.41768,43.53717],[0.41231,43.53361],[0.38778,43.5361],[0.37433,43.53415],[0.36298,43.53672],[0.36165,43.53355]]]},"properties":{"code_territoire":"iris322560000","libelle_territoire":"Mirande (commune non irisée)"}},
{"type":"Feature","geometry":{"type":"Polygon","coordinates":[[[0.36627,43.60942],[0.36806,43.60107],[0.37295,43.60112],[0.37202,43.60665],[0.37457,43.60894],[0.38317,43.60829],[0.38785,43.61076],[0.39594,43.61131],[0.39591,43.61347],[0.40035,43.61897],[0.39575,43.62332],[0.39999,43.62766],[0.39568,43.63298],[0.39848,43.63455],[0.39661,43.64302],[0.38946,43.64349],[0.37362,43.63979],[0.37337,43.6388],[0.37091,43.63448],[0.37534,43.62717],[0.3727,43.62237],[0.37434,43.61838],[0.36298,43.61259],[0.36627,43.60942]]]},"properties":{"code_territoire":"iris322570000","libelle_territoire":"Mirannes (commune non irisée)"}},
{"type":"Feature","geometry":{"type":"Polygon","coordinates":[[[0.78372,43.74689],[0.79483,43.75276],[0.80552,43.75399],[0.80676,43.75623],[0.80718,43.75697],[0.77902,43.75562],[0.76538,43.76055],[0.76604,43.76384],[0.76974,43.76344],[0.76994,43.76949],[0.75058,43.77666],[0.74867,43.77405],[0.73768,43.77515],[0.73571,43.77263],[0.74107,43.7704],[0.74622,43.77114],[0.74174,43.76151],[0.74689,43.7511],[0.75866,43.75477],[0.78086,43.75419],[0.78257,43.75215],[0.77727,43.7511],[0.77544,43.74837],[0.77311,43.74951],[0.7793,43.74342],[0.78372,43.74689]]]},"properties":{"code_territoire":"iris322320000","libelle_territoire":"Maravat (commune non irisée)"}},
{"type":"Feature","geometry":{"type":"Polygon","coordinates":[[[0.15851,43.50408],[0.16767,43.49759],[0.17012,43.50449],[0.1763,43.50655],[0.17874,43.50404],[0.18763,43.50673],[0.19162,43.51657],[0.18993,43.51755],[0.19197,43.52021],[0.18453,43.52332],[0.18646,43.52858],[0.19797,43.5332],[0.19301,43.54138],[0.19267,43.54143],[0.18181,43.54414],[0.17035,43.54091],[0.16138,43.53376],[0.15154,43.53775],[0.14838,43.53656],[0.14655,43.5404],[0.14147,43.54318],[0.1356,43.54069],[0.14031,43.53181],[0.14626,43.52953],[0.145,43.52659],[0.13338,43.52558],[0.12996,43.52916],[0.11655,43.5288],[0.11688,43.52651],[0.11228,43.52747],[0.11226,43.51748],[0.1166,43.51498],[0.11618,43.5105],[0.12719,43.49881],[0.13266,43.50355],[0.14155,43.50559],[0.14281,43.50888],[0.14958,43.51169],[0.15592,43.51024],[0.15851,43.50408]]]},"properties":{"code_territoire":"iris322330000","libelle_territoire":"Marciac (commune non irisée)"}},
{"type":"Feature","geometry":{"type":"Polygon","coordinates":[[[1.03522,43.57891],[1.03447,43.58217],[1.03862,43.58626],[1.0366,43.58828],[1.04135,43.59038],[1.02874,43.59449],[1.02222,43.60123],[1.01743,43.5923],[1.01305,43.59124],[1.00064,43.593],[0.99306,43.5892],[0.98603,43.58882],[0.98583,43.58534],[0.99005,43.58222],[1.00089,43.57436],[1.02284,43.56943],[1.03027,43.57269],[1.03522,43.57891]]]},"properties":{"code_territoire":"iris322340000","libelle_territoire":"Marestaing (commune non irisée)"}},
{"type":"Feature","geometry":{"type":"Polygon","coordinates":[[[0.67415,43.75738],[0.65468,43.75391],[0.64277,43.74169],[0.65056,43.73824],[0.65654,43.73925],[0.65823,43.73289],[0.6642,43.73123],[0.66689,43.73332],[0.66464,43.73561],[0.66895,43.73919],[0.69035,43.73291],[0.6923,43.73678],[0.69493,43.73505],[0.69852,43.73914],[0.69323,43.74375],[0.68522,43.74513],[0.68524,43.74958],[0.68017,43.75612],[0.67415,43.75738]]]},"properties":{"code_territoire":"iris322580000","libelle_territoire":"Mirepoix (commune non irisée)"}},
{"type":"Feature","geometry":{"type":"Polygon","coordinates":[[[0.744,43.38171],[0.72194,43.39304],[0.71878,43.3896],[0.70836,43.39249],[0.70728,43.38621],[0.70101,43.38238],[0.69168,43.38491],[0.69,43.38384],[0.68962,43.38158],[0.69895,43.38093],[0.69378,43.37322],[0.70263,43.36441],[0.70887,43.36871],[0.7109,43.37433],[0.71507,43.37472],[0.71371,43.37755],[0.71685,43.3813],[0.71509,43.37911],[0.71783,43.3764],[0.73364,43.37101],[0.744,43.38171]]]},"properties":{"code_territoire":"iris322600000","libelle_territoire":"Monbardon (commune non irisée)"}},
{"type":"Feature","geometry":{"type":"Polygon","coordinates":[[[0.0947,43.75139],[0.08278,43.74523],[0.09233,43.73986],[0.08664,43.73434],[0.07856,43.73241],[0.08823,43.72504],[0.09007,43.71165],[0.09675,43.70735],[0.10151,43.70831],[0.10865,43.7054],[0.11146,43.70844],[0.13887,43.71216],[0.1378,43.71369],[0.14261,43.71344],[0.14477,43.71722],[0.15848,43.71843],[0.1619,43.72106],[0.15818,43.72496],[0.1637,43.72722],[0.16295,43.72974],[0.15827,43.73192],[0.15241,43.73105],[0.14176,43.7403],[0.13708,43.7362],[0.12587,43.73536],[0.11004,43.73742],[0.10373,43.74445],[0.09952,43.74488],[0.09791,43.7501],[0.0947,43.75139]]]},"properties":{"code_territoire":"iris322350000","libelle_territoire":"Margouët-Meymes (commune non irisée)"}},
{"type":"Feature","geometry":{"type":"Polygon","coordinates":[[[-0.05011,43.87198],[-0.03817,43.8718],[-0.03223,43.87568],[-0.0259,43.88443],[-0.02703,43.89005],[-0.03406,43.8929],[-0.03754,43.88893],[-0.04392,43.88893],[-0.05044,43.88212],[-0.0526,43.87755],[-0.05011,43.87198]]]},"properties":{"code_territoire":"iris322360000","libelle_territoire":"Marguestau (commune non irisée)"}},
{"type":"Feature","geometry":{"type":"Polygon","coordinates":[[[0.69766,43.6566],[0.69495,43.65338],[0.69514,43.64808],[0.69148,43.64838],[0.69143,43.64698],[0.69189,43.64389],[0.70693,43.64151],[0.70606,43.636],[0.72734,43.63259],[0.74067,43.6233],[0.75786,43.62116],[0.74887,43.6276],[0.75187,43.63775],[0.74454,43.64666],[0.7436,43.6501],[0.74586,43.65066],[0.73636,43.65469],[0.74679,43.65769],[0.73581,43.66342],[0.72847,43.66261],[0.72338,43.66992],[0.71366,43.67209],[0.70341,43.66696],[0.69766,43.6566]]]},"properties":{"code_territoire":"iris322370000","libelle_territoire":"Marsan (commune non irisée)"}},
{"type":"Feature","geometry":{"type":"Polygon","coordinates":[[[0.47744,43.38725],[0.44569,43.38555],[0.44894,43.37828],[0.4465,43.37727],[0.44824,43.37457],[0.44447,43.36861],[0.44729,43.36531],[0.46328,43.36359],[0.46995,43.36473],[0.47642,43.3688],[0.48492,43.36964],[0.4877,43.38193],[0.47793,43.38346],[0.47744,43.38725]]]},"properties":{"code_territoire":"iris324010000","libelle_territoire":"Saint-Ost (commune non irisée)"}},
{"type":"Feature","geometry":{"type":"Polygon","coordinates":[[[1.02661,43.44725],[1.0251,43.45235],[1.01339,43.45693],[1.01335,43.46151],[1.0165,43.46391],[1.00895,43.47176],[0.98701,43.48551],[0.98341,43.48374],[0.98091,43.48751],[0.97735,43.48571],[0.97615,43.48833],[0.96989,43.48435],[0.96656,43.47581],[0.96789,43.46586],[0.97479,43.46557],[0.97464,43.4551],[0.98055,43.45271],[0.98222,43.44795],[0.98891,43.44941],[0.9924,43.44669],[1.00238,43.4461],[1.00377,43.44805],[1.01121,43.4465],[1.01429,43.44266],[1.01282,43.4457],[1.01488,43.44806],[1.02661,43.44725]]]},"properties":{"code_territoire":"iris322610000","libelle_territoire":"Monblanc (commune non irisée)"}},
{"type":"Feature","geometry":{"type":"Polygon","coordinates":[[[1.05824,43.67079],[1.04406,43.67206],[1.03781,43.67489],[1.03644,43.67331],[1.02573,43.6788],[1.01316,43.68229],[1.00766,43.68039],[1.01197,43.67547],[1.00624,43.67384],[1.00693,43.67028],[0.99963,43.66443],[0.9996,43.66404],[1.01775,43.65174],[1.03023,43.64841],[1.03583,43.65503],[1.04159,43.65454],[1.04373,43.65515],[1.04386,43.65879],[1.04917,43.65839],[1.04703,43.66356],[1.06306,43.65964],[1.07487,43.66179],[1.07112,43.66481],[1.07192,43.66655],[1.0688,43.66635],[1.06376,43.67159],[1.05824,43.67079]]]},"properties":{"code_territoire":"iris322620000","libelle_territoire":"Monbrun (commune non irisée)"}},
{"type":"Feature","geometry":{"type":"Polygon","coordinates":[[[0.35037,43.7829],[0.35485,43.78062],[0.35288,43.77469],[0.3578,43.76551],[0.36333,43.76581],[0.36266,43.76356],[0.36667,43.76164],[0.38201,43.76064],[0.38795,43.7648],[0.38653,43.76629],[0.38295,43.76892],[0.3887,43.77001],[0.38318,43.77769],[0.38988,43.7816],[0.39036,43.78336],[0.38708,43.78476],[0.38818,43.78681],[0.39232,43.78757],[0.39237,43.78995],[0.38887,43.78966],[0.39022,43.79715],[0.38701,43.79764],[0.38687,43.80124],[0.37777,43.80069],[0.37883,43.79729],[0.36932,43.80036],[0.35456,43.78411],[0.35037,43.7829]]]},"properties":{"code_territoire":"iris324020000","libelle_territoire":"Saint-Paul-de-Baïse (commune non irisée)"}},
{"type":"Feature","geometry":{"type":"Polygon","coordinates":[[[0.17981,43.6552],[0.17448,43.66876],[0.15736,43.6645],[0.1559,43.6597],[0.14355,43.65724],[0.14291,43.65054],[0.14698,43.64998],[0.14022,43.64488],[0.14779,43.63708],[0.15775,43.63168],[0.16942,43.63776],[0.1771,43.63761],[0.18007,43.65504],[0.17981,43.6552]]]},"properties":{"code_territoire":"iris324030000","libelle_territoire":"Saint-Pierre-d'Aubézies (commune non irisée)"}},
{"type":"Feature","geometry":{"type":"Polygon","coordinates":[[[0.50849,43.87405],[0.49397,43.87845],[0.49795,43.88094],[0.49653,43.88704],[0.48052,43.88741],[0.46718,43.89623],[0.4479,43.90161],[0.44449,43.89923],[0.44514,43.89729],[0.43778,43.89591],[0.43829,43.89272],[0.43537,43.89162],[0.43212,43.89402],[0.42821,43.89336],[0.42665,43.89044],[0.42294,43.89163],[0.41952,43.88653],[0.42409,43.88368],[0.42598,43.87851],[0.41989,43.87373],[0.41318,43.87367],[0.41438,43.8702],[0.40851,43.87002],[0.41042,43.86851],[0.40786,43.86785],[0.40839,43.86219],[0.41349,43.85983],[0.41754,43.85143],[0.42456,43.84973],[0.4245,43.84666],[0.42576,43.84536],[0.42789,43.84618],[0.42975,43.84442],[0.44186,43.8483],[0.45567,43.84352],[0.45798,43.8467],[0.46445,43.84169],[0.46759,43.84225],[0.46863,43.84544],[0.47817,43.8423],[0.47991,43.84353],[0.48842,43.83972],[0.49935,43.84135],[0.50383,43.85362],[0.49829,43.85447],[0.49805,43.85625],[0.50194,43.86439],[0.50854,43.8689],[0.50849,43.87405]]]},"properties":{"code_territoire":"iris324040000","libelle_territoire":"Saint-Puy (commune non irisée)"}},
{"type":"Feature","geometry":{"type":"Polygon","coordinates":[[[0.4936,43.44156],[0.50113,43.44401],[0.5025,43.44824],[0.50782,43.44824],[0.50531,43.45651],[0.51559,43.45889],[0.51647,43.46255],[0.50017,43.46054],[0.49674,43.46199],[0.4935,43.46863],[0.49098,43.46521],[0.48506,43.46707],[0.48316,43.46537],[0.47318,43.46908],[0.47352,43.46697],[0.46992,43.46669],[0.46666,43.47171],[0.46237,43.47066],[0.46683,43.46221],[0.45545,43.4575],[0.46047,43.45387],[0.46025,43.45038],[0.44763,43.44606],[0.44713,43.4429],[0.44599,43.44023],[0.43957,43.43723],[0.44037,43.42539],[0.4434,43.42373],[0.44633,43.4268],[0.45188,43.42703],[0.45267,43.42508],[0.46172,43.42568],[0.4624,43.43538],[0.4511,43.43111],[0.45345,43.43627],[0.45792,43.43546],[0.46058,43.43781],[0.47431,43.44089],[0.486,43.43726],[0.48729,43.44168],[0.49189,43.44018],[0.4936,43.44156]]]},"properties":{"code_territoire":"iris322630000","libelle_territoire":"Moncassin (commune non irisée)"}},
{"type":"Feature","geometry":{"type":"Polygon","coordinates":[[[-0.1353,43.93613],[-0.1195,43.92334],[-0.11118,43.91299],[-0.09937,43.90275],[-0.09105,43.89923],[-0.09338,43.89259],[-0.08626,43.89004],[-0.08127,43.88433],[-0.0764,43.88396],[-0.0733,43.88692],[-0.06806,43.88549],[-0.06433,43.88801],[-0.07601,43.90079],[-0.08543,43.90495],[-0.08238,43.90976],[-0.08308,43.91487],[-0.09847,43.91802],[-0.10259,43.92082],[-0.10276,43.92712],[-0.10889,43.92937],[-0.10758,43.93264],[-0.11562,43.93632],[-0.12487,43.94436],[-0.12651,43.94077],[-0.1353,43.93613]]]},"properties":{"code_territoire":"iris322640000","libelle_territoire":"Monclar (commune non irisée)"}},
{"type":"Feature","geometry":{"type":"Polygon","coordinates":[[[0.35001,43.50455],[0.35804,43.51179],[0.36103,43.52415],[0.36165,43.53355],[0.34819,43.53816],[0.33574,43.54639],[0.33274,43.54419],[0.33539,43.54128],[0.33187,43.53758],[0.33113,43.53367],[0.32311,43.53174],[0.32297,43.52666],[0.31222,43.52793],[0.31027,43.52345],[0.32797,43.52231],[0.32365,43.508],[0.33001,43.50857],[0.33225,43.50646],[0.34359,43.50389],[0.35001,43.50455]]]},"properties":{"code_territoire":"iris322650000","libelle_territoire":"Monclar-sur-Losse (commune non irisée)"}},
{"type":"Feature","geometry":{"type":"Polygon","coordinates":[[[0.62259,43.45563],[0.62645,43.4532],[0.62736,43.44619],[0.62412,43.44471],[0.62732,43.44211],[0.65424,43.43999],[0.65534,43.44493],[0.66607,43.44362],[0.67548,43.44806],[0.67163,43.44983],[0.67434,43.45575],[0.67818,43.45802],[0.66728,43.46264],[0.65854,43.46237],[0.65733,43.46387],[0.65512,43.46193],[0.64998,43.46182],[0.63783,43.46097],[0.63615,43.4567],[0.62373,43.45718],[0.62259,43.45563]],[[0.654,43.4452],[0.65366,43.44357],[0.62936,43.44366],[0.62755,43.44622],[0.6542,43.44708],[0.654,43.4452]]]},"properties":{"code_territoire":"iris322660000","libelle_territoire":"Moncorneil-Grazan (commune non irisée)"}},
{"type":"Feature","geometry":{"type":"Polygon","coordinates":[[[0.57569,43.85474],[0.56843,43.84886],[0.5682,43.8413],[0.56457,43.84014],[0.56364,43.8331],[0.57265,43.82457],[0.58319,43.82532],[0.59085,43.82126],[0.59507,43.8362],[0.60064,43.8341],[0.60357,43.84169],[0.6093,43.8419],[0.60733,43.85223],[0.60774,43.8553],[0.60089,43.85753],[0.59726,43.85885],[0.59018,43.85212],[0.5821,43.86028],[0.57569,43.85474]]]},"properties":{"code_territoire":"iris324050000","libelle_territoire":"Sainte-Radegonde (commune non irisée)"}},
{"type":"Feature","geometry":{"type":"Polygon","coordinates":[[[0.84348,43.7011],[0.83726,43.70171],[0.82982,43.71091],[0.82145,43.71425],[0.8075,43.71427],[0.80108,43.71859],[0.78983,43.71523],[0.78503,43.71833],[0.76744,43.71384],[0.76958,43.71129],[0.77929,43.70893],[0.77501,43.70213],[0.78972,43.69071],[0.7981,43.68715],[0.81692,43.6842],[0.81959,43.68155],[0.82312,43.68371],[0.82431,43.68264],[0.83253,43.68069],[0.83583,43.67688],[0.83789,43.67814],[0.84095,43.67463],[0.84625,43.67311],[0.84871,43.67541],[0.84508,43.67926],[0.85077,43.68521],[0.84646,43.68698],[0.85003,43.69035],[0.84521,43.69508],[0.84757,43.6997],[0.84348,43.7011]]]},"properties":{"code_territoire":"iris324060000","libelle_territoire":"Saint-Sauvy (commune non irisée)"}},
{"type":"Feature","geometry":{"type":"Polygon","coordinates":[[[0.87887,43.49373],[0.88342,43.49915],[0.90072,43.51014],[0.89259,43.51484],[0.88629,43.51129],[0.86077,43.52219],[0.84717,43.51983],[0.8467,43.52295],[0.84294,43.52523],[0.83812,43.5244],[0.83138,43.52039],[0.83243,43.51584],[0.82676,43.50849],[0.83426,43.50393],[0.84291,43.49841],[0.86131,43.49478],[0.87887,43.49373]]]},"properties":{"code_territoire":"iris324070000","libelle_territoire":"Saint-Soulan (commune non irisée)"}},
{"type":"Feature","geometry":{"type":"Polygon","coordinates":[[[-0.03266,43.82999],[-0.03678,43.82679],[-0.04519,43.82634],[-0.04486,43.81561],[-0.04819,43.81342],[-0.05792,43.81465],[-0.05855,43.81305],[-0.06054,43.81449],[-0.06246,43.81301],[-0.06588,43.80307],[-0.06521,43.80148],[-0.0569,43.8016],[-0.05228,43.79807],[-0.04501,43.79669],[-0.02421,43.80814],[-0.03098,43.82034],[-0.02843,43.82687],[-0.03266,43.82999]]]},"properties":{"code_territoire":"iris324080000","libelle_territoire":"Salles-d'Armagnac (commune non irisée)"}},
{"type":"Feature","geometry":{"type":"Polygon","coordinates":[[[0.51203,43.39421],[0.51036,43.39032],[0.51495,43.38664],[0.51129,43.38552],[0.51195,43.3829],[0.51887,43.37898],[0.52401,43.37938],[0.5322,43.37899],[0.54564,43.37438],[0.55212,43.38454],[0.55214,43.39418],[0.53454,43.39923],[0.53617,43.40558],[0.53062,43.40651],[0.5328,43.41043],[0.52594,43.41018],[0.51941,43.41101],[0.51711,43.40877],[0.51768,43.40263],[0.51304,43.3998],[0.51203,43.39421]]]},"properties":{"code_territoire":"iris324090000","libelle_territoire":"Samaran (commune non irisée)"}},
{"type":"Feature","geometry":{"type":"Polygon","coordinates":[[[0.65847,43.51506],[0.65461,43.5146],[0.6534,43.51697],[0.64824,43.51497],[0.63246,43.51733],[0.63095,43.51047],[0.63406,43.50744],[0.63331,43.50492],[0.62009,43.4976],[0.62283,43.49474],[0.61747,43.49446],[0.616,43.49207],[0.61458,43.48527],[0.6168,43.48346],[0.62422,43.47837],[0.62908,43.4771],[0.6311,43.48034],[0.64976,43.47268],[0.65475,43.48427],[0.66694,43.48519],[0.66673,43.48823],[0.65305,43.49023],[0.65181,43.49762],[0.64538,43.49813],[0.64905,43.50376],[0.65181,43.50319],[0.65398,43.50644],[0.66123,43.50754],[0.66058,43.515],[0.65847,43.51506]]]},"properties":{"code_territoire":"iris322670000","libelle_territoire":"Monferran-Plavès (commune non irisée)"}},
{"type":"Feature","geometry":{"type":"Polygon","coordinates":[[[0.93802,43.46762],[0.94317,43.46741],[0.94953,43.46001],[0.9554,43.45954],[0.95736,43.45565],[0.96013,43.45504],[0.97464,43.4551],[0.97479,43.46557],[0.96789,43.46586],[0.96656,43.47581],[0.96989,43.48435],[0.97615,43.48833],[0.96657,43.49452],[0.96802,43.50128],[0.97239,43.50521],[0.98159,43.49972],[0.98658,43.5032],[0.98135,43.50997],[0.97381,43.51362],[0.97649,43.51701],[0.9698,43.51742],[0.96697,43.51446],[0.96398,43.51318],[0.9603,43.51508],[0.95357,43.50878],[0.93983,43.51395],[0.92057,43.51603],[0.91341,43.52599],[0.90428,43.5293],[0.89072,43.53112],[0.89144,43.52609],[0.90047,43.52342],[0.89675,43.5187],[0.90738,43.51379],[0.90072,43.51014],[0.88342,43.49915],[0.87887,43.49373],[0.86927,43.48836],[0.87393,43.48467],[0.87277,43.48208],[0.87506,43.47988],[0.88293,43.48326],[0.87484,43.4851],[0.88042,43.4866],[0.88486,43.48552],[0.88916,43.48887],[0.90468,43.48548],[0.92123,43.48502],[0.93054,43.47666],[0.9379,43.47397],[0.93802,43.46762]]]},"properties":{"code_territoire":"iris324100000","libelle_territoire":"Samatan (commune non irisée)"}},
{"type":"Feature","geometry":{"type":"Polygon","coordinates":[[[0.62206,43.53529],[0.61752,43.5351],[0.61835,43.53696],[0.61469,43.53813],[0.60579,43.53688],[0.60227,43.53028],[0.59067,43.52883],[0.58891,43.52644],[0.60652,43.52502],[0.60559,43.52163],[0.61245,43.51835],[0.61773,43.51928],[0.62287,43.51726],[0.62506,43.52049],[0.62741,43.52249],[0.62296,43.52839],[0.62596,43.53317],[0.62206,43.53529]]]},"properties":{"code_territoire":"iris324110000","libelle_territoire":"Sansan (commune non irisée)"}},
{"type":"Feature","geometry":{"type":"Polygon","coordinates":[[[0.79221,43.51623],[0.78715,43.51893],[0.79016,43.52218],[0.78858,43.52484],[0.77827,43.5241],[0.77725,43.52916],[0.77152,43.53187],[0.77494,43.5362],[0.7651,43.53722],[0.74925,43.54713],[0.73998,43.54814],[0.73872,43.54626],[0.73571,43.54074],[0.73858,43.51961],[0.74586,43.51707],[0.74542,43.51538],[0.75224,43.51434],[0.7483,43.50707],[0.77077,43.50597],[0.78139,43.50529],[0.78576,43.51289],[0.79221,43.51623]]]},"properties":{"code_territoire":"iris324120000","libelle_territoire":"Saramon (commune non irisée)"}},
{"type":"Feature","geometry":{"type":"Polygon","coordinates":[[[0.94316,43.61362],[0.95398,43.61042],[0.94839,43.59968],[0.97219,43.59353],[0.98583,43.58534],[0.98603,43.58882],[0.99306,43.5892],[1.00064,43.593],[1.01305,43.59124],[1.01743,43.5923],[1.02222,43.60123],[1.02426,43.60464],[1.01916,43.60342],[1.02195,43.60734],[1.01837,43.61196],[1.02006,43.61507],[1.00634,43.62394],[0.9991,43.62669],[0.98222,43.6273],[0.98797,43.63618],[0.97312,43.6424],[0.97012,43.64123],[0.96624,43.64301],[0.96378,43.63918],[0.95967,43.64007],[0.95483,43.63152],[0.94239,43.63302],[0.94806,43.62904],[0.94528,43.62471],[0.94108,43.61779],[0.94316,43.61362]]]},"properties":{"code_territoire":"iris322680000","libelle_territoire":"Monferran-Savès (commune non irisée)"}},
{"type":"Feature","geometry":{"type":"Polygon","coordinates":[[[0.78632,43.81509],[0.78905,43.80114],[0.7862,43.80182],[0.78179,43.79758],[0.76127,43.79736],[0.77053,43.79248],[0.78395,43.79267],[0.78832,43.79484],[0.79814,43.79509],[0.79669,43.79183],[0.80227,43.79089],[0.80303,43.78865],[0.80483,43.78994],[0.81298,43.78553],[0.81368,43.7878],[0.81236,43.77288],[0.84013,43.76099],[0.84361,43.76438],[0.84436,43.77245],[0.84873,43.77267],[0.84877,43.77544],[0.86099,43.77345],[0.85989,43.77853],[0.86444,43.77934],[0.86245,43.78252],[0.86418,43.78776],[0.85909,43.79413],[0.85684,43.80094],[0.85422,43.80073],[0.85154,43.80478],[0.84975,43.80376],[0.85053,43.80536],[0.84521,43.80948],[0.84575,43.81494],[0.831,43.81038],[0.82952,43.80824],[0.82035,43.81084],[0.81113,43.8104],[0.7999,43.81299],[0.79875,43.81158],[0.7919,43.81261],[0.78632,43.81509]]]},"properties":{"code_territoire":"iris322690000","libelle_territoire":"Monfort (commune non irisée)"}},
{"type":"Feature","geometry":{"type":"Polygon","coordinates":[[[0.69862,43.35923],[0.70263,43.36441],[0.69378,43.37322],[0.69895,43.38093],[0.68962,43.38158],[0.69,43.38384],[0.68694,43.38503],[0.68508,43.38115],[0.68265,43.38657],[0.6802,43.38679],[0.67871,43.38422],[0.68159,43.38163],[0.66755,43.3781],[0.66804,43.37448],[0.67166,43.37005],[0.65927,43.36971],[0.65448,43.36787],[0.65347,43.36418],[0.66679,43.36372],[0.67073,43.36261],[0.67186,43.35964],[0.68638,43.35869],[0.68666,43.36074],[0.69179,43.3609],[0.69862,43.35923]]]},"properties":{"code_territoire":"iris324130000","libelle_territoire":"Sarcos (commune non irisée)"}},
{"type":"Feature","geometry":{"type":"Polygon","coordinates":[[[-0.06459,43.69544],[-0.07522,43.69224],[-0.07376,43.69092],[-0.07572,43.68953],[-0.07315,43.68857],[-0.07571,43.68672],[-0.07307,43.68393],[-0.07595,43.67469],[-0.07321,43.67381],[-0.07419,43.67059],[-0.06663,43.66808],[-0.05569,43.66848],[-0.05228,43.66445],[-0.04838,43.66356],[-0.03813,43.66441],[-0.03326,43.66464],[-0.03241,43.67072],[-0.03869,43.67301],[-0.03645,43.67321],[-0.02643,43.69384],[-0.02614,43.69696],[-0.02929,43.69682],[-0.03177,43.7025],[-0.02928,43.70654],[-0.03393,43.70529],[-0.03481,43.70267],[-0.05298,43.70273],[-0.06459,43.69544]]]},"properties":{"code_territoire":"iris324140000","libelle_territoire":"Sarragachies (commune non irisée)"}},
{"type":"Feature","geometry":{"type":"Polygon","coordinates":[[[0.32548,43.37501],[0.32967,43.36301],[0.32693,43.36054],[0.32845,43.34879],[0.33193,43.34324],[0.34356,43.34477],[0.34731,43.34912],[0.36366,43.34962],[0.36364,43.35244],[0.35202,43.35585],[0.35506,43.35839],[0.35288,43.35964],[0.35395,43.36156],[0.35981,43.36455],[0.34592,43.36683],[0.3466,43.37253],[0.3438,43.3726],[0.34339,43.37685],[0.34329,43.38147],[0.34864,43.38448],[0.32664,43.38936],[0.32548,43.37501]]]},"properties":{"code_territoire":"iris324150000","libelle_territoire":"Sarraguzan (commune non irisée)"}},
{"type":"Feature","geometry":{"type":"Polygon","coordinates":[[[0.96602,43.75995],[0.97007,43.76206],[0.96398,43.764],[0.96534,43.76577],[0.95986,43.77259],[0.95623,43.77362],[0.95678,43.78129],[0.94839,43.79204],[0.93813,43.79251],[0.93099,43.7883],[0.92363,43.79278],[0.91624,43.78448],[0.91146,43.78453],[0.90871,43.7876],[0.90404,43.78307],[0.89729,43.78856],[0.8935,43.77463],[0.89484,43.76912],[0.8996,43.76761],[0.89714,43.76567],[0.8994,43.76501],[0.90028,43.76055],[0.90049,43.75547],[0.89847,43.75457],[0.90433,43.74857],[0.90741,43.74933],[0.90816,43.74695],[0.91403,43.74682],[0.91286,43.74982],[0.91817,43.75196],[0.92953,43.74986],[0.92885,43.75255],[0.93318,43.75566],[0.94298,43.75926],[0.95046,43.75517],[0.95658,43.7524],[0.96014,43.75714],[0.96602,43.75995]]]},"properties":{"code_territoire":"iris324160000","libelle_territoire":"Sarrant (commune non irisée)"}},
{"type":"Feature","geometry":{"type":"Polygon","coordinates":[[[0.77077,43.50597],[0.77107,43.50349],[0.777,43.50259],[0.7826,43.50288],[0.78591,43.50512],[0.79457,43.50336],[0.7991,43.49524],[0.80285,43.50081],[0.80813,43.50318],[0.81066,43.49788],[0.80654,43.4963],[0.80497,43.49283],[0.82165,43.48942],[0.82761,43.48732],[0.82761,43.48488],[0.83537,43.48494],[0.83593,43.48641],[0.83764,43.48852],[0.83383,43.49437],[0.83519,43.49774],[0.83196,43.49962],[0.83426,43.50393],[0.82676,43.50849],[0.80809,43.50952],[0.80772,43.51178],[0.80144,43.51137],[0.79221,43.51623],[0.78576,43.51289],[0.78139,43.50529],[0.77077,43.50597]]]},"properties":{"code_territoire":"iris322700000","libelle_territoire":"Mongausy (commune non irisée)"}},
{"type":"Feature","geometry":{"type":"Polygon","coordinates":[[[0.49935,43.84135],[0.50353,43.83326],[0.51089,43.82845],[0.51649,43.8273],[0.5198,43.82871],[0.526,43.82382],[0.53684,43.82324],[0.54205,43.8191],[0.54647,43.81838],[0.54931,43.81913],[0.55066,43.82322],[0.55572,43.81984],[0.5598,43.82037],[0.56364,43.8331],[0.56457,43.84014],[0.5682,43.8413],[0.56843,43.84886],[0.57569,43.85474],[0.56777,43.85626],[0.55057,43.85569],[0.55633,43.86499],[0.54686,43.86959],[0.55262,43.87277],[0.55363,43.87873],[0.5382,43.88102],[0.53066,43.87772],[0.52339,43.87757],[0.52098,43.87432],[0.50849,43.87405],[0.50854,43.8689],[0.50194,43.86439],[0.49805,43.85625],[0.49829,43.85447],[0.50383,43.85362],[0.49935,43.84135]]]},"properties":{"code_territoire":"iris324170000","libelle_territoire":"La Sauvetat (commune non irisée)"}},
{"type":"Feature","geometry":{"type":"Polygon","coordinates":[[[0.87922,43.45055],[0.89046,43.46045],[0.88644,43.45853],[0.87114,43.46146],[0.87213,43.46635],[0.86097,43.47383],[0.84493,43.47662],[0.83169,43.46647],[0.81855,43.46631],[0.81024,43.46045],[0.81714,43.4505],[0.83112,43.44122],[0.83857,43.43168],[0.84597,43.43068],[0.84912,43.43344],[0.84968,43.43745],[0.85364,43.43748],[0.85848,43.44341],[0.8653,43.44536],[0.86554,43.44729],[0.87529,43.44801],[0.87922,43.45055]]]},"properties":{"code_territoire":"iris324180000","libelle_territoire":"Sauveterre (commune non irisée)"}},
{"type":"Feature","geometry":{"type":"Polygon","coordinates":[[[0.43495,43.41175],[0.43571,43.4062],[0.43961,43.4043],[0.43933,43.40018],[0.44261,43.39812],[0.45799,43.39814],[0.46338,43.40233],[0.46983,43.40374],[0.47102,43.407],[0.48065,43.40783],[0.48232,43.41428],[0.47964,43.41508],[0.48009,43.41678],[0.46789,43.41615],[0.46731,43.42367],[0.46092,43.42012],[0.44995,43.4198],[0.44988,43.41717],[0.44247,43.41526],[0.43495,43.41175]]]},"properties":{"code_territoire":"iris324190000","libelle_territoire":"Sauviac (commune non irisée)"}},
{"type":"Feature","geometry":{"type":"Polygon","coordinates":[[[-0.18568,43.86692],[-0.18532,43.86303],[-0.18873,43.86222],[-0.19201,43.87043],[-0.19606,43.87192],[-0.1985,43.86785],[-0.19569,43.86534],[-0.20874,43.8576],[-0.19556,43.84534],[-0.19371,43.84055],[-0.18743,43.83941],[-0.16775,43.84848],[-0.17788,43.85704],[-0.17851,43.86288],[-0.18568,43.86692]]]},"properties":{"code_territoire":"iris322710000","libelle_territoire":"Monguilhem (commune non irisée)"}},
{"type":"Feature","geometry":{"type":"Polygon","coordinates":[[[0.98222,43.44795],[0.98055,43.45271],[0.97464,43.4551],[0.96013,43.45504],[0.95736,43.45565],[0.9554,43.45954],[0.94953,43.46001],[0.95197,43.45359],[0.95016,43.44882],[0.95335,43.4481],[0.97823,43.43899],[0.97778,43.44073],[0.98536,43.44493],[0.98222,43.44795]]]},"properties":{"code_territoire":"iris324200000","libelle_territoire":"Sauvimont (commune non irisée)"}},
{"type":"Feature","geometry":{"type":"Polygon","coordinates":[[[1.01754,43.47359],[1.02383,43.48069],[1.0369,43.4838],[1.0375,43.48566],[1.03335,43.48707],[1.03542,43.48978],[1.02476,43.49159],[1.0203,43.49448],[1.02057,43.49707],[1.01483,43.49858],[1.01371,43.49522],[1.00345,43.49519],[1.00083,43.49354],[0.99781,43.4961],[0.99275,43.49466],[0.99195,43.48998],[0.98091,43.48751],[0.98341,43.48374],[0.98701,43.48551],[1.00895,43.47176],[1.01064,43.47342],[1.01422,43.47221],[1.01754,43.47359]]]},"properties":{"code_territoire":"iris324210000","libelle_territoire":"Savignac-Mona (commune non irisée)"}},
{"type":"Feature","geometry":{"type":"Polygon","coordinates":[[[0.19267,43.54143],[0.19301,43.54138],[0.19614,43.54213],[0.19459,43.54287],[0.19878,43.54847],[0.2033,43.54733],[0.20821,43.54969],[0.21713,43.56181],[0.2134,43.56937],[0.20995,43.57089],[0.20423,43.56816],[0.18983,43.56582],[0.18537,43.55771],[0.17862,43.55427],[0.18305,43.55262],[0.18513,43.54664],[0.19397,43.54243],[0.19267,43.54143]]]},"properties":{"code_territoire":"iris324220000","libelle_territoire":"Scieurac-et-Flourès (commune non irisée)"}},
{"type":"Feature","geometry":{"type":"Polygon","coordinates":[[[0.12587,43.73536],[0.12872,43.73701],[0.12956,43.74183],[0.13677,43.74269],[0.13206,43.74887],[0.13302,43.75581],[0.12822,43.76341],[0.12879,43.76694],[0.10231,43.75915],[0.08891,43.76279],[0.08628,43.75629],[0.0947,43.75139],[0.09791,43.7501],[0.09952,43.74488],[0.10373,43.74445],[0.11004,43.73742],[0.12587,43.73536]]]},"properties":{"code_territoire":"iris324230000","libelle_territoire":"Séailles (commune non irisée)"}},
{"type":"Feature","geometry":{"type":"Polygon","coordinates":[[[-0.26202,43.64787],[-0.26365,43.63596],[-0.28212,43.64294],[-0.28025,43.61924],[-0.27765,43.61596],[-0.2472,43.61584],[-0.24704,43.62118],[-0.24358,43.6284],[-0.23792,43.63222],[-0.23811,43.63582],[-0.24436,43.63916],[-0.24299,43.6423],[-0.2599,43.64527],[-0.26202,43.64787]]]},"properties":{"code_territoire":"iris324240000","libelle_territoire":"Ségos (commune non irisée)"}},
{"type":"Feature","geometry":{"type":"Polygon","coordinates":[[[0.51778,43.36849],[0.51709,43.36701],[0.50695,43.36685],[0.5018,43.35534],[0.49354,43.35039],[0.4894,43.34206],[0.48187,43.34146],[0.47982,43.3326],[0.49417,43.32513],[0.49755,43.32615],[0.49943,43.3299],[0.50233,43.32967],[0.50431,43.33355],[0.5147,43.33334],[0.51597,43.33672],[0.52591,43.33681],[0.53139,43.35053],[0.52922,43.35136],[0.53022,43.35457],[0.53435,43.3572],[0.55085,43.35548],[0.55322,43.36172],[0.51778,43.36849]]]},"properties":{"code_territoire":"iris322720000","libelle_territoire":"Monlaur-Bernet (commune non irisée)"}},
{"type":"Feature","geometry":{"type":"Polygon","coordinates":[[[1.1155,43.6369],[1.1179,43.63424],[1.1191,43.62213],[1.13568,43.6157],[1.13815,43.61841],[1.14149,43.61852],[1.1427,43.62147],[1.14431,43.62271],[1.14205,43.6244],[1.14429,43.62498],[1.14284,43.62589],[1.14771,43.63474],[1.14062,43.64214],[1.12981,43.64275],[1.12552,43.63867],[1.11851,43.64105],[1.11707,43.63935],[1.11393,43.63983],[1.1155,43.6369]]]},"properties":{"code_territoire":"iris324250000","libelle_territoire":"Ségoufielle (commune non irisée)"}},
{"type":"Feature","geometry":{"type":"Polygon","coordinates":[[[0.53894,43.52229],[0.53595,43.51722],[0.53058,43.50943],[0.53219,43.49766],[0.52863,43.4902],[0.54383,43.49076],[0.55984,43.48814],[0.56146,43.49224],[0.56332,43.49196],[0.57127,43.48778],[0.56162,43.48242],[0.57047,43.47989],[0.57359,43.48349],[0.59167,43.48039],[0.59515,43.48033],[0.59783,43.48574],[0.60542,43.48147],[0.61344,43.48142],[0.6168,43.48346],[0.61458,43.48527],[0.616,43.49207],[0.61747,43.49446],[0.62283,43.49474],[0.62009,43.4976],[0.60171,43.50547],[0.59691,43.504],[0.5765,43.50571],[0.57039,43.50383],[0.57004,43.50054],[0.56359,43.50196],[0.56095,43.52164],[0.54883,43.51964],[0.53894,43.52229]]]},"properties":{"code_territoire":"iris324260000","libelle_territoire":"Seissan (commune non irisée)"}},
{"type":"Feature","geometry":{"type":"Polygon","coordinates":[[[0.15538,43.45732],[0.15874,43.45599],[0.16432,43.45826],[0.17076,43.45515],[0.17413,43.4594],[0.18117,43.45603],[0.1877,43.4606],[0.18008,43.46539],[0.18143,43.47083],[0.17715,43.47258],[0.17819,43.47917],[0.17399,43.47646],[0.17627,43.46958],[0.15662,43.46174],[0.15517,43.45784],[0.15538,43.45732]]]},"properties":{"code_territoire":"iris324270000","libelle_territoire":"Sembouès (commune non irisée)"}},
{"type":"Feature","geometry":{"type":"Polygon","coordinates":[[[0.74599,43.48423],[0.75144,43.49085],[0.74232,43.49764],[0.7483,43.50707],[0.75224,43.51434],[0.74542,43.51538],[0.74586,43.51707],[0.73858,43.51961],[0.72223,43.5181],[0.72365,43.51531],[0.71482,43.51315],[0.7155,43.50458],[0.73472,43.50062],[0.7271,43.49596],[0.72288,43.4891],[0.72607,43.49168],[0.72939,43.49108],[0.7377,43.48883],[0.7362,43.48431],[0.74599,43.48423]]]},"properties":{"code_territoire":"iris324280000","libelle_territoire":"Sémézies-Cachan (commune non irisée)"}},
{"type":"Feature","geometry":{"type":"Polygon","coordinates":[[[0.17874,43.50404],[0.18551,43.49676],[0.19427,43.49428],[0.19312,43.48893],[0.19991,43.47953],[0.20104,43.47304],[0.21638,43.48032],[0.22292,43.47386],[0.23998,43.47838],[0.24095,43.48331],[0.24552,43.48219],[0.24942,43.4847],[0.2423,43.49],[0.24533,43.4965],[0.25419,43.49423],[0.25666,43.49565],[0.24416,43.50422],[0.23758,43.50258],[0.23562,43.50394],[0.23735,43.50716],[0.24154,43.50636],[0.24313,43.51124],[0.24136,43.51812],[0.23569,43.51174],[0.22954,43.50871],[0.2257,43.51483],[0.22046,43.51059],[0.21593,43.51202],[0.21182,43.5095],[0.20581,43.51422],[0.19776,43.51527],[0.19728,43.51697],[0.19162,43.51657],[0.18763,43.50673],[0.17874,43.50404]]]},"properties":{"code_territoire":"iris322730000","libelle_territoire":"Monlezun (commune non irisée)"}},
{"type":"Feature","geometry":{"type":"Polygon","coordinates":[[[0.60424,44.03292],[0.61014,44.02886],[0.60696,44.02547],[0.6086,44.02388],[0.60492,44.02388],[0.60589,44.02176],[0.60144,44.02007],[0.60191,44.01801],[0.60948,44.01254],[0.61983,44.00994],[0.62572,44.00396],[0.63238,44.00372],[0.64529,43.99365],[0.6496,43.99286],[0.65723,43.99856],[0.66142,44.00238],[0.65752,44.00732],[0.65873,44.00983],[0.66236,44.01189],[0.66958,44.01053],[0.66813,44.01275],[0.67084,44.01642],[0.67882,44.01581],[0.68094,44.01872],[0.6884,44.01743],[0.68883,44.02067],[0.68447,44.02406],[0.68743,44.02777],[0.68335,44.03003],[0.6796,44.02949],[0.67618,44.02683],[0.6614,44.02442],[0.65212,44.03309],[0.65547,44.03692],[0.65324,44.03723],[0.65434,44.04234],[0.64962,44.0446],[0.64356,44.04385],[0.63761,44.04846],[0.63853,44.04982],[0.63169,44.04955],[0.62909,44.0478],[0.62905,44.04206],[0.62255,44.04032],[0.62181,44.03427],[0.61002,44.03644],[0.60424,44.03292]]]},"properties":{"code_territoire":"iris324290000","libelle_territoire":"Sempesserre (commune non irisée)"}},
{"type":"Feature","geometry":{"type":"Polygon","coordinates":[[[0.65394,43.39131],[0.66306,43.39907],[0.66393,43.4036],[0.6711,43.40019],[0.67613,43.40292],[0.67272,43.40742],[0.68318,43.40959],[0.6685,43.41294],[0.65247,43.41478],[0.64998,43.41765],[0.646,43.41326],[0.63811,43.4138],[0.63782,43.41176],[0.62392,43.41616],[0.62553,43.4107],[0.61774,43.41215],[0.61493,43.40583],[0.61614,43.40161],[0.62566,43.40011],[0.62464,43.39636],[0.63451,43.39551],[0.63862,43.39296],[0.65394,43.39131]]]},"properties":{"code_territoire":"iris324300000","libelle_territoire":"Sère (commune non irisée)"}},
{"type":"Feature","geometry":{"type":"Polygon","coordinates":[[[0.82583,43.75316],[0.84013,43.76099],[0.81236,43.77288],[0.81365,43.77054],[0.80855,43.76743],[0.80718,43.75697],[0.80676,43.75623],[0.81723,43.75298],[0.82583,43.75316]]]},"properties":{"code_territoire":"iris324310000","libelle_territoire":"Sérempuy (commune non irisée)"}},
{"type":"Feature","geometry":{"type":"Polygon","coordinates":[[[1.01483,43.49858],[1.02057,43.49707],[1.0203,43.49448],[1.02476,43.49159],[1.03542,43.48978],[1.03335,43.48707],[1.04491,43.4867],[1.04701,43.48827],[1.05186,43.48699],[1.05385,43.4899],[1.04622,43.49657],[1.05639,43.49351],[1.05883,43.49587],[1.0542,43.49841],[1.0593,43.50558],[1.07296,43.50464],[1.07345,43.50605],[1.06052,43.51113],[1.06145,43.51378],[1.05874,43.51501],[1.05031,43.5159],[1.05563,43.52069],[1.05212,43.52421],[1.05759,43.52718],[1.06568,43.5252],[1.06862,43.52183],[1.07065,43.5251],[1.07641,43.52692],[1.07049,43.52961],[1.06708,43.53593],[1.05868,43.53705],[1.05062,43.54105],[1.04706,43.53995],[1.04408,43.5339],[1.04185,43.53379],[1.03178,43.51831],[1.02583,43.50286],[1.02208,43.50054],[1.01435,43.50034],[1.01483,43.49858]]]},"properties":{"code_territoire":"iris324320000","libelle_territoire":"Seysses-Savès (commune non irisée)"}},
{"type":"Feature","geometry":{"type":"Polygon","coordinates":[[[0.72288,43.4891],[0.72047,43.48627],[0.71246,43.48901],[0.70915,43.48512],[0.7178,43.48414],[0.71496,43.47661],[0.70654,43.47741],[0.70743,43.47947],[0.70514,43.4802],[0.70283,43.48033],[0.70132,43.47775],[0.6945,43.48099],[0.69035,43.47899],[0.6939,43.47543],[0.69507,43.47682],[0.70112,43.47551],[0.70114,43.47274],[0.69934,43.47087],[0.69598,43.47202],[0.69007,43.46217],[0.70386,43.45609],[0.69651,43.44505],[0.70446,43.43846],[0.70562,43.42887],[0.71029,43.42882],[0.71405,43.42554],[0.72915,43.427],[0.7342,43.43264],[0.74271,43.4358],[0.74415,43.43429],[0.75113,43.43935],[0.76111,43.43294],[0.77933,43.44286],[0.78602,43.45242],[0.79332,43.46212],[0.78346,43.46124],[0.78568,43.46398],[0.77065,43.4681],[0.76676,43.46367],[0.75679,43.46655],[0.75432,43.46502],[0.75799,43.47076],[0.76558,43.47469],[0.76076,43.47774],[0.76099,43.48243],[0.75429,43.48288],[0.75273,43.48531],[0.74599,43.48423],[0.7362,43.48431],[0.7377,43.48883],[0.72939,43.49108],[0.72607,43.49168],[0.72288,43.4891]]]},"properties":{"code_territoire":"iris324330000","libelle_territoire":"Simorre (commune non irisée)"}},
{"type":"Feature","geometry":{"type":"Polygon","coordinates":[[[-0.00321,43.73191],[0.00508,43.72404],[0.00573,43.72206],[0.01026,43.72394],[0.01414,43.72241],[0.01444,43.71902],[0.01897,43.71938],[0.02393,43.72644],[0.02722,43.72766],[0.02771,43.73129],[0.0219,43.73478],[0.00999,43.7482],[0.00987,43.75447],[0.00663,43.75786],[0.00016,43.75372],[-0.00957,43.75569],[-0.01655,43.75365],[-0.0093,43.74758],[-0.00975,43.74461],[-0.00575,43.74326],[-0.00321,43.73191]]]},"properties":{"code_territoire":"iris324340000","libelle_territoire":"Sion (commune non irisée)"}},
{"type":"Feature","geometry":{"type":"Polygon","coordinates":[[[0.97246,43.69261],[0.96923,43.69727],[0.97492,43.70109],[0.97457,43.7029],[0.95996,43.71785],[0.95144,43.71623],[0.93879,43.71798],[0.93482,43.7175],[0.93394,43.71556],[0.93325,43.70865],[0.9287,43.70518],[0.94469,43.69849],[0.95223,43.69206],[0.9521,43.68547],[0.97253,43.68685],[0.97246,43.69261]]]},"properties":{"code_territoire":"iris324350000","libelle_territoire":"Sirac (commune non irisée)"}},
{"type":"Feature","geometry":{"type":"Polygon","coordinates":[[[-0.15902,43.84606],[-0.15607,43.84068],[-0.15769,43.83749],[-0.15162,43.83409],[-0.1522,43.82481],[-0.16283,43.8168],[-0.17303,43.81456],[-0.16789,43.81288],[-0.16331,43.80835],[-0.14668,43.81183],[-0.14255,43.81451],[-0.13983,43.81264],[-0.13738,43.81078],[-0.13564,43.81507],[-0.12804,43.82044],[-0.12544,43.82661],[-0.12691,43.82924],[-0.13746,43.8322],[-0.15123,43.84302],[-0.15902,43.84606]]]},"properties":{"code_territoire":"iris322740000","libelle_territoire":"Monlezun-d'Armagnac (commune non irisée)"}},
{"type":"Feature","geometry":{"type":"Polygon","coordinates":[[[0.25697,43.4563],[0.26019,43.45985],[0.2599,43.46756],[0.24233,43.47338],[0.23664,43.4701],[0.23287,43.47129],[0.23574,43.46336],[0.22872,43.45734],[0.23585,43.45576],[0.24175,43.45644],[0.24401,43.45486],[0.2514,43.45814],[0.25697,43.4563]]]},"properties":{"code_territoire":"iris322750000","libelle_territoire":"Monpardiac (commune non irisée)"}},
{"type":"Feature","geometry":{"type":"Polygon","coordinates":[[[0.88615,43.4349],[0.89367,43.43365],[0.90093,43.42983],[0.90609,43.43112],[0.91027,43.42609],[0.91671,43.42371],[0.93155,43.42177],[0.92903,43.42285],[0.93166,43.42557],[0.92086,43.43074],[0.924,43.4343],[0.91041,43.44122],[0.90996,43.43927],[0.88649,43.44954],[0.88208,43.4451],[0.87817,43.44325],[0.88615,43.4349]]]},"properties":{"code_territoire":"iris322760000","libelle_territoire":"Montadet (commune non irisée)"}},
{"type":"Feature","geometry":{"type":"Polygon","coordinates":[[[0.87536,43.82011],[0.87009,43.81283],[0.87682,43.80845],[0.87544,43.79824],[0.8653,43.79846],[0.86494,43.79652],[0.87056,43.79508],[0.86982,43.79274],[0.85909,43.79413],[0.86418,43.78776],[0.86807,43.78372],[0.8778,43.78034],[0.87866,43.77555],[0.8935,43.77463],[0.89729,43.78856],[0.89662,43.79386],[0.90204,43.79539],[0.903,43.79769],[0.8998,43.80071],[0.90099,43.80378],[0.90479,43.80315],[0.90241,43.80675],[0.91473,43.81856],[0.8756,43.8325],[0.87333,43.82736],[0.87536,43.82011]]]},"properties":{"code_territoire":"iris324360000","libelle_territoire":"Solomiac (commune non irisée)"}},
{"type":"Feature","geometry":{"type":"Polygon","coordinates":[[[-0.01824,43.69824],[-0.01254,43.70064],[0.00159,43.70144],[0.00253,43.70474],[-0.00314,43.70479],[-0.00356,43.7071],[0.00353,43.70814],[0.00344,43.71278],[0.00577,43.71436],[0.00151,43.71936],[0.00508,43.72404],[-0.00321,43.73191],[-0.00661,43.72772],[-0.02571,43.72403],[-0.03215,43.72827],[-0.04318,43.71898],[-0.03139,43.71059],[-0.02928,43.70654],[-0.03177,43.7025],[-0.02929,43.69682],[-0.02614,43.69696],[-0.02643,43.69384],[-0.02136,43.69376],[-0.01824,43.69824]]]},"properties":{"code_territoire":"iris324370000","libelle_territoire":"Sorbets (commune non irisée)"}},
{"type":"Feature","geometry":{"type":"Polygon","coordinates":[[[0.61344,43.48142],[0.61321,43.47996],[0.62049,43.47855],[0.61501,43.47552],[0.63097,43.47069],[0.63028,43.46817],[0.62561,43.46865],[0.62562,43.46696],[0.6351,43.46673],[0.63427,43.46532],[0.64998,43.46182],[0.65512,43.46193],[0.65733,43.46387],[0.65854,43.46237],[0.66728,43.46264],[0.6757,43.46766],[0.68369,43.46644],[0.68467,43.46406],[0.69007,43.46217],[0.69598,43.47202],[0.69934,43.47087],[0.70114,43.47274],[0.68915,43.47454],[0.68071,43.48048],[0.66612,43.48324],[0.66694,43.48519],[0.65475,43.48427],[0.64976,43.47268],[0.6311,43.48034],[0.62908,43.4771],[0.62422,43.47837],[0.6168,43.48346],[0.61344,43.48142]]]},"properties":{"code_territoire":"iris324380000","libelle_territoire":"Tachoires (commune non irisée)"}},
{"type":"Feature","geometry":{"type":"Polygon","coordinates":[[[0.83426,43.50393],[0.83196,43.49962],[0.83519,43.49774],[0.83383,43.49437],[0.83764,43.48852],[0.83593,43.48641],[0.84886,43.48039],[0.84493,43.47662],[0.86097,43.47383],[0.87199,43.4766],[0.87506,43.47988],[0.87277,43.48208],[0.87393,43.48467],[0.86927,43.48836],[0.87887,43.49373],[0.86131,43.49478],[0.84291,43.49841],[0.83426,43.50393]]]},"properties":{"code_territoire":"iris322770000","libelle_territoire":"Montamat (commune non irisée)"}},
{"type":"Feature","geometry":{"type":"Polygon","coordinates":[[[-0.12715,43.6717],[-0.12567,43.66757],[-0.13219,43.66336],[-0.13528,43.65951],[-0.12638,43.65811],[-0.11959,43.66301],[-0.11887,43.6599],[-0.10077,43.65951],[-0.09787,43.66105],[-0.09391,43.66994],[-0.09612,43.67191],[-0.09421,43.67641],[-0.10295,43.6775],[-0.10979,43.67444],[-0.11644,43.676],[-0.12715,43.6717]]]},"properties":{"code_territoire":"iris324390000","libelle_territoire":"Tarsac (commune non irisée)"}},
{"type":"Feature","geometry":{"type":"Polygon","coordinates":[[[-0.00344,43.65321],[-0.01641,43.64357],[-0.01396,43.63934],[-0.00901,43.63778],[-0.00599,43.63179],[-0.0077,43.62709],[-0.00363,43.6217],[0.00287,43.62136],[0.0017,43.62448],[0.00869,43.62308],[0.01226,43.62922],[0.01596,43.63082],[0.01704,43.62747],[0.02451,43.62638],[0.02865,43.62078],[0.03277,43.62142],[0.04063,43.62824],[0.03237,43.63222],[0.03453,43.63456],[0.02928,43.63679],[0.03301,43.6408],[0.03146,43.64212],[0.03482,43.64339],[0.02539,43.64766],[0.01643,43.64787],[0.00708,43.65362],[-0.00344,43.65321]]]},"properties":{"code_territoire":"iris324400000","libelle_territoire":"Tasque (commune non irisée)"}},
{"type":"Feature","geometry":{"type":"Polygon","coordinates":[[[0.73571,43.77263],[0.73768,43.77515],[0.74867,43.77405],[0.75058,43.77666],[0.75393,43.78415],[0.75714,43.78727],[0.7616,43.78789],[0.75298,43.8001],[0.74444,43.79893],[0.7401,43.80052],[0.73646,43.79313],[0.73441,43.79311],[0.73497,43.78875],[0.7254,43.79188],[0.72375,43.77978],[0.72901,43.77437],[0.73571,43.77263]]]},"properties":{"code_territoire":"iris324410000","libelle_territoire":"Taybosc (commune non irisée)"}},
{"type":"Feature","geometry":{"type":"Polygon","coordinates":[[[0.57489,43.92],[0.55574,43.92102],[0.54778,43.92424],[0.54078,43.92216],[0.53751,43.92407],[0.5257,43.91631],[0.51622,43.91881],[0.51335,43.91773],[0.50951,43.92398],[0.50604,43.92409],[0.50258,43.919],[0.5039,43.91491],[0.50694,43.91523],[0.50749,43.91142],[0.50868,43.90595],[0.51819,43.89913],[0.522,43.89303],[0.53798,43.88992],[0.55581,43.88025],[0.56313,43.87564],[0.58054,43.88367],[0.58354,43.88064],[0.59192,43.88815],[0.59526,43.88854],[0.59629,43.89657],[0.59225,43.89674],[0.59644,43.90826],[0.59016,43.91006],[0.57489,43.92]]]},"properties":{"code_territoire":"iris324420000","libelle_territoire":"Terraube (commune non irisée)"}},
{"type":"Feature","geometry":{"type":"Polygon","coordinates":[[[0.41579,43.38406],[0.42169,43.38361],[0.4255,43.38604],[0.43724,43.38723],[0.44534,43.39234],[0.44261,43.39812],[0.43933,43.40018],[0.43961,43.4043],[0.43571,43.4062],[0.43495,43.41175],[0.42628,43.41006],[0.42044,43.41556],[0.40742,43.41538],[0.40632,43.40667],[0.40043,43.406],[0.3995,43.40298],[0.39553,43.40209],[0.40185,43.40057],[0.40919,43.39492],[0.41049,43.38423],[0.41579,43.38406]]]},"properties":{"code_territoire":"iris322780000","libelle_territoire":"Montaut (commune non irisée)"}},
{"type":"Feature","geometry":{"type":"Polygon","coordinates":[[[-0.02643,43.69384],[-0.03645,43.67321],[-0.03869,43.67301],[-0.03241,43.67072],[-0.03326,43.66464],[-0.02792,43.66171],[-0.01834,43.66355],[-0.01537,43.65994],[-0.01016,43.65836],[-0.00329,43.65927],[-0.00119,43.65549],[-0.00344,43.65321],[0.00708,43.65362],[0.00999,43.65826],[0.00843,43.65896],[0.00718,43.66018],[0.01172,43.66271],[0.01306,43.6686],[0.0029,43.66743],[-0.00309,43.67248],[-0.00552,43.68581],[-0.00921,43.68664],[-0.0102,43.69194],[-0.01824,43.69824],[-0.02136,43.69376],[-0.02643,43.69384]]]},"properties":{"code_territoire":"iris324430000","libelle_territoire":"Termes-d'Armagnac (commune non irisée)"}},
{"type":"Feature","geometry":{"type":"Polygon","coordinates":[[[0.97253,43.68685],[0.98188,43.67659],[0.99671,43.67273],[0.99368,43.66953],[0.99696,43.66857],[0.99513,43.66539],[0.99963,43.66443],[1.00693,43.67028],[1.00624,43.67384],[1.01197,43.67547],[1.00766,43.68039],[1.01316,43.68229],[1.00031,43.68995],[0.98003,43.6972],[0.97246,43.69261],[0.97253,43.68685]]]},"properties":{"code_territoire":"iris324440000","libelle_territoire":"Thoux (commune non irisée)"}},
{"type":"Feature","geometry":{"type":"Polygon","coordinates":[[[0.0399,43.53697],[0.04376,43.53746],[0.04662,43.54148],[0.04937,43.54177],[0.04874,43.54686],[0.04415,43.55288],[0.04882,43.56032],[0.0531,43.56146],[0.04123,43.56729],[0.03618,43.56668],[0.03369,43.56245],[0.0395,43.55898],[0.03278,43.55768],[0.03282,43.55613],[0.02792,43.55674],[0.02588,43.56226],[0.01103,43.55971],[0.00984,43.55811],[0.00978,43.55592],[0.0137,43.5538],[0.01578,43.54339],[0.02932,43.54511],[0.0399,43.53697]]]},"properties":{"code_territoire":"iris324450000","libelle_territoire":"Tieste-Uragnoux (commune non irisée)"}},
{"type":"Feature","geometry":{"type":"Polygon","coordinates":[[[0.28686,43.49064],[0.27626,43.50221],[0.25666,43.49565],[0.25419,43.49423],[0.24533,43.4965],[0.2423,43.49],[0.24942,43.4847],[0.24552,43.48219],[0.24095,43.48331],[0.23998,43.47838],[0.24233,43.47338],[0.2599,43.46756],[0.26019,43.45985],[0.25697,43.4563],[0.26598,43.45402],[0.28336,43.45652],[0.28379,43.45737],[0.27992,43.4659],[0.28219,43.47464],[0.27286,43.48356],[0.28446,43.48655],[0.28686,43.49064]]]},"properties":{"code_territoire":"iris324460000","libelle_territoire":"Tillac (commune non irisée)"}},
{"type":"Feature","geometry":{"type":"Polygon","coordinates":[[[0.69009,43.67432],[0.69718,43.67677],[0.69589,43.6827],[0.70723,43.67773],[0.71018,43.67752],[0.71147,43.67973],[0.70727,43.68531],[0.69982,43.68959],[0.68871,43.68839],[0.68264,43.69052],[0.68003,43.70157],[0.68534,43.70559],[0.69067,43.7035],[0.69061,43.7103],[0.69779,43.71363],[0.69921,43.71616],[0.69703,43.71966],[0.6872,43.7271],[0.69035,43.73291],[0.66895,43.73919],[0.66464,43.73561],[0.66689,43.73332],[0.6642,43.73123],[0.65823,43.73289],[0.65963,43.72269],[0.65722,43.72106],[0.64606,43.7207],[0.65087,43.71794],[0.64796,43.71447],[0.6508,43.70991],[0.6478,43.70562],[0.64579,43.70664],[0.63753,43.70264],[0.63481,43.69926],[0.61892,43.70492],[0.62062,43.68911],[0.62514,43.68774],[0.62653,43.68368],[0.6439,43.67896],[0.65176,43.67808],[0.65727,43.68064],[0.67078,43.67622],[0.69009,43.67432]]]},"properties":{"code_territoire":"iris322790000","libelle_territoire":"Montaut-les-Créneaux (commune non irisée)"}},
{"type":"Feature","geometry":{"type":"Polygon","coordinates":[[[0.78083,43.56007],[0.7833,43.55957],[0.78209,43.55389],[0.79591,43.55342],[0.79058,43.54766],[0.79181,43.54535],[0.78613,43.54605],[0.78478,43.54102],[0.77494,43.5362],[0.77152,43.53187],[0.77725,43.52916],[0.77827,43.5241],[0.78858,43.52484],[0.79328,43.52805],[0.78975,43.53139],[0.79661,43.53397],[0.80385,43.53696],[0.80897,43.55255],[0.81433,43.55368],[0.80481,43.56357],[0.8086,43.56646],[0.79818,43.56741],[0.78703,43.56121],[0.78221,43.56246],[0.78083,43.56007]]]},"properties":{"code_territoire":"iris324470000","libelle_territoire":"Tirent-Pontéjac (commune non irisée)"}},
{"type":"Feature","geometry":{"type":"Polygon","coordinates":[[[0.9287,43.70518],[0.92442,43.70736],[0.92313,43.70519],[0.91475,43.70446],[0.91286,43.70171],[0.90019,43.70487],[0.89685,43.7049],[0.87953,43.69527],[0.88834,43.68361],[0.89814,43.6821],[0.89625,43.67499],[0.90323,43.67468],[0.90402,43.67008],[0.90987,43.66822],[0.91356,43.66376],[0.92962,43.66192],[0.93333,43.66731],[0.93082,43.67037],[0.93406,43.6706],[0.94161,43.68045],[0.94754,43.67815],[0.9521,43.68547],[0.95223,43.69206],[0.94469,43.69849],[0.9287,43.70518]]]},"properties":{"code_territoire":"iris324480000","libelle_territoire":"Touget (commune non irisée)"}},
{"type":"Feature","geometry":{"type":"Polygon","coordinates":[[[-0.2125,43.80922],[-0.21379,43.80815],[-0.20994,43.80313],[-0.1931,43.79747],[-0.17242,43.79954],[-0.16331,43.80835],[-0.16789,43.81288],[-0.17303,43.81456],[-0.16283,43.8168],[-0.1522,43.82481],[-0.15162,43.83409],[-0.15769,43.83749],[-0.15607,43.84068],[-0.15902,43.84606],[-0.16487,43.84542],[-0.16775,43.84848],[-0.18743,43.83941],[-0.19371,43.84055],[-0.1881,43.83246],[-0.19095,43.83037],[-0.19772,43.83087],[-0.1984,43.82924],[-0.19565,43.81932],[-0.19195,43.81778],[-0.19174,43.81036],[-0.20075,43.8067],[-0.20232,43.80878],[-0.2125,43.80922]]]},"properties":{"code_territoire":"iris324490000","libelle_territoire":"Toujouse (commune non irisée)"}},
{"type":"Feature","geometry":{"type":"Polygon","coordinates":[[[0.61165,43.31567],[0.60463,43.31628],[0.60567,43.31749],[0.58797,43.32405],[0.57649,43.32391],[0.5771,43.32586],[0.57482,43.32611],[0.58385,43.32795],[0.58746,43.32418],[0.59095,43.32668],[0.588,43.3318],[0.58861,43.33658],[0.58657,43.33682],[0.59332,43.33994],[0.59366,43.34698],[0.58413,43.34652],[0.57516,43.35161],[0.56408,43.3534],[0.56195,43.34753],[0.56537,43.34395],[0.5693,43.34502],[0.57395,43.34332],[0.56977,43.33541],[0.5653,43.33473],[0.56208,43.33926],[0.55845,43.33521],[0.55955,43.33333],[0.5562,43.33373],[0.55399,43.33145],[0.54778,43.33218],[0.54682,43.32982],[0.55238,43.32935],[0.5525,43.32599],[0.5638,43.32507],[0.56259,43.32103],[0.57178,43.31971],[0.5749,43.32255],[0.58397,43.32001],[0.59087,43.31406],[0.59608,43.31603],[0.60713,43.31085],[0.61165,43.31567]]]},"properties":{"code_territoire":"iris322800000","libelle_territoire":"Mont-d'Astarac (commune non irisée)"}},
{"type":"Feature","geometry":{"type":"Polygon","coordinates":[[[0.40185,43.40057],[0.39553,43.40209],[0.36873,43.39986],[0.36124,43.39016],[0.34864,43.38448],[0.34329,43.38147],[0.34339,43.37685],[0.37887,43.37551],[0.37713,43.37847],[0.3855,43.38336],[0.38567,43.38976],[0.39397,43.39414],[0.39566,43.39849],[0.40185,43.40057]]]},"properties":{"code_territoire":"iris322810000","libelle_territoire":"Mont-de-Marrast (commune non irisée)"}},
{"type":"Feature","geometry":{"type":"Polygon","coordinates":[[[0.69143,43.64698],[0.67153,43.64846],[0.66213,43.65647],[0.66044,43.65799],[0.64702,43.65862],[0.63914,43.65645],[0.63399,43.65718],[0.63905,43.65448],[0.64138,43.63494],[0.64418,43.63256],[0.6548,43.63099],[0.65614,43.63247],[0.67119,43.63272],[0.67477,43.63454],[0.69113,43.62889],[0.70472,43.62779],[0.70606,43.636],[0.70693,43.64151],[0.69189,43.64389],[0.69143,43.64698]]]},"properties":{"code_territoire":"iris322820000","libelle_territoire":"Montégut (commune non irisée)"}},
{"type":"Feature","geometry":{"type":"Polygon","coordinates":[[[0.18305,43.55262],[0.1671,43.5542],[0.14913,43.55619],[0.13618,43.55676],[0.13282,43.55433],[0.12891,43.55439],[0.1284,43.5518],[0.13399,43.55193],[0.13218,43.55005],[0.14147,43.54318],[0.14655,43.5404],[0.14838,43.53656],[0.15154,43.53775],[0.16138,43.53376],[0.17035,43.54091],[0.18181,43.54414],[0.19267,43.54143],[0.19397,43.54243],[0.18513,43.54664],[0.18305,43.55262]]]},"properties":{"code_territoire":"iris324500000","libelle_territoire":"Tourdun (commune non irisée)"}},
{"type":"Feature","geometry":{"type":"Polygon","coordinates":[[[0.77055,43.41686],[0.80692,43.39967],[0.81344,43.41229],[0.82048,43.41696],[0.82118,43.42059],[0.79547,43.43411],[0.79937,43.44399],[0.79059,43.44246],[0.79105,43.44903],[0.78602,43.45242],[0.77933,43.44286],[0.76111,43.43294],[0.77265,43.42731],[0.77853,43.42138],[0.7789,43.41846],[0.77055,43.41686]]]},"properties":{"code_territoire":"iris324510000","libelle_territoire":"Tournan (commune non irisée)"}},
{"type":"Feature","geometry":{"type":"Polygon","coordinates":[[[0.81696,43.8413],[0.83194,43.84568],[0.83718,43.84524],[0.84077,43.84787],[0.84483,43.84727],[0.84453,43.85005],[0.85099,43.84913],[0.85504,43.85108],[0.86369,43.84848],[0.86033,43.85344],[0.86216,43.85855],[0.85758,43.86154],[0.86395,43.86633],[0.87287,43.86732],[0.86903,43.87306],[0.85189,43.87441],[0.8224,43.88162],[0.81457,43.8804],[0.80981,43.87386],[0.80312,43.8712],[0.79862,43.87143],[0.79603,43.86895],[0.79178,43.87059],[0.78744,43.86516],[0.79439,43.85799],[0.7879,43.85277],[0.79541,43.84808],[0.80477,43.84603],[0.8099,43.84557],[0.81321,43.84801],[0.81696,43.8413]]]},"properties":{"code_territoire":"iris324520000","libelle_territoire":"Tournecoupe (commune non irisée)"}},
{"type":"Feature","geometry":{"type":"Polygon","coordinates":[[[0.68017,43.75612],[0.68524,43.74958],[0.68522,43.74513],[0.69323,43.74375],[0.69852,43.73914],[0.70127,43.73466],[0.71155,43.73217],[0.72126,43.73471],[0.72325,43.7426],[0.71925,43.74808],[0.70803,43.75211],[0.71079,43.76407],[0.70606,43.76072],[0.68158,43.76482],[0.68412,43.76067],[0.68017,43.75612]]]},"properties":{"code_territoire":"iris324530000","libelle_territoire":"Tourrenquets (commune non irisée)"}},
{"type":"Feature","geometry":{"type":"Polygon","coordinates":[[[0.17979,43.37919],[0.17429,43.3794],[0.18177,43.37124],[0.18819,43.37388],[0.19234,43.37222],[0.19954,43.37556],[0.20631,43.36799],[0.21504,43.37015],[0.21842,43.36854],[0.22066,43.37055],[0.23156,43.36781],[0.24435,43.37148],[0.24384,43.37439],[0.24617,43.37372],[0.24911,43.37711],[0.25657,43.37667],[0.27054,43.38302],[0.26466,43.38548],[0.26288,43.39108],[0.25526,43.39174],[0.25298,43.38958],[0.24964,43.38979],[0.25044,43.39488],[0.23248,43.40158],[0.22451,43.40022],[0.21636,43.39237],[0.20599,43.39602],[0.1998,43.39527],[0.19571,43.39058],[0.19702,43.38043],[0.19035,43.37853],[0.17979,43.37919]]]},"properties":{"code_territoire":"iris322830000","libelle_territoire":"Montégut-Arros (commune non irisée)"}},
{"type":"Feature","geometry":{"type":"Polygon","coordinates":[[[0.63246,43.51733],[0.64824,43.51497],[0.6534,43.51697],[0.65461,43.5146],[0.65847,43.51506],[0.65864,43.52036],[0.66631,43.5184],[0.67157,43.52892],[0.67992,43.52973],[0.67701,43.53695],[0.66314,43.54092],[0.66434,43.54305],[0.64583,43.54487],[0.64763,43.55136],[0.63663,43.55357],[0.63555,43.55032],[0.63862,43.54991],[0.63759,43.54576],[0.64007,43.54302],[0.6359,43.53869],[0.63947,43.53324],[0.62416,43.53633],[0.62206,43.53529],[0.62596,43.53317],[0.62296,43.52839],[0.62741,43.52249],[0.62506,43.52049],[0.63246,43.51733]]]},"properties":{"code_territoire":"iris324540000","libelle_territoire":"Traversères (commune non irisée)"}},
{"type":"Feature","geometry":{"type":"Polygon","coordinates":[[[0.2238,43.4281],[0.22817,43.43007],[0.23266,43.42911],[0.23752,43.43441],[0.23563,43.44028],[0.24031,43.44417],[0.23585,43.45576],[0.22872,43.45734],[0.23574,43.46336],[0.23287,43.47129],[0.23664,43.4701],[0.24233,43.47338],[0.23998,43.47838],[0.22292,43.47386],[0.21638,43.48032],[0.20104,43.47304],[0.20303,43.46536],[0.19966,43.46391],[0.20513,43.46069],[0.20885,43.45095],[0.19811,43.44327],[0.20706,43.4404],[0.20712,43.43709],[0.21151,43.43243],[0.21605,43.43331],[0.2238,43.4281]]]},"properties":{"code_territoire":"iris324550000","libelle_territoire":"Troncens (commune non irisée)"}},
{"type":"Feature","geometry":{"type":"Polygon","coordinates":[[[0.27001,43.6807],[0.26986,43.67551],[0.27496,43.6753],[0.27553,43.67215],[0.28223,43.67365],[0.28605,43.66951],[0.29582,43.66859],[0.3015,43.67693],[0.29809,43.6782],[0.29719,43.68141],[0.30423,43.68846],[0.30532,43.6918],[0.29496,43.6937],[0.29176,43.69243],[0.28319,43.69689],[0.28962,43.69007],[0.28875,43.68769],[0.28621,43.68671],[0.27428,43.69106],[0.27066,43.68937],[0.27001,43.6807]]]},"properties":{"code_territoire":"iris324560000","libelle_territoire":"Tudelle (commune non irisée)"}},
{"type":"Feature","geometry":{"type":"Polygon","coordinates":[[[0.67161,43.87688],[0.677,43.87367],[0.68759,43.8606],[0.6958,43.85519],[0.69798,43.85307],[0.729,43.84959],[0.72897,43.86304],[0.74774,43.86558],[0.74589,43.87209],[0.73592,43.87341],[0.72521,43.86521],[0.70661,43.86944],[0.70711,43.86612],[0.6888,43.8698],[0.6742,43.87907],[0.67161,43.87688]]]},"properties":{"code_territoire":"iris324570000","libelle_territoire":"Urdens (commune non irisée)"}},
{"type":"Feature","geometry":{"type":"Polygon","coordinates":[[[0.97823,43.43899],[0.95335,43.4481],[0.94914,43.44421],[0.9448,43.4438],[0.9433,43.43535],[0.94674,43.4338],[0.94532,43.4297],[0.94708,43.42853],[0.95472,43.42637],[0.95731,43.42844],[0.954,43.4307],[0.9607,43.43491],[0.96665,43.43216],[0.96952,43.43663],[0.97239,43.4341],[0.98004,43.43267],[0.9841,43.4347],[0.9807,43.43937],[0.97823,43.43899]]]},"properties":{"code_territoire":"iris322840000","libelle_territoire":"Montégut-Savès (commune non irisée)"}},
{"type":"Feature","geometry":{"type":"Polygon","coordinates":[[[-0.01655,43.75365],[-0.01999,43.75646],[-0.02058,43.75219],[-0.02369,43.75043],[-0.02897,43.75137],[-0.03913,43.74587],[-0.0362,43.74172],[-0.03952,43.73508],[-0.03215,43.72827],[-0.02571,43.72403],[-0.00661,43.72772],[-0.00321,43.73191],[-0.00575,43.74326],[-0.00975,43.74461],[-0.0093,43.74758],[-0.01655,43.75365]]]},"properties":{"code_territoire":"iris324580000","libelle_territoire":"Urgosse (commune non irisée)"}},
{"type":"Feature","geometry":{"type":"Polygon","coordinates":[[[0.37206,43.90126],[0.36931,43.90085],[0.36975,43.89614],[0.3667,43.89308],[0.35322,43.89636],[0.35191,43.89422],[0.35423,43.89186],[0.34484,43.89059],[0.32738,43.89495],[0.32578,43.88925],[0.32944,43.88144],[0.33852,43.88108],[0.33914,43.88324],[0.34433,43.88206],[0.34876,43.87427],[0.35528,43.8718],[0.35047,43.86541],[0.34399,43.8677],[0.334,43.86806],[0.33003,43.87295],[0.32914,43.87088],[0.31866,43.86874],[0.30803,43.86876],[0.30277,43.86574],[0.31106,43.85998],[0.31154,43.85632],[0.33486,43.85604],[0.33252,43.84916],[0.34746,43.8461],[0.36744,43.84897],[0.37337,43.85356],[0.38085,43.85552],[0.38636,43.85334],[0.40034,43.85257],[0.40299,43.84538],[0.41374,43.84645],[0.41611,43.84322],[0.4245,43.84666],[0.42456,43.84973],[0.41754,43.85143],[0.41349,43.85983],[0.40839,43.86219],[0.40786,43.86785],[0.40635,43.86925],[0.40148,43.86661],[0.39872,43.86785],[0.39736,43.87147],[0.39045,43.87491],[0.3924,43.8786],[0.384,43.88711],[0.37563,43.88574],[0.37206,43.90126]]]},"properties":{"code_territoire":"iris324590000","libelle_territoire":"Valence-sur-Baïse (commune non irisée)"}},
{"type":"Feature","geometry":{"type":"Polygon","coordinates":[[[0.33187,43.53758],[0.33539,43.54128],[0.33274,43.54419],[0.33574,43.54639],[0.34819,43.53816],[0.36165,43.53355],[0.36298,43.53672],[0.36405,43.54351],[0.36189,43.54469],[0.36608,43.5528],[0.3594,43.55437],[0.36155,43.5593],[0.37355,43.55783],[0.37372,43.56277],[0.38316,43.56301],[0.38138,43.56488],[0.38326,43.56856],[0.38426,43.57035],[0.38079,43.57456],[0.38085,43.58059],[0.38425,43.58219],[0.38294,43.58614],[0.37454,43.59041],[0.36806,43.60107],[0.36627,43.60942],[0.35089,43.60759],[0.34721,43.61205],[0.34209,43.60901],[0.3341,43.60945],[0.33139,43.60677],[0.32076,43.61062],[0.31914,43.60859],[0.31253,43.6091],[0.31235,43.60546],[0.30487,43.60109],[0.30314,43.60196],[0.29806,43.59668],[0.2937,43.5976],[0.28887,43.59489],[0.2835,43.5972],[0.28184,43.60146],[0.27567,43.6027],[0.2774,43.60136],[0.27424,43.58014],[0.27859,43.57426],[0.27746,43.57048],[0.28438,43.56344],[0.29393,43.56194],[0.30262,43.56232],[0.30499,43.56434],[0.31047,43.56174],[0.31842,43.56361],[0.31901,43.55818],[0.32527,43.55841],[0.32692,43.55534],[0.32173,43.55329],[0.32422,43.55004],[0.31652,43.54816],[0.3147,43.54512],[0.33064,43.54407],[0.33187,43.53758]]]},"properties":{"code_territoire":"iris322850000","libelle_territoire":"Montesquiou (commune non irisée)"}},
{"type":"Feature","geometry":{"type":"Polygon","coordinates":[[[0.657,43.80759],[0.66285,43.81021],[0.66257,43.81248],[0.66806,43.81401],[0.66509,43.81564],[0.66157,43.81614],[0.63305,43.80816],[0.60604,43.81001],[0.59586,43.80167],[0.60082,43.79286],[0.59852,43.79161],[0.59732,43.78296],[0.60602,43.78065],[0.61488,43.78153],[0.61737,43.77504],[0.62712,43.77502],[0.63874,43.77196],[0.64773,43.7735],[0.64911,43.78126],[0.65262,43.78249],[0.64929,43.78795],[0.65364,43.79122],[0.6517,43.80657],[0.657,43.80759]]]},"properties":{"code_territoire":"iris322860000","libelle_territoire":"Montestruc-sur-Gers (commune non irisée)"}},
{"type":"Feature","geometry":{"type":"Polygon","coordinates":[[[-0.22225,43.71905],[-0.21451,43.71722],[-0.21449,43.7151],[-0.19883,43.70794],[-0.1936,43.70719],[-0.19307,43.70895],[-0.17987,43.71117],[-0.1727,43.71476],[-0.1656,43.72197],[-0.16028,43.72624],[-0.16076,43.7301],[-0.15748,43.73142],[-0.16635,43.74104],[-0.17338,43.74098],[-0.17622,43.73339],[-0.19397,43.73695],[-0.20099,43.73396],[-0.20261,43.7296],[-0.21041,43.72441],[-0.22225,43.71905]]]},"properties":{"code_territoire":"iris324600000","libelle_territoire":"Vergoignan (commune non irisée)"}},
{"type":"Feature","geometry":{"type":"Polygon","coordinates":[[[-0.21081,43.59317],[-0.20474,43.5836],[-0.19056,43.58783],[-0.17656,43.59684],[-0.18655,43.60304],[-0.1884,43.60651],[-0.19707,43.60805],[-0.20604,43.61361],[-0.21002,43.61283],[-0.21479,43.61708],[-0.21806,43.61539],[-0.21919,43.61042],[-0.21562,43.61022],[-0.21229,43.60344],[-0.21081,43.59317]]]},"properties":{"code_territoire":"iris324610000","libelle_territoire":"Verlus (commune non irisée)"}},
{"type":"Feature","geometry":{"type":"Polygon","coordinates":[[[0.20523,43.76131],[0.21843,43.75493],[0.23328,43.75613],[0.2414,43.75329],[0.24193,43.7513],[0.25953,43.75112],[0.26065,43.7527],[0.2782,43.74963],[0.27622,43.74646],[0.2781,43.74443],[0.29531,43.74004],[0.29619,43.73297],[0.2988,43.73322],[0.30373,43.73492],[0.30448,43.73222],[0.31966,43.73302],[0.32385,43.73075],[0.33123,43.72959],[0.3333,43.73201],[0.34132,43.72843],[0.34715,43.72975],[0.35365,43.72697],[0.34982,43.7194],[0.35637,43.71914],[0.36846,43.72214],[0.36649,43.72428],[0.3692,43.72777],[0.36365,43.72739],[0.36182,43.73365],[0.37014,43.73604],[0.37563,43.7412],[0.37014,43.74306],[0.37169,43.74694],[0.36438,43.74637],[0.36425,43.75207],[0.36039,43.7536],[0.36163,43.75786],[0.36579,43.75807],[0.36667,43.76164],[0.36266,43.76356],[0.36333,43.76581],[0.3578,43.76551],[0.35288,43.77469],[0.35053,43.77243],[0.34622,43.77338],[0.34203,43.76838],[0.33695,43.76976],[0.33915,43.76588],[0.33605,43.76379],[0.31779,43.76622],[0.3154,43.76833],[0.31419,43.76652],[0.30659,43.76645],[0.30392,43.76913],[0.30655,43.77754],[0.29381,43.77778],[0.29035,43.78345],[0.29368,43.78615],[0.28981,43.78977],[0.29378,43.78779],[0.30881,43.7899],[0.31061,43.78784],[0.31728,43.78681],[0.32,43.7918],[0.33169,43.79164],[0.3288,43.79829],[0.33044,43.80411],[0.32199,43.808],[0.31207,43.80407],[0.31387,43.80118],[0.31114,43.79774],[0.29756,43.79558],[0.28899,43.78964],[0.28444,43.79265],[0.27953,43.79153],[0.27816,43.79409],[0.2697,43.79646],[0.26835,43.80148],[0.27115,43.80973],[0.27236,43.81277],[0.26696,43.81365],[0.26661,43.8111],[0.25763,43.80696],[0.26123,43.80308],[0.26012,43.79983],[0.26251,43.79637],[0.25945,43.79186],[0.26173,43.78995],[0.26162,43.78286],[0.25867,43.78057],[0.2377,43.77528],[0.23615,43.77318],[0.23199,43.77474],[0.22554,43.77281],[0.21652,43.77666],[0.21294,43.77528],[0.20807,43.76713],[0.21133,43.76893],[0.21223,43.7632],[0.20523,43.76131]]]},"properties":{"code_territoire":"iris324620000","libelle_territoire":"Vic-Fezensac (commune non irisée)"}},
{"type":"Feature","geometry":{"type":"Polygon","coordinates":[[[0.69605,43.40185],[0.68597,43.40456],[0.68574,43.4096],[0.68318,43.40959],[0.67272,43.40742],[0.67613,43.40292],[0.6711,43.40019],[0.66393,43.4036],[0.66306,43.39907],[0.65394,43.39131],[0.65284,43.38299],[0.65955,43.37976],[0.66104,43.37502],[0.66804,43.37448],[0.66755,43.3781],[0.68159,43.38163],[0.67871,43.38422],[0.6802,43.38679],[0.68265,43.38657],[0.68508,43.38115],[0.68694,43.38503],[0.69,43.38384],[0.69168,43.38491],[0.70101,43.38238],[0.70728,43.38621],[0.70836,43.39249],[0.71878,43.3896],[0.72194,43.39304],[0.69873,43.39902],[0.69605,43.40185]]]},"properties":{"code_territoire":"iris322870000","libelle_territoire":"Monties (commune non irisée)"}},
{"type":"Feature","geometry":{"type":"Polygon","coordinates":[[[-0.17656,43.59684],[-0.16091,43.58055],[-0.15106,43.58568],[-0.13923,43.58259],[-0.13994,43.57975],[-0.1288,43.58121],[-0.1281,43.58317],[-0.12156,43.58399],[-0.12154,43.58687],[-0.10837,43.58171],[-0.09857,43.58188],[-0.09744,43.58956],[-0.10582,43.60287],[-0.10498,43.60552],[-0.11204,43.61893],[-0.12101,43.62539],[-0.12905,43.61731],[-0.13417,43.61512],[-0.13977,43.61642],[-0.14462,43.6208],[-0.15817,43.61008],[-0.16525,43.61021],[-0.1702,43.61407],[-0.18087,43.61608],[-0.17893,43.6109],[-0.1884,43.60651],[-0.18655,43.60304],[-0.17656,43.59684]]]},"properties":{"code_territoire":"iris324630000","libelle_territoire":"Viella (commune non irisée)"}},
{"type":"Feature","geometry":{"type":"Polygon","coordinates":[[[0.22894,43.41832],[0.21634,43.40941],[0.20735,43.40703],[0.19093,43.40945],[0.1879,43.41927],[0.17491,43.40827],[0.17634,43.40545],[0.1738,43.40277],[0.17979,43.37919],[0.19035,43.37853],[0.19702,43.38043],[0.19571,43.39058],[0.1998,43.39527],[0.20599,43.39602],[0.21636,43.39237],[0.22451,43.40022],[0.23248,43.40158],[0.24008,43.40439],[0.23618,43.40782],[0.23637,43.41289],[0.22894,43.41832]]]},"properties":{"code_territoire":"iris324640000","libelle_territoire":"Villecomtal-sur-Arros (commune non irisée)"}},
{"type":"Feature","geometry":{"type":"Polygon","coordinates":[[[0.77055,43.41686],[0.7789,43.41846],[0.77853,43.42138],[0.77265,43.42731],[0.76111,43.43294],[0.75113,43.43935],[0.74415,43.43429],[0.74271,43.4358],[0.7342,43.43264],[0.72915,43.427],[0.71405,43.42554],[0.71029,43.42882],[0.70562,43.42887],[0.69789,43.4283],[0.69979,43.42635],[0.69701,43.42426],[0.69657,43.41964],[0.69084,43.41991],[0.69213,43.41471],[0.6863,43.40732],[0.69254,43.40503],[0.69525,43.4115],[0.70259,43.41576],[0.70823,43.41306],[0.71887,43.41409],[0.7209,43.41162],[0.7313,43.41265],[0.73523,43.41664],[0.75502,43.40464],[0.75921,43.40443],[0.75877,43.40689],[0.75438,43.40929],[0.75418,43.41414],[0.74749,43.41775],[0.74833,43.42054],[0.75439,43.41882],[0.75822,43.4145],[0.77055,43.41686]]]},"properties":{"code_territoire":"iris324650000","libelle_territoire":"Villefranche-d'Astarac (commune non irisée)"}},
{"type":"Feature","geometry":{"type":"Polygon","coordinates":[[[0.47744,43.38725],[0.48899,43.3852],[0.49058,43.38833],[0.49177,43.40215],[0.48821,43.40453],[0.4811,43.40486],[0.48065,43.40783],[0.47102,43.407],[0.46983,43.40374],[0.46338,43.40233],[0.45799,43.39814],[0.44261,43.39812],[0.44534,43.39234],[0.44569,43.38555],[0.47744,43.38725]]]},"properties":{"code_territoire":"iris324660000","libelle_territoire":"Viozan (commune non irisée)"}},
{"type":"Feature","geometry":{"type":"Polygon","coordinates":[[[0.78184,43.5881],[0.80061,43.58638],[0.80989,43.58129],[0.82238,43.57909],[0.8281,43.58311],[0.83323,43.58715],[0.82217,43.59035],[0.80813,43.59093],[0.79451,43.59559],[0.80068,43.59667],[0.80686,43.60268],[0.80005,43.60473],[0.79641,43.61227],[0.7905,43.60583],[0.79049,43.60081],[0.76981,43.6044],[0.76223,43.60811],[0.75612,43.60394],[0.76577,43.5956],[0.77698,43.59046],[0.7766,43.58892],[0.78184,43.5881]]]},"properties":{"code_territoire":"iris324670000","libelle_territoire":"Saint-Caprais (commune non irisée)"}},
{"type":"Feature","geometry":{"type":"Polygon","coordinates":[[[0.65394,43.39131],[0.63862,43.39296],[0.63266,43.38191],[0.62321,43.37785],[0.61528,43.36639],[0.61753,43.36233],[0.63023,43.3606],[0.6348,43.3619],[0.63589,43.36824],[0.63775,43.36558],[0.64327,43.3664],[0.65347,43.36418],[0.65448,43.36787],[0.65927,43.36971],[0.67166,43.37005],[0.66804,43.37448],[0.66104,43.37502],[0.65955,43.37976],[0.65284,43.38299],[0.65394,43.39131]]]},"properties":{"code_territoire":"iris324680000","libelle_territoire":"Aussos (commune non irisée)"}},
{"type":"Feature","geometry":{"type":"Polygon","coordinates":[[[0.88162,43.59008],[0.88064,43.59585],[0.87001,43.59929],[0.87052,43.60442],[0.86301,43.60617],[0.85772,43.60982],[0.85657,43.60648],[0.85172,43.60582],[0.84421,43.59848],[0.84569,43.59443],[0.83323,43.58715],[0.8281,43.58311],[0.83706,43.57552],[0.85278,43.57176],[0.86314,43.56772],[0.86567,43.57055],[0.86565,43.57421],[0.87859,43.58825],[0.88162,43.59008]]]},"properties":{"code_territoire":"iris322880000","libelle_territoire":"Montiron (commune non irisée)"}},
{"type":"Feature","geometry":{"type":"Polygon","coordinates":[[[0.9469,43.38523],[0.95696,43.38503],[0.95967,43.38874],[0.9633,43.38751],[0.9695,43.37715],[0.96556,43.37225],[0.96684,43.3699],[0.97758,43.36276],[0.99379,43.36661],[0.99678,43.36882],[0.99447,43.37226],[0.99585,43.37623],[1.00328,43.37672],[1.00584,43.37981],[0.99783,43.38274],[1.00219,43.39146],[0.99641,43.40201],[0.99684,43.40552],[0.99386,43.40728],[0.98036,43.40522],[0.97055,43.41065],[0.96875,43.40768],[0.963,43.4097],[0.95034,43.40597],[0.94541,43.39965],[0.94913,43.39545],[0.94563,43.39103],[0.94776,43.38897],[0.94549,43.38659],[0.9469,43.38523]]]},"properties":{"code_territoire":"iris322890000","libelle_territoire":"Montpezat (commune non irisée)"}},
{"type":"Feature","geometry":{"type":"Polygon","coordinates":[[[0.19358,44.01381],[0.19007,44.01501],[0.18788,44.01302],[0.18051,44.00041],[0.17539,44.00154],[0.17407,43.99888],[0.1643,43.99503],[0.16607,43.98099],[0.16138,43.97431],[0.16419,43.97377],[0.16389,43.9685],[0.15704,43.96087],[0.1524,43.94763],[0.13556,43.94501],[0.13522,43.93939],[0.14323,43.93833],[0.13653,43.93525],[0.1452,43.93566],[0.14425,43.93294],[0.14775,43.93176],[0.14365,43.92866],[0.14888,43.92589],[0.14996,43.92188],[0.14599,43.91754],[0.1524,43.91779],[0.1492,43.91322],[0.15098,43.91163],[0.15989,43.90824],[0.16914,43.90829],[0.18499,43.90709],[0.18814,43.91131],[0.19858,43.91202],[0.20038,43.91921],[0.20448,43.91959],[0.20423,43.92281],[0.21497,43.92318],[0.22521,43.927],[0.2338,43.92899],[0.23218,43.93981],[0.23527,43.94886],[0.24986,43.94065],[0.25379,43.94169],[0.26284,43.93915],[0.26254,43.92806],[0.27202,43.92699],[0.27684,43.92846],[0.2844,43.93146],[0.27988,43.93952],[0.28275,43.94329],[0.26882,43.94613],[0.26905,43.94891],[0.2719,43.94846],[0.27351,43.95135],[0.27449,43.95451],[0.26763,43.9584],[0.25185,43.96021],[0.25856,43.96331],[0.26133,43.968],[0.26178,43.97052],[0.25754,43.97261],[0.25862,43.97431],[0.2508,43.97217],[0.24436,43.97515],[0.24156,43.97104],[0.23366,43.9685],[0.22311,43.97515],[0.22025,43.97215],[0.21146,43.97395],[0.20023,43.97971],[0.20546,43.98552],[0.20407,43.99172],[0.1987,43.99406],[0.199,43.99806],[0.19315,43.99818],[0.18749,44.00591],[0.19358,44.01381]]]},"properties":{"code_territoire":"iris322900000","libelle_territoire":"Montréal (commune non irisée)"}},
{"type":"Feature","geometry":{"type":"Polygon","coordinates":[[[-0.17242,43.79954],[-0.17215,43.79235],[-0.169,43.78775],[-0.16114,43.78488],[-0.15949,43.77859],[-0.14124,43.7807],[-0.13701,43.78553],[-0.13158,43.78781],[-0.13008,43.792],[-0.13426,43.79656],[-0.13265,43.80359],[-0.13557,43.80484],[-0.13983,43.81264],[-0.14255,43.81451],[-0.14668,43.81183],[-0.16331,43.80835],[-0.17242,43.79954]]]},"properties":{"code_territoire":"iris322910000","libelle_territoire":"Mormès (commune non irisée)"}},
{"type":"Feature","geometry":{"type":"Polygon","coordinates":[[[0.32738,43.89495],[0.32908,43.89903],[0.32543,43.89876],[0.31682,43.90356],[0.3159,43.90748],[0.32538,43.91634],[0.32649,43.91835],[0.31924,43.92161],[0.30484,43.92514],[0.30718,43.91804],[0.30543,43.91642],[0.29398,43.91767],[0.28873,43.92009],[0.28209,43.90597],[0.28419,43.90524],[0.28309,43.90346],[0.27444,43.90359],[0.27663,43.89896],[0.28311,43.90203],[0.29286,43.90182],[0.29289,43.89721],[0.2977,43.8895],[0.28505,43.88461],[0.27727,43.88696],[0.27213,43.88333],[0.2806,43.8823],[0.29183,43.88545],[0.30914,43.87469],[0.31103,43.87908],[0.31919,43.87782],[0.32993,43.88007],[0.32944,43.88144],[0.32578,43.88925],[0.32738,43.89495]]]},"properties":{"code_territoire":"iris322920000","libelle_territoire":"Mouchan (commune non irisée)"}},
{"type":"Feature","geometry":{"type":"Polygon","coordinates":[[[0.4094,43.5616],[0.40876,43.55372],[0.41177,43.55092],[0.41508,43.55252],[0.42415,43.55086],[0.42685,43.5484],[0.4358,43.54965],[0.43613,43.55522],[0.42977,43.56204],[0.41222,43.56785],[0.40784,43.56372],[0.4094,43.5616]]]},"properties":{"code_territoire":"iris322930000","libelle_territoire":"Mouchès (commune non irisée)"}},
{"type":"Feature","geometry":{"type":"Polygon","coordinates":[[[0.27645,43.8133],[0.27559,43.81004],[0.27115,43.80973],[0.26835,43.80148],[0.2697,43.79646],[0.27816,43.79409],[0.27953,43.79153],[0.28444,43.79265],[0.28899,43.78964],[0.29756,43.79558],[0.31114,43.79774],[0.31387,43.80118],[0.31207,43.80407],[0.30665,43.80391],[0.30496,43.80193],[0.30155,43.80361],[0.30118,43.8065],[0.28742,43.80798],[0.2818,43.80681],[0.27864,43.80815],[0.27645,43.8133]]]},"properties":{"code_territoire":"iris322940000","libelle_territoire":"Mourède (commune non irisée)"}},
{"type":"Feature","geometry":{"type":"Polygon","coordinates":[[[1.01435,43.50034],[1.00429,43.50251],[1.00281,43.50013],[0.9978,43.5023],[0.99431,43.5007],[0.98658,43.5032],[0.98159,43.49972],[0.97239,43.50521],[0.96802,43.50128],[0.96657,43.49452],[0.97615,43.48833],[0.97735,43.48571],[0.98091,43.48751],[0.99195,43.48998],[0.99275,43.49466],[0.99781,43.4961],[1.00083,43.49354],[1.00345,43.49519],[1.01371,43.49522],[1.01483,43.49858],[1.01435,43.50034]]]},"properties":{"code_territoire":"iris322950000","libelle_territoire":"Nizas (commune non irisée)"}},
{"type":"Feature","geometry":{"type":"Polygon","coordinates":[[[0.00523,43.75924],[-0.01523,43.77437],[-0.0337,43.78309],[-0.03218,43.77317],[-0.03493,43.77003],[-0.03794,43.7685],[-0.04506,43.76979],[-0.05763,43.76609],[-0.05472,43.76372],[-0.05891,43.76034],[-0.06563,43.75949],[-0.05725,43.74977],[-0.04832,43.74926],[-0.0472,43.74568],[-0.03913,43.74587],[-0.02897,43.75137],[-0.02369,43.75043],[-0.02058,43.75219],[-0.01999,43.75646],[-0.01655,43.75365],[-0.00957,43.75569],[0.00016,43.75372],[0.00663,43.75786],[0.00523,43.75924]]]},"properties":{"code_territoire":"iris322960000","libelle_territoire":"Nogaro (commune non irisée)"}},
{"type":"Feature","geometry":{"type":"Polygon","coordinates":[[[0.94658,43.5496],[0.93621,43.55119],[0.91919,43.55234],[0.91588,43.54852],[0.91024,43.54935],[0.90633,43.5473],[0.90758,43.54103],[0.90052,43.54319],[0.89782,43.54062],[0.90161,43.53798],[0.90428,43.5293],[0.91341,43.52599],[0.92057,43.51603],[0.93983,43.51395],[0.95357,43.50878],[0.9603,43.51508],[0.96398,43.51318],[0.96697,43.51446],[0.96257,43.51832],[0.96504,43.52574],[0.97388,43.53306],[0.95796,43.53925],[0.95527,43.54306],[0.9585,43.54705],[0.94658,43.5496]]]},"properties":{"code_territoire":"iris322970000","libelle_territoire":"Noilhan (commune non irisée)"}},
{"type":"Feature","geometry":{"type":"Polygon","coordinates":[[[0.69009,43.67432],[0.6966,43.67111],[0.69546,43.6679],[0.70341,43.66696],[0.71366,43.67209],[0.72338,43.66992],[0.72372,43.67316],[0.71913,43.67558],[0.71994,43.67984],[0.72914,43.67928],[0.7383,43.68231],[0.75282,43.67957],[0.76089,43.68218],[0.77058,43.67591],[0.77532,43.67526],[0.76316,43.68436],[0.76632,43.68612],[0.75613,43.69482],[0.74205,43.69248],[0.72288,43.70074],[0.71409,43.71058],[0.70576,43.70591],[0.69779,43.71363],[0.69061,43.7103],[0.69067,43.7035],[0.68534,43.70559],[0.68003,43.70157],[0.68264,43.69052],[0.68871,43.68839],[0.69982,43.68959],[0.70727,43.68531],[0.71147,43.67973],[0.71018,43.67752],[0.70723,43.67773],[0.69589,43.6827],[0.69718,43.67677],[0.69009,43.67432]]]},"properties":{"code_territoire":"iris322980000","libelle_territoire":"Nougaroulet (commune non irisée)"}},
{"type":"Feature","geometry":{"type":"Polygon","coordinates":[[[0.15285,43.81594],[0.15532,43.81374],[0.14816,43.81053],[0.14272,43.81108],[0.13706,43.80793],[0.14404,43.80061],[0.15808,43.79878],[0.15839,43.79047],[0.16139,43.78961],[0.16948,43.78702],[0.1701,43.80133],[0.17927,43.80216],[0.18126,43.81403],[0.1727,43.8132],[0.15285,43.81594]]]},"properties":{"code_territoire":"iris322990000","libelle_territoire":"Noulens (commune non irisée)"}},
{"type":"Feature","geometry":{"type":"Polygon","coordinates":[[[0.59286,43.55143],[0.59073,43.54561],[0.58571,43.54424],[0.60579,43.53688],[0.61469,43.53813],[0.61835,43.53696],[0.61752,43.5351],[0.62206,43.53529],[0.62416,43.53633],[0.63947,43.53324],[0.6359,43.53869],[0.64007,43.54302],[0.63759,43.54576],[0.63862,43.54991],[0.63555,43.55032],[0.63663,43.55357],[0.61979,43.55875],[0.61653,43.55688],[0.6101,43.558],[0.59832,43.5563],[0.59286,43.55143]]]},"properties":{"code_territoire":"iris323000000","libelle_territoire":"Orbessan (commune non irisée)"}},
{"type":"Feature","geometry":{"type":"Polygon","coordinates":[[[0.4541,43.66132],[0.461,43.66329],[0.46324,43.66141],[0.46638,43.66198],[0.47185,43.65547],[0.47583,43.6432],[0.48818,43.63895],[0.49416,43.6522],[0.49923,43.65627],[0.50647,43.65378],[0.51293,43.65887],[0.51925,43.65604],[0.52553,43.65741],[0.51579,43.67642],[0.53158,43.6683],[0.53042,43.67435],[0.52737,43.68257],[0.51665,43.68615],[0.51384,43.69103],[0.5113,43.69046],[0.50452,43.6957],[0.50663,43.70168],[0.49358,43.70526],[0.48725,43.71316],[0.47807,43.71659],[0.46834,43.7239],[0.46249,43.72409],[0.44512,43.71933],[0.44161,43.72191],[0.43853,43.72048],[0.43555,43.72485],[0.43008,43.72194],[0.43183,43.72003],[0.43104,43.71714],[0.4342,43.71701],[0.43198,43.71191],[0.44319,43.70873],[0.44474,43.70607],[0.4486,43.70747],[0.45354,43.70236],[0.44479,43.6993],[0.44456,43.69574],[0.43157,43.69533],[0.43501,43.68489],[0.44021,43.67995],[0.43577,43.67151],[0.43759,43.66677],[0.44211,43.66195],[0.4541,43.66132]]]},"properties":{"code_territoire":"iris323010000","libelle_territoire":"Ordan-Larroque (commune non irisée)"}},
{"type":"Feature","geometry":{"type":"Polygon","coordinates":[[[0.62506,43.52049],[0.62287,43.51726],[0.61773,43.51928],[0.61245,43.51835],[0.60559,43.52163],[0.60652,43.52502],[0.58891,43.52644],[0.58392,43.52855],[0.57834,43.52676],[0.5764,43.52269],[0.57015,43.52138],[0.56928,43.51795],[0.56095,43.52164],[0.56359,43.50196],[0.57004,43.50054],[0.57039,43.50383],[0.5765,43.50571],[0.59691,43.504],[0.60171,43.50547],[0.62009,43.4976],[0.63331,43.50492],[0.63406,43.50744],[0.63095,43.51047],[0.63246,43.51733],[0.62506,43.52049]]]},"properties":{"code_territoire":"iris323020000","libelle_territoire":"Ornézan (commune non irisée)"}},
{"type":"Feature","geometry":{"type":"Polygon","coordinates":[[[0.29516,43.49032],[0.29699,43.4974],[0.2827,43.50102],[0.28083,43.50645],[0.27235,43.51086],[0.26385,43.51256],[0.26064,43.51697],[0.253,43.51431],[0.24402,43.50539],[0.24154,43.50636],[0.23735,43.50716],[0.23562,43.50394],[0.23758,43.50258],[0.24416,43.50422],[0.25666,43.49565],[0.27626,43.50221],[0.28686,43.49064],[0.29516,43.49032]]]},"properties":{"code_territoire":"iris323030000","libelle_territoire":"Pallanne (commune non irisée)"}},
{"type":"Feature","geometry":{"type":"Polygon","coordinates":[[[0.54564,43.37438],[0.55242,43.37167],[0.56359,43.37171],[0.56465,43.3671],[0.56755,43.36653],[0.573,43.36829],[0.57394,43.3717],[0.57754,43.37272],[0.58748,43.37352],[0.59119,43.37211],[0.59298,43.3772],[0.59129,43.37972],[0.58739,43.38024],[0.58159,43.38504],[0.58292,43.38918],[0.58563,43.38932],[0.58462,43.3951],[0.57878,43.39521],[0.57497,43.39831],[0.57681,43.39932],[0.57015,43.40036],[0.57182,43.40558],[0.56065,43.40562],[0.55649,43.39475],[0.55214,43.39418],[0.55212,43.38454],[0.54564,43.37438]]]},"properties":{"code_territoire":"iris323040000","libelle_territoire":"Panassac (commune non irisée)"}},
{"type":"Feature","geometry":{"type":"Polygon","coordinates":[[[-0.09347,43.81338],[-0.08767,43.80778],[-0.07436,43.80614],[-0.07198,43.81057],[-0.06987,43.81027],[-0.06588,43.80307],[-0.06246,43.81301],[-0.06054,43.81449],[-0.05855,43.81305],[-0.05792,43.81465],[-0.04819,43.81342],[-0.04486,43.81561],[-0.04519,43.82634],[-0.03678,43.82679],[-0.03266,43.82999],[-0.04421,43.83544],[-0.04906,43.84557],[-0.04741,43.84895],[-0.05569,43.85088],[-0.05635,43.84436],[-0.06199,43.84288],[-0.06898,43.84654],[-0.07154,43.85096],[-0.07804,43.8488],[-0.08737,43.83995],[-0.09305,43.83921],[-0.09325,43.8424],[-0.10001,43.84504],[-0.10177,43.83768],[-0.1107,43.82875],[-0.10998,43.82698],[-0.12576,43.82891],[-0.11321,43.81773],[-0.10881,43.81738],[-0.10845,43.81508],[-0.09675,43.81535],[-0.09347,43.81338]]]},"properties":{"code_territoire":"iris323050000","libelle_territoire":"Panjas (commune non irisée)"}},
{"type":"Feature","geometry":{"type":"Polygon","coordinates":[[[0.64897,43.89858],[0.64742,43.90122],[0.63696,43.9046],[0.63403,43.90894],[0.63123,43.90799],[0.62935,43.91151],[0.62755,43.90993],[0.62573,43.91315],[0.62136,43.91364],[0.62022,43.91167],[0.61315,43.91465],[0.60775,43.90921],[0.60605,43.91058],[0.60071,43.90956],[0.59938,43.90002],[0.59629,43.89657],[0.59526,43.88854],[0.58761,43.87934],[0.58473,43.87308],[0.58646,43.86612],[0.5821,43.86028],[0.59018,43.85212],[0.59726,43.85885],[0.60089,43.85753],[0.60135,43.85983],[0.60772,43.85882],[0.61085,43.86403],[0.61921,43.86331],[0.61965,43.86801],[0.62244,43.86755],[0.62218,43.87217],[0.63877,43.86678],[0.65485,43.86716],[0.65531,43.86959],[0.65838,43.8694],[0.66338,43.86934],[0.66026,43.87239],[0.66381,43.8745],[0.66338,43.87831],[0.66096,43.87804],[0.66386,43.88066],[0.66361,43.88527],[0.66116,43.88472],[0.65718,43.88969],[0.65526,43.88901],[0.65169,43.89238],[0.64832,43.89177],[0.64591,43.89375],[0.64897,43.89858]]]},"properties":{"code_territoire":"iris323060000","libelle_territoire":"Pauilhac (commune non irisée)"}},
{"type":"Feature","geometry":{"type":"Polygon","coordinates":[[[0.63572,43.59041],[0.63431,43.59431],[0.63659,43.60404],[0.6307,43.61043],[0.62668,43.61124],[0.62913,43.6143],[0.62342,43.62512],[0.61597,43.62706],[0.60888,43.62557],[0.60534,43.62056],[0.60328,43.62223],[0.59826,43.62184],[0.58442,43.61742],[0.58092,43.61891],[0.57983,43.62305],[0.5771,43.62295],[0.57675,43.61861],[0.56431,43.62135],[0.55071,43.61761],[0.53577,43.61993],[0.54378,43.60537],[0.55082,43.60322],[0.54848,43.59623],[0.55975,43.59472],[0.55663,43.59174],[0.56535,43.58828],[0.56552,43.58462],[0.57834,43.58388],[0.58781,43.58921],[0.59154,43.58704],[0.60254,43.58657],[0.6024,43.59182],[0.6121,43.59319],[0.62441,43.59363],[0.63572,43.59041]]]},"properties":{"code_territoire":"iris323070000","libelle_territoire":"Pavie (commune non irisée)"}},
{"type":"Feature","geometry":{"type":"Polygon","coordinates":[[[1.03359,43.44733],[1.03439,43.45357],[1.03909,43.45256],[1.03631,43.45464],[1.0374,43.45721],[1.04413,43.4566],[1.04543,43.45906],[1.01754,43.47359],[1.01422,43.47221],[1.01064,43.47342],[1.00895,43.47176],[1.0165,43.46391],[1.01335,43.46151],[1.01339,43.45693],[1.0251,43.45235],[1.02661,43.44725],[1.03359,43.44733]]]},"properties":{"code_territoire":"iris323080000","libelle_territoire":"Pébées (commune non irisée)"}},
{"type":"Feature","geometry":{"type":"Polygon","coordinates":[[[0.79742,43.46677],[0.79797,43.46821],[0.80242,43.46719],[0.80282,43.47231],[0.807,43.46775],[0.81478,43.46725],[0.81812,43.47631],[0.8156,43.47627],[0.82044,43.48272],[0.82165,43.48942],[0.80497,43.49283],[0.80654,43.4963],[0.81066,43.49788],[0.80813,43.50318],[0.80285,43.50081],[0.7991,43.49524],[0.80123,43.48864],[0.79323,43.49258],[0.77884,43.49528],[0.77992,43.49074],[0.77504,43.48419],[0.76952,43.48222],[0.76099,43.48243],[0.76076,43.47774],[0.76558,43.47469],[0.75799,43.47076],[0.75432,43.46502],[0.75679,43.46655],[0.76676,43.46367],[0.77065,43.4681],[0.78568,43.46398],[0.78346,43.46124],[0.79332,43.46212],[0.79742,43.46677]]]},"properties":{"code_territoire":"iris323090000","libelle_territoire":"Pellefigue (commune non irisée)"}},
{"type":"Feature","geometry":{"type":"Polygon","coordinates":[[[-0.11933,43.78468],[-0.13008,43.792],[-0.13158,43.78781],[-0.13701,43.78553],[-0.14124,43.7807],[-0.15949,43.77859],[-0.16297,43.77486],[-0.15858,43.77275],[-0.1596,43.77074],[-0.15157,43.76716],[-0.15108,43.76462],[-0.1422,43.76281],[-0.1243,43.77619],[-0.11933,43.78468]]]},"properties":{"code_territoire":"iris323100000","libelle_territoire":"Perchède (commune non irisée)"}},
{"type":"Feature","geometry":{"type":"Polygon","coordinates":[[[0.63169,44.04955],[0.63112,44.05578],[0.62508,44.06262],[0.6151,44.06828],[0.60714,44.06916],[0.60519,44.07286],[0.59913,44.0748],[0.60131,44.07807],[0.59189,44.08001],[0.59088,44.07692],[0.58516,44.07686],[0.58567,44.07523],[0.57571,44.0759],[0.57833,44.07311],[0.57252,44.06907],[0.57079,44.06502],[0.56865,44.06566],[0.56634,44.05995],[0.55851,44.05818],[0.56001,44.05661],[0.55756,44.05075],[0.56602,44.04145],[0.57113,44.04036],[0.59113,44.042],[0.60105,44.03283],[0.60424,44.03292],[0.61002,44.03644],[0.62181,44.03427],[0.62255,44.04032],[0.62905,44.04206],[0.62909,44.0478],[0.63169,44.04955]]]},"properties":{"code_territoire":"iris323110000","libelle_territoire":"Pergain-Taillac (commune non irisée)"}},
{"type":"Feature","geometry":{"type":"Polygon","coordinates":[[[0.7111,43.61642],[0.70796,43.62178],[0.70371,43.62326],[0.70472,43.62779],[0.69113,43.62889],[0.67477,43.63454],[0.67119,43.63272],[0.65614,43.63247],[0.6548,43.63099],[0.64418,43.63256],[0.64138,43.63494],[0.64159,43.62768],[0.62487,43.62661],[0.62342,43.62512],[0.62913,43.6143],[0.62668,43.61124],[0.6307,43.61043],[0.63659,43.60404],[0.63431,43.59431],[0.63572,43.59041],[0.6409,43.59255],[0.64243,43.58991],[0.65721,43.58637],[0.65779,43.58136],[0.66433,43.58023],[0.66448,43.57647],[0.6746,43.57279],[0.67827,43.58113],[0.67641,43.58655],[0.67797,43.5878],[0.68033,43.58509],[0.68818,43.58257],[0.68938,43.58729],[0.6939,43.59148],[0.69432,43.60089],[0.6969,43.602],[0.69221,43.60454],[0.69732,43.61176],[0.68126,43.61444],[0.67863,43.62044],[0.68194,43.62216],[0.69943,43.61714],[0.7111,43.61642]]]},"properties":{"code_territoire":"iris323120000","libelle_territoire":"Pessan (commune non irisée)"}},
{"type":"Feature","geometry":{"type":"Polygon","coordinates":[[[0.89515,43.83975],[0.89672,43.84444],[0.89365,43.84821],[0.89485,43.85013],[0.91228,43.84953],[0.90602,43.85975],[0.8976,43.867],[0.88911,43.8692],[0.88431,43.87389],[0.8828,43.88588],[0.87513,43.88773],[0.86903,43.87306],[0.87287,43.86732],[0.86395,43.86633],[0.85758,43.86154],[0.86216,43.85855],[0.86033,43.85344],[0.86369,43.84848],[0.86305,43.83983],[0.86823,43.83695],[0.87924,43.83651],[0.88487,43.83565],[0.8874,43.84147],[0.89515,43.83975]]]},"properties":{"code_territoire":"iris323130000","libelle_territoire":"Pessoulens (commune non irisée)"}},
{"type":"Feature","geometry":{"type":"Polygon","coordinates":[[[0.80903,43.98215],[0.81251,43.98135],[0.81319,43.98461],[0.81583,43.98372],[0.81881,43.9869],[0.81529,43.98853],[0.81819,43.99015],[0.81676,43.99103],[0.82414,43.99296],[0.82251,43.99447],[0.82762,43.99691],[0.82434,44.00743],[0.81756,44.00918],[0.81288,44.00933],[0.81306,44.00328],[0.79372,44.00327],[0.79468,43.99791],[0.7873,43.99681],[0.80903,43.98215]]]},"properties":{"code_territoire":"iris323140000","libelle_territoire":"Peyrecave (commune non irisée)"}},
{"type":"Feature","geometry":{"type":"Polygon","coordinates":[[[0.23184,43.59902],[0.23262,43.6059],[0.23661,43.61122],[0.24756,43.61105],[0.25949,43.60731],[0.26683,43.61276],[0.25245,43.62798],[0.24588,43.6304],[0.24473,43.64017],[0.24457,43.64343],[0.23582,43.64398],[0.23458,43.64825],[0.23988,43.64881],[0.23994,43.65151],[0.23827,43.65617],[0.23049,43.65671],[0.23179,43.66154],[0.22005,43.66127],[0.20936,43.65626],[0.19821,43.65668],[0.19869,43.65154],[0.19018,43.65616],[0.18224,43.65718],[0.17981,43.6552],[0.18007,43.65504],[0.19022,43.65007],[0.19993,43.64003],[0.2003,43.63844],[0.19099,43.63265],[0.1949,43.62383],[0.20208,43.62249],[0.1978,43.6156],[0.19614,43.60928],[0.19887,43.60772],[0.22017,43.60298],[0.2207,43.59844],[0.23184,43.59902]]]},"properties":{"code_territoire":"iris323150000","libelle_territoire":"Peyrusse-Grande (commune non irisée)"}},
{"type":"Feature","geometry":{"type":"Polygon","coordinates":[[[0.58052,43.74831],[0.58348,43.74903],[0.58198,43.75497],[0.57373,43.75326],[0.5592,43.74419],[0.54579,43.74108],[0.53142,43.74653],[0.53466,43.73335],[0.53577,43.73074],[0.55295,43.72559],[0.55504,43.72774],[0.56039,43.7268],[0.55894,43.72988],[0.56828,43.73001],[0.56967,43.73651],[0.57923,43.73689],[0.57541,43.73811],[0.58052,43.74831]]]},"properties":{"code_territoire":"iris323160000","libelle_territoire":"Peyrusse-Massas (commune non irisée)"}},
{"type":"Feature","geometry":{"type":"Polygon","coordinates":[[[0.14413,43.61829],[0.14804,43.61117],[0.15602,43.60594],[0.16268,43.60496],[0.16499,43.60948],[0.16247,43.61561],[0.17064,43.6185],[0.18776,43.6144],[0.1924,43.61773],[0.1978,43.6156],[0.20208,43.62249],[0.1949,43.62383],[0.19099,43.63265],[0.2003,43.63844],[0.19993,43.64003],[0.19022,43.65007],[0.18007,43.65504],[0.1771,43.63761],[0.16942,43.63776],[0.15775,43.63168],[0.15628,43.62511],[0.15276,43.6216],[0.14413,43.61829]]]},"properties":{"code_territoire":"iris323170000","libelle_territoire":"Peyrusse-Vieille (commune non irisée)"}},
{"type":"Feature","geometry":{"type":"Polygon","coordinates":[[[0.69095,43.79542],[0.6948,43.79025],[0.69102,43.78774],[0.69296,43.78271],[0.72022,43.77068],[0.72292,43.77163],[0.72166,43.77787],[0.72375,43.77978],[0.7254,43.79188],[0.72533,43.79211],[0.70974,43.79436],[0.69594,43.80013],[0.69498,43.79662],[0.69095,43.79542]]]},"properties":{"code_territoire":"iris323180000","libelle_territoire":"Pis (commune non irisée)"}},
{"type":"Feature","geometry":{"type":"Polygon","coordinates":[[[0.02922,43.57659],[0.03606,43.57471],[0.0454,43.57597],[0.05319,43.58055],[0.06741,43.58467],[0.07062,43.58437],[0.07132,43.58613],[0.06701,43.59056],[0.06424,43.58884],[0.06515,43.59189],[0.06276,43.59061],[0.05773,43.59177],[0.0539,43.59469],[0.05713,43.59611],[0.05611,43.59933],[0.06206,43.59917],[0.06175,43.60113],[0.06697,43.60328],[0.06187,43.61088],[0.0585,43.61078],[0.05521,43.61369],[0.05525,43.61861],[0.05059,43.62104],[0.04932,43.62576],[0.04665,43.62728],[0.04264,43.62632],[0.04063,43.62824],[0.03277,43.62142],[0.02865,43.62078],[0.02378,43.62067],[0.02368,43.61923],[0.02408,43.60711],[0.02943,43.59866],[0.02835,43.59227],[0.03139,43.58805],[0.02922,43.57659]]]},"properties":{"code_territoire":"iris323190000","libelle_territoire":"Plaisance (commune non irisée)"}},
{"type":"Feature","geometry":{"type":"Polygon","coordinates":[[[0.78527,43.95819],[0.77722,43.95509],[0.77288,43.95937],[0.75354,43.96227],[0.74582,43.9689],[0.7365,43.96827],[0.73354,43.96582],[0.72518,43.96784],[0.72118,43.96856],[0.72189,43.96272],[0.71973,43.96274],[0.71262,43.95346],[0.71345,43.94768],[0.71899,43.94621],[0.71912,43.94044],[0.72792,43.94143],[0.72994,43.9382],[0.7336,43.9373],[0.76074,43.93893],[0.75844,43.94476],[0.76089,43.9447],[0.76089,43.947],[0.76696,43.94839],[0.77259,43.95347],[0.77479,43.95185],[0.77956,43.95478],[0.78372,43.95466],[0.78527,43.95819]]]},"properties":{"code_territoire":"iris323200000","libelle_territoire":"Plieux (commune non irisée)"}},
{"type":"Feature","geometry":{"type":"Polygon","coordinates":[[[0.81433,43.55368],[0.80897,43.55255],[0.80385,43.53696],[0.79661,43.53397],[0.8099,43.5305],[0.81507,43.52382],[0.8363,43.52578],[0.83812,43.5244],[0.84294,43.52523],[0.8467,43.52295],[0.84717,43.51983],[0.86077,43.52219],[0.88629,43.51129],[0.89259,43.51484],[0.885,43.51994],[0.87402,43.52275],[0.87225,43.53],[0.86688,43.53131],[0.86787,43.53254],[0.86042,43.53722],[0.85767,43.54113],[0.85875,43.54673],[0.85485,43.54853],[0.83921,43.54964],[0.83794,43.54487],[0.82729,43.54968],[0.81433,43.55368]]]},"properties":{"code_territoire":"iris323210000","libelle_territoire":"Polastron (commune non irisée)"}},
{"type":"Feature","geometry":{"type":"Polygon","coordinates":[[[0.9886,43.53933],[0.98027,43.53862],[0.98077,43.53416],[0.98381,43.53142],[0.98132,43.52852],[0.99252,43.51811],[0.99036,43.51399],[0.98567,43.51357],[0.98395,43.51025],[0.98135,43.50997],[0.98658,43.5032],[0.99431,43.5007],[0.9978,43.5023],[1.00281,43.50013],[1.00429,43.50251],[1.01435,43.50034],[1.02208,43.50054],[1.02583,43.50286],[1.03178,43.51831],[1.00125,43.52632],[0.99617,43.53365],[0.9886,43.53933]]]},"properties":{"code_territoire":"iris323220000","libelle_territoire":"Pompiac (commune non irisée)"}},
{"type":"Feature","geometry":{"type":"Polygon","coordinates":[[[0.36736,43.47182],[0.35928,43.47291],[0.35738,43.47052],[0.34913,43.47009],[0.34099,43.46354],[0.34636,43.46099],[0.35414,43.45112],[0.36471,43.44895],[0.36323,43.44234],[0.37743,43.44461],[0.37851,43.45133],[0.3834,43.4483],[0.39454,43.44927],[0.39223,43.45542],[0.39643,43.45876],[0.39588,43.46348],[0.40246,43.46729],[0.38739,43.46392],[0.3889,43.46854],[0.37794,43.46712],[0.37,43.4683],[0.36597,43.46961],[0.36736,43.47182]]]},"properties":{"code_territoire":"iris323230000","libelle_territoire":"Ponsampère (commune non irisée)"}},
{"type":"Feature","geometry":{"type":"Polygon","coordinates":[[[0.47982,43.3326],[0.48187,43.34146],[0.4894,43.34206],[0.49354,43.35039],[0.5018,43.35534],[0.49009,43.35972],[0.48536,43.36467],[0.48492,43.36964],[0.47642,43.3688],[0.46995,43.36473],[0.47018,43.35714],[0.46563,43.35071],[0.46122,43.33662],[0.47232,43.33475],[0.47285,43.33259],[0.47982,43.3326]]]},"properties":{"code_territoire":"iris323240000","libelle_territoire":"Ponsan-Soubiran (commune non irisée)"}},
{"type":"Feature","geometry":{"type":"Polygon","coordinates":[[[0.03482,43.64339],[0.04549,43.64385],[0.05457,43.65561],[0.05677,43.65471],[0.06411,43.65942],[0.05647,43.66174],[0.05982,43.66868],[0.05675,43.67358],[0.05527,43.67485],[0.05011,43.67174],[0.03821,43.67151],[0.03546,43.67541],[0.02997,43.67387],[0.01878,43.6649],[0.01691,43.65955],[0.00843,43.65896],[0.00999,43.65826],[0.00708,43.65362],[0.01643,43.64787],[0.02539,43.64766],[0.03482,43.64339]]]},"properties":{"code_territoire":"iris323250000","libelle_territoire":"Pouydraguin (commune non irisée)"}},
{"type":"Feature","geometry":{"type":"Polygon","coordinates":[[[0.27746,43.57048],[0.275,43.56454],[0.28454,43.54507],[0.28368,43.54214],[0.28236,43.52802],[0.28997,43.52544],[0.3006,43.52634],[0.31027,43.52345],[0.31222,43.52793],[0.32297,43.52666],[0.32311,43.53174],[0.33113,43.53367],[0.33187,43.53758],[0.33064,43.54407],[0.3147,43.54512],[0.31652,43.54816],[0.32422,43.55004],[0.32173,43.55329],[0.32692,43.55534],[0.32527,43.55841],[0.31901,43.55818],[0.31842,43.56361],[0.31047,43.56174],[0.30499,43.56434],[0.30262,43.56232],[0.29393,43.56194],[0.28438,43.56344],[0.27746,43.57048]]]},"properties":{"code_territoire":"iris323260000","libelle_territoire":"Pouylebon (commune non irisée)"}},
{"type":"Feature","geometry":{"type":"Polygon","coordinates":[[[0.64998,43.46182],[0.63427,43.46532],[0.6351,43.46673],[0.62562,43.46696],[0.62561,43.46865],[0.63028,43.46817],[0.63097,43.47069],[0.61501,43.47552],[0.62049,43.47855],[0.61321,43.47996],[0.61344,43.48142],[0.60542,43.48147],[0.59783,43.48574],[0.59515,43.48033],[0.59167,43.48039],[0.59063,43.47606],[0.59704,43.47433],[0.60095,43.46996],[0.59857,43.46523],[0.58649,43.46752],[0.58848,43.4657],[0.58578,43.46256],[0.5872,43.45605],[0.59028,43.45351],[0.60426,43.45126],[0.60412,43.44984],[0.61667,43.44986],[0.61727,43.45311],[0.62259,43.45563],[0.62373,43.45718],[0.63615,43.4567],[0.63783,43.46097],[0.64998,43.46182]]]},"properties":{"code_territoire":"iris323270000","libelle_territoire":"Pouy-Loubrin (commune non irisée)"}},
{"type":"Feature","geometry":{"type":"Polygon","coordinates":[[[0.50828,44.02006],[0.51759,44.01999],[0.53248,44.01478],[0.53879,44.02255],[0.53239,44.02721],[0.53848,44.02914],[0.53877,44.03346],[0.53372,44.03708],[0.53526,44.04346],[0.54013,44.04591],[0.53566,44.04966],[0.53853,44.05293],[0.53241,44.05747],[0.52045,44.05746],[0.51157,44.06341],[0.50462,44.05071],[0.50686,44.04899],[0.50326,44.03626],[0.50721,44.03167],[0.50816,44.02551],[0.50828,44.02006]]]},"properties":{"code_territoire":"iris323280000","libelle_territoire":"Pouy-Roquelaure (commune non irisée)"}},
{"type":"Feature","geometry":{"type":"Polygon","coordinates":[[[0.5573,43.78718],[0.55999,43.78945],[0.57144,43.7802],[0.58995,43.77627],[0.59762,43.78022],[0.59732,43.78296],[0.59852,43.79161],[0.60082,43.79286],[0.59586,43.80167],[0.60604,43.81001],[0.58571,43.81144],[0.58088,43.81101],[0.57295,43.80498],[0.56702,43.79637],[0.54441,43.80055],[0.53608,43.80493],[0.52834,43.79584],[0.5294,43.7906],[0.54199,43.78908],[0.54653,43.78194],[0.55072,43.78218],[0.5573,43.78718]]]},"properties":{"code_territoire":"iris323290000","libelle_territoire":"Préchac (commune non irisée)"}},
{"type":"Feature","geometry":{"type":"Polygon","coordinates":[[[-0.00658,43.59282],[-0.00154,43.59247],[0.00732,43.59617],[0.01093,43.59336],[0.01417,43.5936],[0.01647,43.58917],[0.02203,43.58999],[0.02219,43.59146],[0.01636,43.60155],[0.00977,43.60218],[0.00948,43.60633],[0.00506,43.60651],[0.00191,43.61326],[-0.00708,43.61332],[-0.01156,43.6133],[-0.01501,43.60553],[-0.01276,43.59775],[-0.00658,43.59282]]]},"properties":{"code_territoire":"iris323300000","libelle_territoire":"Préchac-sur-Adour (commune non irisée)"}},
{"type":"Feature","geometry":{"type":"Polygon","coordinates":[[[0.62722,43.7347],[0.61727,43.73765],[0.62043,43.73367],[0.61754,43.72736],[0.6224,43.72402],[0.61925,43.72319],[0.62244,43.71694],[0.61264,43.70888],[0.61427,43.7077],[0.61727,43.70441],[0.61892,43.70492],[0.63481,43.69926],[0.63753,43.70264],[0.64579,43.70664],[0.6478,43.70562],[0.6508,43.70991],[0.64796,43.71447],[0.65087,43.71794],[0.64606,43.7207],[0.65722,43.72106],[0.65963,43.72269],[0.65823,43.73289],[0.65654,43.73925],[0.65056,43.73824],[0.64277,43.74169],[0.63977,43.73609],[0.62722,43.7347]]]},"properties":{"code_territoire":"iris323310000","libelle_territoire":"Preignan (commune non irisée)"}},
{"type":"Feature","geometry":{"type":"Polygon","coordinates":[[[0.29619,43.73297],[0.28296,43.73454],[0.27227,43.74344],[0.26894,43.74003],[0.26168,43.74061],[0.24909,43.73723],[0.24803,43.73325],[0.2519,43.73076],[0.24481,43.71921],[0.25467,43.7153],[0.26346,43.7151],[0.27727,43.71554],[0.28257,43.71747],[0.2838,43.72088],[0.29109,43.72127],[0.29071,43.72464],[0.2947,43.72525],[0.2988,43.73322],[0.29619,43.73297]]]},"properties":{"code_territoire":"iris323320000","libelle_territoire":"Préneron (commune non irisée)"}},
{"type":"Feature","geometry":{"type":"Polygon","coordinates":[[[-0.2472,43.61584],[-0.24799,43.60556],[-0.25446,43.59708],[-0.24809,43.59681],[-0.24768,43.59038],[-0.24296,43.58853],[-0.24208,43.58334],[-0.23361,43.58407],[-0.23329,43.58807],[-0.22974,43.59007],[-0.21081,43.59317],[-0.21229,43.60344],[-0.21562,43.61022],[-0.21919,43.61042],[-0.21806,43.61539],[-0.21781,43.62168],[-0.22401,43.62341],[-0.229,43.63046],[-0.23601,43.63223],[-0.23811,43.63582],[-0.23792,43.63222],[-0.24358,43.6284],[-0.24704,43.62118],[-0.2472,43.61584]]]},"properties":{"code_territoire":"iris323330000","libelle_territoire":"Projan (commune non irisée)"}},
{"type":"Feature","geometry":{"type":"Polygon","coordinates":[[[1.15888,43.60538],[1.15386,43.60196],[1.14842,43.60415],[1.14143,43.60369],[1.13742,43.58987],[1.13256,43.58577],[1.13376,43.58139],[1.1342,43.58099],[1.15293,43.5796],[1.16117,43.57456],[1.1758,43.57009],[1.18469,43.57336],[1.19947,43.56917],[1.20325,43.57804],[1.19955,43.584],[1.20166,43.5965],[1.19195,43.60123],[1.1943,43.60337],[1.18833,43.60584],[1.18049,43.6148],[1.17237,43.60711],[1.16479,43.60412],[1.15888,43.60538]]]},"properties":{"code_territoire":"iris323340000","libelle_territoire":"Pujaudran (commune non irisée)"}},
{"type":"Feature","geometry":{"type":"Polygon","coordinates":[[[0.73571,43.77263],[0.72901,43.77437],[0.72375,43.77978],[0.72166,43.77787],[0.72292,43.77163],[0.72022,43.77068],[0.71869,43.76789],[0.71279,43.76697],[0.71079,43.76407],[0.70803,43.75211],[0.71925,43.74808],[0.72325,43.7426],[0.72126,43.73471],[0.72738,43.73708],[0.73719,43.72904],[0.73953,43.73074],[0.7421,43.72739],[0.75485,43.72165],[0.75472,43.72768],[0.76441,43.72848],[0.76649,43.73147],[0.76988,43.72709],[0.77366,43.7274],[0.78553,43.7335],[0.79383,43.73528],[0.7966,43.73552],[0.79826,43.73861],[0.80026,43.73993],[0.78372,43.74689],[0.7793,43.74342],[0.77311,43.74951],[0.77544,43.74837],[0.77727,43.7511],[0.78257,43.75215],[0.78086,43.75419],[0.75866,43.75477],[0.74689,43.7511],[0.74174,43.76151],[0.74622,43.77114],[0.74107,43.7704],[0.73571,43.77263]]]},"properties":{"code_territoire":"iris323350000","libelle_territoire":"Puycasquier (commune non irisée)"}},
{"type":"Feature","geometry":{"type":"Polygon","coordinates":[[[0.93763,43.41958],[0.94824,43.42599],[0.94708,43.42853],[0.94532,43.4297],[0.94674,43.4338],[0.9433,43.43535],[0.9448,43.4438],[0.94914,43.44421],[0.95335,43.4481],[0.95016,43.44882],[0.95197,43.45359],[0.94953,43.46001],[0.94317,43.46741],[0.93802,43.46762],[0.92695,43.4576],[0.92374,43.45076],[0.91569,43.4469],[0.91041,43.44122],[0.924,43.4343],[0.92086,43.43074],[0.93166,43.42557],[0.92903,43.42285],[0.93155,43.42177],[0.93763,43.41958]]]},"properties":{"code_territoire":"iris323360000","libelle_territoire":"Puylausic (commune non irisée)"}},
{"type":"Feature","geometry":{"type":"Polygon","coordinates":[[[0.56543,43.76786],[0.57267,43.77053],[0.57563,43.76515],[0.59032,43.76536],[0.59798,43.76232],[0.61114,43.7608],[0.61452,43.76521],[0.61307,43.76919],[0.6158,43.7689],[0.61737,43.77504],[0.61488,43.78153],[0.60602,43.78065],[0.59732,43.78296],[0.59762,43.78022],[0.58995,43.77627],[0.57144,43.7802],[0.55999,43.78945],[0.5573,43.78718],[0.56055,43.78229],[0.55914,43.78096],[0.56751,43.77265],[0.56543,43.76786]]]},"properties":{"code_territoire":"iris323370000","libelle_territoire":"Puységur (commune non irisée)"}},
{"type":"Feature","geometry":{"type":"Polygon","coordinates":[[[0.16817,43.83112],[0.1574,43.82421],[0.15339,43.82665],[0.14924,43.82539],[0.14797,43.82275],[0.15357,43.82043],[0.15285,43.81594],[0.1727,43.8132],[0.18126,43.81403],[0.17927,43.80216],[0.1701,43.80133],[0.16948,43.78702],[0.17449,43.78468],[0.18004,43.78524],[0.18365,43.79144],[0.19177,43.78732],[0.19807,43.78947],[0.19557,43.79034],[0.19866,43.79275],[0.20574,43.79448],[0.20719,43.79896],[0.21777,43.7973],[0.22458,43.80979],[0.22381,43.81356],[0.21759,43.81615],[0.21367,43.82232],[0.20417,43.82653],[0.20057,43.83182],[0.1887,43.82262],[0.18377,43.83109],[0.17934,43.83081],[0.1723,43.82639],[0.16817,43.83112]]]},"properties":{"code_territoire":"iris323380000","libelle_territoire":"Ramouzens (commune non irisée)"}},
{"type":"Feature","geometry":{"type":"Polygon","coordinates":[[[0.96624,43.64301],[0.97012,43.64123],[0.97312,43.6424],[0.98797,43.63618],[0.9977,43.63074],[0.9967,43.63619],[1.00135,43.64285],[0.99784,43.64382],[1.00213,43.64687],[0.99455,43.65449],[0.98957,43.65668],[0.98657,43.65074],[0.97743,43.65288],[0.9778,43.65422],[0.97288,43.65248],[0.96751,43.64711],[0.96624,43.64301]]]},"properties":{"code_territoire":"iris323390000","libelle_territoire":"Razengues (commune non irisée)"}},
{"type":"Feature","geometry":{"type":"Polygon","coordinates":[[[0.03177,43.89594],[0.03141,43.88794],[0.02662,43.8842],[0.03217,43.87702],[0.0215,43.87933],[0.00645,43.87345],[0.01098,43.87227],[0.01005,43.86996],[0.01753,43.85949],[0.02251,43.85888],[0.02739,43.85493],[0.0408,43.85132],[0.04252,43.8538],[0.05677,43.85463],[0.06021,43.85958],[0.06605,43.85847],[0.06323,43.86122],[0.06404,43.86724],[0.05799,43.87294],[0.0394,43.87623],[0.04284,43.87841],[0.03917,43.88183],[0.0433,43.88764],[0.04951,43.88272],[0.05316,43.88224],[0.05627,43.88433],[0.05619,43.8938],[0.04822,43.89134],[0.03177,43.89594]]]},"properties":{"code_territoire":"iris323400000","libelle_territoire":"Réans (commune non irisée)"}},
{"type":"Feature","geometry":{"type":"Polygon","coordinates":[[[0.51649,43.8273],[0.50534,43.81556],[0.51274,43.81325],[0.51515,43.80875],[0.53608,43.80493],[0.54441,43.80055],[0.56702,43.79637],[0.57295,43.80498],[0.58088,43.81101],[0.58571,43.81144],[0.58309,43.81646],[0.59018,43.81818],[0.59085,43.82126],[0.58319,43.82532],[0.57265,43.82457],[0.56364,43.8331],[0.5598,43.82037],[0.55572,43.81984],[0.55066,43.82322],[0.54931,43.81913],[0.54647,43.81838],[0.54205,43.8191],[0.53684,43.82324],[0.526,43.82382],[0.5198,43.82871],[0.51649,43.8273]]]},"properties":{"code_territoire":"iris323410000","libelle_territoire":"Réjaumont (commune non irisée)"}},
{"type":"Feature","geometry":{"type":"Polygon","coordinates":[[[0.18143,43.47083],[0.19337,43.47568],[0.1957,43.47279],[0.20104,43.47304],[0.19991,43.47953],[0.19312,43.48893],[0.19427,43.49428],[0.18551,43.49676],[0.17874,43.50404],[0.1763,43.50655],[0.17012,43.50449],[0.16767,43.49759],[0.15851,43.50408],[0.15121,43.49743],[0.15521,43.49694],[0.15725,43.49067],[0.16492,43.49064],[0.16637,43.4869],[0.16364,43.48037],[0.17399,43.47646],[0.17819,43.47917],[0.17715,43.47258],[0.18143,43.47083]]]},"properties":{"code_territoire":"iris323420000","libelle_territoire":"Ricourt (commune non irisée)"}},
{"type":"Feature","geometry":{"type":"Polygon","coordinates":[[[0.31047,43.62859],[0.32514,43.62836],[0.32665,43.63269],[0.33212,43.63424],[0.33596,43.64014],[0.34548,43.6425],[0.35337,43.6413],[0.35739,43.64317],[0.36385,43.63927],[0.37337,43.6388],[0.37362,43.63979],[0.37504,43.65262],[0.3722,43.65505],[0.37266,43.66453],[0.36712,43.67113],[0.36639,43.67718],[0.35331,43.68137],[0.35076,43.6882],[0.35265,43.69398],[0.33751,43.69495],[0.33628,43.68999],[0.34162,43.68874],[0.34409,43.68399],[0.34234,43.68393],[0.34265,43.67938],[0.3463,43.67727],[0.34308,43.6723],[0.34504,43.6666],[0.33896,43.66419],[0.34018,43.66193],[0.32707,43.66084],[0.3225,43.64733],[0.30481,43.65215],[0.29416,43.65219],[0.29285,43.64696],[0.29629,43.64307],[0.29157,43.64325],[0.28594,43.63963],[0.29899,43.63466],[0.29968,43.62635],[0.30347,43.62477],[0.31047,43.62859]]]},"properties":{"code_territoire":"iris323430000","libelle_territoire":"Riguepeu (commune non irisée)"}},
{"type":"Feature","geometry":{"type":"Polygon","coordinates":[[[-0.03383,43.6075],[-0.03931,43.61598],[-0.04048,43.62485],[-0.04517,43.63023],[-0.04365,43.64109],[-0.04081,43.64669],[-0.02911,43.65345],[-0.03176,43.65649],[-0.0301,43.66032],[-0.03813,43.66441],[-0.04838,43.66356],[-0.05228,43.66445],[-0.05569,43.66848],[-0.06663,43.66808],[-0.07419,43.67059],[-0.07894,43.67048],[-0.08407,43.67301],[-0.09391,43.66994],[-0.09787,43.66105],[-0.10077,43.65951],[-0.11887,43.6599],[-0.11959,43.66301],[-0.12638,43.65811],[-0.12196,43.65679],[-0.12583,43.65375],[-0.12251,43.65028],[-0.12614,43.64661],[-0.11634,43.64211],[-0.11729,43.63111],[-0.12101,43.62539],[-0.11204,43.61893],[-0.10885,43.62393],[-0.09838,43.62418],[-0.09661,43.62856],[-0.09154,43.63206],[-0.08787,43.62424],[-0.08505,43.62525],[-0.08076,43.62313],[-0.08058,43.61362],[-0.07583,43.61017],[-0.07662,43.60638],[-0.07393,43.60649],[-0.05505,43.60622],[-0.04465,43.61332],[-0.03949,43.60565],[-0.03383,43.6075]]]},"properties":{"code_territoire":"iris323440000","libelle_territoire":"Riscle (commune non irisée)"}},
{"type":"Feature","geometry":{"type":"Polygon","coordinates":[[[0.4523,43.98579],[0.46563,43.97853],[0.47265,43.97768],[0.48969,43.96777],[0.49138,43.96238],[0.4897,43.95927],[0.49615,43.95646],[0.50045,43.95537],[0.50926,43.95713],[0.53462,43.96857],[0.53806,43.96839],[0.54781,43.97688],[0.54434,43.97863],[0.53622,43.97857],[0.53887,43.98411],[0.52707,43.98433],[0.52282,43.99026],[0.52165,43.99232],[0.52953,44.00295],[0.53245,44.00675],[0.53248,44.01478],[0.51759,44.01999],[0.50828,44.02006],[0.48831,44.01098],[0.49307,44.00541],[0.48783,44.00207],[0.48838,43.99841],[0.48043,43.99774],[0.47856,43.9948],[0.47153,43.99533],[0.46162,43.99253],[0.45307,43.98918],[0.4523,43.98579]]]},"properties":{"code_territoire":"iris323450000","libelle_territoire":"La Romieu (commune non irisée)"}},
{"type":"Feature","geometry":{"type":"Polygon","coordinates":[[[0.30423,43.68846],[0.31287,43.68341],[0.31501,43.68421],[0.31412,43.68884],[0.30578,43.69214],[0.30674,43.69724],[0.31149,43.69916],[0.3098,43.70028],[0.31258,43.70812],[0.32383,43.70986],[0.32768,43.71162],[0.32651,43.71363],[0.33066,43.71287],[0.33553,43.71906],[0.3315,43.72553],[0.32478,43.72604],[0.32385,43.73075],[0.31966,43.73302],[0.30448,43.73222],[0.30373,43.73492],[0.2988,43.73322],[0.2947,43.72525],[0.29071,43.72464],[0.29109,43.72127],[0.2838,43.72088],[0.28257,43.71747],[0.27727,43.71554],[0.26346,43.7151],[0.26156,43.71166],[0.26367,43.70679],[0.2576,43.7041],[0.25648,43.70091],[0.2604,43.70059],[0.25812,43.69545],[0.26366,43.69436],[0.26521,43.68738],[0.268,43.68577],[0.26601,43.68092],[0.27001,43.6807],[0.27066,43.68937],[0.27428,43.69106],[0.28621,43.68671],[0.28875,43.68769],[0.28962,43.69007],[0.28319,43.69689],[0.29176,43.69243],[0.29496,43.6937],[0.30532,43.6918],[0.30423,43.68846]]]},"properties":{"code_territoire":"iris323460000","libelle_territoire":"Roquebrune (commune non irisée)"}},
{"type":"Feature","geometry":{"type":"Polygon","coordinates":[[[0.56543,43.76786],[0.55776,43.7688],[0.55453,43.76641],[0.56778,43.75807],[0.56843,43.75443],[0.57373,43.75326],[0.58198,43.75497],[0.58348,43.74903],[0.58052,43.74831],[0.59159,43.74322],[0.59491,43.74581],[0.61683,43.75108],[0.61879,43.75483],[0.61143,43.75925],[0.60934,43.75825],[0.61114,43.7608],[0.59798,43.76232],[0.59032,43.76536],[0.57563,43.76515],[0.57267,43.77053],[0.56543,43.76786]]]},"properties":{"code_territoire":"iris323470000","libelle_territoire":"Roquefort (commune non irisée)"}},
{"type":"Feature","geometry":{"type":"Polygon","coordinates":[[[0.55295,43.72559],[0.56009,43.72324],[0.56015,43.71997],[0.56621,43.7178],[0.5636,43.70933],[0.5734,43.70596],[0.57262,43.70317],[0.58095,43.69862],[0.59321,43.69868],[0.60093,43.69612],[0.60905,43.70057],[0.60687,43.70347],[0.6036,43.70379],[0.6039,43.70597],[0.61427,43.7077],[0.61264,43.70888],[0.62244,43.71694],[0.61925,43.72319],[0.6224,43.72402],[0.61754,43.72736],[0.62043,43.73367],[0.61727,43.73765],[0.62722,43.7347],[0.62788,43.74402],[0.61788,43.7444],[0.61683,43.75108],[0.59491,43.74581],[0.59159,43.74322],[0.58052,43.74831],[0.57541,43.73811],[0.57923,43.73689],[0.56967,43.73651],[0.56828,43.73001],[0.55894,43.72988],[0.56039,43.7268],[0.55504,43.72774],[0.55295,43.72559]]]},"properties":{"code_territoire":"iris323480000","libelle_territoire":"Roquelaure (commune non irisée)"}},
{"type":"Feature","geometry":{"type":"Polygon","coordinates":[[[0.9778,43.65422],[0.97743,43.65288],[0.98657,43.65074],[0.98957,43.65668],[0.99455,43.65449],[0.9996,43.66404],[0.99963,43.66443],[0.99513,43.66539],[0.99696,43.66857],[0.99368,43.66953],[0.99671,43.67273],[0.98188,43.67659],[0.97604,43.67318],[0.97846,43.66894],[0.9686,43.6674],[0.97193,43.664],[0.9778,43.65422]]]},"properties":{"code_territoire":"iris323490000","libelle_territoire":"Roquelaure-Saint-Aubin (commune non irisée)"}},
{"type":"Feature","geometry":{"type":"Polygon","coordinates":[[[0.48564,43.90551],[0.48213,43.9066],[0.47583,43.91675],[0.45762,43.91668],[0.45256,43.91252],[0.45433,43.90235],[0.48159,43.90005],[0.48564,43.90551]]]},"properties":{"code_territoire":"iris323500000","libelle_territoire":"Roquepine (commune non irisée)"}},
{"type":"Feature","geometry":{"type":"Polygon","coordinates":[[[0.3232,43.82351],[0.315,43.82793],[0.31214,43.83296],[0.31028,43.84516],[0.31408,43.85003],[0.31134,43.85604],[0.30817,43.85468],[0.30348,43.85816],[0.29751,43.85856],[0.29082,43.85598],[0.28445,43.8572],[0.28503,43.85287],[0.27728,43.8517],[0.27657,43.84609],[0.27347,43.84539],[0.27592,43.83808],[0.29113,43.83641],[0.2934,43.83218],[0.28944,43.82993],[0.29026,43.82717],[0.29937,43.82668],[0.30263,43.82438],[0.3133,43.82481],[0.32251,43.82176],[0.3232,43.82351]]]},"properties":{"code_territoire":"iris323510000","libelle_territoire":"Roques (commune non irisée)"}},
{"type":"Feature","geometry":{"type":"Polygon","coordinates":[[[0.39022,43.79715],[0.39372,43.79718],[0.39331,43.80027],[0.39201,43.80365],[0.3949,43.80623],[0.39284,43.80767],[0.39528,43.80948],[0.39298,43.81171],[0.39309,43.81509],[0.38822,43.82047],[0.38004,43.8171],[0.38182,43.81395],[0.3786,43.8117],[0.37751,43.81373],[0.37394,43.81401],[0.37479,43.81529],[0.36925,43.8154],[0.36746,43.81009],[0.35897,43.80941],[0.35372,43.81176],[0.34276,43.80818],[0.34122,43.80935],[0.33552,43.80478],[0.33044,43.80411],[0.3288,43.79829],[0.33169,43.79164],[0.34243,43.78704],[0.34115,43.78384],[0.34446,43.77995],[0.35037,43.7829],[0.35456,43.78411],[0.36932,43.80036],[0.37883,43.79729],[0.37777,43.80069],[0.38687,43.80124],[0.38701,43.79764],[0.39022,43.79715]]]},"properties":{"code_territoire":"iris323520000","libelle_territoire":"Rozès (commune non irisée)"}},
{"type":"Feature","geometry":{"type":"Polygon","coordinates":[[[0.79332,43.46212],[0.78602,43.45242],[0.79105,43.44903],[0.79059,43.44246],[0.79937,43.44399],[0.79547,43.43411],[0.82118,43.42059],[0.82729,43.42167],[0.82948,43.42453],[0.84597,43.43068],[0.83857,43.43168],[0.83112,43.44122],[0.81714,43.4505],[0.81024,43.46045],[0.79742,43.46677],[0.79332,43.46212]]]},"properties":{"code_territoire":"iris323530000","libelle_territoire":"Sabaillan (commune non irisée)"}},
{"type":"Feature","geometry":{"type":"Polygon","coordinates":[[[0.04448,43.72369],[0.04664,43.72026],[0.04175,43.71502],[0.0345,43.71191],[0.03171,43.70817],[0.02833,43.70994],[0.02598,43.70708],[0.04189,43.69646],[0.04825,43.69564],[0.04786,43.69386],[0.05296,43.6926],[0.0544,43.69425],[0.06266,43.69293],[0.06454,43.7001],[0.07009,43.70478],[0.06789,43.70759],[0.07013,43.72151],[0.05201,43.72804],[0.04448,43.72369]]]},"properties":{"code_territoire":"iris323540000","libelle_territoire":"Sabazan (commune non irisée)"}},
{"type":"Feature","geometry":{"type":"Polygon","coordinates":[[[0.34864,43.38448],[0.36124,43.39016],[0.36873,43.39986],[0.33958,43.40411],[0.32598,43.41105],[0.32412,43.40009],[0.32602,43.3951],[0.32664,43.38936],[0.34864,43.38448]]]},"properties":{"code_territoire":"iris323550000","libelle_territoire":"Sadeillan (commune non irisée)"}},
{"type":"Feature","geometry":{"type":"Polygon","coordinates":[[[0.85278,43.57176],[0.84496,43.55981],[0.84597,43.55564],[0.84298,43.55603],[0.84069,43.55297],[0.82729,43.54968],[0.83794,43.54487],[0.83921,43.54964],[0.85485,43.54853],[0.8642,43.55651],[0.87086,43.55642],[0.8749,43.55319],[0.87565,43.55658],[0.87915,43.55583],[0.87714,43.55983],[0.87992,43.55903],[0.8824,43.56274],[0.87596,43.56889],[0.86865,43.5688],[0.86567,43.57055],[0.86314,43.56772],[0.85278,43.57176]]]},"properties":{"code_territoire":"iris323560000","libelle_territoire":"Saint-André (commune non irisée)"}},
{"type":"Feature","geometry":{"type":"Polygon","coordinates":[[[0.98567,43.74392],[0.99194,43.74387],[0.99246,43.74614],[0.98551,43.74828],[0.98205,43.75489],[0.97536,43.75863],[0.97546,43.76112],[0.97108,43.76162],[0.96931,43.75755],[0.96602,43.75995],[0.96014,43.75714],[0.95658,43.7524],[0.95046,43.75517],[0.95343,43.73592],[0.96036,43.73443],[0.96665,43.72869],[0.97359,43.72879],[0.9707,43.73198],[0.97496,43.73754],[0.97955,43.73734],[0.98412,43.74452],[0.98293,43.74644],[0.98567,43.74392]]]},"properties":{"code_territoire":"iris323570000","libelle_territoire":"Sainte-Anne (commune non irisée)"}},
{"type":"Feature","geometry":{"type":"Polygon","coordinates":[[[0.79748,44.04429],[0.80149,44.03605],[0.80498,44.036],[0.80757,44.03148],[0.81902,44.03013],[0.82005,44.0278],[0.82536,44.03008],[0.83558,44.02505],[0.84144,44.02457],[0.84447,44.02765],[0.84233,44.03085],[0.84456,44.03048],[0.85133,44.03651],[0.85772,44.03498],[0.85993,44.03845],[0.8654,44.03719],[0.85508,44.04345],[0.852,44.04128],[0.85187,44.04765],[0.84894,44.04546],[0.84451,44.04714],[0.83844,44.04588],[0.8321,44.04914],[0.82829,44.05536],[0.81954,44.05646],[0.81031,44.04873],[0.80259,44.04798],[0.797,44.0459],[0.79748,44.04429]]]},"properties":{"code_territoire":"iris323580000","libelle_territoire":"Saint-Antoine (commune non irisée)"}},
{"type":"Feature","geometry":{"type":"Polygon","coordinates":[[[0.79383,43.73528],[0.79539,43.73054],[0.78206,43.72232],[0.78503,43.71833],[0.78983,43.71523],[0.80108,43.71859],[0.8075,43.71427],[0.82145,43.71425],[0.82982,43.71091],[0.83726,43.70171],[0.84348,43.7011],[0.84885,43.70412],[0.8492,43.70746],[0.85349,43.70847],[0.85431,43.71271],[0.86313,43.71544],[0.85327,43.71793],[0.84576,43.72601],[0.82632,43.73062],[0.81214,43.73204],[0.8017,43.73528],[0.79826,43.73861],[0.7966,43.73552],[0.79383,43.73528]]]},"properties":{"code_territoire":"iris323590000","libelle_territoire":"Saint-Antonin (commune non irisée)"}},
{"type":"Feature","geometry":{"type":"Polygon","coordinates":[[[0.37337,43.6388],[0.36385,43.63927],[0.35739,43.64317],[0.35337,43.6413],[0.34548,43.6425],[0.33596,43.64014],[0.33212,43.63424],[0.32665,43.63269],[0.32514,43.62836],[0.31047,43.62859],[0.32665,43.61985],[0.32233,43.61841],[0.32076,43.61062],[0.33139,43.60677],[0.3341,43.60945],[0.34209,43.60901],[0.34721,43.61205],[0.35089,43.60759],[0.36627,43.60942],[0.36298,43.61259],[0.37434,43.61838],[0.3727,43.62237],[0.37534,43.62717],[0.37091,43.63448],[0.37337,43.6388]]]},"properties":{"code_territoire":"iris323600000","libelle_territoire":"Saint-Arailles (commune non irisée)"}},
{"type":"Feature","geometry":{"type":"Polygon","coordinates":[[[0.49992,43.42414],[0.51715,43.42278],[0.51941,43.41101],[0.52594,43.41018],[0.52626,43.41706],[0.53012,43.41952],[0.53561,43.41939],[0.53834,43.42389],[0.54138,43.42271],[0.54186,43.43248],[0.5485,43.43252],[0.54478,43.43541],[0.54688,43.43849],[0.54271,43.4405],[0.53785,43.44172],[0.53497,43.44583],[0.52536,43.44652],[0.52297,43.45801],[0.51559,43.45889],[0.50531,43.45651],[0.50782,43.44824],[0.5025,43.44824],[0.50113,43.44401],[0.4936,43.44156],[0.49845,43.43842],[0.49754,43.43487],[0.50147,43.43112],[0.49992,43.42414]]]},"properties":{"code_territoire":"iris323610000","libelle_territoire":"Saint-Arroman (commune non irisée)"}},
{"type":"Feature","geometry":{"type":"Polygon","coordinates":[[[0.0531,43.56146],[0.05745,43.56404],[0.05774,43.57071],[0.06465,43.57142],[0.07145,43.56625],[0.08534,43.572],[0.08325,43.57386],[0.07963,43.57352],[0.07325,43.58189],[0.06741,43.58467],[0.05319,43.58055],[0.0454,43.57597],[0.03606,43.57471],[0.02922,43.57659],[0.02766,43.57446],[0.03618,43.56668],[0.04123,43.56729],[0.0531,43.56146]]]},"properties":{"code_territoire":"iris323620000","libelle_territoire":"Saint-Aunix-Lengros (commune non irisée)"}},
{"type":"Feature","geometry":{"type":"Polygon","coordinates":[[[0.44729,43.36531],[0.44447,43.36861],[0.44824,43.37457],[0.4465,43.37727],[0.44894,43.37828],[0.44569,43.38555],[0.44534,43.39234],[0.43724,43.38723],[0.4255,43.38604],[0.42169,43.38361],[0.41579,43.38406],[0.40582,43.36436],[0.41012,43.35464],[0.41856,43.35759],[0.42713,43.35714],[0.44549,43.35646],[0.44729,43.36531]]]},"properties":{"code_territoire":"iris323630000","libelle_territoire":"Sainte-Aurence-Cazaux (commune non irisée)"}},
{"type":"Feature","geometry":{"type":"Polygon","coordinates":[[[0.63755,43.98562],[0.64264,43.9846],[0.64183,43.98241],[0.64872,43.97253],[0.65838,43.96591],[0.66343,43.96952],[0.66768,43.9679],[0.66997,43.96946],[0.68184,43.98289],[0.67839,43.98301],[0.67974,43.98496],[0.67198,43.99438],[0.66659,43.9973],[0.65723,43.99856],[0.6496,43.99286],[0.64529,43.99365],[0.63755,43.98562]]]},"properties":{"code_territoire":"iris323640000","libelle_territoire":"Saint-Avit-Frandat (commune non irisée)"}},
{"type":"Feature","geometry":{"type":"Polygon","coordinates":[[[0.62231,43.33893],[0.6255,43.33787],[0.64712,43.34092],[0.65633,43.336],[0.67493,43.33243],[0.67988,43.33501],[0.6879,43.34843],[0.6951,43.35358],[0.69862,43.35923],[0.69179,43.3609],[0.68666,43.36074],[0.68638,43.35869],[0.67186,43.35964],[0.67073,43.36261],[0.66679,43.36372],[0.65347,43.36418],[0.64327,43.3664],[0.63775,43.36558],[0.63589,43.36824],[0.6348,43.3619],[0.63023,43.3606],[0.62786,43.35836],[0.62892,43.35586],[0.62506,43.35503],[0.62524,43.35272],[0.61671,43.34963],[0.61612,43.34782],[0.61647,43.34573],[0.62521,43.34722],[0.62231,43.33893]]]},"properties":{"code_territoire":"iris323650000","libelle_territoire":"Cap d'Astarac (commune non irisée)"}},
{"type":"Feature","geometry":{"type":"Polygon","coordinates":[[[0.75298,43.8001],[0.7616,43.78789],[0.75714,43.78727],[0.75393,43.78415],[0.75058,43.77666],[0.76994,43.76949],[0.78005,43.77011],[0.7842,43.77466],[0.78675,43.78151],[0.78267,43.78323],[0.78711,43.78936],[0.78395,43.79267],[0.77053,43.79248],[0.76127,43.79736],[0.753,43.80051],[0.75298,43.8001]]]},"properties":{"code_territoire":"iris323660000","libelle_territoire":"Saint-Brès (commune non irisée)"}},
{"type":"Feature","geometry":{"type":"Polygon","coordinates":[[[0.28236,43.52802],[0.28368,43.54214],[0.27631,43.54191],[0.27096,43.53937],[0.26146,43.54452],[0.25931,43.54203],[0.25445,43.54182],[0.25572,43.53913],[0.24436,43.53689],[0.24548,43.5324],[0.23919,43.53603],[0.23575,43.52634],[0.24136,43.51812],[0.24313,43.51124],[0.24154,43.50636],[0.24402,43.50539],[0.253,43.51431],[0.26064,43.51697],[0.26385,43.51256],[0.27235,43.51086],[0.2817,43.5116],[0.28156,43.51353],[0.28704,43.51554],[0.28463,43.5198],[0.27748,43.51984],[0.27658,43.52214],[0.28092,43.52434],[0.28236,43.52802]]]},"properties":{"code_territoire":"iris323670000","libelle_territoire":"Saint-Christaud (commune non irisée)"}},
{"type":"Feature","geometry":{"type":"Polygon","coordinates":[[[0.64277,43.74169],[0.65468,43.75391],[0.64496,43.76251],[0.64952,43.76719],[0.64674,43.77],[0.64773,43.7735],[0.63874,43.77196],[0.62712,43.77502],[0.61737,43.77504],[0.6158,43.7689],[0.61307,43.76919],[0.61452,43.76521],[0.61114,43.7608],[0.60934,43.75825],[0.61143,43.75925],[0.61879,43.75483],[0.61683,43.75108],[0.61788,43.7444],[0.62788,43.74402],[0.62722,43.7347],[0.63977,43.73609],[0.64277,43.74169]]]},"properties":{"code_territoire":"iris323680000","libelle_territoire":"Sainte-Christie (commune non irisée)"}},
{"type":"Feature","geometry":{"type":"Polygon","coordinates":[[[0.01214,43.76136],[0.00767,43.76556],[0.01375,43.77024],[0.00656,43.77511],[0.00995,43.7825],[0.02302,43.78864],[0.02548,43.78767],[0.03125,43.78964],[0.0354,43.79655],[0.0268,43.80572],[0.02565,43.80992],[0.01665,43.81301],[0.01351,43.81861],[0.00857,43.81588],[-0.0042,43.81396],[-0.0045,43.81071],[-0.01012,43.81248],[-0.02211,43.80964],[-0.02471,43.81843],[-0.02036,43.82067],[-0.01884,43.82433],[-0.02201,43.82684],[-0.02695,43.82608],[-0.02545,43.82947],[-0.02907,43.82918],[-0.02843,43.82687],[-0.03098,43.82034],[-0.02421,43.80814],[-0.04501,43.79669],[-0.04153,43.79272],[-0.04075,43.78554],[-0.03552,43.78649],[-0.0337,43.78309],[-0.01523,43.77437],[0.00523,43.75924],[0.01214,43.76136]]]},"properties":{"code_territoire":"iris323690000","libelle_territoire":"Sainte-Christie-d'Armagnac (commune non irisée)"}},
{"type":"Feature","geometry":{"type":"Polygon","coordinates":[[[0.72955,43.90386],[0.73457,43.89428],[0.73817,43.89192],[0.73234,43.89063],[0.7284,43.88006],[0.73592,43.87341],[0.74589,43.87209],[0.75154,43.8712],[0.76166,43.87348],[0.76117,43.87736],[0.76786,43.87485],[0.78473,43.87624],[0.78518,43.87774],[0.78352,43.88137],[0.78595,43.88547],[0.78154,43.88684],[0.78408,43.89218],[0.79085,43.89126],[0.79746,43.8929],[0.80522,43.89041],[0.80713,43.89589],[0.79472,43.90083],[0.77544,43.90277],[0.77678,43.90895],[0.7737,43.91361],[0.77018,43.91276],[0.76875,43.91472],[0.76786,43.91882],[0.77134,43.91904],[0.76948,43.92073],[0.76118,43.91904],[0.76093,43.91633],[0.75064,43.90956],[0.74623,43.90338],[0.72999,43.90484],[0.72955,43.90386]]]},"properties":{"code_territoire":"iris323700000","libelle_territoire":"Saint-Clar (commune non irisée)"}},
{"type":"Feature","geometry":{"type":"Polygon","coordinates":[[[0.81974,43.92496],[0.82038,43.92666],[0.80944,43.93271],[0.80606,43.92993],[0.79803,43.93115],[0.79579,43.92702],[0.78664,43.92413],[0.77701,43.92549],[0.76994,43.92219],[0.76948,43.92073],[0.77134,43.91904],[0.76786,43.91882],[0.76875,43.91472],[0.77018,43.91276],[0.7737,43.91361],[0.77678,43.90895],[0.77544,43.90277],[0.79472,43.90083],[0.79604,43.90343],[0.79989,43.90344],[0.80127,43.90954],[0.8075,43.91184],[0.81063,43.91828],[0.81974,43.92496]]]},"properties":{"code_territoire":"iris323710000","libelle_territoire":"Saint-Créac (commune non irisée)"}},
{"type":"Feature","geometry":{"type":"Polygon","coordinates":[[[1.00031,43.68995],[1.00761,43.69622],[1.00554,43.70048],[0.99559,43.70314],[0.9879,43.70608],[0.98584,43.70368],[0.97457,43.7029],[0.97492,43.70109],[0.96923,43.69727],[0.97246,43.69261],[0.98003,43.6972],[1.00031,43.68995]]]},"properties":{"code_territoire":"iris323720000","libelle_territoire":"Saint-Cricq (commune non irisée)"}},
{"type":"Feature","geometry":{"type":"Polygon","coordinates":[[[0.34061,43.43812],[0.33808,43.42929],[0.33188,43.4283],[0.33238,43.43193],[0.32674,43.43237],[0.32902,43.42199],[0.32598,43.41105],[0.33958,43.40411],[0.36873,43.39986],[0.39553,43.40209],[0.3995,43.40298],[0.40043,43.406],[0.40632,43.40667],[0.40742,43.41538],[0.4092,43.42692],[0.40004,43.42244],[0.38275,43.42416],[0.35362,43.43309],[0.3507,43.43864],[0.34061,43.43812]]]},"properties":{"code_territoire":"iris323730000","libelle_territoire":"Sainte-Dode (commune non irisée)"}},
{"type":"Feature","geometry":{"type":"Polygon","coordinates":[[[0.7483,43.50707],[0.74232,43.49764],[0.75144,43.49085],[0.74599,43.48423],[0.75273,43.48531],[0.75429,43.48288],[0.76099,43.48243],[0.76952,43.48222],[0.77504,43.48419],[0.77992,43.49074],[0.77884,43.49528],[0.79323,43.49258],[0.80123,43.48864],[0.7991,43.49524],[0.79457,43.50336],[0.78591,43.50512],[0.7826,43.50288],[0.777,43.50259],[0.77107,43.50349],[0.77077,43.50597],[0.7483,43.50707]]]},"properties":{"code_territoire":"iris323740000","libelle_territoire":"Saint-Élix-d'Astarac (commune non irisée)"}},
{"type":"Feature","geometry":{"type":"Polygon","coordinates":[[[0.4936,43.44156],[0.49189,43.44018],[0.48729,43.44168],[0.486,43.43726],[0.47431,43.44089],[0.46058,43.43781],[0.45792,43.43546],[0.45345,43.43627],[0.4511,43.43111],[0.4624,43.43538],[0.46172,43.42568],[0.45267,43.42508],[0.45188,43.42703],[0.44633,43.4268],[0.4434,43.42373],[0.44037,43.42539],[0.4353,43.42187],[0.44247,43.41526],[0.44988,43.41717],[0.44995,43.4198],[0.46092,43.42012],[0.46731,43.42367],[0.46789,43.41615],[0.48009,43.41678],[0.48604,43.41808],[0.49065,43.42555],[0.49992,43.42414],[0.50147,43.43112],[0.49754,43.43487],[0.49845,43.43842],[0.4936,43.44156]]]},"properties":{"code_territoire":"iris323750000","libelle_territoire":"Saint-Élix-Theux (commune non irisée)"}},
{"type":"Feature","geometry":{"type":"Polygon","coordinates":[[[0.78395,43.79267],[0.78711,43.78936],[0.78267,43.78323],[0.78675,43.78151],[0.7842,43.77466],[0.78005,43.77011],[0.76994,43.76949],[0.76974,43.76344],[0.76604,43.76384],[0.76538,43.76055],[0.77902,43.75562],[0.80718,43.75697],[0.80855,43.76743],[0.81365,43.77054],[0.81236,43.77288],[0.81368,43.7878],[0.81298,43.78553],[0.80483,43.78994],[0.80303,43.78865],[0.80227,43.79089],[0.79669,43.79183],[0.79814,43.79509],[0.78832,43.79484],[0.78395,43.79267]]]},"properties":{"code_territoire":"iris323760000","libelle_territoire":"Sainte-Gemme (commune non irisée)"}},
{"type":"Feature","geometry":{"type":"Polygon","coordinates":[[[0.95996,43.71785],[0.96048,43.72274],[0.95676,43.7251],[0.95747,43.72896],[0.95343,43.73592],[0.95046,43.75517],[0.94298,43.75926],[0.93318,43.75566],[0.92885,43.75255],[0.92953,43.74986],[0.91817,43.75196],[0.91286,43.74982],[0.91403,43.74682],[0.90816,43.74695],[0.90741,43.74933],[0.90433,43.74857],[0.90338,43.743],[0.90033,43.74281],[0.90214,43.74015],[0.89938,43.73951],[0.89849,43.73645],[0.90239,43.73032],[0.89969,43.72932],[0.89924,43.72571],[0.9015,43.72574],[0.90335,43.72156],[0.91132,43.71934],[0.91745,43.72385],[0.93394,43.71556],[0.93482,43.7175],[0.93879,43.71798],[0.95144,43.71623],[0.95996,43.71785]]]},"properties":{"code_territoire":"iris323770000","libelle_territoire":"Saint-Georges (commune non irisée)"}},
{"type":"Feature","geometry":{"type":"Polygon","coordinates":[[[-0.18033,43.66861],[-0.17918,43.66634],[-0.16397,43.66076],[-0.15596,43.65813],[-0.15459,43.66258],[-0.15039,43.66322],[-0.15141,43.66445],[-0.13219,43.66336],[-0.12567,43.66757],[-0.12715,43.6717],[-0.13046,43.67274],[-0.12937,43.67533],[-0.12408,43.6764],[-0.1201,43.68302],[-0.11955,43.68758],[-0.12354,43.68883],[-0.12787,43.68755],[-0.12939,43.69029],[-0.13578,43.6925],[-0.14151,43.68586],[-0.15499,43.69014],[-0.16272,43.67286],[-0.16457,43.67134],[-0.16955,43.67207],[-0.16813,43.67396],[-0.17013,43.67461],[-0.17326,43.67312],[-0.18033,43.66861]]]},"properties":{"code_territoire":"iris323780000","libelle_territoire":"Saint-Germé (commune non irisée)"}},
{"type":"Feature","geometry":{"type":"Polygon","coordinates":[[[0.97253,43.68685],[0.9521,43.68547],[0.94754,43.67815],[0.94161,43.68045],[0.93406,43.6706],[0.94444,43.66645],[0.94263,43.66313],[0.94436,43.66285],[0.94079,43.66116],[0.9519,43.65937],[0.95676,43.66328],[0.96129,43.66216],[0.97193,43.664],[0.9686,43.6674],[0.97846,43.66894],[0.97604,43.67318],[0.98188,43.67659],[0.97253,43.68685]]]},"properties":{"code_territoire":"iris323790000","libelle_territoire":"Saint-Germier (commune non irisée)"}},
{"type":"Feature","geometry":{"type":"Polygon","coordinates":[[[-0.07695,43.73077],[-0.08566,43.73679],[-0.08853,43.73751],[-0.08773,43.74151],[-0.09436,43.74038],[-0.11193,43.73495],[-0.11276,43.73115],[-0.11324,43.72343],[-0.11676,43.71977],[-0.10723,43.70912],[-0.09784,43.7148],[-0.09566,43.70837],[-0.08925,43.71112],[-0.08955,43.71506],[-0.07726,43.71395],[-0.08173,43.72317],[-0.07695,43.73077]]]},"properties":{"code_territoire":"iris323800000","libelle_territoire":"Saint-Griède (commune non irisée)"}},
{"type":"Feature","geometry":{"type":"Polygon","coordinates":[[[0.55341,43.56119],[0.54122,43.57538],[0.54204,43.57932],[0.54109,43.58133],[0.52688,43.58246],[0.51225,43.59021],[0.51156,43.59749],[0.5048,43.59899],[0.50206,43.60213],[0.48866,43.58924],[0.48446,43.58072],[0.47137,43.5791],[0.46965,43.57603],[0.46893,43.57517],[0.48613,43.57068],[0.4957,43.56519],[0.50385,43.56155],[0.50692,43.56431],[0.51565,43.55818],[0.52756,43.55764],[0.52714,43.55369],[0.52228,43.55113],[0.53041,43.55063],[0.53589,43.55238],[0.5393,43.55034],[0.55423,43.55901],[0.55341,43.56119]]]},"properties":{"code_territoire":"iris323810000","libelle_territoire":"Saint-Jean-le-Comtal (commune non irisée)"}},
{"type":"Feature","geometry":{"type":"Polygon","coordinates":[[[0.35637,43.71914],[0.35903,43.71686],[0.36781,43.72002],[0.3684,43.7151],[0.38049,43.7154],[0.38122,43.71177],[0.38625,43.71166],[0.38231,43.72096],[0.37995,43.72176],[0.37893,43.72819],[0.39069,43.72323],[0.39608,43.71752],[0.40628,43.71506],[0.40804,43.71665],[0.40592,43.72855],[0.40272,43.7321],[0.39889,43.7354],[0.40016,43.74176],[0.38201,43.74573],[0.37526,43.75294],[0.37479,43.75674],[0.38201,43.76064],[0.36667,43.76164],[0.36579,43.75807],[0.36163,43.75786],[0.36039,43.7536],[0.36425,43.75207],[0.36438,43.74637],[0.37169,43.74694],[0.37014,43.74306],[0.37563,43.7412],[0.37014,43.73604],[0.36182,43.73365],[0.36365,43.72739],[0.3692,43.72777],[0.36649,43.72428],[0.36846,43.72214],[0.35637,43.71914]]]},"properties":{"code_territoire":"iris323820000","libelle_territoire":"Saint-Jean-Poutge (commune non irisée)"}},
{"type":"Feature","geometry":{"type":"Polygon","coordinates":[[[0.12719,43.49881],[0.13022,43.49432],[0.12985,43.492],[0.12706,43.49177],[0.13142,43.48037],[0.12913,43.4789],[0.13471,43.4665],[0.14447,43.4638],[0.1483,43.46616],[0.15297,43.45768],[0.15517,43.45784],[0.15662,43.46174],[0.17627,43.46958],[0.17399,43.47646],[0.16364,43.48037],[0.16637,43.4869],[0.16492,43.49064],[0.15725,43.49067],[0.15521,43.49694],[0.15121,43.49743],[0.15851,43.50408],[0.15592,43.51024],[0.14958,43.51169],[0.14281,43.50888],[0.14155,43.50559],[0.13266,43.50355],[0.12719,43.49881]]]},"properties":{"code_territoire":"iris323830000","libelle_territoire":"Saint-Justin (commune non irisée)"}},
{"type":"Feature","geometry":{"type":"Polygon","coordinates":[[[0.46834,43.7239],[0.47807,43.71659],[0.48725,43.71316],[0.49358,43.70526],[0.50663,43.70168],[0.51339,43.70639],[0.51725,43.71305],[0.52321,43.71522],[0.51746,43.71858],[0.52491,43.72407],[0.52441,43.72675],[0.52097,43.72558],[0.51274,43.72892],[0.49951,43.73475],[0.49091,43.73612],[0.49132,43.7334],[0.47619,43.73094],[0.46834,43.7239]]]},"properties":{"code_territoire":"iris323840000","libelle_territoire":"Saint-Lary (commune non irisée)"}},
{"type":"Feature","geometry":{"type":"Polygon","coordinates":[[[0.78898,43.84194],[0.7879,43.85277],[0.79439,43.85799],[0.78744,43.86516],[0.79178,43.87059],[0.78943,43.87745],[0.78518,43.87774],[0.78473,43.87624],[0.76786,43.87485],[0.76117,43.87736],[0.76166,43.87348],[0.75154,43.8712],[0.74589,43.87209],[0.74774,43.86558],[0.75044,43.85955],[0.74532,43.85844],[0.74696,43.85619],[0.74442,43.85375],[0.74857,43.84723],[0.75285,43.8428],[0.7598,43.84353],[0.76611,43.84147],[0.76231,43.83873],[0.76183,43.83523],[0.77153,43.83349],[0.77413,43.8378],[0.77885,43.83603],[0.78317,43.84032],[0.78898,43.84194]]]},"properties":{"code_territoire":"iris323850000","libelle_territoire":"Saint-Léonard (commune non irisée)"}},
{"type":"Feature","geometry":{"type":"Polygon","coordinates":[[[0.9469,43.38523],[0.94549,43.38659],[0.94776,43.38897],[0.94563,43.39103],[0.94913,43.39545],[0.94541,43.39965],[0.95034,43.40597],[0.963,43.4097],[0.96875,43.40768],[0.97055,43.41065],[0.96846,43.41603],[0.97194,43.41657],[0.97282,43.42093],[0.97025,43.42272],[0.97233,43.42474],[0.96665,43.43216],[0.9607,43.43491],[0.954,43.4307],[0.95731,43.42844],[0.95472,43.42637],[0.94708,43.42853],[0.94824,43.42599],[0.93763,43.41958],[0.94,43.41788],[0.93513,43.4146],[0.93689,43.41334],[0.93528,43.40931],[0.93144,43.40651],[0.91725,43.40637],[0.91748,43.40246],[0.92823,43.40005],[0.92727,43.39524],[0.93219,43.3932],[0.93339,43.3875],[0.94188,43.3857],[0.94578,43.38035],[0.9469,43.38523]]]},"properties":{"code_territoire":"iris323860000","libelle_territoire":"Saint-Lizier-du-Planté (commune non irisée)"}},
{"type":"Feature","geometry":{"type":"Polygon","coordinates":[[[1.02661,43.44725],[1.01488,43.44806],[1.01282,43.4457],[1.01429,43.44266],[1.01121,43.4465],[1.00377,43.44805],[1.00238,43.4461],[0.9924,43.44669],[0.98891,43.44941],[0.98222,43.44795],[0.98536,43.44493],[0.97778,43.44073],[0.97823,43.43899],[0.9807,43.43937],[0.9841,43.4347],[0.98647,43.43626],[1.00268,43.4316],[1.01872,43.43068],[1.02185,43.43223],[1.02214,43.43799],[1.02676,43.4378],[1.03206,43.44092],[1.03359,43.44733],[1.02661,43.44725]]]},"properties":{"code_territoire":"iris323870000","libelle_territoire":"Saint-Loube (commune non irisée)"}},
{"type":"Feature","geometry":{"type":"Polygon","coordinates":[[[0.90402,43.67008],[0.90323,43.67468],[0.89625,43.67499],[0.89814,43.6821],[0.88834,43.68361],[0.87953,43.69527],[0.87794,43.69461],[0.87364,43.69846],[0.87102,43.695],[0.84757,43.6997],[0.84521,43.69508],[0.85003,43.69035],[0.84646,43.68698],[0.85077,43.68521],[0.84508,43.67926],[0.84871,43.67541],[0.84625,43.67311],[0.84095,43.67463],[0.83789,43.67814],[0.83583,43.67688],[0.83253,43.68069],[0.82431,43.68264],[0.82125,43.67898],[0.83267,43.66914],[0.83514,43.6628],[0.84276,43.65991],[0.84147,43.65784],[0.85455,43.65043],[0.88149,43.64902],[0.88923,43.65461],[0.89109,43.65349],[0.89808,43.65721],[0.89944,43.66065],[0.90229,43.66036],[0.90402,43.67008]]]},"properties":{"code_territoire":"iris323880000","libelle_territoire":"Sainte-Marie (commune non irisée)"}},
{"type":"Feature","geometry":{"type":"Polygon","coordinates":[[[0.36103,43.52415],[0.35804,43.51179],[0.35001,43.50455],[0.36629,43.49284],[0.37829,43.4943],[0.39692,43.49451],[0.40158,43.49751],[0.39739,43.50187],[0.39277,43.50248],[0.39488,43.50888],[0.3844,43.50949],[0.38435,43.5165],[0.3855,43.5194],[0.38777,43.51929],[0.38614,43.52594],[0.38128,43.52613],[0.37694,43.52391],[0.36103,43.52415]]]},"properties":{"code_territoire":"iris323890000","libelle_territoire":"Saint-Martin (commune non irisée)"}},
{"type":"Feature","geometry":{"type":"Polygon","coordinates":[[[-0.09717,43.70504],[-0.09197,43.70581],[-0.08078,43.6986],[-0.06459,43.69544],[-0.05298,43.70273],[-0.03481,43.70267],[-0.03393,43.70529],[-0.02928,43.70654],[-0.03139,43.71059],[-0.04318,43.71898],[-0.04724,43.71778],[-0.05302,43.72232],[-0.0641,43.72474],[-0.07695,43.73077],[-0.08173,43.72317],[-0.07726,43.71395],[-0.08955,43.71506],[-0.08925,43.71112],[-0.09566,43.70837],[-0.09717,43.70504]]]},"properties":{"code_territoire":"iris323900000","libelle_territoire":"Saint-Martin-d'Armagnac (commune non irisée)"}},
{"type":"Feature","geometry":{"type":"Polygon","coordinates":[[[0.57528,43.9862],[0.57991,43.98868],[0.57732,43.99478],[0.5836,43.9972],[0.58781,43.99715],[0.58468,43.99881],[0.58713,44.00027],[0.58476,44.00057],[0.58435,44.00455],[0.58656,44.00784],[0.58903,44.00671],[0.58984,44.009],[0.59237,44.00885],[0.59047,44.01161],[0.59532,44.01418],[0.59347,44.01544],[0.58959,44.01619],[0.587,44.01448],[0.57003,44.01825],[0.56804,44.0124],[0.56511,44.01203],[0.56359,44.00378],[0.5579,44.00212],[0.55894,44],[0.55178,43.99923],[0.56458,43.99046],[0.56715,43.99189],[0.57528,43.9862]]]},"properties":{"code_territoire":"iris323910000","libelle_territoire":"Saint-Martin-de-Goyne (commune non irisée)"}},
{"type":"Feature","geometry":{"type":"Polygon","coordinates":[[[0.79661,43.53397],[0.78975,43.53139],[0.79328,43.52805],[0.78858,43.52484],[0.79016,43.52218],[0.78715,43.51893],[0.79221,43.51623],[0.80144,43.51137],[0.80772,43.51178],[0.80809,43.50952],[0.82676,43.50849],[0.83243,43.51584],[0.83138,43.52039],[0.83812,43.5244],[0.8363,43.52578],[0.81507,43.52382],[0.8099,43.5305],[0.79661,43.53397]]]},"properties":{"code_territoire":"iris323920000","libelle_territoire":"Saint-Martin-Gimois (commune non irisée)"}},
{"type":"Feature","geometry":{"type":"Polygon","coordinates":[[[0.32365,43.508],[0.3257,43.49817],[0.32382,43.49366],[0.32758,43.47988],[0.3311,43.4744],[0.32772,43.46602],[0.33767,43.45748],[0.33739,43.46073],[0.34099,43.46354],[0.34913,43.47009],[0.35738,43.47052],[0.35928,43.47291],[0.36736,43.47182],[0.37829,43.4943],[0.36629,43.49284],[0.35001,43.50455],[0.34359,43.50389],[0.33225,43.50646],[0.33001,43.50857],[0.32365,43.508]]]},"properties":{"code_territoire":"iris323930000","libelle_territoire":"Saint-Maur (commune non irisée)"}},
{"type":"Feature","geometry":{"type":"Polygon","coordinates":[[[0.48547,43.4992],[0.48093,43.49797],[0.47487,43.49926],[0.46807,43.50298],[0.46918,43.50563],[0.46278,43.50497],[0.46259,43.50065],[0.45945,43.50047],[0.44983,43.50157],[0.44499,43.50452],[0.43738,43.50421],[0.44592,43.50113],[0.45049,43.49586],[0.44179,43.49979],[0.43426,43.50052],[0.43589,43.48822],[0.43373,43.48758],[0.43241,43.48324],[0.4211,43.48571],[0.42067,43.48448],[0.42468,43.47939],[0.43465,43.47669],[0.43468,43.47035],[0.43363,43.46763],[0.4481,43.46865],[0.45119,43.47057],[0.45916,43.47012],[0.46134,43.47181],[0.46237,43.47066],[0.46666,43.47171],[0.46992,43.46669],[0.47352,43.46697],[0.47318,43.46908],[0.48316,43.46537],[0.48506,43.46707],[0.48993,43.47279],[0.50379,43.47069],[0.49852,43.4793],[0.49179,43.47985],[0.49062,43.48272],[0.49443,43.48731],[0.49012,43.4879],[0.48547,43.4992]]]},"properties":{"code_territoire":"iris323940000","libelle_territoire":"Saint-Médard (commune non irisée)"}},
{"type":"Feature","geometry":{"type":"Polygon","coordinates":[[[0.71165,44.00032],[0.70691,44.00018],[0.70513,44.00243],[0.70381,44.01043],[0.69689,44.01097],[0.6884,44.01743],[0.68094,44.01872],[0.67882,44.01581],[0.67084,44.01642],[0.66813,44.01275],[0.66958,44.01053],[0.66236,44.01189],[0.65873,44.00983],[0.65752,44.00732],[0.66142,44.00238],[0.65723,43.99856],[0.66659,43.9973],[0.67198,43.99438],[0.67974,43.98496],[0.67839,43.98301],[0.68184,43.98289],[0.68489,43.98657],[0.68994,43.98646],[0.69716,43.99241],[0.70094,43.99241],[0.70334,43.99448],[0.70122,43.996],[0.7062,43.99587],[0.71165,44.00032]]]},"properties":{"code_territoire":"iris323950000","libelle_territoire":"Sainte-Mère (commune non irisée)"}},
{"type":"Feature","geometry":{"type":"Polygon","coordinates":[[[0.60191,44.01801],[0.60144,44.02007],[0.60589,44.02176],[0.60492,44.02388],[0.6086,44.02388],[0.60696,44.02547],[0.61014,44.02886],[0.60424,44.03292],[0.60105,44.03283],[0.59113,44.042],[0.57113,44.04036],[0.56602,44.04145],[0.55756,44.05075],[0.56001,44.05661],[0.55851,44.05818],[0.55538,44.05469],[0.54441,44.05652],[0.53853,44.05293],[0.53566,44.04966],[0.54013,44.04591],[0.53526,44.04346],[0.53372,44.03708],[0.53877,44.03346],[0.53848,44.02914],[0.55359,44.0229],[0.57073,44.02114],[0.57003,44.01825],[0.587,44.01448],[0.58959,44.01619],[0.59347,44.01544],[0.59658,44.01886],[0.60191,44.01801]]]},"properties":{"code_territoire":"iris323960000","libelle_territoire":"Saint-Mézard (commune non irisée)"}},
{"type":"Feature","geometry":{"type":"Polygon","coordinates":[[[0.44247,43.41526],[0.4353,43.42187],[0.44037,43.42539],[0.43957,43.43723],[0.44599,43.44023],[0.44713,43.4429],[0.43679,43.44061],[0.42038,43.44259],[0.41877,43.44756],[0.41275,43.44967],[0.40496,43.43906],[0.37743,43.44461],[0.36323,43.44234],[0.35331,43.44211],[0.3507,43.43864],[0.35362,43.43309],[0.38275,43.42416],[0.40004,43.42244],[0.4092,43.42692],[0.40742,43.41538],[0.42044,43.41556],[0.42628,43.41006],[0.43495,43.41175],[0.44247,43.41526]]]},"properties":{"code_territoire":"iris323970000","libelle_territoire":"Saint-Michel (commune non irisée)"}},
{"type":"Feature","geometry":{"type":"Polygon","coordinates":[[[-0.14462,43.6208],[-0.13977,43.61642],[-0.13417,43.61512],[-0.12905,43.61731],[-0.12101,43.62539],[-0.11729,43.63111],[-0.11634,43.64211],[-0.12614,43.64661],[-0.12251,43.65028],[-0.12583,43.65375],[-0.12196,43.65679],[-0.12638,43.65811],[-0.13528,43.65951],[-0.13219,43.66336],[-0.15141,43.66445],[-0.15039,43.66322],[-0.15459,43.66258],[-0.15596,43.65813],[-0.16397,43.66076],[-0.17058,43.6547],[-0.16876,43.65113],[-0.17299,43.64936],[-0.16589,43.63928],[-0.15898,43.64515],[-0.15453,43.6427],[-0.1511,43.6468],[-0.14671,43.64531],[-0.14738,43.64288],[-0.1429,43.63891],[-0.14487,43.6365],[-0.1366,43.63047],[-0.1364,43.62615],[-0.14483,43.62365],[-0.14682,43.62103],[-0.14462,43.6208]]]},"properties":{"code_territoire":"iris323980000","libelle_territoire":"Saint-Mont (commune non irisée)"}},
{"type":"Feature","geometry":{"type":"Polygon","coordinates":[[[0.90019,43.70487],[0.91286,43.70171],[0.91475,43.70446],[0.92313,43.70519],[0.92442,43.70736],[0.9287,43.70518],[0.93325,43.70865],[0.93394,43.71556],[0.91745,43.72385],[0.91132,43.71934],[0.90335,43.72156],[0.89834,43.71741],[0.89867,43.7153],[0.90365,43.71404],[0.9046,43.71003],[0.90019,43.70487]]]},"properties":{"code_territoire":"iris323990000","libelle_territoire":"Saint-Orens (commune non irisée)"}},
{"type":"Feature","geometry":{"type":"Polygon","coordinates":[[[0.45433,43.90235],[0.45256,43.91252],[0.45762,43.91668],[0.46086,43.92174],[0.46844,43.92669],[0.46549,43.93266],[0.45634,43.93071],[0.45585,43.928],[0.44832,43.92918],[0.4438,43.93467],[0.44087,43.93089],[0.4383,43.93076],[0.43776,43.92707],[0.42881,43.9229],[0.42146,43.92187],[0.42091,43.90823],[0.41035,43.9068],[0.41051,43.90395],[0.40806,43.90332],[0.40893,43.90063],[0.4107,43.9014],[0.41333,43.89765],[0.41549,43.89827],[0.41972,43.89294],[0.42266,43.89427],[0.42294,43.89163],[0.42665,43.89044],[0.42821,43.89336],[0.43212,43.89402],[0.43537,43.89162],[0.43829,43.89272],[0.43778,43.89591],[0.44514,43.89729],[0.44449,43.89923],[0.4479,43.90161],[0.45433,43.90235]]]},"properties":{"code_territoire":"iris324000000","libelle_territoire":"Saint-Orens-Pouy-Petit (commune non irisée)"}}
]}