{"type":"FeatureCollection", "features": [
{"type":"Feature","geometry":{"type":"Polygon","coordinates":[[[0.6218,46.99943],[0.62807,46.99913],[0.62718,47.00078],[0.63734,46.99595],[0.64641,47.00712],[0.65816,47.00743],[0.65923,47.00989],[0.63393,47.02416],[0.63642,47.03772],[0.62214,47.04458],[0.61846,47.04302],[0.61451,47.04783],[0.61239,47.04707],[0.60744,47.04585],[0.60793,47.04109],[0.60351,47.0395],[0.607,47.03268],[0.59643,47.03296],[0.59437,47.03535],[0.58354,47.0272],[0.57235,47.02528],[0.57521,47.01915],[0.58241,47.0142],[0.58023,47.0129],[0.59057,47.00666],[0.60309,47.00601],[0.61579,47.00822],[0.6237,47.00418],[0.6218,46.99943]]]},"properties":{"code_territoire":"iris370450000","libelle_territoire":"La Celle-Saint-Avant (commune non irisée)"}},
{"type":"Feature","geometry":{"type":"Polygon","coordinates":[[[1.24211,47.27585],[1.24205,47.28762],[1.22368,47.29405],[1.21577,47.29271],[1.21548,47.28907],[1.20381,47.28885],[1.19418,47.28297],[1.19088,47.28594],[1.18314,47.28456],[1.17376,47.28879],[1.16197,47.27221],[1.15193,47.27061],[1.15523,47.26709],[1.1524,47.26418],[1.14266,47.265],[1.11232,47.25324],[1.11213,47.24806],[1.12055,47.24896],[1.12166,47.2374],[1.13329,47.2314],[1.14368,47.2197],[1.17096,47.21582],[1.18334,47.21866],[1.19359,47.21895],[1.20228,47.22253],[1.20425,47.22553],[1.20163,47.22919],[1.20704,47.23079],[1.20667,47.23707],[1.21216,47.24565],[1.23395,47.25831],[1.23864,47.26407],[1.23883,47.27377],[1.24211,47.27585]]]},"properties":{"code_territoire":"iris370460000","libelle_territoire":"Céré-la-Ronde (commune non irisée)"}},
{"type":"Feature","geometry":{"type":"Polygon","coordinates":[[[0.66304,47.48232],[0.70152,47.49523],[0.70799,47.49553],[0.70934,47.49935],[0.71993,47.50006],[0.71919,47.50353],[0.70873,47.50541],[0.71125,47.51455],[0.71498,47.51745],[0.7071,47.51565],[0.69125,47.52598],[0.68564,47.52659],[0.6798,47.52019],[0.68446,47.51479],[0.66853,47.51074],[0.66362,47.50721],[0.65416,47.5067],[0.65433,47.50292],[0.65713,47.50284],[0.65395,47.4977],[0.6631,47.48815],[0.66304,47.48232]]]},"properties":{"code_territoire":"iris370470000","libelle_territoire":"Cerelles (commune non irisée)"}},
{"type":"Feature","geometry":{"type":"Polygon","coordinates":[[[0.84228,46.82269],[0.84647,46.82605],[0.86059,46.82991],[0.85504,46.83885],[0.85286,46.85137],[0.84517,46.85798],[0.83873,46.85648],[0.82954,46.86429],[0.8247,46.86458],[0.82358,46.86152],[0.81937,46.86052],[0.82109,46.8568],[0.81023,46.85728],[0.80261,46.8494],[0.79655,46.84736],[0.78769,46.84496],[0.78699,46.84007],[0.79507,46.83274],[0.80488,46.83174],[0.80829,46.82902],[0.80981,46.81589],[0.82151,46.81848],[0.82505,46.81061],[0.83687,46.81631],[0.84228,46.82269]]]},"properties":{"code_territoire":"iris370480000","libelle_territoire":"Chambon (commune non irisée)"}},
{"type":"Feature","geometry":{"type":"Polygon","coordinates":[[[0.97244,47.19987],[0.95875,47.19316],[0.96072,47.19075],[0.95268,47.18825],[0.95028,47.18958],[0.94499,47.18547],[0.9322,47.19065],[0.9237,47.18808],[0.92162,47.18969],[0.9165,47.18687],[0.91819,47.18542],[0.91346,47.18439],[0.92181,47.17917],[0.92279,47.17132],[0.92792,47.16426],[0.92775,47.161],[0.92419,47.15949],[0.92721,47.15804],[0.96606,47.15101],[0.96973,47.15369],[0.97682,47.15098],[0.97971,47.15259],[0.99041,47.14886],[0.99421,47.14728],[1.0063,47.15258],[1.01164,47.16066],[1.01619,47.1778],[1.01742,47.18298],[1.00307,47.18437],[0.99816,47.18458],[0.97244,47.19987]]]},"properties":{"code_territoire":"iris370490000","libelle_territoire":"Chambourg-sur-Indre (commune non irisée)"}},
{"type":"Feature","geometry":{"type":"Polygon","coordinates":[[[0.71164,47.31455],[0.70416,47.33873],[0.70029,47.35097],[0.6993,47.35417],[0.69696,47.35076],[0.69292,47.3516],[0.68741,47.34712],[0.67454,47.34075],[0.67653,47.33131],[0.68235,47.32987],[0.69118,47.31334],[0.69472,47.31226],[0.69872,47.31446],[0.70383,47.31155],[0.71164,47.31455]]]},"properties":{"code_territoire":"iris370500101","libelle_territoire":"Fontaine Blanche"}},
{"type":"Feature","geometry":{"type":"Polygon","coordinates":[[[0.70359,47.34917],[0.71708,47.34323],[0.73671,47.33593],[0.73881,47.33797],[0.72371,47.35123],[0.71692,47.34865],[0.7141,47.34718],[0.70377,47.3493],[0.70359,47.34917]]]},"properties":{"code_territoire":"iris370500102","libelle_territoire":"Branchoire"}},
{"type":"Feature","geometry":{"type":"Polygon","coordinates":[[[0.70029,47.35097],[0.70416,47.33873],[0.71453,47.33784],[0.71708,47.34323],[0.70359,47.34917],[0.70029,47.35097]]]},"properties":{"code_territoire":"iris370500103","libelle_territoire":"Centre Ville-Pommiers"}},
{"type":"Feature","geometry":{"type":"Polygon","coordinates":[[[0.76385,47.33878],[0.75482,47.33637],[0.75302,47.3391],[0.75009,47.3381],[0.75278,47.33483],[0.74629,47.33241],[0.74557,47.33724],[0.73881,47.33797],[0.73671,47.33593],[0.71708,47.34323],[0.71453,47.33784],[0.70416,47.33873],[0.71164,47.31455],[0.71464,47.31364],[0.72009,47.31633],[0.73042,47.31433],[0.73166,47.31904],[0.75116,47.3188],[0.75391,47.32308],[0.76382,47.32562],[0.76631,47.33081],[0.76385,47.33878]]]},"properties":{"code_territoire":"iris370500104","libelle_territoire":"Hippodrome"}},
{"type":"Feature","geometry":{"type":"Polygon","coordinates":[[[0.32875,47.03065],[0.33624,47.03618],[0.33334,47.04616],[0.34668,47.05173],[0.34916,47.04921],[0.35463,47.0554],[0.36434,47.05944],[0.35945,47.06636],[0.34757,47.07032],[0.35135,47.07597],[0.34737,47.07706],[0.34676,47.08035],[0.31446,47.07816],[0.30555,47.07632],[0.30535,47.07432],[0.31163,47.07009],[0.30788,47.06678],[0.31079,47.06265],[0.29833,47.05404],[0.30534,47.0527],[0.30894,47.04571],[0.30573,47.03837],[0.30994,47.02803],[0.32875,47.03065]]]},"properties":{"code_territoire":"iris370510000","libelle_territoire":"Champigny-sur-Veude (commune non irisée)"}},
{"type":"Feature","geometry":{"type":"Polygon","coordinates":[[[0.84607,47.46578],[0.84634,47.45521],[0.84972,47.45009],[0.85697,47.44622],[0.85557,47.44311],[0.86545,47.44113],[0.85869,47.43015],[0.86956,47.42757],[0.89457,47.43803],[0.91709,47.4417],[0.91931,47.44295],[0.91584,47.45216],[0.91915,47.45389],[0.90298,47.46021],[0.90194,47.46258],[0.89075,47.46478],[0.88628,47.46487],[0.88256,47.46069],[0.87537,47.46203],[0.86792,47.46809],[0.84607,47.46578]]]},"properties":{"code_territoire":"iris370520000","libelle_territoire":"Chançay (commune non irisée)"}},
{"type":"Feature","geometry":{"type":"Polygon","coordinates":[[[0.93254,47.12316],[0.93634,47.12041],[0.94097,47.12635],[0.96624,47.13836],[0.97424,47.14561],[0.98172,47.13976],[0.99041,47.14886],[0.97971,47.15259],[0.97682,47.15098],[0.96973,47.15369],[0.96606,47.15101],[0.92721,47.15804],[0.91674,47.15216],[0.91561,47.14635],[0.90966,47.14235],[0.90464,47.14208],[0.90358,47.13353],[0.9089,47.12627],[0.93254,47.12316]]]},"properties":{"code_territoire":"iris370530000","libelle_territoire":"Chanceaux-près-Loches (commune non irisée)"}},
{"type":"Feature","geometry":{"type":"Polygon","coordinates":[[[0.74228,47.47953],[0.73616,47.48003],[0.73874,47.48882],[0.7338,47.49693],[0.72839,47.49652],[0.72725,47.4994],[0.71993,47.50006],[0.70934,47.49935],[0.70799,47.49553],[0.70152,47.49523],[0.66304,47.48232],[0.66333,47.48183],[0.66251,47.4733],[0.66699,47.47094],[0.67262,47.46042],[0.67538,47.46203],[0.68109,47.45329],[0.68621,47.45224],[0.70062,47.45841],[0.70576,47.46991],[0.7156,47.46746],[0.72568,47.47367],[0.73338,47.47059],[0.74101,47.46735],[0.74617,47.46786],[0.74792,47.47374],[0.74228,47.47953]]]},"properties":{"code_territoire":"iris370540000","libelle_territoire":"Chanceaux-sur-Choisille (commune non irisée)"}},
{"type":"Feature","geometry":{"type":"Polygon","coordinates":[[[0.22001,47.50189],[0.19962,47.48345],[0.19877,47.47655],[0.21267,47.46813],[0.24577,47.45638],[0.26892,47.45259],[0.2758,47.4494],[0.28645,47.45192],[0.29202,47.44822],[0.29173,47.45465],[0.28902,47.45963],[0.29266,47.46468],[0.2889,47.47478],[0.29425,47.4804],[0.29809,47.4809],[0.29823,47.48405],[0.29471,47.48432],[0.29715,47.48684],[0.29124,47.49098],[0.29317,47.49339],[0.28639,47.49552],[0.27662,47.50467],[0.27187,47.50698],[0.26439,47.49535],[0.25798,47.49217],[0.25172,47.49283],[0.25502,47.48918],[0.24574,47.48922],[0.23804,47.49325],[0.24266,47.4965],[0.23843,47.5005],[0.23109,47.50049],[0.2249,47.49763],[0.22001,47.50189]]]},"properties":{"code_territoire":"iris370550000","libelle_territoire":"Channay-sur-Lathan (commune non irisée)"}},
{"type":"Feature","geometry":{"type":"Polygon","coordinates":[[[0.44487,47.31787],[0.44181,47.32304],[0.40564,47.31954],[0.39215,47.31448],[0.40333,47.30267],[0.4162,47.30324],[0.42487,47.30586],[0.42897,47.3104],[0.43747,47.31056],[0.43615,47.314],[0.44487,47.31787]]]},"properties":{"code_territoire":"iris370560000","libelle_territoire":"La Chapelle-aux-Naux (commune non irisée)"}},
{"type":"Feature","geometry":{"type":"Polygon","coordinates":[[[0.76497,47.11551],[0.75984,47.10303],[0.75054,47.09695],[0.74862,47.08523],[0.75781,47.07169],[0.75097,47.06976],[0.75537,47.0606],[0.75466,47.05415],[0.77128,47.05834],[0.79571,47.05808],[0.79994,47.06323],[0.82579,47.06653],[0.83037,47.06934],[0.83245,47.07222],[0.82502,47.08149],[0.82248,47.08069],[0.81938,47.08515],[0.81659,47.08512],[0.81172,47.09733],[0.81484,47.09852],[0.8107,47.10292],[0.80682,47.10078],[0.79039,47.11726],[0.7842,47.11406],[0.76497,47.11551]]]},"properties":{"code_territoire":"iris370570000","libelle_territoire":"La Chapelle-Blanche-Saint-Martin (commune non irisée)"}},
{"type":"Feature","geometry":{"type":"Polygon","coordinates":[[[0.164,47.25555],[0.16099,47.23651],[0.19128,47.23233],[0.2204,47.23905],[0.23902,47.24593],[0.24649,47.2476],[0.24785,47.24487],[0.25768,47.24856],[0.26472,47.25289],[0.26253,47.25952],[0.27226,47.26213],[0.28089,47.26221],[0.28334,47.26639],[0.28007,47.27182],[0.26705,47.26972],[0.25639,47.26565],[0.23408,47.26455],[0.22234,47.26119],[0.19987,47.25912],[0.17924,47.25537],[0.164,47.25555]]]},"properties":{"code_territoire":"iris370580000","libelle_territoire":"La Chapelle-sur-Loire (commune non irisée)"}},
{"type":"Feature","geometry":{"type":"Polygon","coordinates":[[[0.58235,47.4482],[0.60383,47.44673],[0.6015,47.4522],[0.61127,47.45431],[0.61418,47.45646],[0.61155,47.45908],[0.62201,47.46341],[0.62667,47.46524],[0.60611,47.49232],[0.58242,47.48608],[0.57808,47.47655],[0.57394,47.47769],[0.56294,47.47147],[0.56797,47.46547],[0.58235,47.4482]]]},"properties":{"code_territoire":"iris370590000","libelle_territoire":"Charentilly (commune non irisée)"}},
{"type":"Feature","geometry":{"type":"Polygon","coordinates":[[[1.05127,47.42052],[1.04978,47.42442],[1.04142,47.42734],[1.05512,47.42947],[1.05733,47.42689],[1.07268,47.43551],[1.06396,47.44842],[1.02906,47.43861],[1.01264,47.43037],[1.01074,47.42936],[1.02106,47.4168],[1.03032,47.4167],[1.05127,47.42052]]]},"properties":{"code_territoire":"iris370600000","libelle_territoire":"Chargé (commune non irisée)"}},
{"type":"Feature","geometry":{"type":"Polygon","coordinates":[[[0.94008,46.88362],[0.95239,46.87719],[0.9554,46.87562],[0.9623,46.87969],[0.98061,46.87499],[0.98593,46.87777],[1.00196,46.87876],[1.01269,46.87474],[1.01809,46.87881],[1.02522,46.87986],[1.0344,46.90798],[1.03743,46.94206],[1.03128,46.94215],[1.03206,46.94859],[1.02508,46.94969],[1.02537,46.95205],[1.01301,46.95041],[1.00467,46.95564],[0.99435,46.95305],[0.98699,46.95488],[0.98005,46.96621],[0.97186,46.96575],[0.9735,46.95832],[0.96394,46.95448],[0.95906,46.95556],[0.95008,46.94463],[0.95842,46.92467],[0.9538,46.92582],[0.95021,46.92386],[0.94934,46.9207],[0.95487,46.92001],[0.95558,46.90866],[0.94628,46.89392],[0.94166,46.89274],[0.94008,46.88362]]]},"properties":{"code_territoire":"iris370610000","libelle_territoire":"Charnizay (commune non irisée)"}},
{"type":"Feature","geometry":{"type":"Polygon","coordinates":[[[0.36155,47.52514],[0.3496,47.52716],[0.33988,47.54115],[0.34383,47.54017],[0.33953,47.54232],[0.34107,47.55107],[0.33339,47.54919],[0.32496,47.5515],[0.32593,47.55459],[0.31713,47.55478],[0.31789,47.55926],[0.3059,47.55638],[0.30602,47.55047],[0.30114,47.54953],[0.30213,47.5472],[0.29447,47.5377],[0.30606,47.53298],[0.30589,47.52702],[0.31488,47.52276],[0.3157,47.51693],[0.28483,47.51153],[0.28005,47.50646],[0.29069,47.50496],[0.29723,47.49836],[0.30114,47.50589],[0.3123,47.51381],[0.31771,47.51295],[0.32655,47.505],[0.33477,47.50339],[0.34005,47.50521],[0.34829,47.50166],[0.35988,47.50614],[0.35848,47.52001],[0.36285,47.51998],[0.36155,47.52514]]]},"properties":{"code_territoire":"iris370620000","libelle_territoire":"Château-la-Vallière (commune non irisée)"}},
{"type":"Feature","geometry":{"type":"Polygon","coordinates":[[[0.92289,47.60379],[0.91893,47.60385],[0.91443,47.59782],[0.90793,47.59939],[0.90617,47.59523],[0.90363,47.59608],[0.89392,47.59605],[0.8873,47.59237],[0.88535,47.5886],[0.89222,47.58947],[0.8913,47.58614],[0.90047,47.5816],[0.90336,47.58566],[0.91729,47.58854],[0.91865,47.58709],[0.91949,47.58933],[0.92499,47.5898],[0.92793,47.59547],[0.92289,47.60379]]]},"properties":{"code_territoire":"iris370630000","libelle_territoire":"Château-Renault (commune non irisée)"}},
{"type":"Feature","geometry":{"type":"Polygon","coordinates":[[[0.85286,46.85137],[0.86429,46.85312],[0.87196,46.85711],[0.87172,46.86546],[0.88105,46.8688],[0.88536,46.88252],[0.89109,46.89176],[0.87302,46.89782],[0.86724,46.89632],[0.86287,46.89563],[0.85468,46.88739],[0.84821,46.8849],[0.84151,46.88855],[0.83641,46.89783],[0.83097,46.89553],[0.83045,46.89054],[0.82473,46.88853],[0.81763,46.8934],[0.81428,46.88907],[0.81135,46.88414],[0.81658,46.87314],[0.8247,46.86458],[0.82954,46.86429],[0.83873,46.85648],[0.84517,46.85798],[0.85286,46.85137]]]},"properties":{"code_territoire":"iris370640000","libelle_territoire":"Chaumussay (commune non irisée)"}},
{"type":"Feature","geometry":{"type":"Polygon","coordinates":[[[0.3816,47.01298],[0.37633,47.01582],[0.38509,47.02404],[0.36452,47.02589],[0.36369,47.02919],[0.36807,47.03467],[0.36592,47.03931],[0.3696,47.04209],[0.36558,47.04398],[0.37511,47.05013],[0.38177,47.05371],[0.36811,47.05673],[0.36996,47.06334],[0.36434,47.05944],[0.35463,47.0554],[0.34916,47.04921],[0.34668,47.05173],[0.33334,47.04616],[0.33624,47.03618],[0.32875,47.03065],[0.32189,47.0239],[0.32916,47.00057],[0.32348,46.99736],[0.35268,46.99208],[0.35536,46.99945],[0.36983,47.00229],[0.37827,47.00535],[0.37604,47.00626],[0.3816,47.01298]]]},"properties":{"code_territoire":"iris370650000","libelle_territoire":"Chaveignes (commune non irisée)"}},
{"type":"Feature","geometry":{"type":"Polygon","coordinates":[[[1.01103,47.24574],[1.0075,47.24988],[0.99447,47.24679],[0.99099,47.25106],[0.98622,47.25137],[0.97402,47.2499],[0.97256,47.24761],[0.96037,47.24494],[0.95757,47.24172],[0.96484,47.23153],[0.9639,47.22731],[0.96711,47.22737],[0.97025,47.22297],[0.96506,47.22085],[0.96868,47.21935],[0.96704,47.21062],[0.9736,47.20988],[0.97552,47.20499],[0.97244,47.19987],[0.99816,47.18458],[1.00307,47.18437],[1.0118,47.19566],[1.00899,47.19647],[1.00937,47.19996],[1.00433,47.19935],[1.01216,47.20592],[1.00787,47.21081],[1.01205,47.21199],[1.0106,47.21727],[1.02792,47.22675],[1.01103,47.24574]]]},"properties":{"code_territoire":"iris370660000","libelle_territoire":"Chédigny (commune non irisée)"}},
{"type":"Feature","geometry":{"type":"Polygon","coordinates":[[[0.39691,47.20182],[0.43691,47.21539],[0.45,47.21761],[0.47666,47.2278],[0.47092,47.22752],[0.46899,47.23011],[0.47611,47.233],[0.47835,47.2398],[0.48944,47.24646],[0.49031,47.24508],[0.49823,47.25482],[0.49173,47.25668],[0.48796,47.25376],[0.4734,47.25454],[0.46752,47.2589],[0.44767,47.26178],[0.4337,47.26838],[0.42474,47.26867],[0.4065,47.27464],[0.39291,47.27489],[0.3903,47.2739],[0.38964,47.2697],[0.38301,47.26988],[0.38423,47.26159],[0.37268,47.26285],[0.37035,47.24777],[0.3784,47.22414],[0.38303,47.21857],[0.38167,47.21423],[0.38799,47.20522],[0.39691,47.20182]]]},"properties":{"code_territoire":"iris370670000","libelle_territoire":"Cheillé (commune non irisée)"}},
{"type":"Feature","geometry":{"type":"Polygon","coordinates":[[[0.61249,47.65698],[0.61884,47.65125],[0.61601,47.64897],[0.62026,47.64223],[0.62137,47.63085],[0.63498,47.6333],[0.63885,47.62574],[0.6415,47.62889],[0.64576,47.62834],[0.6507,47.63712],[0.66145,47.62532],[0.67149,47.63225],[0.66663,47.63812],[0.67839,47.63969],[0.69512,47.64722],[0.71034,47.64991],[0.72275,47.64617],[0.72984,47.65505],[0.7192,47.65606],[0.71872,47.66023],[0.71228,47.66194],[0.71424,47.6626],[0.71105,47.66665],[0.70507,47.66596],[0.70382,47.66901],[0.69934,47.66932],[0.71232,47.68219],[0.69412,47.68686],[0.67475,47.69926],[0.65441,47.68454],[0.6651,47.68377],[0.66317,47.67114],[0.6557,47.66527],[0.64672,47.66479],[0.64133,47.67222],[0.63635,47.67141],[0.63542,47.66818],[0.63128,47.6695],[0.6269,47.66481],[0.62033,47.66451],[0.61249,47.65698]]]},"properties":{"code_territoire":"iris370680000","libelle_territoire":"Chemillé-sur-Dême (commune non irisée)"}},
{"type":"Feature","geometry":{"type":"Polygon","coordinates":[[[1.16888,47.18741],[1.14705,47.18048],[1.14521,47.17152],[1.13175,47.16448],[1.13143,47.15802],[1.1182,47.1429],[1.11137,47.13948],[1.11951,47.14154],[1.13071,47.13412],[1.12518,47.12952],[1.14565,47.12711],[1.15624,47.13149],[1.16859,47.13304],[1.1755,47.1315],[1.17882,47.13517],[1.19062,47.13453],[1.19135,47.13752],[1.18825,47.13909],[1.19542,47.1409],[1.19934,47.14823],[1.19979,47.15032],[1.19245,47.15467],[1.17788,47.1768],[1.17847,47.18004],[1.16888,47.18741]]]},"properties":{"code_territoire":"iris370690000","libelle_territoire":"Chemillé-sur-Indrois (commune non irisée)"}},
{"type":"Feature","geometry":{"type":"Polygon","coordinates":[[[1.07802,47.36427],[1.05798,47.33903],[1.06196,47.33406],[1.05965,47.32302],[1.07858,47.32641],[1.07675,47.34841],[1.08273,47.35981],[1.08089,47.364],[1.07802,47.36427]]]},"properties":{"code_territoire":"iris370700000","libelle_territoire":"Chenonceaux (commune non irisée)"}},
{"type":"Feature","geometry":{"type":"Polygon","coordinates":[[[0.47626,47.06599],[0.46857,47.0684],[0.47063,47.0747],[0.46397,47.07991],[0.45512,47.08197],[0.45237,47.07948],[0.44963,47.08379],[0.43862,47.08337],[0.43798,47.09023],[0.43747,47.08842],[0.42553,47.08869],[0.41952,47.08241],[0.41506,47.0691],[0.4096,47.06333],[0.41669,47.05264],[0.42684,47.04796],[0.42591,47.04419],[0.43398,47.04148],[0.44213,47.05157],[0.45107,47.0515],[0.46278,47.05937],[0.47111,47.05578],[0.47514,47.05841],[0.47353,47.06354],[0.47626,47.06599]]]},"properties":{"code_territoire":"iris370710000","libelle_territoire":"Chezelles (commune non irisée)"}},
{"type":"Feature","geometry":{"type":"Polygon","coordinates":[[[0.24224,47.13217],[0.24885,47.15304],[0.25484,47.15101],[0.25687,47.15398],[0.28271,47.14672],[0.28933,47.16695],[0.29762,47.17529],[0.29317,47.18149],[0.28453,47.18284],[0.27738,47.20135],[0.26874,47.2002],[0.26156,47.20275],[0.25498,47.20114],[0.23846,47.20386],[0.23716,47.20749],[0.2198,47.20756],[0.21773,47.19437],[0.22067,47.18682],[0.19828,47.17737],[0.19997,47.17617],[0.19252,47.1768],[0.19,47.17292],[0.19061,47.16697],[0.20789,47.16365],[0.20636,47.16074],[0.21171,47.16012],[0.20934,47.14328],[0.2318,47.13649],[0.23971,47.13086],[0.24224,47.13217]]]},"properties":{"code_territoire":"iris370720000","libelle_territoire":"Chinon (commune non irisée)"}},
{"type":"Feature","geometry":{"type":"Polygon","coordinates":[[[1.09482,47.32871],[1.1063,47.33137],[1.10743,47.33723],[1.11571,47.34643],[1.11345,47.34811],[1.12305,47.35372],[1.1165,47.36303],[1.10985,47.36418],[1.10485,47.36872],[1.10717,47.37296],[1.0923,47.3709],[1.0932,47.36864],[1.08891,47.36541],[1.0851,47.36657],[1.08089,47.364],[1.08273,47.35981],[1.07675,47.34841],[1.07858,47.32641],[1.09482,47.32871]]]},"properties":{"code_territoire":"iris370730000","libelle_territoire":"Chisseaux (commune non irisée)"}},
{"type":"Feature","geometry":{"type":"Polygon","coordinates":[[[0.16099,47.23651],[0.164,47.25555],[0.15155,47.25495],[0.14243,47.26068],[0.12676,47.26306],[0.11053,47.27061],[0.08855,47.27538],[0.08122,47.27308],[0.08069,47.26515],[0.07497,47.2625],[0.07734,47.2535],[0.07492,47.24815],[0.06789,47.24751],[0.07384,47.23666],[0.07165,47.22179],[0.0792,47.21676],[0.07452,47.21444],[0.09041,47.21786],[0.13187,47.23482],[0.15339,47.23734],[0.16099,47.23651]]]},"properties":{"code_territoire":"iris370740000","libelle_territoire":"Chouzé-sur-Loire (commune non irisée)"}},
{"type":"Feature","geometry":{"type":"Polygon","coordinates":[[[0.92354,47.28171],[0.91478,47.27718],[0.91785,47.27487],[0.90624,47.26562],[0.91018,47.24967],[0.925,47.24848],[0.93565,47.24278],[0.94277,47.24477],[0.95004,47.23722],[0.95757,47.24172],[0.96037,47.24494],[0.97256,47.24761],[0.97402,47.2499],[0.98622,47.25137],[0.97197,47.25277],[0.97681,47.27133],[0.95557,47.28395],[0.96334,47.28906],[0.95198,47.29508],[0.94698,47.29315],[0.94206,47.29418],[0.93633,47.29455],[0.92354,47.28171]]]},"properties":{"code_territoire":"iris370750000","libelle_territoire":"Cigogné (commune non irisée)"}},
{"type":"Feature","geometry":{"type":"Polygon","coordinates":[[[0.19327,47.14375],[0.19734,47.15612],[0.19384,47.15728],[0.19061,47.16697],[0.19,47.17292],[0.16739,47.17585],[0.16158,47.16519],[0.15701,47.16709],[0.15717,47.16262],[0.16135,47.16112],[0.15284,47.15518],[0.15832,47.15299],[0.1636,47.14289],[0.1775,47.14397],[0.18048,47.13929],[0.19327,47.14375]]]},"properties":{"code_territoire":"iris370760000","libelle_territoire":"Cinais (commune non irisée)"}},
{"type":"Feature","geometry":{"type":"Polygon","coordinates":[[[0.44181,47.32304],[0.45018,47.32511],[0.47989,47.34437],[0.48529,47.3525],[0.49451,47.35868],[0.48792,47.37089],[0.45543,47.37144],[0.45384,47.37348],[0.41947,47.37155],[0.41803,47.36836],[0.41399,47.36195],[0.4199,47.35977],[0.41774,47.35585],[0.4202,47.34893],[0.43223,47.34444],[0.43687,47.33472],[0.43452,47.33374],[0.44236,47.32712],[0.44181,47.32304]]]},"properties":{"code_territoire":"iris370770000","libelle_territoire":"Cinq-Mars-la-Pile (commune non irisée)"}},
{"type":"Feature","geometry":{"type":"Polygon","coordinates":[[[0.88719,47.07054],[0.88351,47.07693],[0.87546,47.0765],[0.87525,47.07446],[0.85689,47.06913],[0.84742,47.0637],[0.84874,47.05455],[0.85323,47.05411],[0.85804,47.04241],[0.84975,47.03616],[0.85729,47.03406],[0.86739,47.0264],[0.8725,47.02382],[0.87277,47.02813],[0.88203,47.02783],[0.8834,47.03128],[0.89034,47.03432],[0.88374,47.0434],[0.89566,47.04321],[0.90255,47.04766],[0.90045,47.051],[0.8957,47.05136],[0.88719,47.07054]]]},"properties":{"code_territoire":"iris370780000","libelle_territoire":"Ciran (commune non irisée)"}},
{"type":"Feature","geometry":{"type":"Polygon","coordinates":[[[1.05884,47.37283],[1.05602,47.36646],[1.05076,47.36919],[1.03647,47.36486],[1.0315,47.36804],[1.0247,47.36423],[1.02251,47.35608],[1.0127,47.34612],[1.0154,47.34261],[1.00507,47.33328],[1.00364,47.32867],[1.02808,47.32807],[1.02361,47.31376],[1.02647,47.31101],[1.02241,47.30596],[1.03017,47.3035],[1.02743,47.29782],[1.03416,47.29694],[1.03256,47.29213],[1.0419,47.29762],[1.04085,47.29968],[1.04505,47.30004],[1.04314,47.3034],[1.04982,47.30567],[1.04469,47.31178],[1.05018,47.32471],[1.05965,47.32302],[1.06196,47.33406],[1.05798,47.33903],[1.07802,47.36427],[1.07572,47.36934],[1.05884,47.37283]]]},"properties":{"code_territoire":"iris370790000","libelle_territoire":"Civray-de-Touraine (commune non irisée)"}},
{"type":"Feature","geometry":{"type":"Polygon","coordinates":[[[0.69818,47.05038],[0.68983,47.04344],[0.68293,47.04618],[0.67708,47.04333],[0.68401,47.03439],[0.68338,47.02916],[0.69059,47.02196],[0.69797,47.02203],[0.70517,47.01775],[0.71789,47.01835],[0.7241,47.02518],[0.7337,47.02788],[0.74192,47.03704],[0.74664,47.03863],[0.74774,47.04595],[0.74754,47.04915],[0.71703,47.04817],[0.71718,47.05048],[0.70716,47.05142],[0.7024,47.04881],[0.69818,47.05038]]]},"properties":{"code_territoire":"iris370800000","libelle_territoire":"Civray-sur-Esves (commune non irisée)"}},
{"type":"Feature","geometry":{"type":"Polygon","coordinates":[[[0.41592,47.41363],[0.41108,47.41988],[0.39945,47.42484],[0.39731,47.43443],[0.40673,47.44063],[0.40892,47.44836],[0.40393,47.45488],[0.41245,47.48822],[0.40666,47.49386],[0.39826,47.48847],[0.34911,47.47015],[0.34715,47.44909],[0.33694,47.44721],[0.34602,47.43781],[0.34944,47.42772],[0.34647,47.42484],[0.3512,47.42091],[0.35062,47.41796],[0.35677,47.40897],[0.36686,47.41104],[0.36843,47.40776],[0.39667,47.40488],[0.41365,47.41009],[0.41276,47.41291],[0.41592,47.41363]]]},"properties":{"code_territoire":"iris370810000","libelle_territoire":"Cléré-les-Pins (commune non irisée)"}},
{"type":"Feature","geometry":{"type":"Polygon","coordinates":[[[0.19589,47.34913],[0.19516,47.34835],[0.19841,47.34823],[0.20286,47.33966],[0.21018,47.33902],[0.21623,47.33376],[0.22736,47.33313],[0.23038,47.33735],[0.23038,47.33468],[0.23604,47.33592],[0.24291,47.33226],[0.25033,47.33443],[0.2531,47.32815],[0.25675,47.32242],[0.26025,47.32447],[0.26593,47.32313],[0.28158,47.3312],[0.28632,47.33939],[0.28425,47.34434],[0.28855,47.35059],[0.27441,47.35923],[0.27088,47.36491],[0.26066,47.36506],[0.25261,47.36884],[0.2558,47.37226],[0.25215,47.37913],[0.24131,47.38029],[0.24065,47.38452],[0.23324,47.3881],[0.23984,47.39504],[0.24644,47.39447],[0.24657,47.39919],[0.2454,47.40856],[0.23781,47.41134],[0.23588,47.41998],[0.23144,47.42463],[0.21579,47.42648],[0.21477,47.4292],[0.20544,47.42481],[0.20496,47.41916],[0.2116,47.41715],[0.21218,47.41487],[0.20378,47.40753],[0.21312,47.40007],[0.21413,47.39095],[0.20557,47.38591],[0.2037,47.38182],[0.1986,47.38107],[0.19863,47.36594],[0.20681,47.35682],[0.19589,47.34913]]]},"properties":{"code_territoire":"iris370820000","libelle_territoire":"Continvoir (commune non irisée)"}},
{"type":"Feature","geometry":{"type":"Polygon","coordinates":[[[0.86281,47.26437],[0.83969,47.27121],[0.81987,47.2696],[0.81796,47.27455],[0.81853,47.26018],[0.83462,47.26199],[0.83605,47.26305],[0.84209,47.25739],[0.84334,47.24897],[0.84714,47.24942],[0.85744,47.24214],[0.86918,47.25069],[0.86281,47.26437]]]},"properties":{"code_territoire":"iris370830000","libelle_territoire":"Cormery (commune non irisée)"}},
{"type":"Feature","geometry":{"type":"Polygon","coordinates":[[[0.33911,47.57973],[0.33469,47.58016],[0.33603,47.57194],[0.33177,47.57251],[0.32825,47.56554],[0.31789,47.55926],[0.31713,47.55478],[0.32593,47.55459],[0.32496,47.5515],[0.33339,47.54919],[0.34107,47.55107],[0.33953,47.54232],[0.34383,47.54017],[0.33988,47.54115],[0.3496,47.52716],[0.36155,47.52514],[0.37196,47.52437],[0.38535,47.53209],[0.3983,47.53374],[0.39589,47.53879],[0.40428,47.54424],[0.40199,47.54687],[0.38359,47.55549],[0.37848,47.56841],[0.36207,47.57517],[0.33911,47.57973]]]},"properties":{"code_territoire":"iris370840000","libelle_territoire":"Couesmes (commune non irisée)"}},
{"type":"Feature","geometry":{"type":"Polygon","coordinates":[[[0.88909,47.29155],[0.88018,47.28522],[0.88414,47.28177],[0.87363,47.27507],[0.87865,47.27224],[0.87236,47.26416],[0.86281,47.26437],[0.86918,47.25069],[0.85744,47.24214],[0.84793,47.23143],[0.85334,47.2217],[0.85615,47.22249],[0.86745,47.21086],[0.87675,47.21737],[0.88684,47.2093],[0.89617,47.21407],[0.89335,47.2163],[0.89874,47.2194],[0.88935,47.22511],[0.89834,47.23124],[0.90203,47.23117],[0.8951,47.23576],[0.90125,47.23458],[0.90518,47.23897],[0.89753,47.24437],[0.91018,47.24967],[0.90624,47.26562],[0.91785,47.27487],[0.91478,47.27718],[0.92354,47.28171],[0.91949,47.28501],[0.91078,47.2801],[0.88909,47.29155]]]},"properties":{"code_territoire":"iris370850000","libelle_territoire":"Courçay (commune non irisée)"}},
{"type":"Feature","geometry":{"type":"Polygon","coordinates":[[[0.27662,47.50467],[0.28639,47.49552],[0.29317,47.49339],[0.29124,47.49098],[0.29715,47.48684],[0.29471,47.48432],[0.29823,47.48405],[0.29809,47.4809],[0.29425,47.4804],[0.2889,47.47478],[0.29266,47.46468],[0.30742,47.46752],[0.327,47.47616],[0.34202,47.47475],[0.34911,47.47015],[0.39826,47.48847],[0.37277,47.50221],[0.35988,47.50614],[0.34829,47.50166],[0.34005,47.50521],[0.33477,47.50339],[0.32655,47.505],[0.31771,47.51295],[0.3123,47.51381],[0.30114,47.50589],[0.29723,47.49836],[0.29069,47.50496],[0.28005,47.50646],[0.27662,47.50467]]]},"properties":{"code_territoire":"iris370860000","libelle_territoire":"Courcelles-de-Touraine (commune non irisée)"}},
{"type":"Feature","geometry":{"type":"Polygon","coordinates":[[[0.42591,47.04419],[0.41951,47.04136],[0.41593,47.04305],[0.39771,47.04061],[0.3976,47.04553],[0.38727,47.04306],[0.37511,47.05013],[0.36558,47.04398],[0.3696,47.04209],[0.36592,47.03931],[0.36807,47.03467],[0.36369,47.02919],[0.36452,47.02589],[0.38509,47.02404],[0.37633,47.01582],[0.3816,47.01298],[0.40132,47.00779],[0.40542,47.01005],[0.40233,47.01514],[0.40648,47.0179],[0.41181,47.01578],[0.41576,47.021],[0.42943,47.01758],[0.4348,47.02282],[0.433,47.02927],[0.43398,47.04148],[0.42591,47.04419]]]},"properties":{"code_territoire":"iris370870000","libelle_territoire":"Courcoué (commune non irisée)"}},
{"type":"Feature","geometry":{"type":"Polygon","coordinates":[[[0.07837,47.14642],[0.09445,47.15009],[0.09677,47.15803],[0.10245,47.16159],[0.09678,47.16758],[0.08174,47.1719],[0.07991,47.17938],[0.081,47.18557],[0.09945,47.19712],[0.09449,47.20089],[0.09207,47.20305],[0.07087,47.18837],[0.06652,47.18966],[0.06318,47.1763],[0.05416,47.16103],[0.06154,47.15491],[0.06561,47.14307],[0.07837,47.14642]]]},"properties":{"code_territoire":"iris370880000","libelle_territoire":"Couziers (commune non irisée)"}},
{"type":"Feature","geometry":{"type":"Polygon","coordinates":[[[0.29012,47.1455],[0.31319,47.14548],[0.33172,47.14086],[0.36583,47.13583],[0.36892,47.14231],[0.37748,47.14927],[0.37808,47.15601],[0.374,47.15685],[0.37746,47.17535],[0.37889,47.17366],[0.38494,47.17669],[0.38395,47.18424],[0.39396,47.20135],[0.36486,47.20368],[0.36363,47.19878],[0.3597,47.19733],[0.31531,47.19455],[0.31255,47.17377],[0.30367,47.17001],[0.29762,47.17529],[0.28933,47.16695],[0.28271,47.14672],[0.29012,47.1455]]]},"properties":{"code_territoire":"iris370890000","libelle_territoire":"Cravant-les-Côteaux (commune non irisée)"}},
{"type":"Feature","geometry":{"type":"Polygon","coordinates":[[[0.50453,47.14531],[0.50358,47.15085],[0.50981,47.15487],[0.50443,47.15804],[0.5121,47.16254],[0.50427,47.16383],[0.49823,47.16192],[0.49873,47.16524],[0.49371,47.17047],[0.49949,47.18078],[0.49754,47.1828],[0.50911,47.1912],[0.51145,47.1906],[0.5145,47.19742],[0.49573,47.19746],[0.48893,47.1842],[0.48866,47.16643],[0.47423,47.1524],[0.47367,47.14619],[0.47902,47.14435],[0.50453,47.14531]]]},"properties":{"code_territoire":"iris370900000","libelle_territoire":"Crissay-sur-Manse (commune non irisée)"}},
{"type":"Feature","geometry":{"type":"Polygon","coordinates":[[[0.98512,47.36598],[0.98037,47.36587],[0.9683,47.35437],[0.9609,47.33671],[0.96146,47.33148],[0.98909,47.33121],[1.00364,47.32867],[1.00507,47.33328],[1.0154,47.34261],[1.0127,47.34612],[1.02251,47.35608],[1.0247,47.36423],[1.01811,47.36853],[1.01592,47.36513],[1.00422,47.37128],[0.9933,47.37106],[0.9911,47.36604],[0.98512,47.36598]]]},"properties":{"code_territoire":"iris370910000","libelle_territoire":"La Croix-en-Touraine (commune non irisée)"}},
{"type":"Feature","geometry":{"type":"Polygon","coordinates":[[[0.83327,47.51377],[0.83595,47.51596],[0.84718,47.51727],[0.84293,47.53217],[0.84728,47.53689],[0.84689,47.54093],[0.84279,47.54326],[0.84664,47.54615],[0.82987,47.5628],[0.82287,47.56383],[0.82113,47.56824],[0.80582,47.55982],[0.80384,47.55755],[0.8069,47.55587],[0.79925,47.54585],[0.79598,47.53959],[0.7992,47.53501],[0.80418,47.53421],[0.80116,47.53184],[0.81096,47.52359],[0.80778,47.52085],[0.81026,47.51817],[0.82309,47.51626],[0.82684,47.51153],[0.83327,47.51377]]]},"properties":{"code_territoire":"iris370920000","libelle_territoire":"Crotelles (commune non irisée)"}},
{"type":"Feature","geometry":{"type":"Polygon","coordinates":[[[0.47367,47.14619],[0.45189,47.14458],[0.43722,47.13657],[0.4323,47.13413],[0.42692,47.12584],[0.43425,47.13052],[0.44075,47.12766],[0.43678,47.12512],[0.4351,47.11902],[0.44472,47.11987],[0.45342,47.12042],[0.46678,47.11373],[0.48743,47.11519],[0.50005,47.12637],[0.49696,47.1335],[0.50359,47.14129],[0.50649,47.14133],[0.50453,47.14531],[0.47902,47.14435],[0.47367,47.14619]]]},"properties":{"code_territoire":"iris370930000","libelle_territoire":"Crouzilles (commune non irisée)"}},
{"type":"Feature","geometry":{"type":"Polygon","coordinates":[[[0.78706,46.99998],[0.80474,47.00099],[0.8187,47.01049],[0.82136,47.01306],[0.81797,47.01497],[0.81219,47.01274],[0.80821,47.01498],[0.81075,47.02533],[0.79976,47.02497],[0.79818,47.03227],[0.78708,47.03417],[0.77957,47.03939],[0.77968,47.04472],[0.76316,47.04386],[0.74774,47.04595],[0.74664,47.03863],[0.74192,47.03704],[0.7337,47.02788],[0.7241,47.02518],[0.71789,47.01835],[0.73929,47.01229],[0.74452,46.99555],[0.75291,46.99198],[0.77345,46.99905],[0.78706,46.99998]]]},"properties":{"code_territoire":"iris370940000","libelle_territoire":"Cussay (commune non irisée)"}},
{"type":"Feature","geometry":{"type":"Polygon","coordinates":[[[1.04483,47.53181],[1.04799,47.53472],[1.04655,47.53954],[1.05139,47.54021],[1.063,47.5522],[1.07794,47.56216],[1.07468,47.5678],[1.07714,47.57234],[1.06388,47.56636],[1.05658,47.56218],[1.03609,47.55814],[1.03558,47.55444],[1.0198,47.54774],[1.0202,47.54045],[1.02461,47.53607],[1.03557,47.52822],[1.04228,47.52843],[1.04483,47.53181]]]},"properties":{"code_territoire":"iris370950000","libelle_territoire":"Dame-Marie-les-Bois (commune non irisée)"}},
{"type":"Feature","geometry":{"type":"Polygon","coordinates":[[[0.96146,47.33148],[0.9609,47.33671],[0.9683,47.35437],[0.98037,47.36587],[0.98512,47.36598],[0.98083,47.37238],[0.97143,47.37144],[0.96365,47.37505],[0.95746,47.37491],[0.95358,47.37021],[0.93918,47.35923],[0.93095,47.33799],[0.94664,47.3339],[0.96146,47.33148]]]},"properties":{"code_territoire":"iris370960000","libelle_territoire":"Dierre (commune non irisée)"}},
{"type":"Feature","geometry":{"type":"Polygon","coordinates":[[[0.90358,47.13353],[0.90464,47.14208],[0.90966,47.14235],[0.91561,47.14635],[0.91674,47.15216],[0.92721,47.15804],[0.92419,47.15949],[0.92775,47.161],[0.92792,47.16426],[0.92279,47.17132],[0.92181,47.17917],[0.91346,47.18439],[0.91819,47.18542],[0.9165,47.18687],[0.91285,47.18968],[0.90856,47.18806],[0.90711,47.19307],[0.90398,47.19654],[0.89795,47.19257],[0.88667,47.20207],[0.87901,47.19394],[0.86254,47.17877],[0.86668,47.17628],[0.86262,47.17525],[0.85688,47.17911],[0.85345,47.17754],[0.85756,47.17628],[0.85865,47.17221],[0.85276,47.16464],[0.85356,47.16078],[0.85835,47.15975],[0.86105,47.14808],[0.86897,47.14461],[0.87298,47.13789],[0.87413,47.14012],[0.88062,47.13687],[0.88336,47.12675],[0.89332,47.13482],[0.90358,47.13353]]]},"properties":{"code_territoire":"iris370970000","libelle_territoire":"Dolus-le-Sec (commune non irisée)"}},
{"type":"Feature","geometry":{"type":"Polygon","coordinates":[[[0.61239,47.04707],[0.61451,47.04783],[0.61846,47.04302],[0.62214,47.04458],[0.63642,47.03772],[0.64816,47.04284],[0.64832,47.04632],[0.65432,47.05038],[0.65936,47.06035],[0.65792,47.07227],[0.6518,47.07792],[0.65739,47.08406],[0.65228,47.08845],[0.65617,47.09206],[0.65203,47.09345],[0.65665,47.09603],[0.64858,47.10054],[0.64625,47.09681],[0.63631,47.09179],[0.63348,47.09249],[0.62442,47.08516],[0.61954,47.08361],[0.6116,47.08546],[0.61236,47.08095],[0.60465,47.07828],[0.60404,47.07434],[0.61416,47.07012],[0.61516,47.0641],[0.60789,47.06058],[0.60628,47.05716],[0.6064,47.05375],[0.61076,47.05444],[0.61239,47.04707]]]},"properties":{"code_territoire":"iris370980000","libelle_territoire":"Draché (commune non irisée)"}},
{"type":"Feature","geometry":{"type":"Polygon","coordinates":[[[0.53892,47.27549],[0.54596,47.27817],[0.5654,47.28943],[0.57152,47.29628],[0.57431,47.29587],[0.57576,47.30409],[0.57932,47.30619],[0.57097,47.30823],[0.56376,47.31647],[0.55676,47.31707],[0.55641,47.32186],[0.53772,47.32344],[0.53194,47.32052],[0.53297,47.31824],[0.52688,47.31579],[0.5197,47.31682],[0.51586,47.31189],[0.50851,47.31296],[0.50821,47.31029],[0.50159,47.29509],[0.49164,47.28501],[0.50702,47.27535],[0.51933,47.2716],[0.52678,47.27244],[0.53892,47.27549]]]},"properties":{"code_territoire":"iris370990000","libelle_territoire":"Druye (commune non irisée)"}},
{"type":"Feature","geometry":{"type":"Polygon","coordinates":[[[1.10786,47.29863],[1.1016,47.29165],[1.09536,47.28917],[1.10338,47.25862],[1.11191,47.25679],[1.11232,47.25324],[1.14266,47.265],[1.1524,47.26418],[1.15523,47.26709],[1.15193,47.27061],[1.16197,47.27221],[1.14253,47.28458],[1.13237,47.29472],[1.12848,47.29403],[1.12725,47.29781],[1.12213,47.29295],[1.10786,47.29863]]]},"properties":{"code_territoire":"iris371000000","libelle_territoire":"Épeigné-les-Bois (commune non irisée)"}},
{"type":"Feature","geometry":{"type":"Polygon","coordinates":[[[0.65441,47.68454],[0.64318,47.68605],[0.65382,47.69901],[0.64349,47.69993],[0.64052,47.70965],[0.63016,47.70945],[0.61677,47.69913],[0.61493,47.69414],[0.61951,47.69241],[0.61481,47.68292],[0.60764,47.68251],[0.59664,47.67287],[0.58671,47.66922],[0.57084,47.66857],[0.55834,47.67077],[0.55933,47.66615],[0.56581,47.66425],[0.56303,47.65712],[0.57003,47.65698],[0.57626,47.66103],[0.58037,47.65975],[0.5861,47.64706],[0.60247,47.6493],[0.60502,47.65366],[0.61249,47.65698],[0.62033,47.66451],[0.6269,47.66481],[0.63128,47.6695],[0.63542,47.66818],[0.63635,47.67141],[0.64133,47.67222],[0.64672,47.66479],[0.6557,47.66527],[0.66317,47.67114],[0.6651,47.68377],[0.65441,47.68454]]]},"properties":{"code_territoire":"iris371010000","libelle_territoire":"Épeigné-sur-Dême (commune non irisée)"}},
{"type":"Feature","geometry":{"type":"Polygon","coordinates":[[[0.8725,47.02382],[0.88876,47.01546],[0.90508,47.0158],[0.9077,47.01951],[0.92106,47.01942],[0.92225,47.02877],[0.92122,47.03126],[0.93569,47.04118],[0.93127,47.04073],[0.91948,47.05052],[0.91649,47.05197],[0.9111,47.04847],[0.90255,47.04766],[0.89566,47.04321],[0.88374,47.0434],[0.89034,47.03432],[0.8834,47.03128],[0.88203,47.02783],[0.87277,47.02813],[0.8725,47.02382]]]},"properties":{"code_territoire":"iris371030000","libelle_territoire":"Esves-le-Moutier (commune non irisée)"}},
{"type":"Feature","geometry":{"type":"Polygon","coordinates":[[[0.79156,47.32737],[0.77698,47.32428],[0.76631,47.33081],[0.76382,47.32562],[0.75391,47.32308],[0.75116,47.3188],[0.7548,47.31734],[0.74972,47.3116],[0.75553,47.30932],[0.75136,47.30128],[0.75551,47.29586],[0.75164,47.29102],[0.75154,47.2888],[0.77404,47.28382],[0.7651,47.26404],[0.76863,47.26154],[0.79475,47.25056],[0.79858,47.25202],[0.8054,47.25015],[0.80118,47.25327],[0.80403,47.25628],[0.81853,47.26018],[0.81796,47.27455],[0.81816,47.27692],[0.82247,47.27647],[0.823,47.27841],[0.83061,47.27549],[0.8249,47.28631],[0.82711,47.30975],[0.82188,47.3135],[0.82153,47.31764],[0.81431,47.31684],[0.81082,47.32224],[0.80365,47.32031],[0.80022,47.32712],[0.79156,47.32737]]]},"properties":{"code_territoire":"iris371040000","libelle_territoire":"Esvres (commune non irisée)"}},
{"type":"Feature","geometry":{"type":"Polygon","coordinates":[[[0.30221,46.95535],[0.30574,46.95362],[0.31121,46.93796],[0.32497,46.93055],[0.33958,46.93676],[0.34787,46.93658],[0.36073,46.94846],[0.3625,46.94708],[0.36651,46.94987],[0.38855,46.94194],[0.38775,46.94385],[0.38674,46.9517],[0.38865,46.95335],[0.38171,46.96252],[0.37214,46.96336],[0.35076,46.97783],[0.34292,46.97344],[0.33698,46.96186],[0.32954,46.96038],[0.31128,46.9642],[0.30664,46.95721],[0.30221,46.95535]]]},"properties":{"code_territoire":"iris371050000","libelle_territoire":"Faye-la-Vineuse (commune non irisée)"}},
{"type":"Feature","geometry":{"type":"Polygon","coordinates":[[[0.73833,47.64369],[0.7298,47.63955],[0.72833,47.62943],[0.72396,47.62566],[0.72567,47.62108],[0.73205,47.62158],[0.73359,47.61713],[0.73826,47.61557],[0.74167,47.6169],[0.73712,47.61006],[0.74133,47.61126],[0.75031,47.60834],[0.74843,47.60497],[0.75752,47.6017],[0.75935,47.59708],[0.76415,47.59884],[0.76988,47.59722],[0.7756,47.6046],[0.78438,47.60961],[0.77929,47.61278],[0.7825,47.6154],[0.7743,47.63885],[0.76752,47.64422],[0.73833,47.64369]]]},"properties":{"code_territoire":"iris371060000","libelle_territoire":"La Ferrière (commune non irisée)"}},
{"type":"Feature","geometry":{"type":"Polygon","coordinates":[[[0.8417,47.01643],[0.85556,47.00392],[0.85225,47.00212],[0.85484,47.00127],[0.84873,46.9939],[0.85142,46.99029],[0.8471,46.98465],[0.85502,46.97905],[0.85016,46.9742],[0.86133,46.96557],[0.88904,46.97137],[0.89125,46.9752],[0.89488,46.97428],[0.89681,46.9761],[0.89344,46.98538],[0.8896,46.98769],[0.90518,46.98987],[0.90099,47.01057],[0.90508,47.0158],[0.88876,47.01546],[0.8725,47.02382],[0.86739,47.0264],[0.85314,47.02052],[0.85224,47.0175],[0.8417,47.01643]]]},"properties":{"code_territoire":"iris371070000","libelle_territoire":"Ferrière-Larçon (commune non irisée)"}},
{"type":"Feature","geometry":{"type":"Polygon","coordinates":[[[1.09452,47.13368],[1.07016,47.15128],[1.03578,47.16829],[1.01619,47.1778],[1.01164,47.16066],[1.01676,47.15545],[1.0155,47.15057],[1.02026,47.14525],[1.02309,47.14625],[1.01627,47.14233],[1.01629,47.13938],[1.01474,47.13553],[1.01894,47.13689],[1.0224,47.13513],[1.03677,47.13513],[1.04525,47.12794],[1.03805,47.1262],[1.04567,47.12385],[1.05431,47.12683],[1.05635,47.1235],[1.06703,47.1234],[1.07752,47.12641],[1.09489,47.12649],[1.09452,47.13368]]]},"properties":{"code_territoire":"iris371080000","libelle_territoire":"Ferrière-sur-Beaulieu (commune non irisée)"}},
{"type":"Feature","geometry":{"type":"Polygon","coordinates":[[[0.58129,47.39669],[0.59504,47.39784],[0.60931,47.39283],[0.6064,47.39831],[0.6157,47.40026],[0.61345,47.40475],[0.60216,47.40489],[0.59946,47.4089],[0.58129,47.39669]]]},"properties":{"code_territoire":"iris371090101","libelle_territoire":"Bourg"}},
{"type":"Feature","geometry":{"type":"Polygon","coordinates":[[[0.64366,47.40564],[0.63961,47.40603],[0.64048,47.404],[0.63472,47.40297],[0.63322,47.40465],[0.62886,47.40279],[0.62016,47.40433],[0.61971,47.39107],[0.60921,47.39091],[0.6113,47.38487],[0.64796,47.39161],[0.64585,47.39636],[0.65084,47.39721],[0.65248,47.39892],[0.64366,47.40564]]]},"properties":{"code_territoire":"iris371090102","libelle_territoire":"Est"}},
{"type":"Feature","geometry":{"type":"Polygon","coordinates":[[[0.56636,47.43471],[0.55394,47.43059],[0.55432,47.42819],[0.56922,47.41207],[0.57291,47.41219],[0.57577,47.40871],[0.58092,47.39659],[0.57409,47.39485],[0.57007,47.38894],[0.57694,47.3771],[0.60592,47.38333],[0.6113,47.38487],[0.60921,47.39091],[0.61971,47.39107],[0.62016,47.40433],[0.62886,47.40279],[0.63322,47.40465],[0.63472,47.40297],[0.64048,47.404],[0.63961,47.40603],[0.64366,47.40564],[0.63688,47.40923],[0.63976,47.41844],[0.63039,47.42284],[0.63537,47.42702],[0.61986,47.43703],[0.60727,47.43808],[0.60383,47.44673],[0.58235,47.4482],[0.59293,47.42982],[0.58143,47.43092],[0.57564,47.42851],[0.56711,47.43163],[0.56636,47.43471]],[[0.58129,47.39669],[0.59946,47.4089],[0.60216,47.40489],[0.61345,47.40475],[0.6157,47.40026],[0.6064,47.39831],[0.60931,47.39283],[0.59504,47.39784],[0.58129,47.39669]]]},"properties":{"code_territoire":"iris371090103","libelle_territoire":"Tiers Restant"}},
{"type":"Feature","geometry":{"type":"Polygon","coordinates":[[[1.09482,47.32871],[1.07858,47.32641],[1.05965,47.32302],[1.05018,47.32471],[1.04469,47.31178],[1.04982,47.30567],[1.05724,47.29961],[1.07671,47.29977],[1.07491,47.29664],[1.07919,47.29138],[1.08052,47.29303],[1.08496,47.29089],[1.08905,47.29397],[1.09536,47.28917],[1.1016,47.29165],[1.10786,47.29863],[1.09896,47.31174],[1.09482,47.32871]]]},"properties":{"code_territoire":"iris371100000","libelle_territoire":"Francueil (commune non irisée)"}},
{"type":"Feature","geometry":{"type":"Polygon","coordinates":[[[1.07306,47.22619],[1.06545,47.22819],[1.06414,47.22405],[1.07175,47.21913],[1.0663,47.21767],[1.07456,47.2138],[1.07447,47.20644],[1.06513,47.19679],[1.0617,47.2025],[1.05778,47.2015],[1.05494,47.20354],[1.05164,47.20168],[1.05355,47.19581],[1.06101,47.19172],[1.05497,47.19212],[1.04572,47.1802],[1.05153,47.17961],[1.03578,47.16829],[1.07016,47.15128],[1.09452,47.13368],[1.11137,47.13948],[1.1182,47.1429],[1.13143,47.15802],[1.13175,47.16448],[1.14521,47.17152],[1.14705,47.18048],[1.16888,47.18741],[1.18695,47.19625],[1.19106,47.21086],[1.18557,47.21463],[1.18334,47.21866],[1.17096,47.21582],[1.14368,47.2197],[1.13182,47.21203],[1.11399,47.22013],[1.08949,47.2138],[1.09098,47.21624],[1.07306,47.22619]]]},"properties":{"code_territoire":"iris371110000","libelle_territoire":"Genillé (commune non irisée)"}},
{"type":"Feature","geometry":{"type":"Polygon","coordinates":[[[0.18521,47.42633],[0.1808,47.4162],[0.1746,47.41503],[0.16616,47.40391],[0.16065,47.40441],[0.15346,47.39876],[0.16951,47.39589],[0.16724,47.38551],[0.17926,47.38444],[0.18296,47.38042],[0.15364,47.36357],[0.15592,47.36133],[0.1637,47.36472],[0.17032,47.35715],[0.17649,47.35929],[0.19589,47.34913],[0.20681,47.35682],[0.19863,47.36594],[0.1986,47.38107],[0.2037,47.38182],[0.20557,47.38591],[0.21413,47.39095],[0.21312,47.40007],[0.20378,47.40753],[0.21218,47.41487],[0.2116,47.41715],[0.20496,47.41916],[0.20544,47.42481],[0.20013,47.42325],[0.18765,47.42742],[0.18521,47.42633]]]},"properties":{"code_territoire":"iris371120000","libelle_territoire":"Gizeux (commune non irisée)"}},
{"type":"Feature","geometry":{"type":"Polygon","coordinates":[[[0.76035,46.9142],[0.76294,46.91074],[0.76855,46.91168],[0.768,46.90873],[0.77926,46.90645],[0.78731,46.89567],[0.80763,46.88632],[0.81428,46.88907],[0.81763,46.8934],[0.82473,46.88853],[0.83045,46.89054],[0.83097,46.89553],[0.83641,46.89783],[0.84151,46.88855],[0.84821,46.8849],[0.85468,46.88739],[0.86287,46.89563],[0.86724,46.89632],[0.86315,46.89861],[0.86673,46.90409],[0.86428,46.91273],[0.86053,46.92327],[0.85717,46.92825],[0.85287,46.92804],[0.84752,46.93784],[0.85189,46.94368],[0.85033,46.94867],[0.84718,46.94967],[0.82079,46.94913],[0.81661,46.93938],[0.80396,46.93894],[0.78625,46.94366],[0.77412,46.94499],[0.75868,46.93422],[0.75881,46.93101],[0.76898,46.93009],[0.76715,46.92045],[0.76035,46.9142]]]},"properties":{"code_territoire":"iris371130000","libelle_territoire":"Le Grand-Pressigny (commune non irisée)"}},
{"type":"Feature","geometry":{"type":"Polygon","coordinates":[[[0.70378,46.90942],[0.70532,46.90235],[0.72615,46.88719],[0.73322,46.8765],[0.74354,46.87172],[0.74816,46.88113],[0.73746,46.88804],[0.72365,46.90649],[0.71916,46.91307],[0.70378,46.90942]]]},"properties":{"code_territoire":"iris371140000","libelle_territoire":"La Guerche (commune non irisée)"}},
{"type":"Feature","geometry":{"type":"Polygon","coordinates":[[[0.69502,46.96245],[0.70168,46.96462],[0.70749,46.96361],[0.70409,46.97034],[0.71356,46.96858],[0.72471,46.97151],[0.75231,46.97021],[0.74455,46.98251],[0.7475,46.98411],[0.74603,46.98873],[0.75096,46.98894],[0.75291,46.99198],[0.74452,46.99555],[0.73929,47.01229],[0.71789,47.01835],[0.70517,47.01775],[0.69797,47.02203],[0.69059,47.02196],[0.68338,47.02916],[0.67725,47.02532],[0.67823,47.0219],[0.67243,47.01928],[0.67318,47.01285],[0.66322,47.01504],[0.65923,47.00989],[0.65816,47.00743],[0.64641,47.00712],[0.63734,46.99595],[0.62718,47.00078],[0.62807,46.99913],[0.6218,46.99943],[0.62168,46.99593],[0.63543,46.98599],[0.6479,46.98834],[0.65662,46.9854],[0.66162,46.97809],[0.67819,46.97766],[0.69289,46.97413],[0.69502,46.96245]]]},"properties":{"code_territoire":"iris371150000","libelle_territoire":"Descartes (commune non irisée)"}},
{"type":"Feature","geometry":{"type":"Polygon","coordinates":[[[0.83378,47.67707],[0.82792,47.67678],[0.81162,47.68221],[0.80588,47.67868],[0.78796,47.67987],[0.77709,47.68456],[0.7705,47.68396],[0.75979,47.69081],[0.75216,47.68991],[0.73883,47.69615],[0.72574,47.69032],[0.71974,47.69069],[0.71232,47.68219],[0.69934,47.66932],[0.70382,47.66901],[0.70507,47.66596],[0.71105,47.66665],[0.71424,47.6626],[0.71228,47.66194],[0.71872,47.66023],[0.7192,47.65606],[0.72984,47.65505],[0.73152,47.64948],[0.73552,47.65049],[0.73514,47.64559],[0.73833,47.64369],[0.76752,47.64422],[0.7743,47.63885],[0.77751,47.63908],[0.77556,47.64146],[0.78096,47.64353],[0.78527,47.65056],[0.7921,47.65279],[0.78918,47.65531],[0.80378,47.66113],[0.81001,47.66086],[0.81128,47.66539],[0.82335,47.66822],[0.82761,47.67411],[0.83392,47.67521],[0.83378,47.67707]]]},"properties":{"code_territoire":"iris371160000","libelle_territoire":"Les Hermites (commune non irisée)"}},
{"type":"Feature","geometry":{"type":"Polygon","coordinates":[[[0.29173,47.45465],[0.29202,47.44822],[0.28645,47.45192],[0.2758,47.4494],[0.26892,47.45259],[0.26251,47.44878],[0.26244,47.44268],[0.25451,47.4358],[0.25124,47.42658],[0.24647,47.42545],[0.24254,47.4278],[0.23144,47.42463],[0.23588,47.41998],[0.23781,47.41134],[0.2454,47.40856],[0.24657,47.39919],[0.27728,47.39704],[0.29127,47.40295],[0.31198,47.40399],[0.33,47.41425],[0.32627,47.42539],[0.32887,47.42599],[0.32721,47.4333],[0.32327,47.43287],[0.316,47.43938],[0.30953,47.43978],[0.30707,47.44499],[0.30033,47.44919],[0.30121,47.45296],[0.29173,47.45465]]]},"properties":{"code_territoire":"iris371170000","libelle_territoire":"Hommes (commune non irisée)"}},
{"type":"Feature","geometry":{"type":"Polygon","coordinates":[[[0.27738,47.20135],[0.28121,47.20349],[0.27441,47.20924],[0.28234,47.21109],[0.27875,47.21213],[0.28349,47.21583],[0.28028,47.21926],[0.28749,47.22806],[0.29026,47.23073],[0.27854,47.24208],[0.28339,47.24662],[0.28347,47.25395],[0.28054,47.25362],[0.27902,47.25686],[0.27377,47.25588],[0.27226,47.26213],[0.26253,47.25952],[0.26472,47.25289],[0.25768,47.24856],[0.24785,47.24487],[0.24649,47.2476],[0.23902,47.24593],[0.2204,47.23905],[0.21616,47.23614],[0.22213,47.23551],[0.22527,47.22776],[0.21972,47.22644],[0.22234,47.22372],[0.22061,47.21852],[0.21671,47.20829],[0.2198,47.20756],[0.23716,47.20749],[0.23846,47.20386],[0.25498,47.20114],[0.26156,47.20275],[0.26874,47.2002],[0.27738,47.20135]]]},"properties":{"code_territoire":"iris371180000","libelle_territoire":"Huismes (commune non irisée)"}},
{"type":"Feature","geometry":{"type":"Polygon","coordinates":[[[0.41867,47.1142],[0.42758,47.10984],[0.429,47.11411],[0.43424,47.11413],[0.4351,47.11902],[0.43678,47.12512],[0.44075,47.12766],[0.43425,47.13052],[0.42692,47.12584],[0.4323,47.13413],[0.4273,47.1378],[0.42276,47.13585],[0.42214,47.12461],[0.40431,47.12801],[0.40215,47.12349],[0.41377,47.12205],[0.41191,47.11702],[0.41867,47.1142]]]},"properties":{"code_territoire":"iris371190000","libelle_territoire":"L'Île-Bouchard (commune non irisée)"}},
{"type":"Feature","geometry":{"type":"Polygon","coordinates":[[[0.44489,46.94127],[0.43002,46.94944],[0.43774,46.95262],[0.44413,46.96623],[0.44241,46.97298],[0.45044,46.97486],[0.4558,46.98901],[0.43904,46.98165],[0.4247,46.97046],[0.41408,46.97108],[0.3942,46.95021],[0.38674,46.9517],[0.38775,46.94385],[0.40537,46.93613],[0.4191,46.93768],[0.43864,46.92949],[0.44489,46.94127]]]},"properties":{"code_territoire":"iris371210000","libelle_territoire":"Jaulnay (commune non irisée)"}},
{"type":"Feature","geometry":{"type":"Polygon","coordinates":[[[0.66326,47.34879],[0.66267,47.34385],[0.6641,47.3407],[0.66509,47.33905],[0.67013,47.34009],[0.67452,47.35027],[0.66498,47.34895],[0.66326,47.34879]]]},"properties":{"code_territoire":"iris371220803","libelle_territoire":"Rabière Est"}},
{"type":"Feature","geometry":{"type":"Polygon","coordinates":[[[0.6657,47.35327],[0.65946,47.3531],[0.65568,47.3477],[0.65837,47.34808],[0.66326,47.34879],[0.66498,47.34895],[0.66539,47.35289],[0.6657,47.35327]]]},"properties":{"code_territoire":"iris371220101","libelle_territoire":"Centre Est"}},
{"type":"Feature","geometry":{"type":"Polygon","coordinates":[[[0.64886,47.34673],[0.65568,47.3477],[0.65946,47.3531],[0.6657,47.35327],[0.66657,47.35437],[0.65734,47.35421],[0.64886,47.34673]]]},"properties":{"code_territoire":"iris371220102","libelle_territoire":"Centre Ouest"}},
{"type":"Feature","geometry":{"type":"Polygon","coordinates":[[[0.67481,47.35059],[0.66539,47.35289],[0.66498,47.34895],[0.67452,47.35027],[0.67481,47.35059]]]},"properties":{"code_territoire":"iris371220201","libelle_territoire":"Morier Rigny Sud"}},
{"type":"Feature","geometry":{"type":"Polygon","coordinates":[[[0.68576,47.36309],[0.67399,47.36304],[0.6734,47.36202],[0.67191,47.35685],[0.66761,47.35684],[0.66657,47.35437],[0.6657,47.35327],[0.66539,47.35289],[0.67481,47.35059],[0.68921,47.36172],[0.6891,47.36353],[0.68576,47.36309]]]},"properties":{"code_territoire":"iris371220202","libelle_territoire":"Morier Rigny Nord"}},
{"type":"Feature","geometry":{"type":"Polygon","coordinates":[[[0.65734,47.35421],[0.66657,47.35437],[0.66761,47.35684],[0.67191,47.35685],[0.6734,47.36202],[0.66343,47.36205],[0.65734,47.35421]]]},"properties":{"code_territoire":"iris371220301","libelle_territoire":"Grange Marbellière"}},
{"type":"Feature","geometry":{"type":"Polygon","coordinates":[[[0.65564,47.3672],[0.64602,47.36034],[0.64517,47.34618],[0.64886,47.34673],[0.65734,47.35421],[0.66343,47.36205],[0.6734,47.36202],[0.67399,47.36304],[0.66443,47.36301],[0.65564,47.3672]]]},"properties":{"code_territoire":"iris371220401","libelle_territoire":"Sainterie Beaulieu Crouzillière"}},
{"type":"Feature","geometry":{"type":"Polygon","coordinates":[[[0.62235,47.34233],[0.64517,47.34618],[0.64602,47.36034],[0.65564,47.3672],[0.65284,47.36926],[0.66096,47.37093],[0.66046,47.37524],[0.64079,47.37328],[0.64315,47.36985],[0.64004,47.35336],[0.62994,47.34682],[0.62445,47.347],[0.62155,47.34476],[0.62235,47.34233]]]},"properties":{"code_territoire":"iris371220501","libelle_territoire":"Épan Lac"}},
{"type":"Feature","geometry":{"type":"Polygon","coordinates":[[[0.68921,47.36172],[0.67481,47.35059],[0.67452,47.35027],[0.67915,47.35094],[0.69884,47.35568],[0.69751,47.35979],[0.69343,47.35912],[0.68921,47.36172]]]},"properties":{"code_territoire":"iris371220601","libelle_territoire":"Alouette Grande Bruère"}},
{"type":"Feature","geometry":{"type":"Polygon","coordinates":[[[0.69884,47.35568],[0.67915,47.35094],[0.68741,47.34712],[0.69292,47.3516],[0.69696,47.35076],[0.6993,47.35417],[0.69884,47.35568]]]},"properties":{"code_territoire":"iris371220701","libelle_territoire":"Alouette Sud"}},
{"type":"Feature","geometry":{"type":"Polygon","coordinates":[[[0.68741,47.34712],[0.67915,47.35094],[0.67452,47.35027],[0.67013,47.34009],[0.67454,47.34075],[0.68741,47.34712]]]},"properties":{"code_territoire":"iris371220702","libelle_territoire":"Vallée Violette"}},
{"type":"Feature","geometry":{"type":"Polygon","coordinates":[[[0.65447,47.34097],[0.6641,47.3407],[0.66267,47.34385],[0.65846,47.34418],[0.64928,47.34147],[0.65447,47.34097]]]},"properties":{"code_territoire":"iris371220801","libelle_territoire":"Rabière Sud"}},
{"type":"Feature","geometry":{"type":"Polygon","coordinates":[[[0.65846,47.34418],[0.66267,47.34385],[0.66326,47.34879],[0.65837,47.34808],[0.65846,47.34418]]]},"properties":{"code_territoire":"iris371220802","libelle_territoire":"Rabière Nord"}},
{"type":"Feature","geometry":{"type":"Polygon","coordinates":[[[0.64886,47.34673],[0.64631,47.3445],[0.64928,47.34147],[0.65846,47.34418],[0.65837,47.34808],[0.65568,47.3477],[0.64886,47.34673]]]},"properties":{"code_territoire":"iris371220804","libelle_territoire":"Rabière Ouest"}},
{"type":"Feature","geometry":{"type":"Polygon","coordinates":[[[0.67454,47.34075],[0.67013,47.34009],[0.66509,47.33905],[0.6641,47.3407],[0.65447,47.34097],[0.63707,47.31827],[0.65101,47.31653],[0.64881,47.31072],[0.64258,47.3071],[0.64315,47.30365],[0.66422,47.29959],[0.67625,47.30629],[0.69118,47.31334],[0.68235,47.32987],[0.67653,47.33131],[0.67454,47.34075]]]},"properties":{"code_territoire":"iris371220901","libelle_territoire":"Sud-Est"}},
{"type":"Feature","geometry":{"type":"Polygon","coordinates":[[[0.64315,47.30365],[0.64258,47.3071],[0.64881,47.31072],[0.65101,47.31653],[0.63707,47.31827],[0.65447,47.34097],[0.64928,47.34147],[0.64631,47.3445],[0.64886,47.34673],[0.64517,47.34618],[0.62235,47.34233],[0.62344,47.33805],[0.62681,47.33814],[0.62695,47.32992],[0.61866,47.32486],[0.60946,47.31083],[0.61027,47.30541],[0.61519,47.30489],[0.63531,47.30174],[0.64315,47.30365]]]},"properties":{"code_territoire":"iris371220902","libelle_territoire":"Sud-Ouest"}},
{"type":"Feature","geometry":{"type":"Polygon","coordinates":[[[0.41803,47.36836],[0.41001,47.36995],[0.39471,47.36748],[0.39089,47.37331],[0.39415,47.37609],[0.3802,47.3803],[0.3728,47.39341],[0.36366,47.38572],[0.35122,47.38688],[0.34487,47.38329],[0.34091,47.38663],[0.32488,47.39017],[0.31359,47.3879],[0.30218,47.36963],[0.30198,47.359],[0.29465,47.35831],[0.28855,47.35059],[0.28425,47.34434],[0.29001,47.34448],[0.2876,47.33761],[0.29169,47.33054],[0.30306,47.32805],[0.30635,47.32821],[0.30937,47.337],[0.31448,47.3371],[0.31176,47.33865],[0.31454,47.34141],[0.32394,47.34476],[0.32916,47.34319],[0.33086,47.33752],[0.3415,47.33335],[0.34374,47.32442],[0.357,47.31736],[0.36802,47.30198],[0.39215,47.31448],[0.40564,47.31954],[0.44181,47.32304],[0.44236,47.32712],[0.43452,47.33374],[0.43687,47.33472],[0.43223,47.34444],[0.4202,47.34893],[0.41774,47.35585],[0.4199,47.35977],[0.41399,47.36195],[0.41803,47.36836]]]},"properties":{"code_territoire":"iris371230000","libelle_territoire":"Langeais (commune non irisée)"}},
{"type":"Feature","geometry":{"type":"Polygon","coordinates":[[[0.76566,47.37071],[0.76249,47.36974],[0.75772,47.35923],[0.76385,47.33878],[0.76631,47.33081],[0.77698,47.32428],[0.79156,47.32737],[0.78947,47.33845],[0.78307,47.34401],[0.79696,47.3723],[0.78868,47.37421],[0.78149,47.37734],[0.76769,47.37881],[0.76566,47.37071]]]},"properties":{"code_territoire":"iris371240000","libelle_territoire":"Larçay (commune non irisée)"}},
{"type":"Feature","geometry":{"type":"Polygon","coordinates":[[[0.35855,47.10771],[0.3634,47.11688],[0.35119,47.10923],[0.34251,47.10869],[0.3389,47.10903],[0.33599,47.1173],[0.31841,47.12057],[0.31367,47.11483],[0.30462,47.11375],[0.3069,47.0945],[0.30233,47.08554],[0.30352,47.07822],[0.30535,47.07432],[0.30555,47.07632],[0.31446,47.07816],[0.34676,47.08035],[0.34737,47.07706],[0.35135,47.07597],[0.34757,47.07032],[0.35945,47.06636],[0.36969,47.06783],[0.37521,47.07443],[0.36154,47.08148],[0.36343,47.09907],[0.35578,47.10295],[0.35855,47.10771]]]},"properties":{"code_territoire":"iris371250000","libelle_territoire":"Lémeré (commune non irisée)"}},
{"type":"Feature","geometry":{"type":"Polygon","coordinates":[[[0.07837,47.14642],[0.08206,47.1361],[0.07642,47.12385],[0.08121,47.11853],[0.0846,47.11833],[0.09016,47.12254],[0.10456,47.1208],[0.10699,47.12863],[0.11123,47.13036],[0.11105,47.12857],[0.12352,47.12849],[0.12706,47.11983],[0.14069,47.12466],[0.13793,47.13071],[0.14357,47.13117],[0.14014,47.14481],[0.14295,47.14532],[0.14302,47.15109],[0.12949,47.15145],[0.12406,47.15575],[0.12397,47.15978],[0.11768,47.15993],[0.1146,47.16276],[0.10588,47.15912],[0.10245,47.16159],[0.09677,47.15803],[0.09445,47.15009],[0.07837,47.14642]]]},"properties":{"code_territoire":"iris371260000","libelle_territoire":"Lerné (commune non irisée)"}},
{"type":"Feature","geometry":{"type":"Polygon","coordinates":[[[1.07306,47.22619],[1.09098,47.21624],[1.08949,47.2138],[1.11399,47.22013],[1.13182,47.21203],[1.14368,47.2197],[1.13329,47.2314],[1.12166,47.2374],[1.12055,47.24896],[1.11213,47.24806],[1.11232,47.25324],[1.10667,47.25087],[1.1105,47.24666],[1.07306,47.22619]]]},"properties":{"code_territoire":"iris371270000","libelle_territoire":"Le Liège (commune non irisée)"}},
{"type":"Feature","geometry":{"type":"Polygon","coordinates":[[[0.38608,47.28201],[0.39456,47.27979],[0.40773,47.28399],[0.42375,47.28407],[0.44592,47.29297],[0.44465,47.30002],[0.44775,47.30075],[0.4453,47.30375],[0.44852,47.30467],[0.44754,47.307],[0.4455,47.30994],[0.43919,47.30861],[0.43747,47.31056],[0.42897,47.3104],[0.42487,47.30586],[0.4162,47.30324],[0.40333,47.30267],[0.39778,47.29743],[0.382,47.29097],[0.38093,47.28708],[0.38608,47.28201]]]},"properties":{"code_territoire":"iris371280000","libelle_territoire":"Lignières-de-Touraine (commune non irisée)"}},
{"type":"Feature","geometry":{"type":"Polygon","coordinates":[[[0.24224,47.13217],[0.24583,47.1095],[0.23819,47.1013],[0.2355,47.09842],[0.24036,47.0964],[0.23523,47.0912],[0.24434,47.08636],[0.26311,47.0814],[0.28536,47.08397],[0.30352,47.07822],[0.30233,47.08554],[0.3069,47.0945],[0.30462,47.11375],[0.30141,47.12153],[0.29092,47.1213],[0.28686,47.12409],[0.29061,47.13627],[0.2555,47.14464],[0.24224,47.13217]]]},"properties":{"code_territoire":"iris371290000","libelle_territoire":"Ligré (commune non irisée)"}},
{"type":"Feature","geometry":{"type":"Polygon","coordinates":[[[0.86739,47.0264],[0.85729,47.03406],[0.84975,47.03616],[0.85804,47.04241],[0.85323,47.05411],[0.84874,47.05455],[0.84742,47.0637],[0.84245,47.06352],[0.83037,47.06934],[0.82579,47.06653],[0.79994,47.06323],[0.79571,47.05808],[0.77128,47.05834],[0.75466,47.05415],[0.74635,47.05303],[0.74754,47.04915],[0.74774,47.04595],[0.76316,47.04386],[0.77968,47.04472],[0.77957,47.03939],[0.78708,47.03417],[0.79818,47.03227],[0.79976,47.02497],[0.81075,47.02533],[0.80821,47.01498],[0.81219,47.01274],[0.81797,47.01497],[0.82136,47.01306],[0.8187,47.01049],[0.82411,47.01107],[0.82996,47.01625],[0.83641,47.0178],[0.8417,47.01643],[0.85224,47.0175],[0.85314,47.02052],[0.86739,47.0264]]]},"properties":{"code_territoire":"iris371300000","libelle_territoire":"Ligueil (commune non irisée)"}},
{"type":"Feature","geometry":{"type":"Polygon","coordinates":[[[1.03556,47.49011],[1.02544,47.48064],[1.02599,47.47681],[1.01848,47.46967],[1.0197,47.46558],[1.01108,47.46137],[1.00753,47.44681],[1.00438,47.44517],[1.00983,47.4428],[1.00557,47.43922],[1.01264,47.43037],[1.02906,47.43861],[1.06396,47.44842],[1.06073,47.45545],[1.04142,47.47058],[1.03749,47.48037],[1.03978,47.4834],[1.03556,47.49011]]]},"properties":{"code_territoire":"iris371310000","libelle_territoire":"Limeray (commune non irisée)"}},
{"type":"Feature","geometry":{"type":"Polygon","coordinates":[[[0.93462,47.08396],[0.94655,47.08875],[0.94857,47.08686],[0.95061,47.08856],[0.95848,47.08807],[0.95995,47.08614],[0.96847,47.08935],[0.96675,47.09256],[0.98664,47.10776],[1.01275,47.11594],[1.00713,47.13867],[1.01629,47.13938],[1.01627,47.14233],[1.02309,47.14625],[1.02026,47.14525],[1.0155,47.15057],[1.01676,47.15545],[1.01164,47.16066],[1.0063,47.15258],[0.99421,47.14728],[0.99041,47.14886],[0.98172,47.13976],[0.97424,47.14561],[0.96624,47.13836],[0.94097,47.12635],[0.93634,47.12041],[0.93254,47.12316],[0.92585,47.11833],[0.93718,47.1096],[0.94126,47.10053],[0.94301,47.09952],[0.93573,47.09021],[0.93462,47.08396]]]},"properties":{"code_territoire":"iris371320000","libelle_territoire":"Loches (commune non irisée)"}},
{"type":"Feature","geometry":{"type":"Polygon","coordinates":[[[1.18106,47.04104],[1.19454,47.02976],[1.20669,47.0284],[1.21305,47.03042],[1.21365,47.03438],[1.21872,47.03633],[1.22354,47.03521],[1.23444,47.04428],[1.24495,47.04912],[1.24419,47.05123],[1.24962,47.05493],[1.25334,47.05487],[1.25106,47.05731],[1.25353,47.06153],[1.26013,47.05944],[1.26543,47.07013],[1.26959,47.06965],[1.27363,47.0755],[1.28432,47.07757],[1.26949,47.09322],[1.25789,47.09969],[1.24583,47.11454],[1.23561,47.11978],[1.22836,47.11751],[1.22424,47.1201],[1.20676,47.11877],[1.19164,47.11446],[1.17421,47.12491],[1.1755,47.1315],[1.16859,47.13304],[1.15624,47.13149],[1.14565,47.12711],[1.13576,47.11154],[1.13782,47.10362],[1.13228,47.10086],[1.12982,47.09441],[1.13271,47.09112],[1.1242,47.08528],[1.15212,47.08364],[1.1736,47.06402],[1.17804,47.06429],[1.18174,47.06113],[1.18106,47.04104]]]},"properties":{"code_territoire":"iris371330000","libelle_territoire":"Loché-sur-Indrois (commune non irisée)"}},
{"type":"Feature","geometry":{"type":"Polygon","coordinates":[[[0.68982,47.17063],[0.68136,47.15853],[0.70922,47.16119],[0.72334,47.16718],[0.7268,47.16375],[0.73255,47.16294],[0.73582,47.16788],[0.74853,47.17008],[0.75224,47.16824],[0.75878,47.17054],[0.75738,47.17325],[0.76649,47.17368],[0.77907,47.17888],[0.79325,47.17734],[0.79683,47.17926],[0.79381,47.18362],[0.77668,47.18386],[0.77509,47.19757],[0.76999,47.2023],[0.75906,47.19708],[0.75124,47.20382],[0.73689,47.19768],[0.72084,47.1821],[0.68982,47.17063]]]},"properties":{"code_territoire":"iris371340000","libelle_territoire":"Louans (commune non irisée)"}},
{"type":"Feature","geometry":{"type":"Polygon","coordinates":[[[0.82837,47.1745],[0.82673,47.17693],[0.81684,47.17631],[0.81957,47.17935],[0.79381,47.18362],[0.79683,47.17926],[0.79325,47.17734],[0.77907,47.17888],[0.76649,47.17368],[0.75738,47.17325],[0.75878,47.17054],[0.75224,47.16824],[0.74853,47.17008],[0.73582,47.16788],[0.73255,47.16294],[0.7268,47.16375],[0.72334,47.16718],[0.70922,47.16119],[0.71179,47.15664],[0.70753,47.14468],[0.71033,47.13979],[0.71367,47.13095],[0.72239,47.13658],[0.73822,47.13466],[0.74074,47.13677],[0.75399,47.1331],[0.75688,47.13017],[0.77647,47.1414],[0.78131,47.13971],[0.78605,47.1426],[0.79424,47.14792],[0.79258,47.15244],[0.80168,47.16002],[0.82837,47.1745]]]},"properties":{"code_territoire":"iris371360000","libelle_territoire":"Le Louroux (commune non irisée)"}},
{"type":"Feature","geometry":{"type":"Polygon","coordinates":[[[0.28928,47.54719],[0.26232,47.5419],[0.2609,47.53967],[0.25661,47.54049],[0.25808,47.53825],[0.25227,47.53758],[0.24942,47.53139],[0.23146,47.53363],[0.22484,47.52728],[0.22365,47.52186],[0.21997,47.51973],[0.22208,47.51779],[0.22001,47.50189],[0.24037,47.51159],[0.24672,47.51036],[0.26181,47.51687],[0.26156,47.52025],[0.26636,47.5238],[0.27459,47.52476],[0.27218,47.52773],[0.279,47.52787],[0.28214,47.53141],[0.2885,47.53074],[0.29447,47.5377],[0.30213,47.5472],[0.28928,47.54719]]]},"properties":{"code_territoire":"iris371370000","libelle_territoire":"Lublé (commune non irisée)"}},
{"type":"Feature","geometry":{"type":"Polygon","coordinates":[[[0.94264,47.37926],[0.94917,47.39167],[0.93732,47.39977],[0.93412,47.4043],[0.89263,47.39805],[0.89846,47.37761],[0.94264,47.37926]]]},"properties":{"code_territoire":"iris371380000","libelle_territoire":"Lussault-sur-Loire (commune non irisée)"}},
{"type":"Feature","geometry":{"type":"Polygon","coordinates":[[[0.57694,47.3771],[0.57007,47.38894],[0.57409,47.39485],[0.58092,47.39659],[0.57577,47.40871],[0.57291,47.41219],[0.56922,47.41207],[0.55432,47.42819],[0.55394,47.43059],[0.56636,47.43471],[0.56448,47.43917],[0.56961,47.44265],[0.57042,47.44952],[0.56576,47.45205],[0.56518,47.45641],[0.56008,47.45792],[0.54792,47.45386],[0.54067,47.44938],[0.54229,47.44753],[0.53554,47.44678],[0.53289,47.43862],[0.52486,47.43279],[0.50644,47.43408],[0.50021,47.42861],[0.49187,47.42306],[0.50307,47.41552],[0.50782,47.40517],[0.51225,47.40239],[0.52542,47.40163],[0.52752,47.39804],[0.52523,47.39324],[0.52856,47.39119],[0.52746,47.3859],[0.53082,47.38015],[0.5375,47.37804],[0.52046,47.37088],[0.52203,47.36669],[0.56352,47.37425],[0.57694,47.3771]]]},"properties":{"code_territoire":"iris371390000","libelle_territoire":"Luynes (commune non irisée)"}},
{"type":"Feature","geometry":{"type":"Polygon","coordinates":[[[0.42943,47.01758],[0.43422,47.01428],[0.4355,47.00935],[0.43244,47.00774],[0.43751,47.00451],[0.43251,47.00229],[0.44881,46.99505],[0.45073,46.99107],[0.4558,46.98901],[0.46716,46.99707],[0.47008,46.99363],[0.4734,46.9942],[0.47562,47.00026],[0.48197,46.99763],[0.4849,47.003],[0.49143,47.0044],[0.49142,47.00982],[0.49938,47.01273],[0.5144,47.01715],[0.50365,47.01982],[0.50736,47.02485],[0.5141,47.02728],[0.509,47.03729],[0.5033,47.03527],[0.49172,47.0282],[0.48986,47.03087],[0.48605,47.03022],[0.48522,47.03544],[0.48047,47.03626],[0.46525,47.03302],[0.46015,47.03427],[0.45518,47.02967],[0.44775,47.02991],[0.43966,47.02576],[0.433,47.02927],[0.4348,47.02282],[0.42943,47.01758]]]},"properties":{"code_territoire":"iris371400000","libelle_territoire":"Luzé (commune non irisée)"}},
{"type":"Feature","geometry":{"type":"Polygon","coordinates":[[[1.11232,47.25324],[1.11191,47.25679],[1.10338,47.25862],[1.09536,47.28917],[1.08905,47.29397],[1.08496,47.29089],[1.08052,47.29303],[1.07919,47.29138],[1.07491,47.29664],[1.07671,47.29977],[1.05724,47.29961],[1.04982,47.30567],[1.04314,47.3034],[1.04505,47.30004],[1.04085,47.29968],[1.0419,47.29762],[1.03256,47.29213],[1.02668,47.29008],[1.01946,47.27006],[1.01156,47.26824],[1.02057,47.25329],[1.03138,47.24332],[1.05396,47.23595],[1.06545,47.22819],[1.07306,47.22619],[1.1105,47.24666],[1.10667,47.25087],[1.11232,47.25324]]]},"properties":{"code_territoire":"iris371410000","libelle_territoire":"Luzillé (commune non irisée)"}},
{"type":"Feature","geometry":{"type":"Polygon","coordinates":[[[0.60404,47.07434],[0.59215,47.07862],[0.58679,47.07366],[0.58768,47.06917],[0.55979,47.06177],[0.56726,47.04658],[0.56029,47.04177],[0.57235,47.02528],[0.58354,47.0272],[0.59437,47.03535],[0.59643,47.03296],[0.607,47.03268],[0.60351,47.0395],[0.60793,47.04109],[0.60744,47.04585],[0.61239,47.04707],[0.61076,47.05444],[0.6064,47.05375],[0.60628,47.05716],[0.60789,47.06058],[0.61516,47.0641],[0.61416,47.07012],[0.60404,47.07434]]]},"properties":{"code_territoire":"iris371420000","libelle_territoire":"Maillé (commune non irisée)"}},
{"type":"Feature","geometry":{"type":"Polygon","coordinates":[[[0.75688,47.13017],[0.76497,47.11551],[0.7842,47.11406],[0.79039,47.11726],[0.80682,47.10078],[0.8107,47.10292],[0.84766,47.12195],[0.86932,47.12141],[0.87753,47.12231],[0.88336,47.12675],[0.88062,47.13687],[0.87413,47.14012],[0.87298,47.13789],[0.86897,47.14461],[0.86105,47.14808],[0.85835,47.15975],[0.85356,47.16078],[0.85276,47.16464],[0.84639,47.16709],[0.83904,47.16258],[0.83069,47.16695],[0.82837,47.1745],[0.80168,47.16002],[0.79258,47.15244],[0.79424,47.14792],[0.78605,47.1426],[0.78131,47.13971],[0.77647,47.1414],[0.75688,47.13017]]]},"properties":{"code_territoire":"iris371430000","libelle_territoire":"Manthelan (commune non irisée)"}},
{"type":"Feature","geometry":{"type":"Polygon","coordinates":[[[0.24434,47.08636],[0.23523,47.0912],[0.24036,47.0964],[0.2355,47.09842],[0.23819,47.1013],[0.23211,47.10369],[0.22618,47.10224],[0.22166,47.10609],[0.18145,47.11613],[0.1815,47.11529],[0.18545,47.10939],[0.18567,47.10145],[0.20117,47.0913],[0.17468,47.07199],[0.17571,47.06074],[0.17967,47.05912],[0.18868,47.06043],[0.1923,47.06544],[0.20796,47.05332],[0.21393,47.05411],[0.23323,47.0642],[0.23516,47.06917],[0.23272,47.07324],[0.24434,47.08636]]]},"properties":{"code_territoire":"iris371440000","libelle_territoire":"Marçay (commune non irisée)"}},
{"type":"Feature","geometry":{"type":"Polygon","coordinates":[[[0.68338,47.02916],[0.68401,47.03439],[0.67708,47.04333],[0.67103,47.04752],[0.65432,47.05038],[0.64832,47.04632],[0.64816,47.04284],[0.63642,47.03772],[0.63393,47.02416],[0.65923,47.00989],[0.66322,47.01504],[0.67318,47.01285],[0.67243,47.01928],[0.67823,47.0219],[0.67725,47.02532],[0.68338,47.02916]]]},"properties":{"code_territoire":"iris371450000","libelle_territoire":"Marcé-sur-Esves (commune non irisée)"}},
{"type":"Feature","geometry":{"type":"Polygon","coordinates":[[[0.25661,47.54049],[0.24816,47.54502],[0.24263,47.55621],[0.22845,47.56392],[0.22868,47.56562],[0.23459,47.56325],[0.24093,47.57257],[0.23569,47.5758],[0.23801,47.57705],[0.23447,47.5784],[0.22574,47.57419],[0.21516,47.57318],[0.20635,47.561],[0.20908,47.55772],[0.20345,47.54722],[0.19953,47.54528],[0.19937,47.54098],[0.19305,47.53812],[0.20563,47.53463],[0.20282,47.52817],[0.21433,47.52376],[0.21745,47.52938],[0.22484,47.52728],[0.23146,47.53363],[0.24942,47.53139],[0.25227,47.53758],[0.25808,47.53825],[0.25661,47.54049]]]},"properties":{"code_territoire":"iris371460000","libelle_territoire":"Marcilly-sur-Maulne (commune non irisée)"}},
{"type":"Feature","geometry":{"type":"Polygon","coordinates":[[[0.52792,47.06936],[0.53288,47.06227],[0.52889,47.05969],[0.5224,47.06063],[0.51888,47.05862],[0.51614,47.04956],[0.50419,47.04052],[0.5033,47.03527],[0.509,47.03729],[0.5141,47.02728],[0.50736,47.02485],[0.50365,47.01982],[0.5144,47.01715],[0.51999,47.02418],[0.52777,47.02828],[0.52868,47.03175],[0.53802,47.03214],[0.54252,47.03618],[0.5469,47.0645],[0.54545,47.07355],[0.53792,47.07809],[0.52792,47.06936]]]},"properties":{"code_territoire":"iris371470000","libelle_territoire":"Marcilly-sur-Vienne (commune non irisée)"}},
{"type":"Feature","geometry":{"type":"Polygon","coordinates":[[[0.51565,46.97638],[0.5166,46.98763],[0.52509,46.98798],[0.53215,46.99638],[0.51559,47.00878],[0.49938,47.01273],[0.49142,47.00982],[0.49143,47.0044],[0.4849,47.003],[0.48197,46.99763],[0.47562,47.00026],[0.4734,46.9942],[0.47008,46.99363],[0.46716,46.99707],[0.4558,46.98901],[0.45044,46.97486],[0.44241,46.97298],[0.44413,46.96623],[0.43774,46.95262],[0.43002,46.94944],[0.44489,46.94127],[0.48821,46.95464],[0.50052,46.95641],[0.50523,46.96002],[0.50977,46.9693],[0.50782,46.97515],[0.51565,46.97638]]]},"properties":{"code_territoire":"iris371480000","libelle_territoire":"Marigny-Marmande (commune non irisée)"}},
{"type":"Feature","geometry":{"type":"Polygon","coordinates":[[[0.72884,47.60025],[0.73351,47.6026],[0.73712,47.61006],[0.74167,47.6169],[0.73826,47.61557],[0.73359,47.61713],[0.73205,47.62158],[0.72567,47.62108],[0.72396,47.62566],[0.72833,47.62943],[0.7298,47.63955],[0.73833,47.64369],[0.73514,47.64559],[0.73552,47.65049],[0.73152,47.64948],[0.72984,47.65505],[0.72275,47.64617],[0.71034,47.64991],[0.69512,47.64722],[0.67839,47.63969],[0.66663,47.63812],[0.67149,47.63225],[0.66145,47.62532],[0.66832,47.62315],[0.66672,47.61978],[0.67137,47.61159],[0.67619,47.6122],[0.68415,47.60693],[0.69119,47.60825],[0.69188,47.60359],[0.68391,47.59877],[0.69159,47.59664],[0.72884,47.60025]]]},"properties":{"code_territoire":"iris371490000","libelle_territoire":"Marray (commune non irisée)"}},
{"type":"Feature","geometry":{"type":"Polygon","coordinates":[[[0.46295,47.41242],[0.43731,47.41673],[0.41592,47.41363],[0.41276,47.41291],[0.41365,47.41009],[0.39667,47.40488],[0.36843,47.40776],[0.3728,47.39341],[0.3802,47.3803],[0.39415,47.37609],[0.39089,47.37331],[0.39471,47.36748],[0.41001,47.36995],[0.41803,47.36836],[0.41947,47.37155],[0.45384,47.37348],[0.45543,47.37144],[0.48792,47.37089],[0.48724,47.37966],[0.47901,47.38683],[0.48021,47.39885],[0.46295,47.41242]]]},"properties":{"code_territoire":"iris371500000","libelle_territoire":"Mazières-de-Touraine (commune non irisée)"}},
{"type":"Feature","geometry":{"type":"Polygon","coordinates":[[[0.63537,47.42702],[0.64146,47.43598],[0.64479,47.43509],[0.65212,47.4406],[0.65053,47.44223],[0.64485,47.43997],[0.64157,47.45062],[0.63224,47.44789],[0.62201,47.46341],[0.61155,47.45908],[0.61418,47.45646],[0.61127,47.45431],[0.6015,47.4522],[0.60383,47.44673],[0.60727,47.43808],[0.61986,47.43703],[0.63537,47.42702]]]},"properties":{"code_territoire":"iris371510000","libelle_territoire":"La Membrolle-sur-Choisille (commune non irisée)"}},
{"type":"Feature","geometry":{"type":"Polygon","coordinates":[[[0.68621,47.45224],[0.68109,47.45329],[0.67538,47.46203],[0.67262,47.46042],[0.66699,47.47094],[0.66251,47.4733],[0.66333,47.48183],[0.66045,47.47971],[0.66107,47.47411],[0.65168,47.46651],[0.65229,47.46337],[0.63173,47.45903],[0.62667,47.46524],[0.62201,47.46341],[0.63224,47.44789],[0.64157,47.45062],[0.64485,47.43997],[0.65053,47.44223],[0.65212,47.4406],[0.66383,47.44012],[0.67557,47.44604],[0.67501,47.43552],[0.67964,47.43799],[0.69102,47.43914],[0.68621,47.45224]]]},"properties":{"code_territoire":"iris371520000","libelle_territoire":"Mettray (commune non irisée)"}},
{"type":"Feature","geometry":{"type":"Polygon","coordinates":[[[0.79925,47.54585],[0.77776,47.54345],[0.7752,47.52877],[0.76741,47.52221],[0.76214,47.52142],[0.75395,47.50573],[0.74997,47.50722],[0.74493,47.50575],[0.74352,47.49842],[0.7338,47.49693],[0.73874,47.48882],[0.73616,47.48003],[0.74228,47.47953],[0.76247,47.47922],[0.75955,47.4741],[0.76106,47.4674],[0.76821,47.46515],[0.79399,47.46693],[0.80473,47.46957],[0.81229,47.46575],[0.8112,47.46344],[0.81905,47.46039],[0.82346,47.46958],[0.81942,47.4749],[0.82091,47.48733],[0.82448,47.50003],[0.83326,47.50067],[0.83007,47.50345],[0.83327,47.51377],[0.82684,47.51153],[0.82309,47.51626],[0.81026,47.51817],[0.80778,47.52085],[0.81096,47.52359],[0.80116,47.53184],[0.80418,47.53421],[0.7992,47.53501],[0.79598,47.53959],[0.79925,47.54585]]]},"properties":{"code_territoire":"iris371530000","libelle_territoire":"Monnaie (commune non irisée)"}},
{"type":"Feature","geometry":{"type":"Polygon","coordinates":[[[0.68043,47.2753],[0.69186,47.27427],[0.70202,47.27858],[0.70395,47.27444],[0.70834,47.27495],[0.71775,47.26944],[0.72296,47.28168],[0.72776,47.28524],[0.72229,47.286],[0.73094,47.29343],[0.72857,47.29467],[0.71878,47.29127],[0.71781,47.29445],[0.70255,47.29985],[0.69561,47.29495],[0.69152,47.28209],[0.68162,47.28362],[0.67844,47.27808],[0.68043,47.2753]]]},"properties":{"code_territoire":"iris371540000","libelle_territoire":"Montbazon (commune non irisée)"}},
{"type":"Feature","geometry":{"type":"Polygon","coordinates":[[[0.85268,47.61295],[0.85022,47.62461],[0.85921,47.62607],[0.86331,47.632],[0.85931,47.63765],[0.84849,47.64105],[0.84366,47.64548],[0.85349,47.66198],[0.86015,47.66537],[0.86215,47.6767],[0.85861,47.67839],[0.86212,47.68456],[0.86765,47.68635],[0.86707,47.69084],[0.83378,47.67707],[0.83392,47.67521],[0.82761,47.67411],[0.82335,47.66822],[0.81128,47.66539],[0.81001,47.66086],[0.80378,47.66113],[0.78918,47.65531],[0.7921,47.65279],[0.78527,47.65056],[0.78096,47.64353],[0.77556,47.64146],[0.77751,47.63908],[0.7743,47.63885],[0.7825,47.6154],[0.77929,47.61278],[0.78438,47.60961],[0.80582,47.61829],[0.82054,47.61338],[0.85268,47.61295]]]},"properties":{"code_territoire":"iris371550000","libelle_territoire":"Monthodon (commune non irisée)"}},
{"type":"Feature","geometry":{"type":"Polygon","coordinates":[[[0.83195,47.38589],[0.82388,47.38457],[0.82158,47.37847],[0.83478,47.37599],[0.83195,47.38589]]]},"properties":{"code_territoire":"iris371560101","libelle_territoire":"Coteaux"}},
{"type":"Feature","geometry":{"type":"Polygon","coordinates":[[[0.81954,47.39371],[0.81837,47.38754],[0.82386,47.38716],[0.80251,47.38118],[0.80837,47.37776],[0.82158,47.37847],[0.82388,47.38457],[0.83195,47.38589],[0.83241,47.38924],[0.85044,47.38832],[0.84748,47.39366],[0.83267,47.39272],[0.81954,47.39371]]]},"properties":{"code_territoire":"iris371560102","libelle_territoire":"Centre-Baillet-Bodet"}},
{"type":"Feature","geometry":{"type":"Polygon","coordinates":[[[0.83478,47.37599],[0.84409,47.37935],[0.84482,47.3868],[0.85037,47.38657],[0.85044,47.38832],[0.83241,47.38924],[0.83195,47.38589],[0.83478,47.37599]]]},"properties":{"code_territoire":"iris371560103","libelle_territoire":"Brossereaux-H.L.M. Croix Blanche"}},
{"type":"Feature","geometry":{"type":"Polygon","coordinates":[[[0.83496,47.36651],[0.84277,47.36776],[0.84409,47.37935],[0.83478,47.37599],[0.82158,47.37847],[0.80837,47.37776],[0.80251,47.38118],[0.82386,47.38716],[0.81837,47.38754],[0.81954,47.39371],[0.79931,47.4031],[0.79116,47.4046],[0.78924,47.3927],[0.79225,47.383],[0.78815,47.38068],[0.78868,47.37421],[0.79696,47.3723],[0.80877,47.37133],[0.81902,47.36736],[0.83496,47.36651]]]},"properties":{"code_territoire":"iris371560104","libelle_territoire":"Montlouis Sud et Ouest"}},
{"type":"Feature","geometry":{"type":"Polygon","coordinates":[[[0.86152,47.36131],[0.86752,47.37004],[0.87259,47.36955],[0.88214,47.37754],[0.89021,47.37582],[0.89846,47.37761],[0.89263,47.39805],[0.87044,47.39754],[0.84748,47.39366],[0.85044,47.38832],[0.85037,47.38657],[0.84482,47.3868],[0.84409,47.37935],[0.84277,47.36776],[0.83496,47.36651],[0.84667,47.36432],[0.86152,47.36131]]]},"properties":{"code_territoire":"iris371560105","libelle_territoire":"Cormier-Miltière-Husseau"}},
{"type":"Feature","geometry":{"type":"Polygon","coordinates":[[[1.19934,47.14823],[1.21171,47.14902],[1.2063,47.15725],[1.19333,47.15735],[1.19245,47.15467],[1.19979,47.15032],[1.19934,47.14823]]]},"properties":{"code_territoire":"iris371570000","libelle_territoire":"Montrésor (commune non irisée)"}},
{"type":"Feature","geometry":{"type":"Polygon","coordinates":[[[0.96592,47.51414],[0.95706,47.51501],[0.94081,47.50642],[0.91925,47.50132],[0.92032,47.49681],[0.91525,47.49283],[0.9219,47.48882],[0.91645,47.4859],[0.92005,47.482],[0.91545,47.473],[0.92772,47.46137],[0.93951,47.46123],[0.946,47.4555],[0.95398,47.45673],[0.95459,47.46209],[0.95695,47.46209],[0.97096,47.46677],[0.96572,47.47584],[0.97002,47.48167],[0.98459,47.48697],[0.98457,47.48955],[0.99354,47.49571],[0.99908,47.49583],[0.99381,47.50647],[0.97764,47.51407],[0.96592,47.51414]]]},"properties":{"code_territoire":"iris371580000","libelle_territoire":"Montreuil-en-Touraine (commune non irisée)"}},
{"type":"Feature","geometry":{"type":"Polygon","coordinates":[[[0.63774,47.24908],[0.64355,47.24569],[0.64488,47.24007],[0.6526,47.23838],[0.65646,47.2492],[0.65871,47.24878],[0.66147,47.25465],[0.67721,47.26598],[0.67625,47.27008],[0.68043,47.2753],[0.67844,47.27808],[0.68162,47.28362],[0.68172,47.28658],[0.6745,47.29122],[0.68123,47.29583],[0.67674,47.30093],[0.68146,47.30254],[0.67625,47.30629],[0.66422,47.29959],[0.64315,47.30365],[0.63531,47.30174],[0.61519,47.30489],[0.61506,47.29734],[0.61097,47.298],[0.60853,47.28959],[0.61354,47.28693],[0.6073,47.2845],[0.60408,47.27949],[0.60854,47.2741],[0.61087,47.27515],[0.60974,47.26963],[0.61542,47.26577],[0.62271,47.26548],[0.62325,47.26284],[0.62672,47.26333],[0.62707,47.25673],[0.63222,47.25366],[0.6338,47.24904],[0.63774,47.24908]]]},"properties":{"code_territoire":"iris371590000","libelle_territoire":"Monts (commune non irisée)"}},
{"type":"Feature","geometry":{"type":"Polygon","coordinates":[[[0.99703,47.58412],[0.99327,47.58401],[0.9949,47.58042],[0.97722,47.5783],[0.98194,47.57239],[0.97638,47.56705],[0.9887,47.55665],[0.98758,47.54642],[1.01409,47.54665],[1.01757,47.5323],[1.02461,47.53607],[1.0202,47.54045],[1.0198,47.54774],[1.03558,47.55444],[1.03609,47.55814],[1.03295,47.56579],[1.03382,47.57675],[1.01759,47.58326],[1.00476,47.58211],[1.00371,47.58457],[0.99703,47.58412]]]},"properties":{"code_territoire":"iris371600000","libelle_territoire":"Morand (commune non irisée)"}},
{"type":"Feature","geometry":{"type":"Polygon","coordinates":[[[1.08711,47.46182],[1.06396,47.44842],[1.07268,47.43551],[1.08245,47.42765],[1.0849,47.42969],[1.09363,47.42893],[1.10513,47.43169],[1.11365,47.42802],[1.13347,47.44898],[1.12491,47.45229],[1.11282,47.46611],[1.08711,47.46182]]]},"properties":{"code_territoire":"iris371610000","libelle_territoire":"Mosnes (commune non irisée)"}},
{"type":"Feature","geometry":{"type":"Polygon","coordinates":[[[0.88336,47.12675],[0.87753,47.12231],[0.86932,47.12141],[0.88041,47.11056],[0.87107,47.11131],[0.87478,47.10018],[0.86914,47.09812],[0.86976,47.08555],[0.87546,47.0765],[0.88351,47.07693],[0.88719,47.07054],[0.89346,47.0713],[0.89808,47.07488],[0.89922,47.08466],[0.90789,47.08295],[0.91296,47.09018],[0.92758,47.09098],[0.92804,47.09347],[0.94126,47.10053],[0.93718,47.1096],[0.92585,47.11833],[0.93254,47.12316],[0.9089,47.12627],[0.90358,47.13353],[0.89332,47.13482],[0.88336,47.12675]]]},"properties":{"code_territoire":"iris371620000","libelle_territoire":"Mouzay (commune non irisée)"}},
{"type":"Feature","geometry":{"type":"Polygon","coordinates":[[[0.98034,47.4226],[0.97735,47.4288],[0.98187,47.42963],[0.97787,47.43677],[0.98118,47.4376],[0.98002,47.43958],[0.96504,47.44768],[0.95601,47.4483],[0.95398,47.45673],[0.946,47.4555],[0.93951,47.46123],[0.92772,47.46137],[0.92155,47.45887],[0.91915,47.45389],[0.91584,47.45216],[0.91931,47.44295],[0.91709,47.4417],[0.91718,47.4319],[0.9227,47.42798],[0.92122,47.42449],[0.93412,47.4043],[0.96273,47.40868],[0.98111,47.41498],[0.97743,47.42283],[0.98034,47.4226]]]},"properties":{"code_territoire":"iris371630000","libelle_territoire":"Nazelles-Négron (commune non irisée)"}},
{"type":"Feature","geometry":{"type":"Polygon","coordinates":[[[0.49573,47.19746],[0.5145,47.19742],[0.51145,47.1906],[0.50911,47.1912],[0.49754,47.1828],[0.49949,47.18078],[0.49371,47.17047],[0.49873,47.16524],[0.49823,47.16192],[0.50427,47.16383],[0.5121,47.16254],[0.52073,47.16222],[0.52638,47.1584],[0.53519,47.16195],[0.5363,47.16736],[0.54346,47.16991],[0.54784,47.16804],[0.55238,47.17234],[0.55942,47.18944],[0.56364,47.2121],[0.55628,47.21316],[0.54648,47.20293],[0.53827,47.20167],[0.52674,47.20372],[0.51935,47.20074],[0.50859,47.20579],[0.50618,47.19969],[0.49721,47.19931],[0.49573,47.19746]]]},"properties":{"code_territoire":"iris371650000","libelle_territoire":"Neuil (commune non irisée)"}},
{"type":"Feature","geometry":{"type":"Polygon","coordinates":[[[0.9651,47.52829],[0.95402,47.5286],[0.95131,47.53048],[0.92893,47.52257],[0.91522,47.52513],[0.91044,47.51663],[0.90355,47.51979],[0.87133,47.52393],[0.86937,47.51411],[0.87451,47.51307],[0.87503,47.51026],[0.86759,47.50846],[0.87138,47.50536],[0.87933,47.50649],[0.8798,47.50181],[0.89002,47.50353],[0.90213,47.49532],[0.89762,47.49281],[0.90102,47.49154],[0.8976,47.48812],[0.91645,47.4859],[0.9219,47.48882],[0.91525,47.49283],[0.92032,47.49681],[0.91925,47.50132],[0.94081,47.50642],[0.95706,47.51501],[0.96592,47.51414],[0.96329,47.51855],[0.9651,47.52829]]]},"properties":{"code_territoire":"iris371660000","libelle_territoire":"Neuillé-le-Lierre (commune non irisée)"}},
{"type":"Feature","geometry":{"type":"Polygon","coordinates":[[[0.49571,47.55002],[0.49711,47.54785],[0.49298,47.54693],[0.49375,47.54515],[0.50234,47.53241],[0.50702,47.53386],[0.50808,47.52608],[0.5134,47.52163],[0.51058,47.51911],[0.53101,47.51337],[0.53889,47.52753],[0.5513,47.53713],[0.55725,47.53939],[0.57128,47.52721],[0.58056,47.53225],[0.59276,47.5335],[0.59444,47.53877],[0.5981,47.53916],[0.60486,47.53956],[0.60539,47.5424],[0.60947,47.54128],[0.61443,47.54967],[0.61085,47.56211],[0.60423,47.56641],[0.59269,47.56849],[0.58437,47.56244],[0.57921,47.56766],[0.5746,47.56654],[0.57285,47.57293],[0.56285,47.57811],[0.55506,47.57678],[0.54929,47.57916],[0.53387,47.57569],[0.52799,47.58006],[0.5257,47.57815],[0.51349,47.57738],[0.51759,47.57058],[0.50538,47.56225],[0.50396,47.55589],[0.50163,47.55616],[0.50296,47.55221],[0.49571,47.55002]]]},"properties":{"code_territoire":"iris371670000","libelle_territoire":"Neuillé-Pont-Pierre (commune non irisée)"}},
{"type":"Feature","geometry":{"type":"Polygon","coordinates":[[[0.78625,46.94366],[0.80396,46.93894],[0.81661,46.93938],[0.82079,46.94913],[0.81973,46.9536],[0.8103,46.95087],[0.79546,46.96278],[0.80298,46.96696],[0.80137,46.9703],[0.80427,46.97099],[0.79766,46.9734],[0.8007,46.97366],[0.79789,46.97998],[0.80586,46.9819],[0.80069,46.98985],[0.80223,46.99568],[0.78706,46.99998],[0.77345,46.99905],[0.75291,46.99198],[0.75096,46.98894],[0.74603,46.98873],[0.7475,46.98411],[0.74455,46.98251],[0.75231,46.97021],[0.76221,46.96303],[0.76376,46.95146],[0.78559,46.94914],[0.78625,46.94366]]]},"properties":{"code_territoire":"iris371680000","libelle_territoire":"Neuilly-le-Brignon (commune non irisée)"}},
{"type":"Feature","geometry":{"type":"Polygon","coordinates":[[[0.89902,47.60371],[0.90225,47.60272],[0.90363,47.59608],[0.90617,47.59523],[0.90793,47.59939],[0.91443,47.59782],[0.91893,47.60385],[0.92289,47.60379],[0.93176,47.61037],[0.93249,47.62023],[0.93736,47.62848],[0.91912,47.63271],[0.91534,47.62805],[0.91671,47.62568],[0.90373,47.61885],[0.90655,47.61752],[0.90488,47.6144],[0.90342,47.61628],[0.90223,47.61449],[0.89722,47.61529],[0.89217,47.61152],[0.89308,47.60923],[0.89903,47.60932],[0.89902,47.60371]]]},"properties":{"code_territoire":"iris371690000","libelle_territoire":"Neuville-sur-Brenne (commune non irisée)"}},
{"type":"Feature","geometry":{"type":"Polygon","coordinates":[[[0.53229,47.59851],[0.52867,47.59536],[0.53364,47.5918],[0.52514,47.58939],[0.52799,47.58006],[0.53387,47.57569],[0.54929,47.57916],[0.55506,47.57678],[0.56285,47.57811],[0.57285,47.57293],[0.5746,47.56654],[0.57921,47.56766],[0.58437,47.56244],[0.59269,47.56849],[0.60423,47.56641],[0.61691,47.57806],[0.62399,47.57681],[0.62744,47.58273],[0.63825,47.58829],[0.62357,47.6099],[0.62526,47.61499],[0.63244,47.61931],[0.63127,47.62231],[0.63885,47.62574],[0.63498,47.6333],[0.62137,47.63085],[0.62026,47.64223],[0.61601,47.64897],[0.61884,47.65125],[0.61249,47.65698],[0.60502,47.65366],[0.60247,47.6493],[0.5861,47.64706],[0.58647,47.63344],[0.55305,47.62241],[0.55828,47.61911],[0.55092,47.61335],[0.55541,47.61068],[0.55371,47.60223],[0.54221,47.60013],[0.54137,47.60403],[0.53229,47.59851]]]},"properties":{"code_territoire":"iris371700000","libelle_territoire":"Neuvy-le-Roi (commune non irisée)"}},
{"type":"Feature","geometry":{"type":"Polygon","coordinates":[[[0.91709,47.4417],[0.89457,47.43803],[0.86956,47.42757],[0.87024,47.42546],[0.86465,47.42186],[0.86623,47.41665],[0.86337,47.41618],[0.87044,47.39754],[0.89263,47.39805],[0.93412,47.4043],[0.92122,47.42449],[0.9227,47.42798],[0.91718,47.4319],[0.91709,47.4417]]]},"properties":{"code_territoire":"iris371710000","libelle_territoire":"Noizay (commune non irisée)"}},
{"type":"Feature","geometry":{"type":"Polygon","coordinates":[[[0.69102,47.43914],[0.69314,47.43558],[0.6991,47.43823],[0.71018,47.43887],[0.71851,47.44991],[0.72316,47.45029],[0.73271,47.46118],[0.72514,47.46178],[0.73338,47.47059],[0.72568,47.47367],[0.7156,47.46746],[0.70576,47.46991],[0.70062,47.45841],[0.68621,47.45224],[0.69102,47.43914]]]},"properties":{"code_territoire":"iris371720000","libelle_territoire":"Notre-Dame-d'Oé (commune non irisée)"}},
{"type":"Feature","geometry":{"type":"Polygon","coordinates":[[[1.29339,47.07243],[1.30185,47.07337],[1.30817,47.07027],[1.31215,47.07188],[1.31681,47.08502],[1.30958,47.09457],[1.31766,47.10418],[1.32138,47.10606],[1.32819,47.10513],[1.3323,47.09959],[1.34357,47.10059],[1.35555,47.10853],[1.36605,47.12291],[1.36344,47.12469],[1.36336,47.13567],[1.3513,47.15225],[1.34671,47.16876],[1.34113,47.17602],[1.32356,47.18776],[1.32202,47.19425],[1.31465,47.18395],[1.31322,47.18534],[1.29707,47.18075],[1.28109,47.16856],[1.27148,47.16584],[1.26483,47.16327],[1.26889,47.15991],[1.26611,47.15678],[1.26811,47.1412],[1.26395,47.14074],[1.2655,47.12456],[1.28641,47.11247],[1.27354,47.09326],[1.26949,47.09322],[1.28432,47.07757],[1.28964,47.07172],[1.29339,47.07243]]]},"properties":{"code_territoire":"iris371730000","libelle_territoire":"Nouans-les-Fontaines (commune non irisée)"}},
{"type":"Feature","geometry":{"type":"Polygon","coordinates":[[[0.59057,47.00666],[0.58023,47.0129],[0.58241,47.0142],[0.57521,47.01915],[0.57235,47.02528],[0.56029,47.04177],[0.56726,47.04658],[0.55979,47.06177],[0.55555,47.06498],[0.5469,47.0645],[0.54252,47.03618],[0.54608,47.02892],[0.56269,47.01646],[0.56758,47.00651],[0.57447,47.0047],[0.59057,47.00666]]]},"properties":{"code_territoire":"iris371740000","libelle_territoire":"Nouâtre (commune non irisée)"}},
{"type":"Feature","geometry":{"type":"Polygon","coordinates":[[[0.71285,47.55991],[0.71113,47.55402],[0.69478,47.54679],[0.68907,47.54006],[0.6885,47.53471],[0.68959,47.53068],[0.68564,47.52659],[0.69125,47.52598],[0.7071,47.51565],[0.71498,47.51745],[0.71125,47.51455],[0.70873,47.50541],[0.71919,47.50353],[0.71993,47.50006],[0.72725,47.4994],[0.72839,47.49652],[0.7338,47.49693],[0.74352,47.49842],[0.74493,47.50575],[0.74997,47.50722],[0.75395,47.50573],[0.76214,47.52142],[0.76741,47.52221],[0.7752,47.52877],[0.77776,47.54345],[0.79925,47.54585],[0.8069,47.55587],[0.80384,47.55755],[0.80582,47.55982],[0.77576,47.56466],[0.77276,47.55813],[0.7666,47.55653],[0.75768,47.57047],[0.75725,47.5791],[0.75062,47.57719],[0.7427,47.56825],[0.7284,47.55909],[0.72134,47.56089],[0.71285,47.55991]]]},"properties":{"code_territoire":"iris371750000","libelle_territoire":"Nouzilly (commune non irisée)"}},
{"type":"Feature","geometry":{"type":"Polygon","coordinates":[[[0.54104,47.1096],[0.55136,47.08549],[0.55765,47.08459],[0.55972,47.08085],[0.56621,47.0828],[0.56797,47.07984],[0.57956,47.07827],[0.58521,47.08279],[0.59216,47.08911],[0.58555,47.1007],[0.58603,47.11192],[0.5905,47.11536],[0.58808,47.11801],[0.58386,47.11779],[0.57942,47.12119],[0.55856,47.12609],[0.55297,47.11942],[0.54489,47.11597],[0.54104,47.1096]]]},"properties":{"code_territoire":"iris371760000","libelle_territoire":"Noyant-de-Touraine (commune non irisée)"}},
{"type":"Feature","geometry":{"type":"Polygon","coordinates":[[[1.32202,47.19425],[1.30376,47.21775],[1.29459,47.23735],[1.28,47.24801],[1.27652,47.25724],[1.26571,47.25591],[1.25915,47.26199],[1.26029,47.26448],[1.24211,47.27585],[1.23883,47.27377],[1.23864,47.26407],[1.23395,47.25831],[1.21216,47.24565],[1.20667,47.23707],[1.20704,47.23079],[1.20163,47.22919],[1.20425,47.22553],[1.20228,47.22253],[1.19359,47.21895],[1.18334,47.21866],[1.18557,47.21463],[1.19514,47.21569],[1.20396,47.20755],[1.20931,47.19692],[1.22583,47.19218],[1.22831,47.18398],[1.24416,47.17505],[1.27148,47.16584],[1.28109,47.16856],[1.29707,47.18075],[1.31322,47.18534],[1.31465,47.18395],[1.32202,47.19425]]]},"properties":{"code_territoire":"iris371770000","libelle_territoire":"Orbigny (commune non irisée)"}},
{"type":"Feature","geometry":{"type":"Polygon","coordinates":[[[0.39396,47.20135],[0.38395,47.18424],[0.38494,47.17669],[0.37889,47.17366],[0.37746,47.17535],[0.374,47.15685],[0.37808,47.15601],[0.37748,47.14927],[0.36892,47.14231],[0.36583,47.13583],[0.38298,47.13275],[0.40215,47.12349],[0.40431,47.12801],[0.42214,47.12461],[0.42276,47.13585],[0.4273,47.1378],[0.4323,47.13413],[0.43722,47.13657],[0.43157,47.14049],[0.44087,47.14947],[0.43716,47.14987],[0.43865,47.15397],[0.43351,47.15894],[0.43428,47.17556],[0.42796,47.19423],[0.43691,47.21539],[0.39691,47.20182],[0.39396,47.20135]]]},"properties":{"code_territoire":"iris371780000","libelle_territoire":"Panzoult (commune non irisée)"}},
{"type":"Feature","geometry":{"type":"Polygon","coordinates":[[[0.76821,47.46515],[0.76106,47.4674],[0.75955,47.4741],[0.76247,47.47922],[0.74228,47.47953],[0.74792,47.47374],[0.74617,47.46786],[0.74101,47.46735],[0.73338,47.47059],[0.72514,47.46178],[0.73271,47.46118],[0.72316,47.45029],[0.71851,47.44991],[0.71018,47.43887],[0.70952,47.43676],[0.73346,47.43106],[0.73373,47.4289],[0.7474,47.43031],[0.74875,47.43551],[0.75519,47.43409],[0.75736,47.44549],[0.76404,47.44511],[0.76527,47.44679],[0.76821,47.46515]]]},"properties":{"code_territoire":"iris371790000","libelle_territoire":"Parçay-Meslay (commune non irisée)"}},
{"type":"Feature","geometry":{"type":"Polygon","coordinates":[[[0.52006,47.07325],[0.5211,47.08058],[0.51426,47.08288],[0.51701,47.08474],[0.51089,47.08901],[0.49479,47.10145],[0.4918,47.11269],[0.48743,47.11519],[0.46678,47.11373],[0.45342,47.12042],[0.44472,47.11987],[0.45595,47.11299],[0.4515,47.10736],[0.45797,47.09948],[0.44949,47.09333],[0.44963,47.08379],[0.45237,47.07948],[0.45512,47.08197],[0.46397,47.07991],[0.47063,47.0747],[0.46857,47.0684],[0.47626,47.06599],[0.48731,47.06749],[0.48661,47.0694],[0.4953,47.07221],[0.50022,47.07703],[0.52006,47.07325]]]},"properties":{"code_territoire":"iris371800000","libelle_territoire":"Parçay-sur-Vienne (commune non irisée)"}},
{"type":"Feature","geometry":{"type":"Polygon","coordinates":[[[0.84718,46.94967],[0.84991,46.95802],[0.86133,46.96557],[0.85016,46.9742],[0.85502,46.97905],[0.8471,46.98465],[0.85142,46.99029],[0.84873,46.9939],[0.85484,47.00127],[0.85225,47.00212],[0.85556,47.00392],[0.8417,47.01643],[0.83641,47.0178],[0.82996,47.01625],[0.82411,47.01107],[0.8187,47.01049],[0.80474,47.00099],[0.78706,46.99998],[0.80223,46.99568],[0.80069,46.98985],[0.80586,46.9819],[0.79789,46.97998],[0.8007,46.97366],[0.79766,46.9734],[0.80427,46.97099],[0.80137,46.9703],[0.80298,46.96696],[0.79546,46.96278],[0.8103,46.95087],[0.81973,46.9536],[0.82079,46.94913],[0.84718,46.94967]]]},"properties":{"code_territoire":"iris371810000","libelle_territoire":"Paulmy (commune non irisée)"}},
{"type":"Feature","geometry":{"type":"Polygon","coordinates":[[[0.50021,47.42861],[0.50644,47.43408],[0.52486,47.43279],[0.53289,47.43862],[0.53554,47.44678],[0.54229,47.44753],[0.54067,47.44938],[0.54792,47.45386],[0.56008,47.45792],[0.56161,47.45988],[0.55627,47.46339],[0.53152,47.47577],[0.52174,47.47256],[0.50529,47.47175],[0.49452,47.46259],[0.49369,47.457],[0.48556,47.45507],[0.48679,47.45219],[0.4809,47.44667],[0.48905,47.43327],[0.4984,47.43321],[0.50021,47.42861]]]},"properties":{"code_territoire":"iris371820000","libelle_territoire":"Pernay (commune non irisée)"}},
{"type":"Feature","geometry":{"type":"Polygon","coordinates":[[[1.00414,47.05949],[0.9989,47.06259],[1.00082,47.06557],[1.00597,47.06433],[1.00942,47.0674],[1.00723,47.06825],[1.01673,47.07835],[1.01404,47.08112],[1.02234,47.08663],[1.02045,47.09196],[1.05001,47.10477],[1.05993,47.11208],[1.06774,47.10962],[1.06703,47.1234],[1.05635,47.1235],[1.05431,47.12683],[1.04567,47.12385],[1.03805,47.1262],[1.03162,47.11929],[1.02093,47.12245],[1.0188,47.11954],[1.0138,47.11897],[1.01275,47.11594],[0.98664,47.10776],[0.96675,47.09256],[0.96847,47.08935],[0.95995,47.08614],[0.96445,47.08224],[0.96264,47.0791],[0.96607,47.0804],[0.97341,47.07701],[0.97476,47.07383],[0.97741,47.0668],[0.97451,47.05963],[0.97684,47.0599],[0.97791,47.05548],[0.97549,47.04951],[0.9938,47.04974],[0.9952,47.05491],[1.00414,47.05949]]]},"properties":{"code_territoire":"iris371830000","libelle_territoire":"Perrusson (commune non irisée)"}},
{"type":"Feature","geometry":{"type":"Polygon","coordinates":[[[0.86428,46.91273],[0.86673,46.90409],[0.86315,46.89861],[0.86724,46.89632],[0.87302,46.89782],[0.89109,46.89176],[0.88536,46.88252],[0.89407,46.88176],[0.9028,46.87786],[0.92291,46.88295],[0.93347,46.88483],[0.94008,46.88362],[0.94166,46.89274],[0.94628,46.89392],[0.95558,46.90866],[0.95487,46.92001],[0.94934,46.9207],[0.95021,46.92386],[0.9538,46.92582],[0.95842,46.92467],[0.95008,46.94463],[0.93818,46.94544],[0.92618,46.94241],[0.92361,46.93923],[0.91859,46.94131],[0.91378,46.93647],[0.91388,46.93196],[0.90302,46.93295],[0.89981,46.92494],[0.90223,46.91926],[0.89598,46.92047],[0.87729,46.91695],[0.8689,46.91215],[0.86428,46.91273]]]},"properties":{"code_territoire":"iris371840000","libelle_territoire":"Le Petit-Pressigny (commune non irisée)"}},
{"type":"Feature","geometry":{"type":"Polygon","coordinates":[[[0.98034,47.4226],[0.9925,47.42527],[0.99002,47.42191],[0.99812,47.42353],[1.01074,47.42936],[1.01264,47.43037],[1.00557,47.43922],[1.00983,47.4428],[1.00438,47.44517],[1.00753,47.44681],[1.01108,47.46137],[0.99363,47.45578],[0.98876,47.45663],[0.98795,47.45953],[0.98582,47.45734],[0.97341,47.45543],[0.95695,47.46209],[0.95459,47.46209],[0.95398,47.45673],[0.95601,47.4483],[0.96504,47.44768],[0.98002,47.43958],[0.98118,47.4376],[0.97787,47.43677],[0.98187,47.42963],[0.97735,47.4288],[0.98034,47.4226]]]},"properties":{"code_territoire":"iris371850000","libelle_territoire":"Pocé-sur-Cisse (commune non irisée)"}},
{"type":"Feature","geometry":{"type":"Polygon","coordinates":[[[0.53892,47.27549],[0.5404,47.26872],[0.54597,47.26887],[0.54765,47.26406],[0.5684,47.26013],[0.57422,47.24407],[0.58042,47.24487],[0.58315,47.2496],[0.5894,47.24857],[0.58573,47.25164],[0.58679,47.25498],[0.57632,47.26112],[0.57874,47.26671],[0.5734,47.27661],[0.56356,47.27759],[0.56256,47.27545],[0.55242,47.27508],[0.54596,47.27817],[0.53892,47.27549]]]},"properties":{"code_territoire":"iris371860000","libelle_territoire":"Pont-de-Ruan (commune non irisée)"}},
{"type":"Feature","geometry":{"type":"Polygon","coordinates":[[[0.56758,47.00651],[0.56269,47.01646],[0.54608,47.02892],[0.54252,47.03618],[0.53802,47.03214],[0.52868,47.03175],[0.52777,47.02828],[0.51999,47.02418],[0.5144,47.01715],[0.49938,47.01273],[0.51559,47.00878],[0.53215,46.99638],[0.53693,47.00136],[0.54774,46.99897],[0.55955,47.0043],[0.56707,47.00263],[0.56758,47.00651]]]},"properties":{"code_territoire":"iris371870000","libelle_territoire":"Ports-sur-Vienne (commune non irisée)"}},
{"type":"Feature","geometry":{"type":"Polygon","coordinates":[[[0.58521,47.08279],[0.57956,47.07827],[0.56797,47.07984],[0.56621,47.0828],[0.55972,47.08085],[0.55765,47.08459],[0.55136,47.08549],[0.54104,47.1096],[0.53833,47.11237],[0.5238,47.10265],[0.51089,47.08901],[0.51701,47.08474],[0.51426,47.08288],[0.5211,47.08058],[0.52006,47.07325],[0.52792,47.06936],[0.53792,47.07809],[0.54545,47.07355],[0.5469,47.0645],[0.55555,47.06498],[0.55979,47.06177],[0.58768,47.06917],[0.58679,47.07366],[0.59215,47.07862],[0.58521,47.08279]]]},"properties":{"code_territoire":"iris371880000","libelle_territoire":"Pouzay (commune non irisée)"}},
{"type":"Feature","geometry":{"type":"Polygon","coordinates":[[[0.95239,46.87719],[0.94008,46.88362],[0.93347,46.88483],[0.92291,46.88295],[0.92551,46.86306],[0.91943,46.86258],[0.92087,46.85936],[0.91791,46.8563],[0.92679,46.85141],[0.92807,46.84767],[0.90842,46.83341],[0.91583,46.8278],[0.91371,46.816],[0.91666,46.8159],[0.93921,46.82145],[0.94564,46.83908],[0.9374,46.84445],[0.93262,46.85167],[0.94396,46.85906],[0.94003,46.85947],[0.95239,46.87719]]]},"properties":{"code_territoire":"iris371890000","libelle_territoire":"Preuilly-sur-Claise (commune non irisée)"}},
{"type":"Feature","geometry":{"type":"Polygon","coordinates":[[[0.56707,47.00263],[0.55955,47.0043],[0.54774,46.99897],[0.53693,47.00136],[0.53215,46.99638],[0.52509,46.98798],[0.5166,46.98763],[0.51565,46.97638],[0.52454,46.97887],[0.53074,46.98388],[0.55128,46.97735],[0.57394,46.98343],[0.57412,46.99527],[0.56707,47.00263]]]},"properties":{"code_territoire":"iris371900000","libelle_territoire":"Pussigny (commune non irisée)"}},
{"type":"Feature","geometry":{"type":"Polygon","coordinates":[[[0.43904,46.98165],[0.43658,46.99036],[0.43465,46.98856],[0.42266,46.99357],[0.41474,46.98759],[0.4126,46.9896],[0.40782,46.98677],[0.40258,46.98793],[0.38908,46.97871],[0.37598,46.98754],[0.36643,46.9908],[0.36067,46.98396],[0.3501,46.97987],[0.35076,46.97783],[0.37214,46.96336],[0.38171,46.96252],[0.38865,46.95335],[0.38674,46.9517],[0.3942,46.95021],[0.41408,46.97108],[0.4247,46.97046],[0.43904,46.98165]]]},"properties":{"code_territoire":"iris371910000","libelle_territoire":"Razines (commune non irisée)"}},
{"type":"Feature","geometry":{"type":"Polygon","coordinates":[[[0.96506,47.22085],[0.97025,47.22297],[0.96711,47.22737],[0.9639,47.22731],[0.96484,47.23153],[0.95757,47.24172],[0.95004,47.23722],[0.94277,47.24477],[0.93565,47.24278],[0.925,47.24848],[0.91018,47.24967],[0.89753,47.24437],[0.90518,47.23897],[0.90125,47.23458],[0.8951,47.23576],[0.90203,47.23117],[0.89834,47.23124],[0.88935,47.22511],[0.89874,47.2194],[0.89335,47.2163],[0.89617,47.21407],[0.88684,47.2093],[0.87675,47.21737],[0.86745,47.21086],[0.86813,47.20627],[0.87325,47.20758],[0.87732,47.20461],[0.86981,47.20039],[0.87901,47.19394],[0.88667,47.20207],[0.89795,47.19257],[0.90398,47.19654],[0.90711,47.19307],[0.92469,47.2098],[0.92614,47.21596],[0.92953,47.21484],[0.93365,47.22011],[0.94057,47.22119],[0.94132,47.22315],[0.95668,47.22309],[0.96506,47.22085]]]},"properties":{"code_territoire":"iris371920000","libelle_territoire":"Reignac-sur-Indre (commune non irisée)"}},
{"type":"Feature","geometry":{"type":"Polygon","coordinates":[[[0.19537,47.28866],[0.19883,47.2831],[0.19504,47.27697],[0.20207,47.26673],[0.19987,47.25912],[0.22234,47.26119],[0.23408,47.26455],[0.25639,47.26565],[0.26705,47.26972],[0.2593,47.27996],[0.25387,47.2946],[0.26108,47.3002],[0.26273,47.31277],[0.28158,47.3312],[0.26593,47.32313],[0.26025,47.32447],[0.25675,47.32242],[0.2531,47.32815],[0.24701,47.32397],[0.25162,47.31907],[0.22749,47.28816],[0.20636,47.29087],[0.19537,47.28866]]]},"properties":{"code_territoire":"iris371930000","libelle_territoire":"Restigné (commune non irisée)"}},
{"type":"Feature","geometry":{"type":"Polygon","coordinates":[[[0.91915,47.45389],[0.92155,47.45887],[0.92772,47.46137],[0.91545,47.473],[0.92005,47.482],[0.91645,47.4859],[0.8976,47.48812],[0.90102,47.49154],[0.89762,47.49281],[0.90213,47.49532],[0.89002,47.50353],[0.8798,47.50181],[0.87933,47.50649],[0.87138,47.50536],[0.86759,47.50846],[0.87503,47.51026],[0.87451,47.51307],[0.86937,47.51411],[0.84718,47.51727],[0.83595,47.51596],[0.83327,47.51377],[0.83007,47.50345],[0.83326,47.50067],[0.82448,47.50003],[0.82091,47.48733],[0.83158,47.48423],[0.84197,47.4847],[0.84607,47.46578],[0.86792,47.46809],[0.87537,47.46203],[0.88256,47.46069],[0.88628,47.46487],[0.89075,47.46478],[0.90194,47.46258],[0.90298,47.46021],[0.91915,47.45389]]]},"properties":{"code_territoire":"iris371940000","libelle_territoire":"Reugny (commune non irisée)"}},
{"type":"Feature","geometry":{"type":"Polygon","coordinates":[[[0.65781,47.39394],[0.65724,47.38843],[0.66267,47.38813],[0.66634,47.38992],[0.66776,47.39005],[0.66562,47.39394],[0.66418,47.39542],[0.65781,47.39394]]]},"properties":{"code_territoire":"iris371950101","libelle_territoire":"Sainte-Anne"}},
{"type":"Feature","geometry":{"type":"Polygon","coordinates":[[[0.64853,47.39174],[0.65448,47.38268],[0.66267,47.38813],[0.65724,47.38843],[0.65781,47.39394],[0.64853,47.39174]]]},"properties":{"code_territoire":"iris371950102","libelle_territoire":"Ronsard Pagnol"}},
{"type":"Feature","geometry":{"type":"Polygon","coordinates":[[[0.66634,47.38992],[0.66267,47.38813],[0.65448,47.38268],[0.66559,47.3792],[0.66632,47.38162],[0.66611,47.38437],[0.66634,47.38992]]]},"properties":{"code_territoire":"iris371950103","libelle_territoire":"Louis XI"}},
{"type":"Feature","geometry":{"type":"Polygon","coordinates":[[[0.66046,47.37524],[0.66125,47.37535],[0.66559,47.3792],[0.65448,47.38268],[0.64853,47.39174],[0.64796,47.39161],[0.6113,47.38487],[0.60592,47.38333],[0.6069,47.37007],[0.60964,47.36769],[0.6131,47.37152],[0.62085,47.3714],[0.62646,47.37385],[0.63115,47.3716],[0.63826,47.37477],[0.64079,47.37328],[0.66046,47.37524]]]},"properties":{"code_territoire":"iris371950104","libelle_territoire":"Les Varennes"}},
{"type":"Feature","geometry":{"type":"Polygon","coordinates":[[[0.30994,47.02803],[0.3052,47.02167],[0.30226,47.02261],[0.2986,47.01966],[0.30707,47.01108],[0.30382,47.00581],[0.30811,46.99996],[0.32089,47.0058],[0.31835,46.99829],[0.32348,46.99736],[0.32916,47.00057],[0.32189,47.0239],[0.32875,47.03065],[0.30994,47.02803]]]},"properties":{"code_territoire":"iris371960000","libelle_territoire":"Richelieu (commune non irisée)"}},
{"type":"Feature","geometry":{"type":"Polygon","coordinates":[[[0.32734,47.26334],[0.32384,47.26381],[0.32138,47.26964],[0.31457,47.27395],[0.29202,47.26356],[0.28089,47.26221],[0.27226,47.26213],[0.27377,47.25588],[0.27902,47.25686],[0.28054,47.25362],[0.28347,47.25395],[0.28339,47.24662],[0.27854,47.24208],[0.29026,47.23073],[0.28749,47.22806],[0.30328,47.23146],[0.30792,47.23696],[0.32403,47.23597],[0.33427,47.24641],[0.32758,47.25732],[0.33424,47.25937],[0.33333,47.26266],[0.32734,47.26334]]]},"properties":{"code_territoire":"iris371970000","libelle_territoire":"Rigny-Ussé (commune non irisée)"}},
{"type":"Feature","geometry":{"type":"Polygon","coordinates":[[[0.20544,47.42481],[0.21477,47.4292],[0.21579,47.42648],[0.23144,47.42463],[0.24254,47.4278],[0.24647,47.42545],[0.25124,47.42658],[0.25451,47.4358],[0.26244,47.44268],[0.26251,47.44878],[0.26892,47.45259],[0.24577,47.45638],[0.21267,47.46813],[0.19877,47.47655],[0.19494,47.47513],[0.19037,47.4612],[0.18112,47.45332],[0.18521,47.42633],[0.18765,47.42742],[0.20013,47.42325],[0.20544,47.42481]]]},"properties":{"code_territoire":"iris371980000","libelle_territoire":"Rillé (commune non irisée)"}},
{"type":"Feature","geometry":{"type":"Polygon","coordinates":[[[0.47514,47.05841],[0.48116,47.0504],[0.47649,47.04724],[0.48047,47.03626],[0.48522,47.03544],[0.48605,47.03022],[0.48986,47.03087],[0.49172,47.0282],[0.5033,47.03527],[0.50419,47.04052],[0.51614,47.04956],[0.51888,47.05862],[0.5224,47.06063],[0.52889,47.05969],[0.53288,47.06227],[0.52792,47.06936],[0.52006,47.07325],[0.50022,47.07703],[0.4953,47.07221],[0.48661,47.0694],[0.48731,47.06749],[0.47626,47.06599],[0.47353,47.06354],[0.47514,47.05841]]]},"properties":{"code_territoire":"iris371990000","libelle_territoire":"Rilly-sur-Vienne (commune non irisée)"}},
{"type":"Feature","geometry":{"type":"Polygon","coordinates":[[[0.3903,47.2739],[0.38016,47.2768],[0.37641,47.28406],[0.35915,47.28464],[0.33401,47.27089],[0.32734,47.26334],[0.33333,47.26266],[0.33424,47.25937],[0.32758,47.25732],[0.33427,47.24641],[0.35606,47.24754],[0.36868,47.23238],[0.35992,47.22081],[0.36779,47.21837],[0.36486,47.20368],[0.39396,47.20135],[0.39691,47.20182],[0.38799,47.20522],[0.38167,47.21423],[0.38303,47.21857],[0.3784,47.22414],[0.37035,47.24777],[0.37268,47.26285],[0.38423,47.26159],[0.38301,47.26988],[0.38964,47.2697],[0.3903,47.2739]]]},"properties":{"code_territoire":"iris372000000","libelle_territoire":"Rivarennes (commune non irisée)"}},
{"type":"Feature","geometry":{"type":"Polygon","coordinates":[[[0.29061,47.13627],[0.29012,47.1455],[0.28271,47.14672],[0.25687,47.15398],[0.25484,47.15101],[0.24885,47.15304],[0.24224,47.13217],[0.2555,47.14464],[0.29061,47.13627]]]},"properties":{"code_territoire":"iris372010000","libelle_territoire":"Rivière (commune non irisée)"}},
{"type":"Feature","geometry":{"type":"Polygon","coordinates":[[[0.19061,47.16697],[0.19384,47.15728],[0.19734,47.15612],[0.19327,47.14375],[0.18898,47.13775],[0.191,47.13183],[0.18061,47.12138],[0.18145,47.11613],[0.22166,47.10609],[0.22618,47.10224],[0.23211,47.10369],[0.23819,47.1013],[0.24583,47.1095],[0.24224,47.13217],[0.23971,47.13086],[0.2318,47.13649],[0.20934,47.14328],[0.21171,47.16012],[0.20636,47.16074],[0.20789,47.16365],[0.19061,47.16697]]]},"properties":{"code_territoire":"iris372020000","libelle_territoire":"La Roche-Clermault (commune non irisée)"}},
{"type":"Feature","geometry":{"type":"Polygon","coordinates":[[[0.73373,47.4289],[0.72828,47.41275],[0.72965,47.40061],[0.75985,47.40604],[0.78079,47.40829],[0.78175,47.41168],[0.77592,47.41345],[0.77364,47.4306],[0.76991,47.4311],[0.77589,47.43919],[0.79145,47.44408],[0.78662,47.4533],[0.79399,47.46693],[0.76821,47.46515],[0.76527,47.44679],[0.76404,47.44511],[0.75736,47.44549],[0.75519,47.43409],[0.74875,47.43551],[0.7474,47.43031],[0.73373,47.4289]]]},"properties":{"code_territoire":"iris372030000","libelle_territoire":"Rochecorbon (commune non irisée)"}},
{"type":"Feature","geometry":{"type":"Polygon","coordinates":[[[0.65433,47.50292],[0.65416,47.5067],[0.66362,47.50721],[0.66853,47.51074],[0.68446,47.51479],[0.6798,47.52019],[0.68564,47.52659],[0.68959,47.53068],[0.6885,47.53471],[0.67743,47.53041],[0.67137,47.53598],[0.6627,47.53879],[0.65969,47.54754],[0.6561,47.54717],[0.65355,47.55327],[0.6399,47.55074],[0.6232,47.55399],[0.61443,47.54967],[0.60947,47.54128],[0.60539,47.5424],[0.60486,47.53956],[0.5981,47.53916],[0.6056,47.52999],[0.61343,47.5301],[0.61646,47.53306],[0.62087,47.53243],[0.6201,47.53466],[0.6337,47.53708],[0.63649,47.53556],[0.63913,47.53217],[0.63423,47.52838],[0.63965,47.51374],[0.64515,47.51164],[0.64881,47.50201],[0.65433,47.50292]]]},"properties":{"code_territoire":"iris372040000","libelle_territoire":"Rouziers-de-Touraine (commune non irisée)"}},
{"type":"Feature","geometry":{"type":"Polygon","coordinates":[[[0.52678,47.27244],[0.52807,47.26623],[0.53198,47.26665],[0.53723,47.25903],[0.53411,47.25335],[0.50797,47.25276],[0.49823,47.25482],[0.49031,47.24508],[0.49132,47.24295],[0.49717,47.2422],[0.49753,47.23509],[0.51451,47.2311],[0.52107,47.20894],[0.52674,47.20372],[0.53827,47.20167],[0.54648,47.20293],[0.55628,47.21316],[0.56364,47.2121],[0.57422,47.24407],[0.5684,47.26013],[0.54765,47.26406],[0.54597,47.26887],[0.5404,47.26872],[0.53892,47.27549],[0.52678,47.27244]]]},"properties":{"code_territoire":"iris372050000","libelle_territoire":"Saché (commune non irisée)"}},
{"type":"Feature","geometry":{"type":"Polygon","coordinates":[[[0.61343,47.5301],[0.6145,47.52802],[0.60994,47.52402],[0.61312,47.52353],[0.61377,47.51895],[0.60727,47.51864],[0.59438,47.50844],[0.60611,47.49232],[0.62667,47.46524],[0.63173,47.45903],[0.65229,47.46337],[0.65168,47.46651],[0.66107,47.47411],[0.66045,47.47971],[0.66333,47.48183],[0.66304,47.48232],[0.6631,47.48815],[0.65395,47.4977],[0.65713,47.50284],[0.65433,47.50292],[0.64881,47.50201],[0.64515,47.51164],[0.63965,47.51374],[0.63423,47.52838],[0.63913,47.53217],[0.63649,47.53556],[0.6337,47.53708],[0.6201,47.53466],[0.62087,47.53243],[0.61646,47.53306],[0.61343,47.5301]]]},"properties":{"code_territoire":"iris372060000","libelle_territoire":"Saint-Antoine-du-Rocher (commune non irisée)"}},
{"type":"Feature","geometry":{"type":"Polygon","coordinates":[[[0.43174,47.61831],[0.42422,47.61791],[0.41786,47.62387],[0.40942,47.62692],[0.40862,47.63254],[0.40263,47.6345],[0.39597,47.64103],[0.38263,47.64342],[0.38089,47.63863],[0.36489,47.62655],[0.36469,47.62024],[0.37425,47.61229],[0.38349,47.61006],[0.39508,47.59458],[0.42061,47.60099],[0.43174,47.61831]]]},"properties":{"code_territoire":"iris372070000","libelle_territoire":"Saint-Aubin-le-Dépeint (commune non irisée)"}},
{"type":"Feature","geometry":{"type":"Polygon","coordinates":[[[0.71156,47.36165],[0.71469,47.3625],[0.71571,47.35904],[0.72176,47.35906],[0.72075,47.36152],[0.72603,47.36241],[0.72673,47.36629],[0.73295,47.36684],[0.73829,47.36694],[0.7396,47.36925],[0.7371,47.37653],[0.71526,47.37299],[0.71509,47.3693],[0.71369,47.36539],[0.71156,47.36165]]]},"properties":{"code_territoire":"iris372080101","libelle_territoire":"Centre-Le Lac-Grand Cour"}},
{"type":"Feature","geometry":{"type":"Polygon","coordinates":[[[0.71692,47.34865],[0.72176,47.35906],[0.71571,47.35904],[0.71469,47.3625],[0.71156,47.36165],[0.70377,47.3493],[0.7141,47.34718],[0.71692,47.34865]]]},"properties":{"code_territoire":"iris372080102","libelle_territoire":"Hôpital-La Mauberdière"}},
{"type":"Feature","geometry":{"type":"Polygon","coordinates":[[[0.72371,47.35123],[0.72704,47.35571],[0.73035,47.35952],[0.72673,47.36629],[0.72603,47.36241],[0.72075,47.36152],[0.72176,47.35906],[0.71692,47.34865],[0.72371,47.35123]]]},"properties":{"code_territoire":"iris372080103","libelle_territoire":"Les Cigognes-Les Grands Champs"}},
{"type":"Feature","geometry":{"type":"Polygon","coordinates":[[[0.74046,47.3503],[0.73377,47.35723],[0.74248,47.3592],[0.74128,47.3635],[0.73563,47.36187],[0.73295,47.36684],[0.72673,47.36629],[0.73035,47.35952],[0.72704,47.35571],[0.74046,47.3503]]]},"properties":{"code_territoire":"iris372080104","libelle_territoire":"La Camusière"}},
{"type":"Feature","geometry":{"type":"Polygon","coordinates":[[[0.74867,47.37463],[0.7396,47.36925],[0.73829,47.36694],[0.73295,47.36684],[0.73563,47.36187],[0.74128,47.3635],[0.74923,47.36442],[0.75181,47.3628],[0.75772,47.35923],[0.76249,47.36974],[0.75353,47.37473],[0.74867,47.37463]]]},"properties":{"code_territoire":"iris372080105","libelle_territoire":"Cangé-Aubinière"}},
{"type":"Feature","geometry":{"type":"Polygon","coordinates":[[[0.74128,47.3635],[0.74248,47.3592],[0.73377,47.35723],[0.74046,47.3503],[0.74829,47.35232],[0.75181,47.3628],[0.74923,47.36442],[0.74128,47.3635]]]},"properties":{"code_territoire":"iris372080106","libelle_territoire":"Les Onze Arpents-Les Champs de l'Ormeau"}},
{"type":"Feature","geometry":{"type":"Polygon","coordinates":[[[0.75772,47.35923],[0.75181,47.3628],[0.74829,47.35232],[0.74046,47.3503],[0.72704,47.35571],[0.72371,47.35123],[0.73881,47.33797],[0.74557,47.33724],[0.74629,47.33241],[0.75278,47.33483],[0.75009,47.3381],[0.75302,47.3391],[0.75482,47.33637],[0.76385,47.33878],[0.75772,47.35923]]]},"properties":{"code_territoire":"iris372080107","libelle_territoire":"Sud-Nouveau Bois Bellerie"}},
{"type":"Feature","geometry":{"type":"Polygon","coordinates":[[[0.36486,47.20368],[0.36779,47.21837],[0.35992,47.22081],[0.36868,47.23238],[0.35606,47.24754],[0.33427,47.24641],[0.32403,47.23597],[0.30792,47.23696],[0.30328,47.23146],[0.28749,47.22806],[0.28028,47.21926],[0.28349,47.21583],[0.27875,47.21213],[0.28234,47.21109],[0.27441,47.20924],[0.28121,47.20349],[0.27738,47.20135],[0.28453,47.18284],[0.29317,47.18149],[0.29762,47.17529],[0.30367,47.17001],[0.31255,47.17377],[0.31531,47.19455],[0.3597,47.19733],[0.36363,47.19878],[0.36486,47.20368]]]},"properties":{"code_territoire":"iris372100000","libelle_territoire":"Saint-Benoît-la-Forêt (commune non irisée)"}},
{"type":"Feature","geometry":{"type":"Polygon","coordinates":[[[0.77509,47.19757],[0.77666,47.20839],[0.79457,47.21208],[0.79768,47.21044],[0.80624,47.21431],[0.81061,47.21835],[0.8059,47.21944],[0.80628,47.22131],[0.81395,47.22784],[0.81357,47.23082],[0.83108,47.2382],[0.82641,47.24571],[0.83072,47.24932],[0.83462,47.26199],[0.81853,47.26018],[0.80403,47.25628],[0.80118,47.25327],[0.8054,47.25015],[0.79858,47.25202],[0.79475,47.25056],[0.76863,47.26154],[0.76898,47.25824],[0.76042,47.2567],[0.75747,47.25214],[0.74832,47.25629],[0.73237,47.25669],[0.72981,47.25491],[0.71988,47.2465],[0.72161,47.23353],[0.71457,47.2246],[0.7139,47.21626],[0.70119,47.19687],[0.69191,47.19176],[0.69662,47.18866],[0.6795,47.17758],[0.68558,47.17575],[0.68982,47.17063],[0.72084,47.1821],[0.73689,47.19768],[0.75124,47.20382],[0.75906,47.19708],[0.76999,47.2023],[0.77509,47.19757]]]},"properties":{"code_territoire":"iris372110000","libelle_territoire":"Saint-Branchs (commune non irisée)"}},
{"type":"Feature","geometry":{"type":"Polygon","coordinates":[[[0.70922,47.16119],[0.68136,47.15853],[0.68982,47.17063],[0.68558,47.17575],[0.6795,47.17758],[0.66466,47.18337],[0.66329,47.18128],[0.65991,47.1817],[0.65777,47.17792],[0.64626,47.15763],[0.64678,47.14448],[0.65387,47.14499],[0.66586,47.14159],[0.67055,47.14459],[0.67645,47.13897],[0.68065,47.14032],[0.68766,47.13445],[0.69553,47.13602],[0.69702,47.13839],[0.71033,47.13979],[0.70753,47.14468],[0.71179,47.15664],[0.70922,47.16119]]]},"properties":{"code_territoire":"iris372120000","libelle_territoire":"Sainte-Catherine-de-Fierbois (commune non irisée)"}},
{"type":"Feature","geometry":{"type":"Polygon","coordinates":[[[0.50123,47.60644],[0.50017,47.60811],[0.50817,47.60956],[0.50886,47.61202],[0.5043,47.61975],[0.5035,47.62962],[0.50835,47.63287],[0.49841,47.64463],[0.49662,47.64624],[0.47868,47.6434],[0.47611,47.64802],[0.46615,47.64421],[0.46401,47.64561],[0.45295,47.63374],[0.45701,47.62848],[0.45008,47.61938],[0.43174,47.61831],[0.42061,47.60099],[0.44226,47.60833],[0.44627,47.60401],[0.45633,47.60972],[0.4597,47.6064],[0.46316,47.6101],[0.46716,47.60729],[0.48394,47.60974],[0.50123,47.60644]]]},"properties":{"code_territoire":"iris372130000","libelle_territoire":"Saint-Christophe-sur-le-Nais (commune non irisée)"}},
{"type":"Feature","geometry":{"type":"Polygon","coordinates":[[[0.64366,47.40564],[0.65637,47.4094],[0.65264,47.41544],[0.65635,47.41775],[0.65485,47.42177],[0.66162,47.42068],[0.64496,47.43416],[0.64191,47.43225],[0.64146,47.43598],[0.63537,47.42702],[0.63039,47.42284],[0.63976,47.41844],[0.63688,47.40923],[0.64366,47.40564]]]},"properties":{"code_territoire":"iris372140101","libelle_territoire":"Ouest 1"}},
{"type":"Feature","geometry":{"type":"Polygon","coordinates":[[[0.65084,47.39721],[0.65609,47.39712],[0.65716,47.40126],[0.66171,47.39974],[0.6609,47.40258],[0.66829,47.4042],[0.6676,47.41017],[0.66721,47.41301],[0.66187,47.41239],[0.65894,47.41892],[0.65635,47.41775],[0.65264,47.41544],[0.65637,47.4094],[0.64366,47.40564],[0.65248,47.39892],[0.65084,47.39721]]]},"properties":{"code_territoire":"iris372140102","libelle_territoire":"Ouest 2"}},
{"type":"Feature","geometry":{"type":"Polygon","coordinates":[[[0.67928,47.40754],[0.67689,47.40843],[0.67622,47.40551],[0.66829,47.4042],[0.6609,47.40258],[0.66171,47.39974],[0.65716,47.40126],[0.65609,47.39712],[0.65084,47.39721],[0.64585,47.39636],[0.64796,47.39161],[0.64853,47.39174],[0.65781,47.39394],[0.66418,47.39542],[0.66381,47.39703],[0.67521,47.39965],[0.68041,47.4005],[0.67928,47.40754]]]},"properties":{"code_territoire":"iris372140103","libelle_territoire":"Historique"}},
{"type":"Feature","geometry":{"type":"Polygon","coordinates":[[[0.66829,47.4042],[0.67622,47.40551],[0.67689,47.40843],[0.67374,47.41059],[0.6676,47.41017],[0.66829,47.4042]]]},"properties":{"code_territoire":"iris372140104","libelle_territoire":"Collectif"}},
{"type":"Feature","geometry":{"type":"Polygon","coordinates":[[[0.67259,47.42807],[0.66753,47.42968],[0.66452,47.42493],[0.66541,47.41973],[0.66323,47.41962],[0.66721,47.41301],[0.6676,47.41017],[0.67374,47.41059],[0.67689,47.40843],[0.67928,47.40754],[0.67946,47.40974],[0.6765,47.41805],[0.67378,47.41943],[0.67259,47.42807]]]},"properties":{"code_territoire":"iris372140105","libelle_territoire":"de Gaulle-Ménardière"}},
{"type":"Feature","geometry":{"type":"Polygon","coordinates":[[[0.64146,47.43598],[0.64191,47.43225],[0.64496,47.43416],[0.66162,47.42068],[0.65485,47.42177],[0.65635,47.41775],[0.65894,47.41892],[0.66187,47.41239],[0.66721,47.41301],[0.66323,47.41962],[0.66541,47.41973],[0.66452,47.42493],[0.66753,47.42968],[0.67259,47.42807],[0.67301,47.4307],[0.67374,47.43271],[0.67501,47.43552],[0.67557,47.44604],[0.66383,47.44012],[0.65212,47.4406],[0.64479,47.43509],[0.64146,47.43598]]]},"properties":{"code_territoire":"iris372140106","libelle_territoire":"Économique"}},
{"type":"Feature","geometry":{"type":"Polygon","coordinates":[[[0.61257,47.18472],[0.56865,47.18937],[0.56749,47.19145],[0.55942,47.18944],[0.55238,47.17234],[0.54784,47.16804],[0.54346,47.16991],[0.5363,47.16736],[0.53519,47.16195],[0.52638,47.1584],[0.52073,47.16222],[0.5121,47.16254],[0.50443,47.15804],[0.50981,47.15487],[0.50358,47.15085],[0.50453,47.14531],[0.50649,47.14133],[0.50359,47.14129],[0.49696,47.1335],[0.53167,47.11919],[0.53833,47.11237],[0.54104,47.1096],[0.54489,47.11597],[0.55297,47.11942],[0.55856,47.12609],[0.57942,47.12119],[0.58386,47.11779],[0.58806,47.12329],[0.6043,47.13181],[0.62134,47.1375],[0.63435,47.13739],[0.64678,47.14448],[0.64626,47.15763],[0.65777,47.17792],[0.65119,47.17967],[0.65278,47.18198],[0.61257,47.18472]]]},"properties":{"code_territoire":"iris372160000","libelle_territoire":"Saint-Épain (commune non irisée)"}},
{"type":"Feature","geometry":{"type":"Polygon","coordinates":[[[0.52203,47.36669],[0.52046,47.37088],[0.5375,47.37804],[0.53082,47.38015],[0.52746,47.3859],[0.52856,47.39119],[0.52523,47.39324],[0.52752,47.39804],[0.52542,47.40163],[0.51225,47.40239],[0.50782,47.40517],[0.50307,47.41552],[0.49187,47.42306],[0.47695,47.42794],[0.4666,47.42291],[0.4636,47.41889],[0.4664,47.41199],[0.46295,47.41242],[0.48021,47.39885],[0.47901,47.38683],[0.48724,47.37966],[0.48792,47.37089],[0.49451,47.35868],[0.52203,47.36669]]]},"properties":{"code_territoire":"iris372170000","libelle_territoire":"Saint-Étienne-de-Chigny (commune non irisée)"}},
{"type":"Feature","geometry":{"type":"Polygon","coordinates":[[[1.03743,46.94206],[1.05971,46.95],[1.05789,46.95286],[1.06471,46.9556],[1.05963,46.97281],[1.04988,46.9806],[1.05629,46.98293],[1.05636,46.99653],[1.03327,47.00037],[1.02172,46.9994],[1.0028,46.9931],[0.99819,46.98943],[0.99937,46.97951],[0.99419,46.97413],[0.98246,46.9751],[0.97262,46.97875],[0.96694,46.9768],[0.96412,46.97849],[0.95504,46.9709],[0.95726,46.96479],[0.97186,46.96575],[0.98005,46.96621],[0.98699,46.95488],[0.99435,46.95305],[1.00467,46.95564],[1.01301,46.95041],[1.02537,46.95205],[1.02508,46.94969],[1.03206,46.94859],[1.03128,46.94215],[1.03743,46.94206]]]},"properties":{"code_territoire":"iris372180000","libelle_territoire":"Saint-Flovier (commune non irisée)"}},
{"type":"Feature","geometry":{"type":"Polygon","coordinates":[[[0.56352,47.37425],[0.56614,47.36515],[0.58761,47.36876],[0.59012,47.36489],[0.60292,47.36336],[0.60964,47.36769],[0.6069,47.37007],[0.60592,47.38333],[0.57694,47.3771],[0.56352,47.37425]]]},"properties":{"code_territoire":"iris372190000","libelle_territoire":"Saint-Genouph (commune non irisée)"}},
{"type":"Feature","geometry":{"type":"Polygon","coordinates":[[[0.10245,47.16159],[0.10588,47.15912],[0.1146,47.16276],[0.12205,47.16834],[0.12494,47.16581],[0.13429,47.17672],[0.14988,47.17019],[0.15787,47.17912],[0.13867,47.18166],[0.12495,47.18357],[0.12837,47.19075],[0.09534,47.20586],[0.09449,47.20089],[0.09945,47.19712],[0.081,47.18557],[0.07991,47.17938],[0.08174,47.1719],[0.09678,47.16758],[0.10245,47.16159]]]},"properties":{"code_territoire":"iris372200000","libelle_territoire":"Saint-Germain-sur-Vienne (commune non irisée)"}},
{"type":"Feature","geometry":{"type":"Polygon","coordinates":[[[1.1102,47.02925],[1.11547,47.02424],[1.13244,47.02767],[1.16142,47.03967],[1.18106,47.04104],[1.18174,47.06113],[1.17804,47.06429],[1.1736,47.06402],[1.15212,47.08364],[1.1242,47.08528],[1.12043,47.08576],[1.09077,47.07277],[1.08068,47.07151],[1.08404,47.06271],[1.10063,47.0527],[1.0968,47.04906],[1.09781,47.04158],[1.10529,47.04215],[1.1102,47.02925]]]},"properties":{"code_territoire":"iris372210000","libelle_territoire":"Saint-Hippolyte (commune non irisée)"}},
{"type":"Feature","geometry":{"type":"Polygon","coordinates":[[[1.06774,47.10962],[1.05993,47.11208],[1.05001,47.10477],[1.02045,47.09196],[1.02234,47.08663],[1.01404,47.08112],[1.01673,47.07835],[1.00723,47.06825],[1.00942,47.0674],[1.00597,47.06433],[1.00082,47.06557],[0.9989,47.06259],[1.00414,47.05949],[1.00608,47.05585],[1.02193,47.06596],[1.04034,47.06652],[1.04424,47.0717],[1.0497,47.07087],[1.05595,47.07448],[1.05407,47.07699],[1.05816,47.08233],[1.06026,47.07993],[1.07268,47.07884],[1.07235,47.07626],[1.07623,47.07528],[1.07317,47.07287],[1.07724,47.07066],[1.08068,47.07151],[1.09077,47.07277],[1.12043,47.08576],[1.09554,47.09127],[1.08366,47.09878],[1.07602,47.0968],[1.06521,47.10697],[1.06774,47.10962]]]},"properties":{"code_territoire":"iris372220000","libelle_territoire":"Saint-Jean-Saint-Germain (commune non irisée)"}},
{"type":"Feature","geometry":{"type":"Polygon","coordinates":[[[0.28005,47.50646],[0.28483,47.51153],[0.3157,47.51693],[0.31488,47.52276],[0.30589,47.52702],[0.30606,47.53298],[0.29447,47.5377],[0.2885,47.53074],[0.28214,47.53141],[0.279,47.52787],[0.27218,47.52773],[0.27459,47.52476],[0.26636,47.5238],[0.26156,47.52025],[0.26181,47.51687],[0.24672,47.51036],[0.24037,47.51159],[0.22001,47.50189],[0.2249,47.49763],[0.23109,47.50049],[0.23843,47.5005],[0.24266,47.4965],[0.23804,47.49325],[0.24574,47.48922],[0.25502,47.48918],[0.25172,47.49283],[0.25798,47.49217],[0.26439,47.49535],[0.27187,47.50698],[0.27662,47.50467],[0.28005,47.50646]]]},"properties":{"code_territoire":"iris372230000","libelle_territoire":"Saint-Laurent-de-Lin (commune non irisée)"}},
{"type":"Feature","geometry":{"type":"Polygon","coordinates":[[[0.80582,47.55982],[0.82113,47.56824],[0.81484,47.57325],[0.81301,47.5706],[0.80899,47.57109],[0.8148,47.5874],[0.80756,47.59367],[0.80011,47.59562],[0.80884,47.60999],[0.82054,47.61338],[0.80582,47.61829],[0.78438,47.60961],[0.7756,47.6046],[0.76988,47.59722],[0.76415,47.59884],[0.75935,47.59708],[0.75752,47.6017],[0.74843,47.60497],[0.75031,47.60834],[0.74133,47.61126],[0.73712,47.61006],[0.73351,47.6026],[0.72884,47.60025],[0.73103,47.59543],[0.71285,47.55991],[0.72134,47.56089],[0.7284,47.55909],[0.7427,47.56825],[0.75062,47.57719],[0.75725,47.5791],[0.75768,47.57047],[0.7666,47.55653],[0.77276,47.55813],[0.77576,47.56466],[0.80582,47.55982]]]},"properties":{"code_territoire":"iris372240000","libelle_territoire":"Saint-Laurent-en-Gâtines (commune non irisée)"}},
{"type":"Feature","geometry":{"type":"Polygon","coordinates":[[[0.94264,47.37926],[0.89846,47.37761],[0.89021,47.37582],[0.88214,47.37754],[0.87259,47.36955],[0.86752,47.37004],[0.86152,47.36131],[0.88525,47.3562],[0.87969,47.34841],[0.92127,47.34178],[0.93095,47.33799],[0.93918,47.35923],[0.95358,47.37021],[0.94584,47.37002],[0.95407,47.37484],[0.94024,47.37456],[0.94264,47.37926]]]},"properties":{"code_territoire":"iris372250000","libelle_territoire":"Saint-Martin-le-Beau (commune non irisée)"}},
{"type":"Feature","geometry":{"type":"Polygon","coordinates":[[[0.59215,47.07862],[0.60404,47.07434],[0.60465,47.07828],[0.61236,47.08095],[0.6116,47.08546],[0.61954,47.08361],[0.62442,47.08516],[0.63348,47.09249],[0.63631,47.09179],[0.64625,47.09681],[0.64858,47.10054],[0.65665,47.09603],[0.67075,47.10677],[0.68397,47.10929],[0.6825,47.11725],[0.70437,47.12415],[0.71367,47.13095],[0.71033,47.13979],[0.69702,47.13839],[0.69553,47.13602],[0.68766,47.13445],[0.68065,47.14032],[0.67645,47.13897],[0.67055,47.14459],[0.66586,47.14159],[0.65387,47.14499],[0.64678,47.14448],[0.63435,47.13739],[0.62134,47.1375],[0.6043,47.13181],[0.58806,47.12329],[0.58386,47.11779],[0.58808,47.11801],[0.5905,47.11536],[0.58603,47.11192],[0.58555,47.1007],[0.59216,47.08911],[0.58521,47.08279],[0.59215,47.07862]]]},"properties":{"code_territoire":"iris372260000","libelle_territoire":"Sainte-Maure-de-Touraine (commune non irisée)"}},
{"type":"Feature","geometry":{"type":"Polygon","coordinates":[[[0.08855,47.27538],[0.11053,47.27061],[0.12676,47.26306],[0.14243,47.26068],[0.15155,47.25495],[0.164,47.25555],[0.16491,47.26126],[0.15613,47.26393],[0.1598,47.26917],[0.15609,47.27802],[0.16094,47.29289],[0.15728,47.29935],[0.16412,47.31173],[0.16457,47.32018],[0.15189,47.33145],[0.14698,47.34554],[0.13798,47.33605],[0.11747,47.33231],[0.11843,47.32606],[0.11396,47.31829],[0.09939,47.30882],[0.09934,47.30326],[0.0955,47.30413],[0.0785,47.28374],[0.08932,47.28297],[0.08855,47.27538]]]},"properties":{"code_territoire":"iris372280000","libelle_territoire":"Saint-Nicolas-de-Bourgueil (commune non irisée)"}},
{"type":"Feature","geometry":{"type":"Polygon","coordinates":[[[1.06388,47.56636],[1.05945,47.57791],[1.03285,47.6081],[1.01851,47.6078],[1.01218,47.60377],[1.01221,47.59952],[1.00382,47.59],[1.00371,47.58457],[1.00476,47.58211],[1.01759,47.58326],[1.03382,47.57675],[1.03295,47.56579],[1.03609,47.55814],[1.05658,47.56218],[1.06388,47.56636]]]},"properties":{"code_territoire":"iris372290000","libelle_territoire":"Saint-Nicolas-des-Motets (commune non irisée)"}},
{"type":"Feature","geometry":{"type":"Polygon","coordinates":[[[0.99908,47.49583],[0.99354,47.49571],[0.98457,47.48955],[0.98459,47.48697],[0.97002,47.48167],[0.96572,47.47584],[0.97096,47.46677],[0.95695,47.46209],[0.97341,47.45543],[0.98582,47.45734],[0.98795,47.45953],[0.98876,47.45663],[0.99363,47.45578],[1.01108,47.46137],[1.0197,47.46558],[1.01848,47.46967],[1.02599,47.47681],[1.02544,47.48064],[1.03556,47.49011],[1.04087,47.49478],[1.03724,47.50846],[1.01948,47.5015],[1.00431,47.50038],[0.99908,47.49583]]]},"properties":{"code_territoire":"iris372300000","libelle_territoire":"Saint-Ouen-les-Vignes (commune non irisée)"}},
{"type":"Feature","geometry":{"type":"Polygon","coordinates":[[[0.52799,47.58006],[0.52514,47.58939],[0.53364,47.5918],[0.52867,47.59536],[0.53229,47.59851],[0.52451,47.605],[0.51887,47.60238],[0.50123,47.60644],[0.48394,47.60974],[0.46716,47.60729],[0.46316,47.6101],[0.4597,47.6064],[0.45633,47.60972],[0.44627,47.60401],[0.44226,47.60833],[0.42061,47.60099],[0.39508,47.59458],[0.39588,47.58677],[0.40245,47.57849],[0.40574,47.57885],[0.41202,47.57309],[0.43394,47.56431],[0.43956,47.55461],[0.43776,47.55222],[0.45056,47.54832],[0.46107,47.55121],[0.47191,47.5503],[0.477,47.55393],[0.48393,47.54869],[0.49289,47.54819],[0.49571,47.55002],[0.50296,47.55221],[0.50163,47.55616],[0.50396,47.55589],[0.50538,47.56225],[0.51759,47.57058],[0.51349,47.57738],[0.5257,47.57815],[0.52799,47.58006]]]},"properties":{"code_territoire":"iris372310000","libelle_territoire":"Saint-Paterne-Racan (commune non irisée)"}},
{"type":"Feature","geometry":{"type":"Polygon","coordinates":[[[0.28089,47.26221],[0.29202,47.26356],[0.31457,47.27395],[0.34354,47.29471],[0.36802,47.30198],[0.357,47.31736],[0.34374,47.32442],[0.3415,47.33335],[0.33086,47.33752],[0.32916,47.34319],[0.32394,47.34476],[0.31454,47.34141],[0.31176,47.33865],[0.31448,47.3371],[0.30937,47.337],[0.30635,47.32821],[0.30306,47.32805],[0.29169,47.33054],[0.2876,47.33761],[0.29001,47.34448],[0.28425,47.34434],[0.28632,47.33939],[0.28158,47.3312],[0.26273,47.31277],[0.26108,47.3002],[0.25387,47.2946],[0.2593,47.27996],[0.26705,47.26972],[0.28007,47.27182],[0.28334,47.26639],[0.28089,47.26221]]]},"properties":{"code_territoire":"iris372320000","libelle_territoire":"Coteaux-sur-Loire (commune non irisée)"}},
{"type":"Feature","geometry":{"type":"Polygon","coordinates":[[[0.71038,47.38498],[0.71489,47.38617],[0.71614,47.39259],[0.71623,47.39678],[0.70552,47.39707],[0.70498,47.39514],[0.70782,47.3893],[0.71038,47.38498]]]},"properties":{"code_territoire":"iris372330101","libelle_territoire":"Ouest"}},
{"type":"Feature","geometry":{"type":"MultiPolygon","coordinates":[[[[0.72143,47.39185],[0.72541,47.39207],[0.72545,47.39373],[0.72138,47.39358],[0.72143,47.39185]]],[[[0.71614,47.39259],[0.71789,47.39194],[0.71672,47.39419],[0.72142,47.39379],[0.72635,47.39513],[0.72757,47.3965],[0.71623,47.39678],[0.71614,47.39259]]]]},"properties":{"code_territoire":"iris372330102","libelle_territoire":"Bords de Loire Grand Mail"}},
{"type":"Feature","geometry":{"type":"Polygon","coordinates":[[[0.72142,47.39379],[0.71672,47.39419],[0.71789,47.39194],[0.72143,47.39185],[0.72138,47.39358],[0.72142,47.39379]]]},"properties":{"code_territoire":"iris372330103","libelle_territoire":"Allées"}},
{"type":"Feature","geometry":{"type":"Polygon","coordinates":[[[0.72138,47.39358],[0.72545,47.39373],[0.72541,47.39207],[0.72941,47.39282],[0.72635,47.39513],[0.72142,47.39379],[0.72138,47.39358]]]},"properties":{"code_territoire":"iris372330104","libelle_territoire":"Aubrière Jean Jaurès"}},
{"type":"Feature","geometry":{"type":"Polygon","coordinates":[[[0.70126,47.39931],[0.70552,47.39707],[0.71623,47.39678],[0.72757,47.3965],[0.72635,47.39513],[0.72941,47.39282],[0.72541,47.39207],[0.73218,47.38068],[0.72662,47.38016],[0.72897,47.37653],[0.73634,47.38004],[0.7371,47.37653],[0.7396,47.36925],[0.74867,47.37463],[0.74088,47.37805],[0.7446,47.38113],[0.7367,47.38119],[0.74646,47.38394],[0.7426,47.3909],[0.73368,47.39007],[0.73243,47.39352],[0.73399,47.3961],[0.73833,47.39515],[0.73802,47.39974],[0.76012,47.40389],[0.75985,47.40604],[0.72965,47.40061],[0.70126,47.39931]]]},"properties":{"code_territoire":"iris372330105","libelle_territoire":"Cheval Blanc"}},
{"type":"Feature","geometry":{"type":"Polygon","coordinates":[[[0.76012,47.40389],[0.73802,47.39974],[0.73833,47.39515],[0.73399,47.3961],[0.73243,47.39352],[0.73368,47.39007],[0.7426,47.3909],[0.74646,47.38394],[0.7367,47.38119],[0.7446,47.38113],[0.74088,47.37805],[0.74867,47.37463],[0.75353,47.37473],[0.76249,47.36974],[0.76566,47.37071],[0.75559,47.39827],[0.76012,47.40389]]]},"properties":{"code_territoire":"iris372330106","libelle_territoire":"Est"}},
{"type":"Feature","geometry":{"type":"Polygon","coordinates":[[[0.72662,47.38016],[0.73218,47.38068],[0.72541,47.39207],[0.72143,47.39185],[0.71789,47.39194],[0.71614,47.39259],[0.71489,47.38617],[0.71038,47.38498],[0.71236,47.38159],[0.71242,47.38149],[0.7151,47.37728],[0.72662,47.38016]]]},"properties":{"code_territoire":"iris372330107","libelle_territoire":"Centre"}},
{"type":"Feature","geometry":{"type":"Polygon","coordinates":[[[1.00307,47.18437],[1.01742,47.18298],[1.01619,47.1778],[1.03578,47.16829],[1.05153,47.17961],[1.04572,47.1802],[1.05497,47.19212],[1.06101,47.19172],[1.05355,47.19581],[1.05164,47.20168],[1.05494,47.20354],[1.05778,47.2015],[1.0617,47.2025],[1.06513,47.19679],[1.07447,47.20644],[1.07456,47.2138],[1.0663,47.21767],[1.07175,47.21913],[1.06414,47.22405],[1.06545,47.22819],[1.05396,47.23595],[1.03138,47.24332],[1.02057,47.25329],[1.01103,47.24574],[1.02792,47.22675],[1.0106,47.21727],[1.01205,47.21199],[1.00787,47.21081],[1.01216,47.20592],[1.00433,47.19935],[1.00937,47.19996],[1.00899,47.19647],[1.0118,47.19566],[1.00307,47.18437]]]},"properties":{"code_territoire":"iris372340000","libelle_territoire":"Saint-Quentin-sur-Indrois (commune non irisée)"}},
{"type":"Feature","geometry":{"type":"Polygon","coordinates":[[[1.03032,47.4167],[1.03144,47.4127],[1.0004,47.41127],[1.0072,47.40498],[1.01169,47.40725],[1.02037,47.40511],[1.02171,47.40666],[1.02989,47.40224],[1.03787,47.40377],[1.05498,47.39816],[1.05935,47.40279],[1.05814,47.40698],[1.06101,47.40673],[1.06366,47.41874],[1.06007,47.42215],[1.05127,47.42052],[1.03032,47.4167]]]},"properties":{"code_territoire":"iris372360000","libelle_territoire":"Saint-Règle (commune non irisée)"}},
{"type":"Feature","geometry":{"type":"Polygon","coordinates":[[[0.58235,47.4482],[0.56797,47.46547],[0.55627,47.46339],[0.56161,47.45988],[0.56008,47.45792],[0.56518,47.45641],[0.56576,47.45205],[0.57042,47.44952],[0.56961,47.44265],[0.56448,47.43917],[0.56636,47.43471],[0.56711,47.43163],[0.57564,47.42851],[0.58143,47.43092],[0.59293,47.42982],[0.58235,47.4482]]]},"properties":{"code_territoire":"iris372370000","libelle_territoire":"Saint-Roch (commune non irisée)"}},
{"type":"Feature","geometry":{"type":"Polygon","coordinates":[[[0.70378,46.90942],[0.71916,46.91307],[0.72365,46.90649],[0.73564,46.90956],[0.73403,46.9147],[0.74757,46.91508],[0.75458,46.91077],[0.76035,46.9142],[0.76715,46.92045],[0.76898,46.93009],[0.75881,46.93101],[0.75868,46.93422],[0.77412,46.94499],[0.78625,46.94366],[0.78559,46.94914],[0.76376,46.95146],[0.76221,46.96303],[0.75231,46.97021],[0.72471,46.97151],[0.71356,46.96858],[0.70409,46.97034],[0.70749,46.96361],[0.70168,46.96462],[0.69502,46.96245],[0.70624,46.93707],[0.70306,46.92685],[0.709,46.91718],[0.70378,46.90942]]]},"properties":{"code_territoire":"iris370010000","libelle_territoire":"Abilly (commune non irisée)"}},
{"type":"Feature","geometry":{"type":"Polygon","coordinates":[[[0.50021,47.42861],[0.4984,47.43321],[0.48905,47.43327],[0.4809,47.44667],[0.48679,47.45219],[0.48556,47.45507],[0.49369,47.457],[0.49452,47.46259],[0.50529,47.47175],[0.49863,47.47764],[0.44766,47.4858],[0.43868,47.48855],[0.43596,47.49305],[0.42998,47.48947],[0.4207,47.49408],[0.41317,47.4936],[0.40958,47.49594],[0.40666,47.49386],[0.41245,47.48822],[0.40393,47.45488],[0.40892,47.44836],[0.40673,47.44063],[0.39731,47.43443],[0.39945,47.42484],[0.41108,47.41988],[0.41592,47.41363],[0.43731,47.41673],[0.46295,47.41242],[0.4664,47.41199],[0.4636,47.41889],[0.4666,47.42291],[0.47695,47.42794],[0.49187,47.42306],[0.50021,47.42861]]]},"properties":{"code_territoire":"iris370020000","libelle_territoire":"Ambillou (commune non irisée)"}},
{"type":"Feature","geometry":{"type":"Polygon","coordinates":[[[0.93732,47.39977],[0.97916,47.41177],[0.9828,47.4129],[0.98275,47.41057],[0.99055,47.40742],[1.00261,47.40501],[1.01817,47.40293],[1.02037,47.40511],[1.01169,47.40725],[1.0072,47.40498],[1.0004,47.41127],[1.03144,47.4127],[1.03032,47.4167],[1.02106,47.4168],[1.01074,47.42936],[0.99812,47.42353],[0.99002,47.42191],[0.9925,47.42527],[0.98034,47.4226],[0.97743,47.42283],[0.98111,47.41498],[0.96273,47.40868],[0.93412,47.4043],[0.93732,47.39977]]]},"properties":{"code_territoire":"iris370030101","libelle_territoire":"Nord-Nord-Est"}},
{"type":"Feature","geometry":{"type":"Polygon","coordinates":[[[0.97757,47.40572],[0.985,47.4067],[0.98881,47.40267],[0.99412,47.40352],[1.00261,47.40501],[0.99055,47.40742],[0.98275,47.41057],[0.9828,47.4129],[0.97916,47.41177],[0.97757,47.40572]]]},"properties":{"code_territoire":"iris370030102","libelle_territoire":"Centre 1"}},
{"type":"Feature","geometry":{"type":"Polygon","coordinates":[[[1.02037,47.40511],[1.01817,47.40293],[1.00261,47.40501],[0.99412,47.40352],[0.99779,47.39428],[1.00425,47.393],[1.01756,47.38128],[1.01563,47.37366],[1.01811,47.36853],[1.0247,47.36423],[1.0315,47.36804],[1.03647,47.36486],[1.05076,47.36919],[1.05602,47.36646],[1.05884,47.37283],[1.06371,47.38384],[1.05871,47.38447],[1.06076,47.38655],[1.05604,47.39127],[1.05498,47.39816],[1.03787,47.40377],[1.02989,47.40224],[1.02171,47.40666],[1.02037,47.40511]]]},"properties":{"code_territoire":"iris370030103","libelle_territoire":"Est-Sud Est"}},
{"type":"Feature","geometry":{"type":"Polygon","coordinates":[[[0.99779,47.39428],[0.99412,47.40352],[0.98881,47.40267],[0.985,47.4067],[0.97757,47.40572],[0.97687,47.40106],[0.98096,47.40186],[0.98131,47.40034],[0.97941,47.39183],[0.99779,47.39428]]]},"properties":{"code_territoire":"iris370030104","libelle_territoire":"Centre 2"}},
{"type":"Feature","geometry":{"type":"Polygon","coordinates":[[[0.95358,47.37021],[0.95746,47.37491],[0.96365,47.37505],[0.97143,47.37144],[0.98083,47.37238],[0.98512,47.36598],[0.9911,47.36604],[0.9933,47.37106],[1.00422,47.37128],[1.01592,47.36513],[1.01811,47.36853],[1.01563,47.37366],[1.01756,47.38128],[1.00425,47.393],[0.99779,47.39428],[0.97941,47.39183],[0.98131,47.40034],[0.98096,47.40186],[0.97687,47.40106],[0.97757,47.40572],[0.97916,47.41177],[0.93732,47.39977],[0.94917,47.39167],[0.94264,47.37926],[0.94024,47.37456],[0.95407,47.37484],[0.94584,47.37002],[0.95358,47.37021]]]},"properties":{"code_territoire":"iris370030105","libelle_territoire":"Ouest Sud-Ouest"}},
{"type":"Feature","geometry":{"type":"Polygon","coordinates":[[[0.30462,47.11375],[0.31367,47.11483],[0.31841,47.12057],[0.33172,47.14086],[0.31319,47.14548],[0.29012,47.1455],[0.29061,47.13627],[0.28686,47.12409],[0.29092,47.1213],[0.30141,47.12153],[0.30462,47.11375]]]},"properties":{"code_territoire":"iris370040000","libelle_territoire":"Anché (commune non irisée)"}},
{"type":"Feature","geometry":{"type":"Polygon","coordinates":[[[0.57394,46.98343],[0.55128,46.97735],[0.53074,46.98388],[0.52454,46.97887],[0.51565,46.97638],[0.50782,46.97515],[0.50977,46.9693],[0.50523,46.96002],[0.51373,46.95548],[0.52125,46.95847],[0.52774,46.95576],[0.54336,46.96042],[0.56497,46.95564],[0.59943,46.95616],[0.60125,46.97307],[0.59365,46.9776],[0.57978,46.97912],[0.57394,46.98343]]]},"properties":{"code_territoire":"iris370050000","libelle_territoire":"Antogny-le-Tillac (commune non irisée)"}},
{"type":"Feature","geometry":{"type":"Polygon","coordinates":[[[0.9775,47.03181],[0.98408,47.03355],[0.99144,47.04232],[0.99429,47.04163],[0.9938,47.04974],[0.97549,47.04951],[0.97791,47.05548],[0.97684,47.0599],[0.97451,47.05963],[0.97741,47.0668],[0.97476,47.07383],[0.97341,47.07701],[0.96607,47.0804],[0.96264,47.0791],[0.96445,47.08224],[0.95995,47.08614],[0.95848,47.08807],[0.95061,47.08856],[0.94857,47.08686],[0.94655,47.08875],[0.93462,47.08396],[0.92793,47.08143],[0.93301,47.06815],[0.92791,47.06773],[0.91965,47.06212],[0.91948,47.05052],[0.93127,47.04073],[0.93569,47.04118],[0.92122,47.03126],[0.92225,47.02877],[0.94155,47.03094],[0.94731,47.03414],[0.95814,47.03186],[0.9775,47.03181]]]},"properties":{"code_territoire":"iris372380000","libelle_territoire":"Saint-Senoch (commune non irisée)"}},
{"type":"Feature","geometry":{"type":"Polygon","coordinates":[[[0.93736,47.62848],[0.93249,47.62023],[0.93176,47.61037],[0.92289,47.60379],[0.92793,47.59547],[0.92499,47.5898],[0.93535,47.5766],[0.94344,47.57493],[0.95182,47.57788],[0.95732,47.567],[0.96461,47.56573],[0.96907,47.56953],[0.97638,47.56705],[0.98194,47.57239],[0.97722,47.5783],[0.9949,47.58042],[0.99327,47.58401],[0.99703,47.58412],[0.99468,47.58815],[0.9867,47.59058],[0.98841,47.59915],[0.98397,47.60536],[0.98641,47.60601],[0.98528,47.61285],[0.99179,47.62023],[0.97073,47.62205],[0.96511,47.62974],[0.95407,47.62486],[0.95202,47.62678],[0.93736,47.62848]]]},"properties":{"code_territoire":"iris372400000","libelle_territoire":"Saunay (commune non irisée)"}},
{"type":"Feature","geometry":{"type":"Polygon","coordinates":[[[0.33,47.41425],[0.34788,47.41279],[0.35062,47.41796],[0.3512,47.42091],[0.34647,47.42484],[0.34944,47.42772],[0.34602,47.43781],[0.33694,47.44721],[0.34715,47.44909],[0.34911,47.47015],[0.34202,47.47475],[0.327,47.47616],[0.30742,47.46752],[0.29266,47.46468],[0.28902,47.45963],[0.29173,47.45465],[0.30121,47.45296],[0.30033,47.44919],[0.30707,47.44499],[0.30953,47.43978],[0.316,47.43938],[0.32327,47.43287],[0.32721,47.4333],[0.32887,47.42599],[0.32627,47.42539],[0.33,47.41425]]]},"properties":{"code_territoire":"iris372410000","libelle_territoire":"Savigné-sur-Lathan (commune non irisée)"}},
{"type":"Feature","geometry":{"type":"Polygon","coordinates":[[[0.15339,47.23734],[0.13187,47.23482],[0.09041,47.21786],[0.07452,47.21444],[0.09181,47.21322],[0.09646,47.20927],[0.08924,47.20819],[0.09534,47.20586],[0.12837,47.19075],[0.12495,47.18357],[0.13867,47.18166],[0.14304,47.19029],[0.15417,47.18841],[0.16074,47.19276],[0.15883,47.19522],[0.1625,47.21662],[0.15298,47.22466],[0.15339,47.23734]]]},"properties":{"code_territoire":"iris372420000","libelle_territoire":"Savigny-en-Véron (commune non irisée)"}},
{"type":"Feature","geometry":{"type":"Polygon","coordinates":[[[0.55641,47.32186],[0.56531,47.32698],[0.56437,47.33113],[0.56798,47.33461],[0.57863,47.3374],[0.58603,47.34345],[0.58677,47.35122],[0.59391,47.3528],[0.59322,47.35662],[0.59012,47.36489],[0.58761,47.36876],[0.56614,47.36515],[0.52081,47.3537],[0.5249,47.34743],[0.52847,47.34875],[0.53038,47.34554],[0.53362,47.32782],[0.53765,47.32714],[0.53772,47.32344],[0.55641,47.32186]]]},"properties":{"code_territoire":"iris372430000","libelle_territoire":"Savonnières (commune non irisée)"}},
{"type":"Feature","geometry":{"type":"Polygon","coordinates":[[[0.61519,47.30489],[0.61027,47.30541],[0.60601,47.30379],[0.57932,47.30619],[0.57576,47.30409],[0.57431,47.29587],[0.57152,47.29628],[0.5654,47.28943],[0.54596,47.27817],[0.55242,47.27508],[0.56256,47.27545],[0.56356,47.27759],[0.5734,47.27661],[0.57874,47.26671],[0.57632,47.26112],[0.58679,47.25498],[0.60185,47.25075],[0.61465,47.24061],[0.61519,47.25089],[0.62549,47.25086],[0.62305,47.24639],[0.63004,47.24653],[0.63204,47.24372],[0.63593,47.24353],[0.63774,47.24908],[0.6338,47.24904],[0.63222,47.25366],[0.62707,47.25673],[0.62672,47.26333],[0.62325,47.26284],[0.62271,47.26548],[0.61542,47.26577],[0.60974,47.26963],[0.61087,47.27515],[0.60854,47.2741],[0.60408,47.27949],[0.6073,47.2845],[0.61354,47.28693],[0.60853,47.28959],[0.61097,47.298],[0.61506,47.29734],[0.61519,47.30489]]]},"properties":{"code_territoire":"iris370060000","libelle_territoire":"Artannes-sur-Indre (commune non irisée)"}},
{"type":"Feature","geometry":{"type":"Polygon","coordinates":[[[0.36583,47.13583],[0.33172,47.14086],[0.31841,47.12057],[0.33599,47.1173],[0.3389,47.10903],[0.34251,47.10869],[0.35119,47.10923],[0.3634,47.11688],[0.37884,47.11925],[0.38298,47.13275],[0.36583,47.13583]]]},"properties":{"code_territoire":"iris372440000","libelle_territoire":"Sazilly (commune non irisée)"}},
{"type":"Feature","geometry":{"type":"Polygon","coordinates":[[[0.53101,47.51337],[0.53002,47.50876],[0.53441,47.50553],[0.52748,47.50233],[0.52657,47.49986],[0.52997,47.49813],[0.52028,47.49148],[0.51728,47.48447],[0.53152,47.47577],[0.55627,47.46339],[0.56797,47.46547],[0.56294,47.47147],[0.57394,47.47769],[0.57808,47.47655],[0.58242,47.48608],[0.60611,47.49232],[0.59438,47.50844],[0.60727,47.51864],[0.61377,47.51895],[0.61312,47.52353],[0.60994,47.52402],[0.6145,47.52802],[0.61343,47.5301],[0.6056,47.52999],[0.5981,47.53916],[0.59444,47.53877],[0.59276,47.5335],[0.58056,47.53225],[0.57128,47.52721],[0.55725,47.53939],[0.5513,47.53713],[0.53889,47.52753],[0.53101,47.51337]]]},"properties":{"code_territoire":"iris372450000","libelle_territoire":"Semblançay (commune non irisée)"}},
{"type":"Feature","geometry":{"type":"Polygon","coordinates":[[[1.06703,47.1234],[1.06774,47.10962],[1.06521,47.10697],[1.07602,47.0968],[1.08366,47.09878],[1.09554,47.09127],[1.12043,47.08576],[1.1242,47.08528],[1.13271,47.09112],[1.12982,47.09441],[1.13228,47.10086],[1.13782,47.10362],[1.13576,47.11154],[1.14565,47.12711],[1.12518,47.12952],[1.13071,47.13412],[1.11951,47.14154],[1.11137,47.13948],[1.09452,47.13368],[1.09489,47.12649],[1.07752,47.12641],[1.06703,47.1234]]]},"properties":{"code_territoire":"iris372460000","libelle_territoire":"Sennevières (commune non irisée)"}},
{"type":"Feature","geometry":{"type":"Polygon","coordinates":[[[0.65665,47.09603],[0.65203,47.09345],[0.65617,47.09206],[0.65228,47.08845],[0.65739,47.08406],[0.6518,47.07792],[0.65792,47.07227],[0.65936,47.06035],[0.65432,47.05038],[0.67103,47.04752],[0.67708,47.04333],[0.68293,47.04618],[0.68983,47.04344],[0.69818,47.05038],[0.69951,47.05489],[0.70879,47.05988],[0.70643,47.07409],[0.70765,47.0798],[0.71307,47.08137],[0.71519,47.09191],[0.70923,47.09955],[0.70842,47.11347],[0.70222,47.12091],[0.70437,47.12415],[0.6825,47.11725],[0.68397,47.10929],[0.67075,47.10677],[0.65665,47.09603]]]},"properties":{"code_territoire":"iris372470000","libelle_territoire":"Sepmes (commune non irisée)"}},
{"type":"Feature","geometry":{"type":"Polygon","coordinates":[[[0.23516,47.06917],[0.23913,47.06773],[0.24422,47.0715],[0.26784,47.06772],[0.25984,47.05554],[0.26514,47.05493],[0.26669,47.04872],[0.26395,47.04629],[0.26817,47.04243],[0.27165,47.0465],[0.27951,47.04594],[0.29833,47.05404],[0.31079,47.06265],[0.30788,47.06678],[0.31163,47.07009],[0.30535,47.07432],[0.30352,47.07822],[0.28536,47.08397],[0.26311,47.0814],[0.24434,47.08636],[0.23272,47.07324],[0.23516,47.06917]]]},"properties":{"code_territoire":"iris370070000","libelle_territoire":"Assay (commune non irisée)"}},
{"type":"Feature","geometry":{"type":"Polygon","coordinates":[[[0.94206,47.29418],[0.93542,47.30392],[0.93823,47.30497],[0.93738,47.31021],[0.94319,47.31279],[0.94093,47.31774],[0.94571,47.32368],[0.94167,47.32644],[0.94726,47.32664],[0.94664,47.3339],[0.93095,47.33799],[0.92127,47.34178],[0.87969,47.34841],[0.87797,47.33918],[0.87136,47.33264],[0.86832,47.31919],[0.85837,47.30871],[0.84646,47.3093],[0.84596,47.30081],[0.8774,47.29737],[0.88265,47.29224],[0.88909,47.29155],[0.91078,47.2801],[0.91949,47.28501],[0.92354,47.28171],[0.93633,47.29455],[0.94206,47.29418]]]},"properties":{"code_territoire":"iris370080000","libelle_territoire":"Athée-sur-Cher (commune non irisée)"}},
{"type":"Feature","geometry":{"type":"Polygon","coordinates":[[[0.1815,47.11529],[0.18145,47.11613],[0.18061,47.12138],[0.191,47.13183],[0.18898,47.13775],[0.19327,47.14375],[0.18048,47.13929],[0.1775,47.14397],[0.1636,47.14289],[0.15832,47.15299],[0.15284,47.15518],[0.14302,47.15109],[0.14295,47.14532],[0.14014,47.14481],[0.14357,47.13117],[0.13793,47.13071],[0.14069,47.12466],[0.13343,47.115],[0.13518,47.10711],[0.14652,47.10612],[0.14589,47.10473],[0.15928,47.10263],[0.16186,47.10008],[0.16652,47.10765],[0.1815,47.11529]]]},"properties":{"code_territoire":"iris372480000","libelle_territoire":"Seuilly (commune non irisée)"}},
{"type":"Feature","geometry":{"type":"Polygon","coordinates":[[[0.43776,47.55222],[0.43659,47.5506],[0.4201,47.52712],[0.43259,47.52359],[0.43581,47.51848],[0.44086,47.51672],[0.43596,47.49305],[0.43868,47.48855],[0.44766,47.4858],[0.49863,47.47764],[0.50529,47.47175],[0.52174,47.47256],[0.53152,47.47577],[0.51728,47.48447],[0.52028,47.49148],[0.52997,47.49813],[0.52657,47.49986],[0.52748,47.50233],[0.53441,47.50553],[0.53002,47.50876],[0.53101,47.51337],[0.51058,47.51911],[0.5134,47.52163],[0.50808,47.52608],[0.50702,47.53386],[0.50234,47.53241],[0.49375,47.54515],[0.49298,47.54693],[0.49711,47.54785],[0.49571,47.55002],[0.49289,47.54819],[0.48393,47.54869],[0.477,47.55393],[0.47191,47.5503],[0.46107,47.55121],[0.45056,47.54832],[0.43776,47.55222]]]},"properties":{"code_territoire":"iris372490000","libelle_territoire":"Sonzay (commune non irisée)"}},
{"type":"Feature","geometry":{"type":"Polygon","coordinates":[[[0.64488,47.24007],[0.64847,47.22606],[0.65896,47.20256],[0.65699,47.19963],[0.66305,47.19908],[0.65601,47.19291],[0.66482,47.19028],[0.65991,47.1817],[0.66329,47.18128],[0.66466,47.18337],[0.6795,47.17758],[0.69662,47.18866],[0.69191,47.19176],[0.70119,47.19687],[0.7139,47.21626],[0.71457,47.2246],[0.72161,47.23353],[0.71988,47.2465],[0.72981,47.25491],[0.72733,47.27016],[0.71775,47.26944],[0.70834,47.27495],[0.70395,47.27444],[0.70202,47.27858],[0.69186,47.27427],[0.68043,47.2753],[0.67625,47.27008],[0.67721,47.26598],[0.66147,47.25465],[0.65871,47.24878],[0.65646,47.2492],[0.6526,47.23838],[0.64488,47.24007]]]},"properties":{"code_territoire":"iris372500000","libelle_territoire":"Sorigny (commune non irisée)"}},
{"type":"Feature","geometry":{"type":"Polygon","coordinates":[[[0.96592,47.51414],[0.97764,47.51407],[0.99381,47.50647],[0.99908,47.49583],[1.00431,47.50038],[1.01948,47.5015],[1.03724,47.50846],[1.04232,47.50957],[1.03557,47.52822],[1.02461,47.53607],[1.01757,47.5323],[1.01409,47.54665],[0.98758,47.54642],[0.97785,47.53603],[0.96658,47.53498],[0.96811,47.53168],[0.9651,47.52829],[0.96329,47.51855],[0.96592,47.51414]]]},"properties":{"code_territoire":"iris370090000","libelle_territoire":"Autrèche (commune non irisée)"}},
{"type":"Feature","geometry":{"type":"Polygon","coordinates":[[[0.9651,47.52829],[0.96811,47.53168],[0.96658,47.53498],[0.97785,47.53603],[0.98758,47.54642],[0.9887,47.55665],[0.97638,47.56705],[0.96907,47.56953],[0.96461,47.56573],[0.95732,47.567],[0.95182,47.57788],[0.94344,47.57493],[0.93535,47.5766],[0.92499,47.5898],[0.91949,47.58933],[0.91865,47.58709],[0.91729,47.58854],[0.90336,47.58566],[0.90047,47.5816],[0.90255,47.5753],[0.89859,47.57397],[0.89887,47.56851],[0.88929,47.55191],[0.89474,47.54581],[0.90293,47.55385],[0.90814,47.55375],[0.91188,47.54493],[0.9096,47.5427],[0.90072,47.54304],[0.9037,47.5413],[0.90525,47.52997],[0.91422,47.5279],[0.91522,47.52513],[0.92893,47.52257],[0.95131,47.53048],[0.95402,47.5286],[0.9651,47.52829]]]},"properties":{"code_territoire":"iris370100000","libelle_territoire":"Auzouer-en-Touraine (commune non irisée)"}},
{"type":"Feature","geometry":{"type":"Polygon","coordinates":[[[0.35988,47.50614],[0.37277,47.50221],[0.39826,47.48847],[0.40666,47.49386],[0.40958,47.49594],[0.41317,47.4936],[0.4207,47.49408],[0.42998,47.48947],[0.43596,47.49305],[0.44086,47.51672],[0.43581,47.51848],[0.43259,47.52359],[0.4201,47.52712],[0.43659,47.5506],[0.42547,47.54606],[0.42456,47.54361],[0.41381,47.54185],[0.40792,47.54641],[0.40199,47.54687],[0.40428,47.54424],[0.39589,47.53879],[0.3983,47.53374],[0.38535,47.53209],[0.37196,47.52437],[0.36155,47.52514],[0.36285,47.51998],[0.35848,47.52001],[0.35988,47.50614]]]},"properties":{"code_territoire":"iris372510000","libelle_territoire":"Souvigné (commune non irisée)"}},
{"type":"Feature","geometry":{"type":"Polygon","coordinates":[[[1.08089,47.364],[1.0851,47.36657],[1.08891,47.36541],[1.0932,47.36864],[1.0923,47.3709],[1.10717,47.37296],[1.1132,47.37992],[1.12155,47.38244],[1.11899,47.38713],[1.12349,47.39199],[1.11403,47.39576],[1.11102,47.40944],[1.10404,47.41385],[1.10228,47.41826],[1.09825,47.41736],[1.097,47.42176],[1.0849,47.42969],[1.08245,47.42765],[1.07268,47.43551],[1.05733,47.42689],[1.05512,47.42947],[1.04142,47.42734],[1.04978,47.42442],[1.05127,47.42052],[1.06007,47.42215],[1.06366,47.41874],[1.06101,47.40673],[1.05814,47.40698],[1.05935,47.40279],[1.05498,47.39816],[1.05604,47.39127],[1.06076,47.38655],[1.05871,47.38447],[1.06371,47.38384],[1.05884,47.37283],[1.07572,47.36934],[1.07802,47.36427],[1.08089,47.364]]]},"properties":{"code_territoire":"iris372520000","libelle_territoire":"Souvigny-de-Touraine (commune non irisée)"}},
{"type":"Feature","geometry":{"type":"Polygon","coordinates":[[[1.01103,47.24574],[1.02057,47.25329],[1.01156,47.26824],[1.0085,47.28242],[0.99636,47.28343],[0.99038,47.29443],[0.98466,47.29279],[0.97408,47.29806],[0.96334,47.28906],[0.95557,47.28395],[0.97681,47.27133],[0.97197,47.25277],[0.98622,47.25137],[0.99099,47.25106],[0.99447,47.24679],[1.0075,47.24988],[1.01103,47.24574]]]},"properties":{"code_territoire":"iris372530000","libelle_territoire":"Sublaines (commune non irisée)"}},
{"type":"Feature","geometry":{"type":"Polygon","coordinates":[[[0.77509,47.19757],[0.77668,47.18386],[0.79381,47.18362],[0.81957,47.17935],[0.81684,47.17631],[0.82673,47.17693],[0.82837,47.1745],[0.83069,47.16695],[0.83904,47.16258],[0.84639,47.16709],[0.85276,47.16464],[0.85865,47.17221],[0.85756,47.17628],[0.85345,47.17754],[0.85688,47.17911],[0.86262,47.17525],[0.86668,47.17628],[0.86254,47.17877],[0.87901,47.19394],[0.86981,47.20039],[0.87732,47.20461],[0.87325,47.20758],[0.86813,47.20627],[0.86745,47.21086],[0.85615,47.22249],[0.85334,47.2217],[0.84793,47.23143],[0.85744,47.24214],[0.84714,47.24942],[0.84334,47.24897],[0.84209,47.25739],[0.83605,47.26305],[0.83462,47.26199],[0.83072,47.24932],[0.82641,47.24571],[0.83108,47.2382],[0.81357,47.23082],[0.81395,47.22784],[0.80628,47.22131],[0.8059,47.21944],[0.81061,47.21835],[0.80624,47.21431],[0.79768,47.21044],[0.79457,47.21208],[0.77666,47.20839],[0.77509,47.19757]]]},"properties":{"code_territoire":"iris372540000","libelle_territoire":"Tauxigny-Saint-Bauld (commune non irisée)"}},
{"type":"Feature","geometry":{"type":"Polygon","coordinates":[[[0.22061,47.21852],[0.22234,47.22372],[0.21972,47.22644],[0.22527,47.22776],[0.22213,47.23551],[0.21616,47.23614],[0.2204,47.23905],[0.19128,47.23233],[0.16099,47.23651],[0.15339,47.23734],[0.15298,47.22466],[0.1625,47.21662],[0.17937,47.20773],[0.17613,47.20379],[0.17741,47.20088],[0.18693,47.20247],[0.18901,47.21155],[0.19809,47.21715],[0.22061,47.21852]]]},"properties":{"code_territoire":"iris370110000","libelle_territoire":"Avoine (commune non irisée)"}},
{"type":"Feature","geometry":{"type":"Polygon","coordinates":[[[0.41191,47.11702],[0.41377,47.12205],[0.40215,47.12349],[0.38298,47.13275],[0.37884,47.11925],[0.3634,47.11688],[0.35855,47.10771],[0.40677,47.11346],[0.41191,47.11702]]]},"properties":{"code_territoire":"iris372550000","libelle_territoire":"Tavant (commune non irisée)"}},
{"type":"Feature","geometry":{"type":"Polygon","coordinates":[[[0.40313,47.08653],[0.41502,47.07834],[0.41952,47.08241],[0.42553,47.08869],[0.43747,47.08842],[0.43798,47.09023],[0.43862,47.08337],[0.44963,47.08379],[0.44949,47.09333],[0.45797,47.09948],[0.4515,47.10736],[0.45595,47.11299],[0.44472,47.11987],[0.4351,47.11902],[0.43424,47.11413],[0.429,47.11411],[0.42758,47.10984],[0.41867,47.1142],[0.42047,47.10958],[0.41765,47.09682],[0.40313,47.08653]]]},"properties":{"code_territoire":"iris372560000","libelle_territoire":"Theneuil (commune non irisée)"}},
{"type":"Feature","geometry":{"type":"Polygon","coordinates":[[[0.55942,47.18944],[0.56749,47.19145],[0.56865,47.18937],[0.61257,47.18472],[0.609,47.18863],[0.61514,47.20834],[0.6182,47.21024],[0.63345,47.20566],[0.63755,47.20631],[0.64043,47.22147],[0.64191,47.22019],[0.64847,47.22606],[0.64488,47.24007],[0.64355,47.24569],[0.63774,47.24908],[0.63593,47.24353],[0.63204,47.24372],[0.63004,47.24653],[0.62305,47.24639],[0.62549,47.25086],[0.61519,47.25089],[0.61465,47.24061],[0.60185,47.25075],[0.58679,47.25498],[0.58573,47.25164],[0.5894,47.24857],[0.58315,47.2496],[0.58042,47.24487],[0.57422,47.24407],[0.56364,47.2121],[0.55942,47.18944]]]},"properties":{"code_territoire":"iris372570000","libelle_territoire":"Thilouze (commune non irisée)"}},
{"type":"Feature","geometry":{"type":"Polygon","coordinates":[[[0.14302,47.15109],[0.15284,47.15518],[0.16135,47.16112],[0.15717,47.16262],[0.15701,47.16709],[0.16158,47.16519],[0.16739,47.17585],[0.15787,47.17912],[0.14988,47.17019],[0.13429,47.17672],[0.12494,47.16581],[0.12205,47.16834],[0.1146,47.16276],[0.11768,47.15993],[0.12397,47.15978],[0.12406,47.15575],[0.12949,47.15145],[0.14302,47.15109]]]},"properties":{"code_territoire":"iris372580000","libelle_territoire":"Thizay (commune non irisée)"}},
{"type":"Feature","geometry":{"type":"Polygon","coordinates":[[[0.49721,47.19931],[0.48764,47.20916],[0.4824,47.20764],[0.47062,47.21732],[0.47069,47.22244],[0.47666,47.2278],[0.45,47.21761],[0.43691,47.21539],[0.42796,47.19423],[0.43428,47.17556],[0.43351,47.15894],[0.43865,47.15397],[0.43716,47.14987],[0.44087,47.14947],[0.43157,47.14049],[0.43722,47.13657],[0.45189,47.14458],[0.47367,47.14619],[0.47423,47.1524],[0.48866,47.16643],[0.48893,47.1842],[0.49573,47.19746],[0.49721,47.19931]]]},"properties":{"code_territoire":"iris370120000","libelle_territoire":"Avon-les-Roches (commune non irisée)"}},
{"type":"Feature","geometry":{"type":"Polygon","coordinates":[[[0.9795,46.75606],[0.96446,46.77374],[0.9604,46.77201],[0.95852,46.77591],[0.95512,46.77356],[0.9466,46.77708],[0.94453,46.79117],[0.92214,46.77394],[0.91714,46.76625],[0.91354,46.76576],[0.91061,46.7614],[0.91671,46.75651],[0.92653,46.7573],[0.93012,46.75565],[0.94417,46.73721],[0.94736,46.73674],[0.95919,46.73814],[0.96522,46.74808],[0.9798,46.75438],[0.9795,46.75606]]]},"properties":{"code_territoire":"iris372590000","libelle_territoire":"Tournon-Saint-Pierre (commune non irisée)"}},
{"type":"Feature","geometry":{"type":"Polygon","coordinates":[[[0.35945,47.06636],[0.36434,47.05944],[0.36996,47.06334],[0.36811,47.05673],[0.38177,47.05371],[0.37511,47.05013],[0.38727,47.04306],[0.3976,47.04553],[0.39771,47.04061],[0.41593,47.04305],[0.41951,47.04136],[0.42591,47.04419],[0.42684,47.04796],[0.41669,47.05264],[0.4096,47.06333],[0.41506,47.0691],[0.41952,47.08241],[0.41502,47.07834],[0.40313,47.08653],[0.3804,47.07142],[0.37521,47.07443],[0.36969,47.06783],[0.35945,47.06636]]]},"properties":{"code_territoire":"iris372600000","libelle_territoire":"La Tour-Saint-Gelin (commune non irisée)"}},
{"type":"Feature","geometry":{"type":"Polygon","coordinates":[[[0.68883,47.3903],[0.69354,47.39101],[0.69535,47.39126],[0.69337,47.40211],[0.68438,47.40121],[0.68704,47.39467],[0.68883,47.3903]]]},"properties":{"code_territoire":"iris372610101","libelle_territoire":"Centre 1"}},
{"type":"Feature","geometry":{"type":"Polygon","coordinates":[[[0.67521,47.39965],[0.67713,47.39599],[0.68177,47.39608],[0.68198,47.39423],[0.68704,47.39467],[0.68438,47.40121],[0.68041,47.4005],[0.67521,47.39965]]]},"properties":{"code_territoire":"iris372610102","libelle_territoire":"Centre 2"}},
{"type":"Feature","geometry":{"type":"Polygon","coordinates":[[[0.67896,47.39259],[0.68198,47.39423],[0.68177,47.39608],[0.67713,47.39599],[0.67882,47.39268],[0.67896,47.39259]]]},"properties":{"code_territoire":"iris372610103","libelle_territoire":"Centre 3"}},
{"type":"Feature","geometry":{"type":"Polygon","coordinates":[[[0.67882,47.39268],[0.67521,47.39164],[0.67638,47.38861],[0.68272,47.3895],[0.67896,47.39259],[0.67882,47.39268]]]},"properties":{"code_territoire":"iris372610104","libelle_territoire":"Centre 4"}},
{"type":"Feature","geometry":{"type":"Polygon","coordinates":[[[0.68425,47.38971],[0.68883,47.3903],[0.68704,47.39467],[0.68198,47.39423],[0.67896,47.39259],[0.68272,47.3895],[0.68425,47.38971]]]},"properties":{"code_territoire":"iris372610105","libelle_territoire":"Centre 5"}},
{"type":"Feature","geometry":{"type":"Polygon","coordinates":[[[0.68272,47.3895],[0.67638,47.38861],[0.67653,47.38728],[0.67673,47.38539],[0.68249,47.38572],[0.68792,47.38603],[0.68425,47.38971],[0.68272,47.3895]]]},"properties":{"code_territoire":"iris372610201","libelle_territoire":"Grammont 1"}},
{"type":"Feature","geometry":{"type":"Polygon","coordinates":[[[0.69575,47.38463],[0.69414,47.39024],[0.69354,47.39101],[0.68883,47.3903],[0.68425,47.38971],[0.68792,47.38603],[0.69103,47.38464],[0.69575,47.38463]]]},"properties":{"code_territoire":"iris372610202","libelle_territoire":"Grammont 2"}},
{"type":"Feature","geometry":{"type":"Polygon","coordinates":[[[0.69103,47.38464],[0.69047,47.38002],[0.69228,47.37964],[0.69313,47.37963],[0.69515,47.37999],[0.69748,47.38042],[0.69647,47.38295],[0.69575,47.38463],[0.69103,47.38464]]]},"properties":{"code_territoire":"iris372610203","libelle_territoire":"Grammont 3"}},
{"type":"Feature","geometry":{"type":"Polygon","coordinates":[[[0.69047,47.38002],[0.69103,47.38464],[0.68792,47.38603],[0.68249,47.38572],[0.68696,47.38421],[0.68638,47.3808],[0.69047,47.38002]]]},"properties":{"code_territoire":"iris372610204","libelle_territoire":"Grammont 4"}},
{"type":"Feature","geometry":{"type":"Polygon","coordinates":[[[0.70126,47.39931],[0.70111,47.40099],[0.69337,47.40211],[0.69535,47.39126],[0.70039,47.39243],[0.70498,47.39514],[0.70552,47.39707],[0.70126,47.39931]]]},"properties":{"code_territoire":"iris372610301","libelle_territoire":"Cathédrale"}},
{"type":"Feature","geometry":{"type":"Polygon","coordinates":[[[0.66562,47.39394],[0.67132,47.39487],[0.67357,47.39119],[0.67521,47.39164],[0.67882,47.39268],[0.67713,47.39599],[0.67521,47.39965],[0.66381,47.39703],[0.66418,47.39542],[0.66562,47.39394]]]},"properties":{"code_territoire":"iris372610401","libelle_territoire":"Lamartine 1"}},
{"type":"Feature","geometry":{"type":"Polygon","coordinates":[[[0.66776,47.39005],[0.67357,47.39119],[0.67132,47.39487],[0.66562,47.39394],[0.66776,47.39005]]]},"properties":{"code_territoire":"iris372610402","libelle_territoire":"Lamartine 2"}},
{"type":"Feature","geometry":{"type":"Polygon","coordinates":[[[0.66611,47.38437],[0.67653,47.38728],[0.67638,47.38861],[0.67521,47.39164],[0.67357,47.39119],[0.66776,47.39005],[0.66634,47.38992],[0.66611,47.38437]]]},"properties":{"code_territoire":"iris372610501","libelle_territoire":"Rabelais-Tonnellé 1"}},
{"type":"Feature","geometry":{"type":"Polygon","coordinates":[[[0.36843,47.40776],[0.36686,47.41104],[0.35677,47.40897],[0.35062,47.41796],[0.34788,47.41279],[0.33,47.41425],[0.31198,47.40399],[0.29127,47.40295],[0.27728,47.39704],[0.24657,47.39919],[0.24644,47.39447],[0.23984,47.39504],[0.23324,47.3881],[0.24065,47.38452],[0.24131,47.38029],[0.25215,47.37913],[0.2558,47.37226],[0.25261,47.36884],[0.26066,47.36506],[0.27088,47.36491],[0.27441,47.35923],[0.28855,47.35059],[0.29465,47.35831],[0.30198,47.359],[0.30218,47.36963],[0.31359,47.3879],[0.32488,47.39017],[0.34091,47.38663],[0.34487,47.38329],[0.35122,47.38688],[0.36366,47.38572],[0.3728,47.39341],[0.36843,47.40776]]]},"properties":{"code_territoire":"iris370130000","libelle_territoire":"Avrillé-les-Ponceaux (commune non irisée)"}},
{"type":"Feature","geometry":{"type":"Polygon","coordinates":[[[0.66632,47.38162],[0.66634,47.38138],[0.67683,47.38454],[0.67673,47.38539],[0.67653,47.38728],[0.66611,47.38437],[0.66632,47.38162]]]},"properties":{"code_territoire":"iris372610502","libelle_territoire":"Rabelais-Tonnellé 2"}},
{"type":"Feature","geometry":{"type":"Polygon","coordinates":[[[0.67683,47.38454],[0.66634,47.38138],[0.67172,47.37965],[0.67182,47.38158],[0.67715,47.38183],[0.67683,47.38454]]]},"properties":{"code_territoire":"iris372610601","libelle_territoire":"Giraudeau 1"}},
{"type":"Feature","geometry":{"type":"Polygon","coordinates":[[[0.66125,47.37535],[0.67805,47.37252],[0.67907,47.37558],[0.67913,47.37576],[0.67922,47.37626],[0.67715,47.38183],[0.67182,47.38158],[0.67172,47.37965],[0.66634,47.38138],[0.66632,47.38162],[0.66559,47.3792],[0.66125,47.37535]]]},"properties":{"code_territoire":"iris372610602","libelle_territoire":"Giraudeau 2"}},
{"type":"Feature","geometry":{"type":"Polygon","coordinates":[[[0.67683,47.38454],[0.68321,47.38141],[0.68638,47.3808],[0.68696,47.38421],[0.68249,47.38572],[0.67673,47.38539],[0.67683,47.38454]]]},"properties":{"code_territoire":"iris372610701","libelle_territoire":"Lakanal-Strasbourg 1"}},
{"type":"Feature","geometry":{"type":"Polygon","coordinates":[[[0.67715,47.38183],[0.67922,47.37626],[0.68321,47.38141],[0.67683,47.38454],[0.67715,47.38183]]]},"properties":{"code_territoire":"iris372610702","libelle_territoire":"Lakanal-Strasbourg 2"}},
{"type":"Feature","geometry":{"type":"Polygon","coordinates":[[[0.68638,47.3808],[0.68321,47.38141],[0.67922,47.37626],[0.67913,47.37576],[0.68556,47.37561],[0.69228,47.37964],[0.69047,47.38002],[0.68638,47.3808]]]},"properties":{"code_territoire":"iris372610801","libelle_territoire":"Febvotte-Marat 1"}},
{"type":"Feature","geometry":{"type":"Polygon","coordinates":[[[0.69228,47.37964],[0.68556,47.37561],[0.67913,47.37576],[0.67907,47.37558],[0.68914,47.37313],[0.69538,47.37387],[0.69508,47.37489],[0.69313,47.37963],[0.69228,47.37964]]]},"properties":{"code_territoire":"iris372610802","libelle_territoire":"Febvotte-Marat 2"}},
{"type":"Feature","geometry":{"type":"Polygon","coordinates":[[[0.68914,47.37313],[0.68799,47.37134],[0.70372,47.37327],[0.7037,47.37423],[0.69538,47.37387],[0.68914,47.37313]]]},"properties":{"code_territoire":"iris372610901","libelle_territoire":"Rives du Cher 1"}},
{"type":"Feature","geometry":{"type":"Polygon","coordinates":[[[0.68799,47.37134],[0.68914,47.37313],[0.67907,47.37558],[0.67805,47.37252],[0.68799,47.37134]]]},"properties":{"code_territoire":"iris372610902","libelle_territoire":"Rives du Cher 2"}},
{"type":"Feature","geometry":{"type":"Polygon","coordinates":[[[0.69354,47.39101],[0.69414,47.39024],[0.69868,47.38647],[0.7021,47.38762],[0.70039,47.39243],[0.69535,47.39126],[0.69354,47.39101]]]},"properties":{"code_territoire":"iris372611001","libelle_territoire":"La Fuye Velpeau 1"}},
{"type":"Feature","geometry":{"type":"Polygon","coordinates":[[[0.70498,47.39514],[0.70039,47.39243],[0.7021,47.38762],[0.70517,47.38799],[0.70782,47.3893],[0.70498,47.39514]]]},"properties":{"code_territoire":"iris372611002","libelle_territoire":"La Fuye Velpeau 2"}},
{"type":"Feature","geometry":{"type":"Polygon","coordinates":[[[0.70782,47.3893],[0.70517,47.38799],[0.7066,47.3817],[0.71236,47.38159],[0.71038,47.38498],[0.70782,47.3893]]]},"properties":{"code_territoire":"iris372611003","libelle_territoire":"La Fuye Velpeau 3"}},
{"type":"Feature","geometry":{"type":"Polygon","coordinates":[[[0.70312,47.38312],[0.7066,47.3817],[0.70517,47.38799],[0.7021,47.38762],[0.69868,47.38647],[0.70312,47.38312]]]},"properties":{"code_territoire":"iris372611004","libelle_territoire":"La Fuye Velpeau 4"}},
{"type":"Feature","geometry":{"type":"Polygon","coordinates":[[[0.70312,47.38312],[0.69868,47.38647],[0.69414,47.39024],[0.69575,47.38463],[0.69647,47.38295],[0.7017,47.3812],[0.70312,47.38312]]]},"properties":{"code_territoire":"iris372611101","libelle_territoire":"Sanitas-Rotonde 1"}},
{"type":"Feature","geometry":{"type":"Polygon","coordinates":[[[0.69647,47.38295],[0.69748,47.38042],[0.70005,47.38089],[0.7017,47.3812],[0.69647,47.38295]]]},"properties":{"code_territoire":"iris372611102","libelle_territoire":"Sanitas-Rotonde 2"}},
{"type":"Feature","geometry":{"type":"Polygon","coordinates":[[[0.69719,47.37598],[0.69515,47.37999],[0.69313,47.37963],[0.69508,47.37489],[0.69719,47.37598]]]},"properties":{"code_territoire":"iris372611103","libelle_territoire":"Sanitas-Rotonde 3"}},
{"type":"Feature","geometry":{"type":"Polygon","coordinates":[[[0.69515,47.37999],[0.69719,47.37598],[0.70145,47.37786],[0.70005,47.38089],[0.69748,47.38042],[0.69515,47.37999]]]},"properties":{"code_territoire":"iris372611104","libelle_territoire":"Sanitas-Rotonde 4"}},
{"type":"Feature","geometry":{"type":"Polygon","coordinates":[[[0.71236,47.38159],[0.7066,47.3817],[0.70312,47.38312],[0.7017,47.3812],[0.70005,47.38089],[0.70145,47.37786],[0.70778,47.38052],[0.71242,47.38149],[0.71236,47.38159]]]},"properties":{"code_territoire":"iris372611105","libelle_territoire":"Sanitas-Rotonde 5"}},
{"type":"Feature","geometry":{"type":"Polygon","coordinates":[[[0.71242,47.38149],[0.70778,47.38052],[0.71004,47.37902],[0.7051,47.37755],[0.70666,47.37494],[0.7151,47.37728],[0.71242,47.38149]]]},"properties":{"code_territoire":"iris372611201","libelle_territoire":"Beaujardin 1"}},
{"type":"Feature","geometry":{"type":"Polygon","coordinates":[[[0.69538,47.37387],[0.7037,47.37423],[0.70666,47.37494],[0.7051,47.37755],[0.71004,47.37902],[0.70778,47.38052],[0.70145,47.37786],[0.69719,47.37598],[0.69508,47.37489],[0.69538,47.37387]]]},"properties":{"code_territoire":"iris372611202","libelle_territoire":"Beaujardin 2"}},
{"type":"Feature","geometry":{"type":"Polygon","coordinates":[[[0.7151,47.37728],[0.70666,47.37494],[0.7037,47.37423],[0.70372,47.37327],[0.71526,47.37299],[0.7371,47.37653],[0.73634,47.38004],[0.72897,47.37653],[0.72662,47.38016],[0.7151,47.37728]]]},"properties":{"code_territoire":"iris372611301","libelle_territoire":"Rochepinard"}},
{"type":"Feature","geometry":{"type":"Polygon","coordinates":[[[0.67946,47.40974],[0.68463,47.41191],[0.68823,47.41494],[0.69101,47.41736],[0.6765,47.41805],[0.67946,47.40974]]]},"properties":{"code_territoire":"iris372611401","libelle_territoire":"Saint-Symphorien 1"}},
{"type":"Feature","geometry":{"type":"Polygon","coordinates":[[[0.44592,47.29297],[0.42375,47.28407],[0.40773,47.28399],[0.39456,47.27979],[0.38608,47.28201],[0.39291,47.27489],[0.4065,47.27464],[0.42474,47.26867],[0.4337,47.26838],[0.44767,47.26178],[0.46752,47.2589],[0.4734,47.25454],[0.48796,47.25376],[0.49173,47.25668],[0.49823,47.25482],[0.50797,47.25276],[0.53411,47.25335],[0.53723,47.25903],[0.53198,47.26665],[0.52807,47.26623],[0.52678,47.27244],[0.51933,47.2716],[0.50702,47.27535],[0.49164,47.28501],[0.47579,47.29281],[0.45958,47.29476],[0.44592,47.29297]]]},"properties":{"code_territoire":"iris370140000","libelle_territoire":"Azay-le-Rideau (commune non irisée)"}},
{"type":"Feature","geometry":{"type":"Polygon","coordinates":[[[0.69101,47.41736],[0.68823,47.41494],[0.69668,47.4142],[0.69574,47.41086],[0.69853,47.40612],[0.7035,47.40891],[0.70311,47.41377],[0.7059,47.42239],[0.71138,47.42486],[0.7035,47.42834],[0.69744,47.42305],[0.69617,47.42193],[0.69174,47.41799],[0.69101,47.41736]]]},"properties":{"code_territoire":"iris372611402","libelle_territoire":"Saint-Symphorien 2"}},
{"type":"Feature","geometry":{"type":"Polygon","coordinates":[[[0.68484,47.41186],[0.69574,47.41086],[0.69668,47.4142],[0.68823,47.41494],[0.68463,47.41191],[0.68484,47.41186]]]},"properties":{"code_territoire":"iris372611403","libelle_territoire":"Saint-Symphorien 3"}},
{"type":"Feature","geometry":{"type":"Polygon","coordinates":[[[0.68627,47.40625],[0.69162,47.40667],[0.69502,47.40441],[0.69853,47.40612],[0.69574,47.41086],[0.68484,47.41186],[0.68627,47.40625]]]},"properties":{"code_territoire":"iris372611404","libelle_territoire":"Saint-Symphorien 4"}},
{"type":"Feature","geometry":{"type":"Polygon","coordinates":[[[0.68041,47.4005],[0.68438,47.40121],[0.68257,47.40564],[0.68627,47.40625],[0.68484,47.41186],[0.68463,47.41191],[0.67946,47.40974],[0.67928,47.40754],[0.68041,47.4005]]]},"properties":{"code_territoire":"iris372611405","libelle_territoire":"Saint-Symphorien 5"}},
{"type":"Feature","geometry":{"type":"Polygon","coordinates":[[[0.70952,47.43676],[0.7035,47.42834],[0.71138,47.42486],[0.7059,47.42239],[0.70311,47.41377],[0.70478,47.4147],[0.71181,47.40598],[0.72828,47.41275],[0.73373,47.4289],[0.73346,47.43106],[0.70952,47.43676]]]},"properties":{"code_territoire":"iris372611503","libelle_territoire":"Sainte-Radegonde 1"}},
{"type":"Feature","geometry":{"type":"Polygon","coordinates":[[[0.72828,47.41275],[0.71181,47.40598],[0.70478,47.4147],[0.70311,47.41377],[0.7035,47.40891],[0.70111,47.40099],[0.70126,47.39931],[0.72965,47.40061],[0.72828,47.41275]]]},"properties":{"code_territoire":"iris372611504","libelle_territoire":"Sainte-Radegonde 2"}},
{"type":"Feature","geometry":{"type":"Polygon","coordinates":[[[0.70111,47.40099],[0.7035,47.40891],[0.69853,47.40612],[0.69502,47.40441],[0.69162,47.40667],[0.68627,47.40625],[0.68257,47.40564],[0.68438,47.40121],[0.69337,47.40211],[0.70111,47.40099]]]},"properties":{"code_territoire":"iris372611601","libelle_territoire":"Paul Bert"}},
{"type":"Feature","geometry":{"type":"Polygon","coordinates":[[[0.67259,47.42807],[0.67712,47.42534],[0.6921,47.42691],[0.69264,47.42697],[0.69321,47.42873],[0.67301,47.4307],[0.67259,47.42807]]]},"properties":{"code_territoire":"iris372611701","libelle_territoire":"Europe 1"}},
{"type":"Feature","geometry":{"type":"Polygon","coordinates":[[[0.6921,47.42691],[0.67712,47.42534],[0.67887,47.42291],[0.68551,47.42371],[0.69205,47.42495],[0.6921,47.42691]]]},"properties":{"code_territoire":"iris372611702","libelle_territoire":"Europe 2"}},
{"type":"Feature","geometry":{"type":"Polygon","coordinates":[[[0.68585,47.42231],[0.69617,47.42193],[0.69744,47.42305],[0.69732,47.42474],[0.69274,47.42433],[0.69264,47.42697],[0.6921,47.42691],[0.69205,47.42495],[0.68551,47.42371],[0.68585,47.42231]]]},"properties":{"code_territoire":"iris372611703","libelle_territoire":"Europe 3"}},
{"type":"Feature","geometry":{"type":"Polygon","coordinates":[[[0.80022,47.32712],[0.80365,47.32031],[0.81082,47.32224],[0.81431,47.31684],[0.82153,47.31764],[0.82188,47.3135],[0.82711,47.30975],[0.83384,47.31128],[0.84646,47.3093],[0.85837,47.30871],[0.86832,47.31919],[0.87136,47.33264],[0.87797,47.33918],[0.87969,47.34841],[0.88525,47.3562],[0.86152,47.36131],[0.84667,47.36432],[0.83781,47.3553],[0.84186,47.35392],[0.84087,47.35231],[0.81276,47.33949],[0.80022,47.32712]]]},"properties":{"code_territoire":"iris370150000","libelle_territoire":"Azay-sur-Cher (commune non irisée)"}},
{"type":"Feature","geometry":{"type":"Polygon","coordinates":[[[0.90711,47.19307],[0.90856,47.18806],[0.91285,47.18968],[0.9165,47.18687],[0.92162,47.18969],[0.9237,47.18808],[0.9322,47.19065],[0.94499,47.18547],[0.95028,47.18958],[0.95268,47.18825],[0.96072,47.19075],[0.95875,47.19316],[0.97244,47.19987],[0.97552,47.20499],[0.9736,47.20988],[0.96704,47.21062],[0.96868,47.21935],[0.96506,47.22085],[0.95668,47.22309],[0.94132,47.22315],[0.94057,47.22119],[0.93365,47.22011],[0.92953,47.21484],[0.92614,47.21596],[0.92469,47.2098],[0.90711,47.19307]]]},"properties":{"code_territoire":"iris370160000","libelle_territoire":"Azay-sur-Indre (commune non irisée)"}},
{"type":"Feature","geometry":{"type":"Polygon","coordinates":[[[0.68551,47.42371],[0.67887,47.42291],[0.68138,47.41981],[0.68585,47.42231],[0.68551,47.42371]]]},"properties":{"code_territoire":"iris372611704","libelle_territoire":"Europe 4"}},
{"type":"Feature","geometry":{"type":"Polygon","coordinates":[[[0.6765,47.41805],[0.69101,47.41736],[0.69174,47.41799],[0.68138,47.41981],[0.67887,47.42291],[0.67712,47.42534],[0.67259,47.42807],[0.67378,47.41943],[0.6765,47.41805]]]},"properties":{"code_territoire":"iris372611705","libelle_territoire":"Europe 5"}},
{"type":"Feature","geometry":{"type":"Polygon","coordinates":[[[0.69617,47.42193],[0.68585,47.42231],[0.68138,47.41981],[0.69174,47.41799],[0.69617,47.42193]]]},"properties":{"code_territoire":"iris372611706","libelle_territoire":"Europe 6"}},
{"type":"Feature","geometry":{"type":"Polygon","coordinates":[[[0.67374,47.43271],[0.68073,47.4315],[0.69062,47.4348],[0.68067,47.43596],[0.67964,47.43799],[0.67501,47.43552],[0.67374,47.43271]]]},"properties":{"code_territoire":"iris372611801","libelle_territoire":"Douets Milletière 1"}},
{"type":"Feature","geometry":{"type":"Polygon","coordinates":[[[0.67964,47.43799],[0.68067,47.43596],[0.69062,47.4348],[0.69849,47.43559],[0.69732,47.42474],[0.69744,47.42305],[0.7035,47.42834],[0.70952,47.43676],[0.71018,47.43887],[0.6991,47.43823],[0.69314,47.43558],[0.69102,47.43914],[0.67964,47.43799]]]},"properties":{"code_territoire":"iris372611802","libelle_territoire":"Douets Milletière 2"}},
{"type":"Feature","geometry":{"type":"Polygon","coordinates":[[[0.67301,47.4307],[0.69321,47.42873],[0.69264,47.42697],[0.69274,47.42433],[0.69732,47.42474],[0.69849,47.43559],[0.69062,47.4348],[0.68073,47.4315],[0.67374,47.43271],[0.67301,47.4307]]]},"properties":{"code_territoire":"iris372611803","libelle_territoire":"Douets Milletière 3"}},
{"type":"Feature","geometry":{"type":"Polygon","coordinates":[[[0.71369,47.36539],[0.70889,47.36478],[0.6995,47.36385],[0.69578,47.36242],[0.69751,47.35979],[0.69884,47.35568],[0.6993,47.35417],[0.70029,47.35097],[0.70359,47.34917],[0.70377,47.3493],[0.71156,47.36165],[0.71369,47.36539]]]},"properties":{"code_territoire":"iris372611901","libelle_territoire":"Montjoyeux"}},
{"type":"Feature","geometry":{"type":"Polygon","coordinates":[[[0.69751,47.35979],[0.69578,47.36242],[0.6995,47.36385],[0.69837,47.36676],[0.68582,47.36363],[0.68576,47.36309],[0.6891,47.36353],[0.68921,47.36172],[0.69343,47.35912],[0.69751,47.35979]]]},"properties":{"code_territoire":"iris372612001","libelle_territoire":"La Bergeonnerie"}},
{"type":"Feature","geometry":{"type":"Polygon","coordinates":[[[0.71526,47.37299],[0.70372,47.37327],[0.68799,47.37134],[0.68582,47.36363],[0.69837,47.36676],[0.69894,47.36881],[0.70782,47.36837],[0.71509,47.3693],[0.71526,47.37299]]]},"properties":{"code_territoire":"iris372612101","libelle_territoire":"Les Fontaines 1"}},
{"type":"Feature","geometry":{"type":"Polygon","coordinates":[[[0.70782,47.36837],[0.69894,47.36881],[0.69837,47.36676],[0.6995,47.36385],[0.70889,47.36478],[0.70782,47.36837]]]},"properties":{"code_territoire":"iris372612102","libelle_territoire":"Les Fontaines 2"}},
{"type":"Feature","geometry":{"type":"Polygon","coordinates":[[[0.71509,47.3693],[0.70782,47.36837],[0.70889,47.36478],[0.71369,47.36539],[0.71509,47.3693]]]},"properties":{"code_territoire":"iris372612103","libelle_territoire":"Les Fontaines 3"}},
{"type":"Feature","geometry":{"type":"Polygon","coordinates":[[[0.68576,47.36309],[0.68582,47.36363],[0.68799,47.37134],[0.67805,47.37252],[0.66125,47.37535],[0.66046,47.37524],[0.66096,47.37093],[0.65284,47.36926],[0.65564,47.3672],[0.66443,47.36301],[0.67399,47.36304],[0.68576,47.36309]]]},"properties":{"code_territoire":"iris372612201","libelle_territoire":"Deux Lions Gloriette"}},
{"type":"Feature","geometry":{"type":"Polygon","coordinates":[[[0.48743,47.11519],[0.4918,47.11269],[0.49479,47.10145],[0.51089,47.08901],[0.5238,47.10265],[0.53833,47.11237],[0.53167,47.11919],[0.49696,47.1335],[0.50005,47.12637],[0.48743,47.11519]]]},"properties":{"code_territoire":"iris372620000","libelle_territoire":"Trogues (commune non irisée)"}},
{"type":"Feature","geometry":{"type":"Polygon","coordinates":[[[0.61027,47.30541],[0.60946,47.31083],[0.61866,47.32486],[0.62695,47.32992],[0.62681,47.33814],[0.62344,47.33805],[0.6071,47.33401],[0.613,47.34043],[0.61005,47.3413],[0.61049,47.34477],[0.60799,47.35932],[0.59322,47.35662],[0.59391,47.3528],[0.58677,47.35122],[0.58603,47.34345],[0.57863,47.3374],[0.56798,47.33461],[0.56437,47.33113],[0.56531,47.32698],[0.55641,47.32186],[0.55676,47.31707],[0.56376,47.31647],[0.57097,47.30823],[0.57932,47.30619],[0.60601,47.30379],[0.61027,47.30541]]]},"properties":{"code_territoire":"iris370180101","libelle_territoire":"Ouest Ville"}},
{"type":"Feature","geometry":{"type":"Polygon","coordinates":[[[0.62155,47.34476],[0.61659,47.34234],[0.61583,47.34696],[0.61049,47.34477],[0.61005,47.3413],[0.613,47.34043],[0.6071,47.33401],[0.62344,47.33805],[0.62235,47.34233],[0.62155,47.34476]]]},"properties":{"code_territoire":"iris370180102","libelle_territoire":"Centre Ville"}},
{"type":"Feature","geometry":{"type":"Polygon","coordinates":[[[0.82711,47.30975],[0.8249,47.28631],[0.83061,47.27549],[0.823,47.27841],[0.82247,47.27647],[0.81816,47.27692],[0.81796,47.27455],[0.81987,47.2696],[0.83969,47.27121],[0.86281,47.26437],[0.87236,47.26416],[0.87865,47.27224],[0.87363,47.27507],[0.88414,47.28177],[0.88018,47.28522],[0.88909,47.29155],[0.88265,47.29224],[0.8774,47.29737],[0.84596,47.30081],[0.84646,47.3093],[0.83384,47.31128],[0.82711,47.30975]]]},"properties":{"code_territoire":"iris372630000","libelle_territoire":"Truyes (commune non irisée)"}},
{"type":"Feature","geometry":{"type":"Polygon","coordinates":[[[0.43747,47.31056],[0.43919,47.30861],[0.4455,47.30994],[0.44754,47.307],[0.44852,47.30467],[0.4453,47.30375],[0.44775,47.30075],[0.44465,47.30002],[0.44592,47.29297],[0.45958,47.29476],[0.47579,47.29281],[0.49164,47.28501],[0.50159,47.29509],[0.50821,47.31029],[0.50433,47.31347],[0.49012,47.31475],[0.49134,47.31757],[0.47989,47.32945],[0.47184,47.32904],[0.47074,47.3252],[0.46047,47.31864],[0.45656,47.32162],[0.44487,47.31787],[0.43615,47.314],[0.43747,47.31056]]]},"properties":{"code_territoire":"iris372640000","libelle_territoire":"Vallères (commune non irisée)"}},
{"type":"Feature","geometry":{"type":"Polygon","coordinates":[[[0.94126,47.10053],[0.92804,47.09347],[0.92758,47.09098],[0.91296,47.09018],[0.90789,47.08295],[0.89922,47.08466],[0.89808,47.07488],[0.89346,47.0713],[0.88719,47.07054],[0.8957,47.05136],[0.90045,47.051],[0.90255,47.04766],[0.9111,47.04847],[0.91649,47.05197],[0.91948,47.05052],[0.91965,47.06212],[0.92791,47.06773],[0.93301,47.06815],[0.92793,47.08143],[0.93462,47.08396],[0.93573,47.09021],[0.94301,47.09952],[0.94126,47.10053]]]},"properties":{"code_territoire":"iris372650000","libelle_territoire":"Varennes (commune non irisée)"}},
{"type":"Feature","geometry":{"type":"Polygon","coordinates":[[[0.75164,47.29102],[0.73964,47.29343],[0.72776,47.28524],[0.72296,47.28168],[0.71775,47.26944],[0.72733,47.27016],[0.72981,47.25491],[0.73237,47.25669],[0.74832,47.25629],[0.75747,47.25214],[0.76042,47.2567],[0.76898,47.25824],[0.76863,47.26154],[0.7651,47.26404],[0.77404,47.28382],[0.75154,47.2888],[0.75164,47.29102]]]},"properties":{"code_territoire":"iris372660101","libelle_territoire":"Veigne Sud"}},
{"type":"Feature","geometry":{"type":"Polygon","coordinates":[[[0.59322,47.35662],[0.60799,47.35932],[0.61049,47.34477],[0.61583,47.34696],[0.61659,47.34234],[0.62155,47.34476],[0.62445,47.347],[0.62994,47.34682],[0.64004,47.35336],[0.64315,47.36985],[0.64079,47.37328],[0.63826,47.37477],[0.63115,47.3716],[0.62646,47.37385],[0.62085,47.3714],[0.6131,47.37152],[0.60964,47.36769],[0.60292,47.36336],[0.59012,47.36489],[0.59322,47.35662]]]},"properties":{"code_territoire":"iris370180103","libelle_territoire":"Est Ville"}},
{"type":"Feature","geometry":{"type":"Polygon","coordinates":[[[0.74354,46.87172],[0.75301,46.86008],[0.76552,46.86576],[0.77132,46.86403],[0.77216,46.86126],[0.76619,46.85627],[0.76802,46.85115],[0.7905,46.85249],[0.79595,46.85012],[0.79655,46.84736],[0.80261,46.8494],[0.81023,46.85728],[0.82109,46.8568],[0.81937,46.86052],[0.82358,46.86152],[0.8247,46.86458],[0.81658,46.87314],[0.81135,46.88414],[0.81428,46.88907],[0.80763,46.88632],[0.78731,46.89567],[0.77926,46.90645],[0.768,46.90873],[0.76855,46.91168],[0.76294,46.91074],[0.76035,46.9142],[0.75458,46.91077],[0.74757,46.91508],[0.73403,46.9147],[0.73564,46.90956],[0.72365,46.90649],[0.73746,46.88804],[0.74816,46.88113],[0.74354,46.87172]]]},"properties":{"code_territoire":"iris370190000","libelle_territoire":"Barrou (commune non irisée)"}},
{"type":"Feature","geometry":{"type":"Polygon","coordinates":[[[0.67625,47.30629],[0.68146,47.30254],[0.67674,47.30093],[0.68123,47.29583],[0.6745,47.29122],[0.68172,47.28658],[0.68162,47.28362],[0.69152,47.28209],[0.69561,47.29495],[0.70255,47.29985],[0.71781,47.29445],[0.71878,47.29127],[0.72857,47.29467],[0.73094,47.29343],[0.72229,47.286],[0.72776,47.28524],[0.73964,47.29343],[0.75164,47.29102],[0.75551,47.29586],[0.75136,47.30128],[0.75553,47.30932],[0.74972,47.3116],[0.7548,47.31734],[0.75116,47.3188],[0.73166,47.31904],[0.73042,47.31433],[0.72009,47.31633],[0.71464,47.31364],[0.71164,47.31455],[0.70383,47.31155],[0.69872,47.31446],[0.69472,47.31226],[0.69118,47.31334],[0.67625,47.30629]]]},"properties":{"code_territoire":"iris372660102","libelle_territoire":"Veigne Nord"}},
{"type":"Feature","geometry":{"type":"Polygon","coordinates":[[[0.84667,47.36432],[0.83496,47.36651],[0.81902,47.36736],[0.80877,47.37133],[0.79696,47.3723],[0.78307,47.34401],[0.78947,47.33845],[0.79156,47.32737],[0.80022,47.32712],[0.81276,47.33949],[0.84087,47.35231],[0.84186,47.35392],[0.83781,47.3553],[0.84667,47.36432]]]},"properties":{"code_territoire":"iris372670000","libelle_territoire":"Véretz (commune non irisée)"}},
{"type":"Feature","geometry":{"type":"Polygon","coordinates":[[[0.43398,47.04148],[0.433,47.02927],[0.43966,47.02576],[0.44775,47.02991],[0.45518,47.02967],[0.46015,47.03427],[0.46525,47.03302],[0.48047,47.03626],[0.47649,47.04724],[0.48116,47.0504],[0.47514,47.05841],[0.47111,47.05578],[0.46278,47.05937],[0.45107,47.0515],[0.44213,47.05157],[0.43398,47.04148]]]},"properties":{"code_territoire":"iris372680000","libelle_territoire":"Verneuil-le-Château (commune non irisée)"}},
{"type":"Feature","geometry":{"type":"Polygon","coordinates":[[[1.07762,47.01584],[1.05467,47.01576],[1.05038,47.02408],[1.05781,47.04867],[1.06001,47.04584],[1.06526,47.04749],[1.07674,47.06202],[1.08068,47.06059],[1.08404,47.06271],[1.08068,47.07151],[1.07724,47.07066],[1.07317,47.07287],[1.07623,47.07528],[1.07235,47.07626],[1.07268,47.07884],[1.06026,47.07993],[1.05816,47.08233],[1.05407,47.07699],[1.05595,47.07448],[1.0497,47.07087],[1.04424,47.0717],[1.04034,47.06652],[1.02193,47.06596],[1.00608,47.05585],[1.00414,47.05949],[0.9952,47.05491],[0.9938,47.04974],[0.99429,47.04163],[0.99144,47.04232],[0.98408,47.03355],[0.9775,47.03181],[0.97872,47.0279],[0.99296,47.02438],[1.00033,47.01122],[1.0187,47.00408],[1.02172,46.9994],[1.03327,47.00037],[1.05636,46.99653],[1.07363,47.00302],[1.06799,47.00673],[1.07568,47.00928],[1.07762,47.01584]]]},"properties":{"code_territoire":"iris372690000","libelle_territoire":"Verneuil-sur-Indre (commune non irisée)"}},
{"type":"Feature","geometry":{"type":"Polygon","coordinates":[[[1.03805,47.1262],[1.04525,47.12794],[1.03677,47.13513],[1.0224,47.13513],[1.01894,47.13689],[1.01474,47.13553],[1.01629,47.13938],[1.00713,47.13867],[1.01275,47.11594],[1.0138,47.11897],[1.0188,47.11954],[1.02093,47.12245],[1.03162,47.11929],[1.03805,47.1262]]]},"properties":{"code_territoire":"iris370200000","libelle_territoire":"Beaulieu-lès-Loches (commune non irisée)"}},
{"type":"Feature","geometry":{"type":"Polygon","coordinates":[[[0.84607,47.46578],[0.84197,47.4847],[0.83158,47.48423],[0.82091,47.48733],[0.81942,47.4749],[0.82346,47.46958],[0.81905,47.46039],[0.81098,47.44752],[0.8182,47.44623],[0.81396,47.43796],[0.82221,47.42072],[0.82844,47.42089],[0.82817,47.41613],[0.8312,47.41455],[0.83887,47.41451],[0.83267,47.39272],[0.84748,47.39366],[0.87044,47.39754],[0.86337,47.41618],[0.86623,47.41665],[0.86465,47.42186],[0.87024,47.42546],[0.86956,47.42757],[0.85869,47.43015],[0.86545,47.44113],[0.85557,47.44311],[0.85697,47.44622],[0.84972,47.45009],[0.84634,47.45521],[0.84607,47.46578]]]},"properties":{"code_territoire":"iris372700000","libelle_territoire":"Vernou-sur-Brenne (commune non irisée)"}},
{"type":"Feature","geometry":{"type":"Polygon","coordinates":[[[0.47666,47.2278],[0.47069,47.22244],[0.47062,47.21732],[0.4824,47.20764],[0.48764,47.20916],[0.49721,47.19931],[0.50618,47.19969],[0.50859,47.20579],[0.51935,47.20074],[0.52674,47.20372],[0.52107,47.20894],[0.51451,47.2311],[0.49753,47.23509],[0.49717,47.2422],[0.49132,47.24295],[0.49031,47.24508],[0.48944,47.24646],[0.47835,47.2398],[0.47611,47.233],[0.46899,47.23011],[0.47092,47.22752],[0.47666,47.2278]]]},"properties":{"code_territoire":"iris372710000","libelle_territoire":"Villaines-les-Rochers (commune non irisée)"}},
{"type":"Feature","geometry":{"type":"Polygon","coordinates":[[[0.44181,47.32304],[0.44487,47.31787],[0.45656,47.32162],[0.46047,47.31864],[0.47074,47.3252],[0.47184,47.32904],[0.47989,47.32945],[0.49134,47.31757],[0.49012,47.31475],[0.50433,47.31347],[0.50821,47.31029],[0.50851,47.31296],[0.51586,47.31189],[0.5197,47.31682],[0.52688,47.31579],[0.53297,47.31824],[0.53194,47.32052],[0.53772,47.32344],[0.53765,47.32714],[0.53362,47.32782],[0.53038,47.34554],[0.52847,47.34875],[0.5249,47.34743],[0.52081,47.3537],[0.50478,47.34802],[0.49699,47.35033],[0.49258,47.34712],[0.47989,47.34437],[0.45018,47.32511],[0.44181,47.32304]]]},"properties":{"code_territoire":"iris372720000","libelle_territoire":"Villandry (commune non irisée)"}},
{"type":"Feature","geometry":{"type":"Polygon","coordinates":[[[0.63885,47.62574],[0.63127,47.62231],[0.63244,47.61931],[0.62526,47.61499],[0.62357,47.6099],[0.63825,47.58829],[0.62744,47.58273],[0.62399,47.57681],[0.61691,47.57806],[0.60423,47.56641],[0.61085,47.56211],[0.61443,47.54967],[0.6232,47.55399],[0.6399,47.55074],[0.65355,47.55327],[0.6561,47.54717],[0.65969,47.54754],[0.6627,47.53879],[0.67137,47.53598],[0.67743,47.53041],[0.6885,47.53471],[0.68907,47.54006],[0.69478,47.54679],[0.71113,47.55402],[0.71285,47.55991],[0.73103,47.59543],[0.72884,47.60025],[0.69159,47.59664],[0.68391,47.59877],[0.69188,47.60359],[0.69119,47.60825],[0.68415,47.60693],[0.67619,47.6122],[0.67137,47.61159],[0.66672,47.61978],[0.66832,47.62315],[0.66145,47.62532],[0.6507,47.63712],[0.64576,47.62834],[0.6415,47.62889],[0.63885,47.62574]]]},"properties":{"code_territoire":"iris370210000","libelle_territoire":"Beaumont-Louestault (commune non irisée)"}},
{"type":"Feature","geometry":{"type":"Polygon","coordinates":[[[0.78079,47.40829],[0.75985,47.40604],[0.76012,47.40389],[0.75559,47.39827],[0.76566,47.37071],[0.76769,47.37881],[0.78149,47.37734],[0.78868,47.37421],[0.78815,47.38068],[0.79225,47.383],[0.78924,47.3927],[0.79116,47.4046],[0.78079,47.40829]]]},"properties":{"code_territoire":"iris372730000","libelle_territoire":"La Ville-aux-Dames (commune non irisée)"}},
{"type":"Feature","geometry":{"type":"Polygon","coordinates":[[[0.49841,47.64463],[0.50835,47.63287],[0.5035,47.62962],[0.5043,47.61975],[0.50886,47.61202],[0.50817,47.60956],[0.50017,47.60811],[0.50123,47.60644],[0.51887,47.60238],[0.52451,47.605],[0.52518,47.60914],[0.51811,47.61558],[0.52236,47.62833],[0.54294,47.63407],[0.53661,47.64331],[0.54076,47.6434],[0.5423,47.64706],[0.54896,47.64746],[0.54759,47.65254],[0.55212,47.65522],[0.55627,47.65447],[0.55811,47.65779],[0.56303,47.65712],[0.56581,47.66425],[0.55933,47.66615],[0.5532,47.66015],[0.54381,47.65651],[0.53704,47.65713],[0.52296,47.65311],[0.51658,47.65683],[0.49841,47.64463]]]},"properties":{"code_territoire":"iris372740000","libelle_territoire":"Villebourg (commune non irisée)"}},
{"type":"Feature","geometry":{"type":"Polygon","coordinates":[[[1.20669,47.0284],[1.22314,47.02438],[1.23205,47.01418],[1.24561,47.02064],[1.25326,47.02177],[1.26803,47.03585],[1.27697,47.03949],[1.27477,47.04566],[1.26914,47.04951],[1.28299,47.05502],[1.29339,47.07243],[1.28964,47.07172],[1.28432,47.07757],[1.27363,47.0755],[1.26959,47.06965],[1.26543,47.07013],[1.26013,47.05944],[1.25353,47.06153],[1.25106,47.05731],[1.25334,47.05487],[1.24962,47.05493],[1.24419,47.05123],[1.24495,47.04912],[1.23444,47.04428],[1.22354,47.03521],[1.21872,47.03633],[1.21365,47.03438],[1.21305,47.03042],[1.20669,47.0284]]]},"properties":{"code_territoire":"iris372750000","libelle_territoire":"Villedômain (commune non irisée)"}},
{"type":"Feature","geometry":{"type":"Polygon","coordinates":[[[0.91522,47.52513],[0.91422,47.5279],[0.90525,47.52997],[0.9037,47.5413],[0.90072,47.54304],[0.9096,47.5427],[0.91188,47.54493],[0.90814,47.55375],[0.90293,47.55385],[0.89474,47.54581],[0.88929,47.55191],[0.89887,47.56851],[0.89859,47.57397],[0.90255,47.5753],[0.90047,47.5816],[0.8913,47.58614],[0.86952,47.58452],[0.85666,47.58111],[0.83707,47.58199],[0.83804,47.58052],[0.83021,47.57946],[0.82113,47.56824],[0.82287,47.56383],[0.82987,47.5628],[0.84664,47.54615],[0.84279,47.54326],[0.84689,47.54093],[0.84728,47.53689],[0.84293,47.53217],[0.84718,47.51727],[0.86937,47.51411],[0.87133,47.52393],[0.90355,47.51979],[0.91044,47.51663],[0.91522,47.52513]]]},"properties":{"code_territoire":"iris372760000","libelle_territoire":"Villedômer (commune non irisée)"}},
{"type":"Feature","geometry":{"type":"Polygon","coordinates":[[[0.1625,47.21662],[0.15883,47.19522],[0.16074,47.19276],[0.15417,47.18841],[0.14304,47.19029],[0.13867,47.18166],[0.15787,47.17912],[0.16739,47.17585],[0.19,47.17292],[0.19252,47.1768],[0.19997,47.17617],[0.19828,47.17737],[0.22067,47.18682],[0.21773,47.19437],[0.2198,47.20756],[0.21671,47.20829],[0.22061,47.21852],[0.19809,47.21715],[0.18901,47.21155],[0.18693,47.20247],[0.17741,47.20088],[0.17613,47.20379],[0.17937,47.20773],[0.1625,47.21662]]]},"properties":{"code_territoire":"iris370220000","libelle_territoire":"Beaumont-en-Véron (commune non irisée)"}},
{"type":"Feature","geometry":{"type":"Polygon","coordinates":[[[1.19245,47.15467],[1.19333,47.15735],[1.2063,47.15725],[1.21171,47.14902],[1.21366,47.15135],[1.22087,47.15232],[1.22016,47.15694],[1.22562,47.16192],[1.22473,47.16651],[1.23526,47.16941],[1.24416,47.17505],[1.22831,47.18398],[1.22583,47.19218],[1.20931,47.19692],[1.20396,47.20755],[1.19514,47.21569],[1.18557,47.21463],[1.19106,47.21086],[1.18695,47.19625],[1.16888,47.18741],[1.17847,47.18004],[1.17788,47.1768],[1.19245,47.15467]]]},"properties":{"code_territoire":"iris370230000","libelle_territoire":"Beaumont-Village (commune non irisée)"}},
{"type":"Feature","geometry":{"type":"Polygon","coordinates":[[[1.27148,47.16584],[1.24416,47.17505],[1.23526,47.16941],[1.22473,47.16651],[1.22562,47.16192],[1.22016,47.15694],[1.22087,47.15232],[1.21366,47.15135],[1.21171,47.14902],[1.19934,47.14823],[1.19542,47.1409],[1.18825,47.13909],[1.19135,47.13752],[1.19062,47.13453],[1.17882,47.13517],[1.1755,47.1315],[1.17421,47.12491],[1.19164,47.11446],[1.20676,47.11877],[1.22424,47.1201],[1.22836,47.11751],[1.23561,47.11978],[1.24583,47.11454],[1.25789,47.09969],[1.26949,47.09322],[1.27354,47.09326],[1.28641,47.11247],[1.2655,47.12456],[1.26395,47.14074],[1.26811,47.1412],[1.26611,47.15678],[1.26889,47.15991],[1.26483,47.16327],[1.27148,47.16584]]]},"properties":{"code_territoire":"iris372770000","libelle_territoire":"Villeloin-Coulangé (commune non irisée)"}},
{"type":"Feature","geometry":{"type":"Polygon","coordinates":[[[0.65777,47.17792],[0.65991,47.1817],[0.66482,47.19028],[0.65601,47.19291],[0.66305,47.19908],[0.65699,47.19963],[0.65896,47.20256],[0.64847,47.22606],[0.64191,47.22019],[0.64043,47.22147],[0.63755,47.20631],[0.63345,47.20566],[0.6182,47.21024],[0.61514,47.20834],[0.609,47.18863],[0.61257,47.18472],[0.65278,47.18198],[0.65119,47.17967],[0.65777,47.17792]]]},"properties":{"code_territoire":"iris372780000","libelle_territoire":"Villeperdue (commune non irisée)"}},
{"type":"Feature","geometry":{"type":"Polygon","coordinates":[[[0.30213,47.5472],[0.30114,47.54953],[0.30602,47.55047],[0.3059,47.55638],[0.31789,47.55926],[0.32825,47.56554],[0.33177,47.57251],[0.33603,47.57194],[0.33469,47.58016],[0.33911,47.57973],[0.33845,47.58503],[0.32982,47.59095],[0.32482,47.59146],[0.3221,47.59539],[0.27773,47.59738],[0.2675,47.60269],[0.27,47.60517],[0.26773,47.60881],[0.26245,47.60871],[0.25914,47.61229],[0.25302,47.61347],[0.24594,47.61062],[0.23067,47.61082],[0.23393,47.58989],[0.22962,47.58465],[0.23447,47.5784],[0.23801,47.57705],[0.24977,47.5799],[0.26883,47.57459],[0.2819,47.56437],[0.28749,47.56322],[0.28901,47.55928],[0.28397,47.55471],[0.29203,47.54964],[0.28928,47.54719],[0.30213,47.5472]]]},"properties":{"code_territoire":"iris372790000","libelle_territoire":"Villiers-au-Bouin (commune non irisée)"}},
{"type":"Feature","geometry":{"type":"Polygon","coordinates":[[[0.2531,47.32815],[0.25033,47.33443],[0.24291,47.33226],[0.23604,47.33592],[0.23038,47.33468],[0.23038,47.33735],[0.22736,47.33313],[0.21623,47.33376],[0.21018,47.33902],[0.20286,47.33966],[0.19841,47.34823],[0.19516,47.34835],[0.19134,47.33024],[0.19307,47.32117],[0.19617,47.31941],[0.19159,47.29317],[0.19537,47.28866],[0.20636,47.29087],[0.22749,47.28816],[0.25162,47.31907],[0.24701,47.32397],[0.2531,47.32815]]]},"properties":{"code_territoire":"iris370240000","libelle_territoire":"Benais (commune non irisée)"}},
{"type":"Feature","geometry":{"type":"Polygon","coordinates":[[[0.49451,47.35868],[0.48529,47.3525],[0.47989,47.34437],[0.49258,47.34712],[0.49699,47.35033],[0.50478,47.34802],[0.52081,47.3537],[0.56614,47.36515],[0.56352,47.37425],[0.52203,47.36669],[0.49451,47.35868]]]},"properties":{"code_territoire":"iris370250000","libelle_territoire":"Berthenay (commune non irisée)"}},
{"type":"Feature","geometry":{"type":"Polygon","coordinates":[[[0.92225,47.02877],[0.92106,47.01942],[0.9077,47.01951],[0.90508,47.0158],[0.90099,47.01057],[0.90518,46.98987],[0.8896,46.98769],[0.89344,46.98538],[0.89681,46.9761],[0.89488,46.97428],[0.89125,46.9752],[0.88904,46.97137],[0.92585,46.97394],[0.94598,46.97004],[0.95068,46.97412],[0.95504,46.9709],[0.96412,46.97849],[0.96694,46.9768],[0.97262,46.97875],[0.98246,46.9751],[0.99419,46.97413],[0.99937,46.97951],[0.99819,46.98943],[1.0028,46.9931],[1.02172,46.9994],[1.0187,47.00408],[1.00033,47.01122],[0.99296,47.02438],[0.97872,47.0279],[0.9775,47.03181],[0.95814,47.03186],[0.94731,47.03414],[0.94155,47.03094],[0.92225,47.02877]]]},"properties":{"code_territoire":"iris370260000","libelle_territoire":"Betz-le-Château (commune non irisée)"}},
{"type":"Feature","geometry":{"type":"Polygon","coordinates":[[[0.84742,47.0637],[0.85689,47.06913],[0.87525,47.07446],[0.87546,47.0765],[0.86976,47.08555],[0.86914,47.09812],[0.87478,47.10018],[0.87107,47.11131],[0.88041,47.11056],[0.86932,47.12141],[0.84766,47.12195],[0.8107,47.10292],[0.81484,47.09852],[0.81172,47.09733],[0.81659,47.08512],[0.81938,47.08515],[0.82248,47.08069],[0.82502,47.08149],[0.83245,47.07222],[0.83037,47.06934],[0.84245,47.06352],[0.84742,47.0637]]]},"properties":{"code_territoire":"iris372800000","libelle_territoire":"Vou (commune non irisée)"}},
{"type":"Feature","geometry":{"type":"Polygon","coordinates":[[[0.79116,47.4046],[0.79931,47.4031],[0.81954,47.39371],[0.83267,47.39272],[0.83887,47.41451],[0.8312,47.41455],[0.82817,47.41613],[0.82844,47.42089],[0.82221,47.42072],[0.81396,47.43796],[0.8182,47.44623],[0.81098,47.44752],[0.81905,47.46039],[0.8112,47.46344],[0.81229,47.46575],[0.80473,47.46957],[0.79399,47.46693],[0.78662,47.4533],[0.79145,47.44408],[0.77589,47.43919],[0.76991,47.4311],[0.77364,47.4306],[0.77592,47.41345],[0.78175,47.41168],[0.78079,47.40829],[0.79116,47.4046]]]},"properties":{"code_territoire":"iris372810000","libelle_territoire":"Vouvray (commune non irisée)"}},
{"type":"Feature","geometry":{"type":"Polygon","coordinates":[[[0.80981,46.81589],[0.81039,46.80834],[0.81693,46.8043],[0.81164,46.79759],[0.81508,46.78842],[0.82818,46.78678],[0.82807,46.77706],[0.83391,46.77453],[0.84755,46.76109],[0.85884,46.7605],[0.85909,46.75678],[0.86741,46.74819],[0.88464,46.75487],[0.8973,46.75633],[0.90409,46.75439],[0.9059,46.75887],[0.91671,46.75651],[0.91061,46.7614],[0.91354,46.76576],[0.91714,46.76625],[0.92214,46.77394],[0.94453,46.79117],[0.94344,46.80193],[0.9239,46.80257],[0.91666,46.8159],[0.91371,46.816],[0.89161,46.8165],[0.88532,46.82608],[0.87626,46.82372],[0.87389,46.82642],[0.85221,46.82063],[0.84228,46.82269],[0.83687,46.81631],[0.82505,46.81061],[0.82151,46.81848],[0.80981,46.81589]]]},"properties":{"code_territoire":"iris372820000","libelle_territoire":"Yzeures-sur-Creuse (commune non irisée)"}},
{"type":"Feature","geometry":{"type":"Polygon","coordinates":[[[0.94664,47.3339],[0.94726,47.32664],[0.94167,47.32644],[0.94571,47.32368],[0.94093,47.31774],[0.94319,47.31279],[0.93738,47.31021],[0.93823,47.30497],[0.93542,47.30392],[0.94206,47.29418],[0.94698,47.29315],[0.95198,47.29508],[0.96334,47.28906],[0.97408,47.29806],[0.98466,47.29279],[0.99038,47.29443],[0.99636,47.28343],[1.0085,47.28242],[1.01156,47.26824],[1.01946,47.27006],[1.02668,47.29008],[1.03256,47.29213],[1.03416,47.29694],[1.02743,47.29782],[1.03017,47.3035],[1.02241,47.30596],[1.02647,47.31101],[1.02361,47.31376],[1.02808,47.32807],[1.00364,47.32867],[0.98909,47.33121],[0.96146,47.33148],[0.94664,47.3339]]]},"properties":{"code_territoire":"iris370270000","libelle_territoire":"Bléré (commune non irisée)"}},
{"type":"Feature","geometry":{"type":"Polygon","coordinates":[[[0.91666,46.8159],[0.9239,46.80257],[0.94344,46.80193],[0.94453,46.79117],[0.9466,46.77708],[0.95512,46.77356],[0.95852,46.77591],[0.9604,46.77201],[0.96446,46.77374],[0.9795,46.75606],[0.98311,46.76422],[1.01169,46.75781],[1.0114,46.76702],[0.99908,46.78121],[1.00483,46.78665],[1.00397,46.79332],[0.99562,46.79413],[0.98724,46.79819],[0.98363,46.80377],[0.99204,46.80562],[1.00222,46.81376],[1.00631,46.81089],[1.01029,46.81446],[1.00696,46.82222],[1.00964,46.83626],[1.01576,46.84379],[1.02271,46.84559],[1.01719,46.8514],[1.01681,46.85608],[1.02272,46.86384],[1.02522,46.87986],[1.01809,46.87881],[1.01269,46.87474],[1.00196,46.87876],[0.98593,46.87777],[0.98061,46.87499],[0.9623,46.87969],[0.9554,46.87562],[0.95239,46.87719],[0.94003,46.85947],[0.94396,46.85906],[0.93262,46.85167],[0.9374,46.84445],[0.94564,46.83908],[0.93921,46.82145],[0.91666,46.8159]]]},"properties":{"code_territoire":"iris370280000","libelle_territoire":"Bossay-sur-Claise (commune non irisée)"}},
{"type":"Feature","geometry":{"type":"Polygon","coordinates":[[[0.70437,47.12415],[0.70222,47.12091],[0.70842,47.11347],[0.70923,47.09955],[0.71519,47.09191],[0.71307,47.08137],[0.73343,47.08809],[0.74224,47.0949],[0.75054,47.09695],[0.75984,47.10303],[0.76497,47.11551],[0.75688,47.13017],[0.75399,47.1331],[0.74074,47.13677],[0.73822,47.13466],[0.72239,47.13658],[0.71367,47.13095],[0.70437,47.12415]]]},"properties":{"code_territoire":"iris370290000","libelle_territoire":"Bossée (commune non irisée)"}},
{"type":"Feature","geometry":{"type":"Polygon","coordinates":[[[0.85268,47.61295],[0.82054,47.61338],[0.80884,47.60999],[0.80011,47.59562],[0.80756,47.59367],[0.8148,47.5874],[0.80899,47.57109],[0.81301,47.5706],[0.81484,47.57325],[0.82113,47.56824],[0.83021,47.57946],[0.83804,47.58052],[0.83707,47.58199],[0.85666,47.58111],[0.86952,47.58452],[0.8913,47.58614],[0.89222,47.58947],[0.88535,47.5886],[0.8873,47.59237],[0.89392,47.59605],[0.90363,47.59608],[0.90225,47.60272],[0.89902,47.60371],[0.87389,47.60008],[0.86457,47.60089],[0.86238,47.59887],[0.85943,47.60187],[0.85913,47.61152],[0.85268,47.61295]]]},"properties":{"code_territoire":"iris370300000","libelle_territoire":"Le Boulay (commune non irisée)"}},
{"type":"Feature","geometry":{"type":"Polygon","coordinates":[[[0.19987,47.25912],[0.20207,47.26673],[0.19504,47.27697],[0.19883,47.2831],[0.19537,47.28866],[0.19159,47.29317],[0.19617,47.31941],[0.19307,47.32117],[0.19134,47.33024],[0.19516,47.34835],[0.19589,47.34913],[0.17649,47.35929],[0.17032,47.35715],[0.1637,47.36472],[0.15592,47.36133],[0.15364,47.36357],[0.14038,47.3619],[0.14694,47.35174],[0.14698,47.34554],[0.15189,47.33145],[0.16457,47.32018],[0.16412,47.31173],[0.15728,47.29935],[0.16094,47.29289],[0.15609,47.27802],[0.1598,47.26917],[0.15613,47.26393],[0.16491,47.26126],[0.164,47.25555],[0.17924,47.25537],[0.19987,47.25912]]]},"properties":{"code_territoire":"iris370310000","libelle_territoire":"Bourgueil (commune non irisée)"}},
{"type":"Feature","geometry":{"type":"Polygon","coordinates":[[[0.74754,47.04915],[0.74635,47.05303],[0.75466,47.05415],[0.75537,47.0606],[0.75097,47.06976],[0.75781,47.07169],[0.74862,47.08523],[0.75054,47.09695],[0.74224,47.0949],[0.73343,47.08809],[0.71307,47.08137],[0.70765,47.0798],[0.70643,47.07409],[0.70879,47.05988],[0.69951,47.05489],[0.69818,47.05038],[0.7024,47.04881],[0.70716,47.05142],[0.71718,47.05048],[0.71703,47.04817],[0.74754,47.04915]]]},"properties":{"code_territoire":"iris370320000","libelle_territoire":"Bournan (commune non irisée)"}},
{"type":"Feature","geometry":{"type":"Polygon","coordinates":[[[0.92291,46.88295],[0.9028,46.87786],[0.89407,46.88176],[0.88536,46.88252],[0.88105,46.8688],[0.87172,46.86546],[0.87196,46.85711],[0.86429,46.85312],[0.85286,46.85137],[0.85504,46.83885],[0.86059,46.82991],[0.84647,46.82605],[0.84228,46.82269],[0.85221,46.82063],[0.87389,46.82642],[0.87626,46.82372],[0.88532,46.82608],[0.89161,46.8165],[0.91371,46.816],[0.91583,46.8278],[0.90842,46.83341],[0.92807,46.84767],[0.92679,46.85141],[0.91791,46.8563],[0.92087,46.85936],[0.91943,46.86258],[0.92551,46.86306],[0.92291,46.88295]]]},"properties":{"code_territoire":"iris370330000","libelle_territoire":"Boussay (commune non irisée)"}},
{"type":"Feature","geometry":{"type":"Polygon","coordinates":[[[0.36983,47.00229],[0.37428,46.99903],[0.36643,46.9908],[0.37598,46.98754],[0.38908,46.97871],[0.40258,46.98793],[0.40782,46.98677],[0.4126,46.9896],[0.41474,46.98759],[0.42266,46.99357],[0.43465,46.98856],[0.43658,46.99036],[0.43904,46.98165],[0.4558,46.98901],[0.45073,46.99107],[0.44881,46.99505],[0.43251,47.00229],[0.43751,47.00451],[0.43244,47.00774],[0.4355,47.00935],[0.43422,47.01428],[0.42943,47.01758],[0.41576,47.021],[0.41181,47.01578],[0.40648,47.0179],[0.40233,47.01514],[0.40542,47.01005],[0.40132,47.00779],[0.3816,47.01298],[0.37604,47.00626],[0.37827,47.00535],[0.36983,47.00229]]]},"properties":{"code_territoire":"iris370340000","libelle_territoire":"Braslou (commune non irisée)"}},
{"type":"Feature","geometry":{"type":"Polygon","coordinates":[[[0.30811,46.99996],[0.31297,46.99807],[0.305,46.99492],[0.30405,46.99068],[0.29135,46.99037],[0.29808,46.98373],[0.3056,46.98643],[0.30275,46.98186],[0.30827,46.97819],[0.29806,46.97125],[0.30804,46.96283],[0.30221,46.95535],[0.30664,46.95721],[0.31128,46.9642],[0.32954,46.96038],[0.33698,46.96186],[0.34292,46.97344],[0.35076,46.97783],[0.3501,46.97987],[0.36067,46.98396],[0.36643,46.9908],[0.37428,46.99903],[0.36983,47.00229],[0.35536,46.99945],[0.35268,46.99208],[0.32348,46.99736],[0.31835,46.99829],[0.32089,47.0058],[0.30811,46.99996]]]},"properties":{"code_territoire":"iris370350000","libelle_territoire":"Braye-sous-Faye (commune non irisée)"}},
{"type":"Feature","geometry":{"type":"Polygon","coordinates":[[[0.28928,47.54719],[0.29203,47.54964],[0.28397,47.55471],[0.28901,47.55928],[0.28749,47.56322],[0.2819,47.56437],[0.26883,47.57459],[0.24977,47.5799],[0.23801,47.57705],[0.23569,47.5758],[0.24093,47.57257],[0.23459,47.56325],[0.22868,47.56562],[0.22845,47.56392],[0.24263,47.55621],[0.24816,47.54502],[0.25661,47.54049],[0.2609,47.53967],[0.26232,47.5419],[0.28928,47.54719]]]},"properties":{"code_territoire":"iris370360000","libelle_territoire":"Braye-sur-Maulne (commune non irisée)"}},
{"type":"Feature","geometry":{"type":"Polygon","coordinates":[[[0.43776,47.55222],[0.43956,47.55461],[0.43394,47.56431],[0.41202,47.57309],[0.40574,47.57885],[0.40245,47.57849],[0.39241,47.57689],[0.37848,47.56841],[0.38359,47.55549],[0.40199,47.54687],[0.40792,47.54641],[0.41381,47.54185],[0.42456,47.54361],[0.42547,47.54606],[0.43659,47.5506],[0.43776,47.55222]]]},"properties":{"code_territoire":"iris370370000","libelle_territoire":"Brèches (commune non irisée)"}},
{"type":"Feature","geometry":{"type":"Polygon","coordinates":[[[0.39291,47.27489],[0.38608,47.28201],[0.38093,47.28708],[0.382,47.29097],[0.39778,47.29743],[0.40333,47.30267],[0.39215,47.31448],[0.36802,47.30198],[0.34354,47.29471],[0.31457,47.27395],[0.32138,47.26964],[0.32384,47.26381],[0.32734,47.26334],[0.33401,47.27089],[0.35915,47.28464],[0.37641,47.28406],[0.38016,47.2768],[0.3903,47.2739],[0.39291,47.27489]]]},"properties":{"code_territoire":"iris370380000","libelle_territoire":"Bréhémont (commune non irisée)"}},
{"type":"Feature","geometry":{"type":"Polygon","coordinates":[[[1.1102,47.02925],[1.10529,47.04215],[1.09781,47.04158],[1.0968,47.04906],[1.10063,47.0527],[1.08404,47.06271],[1.08068,47.06059],[1.07674,47.06202],[1.06526,47.04749],[1.06001,47.04584],[1.05781,47.04867],[1.05038,47.02408],[1.05467,47.01576],[1.07762,47.01584],[1.08374,47.02108],[1.08711,47.01954],[1.09718,47.02578],[1.1102,47.02925]]]},"properties":{"code_territoire":"iris370390000","libelle_territoire":"Bridoré (commune non irisée)"}},
{"type":"Feature","geometry":{"type":"Polygon","coordinates":[[[0.41191,47.11702],[0.40677,47.11346],[0.35855,47.10771],[0.35578,47.10295],[0.36343,47.09907],[0.36154,47.08148],[0.37521,47.07443],[0.3804,47.07142],[0.40313,47.08653],[0.41765,47.09682],[0.42047,47.10958],[0.41867,47.1142],[0.41191,47.11702]]]},"properties":{"code_territoire":"iris370400000","libelle_territoire":"Brizay (commune non irisée)"}},
{"type":"Feature","geometry":{"type":"Polygon","coordinates":[[[0.5861,47.64706],[0.58037,47.65975],[0.57626,47.66103],[0.57003,47.65698],[0.56303,47.65712],[0.55811,47.65779],[0.55627,47.65447],[0.55212,47.65522],[0.54759,47.65254],[0.54896,47.64746],[0.5423,47.64706],[0.54076,47.6434],[0.53661,47.64331],[0.54294,47.63407],[0.52236,47.62833],[0.51811,47.61558],[0.52518,47.60914],[0.52451,47.605],[0.53229,47.59851],[0.54137,47.60403],[0.54221,47.60013],[0.55371,47.60223],[0.55541,47.61068],[0.55092,47.61335],[0.55828,47.61911],[0.55305,47.62241],[0.58647,47.63344],[0.5861,47.64706]]]},"properties":{"code_territoire":"iris370410000","libelle_territoire":"Bueil-en-Touraine (commune non irisée)"}},
{"type":"Feature","geometry":{"type":"Polygon","coordinates":[[[0.06652,47.18966],[0.07087,47.18837],[0.09207,47.20305],[0.09449,47.20089],[0.09534,47.20586],[0.08924,47.20819],[0.09646,47.20927],[0.09181,47.21322],[0.07452,47.21444],[0.06819,47.21578],[0.06694,47.2113],[0.06239,47.20758],[0.06064,47.20855],[0.05358,47.19932],[0.05446,47.19486],[0.06652,47.18966]]]},"properties":{"code_territoire":"iris370420000","libelle_territoire":"Candes-Saint-Martin (commune non irisée)"}},
{"type":"Feature","geometry":{"type":"Polygon","coordinates":[[[1.03557,47.52822],[1.04232,47.50957],[1.03724,47.50846],[1.04087,47.49478],[1.03556,47.49011],[1.03978,47.4834],[1.03749,47.48037],[1.04142,47.47058],[1.06073,47.45545],[1.06396,47.44842],[1.08711,47.46182],[1.08539,47.46432],[1.0946,47.46942],[1.08929,47.47345],[1.07902,47.49445],[1.06569,47.50527],[1.07374,47.51234],[1.06727,47.51562],[1.06997,47.52302],[1.06455,47.52186],[1.06202,47.52424],[1.05628,47.52387],[1.05563,47.52856],[1.04483,47.53181],[1.04228,47.52843],[1.03557,47.52822]]]},"properties":{"code_territoire":"iris370430000","libelle_territoire":"Cangey (commune non irisée)"}},
{"type":"Feature","geometry":{"type":"Polygon","coordinates":[[[0.95008,46.94463],[0.95906,46.95556],[0.96394,46.95448],[0.9735,46.95832],[0.97186,46.96575],[0.95726,46.96479],[0.95504,46.9709],[0.95068,46.97412],[0.94598,46.97004],[0.92585,46.97394],[0.88904,46.97137],[0.86133,46.96557],[0.84991,46.95802],[0.84718,46.94967],[0.85033,46.94867],[0.85189,46.94368],[0.84752,46.93784],[0.85287,46.92804],[0.85717,46.92825],[0.86053,46.92327],[0.86428,46.91273],[0.8689,46.91215],[0.87729,46.91695],[0.89598,46.92047],[0.90223,46.91926],[0.89981,46.92494],[0.90302,46.93295],[0.91388,46.93196],[0.91378,46.93647],[0.91859,46.94131],[0.92361,46.93923],[0.92618,46.94241],[0.93818,46.94544],[0.95008,46.94463]]]},"properties":{"code_territoire":"iris370440000","libelle_territoire":"La Celle-Guenand (commune non irisée)"}}
]}