{"type":"FeatureCollection", "features": [
{"type":"Feature","geometry":{"type":"Polygon","coordinates":[[[-0.10493,44.99971],[-0.09749,45.00316],[-0.09332,45.00889],[-0.08896,45.01093],[-0.08761,45.01677],[-0.08939,45.01798],[-0.09372,45.01534],[-0.10178,45.01712],[-0.11324,45.01571],[-0.11649,45.01237],[-0.1231,45.01717],[-0.12585,45.02203],[-0.12861,45.02492],[-0.14286,45.0262],[-0.14202,45.0333],[-0.14713,45.03297],[-0.16857,45.00766],[-0.14679,45.00361],[-0.12803,44.99432],[-0.12054,44.99066],[-0.11308,44.9976],[-0.10493,44.99971]]]},"properties":{"code_territoire":"iris330010000","libelle_territoire":"Abzac (commune non irisée)"}},
{"type":"Feature","geometry":{"type":"Polygon","coordinates":[[[-0.01613,44.48995],[-0.01815,44.49207],[-0.01487,44.49908],[-0.0156,44.50549],[-0.01928,44.50266],[-0.02979,44.50294],[-0.03789,44.50477],[-0.04882,44.51006],[-0.04567,44.51612],[-0.04268,44.51499],[-0.04145,44.52124],[-0.05232,44.52399],[-0.05241,44.52145],[-0.05626,44.51349],[-0.06771,44.51485],[-0.06977,44.5171],[-0.0702,44.51305],[-0.07398,44.50937],[-0.0767,44.50542],[-0.08736,44.50375],[-0.09144,44.49548],[-0.10796,44.4997],[-0.10421,44.4937],[-0.09928,44.48718],[-0.10046,44.48491],[-0.11189,44.48328],[-0.11034,44.47634],[-0.11532,44.47078],[-0.11386,44.46886],[-0.11741,44.46848],[-0.11976,44.46588],[-0.11583,44.46286],[-0.11446,44.46531],[-0.1127,44.46504],[-0.11551,44.46611],[-0.11411,44.46736],[-0.11091,44.46659],[-0.10916,44.46276],[-0.1062,44.46313],[-0.10637,44.4606],[-0.10424,44.45996],[-0.09062,44.46325],[-0.08538,44.4663],[-0.08109,44.45932],[-0.07974,44.44839],[-0.07429,44.44575],[-0.06343,44.44754],[-0.0631,44.45114],[-0.05704,44.45254],[-0.0549,44.45935],[-0.04732,44.45454],[-0.04239,44.4565],[-0.03799,44.46205],[-0.04118,44.46959],[-0.04537,44.47189],[-0.03456,44.48576],[-0.01613,44.48995]]]},"properties":{"code_territoire":"iris330020000","libelle_territoire":"Aillas (commune non irisée)"}},
{"type":"Feature","geometry":{"type":"Polygon","coordinates":[[[-0.51738,44.98819],[-0.51623,44.98524],[-0.51911,44.9857],[-0.51765,44.96419],[-0.5208,44.96314],[-0.51804,44.95579],[-0.52605,44.95152],[-0.52932,44.94196],[-0.52218,44.93959],[-0.5123,44.93496],[-0.51153,44.93719],[-0.49647,44.92973],[-0.48983,44.94526],[-0.4828,44.94105],[-0.47821,44.94628],[-0.47566,44.95178],[-0.48009,44.95551],[-0.48491,44.95641],[-0.49686,44.96767],[-0.50184,44.98474],[-0.5075,44.9853],[-0.50804,44.98757],[-0.51738,44.98819]]]},"properties":{"code_territoire":"iris330030101","libelle_territoire":"Chemin de la Vie"}},
{"type":"Feature","geometry":{"type":"Polygon","coordinates":[[[-0.47821,44.94628],[-0.4828,44.94105],[-0.47751,44.9391],[-0.47796,44.9281],[-0.48124,44.92636],[-0.48879,44.92603],[-0.49483,44.9291],[-0.49733,44.92839],[-0.50376,44.91857],[-0.50181,44.91822],[-0.49424,44.91647],[-0.48696,44.91762],[-0.48429,44.91588],[-0.477,44.91864],[-0.47592,44.92333],[-0.4732,44.92359],[-0.47266,44.92162],[-0.4699,44.92242],[-0.46646,44.91965],[-0.46387,44.92802],[-0.46804,44.93156],[-0.46401,44.93639],[-0.47215,44.93906],[-0.47085,44.94161],[-0.47821,44.94628]]]},"properties":{"code_territoire":"iris330030102","libelle_territoire":"Lagrave-Le Bourg"}},
{"type":"Feature","geometry":{"type":"Polygon","coordinates":[[[-0.50376,44.91857],[-0.49733,44.92839],[-0.49483,44.9291],[-0.49647,44.92973],[-0.51153,44.93719],[-0.5123,44.93496],[-0.52218,44.93959],[-0.52382,44.93717],[-0.52748,44.93902],[-0.52759,44.93639],[-0.53105,44.93716],[-0.53231,44.93012],[-0.53402,44.93038],[-0.53634,44.92574],[-0.51952,44.92254],[-0.5144,44.9199],[-0.50984,44.91969],[-0.50544,44.91698],[-0.50376,44.91857]]]},"properties":{"code_territoire":"iris330030103","libelle_territoire":"Sabarèges"}},
{"type":"Feature","geometry":{"type":"Polygon","coordinates":[[[-0.49647,44.92973],[-0.49483,44.9291],[-0.48879,44.92603],[-0.48124,44.92636],[-0.47796,44.9281],[-0.47751,44.9391],[-0.4828,44.94105],[-0.48983,44.94526],[-0.49647,44.92973]]]},"properties":{"code_territoire":"iris330030104","libelle_territoire":"Parabelle"}},
{"type":"Feature","geometry":{"type":"Polygon","coordinates":[[[-0.59675,45.04018],[-0.60253,45.03454],[-0.59526,45.02424],[-0.58496,45.01455],[-0.55793,44.99981],[-0.55585,44.9954],[-0.55741,44.99447],[-0.5427,44.9844],[-0.51863,44.99032],[-0.51738,44.98819],[-0.50804,44.98757],[-0.50495,44.997],[-0.49998,44.99523],[-0.49475,45.00298],[-0.51597,45.01083],[-0.52476,45.01722],[-0.53417,45.02395],[-0.55604,45.03412],[-0.57403,45.03689],[-0.57541,45.03357],[-0.59057,45.03789],[-0.59675,45.04018]]]},"properties":{"code_territoire":"iris330040000","libelle_territoire":"Ambès (commune non irisée)"}},
{"type":"Feature","geometry":{"type":"Polygon","coordinates":[[[-1.07198,44.72841],[-1.07975,44.7324],[-1.07645,44.73562],[-1.0876,44.74313],[-1.08971,44.74702],[-1.10132,44.73995],[-1.1022,44.73774],[-1.10088,44.73961],[-1.09369,44.73398],[-1.09274,44.73595],[-1.09319,44.73385],[-1.08647,44.72635],[-1.07837,44.72262],[-1.07198,44.72841]]]},"properties":{"code_territoire":"iris330050101","libelle_territoire":"Sud-Ouest"}},
{"type":"Feature","geometry":{"type":"Polygon","coordinates":[[[-1.10132,44.73995],[-1.08971,44.74702],[-1.10652,44.76319],[-1.11184,44.75712],[-1.11536,44.75704],[-1.12281,44.75151],[-1.11782,44.7442],[-1.11309,44.74444],[-1.11053,44.74236],[-1.10934,44.74196],[-1.11182,44.74359],[-1.1087,44.74415],[-1.11107,44.74351],[-1.10755,44.74384],[-1.11046,44.74299],[-1.10675,44.74336],[-1.10878,44.74239],[-1.10639,44.74288],[-1.10132,44.73995]]]},"properties":{"code_territoire":"iris330050102","libelle_territoire":"Nord-Ouest"}},
{"type":"Feature","geometry":{"type":"Polygon","coordinates":[[[-1.10652,44.76319],[-1.08971,44.74702],[-1.07914,44.75221],[-1.05144,44.77632],[-1.05629,44.7764],[-1.05681,44.77967],[-1.08242,44.77473],[-1.08792,44.77031],[-1.10061,44.76803],[-1.10652,44.76319]]]},"properties":{"code_territoire":"iris330050103","libelle_territoire":"Nord-Est"}},
{"type":"Feature","geometry":{"type":"Polygon","coordinates":[[[-1.05681,44.77967],[-1.05629,44.7764],[-1.05144,44.77632],[-1.07914,44.75221],[-1.08971,44.74702],[-1.0876,44.74313],[-1.07645,44.73562],[-1.07975,44.7324],[-1.07198,44.72841],[-1.05725,44.74881],[-1.0466,44.77789],[-1.04121,44.78316],[-1.05681,44.77967]]]},"properties":{"code_territoire":"iris330050104","libelle_territoire":"Sud-Est"}},
{"type":"Feature","geometry":{"type":"Polygon","coordinates":[[[-0.67978,45.23197],[-0.67027,45.21056],[-0.66345,45.21236],[-0.66186,45.20452],[-0.65078,45.20723],[-0.64909,45.20093],[-0.65186,45.19737],[-0.64966,45.19536],[-0.64093,45.19285],[-0.63376,45.19416],[-0.62568,45.19263],[-0.62253,45.19833],[-0.61393,45.19877],[-0.60967,45.19737],[-0.60333,45.19902],[-0.60527,45.20601],[-0.60923,45.20827],[-0.60829,45.21193],[-0.60824,45.22056],[-0.61746,45.22343],[-0.65342,45.22303],[-0.67978,45.23197]]]},"properties":{"code_territoire":"iris330060000","libelle_territoire":"Anglade (commune non irisée)"}},
{"type":"Feature","geometry":{"type":"Polygon","coordinates":[[[-0.37461,44.68484],[-0.38226,44.68798],[-0.39938,44.68628],[-0.40056,44.6829],[-0.41835,44.6722],[-0.43125,44.64913],[-0.42884,44.64784],[-0.40507,44.66177],[-0.40367,44.66053],[-0.38137,44.67601],[-0.37734,44.6761],[-0.37369,44.6838],[-0.37461,44.68484]]]},"properties":{"code_territoire":"iris330070000","libelle_territoire":"Arbanats (commune non irisée)"}},
{"type":"Feature","geometry":{"type":"Polygon","coordinates":[[[-0.24428,44.6536],[-0.24389,44.65612],[-0.24091,44.65605],[-0.24346,44.66058],[-0.24144,44.66156],[-0.24404,44.66488],[-0.2426,44.66943],[-0.23483,44.68162],[-0.23032,44.6838],[-0.22649,44.68213],[-0.21676,44.68213],[-0.2129,44.6848],[-0.19812,44.68309],[-0.19262,44.68413],[-0.19378,44.68664],[-0.18887,44.69301],[-0.19555,44.69553],[-0.19176,44.69914],[-0.19746,44.70165],[-0.19543,44.70579],[-0.19939,44.70672],[-0.20065,44.70363],[-0.20659,44.70397],[-0.20834,44.70151],[-0.21268,44.70138],[-0.21946,44.70214],[-0.22505,44.70602],[-0.22874,44.70375],[-0.23138,44.70501],[-0.23383,44.70293],[-0.23123,44.70116],[-0.23522,44.69794],[-0.23837,44.69957],[-0.24131,44.6984],[-0.24076,44.69384],[-0.25101,44.69168],[-0.25696,44.6927],[-0.25783,44.68482],[-0.26213,44.67976],[-0.26061,44.67728],[-0.26508,44.67296],[-0.27237,44.67225],[-0.27429,44.66866],[-0.28241,44.66814],[-0.28396,44.66423],[-0.27592,44.66044],[-0.26794,44.65976],[-0.26026,44.65645],[-0.25225,44.65716],[-0.24428,44.6536]]]},"properties":{"code_territoire":"iris330080000","libelle_territoire":"Porte-de-Benauge (commune non irisée)"}},
{"type":"Feature","geometry":{"type":"Polygon","coordinates":[[[-1.16854,44.64688],[-1.17648,44.65353],[-1.18118,44.65255],[-1.17881,44.65578],[-1.18299,44.65717],[-1.18738,44.65387],[-1.19435,44.65239],[-1.19594,44.65341],[-1.20453,44.63867],[-1.17297,44.64581],[-1.16854,44.64688]]]},"properties":{"code_territoire":"iris330090101","libelle_territoire":"Le Moulleau-Les Abatilles"}},
{"type":"Feature","geometry":{"type":"Polygon","coordinates":[[[-1.19594,44.65341],[-1.19435,44.65239],[-1.18738,44.65387],[-1.18299,44.65717],[-1.17881,44.65578],[-1.17115,44.6528],[-1.16545,44.65655],[-1.16962,44.65918],[-1.18093,44.6612],[-1.18076,44.66371],[-1.19323,44.66001],[-1.19594,44.65341]]]},"properties":{"code_territoire":"iris330090102","libelle_territoire":"Pereire-Ville d'Hiver"}},
{"type":"Feature","geometry":{"type":"Polygon","coordinates":[[[-1.18076,44.66371],[-1.18093,44.6612],[-1.16962,44.65918],[-1.16545,44.65655],[-1.16033,44.65518],[-1.16371,44.66429],[-1.18076,44.66371]]]},"properties":{"code_territoire":"iris330090103","libelle_territoire":"Ville d'Été"}},
{"type":"Feature","geometry":{"type":"Polygon","coordinates":[[[-1.16371,44.66429],[-1.16033,44.65518],[-1.15688,44.65214],[-1.15472,44.65614],[-1.15271,44.65553],[-1.15056,44.65777],[-1.15206,44.65961],[-1.15229,44.66292],[-1.15338,44.66109],[-1.16371,44.66429]]]},"properties":{"code_territoire":"iris330090104","libelle_territoire":"Saint-Ferdinand"}},
{"type":"Feature","geometry":{"type":"Polygon","coordinates":[[[-1.15206,44.65961],[-1.15056,44.65777],[-1.15271,44.65553],[-1.15472,44.65614],[-1.15688,44.65214],[-1.16033,44.65518],[-1.16545,44.65655],[-1.17115,44.6528],[-1.17881,44.65578],[-1.18118,44.65255],[-1.17648,44.65353],[-1.16854,44.64688],[-1.13912,44.65369],[-1.1437,44.65656],[-1.14217,44.65933],[-1.14368,44.66046],[-1.15077,44.66289],[-1.15095,44.66138],[-1.1438,44.65867],[-1.14516,44.65763],[-1.15206,44.65961]]]},"properties":{"code_territoire":"iris330090105","libelle_territoire":"Aiguillon"}},
{"type":"Feature","geometry":{"type":"Polygon","coordinates":[[[-0.68357,45.08932],[-0.69435,45.08554],[-0.70491,45.08536],[-0.71898,45.08196],[-0.73004,45.08354],[-0.73446,45.08192],[-0.73591,45.07626],[-0.73337,45.07321],[-0.73528,45.0733],[-0.73747,45.06998],[-0.73731,45.0666],[-0.73502,45.06505],[-0.73044,45.06632],[-0.72878,45.06293],[-0.71665,45.06508],[-0.70053,45.07458],[-0.69286,45.07208],[-0.69048,45.07535],[-0.68397,45.07421],[-0.67674,45.07875],[-0.68357,45.08932]]]},"properties":{"code_territoire":"iris330100000","libelle_territoire":"Arcins (commune non irisée)"}},
{"type":"Feature","geometry":{"type":"Polygon","coordinates":[[[-1.0406,44.84885],[-1.05009,44.82348],[-1.13886,44.79059],[-1.14813,44.77841],[-1.16104,44.7755],[-1.15726,44.7704],[-1.15088,44.76726],[-1.15424,44.76753],[-1.15102,44.76679],[-1.15126,44.76407],[-1.15024,44.7667],[-1.14841,44.76256],[-1.14227,44.76115],[-1.13102,44.7525],[-1.12525,44.7505],[-1.12281,44.75151],[-1.11536,44.75704],[-1.11184,44.75712],[-1.10652,44.76319],[-1.10061,44.76803],[-1.08792,44.77031],[-1.08242,44.77473],[-1.05681,44.77967],[-1.04121,44.78316],[-1.02654,44.79695],[-1.00639,44.82982],[-1.0406,44.84885]]]},"properties":{"code_territoire":"iris330110000","libelle_territoire":"Arès (commune non irisée)"}},
{"type":"Feature","geometry":{"type":"Polygon","coordinates":[[[-0.7258,44.95649],[-0.69435,44.97118],[-0.67294,44.9758],[-0.66011,44.98268],[-0.66135,44.98819],[-0.65374,44.9949],[-0.6535,44.99759],[-0.64901,44.99955],[-0.65247,45.00049],[-0.6565,45.00696],[-0.65302,45.01025],[-0.65683,45.01169],[-0.66107,45.01504],[-0.66357,45.01461],[-0.6686,45.01735],[-0.67479,45.01726],[-0.67989,45.01519],[-0.70728,45.01664],[-0.71473,45.0148],[-0.71499,45.00844],[-0.71892,45.00544],[-0.71831,45.00257],[-0.72375,44.99633],[-0.73767,44.98845],[-0.74508,44.98662],[-0.7546,44.96666],[-0.7258,44.95649]]]},"properties":{"code_territoire":"iris330120000","libelle_territoire":"Arsac (commune non irisée)"}},
{"type":"Feature","geometry":{"type":"Polygon","coordinates":[[[-0.50536,44.85344],[-0.49652,44.85574],[-0.48852,44.86226],[-0.47289,44.86551],[-0.47017,44.86925],[-0.49677,44.87681],[-0.49834,44.87408],[-0.50156,44.87416],[-0.50458,44.86958],[-0.50474,44.86826],[-0.50531,44.85595],[-0.50536,44.85344]]]},"properties":{"code_territoire":"iris330130101","libelle_territoire":"Nord"}},
{"type":"Feature","geometry":{"type":"Polygon","coordinates":[[[-0.472,44.86556],[-0.47289,44.86551],[-0.48852,44.86226],[-0.49652,44.85574],[-0.50536,44.85344],[-0.50445,44.85096],[-0.50319,44.84798],[-0.5016,44.84328],[-0.49619,44.84152],[-0.49396,44.84396],[-0.49041,44.84345],[-0.4901,44.84851],[-0.48229,44.8478],[-0.47754,44.85114],[-0.472,44.86556]]]},"properties":{"code_territoire":"iris330130104","libelle_territoire":"Sud"}},
{"type":"Feature","geometry":{"type":"Polygon","coordinates":[[[-0.12803,44.99432],[-0.17251,44.96476],[-0.16145,44.95612],[-0.14989,44.95266],[-0.14515,44.96119],[-0.14199,44.96103],[-0.14368,44.96443],[-0.12938,44.9598],[-0.12907,44.96353],[-0.1255,44.96346],[-0.11537,44.97161],[-0.11928,44.97549],[-0.11299,44.97688],[-0.1175,44.98085],[-0.11897,44.98801],[-0.12311,44.98867],[-0.12054,44.99066],[-0.12803,44.99432]]]},"properties":{"code_territoire":"iris330140000","libelle_territoire":"Les Artigues-de-Lussac (commune non irisée)"}},
{"type":"Feature","geometry":{"type":"Polygon","coordinates":[[[-0.29557,44.86221],[-0.29146,44.86448],[-0.29172,44.86742],[-0.28716,44.87373],[-0.27414,44.86639],[-0.26998,44.86758],[-0.26736,44.87544],[-0.2597,44.87572],[-0.25882,44.88891],[-0.24786,44.89817],[-0.24828,44.90409],[-0.24993,44.91291],[-0.25031,44.91532],[-0.25889,44.91854],[-0.27948,44.91936],[-0.28547,44.91805],[-0.28918,44.91373],[-0.28959,44.90863],[-0.28238,44.897],[-0.28236,44.89237],[-0.28706,44.88961],[-0.29963,44.88921],[-0.30038,44.88721],[-0.30449,44.88588],[-0.30594,44.88691],[-0.3063,44.88314],[-0.30594,44.87707],[-0.3008,44.87413],[-0.31238,44.86843],[-0.3116,44.86505],[-0.30412,44.86096],[-0.30085,44.86504],[-0.29557,44.86221]]]},"properties":{"code_territoire":"iris330150000","libelle_territoire":"Arveyres (commune non irisée)"}},
{"type":"Feature","geometry":{"type":"Polygon","coordinates":[[[-0.3995,44.94719],[-0.39813,44.95193],[-0.4032,44.9534],[-0.40602,44.95664],[-0.408,44.95622],[-0.41221,44.96235],[-0.43509,44.95462],[-0.43582,44.94988],[-0.44249,44.95265],[-0.44518,44.95199],[-0.4441,44.94662],[-0.45172,44.94536],[-0.44692,44.93768],[-0.43925,44.935],[-0.41218,44.94702],[-0.3995,44.94719]]]},"properties":{"code_territoire":"iris330160000","libelle_territoire":"Asques (commune non irisée)"}},
{"type":"Feature","geometry":{"type":"Polygon","coordinates":[[[-0.22817,44.47254],[-0.23505,44.47445],[-0.24753,44.48796],[-0.25431,44.48854],[-0.26016,44.48702],[-0.25525,44.47992],[-0.25331,44.47181],[-0.25448,44.4627],[-0.25074,44.45961],[-0.25115,44.45728],[-0.24934,44.4552],[-0.24594,44.4563],[-0.23405,44.45402],[-0.22759,44.4718],[-0.22817,44.47254]]]},"properties":{"code_territoire":"iris330170000","libelle_territoire":"Aubiac (commune non irisée)"}},
{"type":"Feature","geometry":{"type":"Polygon","coordinates":[[[-0.35782,45.00043],[-0.35506,45.00898],[-0.35733,45.01161],[-0.35402,45.01286],[-0.36228,45.01855],[-0.36291,45.02122],[-0.35713,45.03317],[-0.35787,45.03593],[-0.35047,45.04601],[-0.36241,45.04736],[-0.36288,45.04496],[-0.37798,45.04344],[-0.38578,45.04067],[-0.38646,45.02901],[-0.39152,45.03005],[-0.3935,45.03266],[-0.39971,45.03296],[-0.40929,45.03879],[-0.41435,45.03674],[-0.41556,45.03384],[-0.4188,45.03393],[-0.42041,45.03092],[-0.42704,45.0156],[-0.41556,45.00883],[-0.41289,45.00948],[-0.4084,45.00759],[-0.40686,45.00542],[-0.39576,45.00682],[-0.39336,45.00493],[-0.39295,44.99915],[-0.39105,45.00046],[-0.38627,44.99928],[-0.37567,44.99473],[-0.37403,44.9973],[-0.36792,44.99551],[-0.36604,44.99733],[-0.36186,44.99627],[-0.35782,45.00043]]]},"properties":{"code_territoire":"iris330180000","libelle_territoire":"Val de Virvée (commune non irisée)"}},
{"type":"Feature","geometry":{"type":"Polygon","coordinates":[[[-0.88143,44.7601],[-0.98578,44.7326],[-0.99567,44.72402],[-0.99794,44.71973],[-1.00868,44.71544],[-1.01385,44.70551],[-1.02369,44.7013],[-1.03137,44.69536],[-1.03695,44.69403],[-1.03771,44.69232],[-1.0461,44.69218],[-1.0491,44.69267],[-1.05057,44.6953],[-1.05771,44.69399],[-1.06367,44.69738],[-1.06929,44.69613],[-1.0497,44.68204],[-1.04332,44.68347],[-1.0401,44.68608],[-1.02612,44.68815],[-1.04006,44.68444],[-1.03888,44.67981],[-1.0359,44.6779],[-1.03161,44.67948],[-1.02827,44.67676],[-1.02218,44.67798],[-1.02672,44.67667],[-1.02283,44.67709],[-1.02609,44.67585],[-1.01802,44.66821],[-1.01315,44.67045],[-1.01231,44.66654],[-1.00577,44.66874],[-0.99044,44.67026],[-0.98774,44.67274],[-0.98019,44.67422],[-0.95257,44.68632],[-0.92301,44.69263],[-0.9067,44.69972],[-0.83891,44.72917],[-0.83743,44.73709],[-0.88143,44.7601]]]},"properties":{"code_territoire":"iris330190000","libelle_territoire":"Audenge (commune non irisée)"}},
{"type":"Feature","geometry":{"type":"Polygon","coordinates":[[[0.02709,44.74847],[0.0301,44.74196],[0.02746,44.74076],[0.03022,44.73675],[0.03577,44.73536],[0.03206,44.73153],[0.03285,44.72753],[0.03766,44.72654],[0.03864,44.72339],[0.04585,44.72281],[0.04338,44.71637],[0.04725,44.71194],[0.05168,44.7138],[0.05444,44.72439],[0.05758,44.73566],[0.06209,44.74118],[0.05107,44.74795],[0.04941,44.75464],[0.04116,44.75351],[0.02709,44.74847]]]},"properties":{"code_territoire":"iris330200000","libelle_territoire":"Auriolles (commune non irisée)"}},
{"type":"Feature","geometry":{"type":"Polygon","coordinates":[[[-0.18647,44.53249],[-0.20055,44.53758],[-0.19823,44.52502],[-0.19964,44.52068],[-0.18939,44.51746],[-0.19122,44.51261],[-0.19046,44.51041],[-0.18767,44.5099],[-0.18842,44.50823],[-0.18225,44.50615],[-0.17873,44.50191],[-0.17718,44.49104],[-0.15745,44.48918],[-0.15827,44.49086],[-0.15261,44.49026],[-0.15165,44.4918],[-0.14704,44.48959],[-0.14054,44.48983],[-0.13956,44.49115],[-0.13827,44.48939],[-0.13275,44.48809],[-0.13186,44.48913],[-0.12383,44.48576],[-0.12003,44.48734],[-0.12032,44.48897],[-0.11707,44.48857],[-0.11762,44.49018],[-0.1219,44.49086],[-0.13137,44.49684],[-0.1287,44.50225],[-0.13058,44.51021],[-0.14365,44.51294],[-0.14886,44.51021],[-0.16046,44.51211],[-0.16277,44.51475],[-0.16172,44.52044],[-0.17112,44.52074],[-0.16863,44.52458],[-0.17556,44.52549],[-0.18307,44.53141],[-0.18647,44.53249]]]},"properties":{"code_territoire":"iris330210000","libelle_territoire":"Auros (commune non irisée)"}},
{"type":"Feature","geometry":{"type":"Polygon","coordinates":[[[-0.7546,44.96666],[-0.74508,44.98662],[-0.73767,44.98845],[-0.72375,44.99633],[-0.71831,45.00257],[-0.71892,45.00544],[-0.71499,45.00844],[-0.71473,45.0148],[-0.71485,45.01944],[-0.72174,45.02262],[-0.71915,45.02732],[-0.7111,45.03173],[-0.72385,45.03106],[-0.72268,45.03341],[-0.72494,45.0383],[-0.72194,45.04984],[-0.72722,45.05545],[-0.72674,45.05986],[-0.73296,45.06144],[-0.74994,45.05403],[-0.74941,45.0514],[-0.75569,45.05222],[-0.77044,45.04726],[-0.78068,45.04067],[-0.78155,45.0362],[-0.78593,45.03285],[-0.78213,45.03121],[-0.78331,45.02912],[-0.79485,45.0177],[-0.79544,45.01287],[-0.79177,45.00941],[-0.79332,45.00115],[-0.79145,44.99716],[-0.79582,44.99157],[-0.79449,44.9898],[-0.80141,44.98348],[-0.80028,44.97998],[-0.80365,44.96978],[-0.80206,44.96462],[-0.79479,44.94534],[-0.7864,44.94569],[-0.7546,44.96666]]]},"properties":{"code_territoire":"iris330220000","libelle_territoire":"Avensan (commune non irisée)"}},
{"type":"Feature","geometry":{"type":"Polygon","coordinates":[[[-0.49117,44.68618],[-0.48107,44.68858],[-0.48343,44.69305],[-0.48015,44.69682],[-0.47535,44.6975],[-0.47341,44.7037],[-0.46443,44.70938],[-0.46219,44.71422],[-0.46332,44.71787],[-0.46395,44.71946],[-0.469,44.72028],[-0.48133,44.71725],[-0.5017,44.69941],[-0.49665,44.69592],[-0.49775,44.69403],[-0.50921,44.69233],[-0.49653,44.68509],[-0.49117,44.68618]]]},"properties":{"code_territoire":"iris330230000","libelle_territoire":"Ayguemorte-les-Graves (commune non irisée)"}},
{"type":"Feature","geometry":{"type":"Polygon","coordinates":[[[-0.0468,44.632],[-0.06529,44.62428],[-0.05704,44.61328],[-0.05455,44.61196],[-0.05061,44.61363],[-0.04745,44.60684],[-0.03931,44.60489],[-0.03817,44.61178],[-0.0352,44.61437],[-0.03734,44.61997],[-0.04469,44.6211],[-0.04532,44.62547],[-0.04226,44.62629],[-0.04469,44.63233],[-0.0468,44.632]]]},"properties":{"code_territoire":"iris330240000","libelle_territoire":"Bagas (commune non irisée)"}},
{"type":"Feature","geometry":{"type":"Polygon","coordinates":[[[-0.22009,44.72404],[-0.20531,44.715],[-0.19817,44.71405],[-0.19736,44.71218],[-0.19461,44.71275],[-0.18947,44.71034],[-0.17155,44.71064],[-0.173,44.71369],[-0.17606,44.71655],[-0.17425,44.72145],[-0.17765,44.72372],[-0.17477,44.725],[-0.17588,44.73049],[-0.17407,44.73149],[-0.1928,44.73756],[-0.20249,44.73883],[-0.20219,44.73656],[-0.20536,44.73781],[-0.20933,44.73209],[-0.2115,44.7334],[-0.22009,44.72404]]]},"properties":{"code_territoire":"iris330250000","libelle_territoire":"Baigneaux (commune non irisée)"}},
{"type":"Feature","geometry":{"type":"Polygon","coordinates":[[[-0.48307,44.52293],[-0.48292,44.51616],[-0.48027,44.51478],[-0.47171,44.51625],[-0.47356,44.50977],[-0.48359,44.49287],[-0.4834,44.48487],[-0.49778,44.48756],[-0.50095,44.48292],[-0.49829,44.48125],[-0.5011,44.47289],[-0.48141,44.46487],[-0.47974,44.45737],[-0.47788,44.45753],[-0.46801,44.45764],[-0.46799,44.45315],[-0.46415,44.45487],[-0.45492,44.4546],[-0.45055,44.45774],[-0.44128,44.45922],[-0.43777,44.46555],[-0.43188,44.46607],[-0.42174,44.45991],[-0.41971,44.45583],[-0.41123,44.45163],[-0.40877,44.45364],[-0.40651,44.45643],[-0.39874,44.47126],[-0.4032,44.48172],[-0.40158,44.48168],[-0.4015,44.48619],[-0.40282,44.48525],[-0.40617,44.48662],[-0.40688,44.48969],[-0.40359,44.493],[-0.42354,44.50189],[-0.42393,44.50341],[-0.43176,44.50426],[-0.4268,44.50899],[-0.41934,44.51621],[-0.44706,44.52041],[-0.45058,44.52164],[-0.45086,44.52352],[-0.47097,44.52375],[-0.47713,44.52193],[-0.48307,44.52293]]]},"properties":{"code_territoire":"iris330260000","libelle_territoire":"Balizac (commune non irisée)"}},
{"type":"Feature","geometry":{"type":"Polygon","coordinates":[[[-0.13785,44.57781],[-0.13992,44.57286],[-0.13694,44.57021],[-0.13839,44.56743],[-0.13636,44.56678],[-0.11763,44.56202],[-0.10709,44.56403],[-0.09968,44.5639],[-0.08715,44.56863],[-0.08624,44.57325],[-0.0935,44.57492],[-0.10545,44.58204],[-0.10923,44.5822],[-0.11392,44.57986],[-0.11998,44.57191],[-0.12374,44.57017],[-0.12805,44.57089],[-0.13446,44.57742],[-0.13785,44.57781]]]},"properties":{"code_territoire":"iris330270000","libelle_territoire":"Barie (commune non irisée)"}},
{"type":"Feature","geometry":{"type":"Polygon","coordinates":[[[-0.32911,44.80933],[-0.32819,44.80622],[-0.32228,44.8026],[-0.31207,44.80085],[-0.30728,44.80306],[-0.3104,44.80427],[-0.30581,44.80917],[-0.30667,44.81324],[-0.30221,44.81808],[-0.30021,44.8267],[-0.29475,44.8325],[-0.30261,44.8343],[-0.31315,44.84299],[-0.33502,44.83991],[-0.33887,44.83511],[-0.34077,44.83516],[-0.33024,44.8164],[-0.32911,44.80933]]]},"properties":{"code_territoire":"iris330280000","libelle_territoire":"Baron (commune non irisée)"}},
{"type":"Feature","geometry":{"type":"Polygon","coordinates":[[[-0.81534,44.60776],[-0.79577,44.60487],[-0.78405,44.60586],[-0.76878,44.60099],[-0.77256,44.57314],[-0.73677,44.56736],[-0.714,44.56619],[-0.69604,44.57756],[-0.66193,44.609],[-0.69413,44.64349],[-0.73009,44.67244],[-0.7715,44.69322],[-0.80985,44.66965],[-0.81279,44.66605],[-0.81722,44.66494],[-0.81913,44.65913],[-0.82162,44.65813],[-0.82186,44.65192],[-0.82532,44.64929],[-0.81572,44.64443],[-0.82074,44.63541],[-0.81557,44.62865],[-0.80652,44.62566],[-0.81314,44.61773],[-0.81534,44.60776]]]},"properties":{"code_territoire":"iris330290000","libelle_territoire":"Le Barp (commune non irisée)"}},
{"type":"Feature","geometry":{"type":"Polygon","coordinates":[[[-0.31967,44.63195],[-0.32424,44.62472],[-0.33055,44.62299],[-0.33716,44.61137],[-0.33801,44.60957],[-0.33595,44.60834],[-0.33954,44.60463],[-0.35189,44.59886],[-0.35167,44.58939],[-0.34034,44.58207],[-0.32941,44.57962],[-0.32477,44.57554],[-0.32049,44.57538],[-0.31641,44.57767],[-0.31653,44.58484],[-0.30465,44.59536],[-0.30597,44.59742],[-0.29961,44.60075],[-0.30104,44.60227],[-0.30402,44.60686],[-0.30319,44.61792],[-0.31315,44.62743],[-0.31967,44.63195]]]},"properties":{"code_territoire":"iris330300000","libelle_territoire":"Barsac (commune non irisée)"}},
{"type":"Feature","geometry":{"type":"Polygon","coordinates":[[[-0.08039,44.5661],[-0.08406,44.56708],[-0.08407,44.5691],[-0.08715,44.56863],[-0.09968,44.5639],[-0.10709,44.56403],[-0.10844,44.55931],[-0.09291,44.5538],[-0.09653,44.55007],[-0.08976,44.55081],[-0.08805,44.55267],[-0.08538,44.55771],[-0.08242,44.55751],[-0.08039,44.5661]]]},"properties":{"code_territoire":"iris330310000","libelle_territoire":"Bassanne (commune non irisée)"}},
{"type":"Feature","geometry":{"type":"Polygon","coordinates":[[[-0.5144,44.9199],[-0.5196,44.91874],[-0.52114,44.91002],[-0.51659,44.91002],[-0.51296,44.90801],[-0.51363,44.90678],[-0.50802,44.9059],[-0.50874,44.90442],[-0.50585,44.90239],[-0.50312,44.90563],[-0.50379,44.91362],[-0.50181,44.91822],[-0.50376,44.91857],[-0.50544,44.91698],[-0.50984,44.91969],[-0.5144,44.9199]]]},"properties":{"code_territoire":"iris330320101","libelle_territoire":"Nord"}},
{"type":"Feature","geometry":{"type":"Polygon","coordinates":[[[-0.50585,44.90239],[-0.50874,44.90442],[-0.50802,44.9059],[-0.51363,44.90678],[-0.51296,44.90801],[-0.51659,44.91002],[-0.52114,44.91002],[-0.52203,44.9044],[-0.51837,44.90319],[-0.51794,44.90128],[-0.51045,44.901],[-0.5083,44.89916],[-0.50585,44.90239]]]},"properties":{"code_territoire":"iris330320102","libelle_territoire":"Centre"}},
{"type":"Feature","geometry":{"type":"Polygon","coordinates":[[[-0.5083,44.89916],[-0.51045,44.901],[-0.51794,44.90128],[-0.51837,44.90319],[-0.52203,44.9044],[-0.52656,44.88842],[-0.52246,44.88795],[-0.51711,44.88797],[-0.51621,44.89715],[-0.51429,44.8967],[-0.50926,44.89718],[-0.5083,44.89916]]]},"properties":{"code_territoire":"iris330320103","libelle_territoire":"Sud"}},
{"type":"Feature","geometry":{"type":"Polygon","coordinates":[[[-0.54787,44.91669],[-0.53652,44.89413],[-0.53526,44.88911],[-0.52656,44.88842],[-0.52203,44.9044],[-0.52114,44.91002],[-0.5196,44.91874],[-0.5144,44.9199],[-0.51952,44.92254],[-0.53634,44.92574],[-0.53683,44.92382],[-0.55015,44.92378],[-0.54787,44.91669]]]},"properties":{"code_territoire":"iris330320104","libelle_territoire":"Ouest-Zones d'Activités-Quais"}},
{"type":"Feature","geometry":{"type":"Polygon","coordinates":[[[-0.44869,44.72183],[-0.43809,44.70522],[-0.42951,44.71101],[-0.42147,44.72169],[-0.42047,44.72627],[-0.42264,44.72958],[-0.4205,44.73205],[-0.4121,44.74074],[-0.40756,44.7395],[-0.40251,44.74406],[-0.41276,44.74373],[-0.42313,44.73954],[-0.43129,44.73994],[-0.44634,44.73692],[-0.44888,44.73419],[-0.45253,44.73425],[-0.45172,44.73207],[-0.45505,44.73139],[-0.45805,44.72667],[-0.44869,44.72183]]]},"properties":{"code_territoire":"iris330330000","libelle_territoire":"Baurech (commune non irisée)"}},
{"type":"Feature","geometry":{"type":"Polygon","coordinates":[[[-0.20973,45.10046],[-0.22124,45.10793],[-0.23388,45.09424],[-0.22085,45.09169],[-0.22057,45.08953],[-0.21316,45.08422],[-0.21712,45.07895],[-0.21532,45.07617],[-0.21946,45.07389],[-0.22046,45.06703],[-0.22838,45.05185],[-0.22509,45.04747],[-0.21787,45.04453],[-0.21555,45.0416],[-0.21111,45.04112],[-0.21024,45.03927],[-0.20444,45.04347],[-0.20483,45.04716],[-0.20198,45.04867],[-0.19873,45.04756],[-0.19665,45.05402],[-0.17572,45.05232],[-0.18742,45.06522],[-0.20396,45.07286],[-0.21255,45.08919],[-0.21309,45.09363],[-0.20973,45.10046]]]},"properties":{"code_territoire":"iris330340000","libelle_territoire":"Bayas (commune non irisée)"}},
{"type":"Feature","geometry":{"type":"Polygon","coordinates":[[[-0.59675,45.04018],[-0.59569,45.04125],[-0.59877,45.04265],[-0.5893,45.05076],[-0.59199,45.05151],[-0.58591,45.05541],[-0.58051,45.06197],[-0.58073,45.06475],[-0.58503,45.06513],[-0.5907,45.06154],[-0.59752,45.06196],[-0.59866,45.05893],[-0.60316,45.05949],[-0.60503,45.06329],[-0.63836,45.04412],[-0.63582,45.0416],[-0.63719,45.04095],[-0.60903,45.01874],[-0.59526,45.02424],[-0.60253,45.03454],[-0.59675,45.04018]]]},"properties":{"code_territoire":"iris330350000","libelle_territoire":"Bayon-sur-Gironde (commune non irisée)"}},
{"type":"Feature","geometry":{"type":"Polygon","coordinates":[[[-0.17327,44.47509],[-0.19227,44.47211],[-0.19482,44.46675],[-0.18271,44.46472],[-0.19457,44.45702],[-0.20056,44.45996],[-0.20323,44.45735],[-0.21,44.45858],[-0.21677,44.46378],[-0.21244,44.46798],[-0.22759,44.4718],[-0.23405,44.45402],[-0.24594,44.4563],[-0.24934,44.4552],[-0.25115,44.45728],[-0.25895,44.45695],[-0.2681,44.45395],[-0.27573,44.45412],[-0.27574,44.45192],[-0.26374,44.44712],[-0.26493,44.44296],[-0.24795,44.43981],[-0.25683,44.42798],[-0.24512,44.42339],[-0.24911,44.41907],[-0.24773,44.41386],[-0.24271,44.41201],[-0.24011,44.4077],[-0.2321,44.40658],[-0.22767,44.41103],[-0.21823,44.40632],[-0.20478,44.405],[-0.20996,44.41793],[-0.20486,44.42076],[-0.20167,44.42033],[-0.19984,44.42257],[-0.18894,44.42988],[-0.18771,44.43339],[-0.1798,44.43345],[-0.17,44.43589],[-0.16718,44.43821],[-0.16659,44.44577],[-0.1627,44.45342],[-0.16423,44.45425],[-0.15998,44.46143],[-0.16034,44.46615],[-0.15964,44.47603],[-0.16371,44.47738],[-0.16615,44.47568],[-0.17327,44.47509]]]},"properties":{"code_territoire":"iris330360000","libelle_territoire":"Bazas (commune non irisée)"}},
{"type":"Feature","geometry":{"type":"Polygon","coordinates":[[[-0.43809,44.70522],[-0.44869,44.72183],[-0.45298,44.7213],[-0.45532,44.71537],[-0.46332,44.71787],[-0.46219,44.71422],[-0.46443,44.70938],[-0.47341,44.7037],[-0.47535,44.6975],[-0.48015,44.69682],[-0.48343,44.69305],[-0.48107,44.68858],[-0.47785,44.68521],[-0.47445,44.68699],[-0.45982,44.6937],[-0.45647,44.6974],[-0.44969,44.69703],[-0.44777,44.69898],[-0.44484,44.69875],[-0.43735,44.70449],[-0.43809,44.70522]]]},"properties":{"code_territoire":"iris330370000","libelle_territoire":"Beautiran (commune non irisée)"}},
{"type":"Feature","geometry":{"type":"Polygon","coordinates":[[[-0.95451,45.36288],[-0.91883,45.35986],[-0.89986,45.35113],[-0.90101,45.34815],[-0.89744,45.34596],[-0.89201,45.34818],[-0.88607,45.34596],[-0.88286,45.34753],[-0.87771,45.3453],[-0.87717,45.34661],[-0.87005,45.34595],[-0.86654,45.34725],[-0.86669,45.35079],[-0.86001,45.36123],[-0.85128,45.37216],[-0.80112,45.39558],[-0.81702,45.41148],[-0.86328,45.39102],[-0.86945,45.38413],[-0.87853,45.37815],[-0.88762,45.37781],[-0.88964,45.37631],[-0.91089,45.37925],[-0.92196,45.37843],[-0.92076,45.37986],[-0.92255,45.38099],[-0.93653,45.38548],[-0.94957,45.37127],[-0.95451,45.36288]]]},"properties":{"code_territoire":"iris330380000","libelle_territoire":"Bégadan (commune non irisée)"}},
{"type":"Feature","geometry":{"type":"Polygon","coordinates":[[[-0.57388,44.80867],[-0.56886,44.81026],[-0.56227,44.80928],[-0.55937,44.80636],[-0.55725,44.80562],[-0.55939,44.81261],[-0.56457,44.8131],[-0.57391,44.81074],[-0.57392,44.81065],[-0.57388,44.80867]]]},"properties":{"code_territoire":"iris330390101","libelle_territoire":"La Castagne-La Ferrade"}},
{"type":"Feature","geometry":{"type":"Polygon","coordinates":[[[-0.57122,44.8025],[-0.56169,44.80203],[-0.55894,44.80521],[-0.55937,44.80636],[-0.56227,44.80928],[-0.56886,44.81026],[-0.57388,44.80867],[-0.57256,44.80554],[-0.57122,44.8025]]]},"properties":{"code_territoire":"iris330390102","libelle_territoire":"La Raze"}},
{"type":"Feature","geometry":{"type":"Polygon","coordinates":[[[-0.55939,44.81261],[-0.55725,44.80562],[-0.55497,44.79887],[-0.55088,44.80015],[-0.55132,44.80761],[-0.55183,44.81153],[-0.55544,44.81324],[-0.55939,44.81261]]]},"properties":{"code_territoire":"iris330390103","libelle_territoire":"Centujean"}},
{"type":"Feature","geometry":{"type":"Polygon","coordinates":[[[-0.54844,44.81699],[-0.5489,44.8075],[-0.5385,44.80779],[-0.53489,44.81085],[-0.52936,44.81173],[-0.53271,44.81632],[-0.5376,44.82281],[-0.54844,44.81699]]]},"properties":{"code_territoire":"iris330390104","libelle_territoire":"Sembat"}},
{"type":"Feature","geometry":{"type":"Polygon","coordinates":[[[-0.55172,44.78775],[-0.55335,44.79333],[-0.55497,44.79887],[-0.55725,44.80562],[-0.55937,44.80636],[-0.55894,44.80521],[-0.55768,44.79789],[-0.56973,44.7994],[-0.56652,44.78767],[-0.56618,44.78351],[-0.55937,44.78348],[-0.55838,44.78535],[-0.55228,44.78698],[-0.55172,44.78775]]]},"properties":{"code_territoire":"iris330390105","libelle_territoire":"Birambits"}},
{"type":"Feature","geometry":{"type":"Polygon","coordinates":[[[-0.55544,44.81324],[-0.55183,44.81153],[-0.55132,44.80761],[-0.5489,44.8075],[-0.54844,44.81699],[-0.55544,44.81324]]]},"properties":{"code_territoire":"iris330390106","libelle_territoire":"Le Prêche"}},
{"type":"Feature","geometry":{"type":"Polygon","coordinates":[[[-0.55132,44.80761],[-0.55088,44.80015],[-0.54562,44.80044],[-0.54587,44.80268],[-0.54027,44.80388],[-0.5385,44.80779],[-0.5489,44.8075],[-0.55132,44.80761]]]},"properties":{"code_territoire":"iris330390107","libelle_territoire":"Mairie Bourg"}},
{"type":"Feature","geometry":{"type":"Polygon","coordinates":[[[-0.56973,44.7994],[-0.55768,44.79789],[-0.55894,44.80521],[-0.56169,44.80203],[-0.57122,44.8025],[-0.56973,44.7994]]]},"properties":{"code_territoire":"iris330390108","libelle_territoire":"Argous"}},
{"type":"Feature","geometry":{"type":"Polygon","coordinates":[[[-0.52936,44.81173],[-0.53489,44.81085],[-0.5385,44.80779],[-0.54027,44.80388],[-0.54587,44.80268],[-0.54562,44.80044],[-0.55088,44.80015],[-0.55497,44.79887],[-0.55335,44.79333],[-0.54043,44.79899],[-0.53643,44.79891],[-0.52734,44.80764],[-0.52936,44.81173]]]},"properties":{"code_territoire":"iris330390109","libelle_territoire":"Dorat Verduc"}},
{"type":"Feature","geometry":{"type":"Polygon","coordinates":[[[-0.52662,44.80613],[-0.52734,44.80764],[-0.53643,44.79891],[-0.54043,44.79899],[-0.55335,44.79333],[-0.55172,44.78775],[-0.54657,44.78938],[-0.53642,44.78658],[-0.53543,44.78964],[-0.52306,44.79172],[-0.52662,44.80613]]]},"properties":{"code_territoire":"iris330390110","libelle_territoire":"Zone d'Activités"}},
{"type":"Feature","geometry":{"type":"Polygon","coordinates":[[[-0.32887,44.63692],[-0.31814,44.63855],[-0.32146,44.64216],[-0.31621,44.64451],[-0.31895,44.6482],[-0.31236,44.65084],[-0.32222,44.66178],[-0.33965,44.65204],[-0.33356,44.64752],[-0.33281,44.64224],[-0.32887,44.63692]]]},"properties":{"code_territoire":"iris330400000","libelle_territoire":"Béguey (commune non irisée)"}},
{"type":"Feature","geometry":{"type":"Polygon","coordinates":[[[-0.91907,44.44349],[-0.91197,44.43681],[-0.84299,44.41837],[-0.81557,44.4211],[-0.81,44.42034],[-0.8071,44.42375],[-0.7936,44.42909],[-0.78748,44.42998],[-0.78047,44.42815],[-0.7784,44.43293],[-0.78083,44.43493],[-0.77716,44.43688],[-0.781,44.44051],[-0.76566,44.44034],[-0.73032,44.44638],[-0.72926,44.44822],[-0.69272,44.4406],[-0.68162,44.44423],[-0.67864,44.45023],[-0.6825,44.45085],[-0.7012,44.45498],[-0.7072,44.45813],[-0.70296,44.45997],[-0.69679,44.46668],[-0.69577,44.47993],[-0.69361,44.48306],[-0.70103,44.48643],[-0.70691,44.48596],[-0.71075,44.48347],[-0.71587,44.48518],[-0.71544,44.48832],[-0.7395,44.50282],[-0.7349,44.50538],[-0.72852,44.51437],[-0.7232,44.51306],[-0.71512,44.51442],[-0.72315,44.55518],[-0.714,44.56619],[-0.73677,44.56736],[-0.77256,44.57314],[-0.817,44.53738],[-0.82703,44.52522],[-0.83802,44.51771],[-0.84265,44.51821],[-0.84365,44.5146],[-0.83481,44.5153],[-0.82806,44.51171],[-0.82724,44.50803],[-0.82379,44.50719],[-0.82305,44.50969],[-0.81978,44.50862],[-0.81893,44.50199],[-0.82362,44.4953],[-0.86255,44.46398],[-0.90854,44.45204],[-0.91907,44.44349]]]},"properties":{"code_territoire":"iris330420000","libelle_territoire":"Belin-Béliet (commune non irisée)"}},
{"type":"Feature","geometry":{"type":"Polygon","coordinates":[[[-0.22009,44.72404],[-0.2115,44.7334],[-0.20933,44.73209],[-0.20536,44.73781],[-0.20219,44.73656],[-0.20249,44.73883],[-0.20366,44.74371],[-0.2168,44.74815],[-0.21971,44.74694],[-0.22272,44.74934],[-0.23362,44.74702],[-0.23866,44.74889],[-0.2423,44.73998],[-0.2395,44.74054],[-0.23903,44.73703],[-0.23628,44.73746],[-0.23424,44.73482],[-0.23076,44.73556],[-0.23115,44.73113],[-0.22696,44.72947],[-0.22009,44.72404]]]},"properties":{"code_territoire":"iris330430000","libelle_territoire":"Bellebat (commune non irisée)"}},
{"type":"Feature","geometry":{"type":"Polygon","coordinates":[[[-0.18992,44.77014],[-0.18805,44.76898],[-0.18894,44.76595],[-0.18815,44.76168],[-0.1752,44.76088],[-0.17546,44.75798],[-0.17358,44.75793],[-0.17122,44.75679],[-0.15863,44.76683],[-0.15768,44.76852],[-0.1618,44.77039],[-0.16187,44.77322],[-0.16552,44.77524],[-0.16637,44.7792],[-0.17142,44.77748],[-0.1771,44.77212],[-0.18271,44.77001],[-0.18992,44.77014]]]},"properties":{"code_territoire":"iris330440000","libelle_territoire":"Bellefond (commune non irisée)"}},
{"type":"Feature","geometry":{"type":"Polygon","coordinates":[[[-0.05239,44.88803],[-0.04892,44.88478],[-0.05031,44.88027],[-0.04706,44.874],[-0.04869,44.87092],[-0.04132,44.86575],[-0.03776,44.8693],[-0.03321,44.86907],[-0.03385,44.87121],[-0.02923,44.87165],[-0.02712,44.87141],[-0.02712,44.86964],[-0.01709,44.86744],[-0.01746,44.87378],[-0.00113,44.87374],[0.001,44.87625],[0.00109,44.87644],[-0.00198,44.87771],[-0.00241,44.88442],[-0.00573,44.88657],[-0.02266,44.88555],[-0.03358,44.89126],[-0.03207,44.88635],[-0.05239,44.88803]]]},"properties":{"code_territoire":"iris330450000","libelle_territoire":"Belvès-de-Castillon (commune non irisée)"}},
{"type":"Feature","geometry":{"type":"Polygon","coordinates":[[[-0.27078,44.39642],[-0.2807,44.39562],[-0.29112,44.38998],[-0.29718,44.38947],[-0.29458,44.38786],[-0.29554,44.38602],[-0.30274,44.38162],[-0.28994,44.37686],[-0.28213,44.37771],[-0.29691,44.36088],[-0.28887,44.34776],[-0.28051,44.34039],[-0.2796,44.33593],[-0.28438,44.32879],[-0.27619,44.32485],[-0.27004,44.32404],[-0.26803,44.3282],[-0.26124,44.32847],[-0.25858,44.33032],[-0.25493,44.32864],[-0.25637,44.32637],[-0.25475,44.32542],[-0.23585,44.32637],[-0.2336,44.33882],[-0.2351,44.34125],[-0.22779,44.34661],[-0.23043,44.34691],[-0.22941,44.35411],[-0.22218,44.35278],[-0.22337,44.34987],[-0.22086,44.35056],[-0.21525,44.36443],[-0.22898,44.36402],[-0.23197,44.36989],[-0.22951,44.37415],[-0.23749,44.37566],[-0.23542,44.38641],[-0.23819,44.38848],[-0.23606,44.39266],[-0.23851,44.40151],[-0.23608,44.40415],[-0.24449,44.39983],[-0.27078,44.39642]]]},"properties":{"code_territoire":"iris330460000","libelle_territoire":"Bernos-Beaulac (commune non irisée)"}},
{"type":"Feature","geometry":{"type":"Polygon","coordinates":[[[-0.53863,45.12253],[-0.54477,45.12277],[-0.54407,45.12797],[-0.55505,45.13091],[-0.5534,45.13331],[-0.55571,45.13529],[-0.56034,45.13497],[-0.57105,45.13845],[-0.57678,45.1381],[-0.58827,45.14084],[-0.58667,45.13585],[-0.58839,45.13357],[-0.59221,45.13447],[-0.59989,45.11479],[-0.61398,45.11637],[-0.61804,45.11137],[-0.61564,45.10954],[-0.6036,45.10816],[-0.60812,45.10347],[-0.5906,45.10064],[-0.58856,45.09926],[-0.58612,45.10095],[-0.57901,45.0967],[-0.57677,45.09844],[-0.5721,45.0981],[-0.56227,45.10068],[-0.55717,45.09818],[-0.55369,45.10223],[-0.5458,45.10108],[-0.54432,45.10449],[-0.54809,45.11157],[-0.53937,45.11739],[-0.53863,45.12253]]]},"properties":{"code_territoire":"iris330470000","libelle_territoire":"Berson (commune non irisée)"}},
{"type":"Feature","geometry":{"type":"Polygon","coordinates":[[[-0.11762,44.49018],[-0.11707,44.48857],[-0.12032,44.48897],[-0.12003,44.48734],[-0.12383,44.48576],[-0.13186,44.48913],[-0.13275,44.48809],[-0.13827,44.48939],[-0.13956,44.49115],[-0.14054,44.48983],[-0.14704,44.48959],[-0.15165,44.4918],[-0.15261,44.49026],[-0.15827,44.49086],[-0.15745,44.48918],[-0.15516,44.487],[-0.15633,44.48483],[-0.13855,44.47433],[-0.1312,44.47278],[-0.12279,44.47149],[-0.11747,44.47663],[-0.11034,44.47634],[-0.11189,44.48328],[-0.10046,44.48491],[-0.09928,44.48718],[-0.10421,44.4937],[-0.11762,44.49018]]]},"properties":{"code_territoire":"iris330480000","libelle_territoire":"Berthez (commune non irisée)"}},
{"type":"Feature","geometry":{"type":"Polygon","coordinates":[[[-0.33135,44.86999],[-0.34068,44.87578],[-0.3427,44.88119],[-0.34695,44.88199],[-0.35041,44.88958],[-0.37116,44.88672],[-0.37357,44.88803],[-0.38497,44.88149],[-0.39013,44.88471],[-0.40957,44.88125],[-0.41064,44.87235],[-0.41333,44.86312],[-0.40644,44.86405],[-0.40402,44.86244],[-0.39668,44.86225],[-0.397,44.86403],[-0.39198,44.86362],[-0.3904,44.86497],[-0.38678,44.86163],[-0.37114,44.85772],[-0.36086,44.85247],[-0.33135,44.86999]]]},"properties":{"code_territoire":"iris330490000","libelle_territoire":"Beychac-et-Caillau (commune non irisée)"}},
{"type":"Feature","geometry":{"type":"Polygon","coordinates":[[[-0.18307,44.53141],[-0.16728,44.53118],[-0.1605,44.52896],[-0.15581,44.53117],[-0.15647,44.53306],[-0.15223,44.53325],[-0.1344,44.52875],[-0.12717,44.53143],[-0.11871,44.53779],[-0.1292,44.54139],[-0.12932,44.5395],[-0.13439,44.53904],[-0.14307,44.54114],[-0.14543,44.54475],[-0.14405,44.55143],[-0.15017,44.55291],[-0.15559,44.55066],[-0.15609,44.54885],[-0.16237,44.54837],[-0.16233,44.54712],[-0.17317,44.54445],[-0.18202,44.53732],[-0.18295,44.53275],[-0.18647,44.53249],[-0.18307,44.53141]]]},"properties":{"code_territoire":"iris330500000","libelle_territoire":"Bieujac (commune non irisée)"}},
{"type":"Feature","geometry":{"type":"Polygon","coordinates":[[[-0.94136,44.63841],[-0.94807,44.64688],[-0.95947,44.6418],[-0.96849,44.63787],[-0.98267,44.6452],[-0.98338,44.64779],[-0.99323,44.65489],[-1.00898,44.65169],[-1.00061,44.64655],[-0.99809,44.64232],[-1.00203,44.64518],[-1.00053,44.64322],[-1.00418,44.63655],[-1.0017,44.63765],[-0.99948,44.63566],[-0.99792,44.62871],[-0.99341,44.62282],[-0.98649,44.61999],[-0.98256,44.62288],[-0.97907,44.62197],[-0.96638,44.63028],[-0.96105,44.62973],[-0.95375,44.63564],[-0.94589,44.6387],[-0.94136,44.63841]]]},"properties":{"code_territoire":"iris330510101","libelle_territoire":"Ouest"}},
{"type":"Feature","geometry":{"type":"Polygon","coordinates":[[[-0.98338,44.64779],[-0.98267,44.6452],[-0.96849,44.63787],[-0.95947,44.6418],[-0.96027,44.64531],[-0.97018,44.65426],[-0.98219,44.65089],[-0.98338,44.64779]]]},"properties":{"code_territoire":"iris330510102","libelle_territoire":"Centre Aggloméré"}},
{"type":"Feature","geometry":{"type":"MultiPolygon","coordinates":[[[[-1.03076,44.65281],[-1.03274,44.65175],[-1.02983,44.6488],[-1.024,44.65244],[-1.02063,44.64942],[-1.01448,44.65071],[-1.01312,44.6496],[-1.01114,44.65018],[-1.02556,44.6625],[-1.0285,44.66138],[-1.02542,44.6617],[-1.02911,44.65877],[-1.03076,44.65281]]],[[[-0.88368,44.66957],[-0.88524,44.68483],[-0.89422,44.68717],[-0.9067,44.69972],[-0.92301,44.69263],[-0.95257,44.68632],[-0.98019,44.67422],[-0.98774,44.67274],[-0.99044,44.67026],[-1.00577,44.66874],[-1.01231,44.66654],[-1.01315,44.67045],[-1.01802,44.66821],[-1.01871,44.66395],[-1.01083,44.65684],[-1.01314,44.65388],[-1.00898,44.65169],[-0.99323,44.65489],[-0.98338,44.64779],[-0.98219,44.65089],[-0.97018,44.65426],[-0.96027,44.64531],[-0.95947,44.6418],[-0.94807,44.64688],[-0.94136,44.63841],[-0.92994,44.64088],[-0.92244,44.64576],[-0.9172,44.64932],[-0.89666,44.65002],[-0.88686,44.65762],[-0.88549,44.66224],[-0.88755,44.66405],[-0.88368,44.66957]]]]},"properties":{"code_territoire":"iris330510103","libelle_territoire":"Diffus"}},
{"type":"Feature","geometry":{"type":"Polygon","coordinates":[[[-0.23059,44.97197],[-0.24117,44.97199],[-0.24773,44.96942],[-0.24702,44.97413],[-0.25314,44.97528],[-0.26194,44.96896],[-0.26207,44.95754],[-0.25979,44.95515],[-0.2521,44.95454],[-0.25136,44.95205],[-0.24223,44.95061],[-0.23912,44.94687],[-0.23794,44.94892],[-0.23146,44.94809],[-0.22863,44.95877],[-0.22135,44.9674],[-0.23059,44.97197]]]},"properties":{"code_territoire":"iris330520000","libelle_territoire":"Les Billaux (commune non irisée)"}},
{"type":"Feature","geometry":{"type":"Polygon","coordinates":[[[-0.15621,44.43042],[-0.15614,44.42395],[-0.14829,44.41791],[-0.14935,44.4135],[-0.15465,44.41167],[-0.16597,44.41987],[-0.17316,44.42241],[-0.17577,44.42256],[-0.17878,44.41685],[-0.16419,44.40668],[-0.16327,44.40222],[-0.16603,44.39953],[-0.1563,44.39903],[-0.15605,44.39784],[-0.14713,44.40028],[-0.14492,44.40366],[-0.13183,44.4],[-0.11444,44.40398],[-0.11287,44.41589],[-0.11521,44.41809],[-0.12203,44.42074],[-0.12461,44.41867],[-0.1306,44.41969],[-0.13868,44.42734],[-0.15119,44.42843],[-0.15621,44.43042]]]},"properties":{"code_territoire":"iris330530000","libelle_territoire":"Birac (commune non irisée)"}},
{"type":"Feature","geometry":{"type":"Polygon","coordinates":[[[-0.05841,44.56143],[-0.06143,44.55844],[-0.05898,44.55637],[-0.06286,44.53742],[-0.05981,44.53345],[-0.06099,44.5304],[-0.05615,44.53045],[-0.05728,44.52757],[-0.05406,44.52729],[-0.05414,44.54079],[-0.04796,44.55851],[-0.04997,44.56357],[-0.04256,44.5654],[-0.04123,44.57021],[-0.04936,44.56899],[-0.05841,44.56143]]]},"properties":{"code_territoire":"iris330540000","libelle_territoire":"Blaignac (commune non irisée)"}},
{"type":"Feature","geometry":{"type":"Polygon","coordinates":[[[-0.86275,45.33785],[-0.86563,45.33395],[-0.86949,45.33551],[-0.87481,45.3294],[-0.90152,45.32115],[-0.90528,45.32391],[-0.90367,45.32552],[-0.90744,45.32722],[-0.90992,45.33521],[-0.91387,45.33618],[-0.92025,45.33357],[-0.9359,45.33602],[-0.92603,45.33145],[-0.92758,45.32913],[-0.92335,45.32304],[-0.92529,45.32128],[-0.92136,45.31927],[-0.92302,45.3176],[-0.91812,45.31066],[-0.91865,45.30751],[-0.90899,45.30406],[-0.89433,45.30811],[-0.88468,45.30798],[-0.87844,45.30889],[-0.86779,45.31539],[-0.86254,45.31124],[-0.85943,45.31313],[-0.8507,45.31342],[-0.84019,45.3223],[-0.85006,45.32709],[-0.84677,45.33138],[-0.86275,45.33785]]]},"properties":{"code_territoire":"iris330550000","libelle_territoire":"Blaignan-Prignac (commune non irisée)"}},
{"type":"Feature","geometry":{"type":"Polygon","coordinates":[[[-0.6519,44.91691],[-0.64263,44.91691],[-0.64514,44.91926],[-0.64549,44.92417],[-0.65065,44.92909],[-0.62097,44.93047],[-0.61416,44.9292],[-0.60587,44.93771],[-0.6096,44.93994],[-0.61496,44.94217],[-0.6206,44.94101],[-0.62163,44.94731],[-0.63082,44.94822],[-0.63387,44.94475],[-0.65393,44.94117],[-0.66657,44.93832],[-0.67052,44.92998],[-0.67217,44.92555],[-0.67068,44.92274],[-0.66142,44.91839],[-0.65844,44.91979],[-0.6519,44.91691]]]},"properties":{"code_territoire":"iris330560101","libelle_territoire":"Marnières"}},
{"type":"Feature","geometry":{"type":"Polygon","coordinates":[[[-0.63437,44.91784],[-0.62813,44.91859],[-0.62097,44.93047],[-0.65065,44.92909],[-0.64549,44.92417],[-0.64514,44.91926],[-0.64263,44.91691],[-0.63437,44.91784]]]},"properties":{"code_territoire":"iris330560102","libelle_territoire":"Caychac Bourg"}},
{"type":"Feature","geometry":{"type":"Polygon","coordinates":[[[-0.61685,44.9004],[-0.62206,44.90758],[-0.62971,44.90846],[-0.63183,44.90535],[-0.63246,44.90694],[-0.63931,44.90745],[-0.6461,44.90877],[-0.64884,44.90606],[-0.64724,44.89816],[-0.64244,44.89493],[-0.63894,44.89532],[-0.63469,44.89788],[-0.62976,44.89805],[-0.61685,44.9004]]]},"properties":{"code_territoire":"iris330560103","libelle_territoire":"Majolan"}},
{"type":"Feature","geometry":{"type":"Polygon","coordinates":[[[-0.63931,44.90745],[-0.63246,44.90694],[-0.63183,44.90535],[-0.62971,44.90846],[-0.62206,44.90758],[-0.61107,44.90793],[-0.61064,44.91045],[-0.61606,44.91168],[-0.6153,44.91461],[-0.62241,44.91483],[-0.62414,44.91888],[-0.62813,44.91859],[-0.63437,44.91784],[-0.63931,44.90745]]]},"properties":{"code_territoire":"iris330560104","libelle_territoire":"Centre Ville"}},
{"type":"Feature","geometry":{"type":"Polygon","coordinates":[[[-0.64884,44.90606],[-0.6461,44.90877],[-0.63931,44.90745],[-0.63437,44.91784],[-0.64263,44.91691],[-0.6519,44.91691],[-0.6569,44.90996],[-0.64884,44.90606]]]},"properties":{"code_territoire":"iris330560105","libelle_territoire":"Saturne"}},
{"type":"Feature","geometry":{"type":"Polygon","coordinates":[[[-0.60286,44.9086],[-0.60789,44.92329],[-0.60622,44.9276],[-0.61416,44.9292],[-0.62097,44.93047],[-0.62813,44.91859],[-0.62414,44.91888],[-0.62241,44.91483],[-0.6153,44.91461],[-0.61606,44.91168],[-0.61064,44.91045],[-0.61107,44.90793],[-0.62206,44.90758],[-0.61685,44.9004],[-0.61572,44.90042],[-0.60688,44.90172],[-0.61003,44.90418],[-0.60286,44.9086]]]},"properties":{"code_territoire":"iris330560106","libelle_territoire":"Zone Industrielle"}},
{"type":"Feature","geometry":{"type":"Polygon","coordinates":[[[-0.55015,44.92378],[-0.54907,44.93883],[-0.56568,44.9426],[-0.5673,44.93702],[-0.57018,44.93758],[-0.57244,44.93401],[-0.60031,44.9351],[-0.60587,44.93771],[-0.61416,44.9292],[-0.60622,44.9276],[-0.60789,44.92329],[-0.60286,44.9086],[-0.58033,44.90901],[-0.57773,44.90777],[-0.57108,44.90941],[-0.57015,44.91296],[-0.56203,44.91273],[-0.55357,44.91519],[-0.55142,44.91397],[-0.54787,44.91669],[-0.55015,44.92378]]]},"properties":{"code_territoire":"iris330560107","libelle_territoire":"Bords de Garonne"}},
{"type":"Feature","geometry":{"type":"Polygon","coordinates":[[[-0.10913,44.77919],[-0.10687,44.77104],[-0.10879,44.76689],[-0.11389,44.76687],[-0.11453,44.75938],[-0.12634,44.76978],[-0.13696,44.76975],[-0.1401,44.76531],[-0.13584,44.76215],[-0.13796,44.76066],[-0.13809,44.75544],[-0.13592,44.74695],[-0.13265,44.74544],[-0.13294,44.74299],[-0.12976,44.74374],[-0.12948,44.74157],[-0.12335,44.73882],[-0.12201,44.73466],[-0.11718,44.73512],[-0.11628,44.73306],[-0.1094,44.73389],[-0.10588,44.73421],[-0.09478,44.72871],[-0.08683,44.72982],[-0.06933,44.72609],[-0.06506,44.72756],[-0.06237,44.7255],[-0.06076,44.72755],[-0.05513,44.72594],[-0.0479,44.73224],[-0.04614,44.73136],[-0.03894,44.7378],[-0.04006,44.73976],[-0.04662,44.74197],[-0.04431,44.74871],[-0.04738,44.75109],[-0.04956,44.75847],[-0.06393,44.76361],[-0.0582,44.77091],[-0.05756,44.77319],[-0.05963,44.77364],[-0.06175,44.77087],[-0.07985,44.76874],[-0.09248,44.77128],[-0.09355,44.77457],[-0.10901,44.77919],[-0.10913,44.77919]]]},"properties":{"code_territoire":"iris330570000","libelle_territoire":"Blasimon (commune non irisée)"}},
{"type":"Feature","geometry":{"type":"Polygon","coordinates":[[[-0.68733,45.11032],[-0.68647,45.10243],[-0.64384,45.11148],[-0.64117,45.11416],[-0.64323,45.11582],[-0.64245,45.1205],[-0.64609,45.12287],[-0.64292,45.12703],[-0.65133,45.13432],[-0.65376,45.13867],[-0.65258,45.14213],[-0.65868,45.14461],[-0.65815,45.15],[-0.67956,45.14711],[-0.68424,45.15973],[-0.69081,45.15268],[-0.68773,45.14596],[-0.69274,45.14523],[-0.68733,45.11032]]]},"properties":{"code_territoire":"iris330580000","libelle_territoire":"Blaye (commune non irisée)"}},
{"type":"Feature","geometry":{"type":"Polygon","coordinates":[[[-0.25235,44.79009],[-0.26587,44.7803],[-0.26315,44.76826],[-0.25522,44.76916],[-0.25186,44.76719],[-0.24162,44.7788],[-0.24613,44.77854],[-0.25182,44.7819],[-0.25265,44.78685],[-0.24761,44.78725],[-0.25197,44.78822],[-0.25235,44.79009]]]},"properties":{"code_territoire":"iris330590000","libelle_territoire":"Blésignac (commune non irisée)"}},
{"type":"Feature","geometry":{"type":"Polygon","coordinates":[[[-0.32934,44.55433],[-0.32859,44.55564],[-0.33564,44.5589],[-0.33181,44.5648],[-0.33354,44.56875],[-0.33847,44.57039],[-0.35244,44.56214],[-0.35616,44.55355],[-0.36066,44.55077],[-0.36073,44.54764],[-0.36161,44.54033],[-0.35182,44.53886],[-0.34311,44.54021],[-0.34261,44.54173],[-0.33695,44.54032],[-0.32934,44.55433]]]},"properties":{"code_territoire":"iris330600000","libelle_territoire":"Bommes (commune non irisée)"}},
{"type":"Feature","geometry":{"type":"Polygon","coordinates":[[[-0.39316,44.8196],[-0.39482,44.8252],[-0.40743,44.82215],[-0.41618,44.83159],[-0.42321,44.83191],[-0.4264,44.83246],[-0.42401,44.82594],[-0.42539,44.823],[-0.42267,44.81859],[-0.42648,44.81581],[-0.42073,44.81123],[-0.41509,44.80882],[-0.40721,44.81037],[-0.40631,44.81404],[-0.39798,44.8105],[-0.39225,44.81002],[-0.39316,44.8196]]]},"properties":{"code_territoire":"iris330610000","libelle_territoire":"Bonnetan (commune non irisée)"}},
{"type":"Feature","geometry":{"type":"Polygon","coordinates":[[[-0.24384,45.00214],[-0.23875,44.9989],[-0.23389,44.99958],[-0.23125,44.99829],[-0.22988,44.99551],[-0.22285,44.99148],[-0.22525,44.98881],[-0.22281,44.98893],[-0.22043,44.98428],[-0.21543,44.98728],[-0.21588,44.98924],[-0.21945,44.98982],[-0.21847,44.9926],[-0.21371,44.99254],[-0.21061,44.99033],[-0.20667,44.99387],[-0.2038,45.0007],[-0.20533,45.00495],[-0.2106,45.00717],[-0.21077,45.01071],[-0.21338,45.01299],[-0.21846,45.01379],[-0.20729,45.02643],[-0.21204,45.0319],[-0.21549,45.03346],[-0.21967,45.03112],[-0.22543,45.0184],[-0.23067,45.01242],[-0.23346,45.01236],[-0.23371,45.01066],[-0.23675,45.01131],[-0.23896,45.00562],[-0.24384,45.00214]]]},"properties":{"code_territoire":"iris330620000","libelle_territoire":"Bonzac (commune non irisée)"}},
{"type":"Feature","geometry":{"type":"Polygon","coordinates":[[[-0.57692,44.87722],[-0.57349,44.87901],[-0.56925,44.87692],[-0.56385,44.87746],[-0.56122,44.88363],[-0.55501,44.88331],[-0.554,44.8859],[-0.5499,44.88488],[-0.54964,44.89429],[-0.53652,44.89413],[-0.54787,44.91669],[-0.55142,44.91397],[-0.55357,44.91519],[-0.56203,44.91273],[-0.57015,44.91296],[-0.57108,44.90941],[-0.57773,44.90777],[-0.58033,44.90901],[-0.57693,44.8773],[-0.57692,44.87722]]]},"properties":{"code_territoire":"iris330630101","libelle_territoire":"Le Lac 1"}},
{"type":"Feature","geometry":{"type":"Polygon","coordinates":[[[-0.57571,44.86599],[-0.56679,44.86997],[-0.56385,44.87746],[-0.56925,44.87692],[-0.57349,44.87901],[-0.57692,44.87722],[-0.57606,44.86928],[-0.57571,44.86599]]]},"properties":{"code_territoire":"iris330630103","libelle_territoire":"Le Lac 3"}},
{"type":"Feature","geometry":{"type":"Polygon","coordinates":[[[-0.53652,44.89413],[-0.54964,44.89429],[-0.5499,44.88488],[-0.554,44.8859],[-0.55501,44.88331],[-0.56122,44.88363],[-0.56385,44.87746],[-0.56679,44.86997],[-0.56382,44.86781],[-0.55848,44.86426],[-0.55545,44.86177],[-0.55131,44.86214],[-0.54948,44.86471],[-0.55494,44.868],[-0.55322,44.87563],[-0.55089,44.88239],[-0.54264,44.88079],[-0.53641,44.88037],[-0.53526,44.88911],[-0.53652,44.89413]]]},"properties":{"code_territoire":"iris330630201","libelle_territoire":"Bacalan 1"}},
{"type":"Feature","geometry":{"type":"Polygon","coordinates":[[[-0.55322,44.87563],[-0.55494,44.868],[-0.54948,44.86471],[-0.54531,44.87538],[-0.55322,44.87563]]]},"properties":{"code_territoire":"iris330630202","libelle_territoire":"Bacalan 2"}},
{"type":"Feature","geometry":{"type":"Polygon","coordinates":[[[-0.54264,44.88079],[-0.55089,44.88239],[-0.55322,44.87563],[-0.54531,44.87538],[-0.54264,44.88079]]]},"properties":{"code_territoire":"iris330630203","libelle_territoire":"Bacalan 3"}},
{"type":"Feature","geometry":{"type":"Polygon","coordinates":[[[-0.53641,44.88037],[-0.54264,44.88079],[-0.54531,44.87538],[-0.54948,44.86471],[-0.55131,44.86214],[-0.54875,44.85987],[-0.54465,44.86223],[-0.54112,44.86878],[-0.5367,44.87985],[-0.53641,44.88037]]]},"properties":{"code_territoire":"iris330630204","libelle_territoire":"Bacalan 4"}},
{"type":"Feature","geometry":{"type":"Polygon","coordinates":[[[-0.55131,44.86214],[-0.55545,44.86177],[-0.55848,44.86426],[-0.56688,44.85833],[-0.56377,44.85569],[-0.55848,44.8582],[-0.5554,44.85667],[-0.54875,44.85987],[-0.55131,44.86214]]]},"properties":{"code_territoire":"iris330630301","libelle_territoire":"Chartrons-Grand Parc 1"}},
{"type":"Feature","geometry":{"type":"Polygon","coordinates":[[[-0.56874,44.85991],[-0.57225,44.85432],[-0.56999,44.8533],[-0.56519,44.85145],[-0.5554,44.85667],[-0.55848,44.8582],[-0.56377,44.85569],[-0.56688,44.85833],[-0.56874,44.85991]]]},"properties":{"code_territoire":"iris330630302","libelle_territoire":"Chartrons-Grand Parc 2"}},
{"type":"Feature","geometry":{"type":"Polygon","coordinates":[[[-0.56874,44.85991],[-0.56688,44.85833],[-0.55848,44.86426],[-0.56382,44.86781],[-0.56874,44.85991]]]},"properties":{"code_territoire":"iris330630303","libelle_territoire":"Chartrons-Grand Parc 3"}},
{"type":"Feature","geometry":{"type":"Polygon","coordinates":[[[-0.58361,44.86288],[-0.58097,44.85989],[-0.57511,44.86064],[-0.57569,44.8659],[-0.57571,44.86599],[-0.58361,44.86288]]]},"properties":{"code_territoire":"iris330630305","libelle_territoire":"Chartrons-Grand Parc 5"}},
{"type":"Feature","geometry":{"type":"Polygon","coordinates":[[[-0.5894,44.85923],[-0.58668,44.85719],[-0.5817,44.85953],[-0.58097,44.85989],[-0.58361,44.86288],[-0.58731,44.86132],[-0.5894,44.85923]]]},"properties":{"code_territoire":"iris330630306","libelle_territoire":"Chartrons-Grand Parc 6"}},
{"type":"Feature","geometry":{"type":"Polygon","coordinates":[[[-0.5817,44.85953],[-0.57748,44.85504],[-0.57457,44.85533],[-0.57511,44.86064],[-0.58097,44.85989],[-0.5817,44.85953]]]},"properties":{"code_territoire":"iris330630307","libelle_territoire":"Chartrons-Grand Parc 7"}},
{"type":"Feature","geometry":{"type":"Polygon","coordinates":[[[-0.57748,44.85504],[-0.5817,44.85953],[-0.58668,44.85719],[-0.58315,44.85501],[-0.57748,44.85504]]]},"properties":{"code_territoire":"iris330630308","libelle_territoire":"Chartrons-Grand Parc 8"}},
{"type":"Feature","geometry":{"type":"Polygon","coordinates":[[[-0.56519,44.85145],[-0.56999,44.8533],[-0.57144,44.85156],[-0.57343,44.85242],[-0.57514,44.8496],[-0.57559,44.84889],[-0.57089,44.84872],[-0.571,44.84576],[-0.56771,44.84567],[-0.56519,44.85145]]]},"properties":{"code_territoire":"iris330630309","libelle_territoire":"Chartrons-Grand Parc 9"}},
{"type":"Feature","geometry":{"type":"Polygon","coordinates":[[[-0.57457,44.85533],[-0.57748,44.85504],[-0.58315,44.85501],[-0.58002,44.8531],[-0.57691,44.85016],[-0.57386,44.85507],[-0.57457,44.85533]]]},"properties":{"code_territoire":"iris330630310","libelle_territoire":"Chartrons-Grand Parc 10"}},
{"type":"Feature","geometry":{"type":"Polygon","coordinates":[[[-0.57386,44.85507],[-0.57691,44.85016],[-0.57514,44.8496],[-0.57343,44.85242],[-0.57144,44.85156],[-0.56999,44.8533],[-0.57225,44.85432],[-0.57386,44.85507]]]},"properties":{"code_territoire":"iris330630311","libelle_territoire":"Chartrons-Grand Parc 11"}},
{"type":"Feature","geometry":{"type":"Polygon","coordinates":[[[-0.57225,44.85432],[-0.56874,44.85991],[-0.57569,44.8659],[-0.57511,44.86064],[-0.57457,44.85533],[-0.57386,44.85507],[-0.57225,44.85432]]]},"properties":{"code_territoire":"iris330630312","libelle_territoire":"Chartrons-Grand Parc 12"}},
{"type":"Feature","geometry":{"type":"Polygon","coordinates":[[[-0.56382,44.86781],[-0.56679,44.86997],[-0.57571,44.86599],[-0.57569,44.8659],[-0.56874,44.85991],[-0.56382,44.86781]]]},"properties":{"code_territoire":"iris330630313","libelle_territoire":"Chartrons-Grand Parc 13"}},
{"type":"Feature","geometry":{"type":"Polygon","coordinates":[[[-0.54112,44.86878],[-0.54465,44.86223],[-0.54875,44.85987],[-0.5554,44.85667],[-0.56519,44.85145],[-0.56771,44.84567],[-0.56716,44.84383],[-0.56428,44.83957],[-0.56294,44.83836],[-0.55483,44.84334],[-0.54963,44.84653],[-0.55161,44.84793],[-0.53887,44.85832],[-0.5383,44.86131],[-0.53699,44.8663],[-0.53691,44.86838],[-0.54112,44.86878]]]},"properties":{"code_territoire":"iris330630401","libelle_territoire":"La Bastide 1"}},
{"type":"Feature","geometry":{"type":"Polygon","coordinates":[[[-0.5469,44.84659],[-0.54702,44.84813],[-0.54963,44.84653],[-0.55483,44.84334],[-0.55154,44.84067],[-0.54687,44.84142],[-0.5469,44.84659]]]},"properties":{"code_territoire":"iris330630402","libelle_territoire":"La Bastide 2"}},
{"type":"Feature","geometry":{"type":"Polygon","coordinates":[[[-0.53887,44.85832],[-0.55161,44.84793],[-0.54963,44.84653],[-0.54702,44.84813],[-0.5469,44.84659],[-0.53783,44.84729],[-0.53887,44.85832]]]},"properties":{"code_territoire":"iris330630403","libelle_territoire":"La Bastide 3"}},
{"type":"Feature","geometry":{"type":"Polygon","coordinates":[[[-0.53783,44.84729],[-0.5469,44.84659],[-0.54687,44.84142],[-0.54213,44.84174],[-0.54142,44.84236],[-0.53783,44.84729]]]},"properties":{"code_territoire":"iris330630404","libelle_territoire":"La Bastide 4"}},
{"type":"Feature","geometry":{"type":"Polygon","coordinates":[[[-0.54213,44.84174],[-0.54687,44.84142],[-0.55154,44.84067],[-0.55483,44.84334],[-0.56294,44.83836],[-0.55896,44.83539],[-0.55784,44.83473],[-0.55238,44.8319],[-0.5376,44.82281],[-0.53333,44.82787],[-0.548,44.83569],[-0.54213,44.84174]]]},"properties":{"code_territoire":"iris330630405","libelle_territoire":"La Bastide 5"}},
{"type":"Feature","geometry":{"type":"Polygon","coordinates":[[[-0.58049,44.83495],[-0.57791,44.83202],[-0.57726,44.83188],[-0.57521,44.83503],[-0.57336,44.83489],[-0.57379,44.83754],[-0.57616,44.83736],[-0.58099,44.83649],[-0.58049,44.83495]]]},"properties":{"code_territoire":"iris330630501","libelle_territoire":"Hôtel de Ville-Quinconces 1"}},
{"type":"Feature","geometry":{"type":"Polygon","coordinates":[[[-0.5718,44.83769],[-0.57379,44.83754],[-0.57336,44.83489],[-0.56956,44.83531],[-0.56294,44.83836],[-0.56428,44.83957],[-0.5718,44.83769]]]},"properties":{"code_territoire":"iris330630502","libelle_territoire":"Hôtel de Ville-Quinconces 2"}},
{"type":"Feature","geometry":{"type":"Polygon","coordinates":[[[-0.57451,44.84212],[-0.57863,44.8418],[-0.57616,44.83736],[-0.57379,44.83754],[-0.57451,44.84212]]]},"properties":{"code_territoire":"iris330630503","libelle_territoire":"Hôtel de Ville-Quinconces 3"}},
{"type":"Feature","geometry":{"type":"Polygon","coordinates":[[[-0.5718,44.83769],[-0.57029,44.84269],[-0.57451,44.84212],[-0.57379,44.83754],[-0.5718,44.83769]]]},"properties":{"code_territoire":"iris330630504","libelle_territoire":"Hôtel de Ville-Quinconces 4"}},
{"type":"Feature","geometry":{"type":"Polygon","coordinates":[[[-0.57029,44.84269],[-0.5718,44.83769],[-0.56428,44.83957],[-0.56716,44.84383],[-0.57029,44.84269]]]},"properties":{"code_territoire":"iris330630505","libelle_territoire":"Hôtel de Ville-Quinconces 5"}},
{"type":"Feature","geometry":{"type":"Polygon","coordinates":[[[-0.58135,44.84755],[-0.5811,44.84163],[-0.5801,44.84168],[-0.57671,44.84701],[-0.58135,44.84755]]]},"properties":{"code_territoire":"iris330630506","libelle_territoire":"Hôtel de Ville-Quinconces 6"}},
{"type":"Feature","geometry":{"type":"Polygon","coordinates":[[[-0.56716,44.84383],[-0.56771,44.84567],[-0.571,44.84576],[-0.57089,44.84872],[-0.57559,44.84889],[-0.57671,44.84701],[-0.5801,44.84168],[-0.57863,44.8418],[-0.57451,44.84212],[-0.57029,44.84269],[-0.56716,44.84383]]]},"properties":{"code_territoire":"iris330630507","libelle_territoire":"Hôtel de Ville-Quinconces 7"}},
{"type":"Feature","geometry":{"type":"Polygon","coordinates":[[[-0.58266,44.84152],[-0.58109,44.83684],[-0.58099,44.83649],[-0.57616,44.83736],[-0.57863,44.8418],[-0.5801,44.84168],[-0.5811,44.84163],[-0.58266,44.84152]]]},"properties":{"code_territoire":"iris330630508","libelle_territoire":"Hôtel de Ville-Quinconces 8"}},
{"type":"Feature","geometry":{"type":"Polygon","coordinates":[[[-0.58626,44.85017],[-0.58603,44.85007],[-0.58002,44.8531],[-0.58315,44.85501],[-0.59142,44.85247],[-0.58997,44.85165],[-0.58626,44.85017]]]},"properties":{"code_territoire":"iris330630601","libelle_territoire":"Saint-Seurin-Fondaudège 1"}},
{"type":"Feature","geometry":{"type":"Polygon","coordinates":[[[-0.58002,44.8531],[-0.58603,44.85007],[-0.58277,44.84856],[-0.58135,44.84755],[-0.57671,44.84701],[-0.57559,44.84889],[-0.57514,44.8496],[-0.57691,44.85016],[-0.58002,44.8531]]]},"properties":{"code_territoire":"iris330630602","libelle_territoire":"Saint-Seurin-Fondaudège 2"}},
{"type":"Feature","geometry":{"type":"Polygon","coordinates":[[[-0.59338,44.85385],[-0.59142,44.85247],[-0.58315,44.85501],[-0.58668,44.85719],[-0.5894,44.85923],[-0.59299,44.85439],[-0.59338,44.85385]]]},"properties":{"code_territoire":"iris330630603","libelle_territoire":"Saint-Seurin-Fondaudège 3"}},
{"type":"Feature","geometry":{"type":"Polygon","coordinates":[[[-0.59185,44.8451],[-0.5889,44.84417],[-0.58626,44.85017],[-0.58997,44.85165],[-0.59243,44.85239],[-0.59185,44.8451]]]},"properties":{"code_territoire":"iris330630604","libelle_territoire":"Saint-Seurin-Fondaudège 4"}},
{"type":"Feature","geometry":{"type":"Polygon","coordinates":[[[-0.58277,44.84856],[-0.5874,44.84396],[-0.58305,44.84149],[-0.58266,44.84152],[-0.5811,44.84163],[-0.58135,44.84755],[-0.58277,44.84856]]]},"properties":{"code_territoire":"iris330630605","libelle_territoire":"Saint-Seurin-Fondaudège 5"}},
{"type":"Feature","geometry":{"type":"Polygon","coordinates":[[[-0.59402,44.85318],[-0.59766,44.84827],[-0.59358,44.84546],[-0.59185,44.8451],[-0.59243,44.85239],[-0.58997,44.85165],[-0.59142,44.85247],[-0.59338,44.85385],[-0.59402,44.85318]]]},"properties":{"code_territoire":"iris330630606","libelle_territoire":"Saint-Seurin-Fondaudège 6"}},
{"type":"Feature","geometry":{"type":"Polygon","coordinates":[[[-0.58626,44.85017],[-0.5889,44.84417],[-0.5874,44.84396],[-0.58277,44.84856],[-0.58603,44.85007],[-0.58626,44.85017]]]},"properties":{"code_territoire":"iris330630607","libelle_territoire":"Saint-Seurin-Fondaudège 7"}},
{"type":"Feature","geometry":{"type":"Polygon","coordinates":[[[-0.59766,44.84827],[-0.59874,44.84546],[-0.59934,44.84023],[-0.59226,44.84076],[-0.59424,44.84218],[-0.59358,44.84546],[-0.59766,44.84827]]]},"properties":{"code_territoire":"iris330630608","libelle_territoire":"Saint-Seurin-Fondaudège 8"}},
{"type":"Feature","geometry":{"type":"Polygon","coordinates":[[[-0.59358,44.84546],[-0.59424,44.84218],[-0.59226,44.84076],[-0.58511,44.84133],[-0.58305,44.84149],[-0.5874,44.84396],[-0.5889,44.84417],[-0.59185,44.8451],[-0.59358,44.84546]]]},"properties":{"code_territoire":"iris330630609","libelle_territoire":"Saint-Seurin-Fondaudège 9"}},
{"type":"Feature","geometry":{"type":"Polygon","coordinates":[[[-0.61245,44.86062],[-0.61397,44.85533],[-0.60129,44.85573],[-0.60518,44.85815],[-0.61245,44.86062]]]},"properties":{"code_territoire":"iris330630701","libelle_territoire":"Villa Primerose Parc Bordelais-Caudéran 1"}},
{"type":"Feature","geometry":{"type":"Polygon","coordinates":[[[-0.60129,44.85573],[-0.61397,44.85533],[-0.61475,44.85227],[-0.61439,44.85225],[-0.60428,44.85002],[-0.59766,44.84827],[-0.59402,44.85318],[-0.60129,44.85573]]]},"properties":{"code_territoire":"iris330630702","libelle_territoire":"Villa Primerose Parc Bordelais-Caudéran 2"}},
{"type":"Feature","geometry":{"type":"Polygon","coordinates":[[[-0.60695,44.84463],[-0.60617,44.84449],[-0.59874,44.84546],[-0.59766,44.84827],[-0.60428,44.85002],[-0.60695,44.84463]]]},"properties":{"code_territoire":"iris330630703","libelle_territoire":"Villa Primerose Parc Bordelais-Caudéran 3"}},
{"type":"Feature","geometry":{"type":"Polygon","coordinates":[[[-0.60428,44.85002],[-0.61439,44.85225],[-0.61298,44.84889],[-0.61546,44.84534],[-0.61535,44.84534],[-0.60695,44.84463],[-0.60428,44.85002]]]},"properties":{"code_territoire":"iris330630704","libelle_territoire":"Villa Primerose Parc Bordelais-Caudéran 4"}},
{"type":"Feature","geometry":{"type":"Polygon","coordinates":[[[-0.60687,44.83701],[-0.59902,44.8366],[-0.59934,44.84023],[-0.59874,44.84546],[-0.60617,44.84449],[-0.60838,44.84033],[-0.60682,44.83964],[-0.6119,44.8392],[-0.6113,44.83831],[-0.60687,44.83701]]]},"properties":{"code_territoire":"iris330630705","libelle_territoire":"Villa Primerose Parc Bordelais-Caudéran 5"}},
{"type":"Feature","geometry":{"type":"Polygon","coordinates":[[[-0.61535,44.84534],[-0.6119,44.8392],[-0.60682,44.83964],[-0.60838,44.84033],[-0.60617,44.84449],[-0.60695,44.84463],[-0.61535,44.84534]]]},"properties":{"code_territoire":"iris330630706","libelle_territoire":"Villa Primerose Parc Bordelais-Caudéran 6"}},
{"type":"Feature","geometry":{"type":"Polygon","coordinates":[[[-0.61827,44.86322],[-0.62156,44.85338],[-0.61987,44.85242],[-0.61475,44.85227],[-0.61397,44.85533],[-0.61245,44.86062],[-0.61274,44.86064],[-0.61827,44.86322]]]},"properties":{"code_territoire":"iris330630801","libelle_territoire":"Lestonnat-Monséjour 1"}},
{"type":"Feature","geometry":{"type":"Polygon","coordinates":[[[-0.62262,44.86597],[-0.62652,44.85594],[-0.62156,44.85338],[-0.61827,44.86322],[-0.62262,44.86597]]]},"properties":{"code_territoire":"iris330630802","libelle_territoire":"Lestonnat-Monséjour 2"}},
{"type":"Feature","geometry":{"type":"Polygon","coordinates":[[[-0.62812,44.84732],[-0.62145,44.84701],[-0.61987,44.85242],[-0.62156,44.85338],[-0.62652,44.85594],[-0.62812,44.84732]]]},"properties":{"code_territoire":"iris330630803","libelle_territoire":"Lestonnat-Monséjour 3"}},
{"type":"Feature","geometry":{"type":"Polygon","coordinates":[[[-0.61475,44.85227],[-0.61987,44.85242],[-0.62145,44.84701],[-0.61779,44.84576],[-0.61546,44.84534],[-0.61298,44.84889],[-0.61439,44.85225],[-0.61475,44.85227]]]},"properties":{"code_territoire":"iris330630804","libelle_territoire":"Lestonnat-Monséjour 4"}},
{"type":"Feature","geometry":{"type":"Polygon","coordinates":[[[-0.62103,44.83859],[-0.61986,44.84123],[-0.62255,44.84238],[-0.61779,44.84576],[-0.62145,44.84701],[-0.62812,44.84732],[-0.62662,44.83888],[-0.62589,44.83879],[-0.62103,44.83859]]]},"properties":{"code_territoire":"iris330630805","libelle_territoire":"Lestonnat-Monséjour 5"}},
{"type":"Feature","geometry":{"type":"Polygon","coordinates":[[[-0.6113,44.83831],[-0.6119,44.8392],[-0.61535,44.84534],[-0.61546,44.84534],[-0.61779,44.84576],[-0.62255,44.84238],[-0.61986,44.84123],[-0.62103,44.83859],[-0.6113,44.83831]]]},"properties":{"code_territoire":"iris330630806","libelle_territoire":"Lestonnat-Monséjour 6"}},
{"type":"Feature","geometry":{"type":"Polygon","coordinates":[[[-0.63214,44.8514],[-0.62665,44.85597],[-0.63748,44.8566],[-0.6381,44.85645],[-0.63605,44.85505],[-0.63714,44.85197],[-0.63214,44.8514]]]},"properties":{"code_territoire":"iris330630807","libelle_territoire":"Lestonnat-Monséjour 7"}},
{"type":"Feature","geometry":{"type":"Polygon","coordinates":[[[-0.63042,44.84385],[-0.62697,44.83894],[-0.62662,44.83888],[-0.62812,44.84732],[-0.62652,44.85594],[-0.62665,44.85597],[-0.63214,44.8514],[-0.63349,44.84638],[-0.63044,44.84551],[-0.63042,44.84385]]]},"properties":{"code_territoire":"iris330630808","libelle_territoire":"Lestonnat-Monséjour 8"}},
{"type":"Feature","geometry":{"type":"Polygon","coordinates":[[[-0.63748,44.8566],[-0.62665,44.85597],[-0.62652,44.85594],[-0.62262,44.86597],[-0.63093,44.87166],[-0.63419,44.86536],[-0.63145,44.86384],[-0.63832,44.86073],[-0.63748,44.8566]]]},"properties":{"code_territoire":"iris330630809","libelle_territoire":"Lestonnat-Monséjour 9"}},
{"type":"Feature","geometry":{"type":"Polygon","coordinates":[[[-0.6067,44.8219],[-0.60005,44.82366],[-0.59669,44.82671],[-0.60162,44.82716],[-0.60289,44.83052],[-0.61285,44.82776],[-0.61358,44.8265],[-0.61504,44.82307],[-0.61054,44.82266],[-0.6067,44.8219]]]},"properties":{"code_territoire":"iris330630901","libelle_territoire":"Saint-Augustin 1"}},
{"type":"Feature","geometry":{"type":"Polygon","coordinates":[[[-0.59402,44.82188],[-0.60005,44.82366],[-0.6067,44.8219],[-0.60297,44.81842],[-0.59599,44.82046],[-0.59402,44.82188]]]},"properties":{"code_territoire":"iris330630902","libelle_territoire":"Saint-Augustin 2"}},
{"type":"Feature","geometry":{"type":"Polygon","coordinates":[[[-0.58921,44.82537],[-0.59497,44.82899],[-0.59855,44.83142],[-0.60289,44.83052],[-0.60162,44.82716],[-0.59669,44.82671],[-0.60005,44.82366],[-0.59402,44.82188],[-0.58921,44.82537]]]},"properties":{"code_territoire":"iris330630903","libelle_territoire":"Saint-Augustin 3"}},
{"type":"Feature","geometry":{"type":"Polygon","coordinates":[[[-0.61285,44.82776],[-0.60289,44.83052],[-0.60221,44.83245],[-0.61032,44.83419],[-0.61263,44.83257],[-0.61285,44.82776]]]},"properties":{"code_territoire":"iris330630904","libelle_territoire":"Saint-Augustin 4"}},
{"type":"Feature","geometry":{"type":"Polygon","coordinates":[[[-0.61032,44.83419],[-0.60221,44.83245],[-0.60289,44.83052],[-0.59855,44.83142],[-0.59902,44.8366],[-0.60687,44.83701],[-0.61032,44.83419]]]},"properties":{"code_territoire":"iris330630905","libelle_territoire":"Saint-Augustin 5"}},
{"type":"Feature","geometry":{"type":"Polygon","coordinates":[[[-0.59902,44.8366],[-0.5907,44.83827],[-0.58511,44.84133],[-0.59226,44.84076],[-0.59934,44.84023],[-0.59902,44.8366]]]},"properties":{"code_territoire":"iris330631001","libelle_territoire":"Saint-Bruno-Saint-Victor 1"}},
{"type":"Feature","geometry":{"type":"Polygon","coordinates":[[[-0.58305,44.84149],[-0.58511,44.84133],[-0.5907,44.83827],[-0.58885,44.83535],[-0.58109,44.83684],[-0.58266,44.84152],[-0.58305,44.84149]]]},"properties":{"code_territoire":"iris330631002","libelle_territoire":"Saint-Bruno-Saint-Victor 2"}},
{"type":"Feature","geometry":{"type":"Polygon","coordinates":[[[-0.59497,44.82899],[-0.58771,44.83214],[-0.58885,44.83535],[-0.5907,44.83827],[-0.59902,44.8366],[-0.59855,44.83142],[-0.59497,44.82899]]]},"properties":{"code_territoire":"iris330631003","libelle_territoire":"Saint-Bruno-Saint-Victor 3"}},
{"type":"Feature","geometry":{"type":"Polygon","coordinates":[[[-0.58352,44.82863],[-0.57791,44.83202],[-0.58049,44.83495],[-0.58734,44.83117],[-0.58592,44.82751],[-0.58352,44.82863]]]},"properties":{"code_territoire":"iris330631004","libelle_territoire":"Saint-Bruno-Saint-Victor 4"}},
{"type":"Feature","geometry":{"type":"Polygon","coordinates":[[[-0.58099,44.83649],[-0.58109,44.83684],[-0.58885,44.83535],[-0.58771,44.83214],[-0.58734,44.83117],[-0.58049,44.83495],[-0.58099,44.83649]]]},"properties":{"code_territoire":"iris330631005","libelle_territoire":"Saint-Bruno-Saint-Victor 5"}},
{"type":"Feature","geometry":{"type":"Polygon","coordinates":[[[-0.58771,44.83214],[-0.59497,44.82899],[-0.58921,44.82537],[-0.58592,44.82751],[-0.58734,44.83117],[-0.58771,44.83214]]]},"properties":{"code_territoire":"iris330631006","libelle_territoire":"Saint-Bruno-Saint-Victor 6"}},
{"type":"Feature","geometry":{"type":"Polygon","coordinates":[[[-0.56737,44.83148],[-0.56178,44.83318],[-0.56645,44.83483],[-0.56737,44.83148]]]},"properties":{"code_territoire":"iris330631101","libelle_territoire":"Capucins-Victoire 1"}},
{"type":"Feature","geometry":{"type":"Polygon","coordinates":[[[-0.57336,44.83489],[-0.57521,44.83503],[-0.57726,44.83188],[-0.57256,44.83112],[-0.57336,44.83489]]]},"properties":{"code_territoire":"iris330631102","libelle_territoire":"Capucins-Victoire 2"}},
{"type":"Feature","geometry":{"type":"Polygon","coordinates":[[[-0.56743,44.83134],[-0.56956,44.83531],[-0.57336,44.83489],[-0.57256,44.83112],[-0.57199,44.83095],[-0.56982,44.83088],[-0.56743,44.83134]]]},"properties":{"code_territoire":"iris330631103","libelle_territoire":"Capucins-Victoire 3"}},
{"type":"Feature","geometry":{"type":"Polygon","coordinates":[[[-0.56737,44.83148],[-0.56645,44.83483],[-0.56178,44.83318],[-0.55896,44.83539],[-0.56294,44.83836],[-0.56956,44.83531],[-0.56743,44.83134],[-0.56737,44.83148]]]},"properties":{"code_territoire":"iris330631104","libelle_territoire":"Capucins-Victoire 4"}},
{"type":"Feature","geometry":{"type":"Polygon","coordinates":[[[-0.56989,44.83023],[-0.56077,44.82819],[-0.55875,44.83132],[-0.5606,44.83252],[-0.55784,44.83473],[-0.55896,44.83539],[-0.56178,44.83318],[-0.56737,44.83148],[-0.56743,44.83134],[-0.56982,44.83088],[-0.56989,44.83023]]]},"properties":{"code_territoire":"iris330631105","libelle_territoire":"Capucins-Victoire 5"}},
{"type":"Feature","geometry":{"type":"Polygon","coordinates":[[[-0.56982,44.83088],[-0.57199,44.83095],[-0.57564,44.82752],[-0.57246,44.82708],[-0.57023,44.82698],[-0.56989,44.83023],[-0.56982,44.83088]]]},"properties":{"code_territoire":"iris330631106","libelle_territoire":"Capucins-Victoire 6"}},
{"type":"Feature","geometry":{"type":"Polygon","coordinates":[[[-0.57564,44.82752],[-0.57199,44.83095],[-0.57256,44.83112],[-0.57726,44.83188],[-0.57578,44.82741],[-0.57564,44.82752]]]},"properties":{"code_territoire":"iris330631107","libelle_territoire":"Capucins-Victoire 7"}},
{"type":"Feature","geometry":{"type":"Polygon","coordinates":[[[-0.56077,44.82819],[-0.56989,44.83023],[-0.57023,44.82698],[-0.56831,44.82689],[-0.56282,44.82537],[-0.56077,44.82819]]]},"properties":{"code_territoire":"iris330631108","libelle_territoire":"Capucins-Victoire 8"}},
{"type":"Feature","geometry":{"type":"Polygon","coordinates":[[[-0.57791,44.83202],[-0.58352,44.82863],[-0.57765,44.82554],[-0.57578,44.82741],[-0.57726,44.83188],[-0.57791,44.83202]]]},"properties":{"code_territoire":"iris330631201","libelle_territoire":"Nansouty 1"}},
{"type":"Feature","geometry":{"type":"Polygon","coordinates":[[[-0.58286,44.82134],[-0.58018,44.82307],[-0.57765,44.82554],[-0.58352,44.82863],[-0.58592,44.82751],[-0.58921,44.82537],[-0.58614,44.82339],[-0.58286,44.82134]]]},"properties":{"code_territoire":"iris330631202","libelle_territoire":"Nansouty 2"}},
{"type":"Feature","geometry":{"type":"Polygon","coordinates":[[[-0.57353,44.81271],[-0.57228,44.81658],[-0.57231,44.81896],[-0.57638,44.81836],[-0.57812,44.82137],[-0.58018,44.82307],[-0.58286,44.82134],[-0.57854,44.81856],[-0.5739,44.81268],[-0.57353,44.81271]]]},"properties":{"code_territoire":"iris330631203","libelle_territoire":"Nansouty 3"}},
{"type":"Feature","geometry":{"type":"Polygon","coordinates":[[[-0.57246,44.82708],[-0.57564,44.82752],[-0.57578,44.82741],[-0.57765,44.82554],[-0.58018,44.82307],[-0.57812,44.82137],[-0.57255,44.8233],[-0.57246,44.82708]]]},"properties":{"code_territoire":"iris330631204","libelle_territoire":"Nansouty 4"}},
{"type":"Feature","geometry":{"type":"Polygon","coordinates":[[[-0.57222,44.81954],[-0.57255,44.8233],[-0.57812,44.82137],[-0.57638,44.81836],[-0.57231,44.81896],[-0.57222,44.81954]]]},"properties":{"code_territoire":"iris330631205","libelle_territoire":"Nansouty 5"}},
{"type":"Feature","geometry":{"type":"Polygon","coordinates":[[[-0.56581,44.82279],[-0.57185,44.82048],[-0.57222,44.81954],[-0.57231,44.81896],[-0.57228,44.81658],[-0.56591,44.81659],[-0.56582,44.82178],[-0.56581,44.82279]]]},"properties":{"code_territoire":"iris330631206","libelle_territoire":"Nansouty 6"}},
{"type":"Feature","geometry":{"type":"Polygon","coordinates":[[[-0.56282,44.82537],[-0.56831,44.82689],[-0.57185,44.82048],[-0.56581,44.82279],[-0.56282,44.82537]]]},"properties":{"code_territoire":"iris330631207","libelle_territoire":"Nansouty 7"}},
{"type":"Feature","geometry":{"type":"Polygon","coordinates":[[[-0.56457,44.8131],[-0.56591,44.81659],[-0.57228,44.81658],[-0.57353,44.81271],[-0.57391,44.81074],[-0.56457,44.8131]]]},"properties":{"code_territoire":"iris330631208","libelle_territoire":"Nansouty 8"}},
{"type":"Feature","geometry":{"type":"Polygon","coordinates":[[[-0.57023,44.82698],[-0.57246,44.82708],[-0.57255,44.8233],[-0.57222,44.81954],[-0.57185,44.82048],[-0.56831,44.82689],[-0.57023,44.82698]]]},"properties":{"code_territoire":"iris330631209","libelle_territoire":"Nansouty 9"}},
{"type":"Feature","geometry":{"type":"Polygon","coordinates":[[[-0.5376,44.82281],[-0.55238,44.8319],[-0.55447,44.82912],[-0.55514,44.82227],[-0.55061,44.82102],[-0.54844,44.81699],[-0.5376,44.82281]]]},"properties":{"code_territoire":"iris330631301","libelle_territoire":"Gare Saint-Jean 1"}},
{"type":"Feature","geometry":{"type":"Polygon","coordinates":[[[-0.55939,44.81261],[-0.55061,44.82102],[-0.55514,44.82227],[-0.55447,44.82912],[-0.5572,44.82598],[-0.56074,44.82113],[-0.5622,44.82242],[-0.56582,44.82178],[-0.56591,44.81659],[-0.56457,44.8131],[-0.55939,44.81261]]]},"properties":{"code_territoire":"iris330631302","libelle_territoire":"Gare Saint-Jean 2"}},
{"type":"Feature","geometry":{"type":"Polygon","coordinates":[[[-0.54844,44.81699],[-0.55061,44.82102],[-0.55939,44.81261],[-0.55544,44.81324],[-0.54844,44.81699]]]},"properties":{"code_territoire":"iris330631303","libelle_territoire":"Gare Saint-Jean 3"}},
{"type":"Feature","geometry":{"type":"Polygon","coordinates":[[[-0.55238,44.8319],[-0.55784,44.83473],[-0.5606,44.83252],[-0.55875,44.83132],[-0.56077,44.82819],[-0.56282,44.82537],[-0.5572,44.82598],[-0.55447,44.82912],[-0.55238,44.8319]]]},"properties":{"code_territoire":"iris330631304","libelle_territoire":"Gare Saint-Jean 4"}},
{"type":"Feature","geometry":{"type":"Polygon","coordinates":[[[-0.56581,44.82279],[-0.56582,44.82178],[-0.5622,44.82242],[-0.56074,44.82113],[-0.5572,44.82598],[-0.56282,44.82537],[-0.56581,44.82279]]]},"properties":{"code_territoire":"iris330631305","libelle_territoire":"Gare Saint-Jean 5"}},
{"type":"Feature","geometry":{"type":"Polygon","coordinates":[[[-0.06836,44.7944],[-0.06487,44.78562],[-0.06105,44.7858],[-0.0578,44.7899],[-0.0459,44.7847],[-0.03778,44.78532],[-0.03565,44.79233],[-0.04806,44.79724],[-0.052,44.79495],[-0.0558,44.79667],[-0.05949,44.79503],[-0.06821,44.79568],[-0.06836,44.7944]]]},"properties":{"code_territoire":"iris330640000","libelle_territoire":"Bossugan (commune non irisée)"}},
{"type":"Feature","geometry":{"type":"Polygon","coordinates":[[[-0.49836,44.80556],[-0.49494,44.80796],[-0.49358,44.81308],[-0.47332,44.82278],[-0.47474,44.82542],[-0.48599,44.82694],[-0.49456,44.83059],[-0.50139,44.83044],[-0.50923,44.82622],[-0.51368,44.82138],[-0.53271,44.81632],[-0.52936,44.81173],[-0.52734,44.80764],[-0.52662,44.80613],[-0.52386,44.80637],[-0.52041,44.8024],[-0.49836,44.80556]]]},"properties":{"code_territoire":"iris330650000","libelle_territoire":"Bouliac (commune non irisée)"}},
{"type":"Feature","geometry":{"type":"Polygon","coordinates":[[[0.03251,44.55059],[0.03019,44.55017],[0.03173,44.55354],[0.02821,44.55433],[0.02907,44.5558],[0.02625,44.55728],[0.02785,44.5594],[0.01717,44.56048],[0.0153,44.56142],[0.01748,44.56306],[0.00985,44.56472],[0.00122,44.5724],[-0.01086,44.57492],[-0.01467,44.57701],[-0.0176,44.57658],[-0.01572,44.57324],[-0.0169,44.56674],[-0.01115,44.55443],[-0.00138,44.55197],[0.02059,44.54172],[0.02479,44.54816],[0.03086,44.54884],[0.03251,44.55059]]]},"properties":{"code_territoire":"iris330660000","libelle_territoire":"Bourdelles (commune non irisée)"}},
{"type":"Feature","geometry":{"type":"Polygon","coordinates":[[[-0.56803,45.05829],[-0.56829,45.05139],[-0.57552,45.04909],[-0.57781,45.04631],[-0.58187,45.04825],[-0.59057,45.03789],[-0.57541,45.03357],[-0.57403,45.03689],[-0.55604,45.03412],[-0.53417,45.02395],[-0.52476,45.01722],[-0.5068,45.02536],[-0.50665,45.03052],[-0.51342,45.0313],[-0.51308,45.03254],[-0.51698,45.03171],[-0.52087,45.03599],[-0.51974,45.03834],[-0.53389,45.04703],[-0.53507,45.04997],[-0.54292,45.05328],[-0.54469,45.05795],[-0.54936,45.06055],[-0.55949,45.06138],[-0.56319,45.06186],[-0.5651,45.05884],[-0.56803,45.05829]]]},"properties":{"code_territoire":"iris330670000","libelle_territoire":"Bourg (commune non irisée)"}},
{"type":"Feature","geometry":{"type":"Polygon","coordinates":[[[-0.52812,44.36454],[-0.51752,44.33913],[-0.47897,44.32496],[-0.43184,44.32257],[-0.42763,44.3288],[-0.43219,44.34719],[-0.42572,44.35929],[-0.43447,44.37447],[-0.43752,44.37699],[-0.43668,44.3823],[-0.43194,44.38864],[-0.43286,44.39529],[-0.43869,44.40014],[-0.44164,44.39377],[-0.45868,44.39474],[-0.46052,44.38856],[-0.47534,44.38862],[-0.49255,44.3826],[-0.5081,44.37924],[-0.51689,44.37952],[-0.52418,44.37443],[-0.52807,44.3746],[-0.52812,44.36454]]]},"properties":{"code_territoire":"iris330680000","libelle_territoire":"Bourideys (commune non irisée)"}},
{"type":"Feature","geometry":{"type":"Polygon","coordinates":[[[-0.60518,44.85815],[-0.59967,44.86052],[-0.60173,44.86192],[-0.59988,44.86516],[-0.6023,44.86702],[-0.60575,44.86607],[-0.60983,44.86495],[-0.61274,44.86064],[-0.61245,44.86062],[-0.60518,44.85815]]]},"properties":{"code_territoire":"iris330690101","libelle_territoire":"Jean Moulin"}},
{"type":"Feature","geometry":{"type":"Polygon","coordinates":[[[-0.59712,44.86168],[-0.59308,44.86228],[-0.59714,44.86857],[-0.59825,44.87058],[-0.60298,44.87037],[-0.6004,44.86795],[-0.6023,44.86702],[-0.59988,44.86516],[-0.60173,44.86192],[-0.59967,44.86052],[-0.59712,44.86168]]]},"properties":{"code_territoire":"iris330690102","libelle_territoire":"Centre-Ermitage"}},
{"type":"Feature","geometry":{"type":"Polygon","coordinates":[[[-0.59333,44.87055],[-0.5942,44.86849],[-0.59714,44.86857],[-0.59308,44.86228],[-0.58722,44.86206],[-0.58799,44.86697],[-0.58098,44.86829],[-0.58176,44.86935],[-0.59333,44.87055]]]},"properties":{"code_territoire":"iris330690103","libelle_territoire":"La Garenne-Baudin"}},
{"type":"Feature","geometry":{"type":"Polygon","coordinates":[[[-0.6137,44.87104],[-0.61322,44.87076],[-0.60575,44.86607],[-0.6023,44.86702],[-0.6004,44.86795],[-0.60298,44.87037],[-0.59825,44.87058],[-0.59714,44.86857],[-0.5942,44.86849],[-0.59333,44.87055],[-0.59519,44.87136],[-0.59377,44.87316],[-0.60129,44.87438],[-0.6137,44.87104]]]},"properties":{"code_territoire":"iris330690104","libelle_territoire":"Ausone-Les Écus"}},
{"type":"Feature","geometry":{"type":"Polygon","coordinates":[[[-0.58176,44.86935],[-0.58098,44.86829],[-0.58799,44.86697],[-0.58722,44.86206],[-0.58731,44.86132],[-0.58361,44.86288],[-0.57571,44.86599],[-0.57606,44.86928],[-0.58176,44.86935]]]},"properties":{"code_territoire":"iris330690105","libelle_territoire":"Jean-Jaurès-Ravezies"}},
{"type":"Feature","geometry":{"type":"Polygon","coordinates":[[[-0.58731,44.86132],[-0.58722,44.86206],[-0.59308,44.86228],[-0.59712,44.86168],[-0.59299,44.85439],[-0.5894,44.85923],[-0.58731,44.86132]]]},"properties":{"code_territoire":"iris330690106","libelle_territoire":"Marceau-Tivoli"}},
{"type":"Feature","geometry":{"type":"Polygon","coordinates":[[[-0.59299,44.85439],[-0.59712,44.86168],[-0.59967,44.86052],[-0.60518,44.85815],[-0.60129,44.85573],[-0.59402,44.85318],[-0.59338,44.85385],[-0.59299,44.85439]]]},"properties":{"code_territoire":"iris330690107","libelle_territoire":"Barrière du Médoc"}},
{"type":"Feature","geometry":{"type":"Polygon","coordinates":[[[-0.61274,44.86064],[-0.60983,44.86495],[-0.60575,44.86607],[-0.61322,44.87076],[-0.61748,44.8675],[-0.61383,44.86506],[-0.61827,44.86322],[-0.61274,44.86064]]]},"properties":{"code_territoire":"iris330690108","libelle_territoire":"Chêneraie-Lavigne"}},
{"type":"Feature","geometry":{"type":"Polygon","coordinates":[[[-0.63093,44.87166],[-0.62262,44.86597],[-0.61827,44.86322],[-0.61383,44.86506],[-0.61748,44.8675],[-0.61322,44.87076],[-0.6137,44.87104],[-0.61724,44.87352],[-0.62213,44.87673],[-0.63044,44.87367],[-0.63093,44.87166]]]},"properties":{"code_territoire":"iris330690109","libelle_territoire":"Hippodrome-Lafon-Féline"}},
{"type":"Feature","geometry":{"type":"Polygon","coordinates":[[[-0.99812,45.03158],[-0.98224,45.02277],[-0.97805,45.0153],[-0.96576,45.01597],[-0.94282,45.02072],[-0.92484,45.02651],[-0.89555,45.03243],[-0.91173,45.05733],[-0.93982,45.06595],[-0.96063,45.06559],[-0.96757,45.05772],[-0.9776,45.05331],[-0.98626,45.04576],[-0.98888,45.04581],[-0.99812,45.03158]]]},"properties":{"code_territoire":"iris330700000","libelle_territoire":"Brach (commune non irisée)"}},
{"type":"Feature","geometry":{"type":"Polygon","coordinates":[[[-0.18808,44.83257],[-0.1891,44.82855],[-0.19404,44.82512],[-0.18704,44.82086],[-0.17945,44.82057],[-0.17513,44.82124],[-0.17375,44.82456],[-0.16802,44.82471],[-0.16788,44.82878],[-0.17515,44.83306],[-0.17094,44.83596],[-0.1705,44.83947],[-0.17696,44.83751],[-0.18313,44.833],[-0.18808,44.83257]]]},"properties":{"code_territoire":"iris330710000","libelle_territoire":"Branne (commune non irisée)"}},
{"type":"Feature","geometry":{"type":"Polygon","coordinates":[[[-0.18307,44.53141],[-0.17556,44.52549],[-0.16863,44.52458],[-0.17112,44.52074],[-0.16172,44.52044],[-0.16277,44.51475],[-0.16046,44.51211],[-0.14886,44.51021],[-0.14365,44.51294],[-0.13058,44.51021],[-0.13102,44.51295],[-0.13734,44.51753],[-0.1344,44.52875],[-0.15223,44.53325],[-0.15647,44.53306],[-0.15581,44.53117],[-0.1605,44.52896],[-0.16728,44.53118],[-0.18307,44.53141]]]},"properties":{"code_territoire":"iris330720000","libelle_territoire":"Brannens (commune non irisée)"}},
{"type":"Feature","geometry":{"type":"Polygon","coordinates":[[[-0.67978,45.23197],[-0.65342,45.22303],[-0.61746,45.22343],[-0.6082,45.22903],[-0.59775,45.22813],[-0.59459,45.23387],[-0.58441,45.23236],[-0.57858,45.24224],[-0.58574,45.24785],[-0.59625,45.2511],[-0.60127,45.25501],[-0.602,45.25747],[-0.59737,45.26153],[-0.61382,45.26826],[-0.6314,45.26786],[-0.63258,45.27076],[-0.62666,45.28453],[-0.63044,45.29132],[-0.69836,45.28488],[-0.73582,45.28304],[-0.73765,45.22926],[-0.69217,45.23665],[-0.67978,45.23197]]]},"properties":{"code_territoire":"iris330730000","libelle_territoire":"Braud-et-Saint-Louis (commune non irisée)"}},
{"type":"Feature","geometry":{"type":"Polygon","coordinates":[[[-0.15964,44.47603],[-0.15633,44.48483],[-0.15516,44.487],[-0.15745,44.48918],[-0.17718,44.49104],[-0.17873,44.50191],[-0.18225,44.50615],[-0.18842,44.50823],[-0.19031,44.49679],[-0.19579,44.48859],[-0.19299,44.48156],[-0.17877,44.47906],[-0.17327,44.47509],[-0.16615,44.47568],[-0.16371,44.47738],[-0.15964,44.47603]]]},"properties":{"code_territoire":"iris330740000","libelle_territoire":"Brouqueyran (commune non irisée)"}},
{"type":"Feature","geometry":{"type":"Polygon","coordinates":[[[-0.61724,44.87352],[-0.61369,44.88052],[-0.61652,44.88127],[-0.61474,44.88803],[-0.61093,44.88561],[-0.60971,44.88766],[-0.61572,44.90042],[-0.61685,44.9004],[-0.62976,44.89805],[-0.62489,44.88889],[-0.62934,44.88164],[-0.62719,44.87984],[-0.62213,44.87673],[-0.61724,44.87352]]]},"properties":{"code_territoire":"iris330750101","libelle_territoire":"Tour de Gassies-Treulon"}},
{"type":"Feature","geometry":{"type":"Polygon","coordinates":[[[-0.60971,44.88766],[-0.61093,44.88561],[-0.61474,44.88803],[-0.61652,44.88127],[-0.61369,44.88052],[-0.60556,44.87931],[-0.60864,44.88543],[-0.60971,44.88766]]]},"properties":{"code_territoire":"iris330750102","libelle_territoire":"Centre Ville"}},
{"type":"Feature","geometry":{"type":"Polygon","coordinates":[[[-0.60129,44.87438],[-0.60556,44.87931],[-0.61369,44.88052],[-0.61724,44.87352],[-0.6137,44.87104],[-0.60129,44.87438]]]},"properties":{"code_territoire":"iris330750103","libelle_territoire":"La Marianne-Sainte Germaine"}},
{"type":"Feature","geometry":{"type":"Polygon","coordinates":[[[-0.57693,44.8773],[-0.5829,44.87916],[-0.5895,44.87836],[-0.59387,44.88358],[-0.60864,44.88543],[-0.60556,44.87931],[-0.60129,44.87438],[-0.59377,44.87316],[-0.59519,44.87136],[-0.59333,44.87055],[-0.58176,44.86935],[-0.57606,44.86928],[-0.57692,44.87722],[-0.57693,44.8773]]]},"properties":{"code_territoire":"iris330750104","libelle_territoire":"Cimetière Nord-Petit Bruges"}},
{"type":"Feature","geometry":{"type":"Polygon","coordinates":[[[-0.61572,44.90042],[-0.60971,44.88766],[-0.60864,44.88543],[-0.59387,44.88358],[-0.5895,44.87836],[-0.5829,44.87916],[-0.57693,44.8773],[-0.58033,44.90901],[-0.60286,44.9086],[-0.61003,44.90418],[-0.60688,44.90172],[-0.61572,44.90042]]]},"properties":{"code_territoire":"iris330750105","libelle_territoire":"Villabois-La Hutte"}},
{"type":"Feature","geometry":{"type":"Polygon","coordinates":[[[-0.36161,44.54033],[-0.36073,44.54764],[-0.37277,44.55594],[-0.37746,44.55796],[-0.38235,44.55563],[-0.39171,44.55652],[-0.40753,44.55445],[-0.42179,44.54634],[-0.42263,44.54284],[-0.42951,44.53854],[-0.43281,44.53264],[-0.45086,44.52352],[-0.45058,44.52164],[-0.44706,44.52041],[-0.41934,44.51621],[-0.37839,44.51649],[-0.37449,44.5244],[-0.36765,44.53047],[-0.3672,44.53823],[-0.36161,44.54033]]]},"properties":{"code_territoire":"iris330760000","libelle_territoire":"Budos (commune non irisée)"}},
{"type":"Feature","geometry":{"type":"Polygon","coordinates":[[[-0.56261,44.63017],[-0.60901,44.60364],[-0.61593,44.58199],[-0.60852,44.56366],[-0.60167,44.55286],[-0.59353,44.54974],[-0.56633,44.5461],[-0.55012,44.55966],[-0.54625,44.57178],[-0.53313,44.56919],[-0.50811,44.56994],[-0.49756,44.5742],[-0.48787,44.57501],[-0.48227,44.59006],[-0.46653,44.60595],[-0.48881,44.61241],[-0.51108,44.62413],[-0.52075,44.63167],[-0.52687,44.63003],[-0.54608,44.63136],[-0.56261,44.63017]]]},"properties":{"code_territoire":"iris330770000","libelle_territoire":"Cabanac-et-Villagrains (commune non irisée)"}},
{"type":"Feature","geometry":{"type":"Polygon","coordinates":[[[-0.1705,44.83947],[-0.17094,44.83596],[-0.17515,44.83306],[-0.16788,44.82878],[-0.16802,44.82471],[-0.16927,44.8198],[-0.16478,44.81642],[-0.15509,44.8194],[-0.15101,44.81809],[-0.14731,44.82105],[-0.15544,44.8251],[-0.15877,44.83204],[-0.15728,44.83484],[-0.1495,44.83723],[-0.1478,44.83949],[-0.1503,44.84256],[-0.15381,44.84339],[-0.16581,44.84088],[-0.1705,44.83947]]]},"properties":{"code_territoire":"iris330780000","libelle_territoire":"Cabara (commune non irisée)"}},
{"type":"Feature","geometry":{"type":"Polygon","coordinates":[[[-0.27414,44.86639],[-0.28716,44.87373],[-0.29172,44.86742],[-0.29146,44.86448],[-0.29557,44.86221],[-0.29094,44.86132],[-0.2913,44.85519],[-0.27778,44.85271],[-0.27414,44.86639]]]},"properties":{"code_territoire":"iris330790000","libelle_territoire":"Cadarsac (commune non irisée)"}},
{"type":"Feature","geometry":{"type":"Polygon","coordinates":[[[-0.50159,44.73999],[-0.50798,44.74207],[-0.51203,44.74644],[-0.51138,44.76506],[-0.51148,44.76937],[-0.5237,44.77002],[-0.52722,44.76739],[-0.53449,44.76865],[-0.53747,44.76313],[-0.54292,44.76111],[-0.5543,44.75869],[-0.5578,44.75689],[-0.55665,44.75446],[-0.56622,44.75256],[-0.56244,44.74206],[-0.56166,44.74022],[-0.5586,44.74232],[-0.54549,44.74325],[-0.54388,44.73643],[-0.54057,44.73549],[-0.53003,44.72292],[-0.52692,44.72335],[-0.51647,44.72655],[-0.50522,44.72767],[-0.4973,44.73078],[-0.50068,44.73687],[-0.50159,44.73999]]]},"properties":{"code_territoire":"iris330800000","libelle_territoire":"Cadaujac (commune non irisée)"}},
{"type":"Feature","geometry":{"type":"Polygon","coordinates":[[[-0.31315,44.62743],[-0.30138,44.63177],[-0.30246,44.63336],[-0.29806,44.633],[-0.28991,44.63568],[-0.2864,44.64124],[-0.28932,44.64887],[-0.29726,44.65005],[-0.30152,44.65383],[-0.31236,44.65084],[-0.31895,44.6482],[-0.31621,44.64451],[-0.32146,44.64216],[-0.31814,44.63855],[-0.32887,44.63692],[-0.31967,44.63195],[-0.31315,44.62743]]]},"properties":{"code_territoire":"iris330810000","libelle_territoire":"Cadillac-sur-Garonne (commune non irisée)"}},
{"type":"Feature","geometry":{"type":"Polygon","coordinates":[[[-0.38372,44.96941],[-0.38886,44.96512],[-0.38641,44.96073],[-0.38272,44.9595],[-0.38352,44.95647],[-0.37995,44.95046],[-0.37485,44.95376],[-0.36452,44.95331],[-0.36067,44.95803],[-0.36193,44.96193],[-0.35761,44.96811],[-0.3623,44.9702],[-0.3821,44.97199],[-0.38372,44.96941]]]},"properties":{"code_territoire":"iris330820000","libelle_territoire":"Cadillac-en-Fronsadais (commune non irisée)"}},
{"type":"Feature","geometry":{"type":"Polygon","coordinates":[[[-0.35207,44.81862],[-0.3515,44.82607],[-0.36142,44.83349],[-0.36229,44.8396],[-0.38275,44.83643],[-0.38294,44.83077],[-0.38974,44.83119],[-0.38672,44.82652],[-0.38286,44.8256],[-0.37565,44.82268],[-0.37847,44.81789],[-0.36886,44.81105],[-0.36797,44.81093],[-0.35945,44.81663],[-0.35207,44.81862]]]},"properties":{"code_territoire":"iris330830000","libelle_territoire":"Camarsac (commune non irisée)"}},
{"type":"Feature","geometry":{"type":"Polygon","coordinates":[[[-0.45242,44.74941],[-0.46552,44.75494],[-0.48363,44.73616],[-0.45805,44.72667],[-0.45505,44.73139],[-0.45172,44.73207],[-0.45253,44.73425],[-0.44888,44.73419],[-0.44634,44.73692],[-0.44818,44.74028],[-0.44518,44.74693],[-0.45242,44.74941]]]},"properties":{"code_territoire":"iris330840000","libelle_territoire":"Cambes (commune non irisée)"}},
{"type":"Feature","geometry":{"type":"Polygon","coordinates":[[[-0.46552,44.75494],[-0.45242,44.74941],[-0.45016,44.75915],[-0.43627,44.76649],[-0.43818,44.76983],[-0.45889,44.76871],[-0.46344,44.77014],[-0.46175,44.77082],[-0.46635,44.77484],[-0.47701,44.77624],[-0.47854,44.77924],[-0.48894,44.7767],[-0.49018,44.77781],[-0.4931,44.77503],[-0.50381,44.77656],[-0.51173,44.77382],[-0.51148,44.76937],[-0.51138,44.76506],[-0.50651,44.76542],[-0.50602,44.75917],[-0.49514,44.76188],[-0.46916,44.76179],[-0.46297,44.75977],[-0.46552,44.75494]]]},"properties":{"code_territoire":"iris330850000","libelle_territoire":"Camblanes-et-Meynac (commune non irisée)"}},
{"type":"Feature","geometry":{"type":"Polygon","coordinates":[[[-0.31504,44.79398],[-0.3095,44.79213],[-0.31598,44.78697],[-0.29728,44.78688],[-0.28938,44.78294],[-0.28492,44.78339],[-0.28207,44.78425],[-0.28168,44.78777],[-0.27385,44.79411],[-0.26809,44.80465],[-0.26889,44.80691],[-0.27146,44.80514],[-0.28053,44.8051],[-0.28066,44.80774],[-0.2914,44.80844],[-0.29338,44.80511],[-0.30033,44.80578],[-0.30199,44.80311],[-0.30728,44.80306],[-0.31207,44.80085],[-0.31222,44.79462],[-0.31504,44.79398]]]},"properties":{"code_territoire":"iris330860000","libelle_territoire":"Camiac-et-Saint-Denis (commune non irisée)"}},
{"type":"Feature","geometry":{"type":"Polygon","coordinates":[[[-0.07226,44.6496],[-0.07361,44.64333],[-0.08087,44.63831],[-0.08614,44.63783],[-0.07979,44.62938],[-0.08415,44.62842],[-0.08419,44.62353],[-0.07401,44.61888],[-0.07038,44.62396],[-0.06529,44.62428],[-0.0468,44.632],[-0.05041,44.63791],[-0.06203,44.64568],[-0.06272,44.65027],[-0.07226,44.6496]]]},"properties":{"code_territoire":"iris330870000","libelle_territoire":"Camiran (commune non irisée)"}},
{"type":"Feature","geometry":{"type":"Polygon","coordinates":[[[-0.03038,45.0267],[-0.03834,45.02958],[-0.04216,45.02891],[-0.04247,45.02096],[-0.04113,45.01623],[-0.04574,45.01583],[-0.0433,45.00569],[-0.03077,45.00594],[-0.02279,45.00785],[-0.02783,45.01808],[-0.03067,45.01798],[-0.03176,45.02032],[-0.03038,45.0267]]]},"properties":{"code_territoire":"iris330880000","libelle_territoire":"Camps-sur-l'Isle (commune non irisée)"}},
{"type":"Feature","geometry":{"type":"Polygon","coordinates":[[[-0.54435,45.20871],[-0.55284,45.20206],[-0.55865,45.19372],[-0.5618,45.19486],[-0.56821,45.18563],[-0.56873,45.18122],[-0.57343,45.18082],[-0.57294,45.1762],[-0.57864,45.17032],[-0.58208,45.1701],[-0.58415,45.16286],[-0.58502,45.16041],[-0.58128,45.15811],[-0.57523,45.16146],[-0.555,45.17528],[-0.55681,45.17933],[-0.55484,45.18325],[-0.55047,45.18466],[-0.55107,45.18625],[-0.54287,45.19617],[-0.53646,45.20038],[-0.53686,45.20413],[-0.53976,45.20599],[-0.54238,45.20612],[-0.54435,45.20871]]]},"properties":{"code_territoire":"iris330890000","libelle_territoire":"Campugnan (commune non irisée)"}},
{"type":"Feature","geometry":{"type":"Polygon","coordinates":[[[-0.65637,44.74651],[-0.652,44.74999],[-0.65223,44.76239],[-0.64212,44.76435],[-0.64508,44.77211],[-0.64716,44.77628],[-0.64526,44.77823],[-0.65539,44.77674],[-0.66142,44.77818],[-0.66624,44.77667],[-0.66975,44.77799],[-0.6789,44.77705],[-0.68752,44.77235],[-0.68444,44.76266],[-0.68132,44.75983],[-0.67812,44.75679],[-0.67569,44.75366],[-0.67168,44.753],[-0.65637,44.74651]]]},"properties":{"code_territoire":"iris330900101","libelle_territoire":"Le Bourg"}},
{"type":"Feature","geometry":{"type":"Polygon","coordinates":[[[-0.63286,44.7422],[-0.63412,44.75004],[-0.63045,44.75432],[-0.63534,44.75495],[-0.63758,44.76137],[-0.64176,44.75978],[-0.64336,44.76084],[-0.64212,44.76435],[-0.65223,44.76239],[-0.652,44.74999],[-0.65637,44.74651],[-0.65927,44.74321],[-0.65019,44.74249],[-0.64396,44.73813],[-0.63825,44.73671],[-0.63373,44.73597],[-0.63286,44.7422]]]},"properties":{"code_territoire":"iris330900102","libelle_territoire":"La House"}},
{"type":"Feature","geometry":{"type":"Polygon","coordinates":[[[-0.35516,44.6922],[-0.34365,44.69587],[-0.33465,44.6962],[-0.32675,44.69484],[-0.32434,44.69052],[-0.31867,44.69142],[-0.31648,44.69347],[-0.30843,44.70539],[-0.29925,44.70957],[-0.29901,44.71193],[-0.29964,44.72455],[-0.30287,44.73017],[-0.31128,44.73628],[-0.31727,44.73461],[-0.32538,44.73975],[-0.32533,44.74235],[-0.32744,44.74167],[-0.33945,44.74524],[-0.34571,44.74311],[-0.34846,44.73979],[-0.35194,44.72177],[-0.3482,44.72357],[-0.34416,44.72254],[-0.34243,44.71668],[-0.34665,44.71419],[-0.35148,44.70184],[-0.35686,44.6973],[-0.35675,44.69136],[-0.35516,44.6922]]]},"properties":{"code_territoire":"iris330930000","libelle_territoire":"Capian (commune non irisée)"}},
{"type":"Feature","geometry":{"type":"Polygon","coordinates":[[[0.12922,44.76573],[0.13045,44.76179],[0.13318,44.76104],[0.13564,44.75716],[0.14585,44.75261],[0.15552,44.75026],[0.16485,44.75416],[0.16928,44.75325],[0.17114,44.76041],[0.16866,44.76391],[0.17313,44.77116],[0.16448,44.77214],[0.1646,44.77965],[0.159,44.78265],[0.1449,44.78353],[0.1289,44.77838],[0.12922,44.76573]]]},"properties":{"code_territoire":"iris330940000","libelle_territoire":"Caplong (commune non irisée)"}},
{"type":"Feature","geometry":{"type":"Polygon","coordinates":[[[-0.22705,44.28062],[-0.229,44.31771],[-0.23585,44.32637],[-0.25475,44.32542],[-0.25637,44.32637],[-0.25493,44.32864],[-0.25858,44.33032],[-0.26124,44.32847],[-0.26803,44.3282],[-0.27004,44.32404],[-0.27619,44.32485],[-0.2842,44.31189],[-0.28974,44.31176],[-0.28927,44.3067],[-0.29279,44.30686],[-0.30724,44.29927],[-0.33634,44.27799],[-0.37291,44.20705],[-0.31095,44.20327],[-0.2718,44.19389],[-0.22335,44.20593],[-0.22831,44.25604],[-0.226,44.26478],[-0.22705,44.28062]]]},"properties":{"code_territoire":"iris330950000","libelle_territoire":"Captieux (commune non irisée)"}},
{"type":"Feature","geometry":{"type":"Polygon","coordinates":[[[-0.50181,44.91822],[-0.50379,44.91362],[-0.50312,44.90563],[-0.50585,44.90239],[-0.5083,44.89916],[-0.49802,44.8967],[-0.49521,44.8983],[-0.49162,44.90683],[-0.48429,44.91588],[-0.48696,44.91762],[-0.49424,44.91647],[-0.50181,44.91822]]]},"properties":{"code_territoire":"iris330960101","libelle_territoire":"Nord"}},
{"type":"Feature","geometry":{"type":"Polygon","coordinates":[[[-0.5051,44.88859],[-0.50292,44.89158],[-0.51429,44.8967],[-0.51621,44.89715],[-0.51711,44.88797],[-0.51175,44.88567],[-0.50862,44.88623],[-0.5051,44.88859]]]},"properties":{"code_territoire":"iris330960102","libelle_territoire":"Sud"}},
{"type":"Feature","geometry":{"type":"Polygon","coordinates":[[[-0.49521,44.8983],[-0.49802,44.8967],[-0.5083,44.89916],[-0.50926,44.89718],[-0.51429,44.8967],[-0.50292,44.89158],[-0.5051,44.88859],[-0.50479,44.88843],[-0.49521,44.8983]]]},"properties":{"code_territoire":"iris330960103","libelle_territoire":"Centre"}},
{"type":"Feature","geometry":{"type":"Polygon","coordinates":[[[-0.91173,45.05733],[-0.89906,45.06587],[-0.88659,45.08739],[-0.89824,45.09739],[-0.92769,45.11327],[-0.93818,45.12608],[-0.95152,45.13544],[-0.97318,45.13651],[-0.98299,45.13461],[-0.99483,45.12689],[-1.04552,45.11629],[-1.06314,45.124],[-1.06406,45.12586],[-1.07636,45.12641],[-1.08045,45.12891],[-1.18665,45.1285],[-1.1942,45.06826],[-1.10965,45.04567],[-1.08059,45.02334],[-1.05225,45.02336],[-1.03844,45.0314],[-1.02868,45.03363],[-0.99812,45.03158],[-0.98888,45.04581],[-0.98626,45.04576],[-0.9776,45.05331],[-0.96757,45.05772],[-0.96063,45.06559],[-0.93982,45.06595],[-0.91173,45.05733]]]},"properties":{"code_territoire":"iris330970000","libelle_territoire":"Carcans (commune non irisée)"}},
{"type":"Feature","geometry":{"type":"Polygon","coordinates":[[[-0.34328,44.68332],[-0.33456,44.67375],[-0.32912,44.67179],[-0.32129,44.67583],[-0.31224,44.67532],[-0.30202,44.67712],[-0.30493,44.68505],[-0.31648,44.69347],[-0.31867,44.69142],[-0.32434,44.69052],[-0.329,44.68634],[-0.33318,44.68657],[-0.33601,44.68359],[-0.34328,44.68332]]]},"properties":{"code_territoire":"iris330980000","libelle_territoire":"Cardan (commune non irisée)"}},
{"type":"Feature","geometry":{"type":"Polygon","coordinates":[[[-0.47474,44.82542],[-0.47332,44.82278],[-0.49358,44.81308],[-0.49494,44.80796],[-0.49836,44.80556],[-0.48818,44.80149],[-0.48247,44.79694],[-0.48355,44.79582],[-0.47921,44.796],[-0.47512,44.79046],[-0.46992,44.7915],[-0.46129,44.80025],[-0.45542,44.80055],[-0.45254,44.80139],[-0.45399,44.80174],[-0.45913,44.80677],[-0.44945,44.82217],[-0.45286,44.82583],[-0.46186,44.82812],[-0.46203,44.82675],[-0.47182,44.82718],[-0.47474,44.82542]]]},"properties":{"code_territoire":"iris330990000","libelle_territoire":"Carignan-de-Bordeaux (commune non irisée)"}},
{"type":"Feature","geometry":{"type":"Polygon","coordinates":[[[-0.58827,45.14084],[-0.59319,45.14187],[-0.60279,45.14003],[-0.60989,45.1425],[-0.61556,45.14067],[-0.62356,45.14289],[-0.62988,45.14279],[-0.62934,45.14103],[-0.63261,45.14185],[-0.63367,45.14059],[-0.63153,45.14016],[-0.63671,45.13888],[-0.64292,45.12703],[-0.64609,45.12287],[-0.64245,45.1205],[-0.64323,45.11582],[-0.64117,45.11416],[-0.63636,45.11493],[-0.63338,45.11286],[-0.62609,45.11478],[-0.62011,45.11435],[-0.61804,45.11137],[-0.61398,45.11637],[-0.59989,45.11479],[-0.59221,45.13447],[-0.58839,45.13357],[-0.58667,45.13585],[-0.58827,45.14084]]]},"properties":{"code_territoire":"iris331000000","libelle_territoire":"Cars (commune non irisée)"}},
{"type":"Feature","geometry":{"type":"Polygon","coordinates":[[[-0.59037,45.16504],[-0.59043,45.16277],[-0.58415,45.16286],[-0.58208,45.1701],[-0.57864,45.17032],[-0.57294,45.1762],[-0.57343,45.18082],[-0.56873,45.18122],[-0.56821,45.18563],[-0.5618,45.19486],[-0.55865,45.19372],[-0.55284,45.20206],[-0.54435,45.20871],[-0.55286,45.2136],[-0.58712,45.202],[-0.5961,45.20569],[-0.60021,45.19113],[-0.59741,45.18784],[-0.60177,45.18532],[-0.60176,45.18296],[-0.59955,45.17979],[-0.59479,45.17967],[-0.59439,45.17086],[-0.58909,45.17051],[-0.58836,45.16884],[-0.59037,45.16504]]]},"properties":{"code_territoire":"iris331010000","libelle_territoire":"Cartelègue (commune non irisée)"}},
{"type":"Feature","geometry":{"type":"Polygon","coordinates":[[[-0.11392,44.57986],[-0.11768,44.58313],[-0.10857,44.58402],[-0.10869,44.58572],[-0.09492,44.58389],[-0.09347,44.58586],[-0.10121,44.58988],[-0.1055,44.59521],[-0.10942,44.60112],[-0.10938,44.60608],[-0.11935,44.60343],[-0.12482,44.60139],[-0.12504,44.59844],[-0.12944,44.60005],[-0.13153,44.59879],[-0.12934,44.59778],[-0.13193,44.58696],[-0.13054,44.58219],[-0.13584,44.58094],[-0.13785,44.57781],[-0.13446,44.57742],[-0.12805,44.57089],[-0.12374,44.57017],[-0.11998,44.57191],[-0.11392,44.57986]]]},"properties":{"code_territoire":"iris331020000","libelle_territoire":"Casseuil (commune non irisée)"}},
{"type":"Feature","geometry":{"type":"Polygon","coordinates":[[[-0.0118,44.67866],[-0.0101,44.67894],[-0.01248,44.68098],[-0.0118,44.67866]]]},"properties":{"code_territoire":"iris331030000","libelle_territoire":"Castelmoron-d'Albret (commune non irisée)"}},
{"type":"Feature","geometry":{"type":"Polygon","coordinates":[[[-0.85172,45.01918],[-0.83343,45.00251],[-0.83558,44.99807],[-0.83099,44.9948],[-0.82927,44.97594],[-0.81946,44.9719],[-0.80206,44.96462],[-0.80365,44.96978],[-0.80028,44.97998],[-0.80141,44.98348],[-0.79449,44.9898],[-0.79582,44.99157],[-0.79145,44.99716],[-0.79332,45.00115],[-0.79177,45.00941],[-0.79544,45.01287],[-0.79485,45.0177],[-0.78331,45.02912],[-0.78213,45.03121],[-0.78593,45.03285],[-0.78155,45.0362],[-0.78068,45.04067],[-0.78727,45.03931],[-0.8039,45.04188],[-0.80327,45.03829],[-0.80746,45.0357],[-0.81502,45.03942],[-0.82155,45.0359],[-0.81895,45.0308],[-0.82931,45.02952],[-0.82721,45.0254],[-0.82925,45.02533],[-0.82898,45.02209],[-0.83379,45.02116],[-0.83548,45.0241],[-0.83749,45.02152],[-0.84686,45.01982],[-0.84944,45.0207],[-0.85172,45.01918]]]},"properties":{"code_territoire":"iris331040000","libelle_territoire":"Castelnau-de-Médoc (commune non irisée)"}},
{"type":"Feature","geometry":{"type":"Polygon","coordinates":[[[-0.13519,44.65519],[-0.14214,44.65745],[-0.14236,44.66124],[-0.13355,44.66662],[-0.13672,44.66851],[-0.13834,44.68026],[-0.14319,44.67894],[-0.15469,44.6841],[-0.16664,44.68634],[-0.16283,44.67082],[-0.17065,44.67001],[-0.17154,44.66789],[-0.16557,44.6659],[-0.16521,44.65781],[-0.17022,44.65318],[-0.16271,44.64997],[-0.15847,44.64884],[-0.14097,44.65078],[-0.13519,44.65519]]]},"properties":{"code_territoire":"iris331050000","libelle_territoire":"Castelviel (commune non irisée)"}},
{"type":"Feature","geometry":{"type":"Polygon","coordinates":[[[-0.11871,44.53779],[-0.11884,44.53585],[-0.11239,44.53761],[-0.1056,44.53652],[-0.09812,44.54299],[-0.09864,44.54599],[-0.10124,44.54665],[-0.10057,44.55023],[-0.09653,44.55007],[-0.09291,44.5538],[-0.10844,44.55931],[-0.10709,44.56403],[-0.11763,44.56202],[-0.13636,44.56678],[-0.13839,44.56743],[-0.13694,44.57021],[-0.13992,44.57286],[-0.14561,44.56842],[-0.16004,44.56426],[-0.17441,44.56773],[-0.18024,44.56775],[-0.17245,44.56543],[-0.17588,44.56346],[-0.17547,44.56086],[-0.16677,44.56116],[-0.1607,44.55697],[-0.1624,44.5559],[-0.16095,44.55262],[-0.15559,44.55066],[-0.15017,44.55291],[-0.14405,44.55143],[-0.14543,44.54475],[-0.14307,44.54114],[-0.13439,44.53904],[-0.12932,44.5395],[-0.1292,44.54139],[-0.11871,44.53779]]]},"properties":{"code_territoire":"iris331060000","libelle_territoire":"Castets et Castillon (commune non irisée)"}},
{"type":"Feature","geometry":{"type":"Polygon","coordinates":[[[-0.03421,44.85216],[-0.03509,44.85481],[-0.03283,44.85616],[-0.03226,44.85476],[-0.02533,44.85724],[-0.01047,44.85809],[-0.00792,44.86325],[-0.00872,44.86752],[-0.00021,44.87083],[0.00342,44.87444],[0.001,44.87625],[-0.00113,44.87374],[-0.01746,44.87378],[-0.01709,44.86744],[-0.02712,44.86964],[-0.02712,44.87141],[-0.02923,44.87165],[-0.03385,44.87121],[-0.03321,44.86907],[-0.03776,44.8693],[-0.04132,44.86575],[-0.04592,44.86532],[-0.04735,44.85906],[-0.05112,44.85712],[-0.05219,44.85216],[-0.05,44.84809],[-0.04075,44.8517],[-0.03421,44.85216]]]},"properties":{"code_territoire":"iris331080000","libelle_territoire":"Castillon-la-Bataille (commune non irisée)"}},
{"type":"Feature","geometry":{"type":"Polygon","coordinates":[[[-0.43735,44.70449],[-0.44484,44.69875],[-0.44777,44.69898],[-0.44969,44.69703],[-0.45647,44.6974],[-0.45982,44.6937],[-0.47445,44.68699],[-0.47981,44.68207],[-0.47955,44.67928],[-0.45721,44.66867],[-0.43644,44.68783],[-0.43839,44.68952],[-0.43309,44.69833],[-0.43524,44.70093],[-0.4339,44.70263],[-0.43735,44.70449]]]},"properties":{"code_territoire":"iris331090000","libelle_territoire":"Castres-Gironde (commune non irisée)"}},
{"type":"Feature","geometry":{"type":"Polygon","coordinates":[[[-0.13785,44.57781],[-0.13584,44.58094],[-0.13054,44.58219],[-0.13193,44.58696],[-0.12934,44.59778],[-0.13153,44.59879],[-0.14122,44.60469],[-0.15005,44.60375],[-0.1551,44.59963],[-0.14713,44.59947],[-0.14481,44.59492],[-0.14701,44.59162],[-0.15696,44.58571],[-0.15441,44.57925],[-0.15727,44.57484],[-0.15651,44.571],[-0.15998,44.56987],[-0.16004,44.56426],[-0.14561,44.56842],[-0.13992,44.57286],[-0.13785,44.57781]]]},"properties":{"code_territoire":"iris331110000","libelle_territoire":"Caudrot (commune non irisée)"}},
{"type":"Feature","geometry":{"type":"Polygon","coordinates":[[[-0.0101,44.67894],[-0.00996,44.68158],[0.00034,44.68888],[0.01084,44.69326],[0.00723,44.70303],[0.00865,44.70696],[0.00449,44.71101],[-0.00013,44.70765],[-0.00752,44.70882],[-0.01342,44.70699],[-0.02198,44.71211],[-0.02327,44.70504],[-0.03112,44.69693],[-0.03349,44.69688],[-0.03169,44.6887],[-0.01248,44.68098],[-0.0101,44.67894]]]},"properties":{"code_territoire":"iris331120000","libelle_territoire":"Caumont (commune non irisée)"}},
{"type":"Feature","geometry":{"type":"Polygon","coordinates":[[[-0.09506,44.40828],[-0.0868,44.40197],[-0.08454,44.40505],[-0.08197,44.40468],[-0.08144,44.40646],[-0.07741,44.40569],[-0.0766,44.4077],[-0.07346,44.40335],[-0.06654,44.40679],[-0.07069,44.40804],[-0.06911,44.41173],[-0.06668,44.41144],[-0.06167,44.4157],[-0.04198,44.42163],[-0.04374,44.4244],[-0.05103,44.42307],[-0.05571,44.42398],[-0.06094,44.43001],[-0.07292,44.4323],[-0.07483,44.42626],[-0.07677,44.42632],[-0.07903,44.42199],[-0.08137,44.42268],[-0.08028,44.4183],[-0.08342,44.41453],[-0.09517,44.40895],[-0.09506,44.40828]]]},"properties":{"code_territoire":"iris331130000","libelle_territoire":"Cauvignac (commune non irisée)"}},
{"type":"Feature","geometry":{"type":"Polygon","coordinates":[[[-0.37754,45.11463],[-0.38234,45.11104],[-0.39585,45.10746],[-0.40145,45.10765],[-0.39781,45.10308],[-0.40412,45.0956],[-0.40134,45.09107],[-0.38948,45.09068],[-0.38695,45.08679],[-0.38275,45.08774],[-0.38277,45.0845],[-0.35521,45.08157],[-0.35416,45.08215],[-0.35276,45.08222],[-0.35837,45.08493],[-0.35947,45.08734],[-0.36356,45.0871],[-0.3653,45.09049],[-0.37076,45.09302],[-0.37233,45.09931],[-0.36857,45.10246],[-0.37257,45.10463],[-0.37209,45.10816],[-0.37754,45.11463]]]},"properties":{"code_territoire":"iris331140000","libelle_territoire":"Cavignac (commune non irisée)"}},
{"type":"Feature","geometry":{"type":"Polygon","coordinates":[[[-0.38327,44.28639],[-0.35134,44.32728],[-0.34045,44.33403],[-0.34655,44.34661],[-0.35694,44.35525],[-0.37307,44.36085],[-0.38639,44.36104],[-0.43447,44.37447],[-0.42572,44.35929],[-0.43219,44.34719],[-0.42763,44.3288],[-0.43184,44.32257],[-0.43114,44.30074],[-0.42041,44.29965],[-0.41726,44.29506],[-0.40789,44.29207],[-0.40474,44.28749],[-0.39716,44.28639],[-0.38804,44.28799],[-0.38327,44.28639]]]},"properties":{"code_territoire":"iris331150000","libelle_territoire":"Cazalis (commune non irisée)"}},
{"type":"Feature","geometry":{"type":"Polygon","coordinates":[[[-0.19579,44.48859],[-0.2074,44.48382],[-0.21145,44.48006],[-0.21614,44.48064],[-0.22246,44.4774],[-0.22483,44.47969],[-0.22984,44.48035],[-0.22817,44.47254],[-0.22759,44.4718],[-0.21244,44.46798],[-0.21677,44.46378],[-0.21,44.45858],[-0.20323,44.45735],[-0.20056,44.45996],[-0.19457,44.45702],[-0.18271,44.46472],[-0.19482,44.46675],[-0.19227,44.47211],[-0.17327,44.47509],[-0.17877,44.47906],[-0.19299,44.48156],[-0.19579,44.48859]]]},"properties":{"code_territoire":"iris331160000","libelle_territoire":"Cazats (commune non irisée)"}},
{"type":"Feature","geometry":{"type":"Polygon","coordinates":[[[0.03206,44.73153],[0.02732,44.73139],[0.02699,44.72714],[0.02278,44.72146],[0.01249,44.72447],[0.00754,44.72842],[-0.01714,44.73109],[-0.02733,44.72697],[-0.02523,44.7227],[-0.02658,44.71729],[-0.02198,44.71211],[-0.01342,44.70699],[-0.00752,44.70882],[-0.00013,44.70765],[0.00449,44.71101],[0.00865,44.70696],[0.00723,44.70303],[0.01084,44.69326],[0.02374,44.69607],[0.03527,44.7021],[0.03582,44.70444],[0.04725,44.71194],[0.04338,44.71637],[0.04585,44.72281],[0.03864,44.72339],[0.03766,44.72654],[0.03285,44.72753],[0.03206,44.73153]]]},"properties":{"code_territoire":"iris331170000","libelle_territoire":"Cazaugitat (commune non irisée)"}},
{"type":"Feature","geometry":{"type":"Polygon","coordinates":[[[-0.43456,44.77187],[-0.43954,44.77782],[-0.4424,44.77844],[-0.44041,44.78662],[-0.44657,44.78958],[-0.44464,44.79273],[-0.45012,44.79651],[-0.45114,44.8005],[-0.45542,44.80055],[-0.46129,44.80025],[-0.46992,44.7915],[-0.47052,44.78739],[-0.47523,44.78515],[-0.47995,44.78581],[-0.47725,44.78199],[-0.47854,44.77924],[-0.47701,44.77624],[-0.46635,44.77484],[-0.46175,44.77082],[-0.46344,44.77014],[-0.45889,44.76871],[-0.43818,44.76983],[-0.43456,44.77187]]]},"properties":{"code_territoire":"iris331180000","libelle_territoire":"Cénac (commune non irisée)"}},
{"type":"Feature","geometry":{"type":"Polygon","coordinates":[[[-0.53013,44.8631],[-0.53024,44.85856],[-0.52852,44.85522],[-0.52423,44.85607],[-0.52604,44.85662],[-0.52365,44.86016],[-0.52015,44.85964],[-0.51986,44.86416],[-0.52283,44.86368],[-0.53013,44.8631]]]},"properties":{"code_territoire":"iris331190101","libelle_territoire":"Palmer 1"}},
{"type":"Feature","geometry":{"type":"Polygon","coordinates":[[[-0.51993,44.85549],[-0.52015,44.85964],[-0.52365,44.86016],[-0.52604,44.85662],[-0.52423,44.85607],[-0.51993,44.85549]]]},"properties":{"code_territoire":"iris331190102","libelle_territoire":"Palmer 2"}},
{"type":"Feature","geometry":{"type":"Polygon","coordinates":[[[-0.51363,44.84703],[-0.5176,44.85079],[-0.5169,44.85301],[-0.51653,44.85463],[-0.51993,44.85549],[-0.52423,44.85607],[-0.52852,44.85522],[-0.53259,44.84726],[-0.53059,44.84362],[-0.52912,44.84383],[-0.51874,44.8471],[-0.51363,44.84703]]]},"properties":{"code_territoire":"iris331190103","libelle_territoire":"Cavaillès-Camparian"}},
{"type":"Feature","geometry":{"type":"Polygon","coordinates":[[[-0.51986,44.86416],[-0.52015,44.85964],[-0.51993,44.85549],[-0.51653,44.85463],[-0.51601,44.85626],[-0.50531,44.85595],[-0.50474,44.86826],[-0.51986,44.86416]]]},"properties":{"code_territoire":"iris331190104","libelle_territoire":"Gravières-Gravette-Beaulieu-Lagrue-Plaisance"}},
{"type":"Feature","geometry":{"type":"Polygon","coordinates":[[[-0.50531,44.85595],[-0.51601,44.85626],[-0.51653,44.85463],[-0.5169,44.85301],[-0.50863,44.85154],[-0.50445,44.85096],[-0.50536,44.85344],[-0.50531,44.85595]]]},"properties":{"code_territoire":"iris331190105","libelle_territoire":"Saraillère-Ronceval-Seiglière"}},
{"type":"Feature","geometry":{"type":"Polygon","coordinates":[[[-0.51006,44.84713],[-0.50863,44.85154],[-0.5169,44.85301],[-0.5176,44.85079],[-0.51363,44.84703],[-0.51185,44.84699],[-0.51006,44.84713]]]},"properties":{"code_territoire":"iris331190106","libelle_territoire":"Grand Pavois-Cimetière Saint-Paul"}},
{"type":"Feature","geometry":{"type":"Polygon","coordinates":[[[-0.50445,44.85096],[-0.50863,44.85154],[-0.51006,44.84713],[-0.50319,44.84798],[-0.50445,44.85096]]]},"properties":{"code_territoire":"iris331190107","libelle_territoire":"Marègue"}},
{"type":"Feature","geometry":{"type":"Polygon","coordinates":[[[-0.53059,44.84362],[-0.53259,44.84726],[-0.52852,44.85522],[-0.53024,44.85856],[-0.53365,44.85624],[-0.53452,44.84927],[-0.53783,44.84729],[-0.54142,44.84236],[-0.53059,44.84362]]]},"properties":{"code_territoire":"iris331190108","libelle_territoire":"Bas Cenon-Cours Victor Hugo-Gambetta"}},
{"type":"Feature","geometry":{"type":"Polygon","coordinates":[[[-0.5383,44.86131],[-0.53887,44.85832],[-0.53783,44.84729],[-0.53452,44.84927],[-0.53365,44.85624],[-0.53024,44.85856],[-0.53013,44.8631],[-0.53554,44.86053],[-0.5383,44.86131]]]},"properties":{"code_territoire":"iris331190109","libelle_territoire":"Bas Cenon-Cours Verdun-Testaud"}},
{"type":"Feature","geometry":{"type":"Polygon","coordinates":[[[-0.32887,44.63692],[-0.33281,44.64224],[-0.34572,44.63583],[-0.35012,44.63646],[-0.36089,44.62993],[-0.3592,44.62867],[-0.36115,44.62805],[-0.35592,44.62603],[-0.35659,44.624],[-0.35408,44.62307],[-0.35524,44.61978],[-0.33716,44.61137],[-0.33055,44.62299],[-0.32424,44.62472],[-0.31967,44.63195],[-0.32887,44.63692]]]},"properties":{"code_territoire":"iris331200000","libelle_territoire":"Cérons (commune non irisée)"}},
{"type":"Feature","geometry":{"type":"Polygon","coordinates":[[[-0.20257,44.74594],[-0.20366,44.74371],[-0.20249,44.73883],[-0.1928,44.73756],[-0.17407,44.73149],[-0.16988,44.73383],[-0.1721,44.73796],[-0.17107,44.74469],[-0.17573,44.75081],[-0.18407,44.74779],[-0.19076,44.74956],[-0.1982,44.74863],[-0.20257,44.74594]]]},"properties":{"code_territoire":"iris331210000","libelle_territoire":"Cessac (commune non irisée)"}},
{"type":"Feature","geometry":{"type":"Polygon","coordinates":[[[-0.71672,44.7701],[-0.71151,44.76559],[-0.68466,44.78001],[-0.68899,44.78234],[-0.70776,44.77436],[-0.71672,44.7701]]]},"properties":{"code_territoire":"iris331220101","libelle_territoire":"Gazinet Nord"}},
{"type":"Feature","geometry":{"type":"Polygon","coordinates":[[[-0.68466,44.78001],[-0.71151,44.76559],[-0.70975,44.76494],[-0.7014,44.76892],[-0.69765,44.76238],[-0.69333,44.75955],[-0.69563,44.75646],[-0.69854,44.75597],[-0.69287,44.75163],[-0.68608,44.75609],[-0.68709,44.75854],[-0.68132,44.75983],[-0.68444,44.76266],[-0.68752,44.77235],[-0.6789,44.77705],[-0.68262,44.77907],[-0.68466,44.78001]]]},"properties":{"code_territoire":"iris331220102","libelle_territoire":"Gazinet Sud-Bouzet"}},
{"type":"Feature","geometry":{"type":"Polygon","coordinates":[[[-0.67812,44.75679],[-0.6805,44.75249],[-0.68513,44.7503],[-0.68565,44.75213],[-0.68681,44.74742],[-0.69054,44.74518],[-0.68608,44.74186],[-0.67755,44.74078],[-0.67562,44.74094],[-0.67231,44.7468],[-0.67647,44.74788],[-0.67514,44.75218],[-0.6706,44.75013],[-0.67168,44.753],[-0.67569,44.75366],[-0.67812,44.75679]]]},"properties":{"code_territoire":"iris331220103","libelle_territoire":"Mano"}},
{"type":"Feature","geometry":{"type":"Polygon","coordinates":[[[-0.69054,44.74518],[-0.69621,44.74209],[-0.7047,44.74143],[-0.71244,44.73346],[-0.70646,44.734],[-0.69785,44.7386],[-0.68901,44.73791],[-0.6901,44.7341],[-0.68648,44.73501],[-0.68572,44.73694],[-0.6781,44.73425],[-0.671,44.73515],[-0.67755,44.74078],[-0.68608,44.74186],[-0.69054,44.74518]]]},"properties":{"code_territoire":"iris331220104","libelle_territoire":"Bourg-Croix d'Hins"}},
{"type":"Feature","geometry":{"type":"Polygon","coordinates":[[[-0.67168,44.753],[-0.6706,44.75013],[-0.67514,44.75218],[-0.67647,44.74788],[-0.67231,44.7468],[-0.67562,44.74094],[-0.67755,44.74078],[-0.671,44.73515],[-0.6781,44.73425],[-0.68572,44.73694],[-0.6728,44.72858],[-0.65019,44.74249],[-0.65927,44.74321],[-0.65637,44.74651],[-0.67168,44.753]]]},"properties":{"code_territoire":"iris331220105","libelle_territoire":"Bellevue-Trigan"}},
{"type":"Feature","geometry":{"type":"Polygon","coordinates":[[[-0.7715,44.69322],[-0.73009,44.67244],[-0.72462,44.6813],[-0.70567,44.70102],[-0.70905,44.70294],[-0.70464,44.70661],[-0.70722,44.70801],[-0.70496,44.71021],[-0.70644,44.711],[-0.69522,44.72258],[-0.69175,44.71554],[-0.68508,44.72241],[-0.6728,44.72858],[-0.68572,44.73694],[-0.68648,44.73501],[-0.6901,44.7341],[-0.68901,44.73791],[-0.69785,44.7386],[-0.70646,44.734],[-0.71244,44.73346],[-0.7047,44.74143],[-0.69621,44.74209],[-0.69054,44.74518],[-0.68681,44.74742],[-0.68565,44.75213],[-0.68513,44.7503],[-0.6805,44.75249],[-0.67812,44.75679],[-0.68132,44.75983],[-0.68709,44.75854],[-0.68608,44.75609],[-0.69287,44.75163],[-0.69854,44.75597],[-0.69563,44.75646],[-0.69333,44.75955],[-0.69765,44.76238],[-0.7014,44.76892],[-0.70975,44.76494],[-0.71151,44.76559],[-0.71672,44.7701],[-0.75048,44.74941],[-0.75902,44.75542],[-0.79514,44.7441],[-0.83743,44.73709],[-0.82357,44.7216],[-0.80464,44.71065],[-0.7715,44.69322]]]},"properties":{"code_territoire":"iris331220106","libelle_territoire":"Écarts Ruraux"}},
{"type":"Feature","geometry":{"type":"Polygon","coordinates":[[[-0.65019,44.74249],[-0.6728,44.72858],[-0.68508,44.72241],[-0.69175,44.71554],[-0.69522,44.72258],[-0.70644,44.711],[-0.70496,44.71021],[-0.70722,44.70801],[-0.70464,44.70661],[-0.70905,44.70294],[-0.70567,44.70102],[-0.72462,44.6813],[-0.65672,44.68374],[-0.66207,44.69233],[-0.67324,44.69181],[-0.67238,44.69545],[-0.67082,44.70081],[-0.6677,44.70028],[-0.66643,44.70404],[-0.6548,44.71245],[-0.64957,44.72362],[-0.64048,44.72469],[-0.63924,44.72788],[-0.63338,44.72797],[-0.63239,44.73017],[-0.64576,44.73115],[-0.63825,44.73671],[-0.64396,44.73813],[-0.65019,44.74249]]]},"properties":{"code_territoire":"iris331220107","libelle_territoire":"Réjouits"}},
{"type":"Feature","geometry":{"type":"Polygon","coordinates":[[[-0.47823,45.05754],[-0.47615,45.05937],[-0.45311,45.06188],[-0.45198,45.06261],[-0.45061,45.06934],[-0.44044,45.07477],[-0.43396,45.08075],[-0.43436,45.09029],[-0.42017,45.0884],[-0.40765,45.08395],[-0.40489,45.08138],[-0.3922,45.07971],[-0.38941,45.07755],[-0.38327,45.07461],[-0.37342,45.07449],[-0.36356,45.07803],[-0.35831,45.07819],[-0.35521,45.08157],[-0.38277,45.0845],[-0.38275,45.08774],[-0.38695,45.08679],[-0.38948,45.09068],[-0.40134,45.09107],[-0.40412,45.0956],[-0.39781,45.10308],[-0.40145,45.10765],[-0.40359,45.10671],[-0.41386,45.10948],[-0.42938,45.10475],[-0.43172,45.10279],[-0.43779,45.10372],[-0.44134,45.09927],[-0.44525,45.10009],[-0.45279,45.09316],[-0.46069,45.09368],[-0.4666,45.09112],[-0.47399,45.09059],[-0.4737,45.08446],[-0.47078,45.08011],[-0.47246,45.07647],[-0.47001,45.07268],[-0.47669,45.0634],[-0.47823,45.05754]]]},"properties":{"code_territoire":"iris331230000","libelle_territoire":"Cézac (commune non irisée)"}},
{"type":"Feature","geometry":{"type":"Polygon","coordinates":[[[-0.11104,45.11531],[-0.11366,45.10767],[-0.12156,45.0969],[-0.11316,45.09399],[-0.10895,45.09025],[-0.10807,45.08761],[-0.1126,45.08377],[-0.1111,45.08487],[-0.10729,45.08256],[-0.10581,45.07598],[-0.1028,45.07368],[-0.09762,45.07444],[-0.09952,45.07899],[-0.09656,45.08129],[-0.09341,45.08131],[-0.09255,45.07786],[-0.0902,45.07957],[-0.08474,45.07798],[-0.08096,45.08366],[-0.0747,45.08784],[-0.06956,45.08803],[-0.06571,45.0843],[-0.05908,45.08747],[-0.05515,45.09386],[-0.05674,45.09924],[-0.06524,45.1001],[-0.07165,45.10866],[-0.07771,45.1104],[-0.08502,45.1166],[-0.0876,45.12162],[-0.09786,45.12105],[-0.11104,45.11531]]]},"properties":{"code_territoire":"iris331240000","libelle_territoire":"Chamadelle (commune non irisée)"}},
{"type":"Feature","geometry":{"type":"Polygon","coordinates":[[[-0.79355,45.22238],[-0.795,45.22473],[-0.80144,45.22533],[-0.79841,45.23117],[-0.80126,45.23748],[-0.80799,45.24107],[-0.81606,45.2424],[-0.82292,45.23891],[-0.83561,45.23916],[-0.84476,45.23639],[-0.84538,45.23484],[-0.85128,45.2352],[-0.85218,45.23659],[-0.85813,45.23598],[-0.86308,45.23848],[-0.86703,45.23573],[-0.87074,45.23698],[-0.8741,45.23383],[-0.87871,45.23487],[-0.87998,45.23296],[-0.88524,45.23588],[-0.88839,45.2302],[-0.88369,45.22482],[-0.88712,45.22114],[-0.88905,45.20662],[-0.87853,45.20521],[-0.87088,45.1907],[-0.86272,45.18956],[-0.85896,45.18734],[-0.85414,45.19426],[-0.85891,45.20052],[-0.84498,45.20541],[-0.84332,45.20894],[-0.83574,45.21343],[-0.81371,45.21668],[-0.79714,45.22138],[-0.79355,45.22238]]]},"properties":{"code_territoire":"iris331250000","libelle_territoire":"Cissac-Médoc (commune non irisée)"}},
{"type":"Feature","geometry":{"type":"Polygon","coordinates":[[[-0.47399,45.09059],[-0.4666,45.09112],[-0.46069,45.09368],[-0.45279,45.09316],[-0.44525,45.10009],[-0.44134,45.09927],[-0.43779,45.10372],[-0.43172,45.10279],[-0.42938,45.10475],[-0.4292,45.11092],[-0.4322,45.11096],[-0.43038,45.11251],[-0.4326,45.11277],[-0.43109,45.1169],[-0.44151,45.11869],[-0.44203,45.1199],[-0.45158,45.12016],[-0.45433,45.11886],[-0.46034,45.12225],[-0.4561,45.12824],[-0.45903,45.13028],[-0.46927,45.13412],[-0.47948,45.13404],[-0.4833,45.13148],[-0.48559,45.12345],[-0.48101,45.11303],[-0.48112,45.10448],[-0.48153,45.10156],[-0.47722,45.09773],[-0.47399,45.09059]]]},"properties":{"code_territoire":"iris331260000","libelle_territoire":"Civrac-de-Blaye (commune non irisée)"}},
{"type":"Feature","geometry":{"type":"Polygon","coordinates":[[[-0.08285,44.83348],[-0.09152,44.83021],[-0.08625,44.82429],[-0.08307,44.82408],[-0.07915,44.82313],[-0.06854,44.8282],[-0.06522,44.83608],[-0.06816,44.83839],[-0.08285,44.83348]]]},"properties":{"code_territoire":"iris331270000","libelle_territoire":"Civrac-sur-Dordogne (commune non irisée)"}},
{"type":"Feature","geometry":{"type":"Polygon","coordinates":[[[-0.9359,45.33602],[-0.92025,45.33357],[-0.91387,45.33618],[-0.90992,45.33521],[-0.90744,45.32722],[-0.90367,45.32552],[-0.90528,45.32391],[-0.90152,45.32115],[-0.87481,45.3294],[-0.86949,45.33551],[-0.86563,45.33395],[-0.86275,45.33785],[-0.86549,45.34013],[-0.8632,45.34276],[-0.86795,45.34479],[-0.86654,45.34725],[-0.87005,45.34595],[-0.87717,45.34661],[-0.87771,45.3453],[-0.88286,45.34753],[-0.88607,45.34596],[-0.89201,45.34818],[-0.89744,45.34596],[-0.90101,45.34815],[-0.89986,45.35113],[-0.91883,45.35986],[-0.95451,45.36288],[-0.95941,45.35465],[-0.96653,45.34948],[-0.94499,45.33496],[-0.93802,45.33997],[-0.9359,45.33602]]]},"properties":{"code_territoire":"iris331280000","libelle_territoire":"Civrac-en-Médoc (commune non irisée)"}},
{"type":"Feature","geometry":{"type":"Polygon","coordinates":[[[-0.05513,44.72594],[-0.05321,44.71335],[-0.04777,44.70761],[-0.04498,44.70955],[-0.03621,44.70625],[-0.02327,44.70504],[-0.02198,44.71211],[-0.02658,44.71729],[-0.02523,44.7227],[-0.02733,44.72697],[-0.0323,44.73273],[-0.03538,44.73348],[-0.04705,44.73052],[-0.04614,44.73136],[-0.0479,44.73224],[-0.05513,44.72594]]]},"properties":{"code_territoire":"iris331290000","libelle_territoire":"Cleyrac (commune non irisée)"}},
{"type":"Feature","geometry":{"type":"Polygon","coordinates":[[[-0.2108,44.52347],[-0.21086,44.51709],[-0.21613,44.5106],[-0.23107,44.51401],[-0.23315,44.50355],[-0.23831,44.50483],[-0.22984,44.48035],[-0.22483,44.47969],[-0.22246,44.4774],[-0.21614,44.48064],[-0.21145,44.48006],[-0.2074,44.48382],[-0.19579,44.48859],[-0.19031,44.49679],[-0.18842,44.50823],[-0.18767,44.5099],[-0.19046,44.51041],[-0.19122,44.51261],[-0.18939,44.51746],[-0.19964,44.52068],[-0.2108,44.52347]]]},"properties":{"code_territoire":"iris331300000","libelle_territoire":"Coimères (commune non irisée)"}},
{"type":"Feature","geometry":{"type":"Polygon","coordinates":[[[-0.19262,44.68413],[-0.18903,44.67905],[-0.18085,44.68006],[-0.17819,44.67392],[-0.16976,44.67254],[-0.17065,44.67001],[-0.16283,44.67082],[-0.16664,44.68634],[-0.15469,44.6841],[-0.1533,44.68973],[-0.156,44.69016],[-0.15575,44.69696],[-0.15816,44.69783],[-0.15658,44.69965],[-0.15864,44.70026],[-0.161,44.70129],[-0.16326,44.6968],[-0.17052,44.69782],[-0.17614,44.69567],[-0.1785,44.69272],[-0.18887,44.69301],[-0.19378,44.68664],[-0.19262,44.68413]]]},"properties":{"code_territoire":"iris331310000","libelle_territoire":"Coirac (commune non irisée)"}},
{"type":"Feature","geometry":{"type":"Polygon","coordinates":[[[-0.58428,45.07282],[-0.59674,45.07265],[-0.60432,45.0664],[-0.60503,45.06329],[-0.60316,45.05949],[-0.59866,45.05893],[-0.59752,45.06196],[-0.5907,45.06154],[-0.58503,45.06513],[-0.58309,45.06768],[-0.58428,45.07282]]]},"properties":{"code_territoire":"iris331320000","libelle_territoire":"Comps (commune non irisée)"}},
{"type":"Feature","geometry":{"type":"Polygon","coordinates":[[[0.06674,44.77918],[0.06545,44.78094],[0.06847,44.78461],[0.06482,44.78807],[0.06164,44.79689],[0.05121,44.79579],[0.03615,44.79043],[0.03402,44.78825],[0.03629,44.78005],[0.04006,44.77654],[0.05135,44.77223],[0.06452,44.77006],[0.06658,44.7715],[0.06674,44.77918]]]},"properties":{"code_territoire":"iris331330000","libelle_territoire":"Coubeyrac (commune non irisée)"}},
{"type":"Feature","geometry":{"type":"Polygon","coordinates":[[[-0.84677,45.33138],[-0.83836,45.33197],[-0.8358,45.33507],[-0.83092,45.33292],[-0.82288,45.34021],[-0.82628,45.34225],[-0.82564,45.34518],[-0.82866,45.34475],[-0.83104,45.3473],[-0.8332,45.3439],[-0.83693,45.34536],[-0.83609,45.3474],[-0.84094,45.34839],[-0.83847,45.35181],[-0.84026,45.35361],[-0.8475,45.35394],[-0.8511,45.35759],[-0.86001,45.36123],[-0.86669,45.35079],[-0.86654,45.34725],[-0.86795,45.34479],[-0.8632,45.34276],[-0.86549,45.34013],[-0.86275,45.33785],[-0.84677,45.33138]]]},"properties":{"code_territoire":"iris331340000","libelle_territoire":"Couquèques (commune non irisée)"}},
{"type":"Feature","geometry":{"type":"Polygon","coordinates":[[[-0.1982,44.74863],[-0.19076,44.74956],[-0.18407,44.74779],[-0.17573,44.75081],[-0.17358,44.75793],[-0.17546,44.75798],[-0.1752,44.76088],[-0.18815,44.76168],[-0.18894,44.76595],[-0.1982,44.74863]]]},"properties":{"code_territoire":"iris331350000","libelle_territoire":"Courpiac (commune non irisée)"}},
{"type":"Feature","geometry":{"type":"Polygon","coordinates":[[[0.13359,44.66799],[0.13042,44.6684],[0.1225,44.6644],[0.10752,44.66881],[0.10298,44.66442],[0.10959,44.6612],[0.10947,44.65027],[0.10561,44.64741],[0.10537,44.64223],[0.10989,44.6422],[0.11098,44.63969],[0.11584,44.6394],[0.12326,44.63683],[0.12162,44.63148],[0.13924,44.62721],[0.13641,44.63203],[0.13976,44.63322],[0.13674,44.63639],[0.14118,44.64164],[0.13662,44.64651],[0.13769,44.6521],[0.13595,44.6549],[0.1291,44.65852],[0.15233,44.66244],[0.16775,44.66846],[0.16212,44.6705],[0.15915,44.66832],[0.15422,44.66789],[0.15447,44.66944],[0.14819,44.6684],[0.14738,44.66619],[0.14403,44.66552],[0.13758,44.66757],[0.13461,44.66601],[0.13359,44.66799]]]},"properties":{"code_territoire":"iris331360000","libelle_territoire":"Cours-de-Monségur (commune non irisée)"}},
{"type":"Feature","geometry":{"type":"Polygon","coordinates":[[[-0.03606,44.36098],[-0.02881,44.3602],[-0.02528,44.36412],[-0.0184,44.36635],[-0.01516,44.37116],[-0.01238,44.37204],[-0.0098,44.37068],[-0.0079,44.37257],[0.00221,44.37241],[0.00421,44.3678],[0.01497,44.36666],[0.02408,44.37746],[0.00966,44.38019],[0.00733,44.38195],[0.01937,44.38784],[0.01237,44.3953],[0.00676,44.39736],[0.00597,44.39575],[-0.00069,44.39581],[-0.01204,44.39224],[-0.01867,44.38556],[-0.02539,44.38988],[-0.02788,44.38676],[-0.028,44.38134],[-0.03346,44.37576],[-0.03176,44.3733],[-0.03422,44.36666],[-0.03606,44.36098]]]},"properties":{"code_territoire":"iris331370000","libelle_territoire":"Cours-les-Bains (commune non irisée)"}},
{"type":"Feature","geometry":{"type":"Polygon","coordinates":[[[-0.04247,45.02096],[-0.04216,45.02891],[-0.03834,45.02958],[-0.03038,45.0267],[-0.02693,45.02453],[-0.02406,45.02626],[-0.02628,45.03484],[-0.05082,45.0304],[-0.04617,45.04388],[-0.06753,45.04911],[-0.06896,45.04416],[-0.08635,45.04292],[-0.08884,45.04538],[-0.08584,45.04699],[-0.08763,45.04956],[-0.08593,45.05169],[-0.08851,45.05461],[-0.11371,45.06458],[-0.12344,45.05847],[-0.12904,45.04809],[-0.12416,45.0518],[-0.12207,45.04755],[-0.11206,45.05267],[-0.10928,45.05234],[-0.11494,45.04871],[-0.10825,45.04722],[-0.10771,45.03966],[-0.08624,45.03422],[-0.08674,45.03286],[-0.10098,45.03505],[-0.10476,45.03045],[-0.09662,45.02714],[-0.09666,45.02577],[-0.11365,45.02558],[-0.12939,45.03648],[-0.13513,45.03067],[-0.12751,45.02729],[-0.12585,45.02203],[-0.1231,45.01717],[-0.11649,45.01237],[-0.11324,45.01571],[-0.10178,45.01712],[-0.09372,45.01534],[-0.08939,45.01798],[-0.0927,45.02206],[-0.09113,45.02708],[-0.08104,45.02612],[-0.07827,45.02114],[-0.07319,45.01917],[-0.0694,45.02278],[-0.06323,45.02392],[-0.05684,45.0202],[-0.04379,45.01962],[-0.04247,45.02096]]]},"properties":{"code_territoire":"iris331380103","libelle_territoire":"Est"}},
{"type":"Feature","geometry":{"type":"Polygon","coordinates":[[[-0.12585,45.02203],[-0.12751,45.02729],[-0.13513,45.03067],[-0.12939,45.03648],[-0.13121,45.03873],[-0.12981,45.04317],[-0.12411,45.04238],[-0.11494,45.04871],[-0.10928,45.05234],[-0.11206,45.05267],[-0.12207,45.04755],[-0.12416,45.0518],[-0.12904,45.04809],[-0.12344,45.05847],[-0.11371,45.06458],[-0.11642,45.06581],[-0.11718,45.06927],[-0.12734,45.06868],[-0.13232,45.06727],[-0.13187,45.06321],[-0.1347,45.06196],[-0.13395,45.05542],[-0.14457,45.05634],[-0.15689,45.05327],[-0.16223,45.05389],[-0.1703,45.04767],[-0.1773,45.0426],[-0.17239,45.04213],[-0.1663,45.03868],[-0.15921,45.04078],[-0.16067,45.03765],[-0.159,45.0346],[-0.14859,45.03758],[-0.14603,45.03601],[-0.14713,45.03297],[-0.14202,45.0333],[-0.14286,45.0262],[-0.12861,45.02492],[-0.12585,45.02203]]]},"properties":{"code_territoire":"iris331380101","libelle_territoire":"Dronne"}},
{"type":"Feature","geometry":{"type":"Polygon","coordinates":[[[-0.12939,45.03648],[-0.11365,45.02558],[-0.09666,45.02577],[-0.09662,45.02714],[-0.10476,45.03045],[-0.10098,45.03505],[-0.08674,45.03286],[-0.08624,45.03422],[-0.10771,45.03966],[-0.10825,45.04722],[-0.11494,45.04871],[-0.12411,45.04238],[-0.12981,45.04317],[-0.13121,45.03873],[-0.12939,45.03648]]]},"properties":{"code_territoire":"iris331380102","libelle_territoire":"Centre"}},
{"type":"Feature","geometry":{"type":"Polygon","coordinates":[[[0.02461,44.63921],[0.02651,44.64205],[0.03025,44.64126],[0.03996,44.64294],[0.03597,44.65282],[0.04247,44.66036],[0.04725,44.67302],[0.04346,44.67398],[0.03908,44.66411],[0.02608,44.65689],[0.01634,44.6496],[0.0207,44.64191],[0.02461,44.63921]]]},"properties":{"code_territoire":"iris331390000","libelle_territoire":"Coutures (commune non irisée)"}},
{"type":"Feature","geometry":{"type":"Polygon","coordinates":[[[-0.352,44.75852],[-0.34144,44.75778],[-0.34732,44.75302],[-0.33405,44.74992],[-0.32849,44.75646],[-0.33645,44.77397],[-0.32145,44.78037],[-0.32475,44.78761],[-0.34518,44.78336],[-0.34699,44.78584],[-0.34946,44.7847],[-0.3515,44.78678],[-0.3539,44.78262],[-0.36157,44.77722],[-0.36649,44.76685],[-0.3625,44.76316],[-0.35475,44.76288],[-0.352,44.75852]]]},"properties":{"code_territoire":"iris331400000","libelle_territoire":"Créon (commune non irisée)"}},
{"type":"Feature","geometry":{"type":"Polygon","coordinates":[[[-0.34077,44.83516],[-0.3475,44.8366],[-0.36142,44.83349],[-0.3515,44.82607],[-0.35207,44.81862],[-0.34933,44.81839],[-0.34805,44.80642],[-0.34497,44.80507],[-0.32911,44.80933],[-0.33024,44.8164],[-0.34077,44.83516]]]},"properties":{"code_territoire":"iris331410000","libelle_territoire":"Croignon (commune non irisée)"}},
{"type":"Feature","geometry":{"type":"Polygon","coordinates":[[[-0.40052,45.05961],[-0.39415,45.06885],[-0.38849,45.0726],[-0.38941,45.07755],[-0.3922,45.07971],[-0.40489,45.08138],[-0.40765,45.08395],[-0.42017,45.0884],[-0.43436,45.09029],[-0.43396,45.08075],[-0.44044,45.07477],[-0.45061,45.06934],[-0.45198,45.06261],[-0.4236,45.06363],[-0.41479,45.0594],[-0.4087,45.05869],[-0.40052,45.05961]]]},"properties":{"code_territoire":"iris331420000","libelle_territoire":"Cubnezais (commune non irisée)"}},
{"type":"Feature","geometry":{"type":"Polygon","coordinates":[[[-0.41247,44.97022],[-0.41267,44.97233],[-0.41744,44.97282],[-0.42196,44.97623],[-0.42867,44.97566],[-0.43177,44.97802],[-0.44088,44.98023],[-0.46141,44.98156],[-0.47282,44.98029],[-0.47018,44.97156],[-0.455,44.95324],[-0.43197,44.9607],[-0.41247,44.97022]]]},"properties":{"code_territoire":"iris331430000","libelle_territoire":"Cubzac-les-Ponts (commune non irisée)"}},
{"type":"Feature","geometry":{"type":"Polygon","coordinates":[[[-0.23608,44.40415],[-0.23851,44.40151],[-0.23606,44.39266],[-0.23819,44.38848],[-0.23542,44.38641],[-0.23749,44.37566],[-0.22951,44.37415],[-0.23197,44.36989],[-0.22898,44.36402],[-0.21525,44.36443],[-0.22086,44.35056],[-0.21366,44.3466],[-0.20131,44.34728],[-0.19556,44.34969],[-0.1908,44.3491],[-0.18876,44.35033],[-0.18991,44.35229],[-0.18076,44.35359],[-0.18147,44.35607],[-0.17697,44.35604],[-0.1764,44.35833],[-0.16754,44.35822],[-0.1633,44.36128],[-0.16085,44.36048],[-0.15693,44.36262],[-0.15206,44.36257],[-0.13126,44.37131],[-0.13286,44.37442],[-0.13001,44.37784],[-0.13166,44.3836],[-0.12976,44.38821],[-0.13318,44.39352],[-0.13183,44.4],[-0.14492,44.40366],[-0.14713,44.40028],[-0.15605,44.39784],[-0.16428,44.39659],[-0.16029,44.39364],[-0.16853,44.38475],[-0.16614,44.37953],[-0.17199,44.37765],[-0.17648,44.37922],[-0.17851,44.3782],[-0.18902,44.38112],[-0.18788,44.38684],[-0.19441,44.38906],[-0.19223,44.39175],[-0.20532,44.39302],[-0.20048,44.40471],[-0.20478,44.405],[-0.21823,44.40632],[-0.22767,44.41103],[-0.2321,44.40658],[-0.23608,44.40415]]]},"properties":{"code_territoire":"iris331440000","libelle_territoire":"Cudos (commune non irisée)"}},
{"type":"Feature","geometry":{"type":"Polygon","coordinates":[[[-0.31207,44.80085],[-0.32228,44.8026],[-0.32819,44.80622],[-0.32911,44.80933],[-0.34497,44.80507],[-0.34414,44.80325],[-0.35324,44.79704],[-0.35575,44.7904],[-0.3515,44.78678],[-0.34946,44.7847],[-0.34699,44.78584],[-0.34518,44.78336],[-0.32475,44.78761],[-0.32474,44.79061],[-0.3192,44.78947],[-0.31504,44.79398],[-0.31222,44.79462],[-0.31207,44.80085]]]},"properties":{"code_territoire":"iris331450000","libelle_territoire":"Cursan (commune non irisée)"}},
{"type":"Feature","geometry":{"type":"Polygon","coordinates":[[[-0.69274,45.14523],[-0.71628,45.13836],[-0.72534,45.13896],[-0.72557,45.13753],[-0.72868,45.13744],[-0.7323,45.1402],[-0.73984,45.13686],[-0.76045,45.13645],[-0.7639,45.12578],[-0.76434,45.1122],[-0.75665,45.10069],[-0.74228,45.09637],[-0.73102,45.0967],[-0.71908,45.10213],[-0.71119,45.10236],[-0.68733,45.11032],[-0.69274,45.14523]]]},"properties":{"code_territoire":"iris331460000","libelle_territoire":"Cussac-Fort-Médoc (commune non irisée)"}},
{"type":"Feature","geometry":{"type":"Polygon","coordinates":[[[-0.24761,44.78725],[-0.2342,44.78829],[-0.22258,44.78529],[-0.2163,44.78275],[-0.21597,44.78283],[-0.20934,44.79153],[-0.21521,44.79361],[-0.21494,44.79619],[-0.22068,44.79993],[-0.22546,44.79421],[-0.23695,44.79954],[-0.24233,44.80511],[-0.24027,44.81228],[-0.24517,44.81689],[-0.25201,44.81704],[-0.25499,44.80821],[-0.25154,44.80378],[-0.25393,44.80044],[-0.2502,44.7953],[-0.25235,44.79009],[-0.25197,44.78822],[-0.24761,44.78725]]]},"properties":{"code_territoire":"iris331470000","libelle_territoire":"Daignac (commune non irisée)"}},
{"type":"Feature","geometry":{"type":"Polygon","coordinates":[[[-0.22258,44.78529],[-0.2342,44.78829],[-0.24761,44.78725],[-0.25265,44.78685],[-0.25182,44.7819],[-0.24613,44.77854],[-0.24162,44.7788],[-0.23563,44.77946],[-0.23109,44.78519],[-0.22637,44.78381],[-0.22258,44.78529]]]},"properties":{"code_territoire":"iris331480000","libelle_territoire":"Dardenac (commune non irisée)"}},
{"type":"Feature","geometry":{"type":"Polygon","coordinates":[[[-0.11486,44.7149],[-0.12161,44.71441],[-0.12147,44.71756],[-0.12522,44.72124],[-0.13139,44.72064],[-0.13335,44.7263],[-0.14739,44.71793],[-0.15311,44.71074],[-0.15864,44.70026],[-0.15658,44.69965],[-0.15316,44.70137],[-0.15482,44.7029],[-0.14955,44.70908],[-0.143,44.70404],[-0.12908,44.70173],[-0.12229,44.69794],[-0.1212,44.69985],[-0.11682,44.70042],[-0.11323,44.70678],[-0.11817,44.71227],[-0.11486,44.7149]]]},"properties":{"code_territoire":"iris331490000","libelle_territoire":"Daubèze (commune non irisée)"}},
{"type":"Feature","geometry":{"type":"Polygon","coordinates":[[[0.10021,44.70106],[0.09479,44.70048],[0.09168,44.69224],[0.0817,44.68506],[0.08159,44.67847],[0.07833,44.67335],[0.08292,44.66774],[0.08968,44.66564],[0.08946,44.66239],[0.09237,44.66379],[0.09565,44.6623],[0.10197,44.66319],[0.10298,44.66442],[0.10752,44.66881],[0.1225,44.6644],[0.13042,44.6684],[0.13359,44.66799],[0.12987,44.67291],[0.1343,44.68237],[0.12113,44.68348],[0.11447,44.68116],[0.11103,44.6847],[0.10282,44.68591],[0.1057,44.69577],[0.10209,44.69601],[0.10275,44.69835],[0.10021,44.70106]]]},"properties":{"code_territoire":"iris331500000","libelle_territoire":"Dieulivol (commune non irisée)"}},
{"type":"Feature","geometry":{"type":"Polygon","coordinates":[[[-0.47605,45.20068],[-0.4652,45.20205],[-0.43929,45.19878],[-0.42342,45.20049],[-0.41759,45.20389],[-0.42093,45.20856],[-0.41652,45.21217],[-0.4133,45.2214],[-0.41353,45.22833],[-0.40515,45.2397],[-0.40732,45.24765],[-0.425,45.24843],[-0.41542,45.2691],[-0.42589,45.2787],[-0.43358,45.28056],[-0.44396,45.26716],[-0.45224,45.26116],[-0.48204,45.2532],[-0.48788,45.25374],[-0.47824,45.25093],[-0.47729,45.23742],[-0.47227,45.23768],[-0.47631,45.2336],[-0.47744,45.22773],[-0.48605,45.22643],[-0.47808,45.22137],[-0.47777,45.21087],[-0.47941,45.20772],[-0.48226,45.20708],[-0.47605,45.20068]]]},"properties":{"code_territoire":"iris331510000","libelle_territoire":"Donnezac (commune non irisée)"}},
{"type":"Feature","geometry":{"type":"Polygon","coordinates":[[[-0.27592,44.66044],[-0.27534,44.64923],[-0.26232,44.64631],[-0.25801,44.64311],[-0.24206,44.63723],[-0.24117,44.64001],[-0.23638,44.64174],[-0.23984,44.65176],[-0.24428,44.6536],[-0.25225,44.65716],[-0.26026,44.65645],[-0.26794,44.65976],[-0.27592,44.66044]]]},"properties":{"code_territoire":"iris331520000","libelle_territoire":"Donzac (commune non irisée)"}},
{"type":"Feature","geometry":{"type":"Polygon","coordinates":[[[0.02376,44.77698],[0.01779,44.79012],[0.01994,44.79334],[-0.00505,44.8048],[-0.00683,44.80738],[-0.00316,44.81131],[-0.01048,44.81004],[-0.01626,44.80768],[-0.02025,44.80051],[-0.0198,44.79615],[-0.02557,44.78929],[-0.00826,44.78568],[-0.00161,44.78196],[0.01583,44.77643],[0.02376,44.77698]]]},"properties":{"code_territoire":"iris331530000","libelle_territoire":"Doulezon (commune non irisée)"}},
{"type":"Feature","geometry":{"type":"Polygon","coordinates":[[[-0.06215,45.07236],[-0.05757,45.07276],[-0.04876,45.06954],[-0.03761,45.07665],[-0.03315,45.07457],[-0.026,45.07679],[-0.02287,45.07616],[-0.01434,45.07658],[-0.00968,45.08639],[-0.01626,45.09061],[-0.00586,45.09899],[-0.00554,45.10261],[-0.00002,45.10518],[0.00534,45.11091],[0.00698,45.11792],[-0.00351,45.11961],[-0.01359,45.11796],[-0.01519,45.1155],[-0.02547,45.11544],[-0.03448,45.10362],[-0.04048,45.10261],[-0.04024,45.10096],[-0.04681,45.09784],[-0.0524,45.10131],[-0.05674,45.09924],[-0.05515,45.09386],[-0.05908,45.08747],[-0.06571,45.0843],[-0.06956,45.08803],[-0.0747,45.08784],[-0.08096,45.08366],[-0.08474,45.07798],[-0.08003,45.07895],[-0.07645,45.0771],[-0.07231,45.08053],[-0.06215,45.07236]]]},"properties":{"code_territoire":"iris331540000","libelle_territoire":"Les Églisottes-et-Chalaures (commune non irisée)"}},
{"type":"Feature","geometry":{"type":"Polygon","coordinates":[[[-0.21366,44.3466],[-0.22086,44.35056],[-0.22337,44.34987],[-0.22218,44.35278],[-0.22941,44.35411],[-0.23043,44.34691],[-0.22779,44.34661],[-0.2351,44.34125],[-0.2336,44.33882],[-0.23585,44.32637],[-0.229,44.31771],[-0.22705,44.28062],[-0.20173,44.28166],[-0.20064,44.28477],[-0.19398,44.2857],[-0.1906,44.28407],[-0.18871,44.28638],[-0.18255,44.28613],[-0.17759,44.28862],[-0.17865,44.29165],[-0.17287,44.29855],[-0.17479,44.30115],[-0.17301,44.30359],[-0.18224,44.3087],[-0.18094,44.31313],[-0.18259,44.3167],[-0.19112,44.32105],[-0.18936,44.32245],[-0.19335,44.32733],[-0.18988,44.32925],[-0.19331,44.33151],[-0.19255,44.33615],[-0.19951,44.33938],[-0.20148,44.3437],[-0.20426,44.34465],[-0.21007,44.34197],[-0.21366,44.3466]]]},"properties":{"code_territoire":"iris331550000","libelle_territoire":"Escaudes (commune non irisée)"}},
{"type":"Feature","geometry":{"type":"Polygon","coordinates":[[[-0.25824,44.69287],[-0.26898,44.69244],[-0.28071,44.6876],[-0.29627,44.67381],[-0.28885,44.6681],[-0.28449,44.66423],[-0.28396,44.66423],[-0.28241,44.66814],[-0.27429,44.66866],[-0.27237,44.67225],[-0.26508,44.67296],[-0.26061,44.67728],[-0.26213,44.67976],[-0.25783,44.68482],[-0.25696,44.6927],[-0.25824,44.69287]]]},"properties":{"code_territoire":"iris331560000","libelle_territoire":"Escoussans (commune non irisée)"}},
{"type":"Feature","geometry":{"type":"Polygon","coordinates":[[[-0.25235,44.79009],[-0.2502,44.7953],[-0.25393,44.80044],[-0.25154,44.80378],[-0.25499,44.80821],[-0.25201,44.81704],[-0.25702,44.81992],[-0.26158,44.81895],[-0.2638,44.81374],[-0.26922,44.81085],[-0.26889,44.80691],[-0.26809,44.80465],[-0.27385,44.79411],[-0.28168,44.78777],[-0.28207,44.78425],[-0.28492,44.78339],[-0.28632,44.7799],[-0.28353,44.77709],[-0.27818,44.77778],[-0.26978,44.77612],[-0.26848,44.78009],[-0.26587,44.7803],[-0.25235,44.79009]]]},"properties":{"code_territoire":"iris331570000","libelle_territoire":"Espiet (commune non irisée)"}},
{"type":"Feature","geometry":{"type":"Polygon","coordinates":[[[-0.07401,44.61888],[-0.08136,44.61514],[-0.08156,44.60843],[-0.08417,44.60683],[-0.07075,44.60106],[-0.07131,44.59909],[-0.06477,44.59646],[-0.05934,44.60141],[-0.05164,44.59858],[-0.04711,44.60133],[-0.04674,44.60357],[-0.0492,44.60366],[-0.04745,44.60684],[-0.05061,44.61363],[-0.05455,44.61196],[-0.05704,44.61328],[-0.06529,44.62428],[-0.07038,44.62396],[-0.07401,44.61888]]]},"properties":{"code_territoire":"iris331580000","libelle_territoire":"Les Esseintes (commune non irisée)"}},
{"type":"Feature","geometry":{"type":"Polygon","coordinates":[[[-0.57858,45.24224],[-0.58441,45.23236],[-0.59459,45.23387],[-0.59775,45.22813],[-0.6082,45.22903],[-0.61746,45.22343],[-0.60824,45.22056],[-0.60829,45.21193],[-0.5961,45.20569],[-0.58712,45.202],[-0.55286,45.2136],[-0.55826,45.21804],[-0.55276,45.22268],[-0.55397,45.22894],[-0.56085,45.23153],[-0.55862,45.2349],[-0.5636,45.23681],[-0.57858,45.24224]]]},"properties":{"code_territoire":"iris331590000","libelle_territoire":"Étauliers (commune non irisée)"}},
{"type":"Feature","geometry":{"type":"Polygon","coordinates":[[[0.18418,44.82371],[0.17493,44.82678],[0.15908,44.82636],[0.14859,44.82932],[0.12525,44.8284],[0.11415,44.8196],[0.12668,44.82065],[0.13215,44.81549],[0.13113,44.81211],[0.14784,44.80739],[0.15778,44.80799],[0.16134,44.8101],[0.16512,44.8088],[0.16251,44.82076],[0.17532,44.81893],[0.17663,44.82038],[0.18637,44.81826],[0.1827,44.82272],[0.18418,44.82371]]]},"properties":{"code_territoire":"iris331600000","libelle_territoire":"Eynesse (commune non irisée)"}},
{"type":"Feature","geometry":{"type":"Polygon","coordinates":[[[-0.60176,45.18296],[-0.60177,45.18532],[-0.59741,45.18784],[-0.60021,45.19113],[-0.5961,45.20569],[-0.60829,45.21193],[-0.60923,45.20827],[-0.60527,45.20601],[-0.60333,45.19902],[-0.60967,45.19737],[-0.61393,45.19877],[-0.62253,45.19833],[-0.62568,45.19263],[-0.62719,45.1861],[-0.62493,45.18405],[-0.61582,45.18153],[-0.60315,45.18254],[-0.60176,45.18296]]]},"properties":{"code_territoire":"iris331610000","libelle_territoire":"Eyrans (commune non irisée)"}},
{"type":"Feature","geometry":{"type":"Polygon","coordinates":[[[-0.66822,44.88963],[-0.66222,44.88941],[-0.65406,44.88184],[-0.64755,44.87975],[-0.64782,44.88326],[-0.65137,44.88448],[-0.65084,44.88578],[-0.64845,44.88941],[-0.64223,44.8873],[-0.64104,44.88992],[-0.63779,44.88995],[-0.63894,44.89532],[-0.64244,44.89493],[-0.65803,44.89737],[-0.66929,44.89553],[-0.66822,44.88963]]]},"properties":{"code_territoire":"iris331620101","libelle_territoire":"Cantinolle"}},
{"type":"Feature","geometry":{"type":"Polygon","coordinates":[[[-0.63894,44.89532],[-0.63779,44.88995],[-0.64104,44.88992],[-0.64223,44.8873],[-0.64845,44.88941],[-0.65084,44.88578],[-0.65137,44.88448],[-0.64782,44.88326],[-0.64755,44.87975],[-0.64246,44.87713],[-0.64061,44.88084],[-0.64106,44.88536],[-0.63821,44.88572],[-0.62934,44.88164],[-0.62489,44.88889],[-0.62976,44.89805],[-0.63469,44.89788],[-0.63894,44.89532]]]},"properties":{"code_territoire":"iris331620102","libelle_territoire":"Bourg"}},
{"type":"Feature","geometry":{"type":"Polygon","coordinates":[[[-0.66221,44.85771],[-0.64164,44.87176],[-0.63677,44.87456],[-0.64246,44.87713],[-0.64755,44.87975],[-0.65406,44.88184],[-0.66222,44.88941],[-0.66822,44.88963],[-0.66865,44.878],[-0.66726,44.87324],[-0.66132,44.87132],[-0.66655,44.85828],[-0.66221,44.85771]]]},"properties":{"code_territoire":"iris331620103","libelle_territoire":"La Lesque"}},
{"type":"Feature","geometry":{"type":"Polygon","coordinates":[[[-0.62934,44.88164],[-0.63821,44.88572],[-0.64106,44.88536],[-0.64061,44.88084],[-0.63265,44.87693],[-0.62719,44.87984],[-0.62934,44.88164]]]},"properties":{"code_territoire":"iris331620104","libelle_territoire":"Vigean"}},
{"type":"Feature","geometry":{"type":"Polygon","coordinates":[[[-0.62213,44.87673],[-0.62719,44.87984],[-0.63265,44.87693],[-0.64061,44.88084],[-0.64246,44.87713],[-0.63677,44.87456],[-0.63093,44.87166],[-0.63044,44.87367],[-0.62213,44.87673]]]},"properties":{"code_territoire":"iris331620105","libelle_territoire":"Derby"}},
{"type":"Feature","geometry":{"type":"Polygon","coordinates":[[[-0.64219,44.86123],[-0.63727,44.86739],[-0.64164,44.87176],[-0.66221,44.85771],[-0.66022,44.85743],[-0.65311,44.86275],[-0.64219,44.86123]]]},"properties":{"code_territoire":"iris331620106","libelle_territoire":"Grand Louis"}},
{"type":"Feature","geometry":{"type":"Polygon","coordinates":[[[-0.63093,44.87166],[-0.63677,44.87456],[-0.64164,44.87176],[-0.63727,44.86739],[-0.64219,44.86123],[-0.63832,44.86073],[-0.63145,44.86384],[-0.63419,44.86536],[-0.63093,44.87166]]]},"properties":{"code_territoire":"iris331620107","libelle_territoire":"Migron"}},
{"type":"Feature","geometry":{"type":"Polygon","coordinates":[[[-0.22258,44.78529],[-0.22637,44.78381],[-0.23109,44.78519],[-0.23563,44.77946],[-0.24162,44.7788],[-0.25186,44.76719],[-0.24614,44.76324],[-0.24885,44.75302],[-0.23866,44.74889],[-0.23362,44.74702],[-0.22272,44.74934],[-0.21971,44.74694],[-0.2168,44.74815],[-0.20366,44.74371],[-0.20257,44.74594],[-0.21086,44.75288],[-0.21785,44.7534],[-0.21535,44.75811],[-0.20635,44.76431],[-0.20908,44.76876],[-0.21816,44.77451],[-0.2163,44.78275],[-0.22258,44.78529]]]},"properties":{"code_territoire":"iris331630000","libelle_territoire":"Faleyras (commune non irisée)"}},
{"type":"Feature","geometry":{"type":"Polygon","coordinates":[[[-0.26154,44.5317],[-0.27186,44.53586],[-0.27373,44.54755],[-0.27925,44.54946],[-0.27891,44.55217],[-0.28197,44.55424],[-0.28733,44.55476],[-0.28539,44.55887],[-0.29403,44.56477],[-0.30409,44.55903],[-0.30018,44.5485],[-0.31162,44.54588],[-0.31525,44.54306],[-0.3237,44.52973],[-0.32129,44.52459],[-0.31503,44.52117],[-0.31826,44.51925],[-0.3134,44.51278],[-0.30842,44.50761],[-0.30152,44.51199],[-0.30198,44.51386],[-0.29814,44.51474],[-0.29134,44.52375],[-0.28493,44.52072],[-0.27049,44.5244],[-0.26718,44.52361],[-0.26154,44.5317]]]},"properties":{"code_territoire":"iris331640000","libelle_territoire":"Fargues (commune non irisée)"}},
{"type":"Feature","geometry":{"type":"Polygon","coordinates":[[[-0.45286,44.82583],[-0.44945,44.82217],[-0.45913,44.80677],[-0.45399,44.80174],[-0.43915,44.80548],[-0.43075,44.81373],[-0.42464,44.81099],[-0.42073,44.81123],[-0.42648,44.81581],[-0.42267,44.81859],[-0.42539,44.823],[-0.42401,44.82594],[-0.4264,44.83246],[-0.4296,44.83337],[-0.43107,44.83862],[-0.43639,44.83526],[-0.44221,44.83501],[-0.44567,44.833],[-0.44759,44.83493],[-0.44878,44.82795],[-0.45236,44.82825],[-0.45286,44.82583]]]},"properties":{"code_territoire":"iris331650000","libelle_territoire":"Fargues-Saint-Hilaire (commune non irisée)"}},
{"type":"Feature","geometry":{"type":"Polygon","coordinates":[[[-0.00508,45.05478],[-0.00588,45.06025],[-0.01105,45.0616],[-0.0145,45.06555],[-0.02185,45.06756],[-0.02404,45.0724],[-0.02287,45.07616],[-0.026,45.07679],[-0.03315,45.07457],[-0.03761,45.07665],[-0.04876,45.06954],[-0.05757,45.07276],[-0.06215,45.07236],[-0.06431,45.06703],[-0.05394,45.06374],[-0.06753,45.04911],[-0.04617,45.04388],[-0.05082,45.0304],[-0.02628,45.03484],[-0.0281,45.03743],[-0.0268,45.04056],[-0.02315,45.04049],[-0.02417,45.04327],[-0.01781,45.04437],[-0.0179,45.04643],[-0.0087,45.04939],[-0.00536,45.04886],[-0.00508,45.05478]]]},"properties":{"code_territoire":"iris331660000","libelle_territoire":"Le Fieu (commune non irisée)"}},
{"type":"Feature","geometry":{"type":"Polygon","coordinates":[[[-0.53271,44.81632],[-0.51368,44.82138],[-0.52064,44.82229],[-0.52468,44.8291],[-0.52723,44.83018],[-0.52564,44.83126],[-0.52901,44.83573],[-0.53679,44.83704],[-0.53881,44.83605],[-0.54153,44.83779],[-0.54142,44.84236],[-0.54213,44.84174],[-0.548,44.83569],[-0.53333,44.82787],[-0.5376,44.82281],[-0.53271,44.81632]]]},"properties":{"code_territoire":"iris331670101","libelle_territoire":"La Souys"}},
{"type":"Feature","geometry":{"type":"Polygon","coordinates":[[[-0.54142,44.84236],[-0.54153,44.83779],[-0.53001,44.84025],[-0.52912,44.84383],[-0.53059,44.84362],[-0.54142,44.84236]]]},"properties":{"code_territoire":"iris331670102","libelle_territoire":"Gambetta"}},
{"type":"Feature","geometry":{"type":"Polygon","coordinates":[[[-0.54153,44.83779],[-0.53881,44.83605],[-0.53679,44.83704],[-0.52901,44.83573],[-0.53001,44.84025],[-0.54153,44.83779]]]},"properties":{"code_territoire":"iris331670103","libelle_territoire":"Gravette"}},
{"type":"Feature","geometry":{"type":"Polygon","coordinates":[[[-0.52912,44.84383],[-0.53001,44.84025],[-0.52901,44.83573],[-0.52564,44.83126],[-0.52723,44.83018],[-0.52468,44.8291],[-0.51505,44.83386],[-0.51884,44.83751],[-0.5216,44.83705],[-0.52143,44.83988],[-0.51383,44.8445],[-0.51185,44.84699],[-0.51363,44.84703],[-0.51874,44.8471],[-0.52912,44.84383]]]},"properties":{"code_territoire":"iris331670104","libelle_territoire":"Coteaux"}},
{"type":"Feature","geometry":{"type":"Polygon","coordinates":[[[-0.51185,44.84699],[-0.51383,44.8445],[-0.50462,44.84335],[-0.5016,44.84328],[-0.50319,44.84798],[-0.51006,44.84713],[-0.51185,44.84699]]]},"properties":{"code_territoire":"iris331670108","libelle_territoire":"La Marègue Étendue"}},
{"type":"Feature","geometry":{"type":"Polygon","coordinates":[[[-0.51383,44.8445],[-0.52143,44.83988],[-0.5216,44.83705],[-0.51884,44.83751],[-0.51505,44.83386],[-0.50462,44.84335],[-0.51383,44.8445]]]},"properties":{"code_territoire":"iris331670109","libelle_territoire":"Rebedech"}},
{"type":"Feature","geometry":{"type":"Polygon","coordinates":[[[-0.5016,44.84328],[-0.50462,44.84335],[-0.51505,44.83386],[-0.52468,44.8291],[-0.52064,44.82229],[-0.51368,44.82138],[-0.50923,44.82622],[-0.50139,44.83044],[-0.50038,44.83324],[-0.49509,44.83509],[-0.49804,44.83726],[-0.49619,44.84152],[-0.5016,44.84328]]]},"properties":{"code_territoire":"iris331670110","libelle_territoire":"Plateaux"}},
{"type":"Feature","geometry":{"type":"Polygon","coordinates":[[[0.0088,44.8463],[0.00545,44.83219],[0.01166,44.8276],[0.01254,44.81936],[0.02111,44.82032],[0.02781,44.81772],[0.04318,44.81703],[0.04739,44.8246],[0.03789,44.82901],[0.038,44.83942],[0.03099,44.84206],[0.0231,44.84916],[0.0184,44.8498],[0.0088,44.8463]]]},"properties":{"code_territoire":"iris331680000","libelle_territoire":"Flaujagues (commune non irisée)"}},
{"type":"Feature","geometry":{"type":"Polygon","coordinates":[[[-0.03883,44.5752],[-0.04526,44.57695],[-0.05829,44.57479],[-0.05967,44.57811],[-0.07314,44.5729],[-0.08443,44.57307],[-0.08624,44.57325],[-0.08715,44.56863],[-0.08407,44.5691],[-0.08406,44.56708],[-0.08039,44.5661],[-0.07275,44.56356],[-0.0681,44.56553],[-0.06783,44.56301],[-0.06136,44.56388],[-0.05841,44.56143],[-0.04936,44.56899],[-0.04123,44.57021],[-0.03883,44.5752]]]},"properties":{"code_territoire":"iris331690000","libelle_territoire":"Floudès (commune non irisée)"}},
{"type":"Feature","geometry":{"type":"Polygon","coordinates":[[[-0.02691,44.53084],[-0.02511,44.53883],[-0.0166,44.55103],[-0.01115,44.55443],[-0.0169,44.56674],[-0.02623,44.57802],[-0.0303,44.57861],[-0.03056,44.57626],[-0.03883,44.5752],[-0.04123,44.57021],[-0.04256,44.5654],[-0.04131,44.55651],[-0.03321,44.55349],[-0.03608,44.54158],[-0.03511,44.53336],[-0.04028,44.52768],[-0.03744,44.52763],[-0.02962,44.52764],[-0.02691,44.53084]]]},"properties":{"code_territoire":"iris331700000","libelle_territoire":"Fontet (commune non irisée)"}},
{"type":"Feature","geometry":{"type":"Polygon","coordinates":[[[0.02618,44.59081],[0.04123,44.58465],[0.04222,44.58147],[0.05507,44.58432],[0.06797,44.58485],[0.06907,44.59254],[0.07362,44.59607],[0.07941,44.59727],[0.07979,44.59995],[0.06802,44.60351],[0.06234,44.60323],[0.06288,44.60808],[0.05495,44.61065],[0.04736,44.61677],[0.04412,44.6108],[0.03981,44.61294],[0.03273,44.60469],[0.0324,44.60355],[0.02459,44.59653],[0.02618,44.59081]]]},"properties":{"code_territoire":"iris331710000","libelle_territoire":"Fossès-et-Baleyssac (commune non irisée)"}},
{"type":"Feature","geometry":{"type":"Polygon","coordinates":[[[-0.67409,45.17198],[-0.65607,45.17312],[-0.63586,45.16824],[-0.62979,45.16518],[-0.62332,45.16485],[-0.61851,45.17014],[-0.61439,45.16927],[-0.60315,45.18254],[-0.61582,45.18153],[-0.62493,45.18405],[-0.63292,45.17443],[-0.63972,45.17563],[-0.64267,45.17413],[-0.66087,45.17878],[-0.67522,45.17627],[-0.67409,45.17198]]]},"properties":{"code_territoire":"iris331720000","libelle_territoire":"Fours (commune non irisée)"}},
{"type":"Feature","geometry":{"type":"Polygon","coordinates":[[[0.0091,44.96297],[-0.00439,44.9673],[-0.00094,44.95992],[-0.00809,44.95189],[-0.00719,44.94983],[-0.01773,44.94772],[-0.01453,44.94417],[-0.00854,44.9423],[-0.01019,44.93832],[-0.01599,44.93856],[-0.0169,44.93716],[-0.01712,44.93193],[-0.01,44.92836],[0.01832,44.92817],[0.01332,44.93472],[0.0119,44.94151],[0.00323,44.94732],[0.00814,44.95398],[0.01003,44.95394],[0.0091,44.96297]]]},"properties":{"code_territoire":"iris331730000","libelle_territoire":"Francs (commune non irisée)"}},
{"type":"Feature","geometry":{"type":"Polygon","coordinates":[[[-0.31103,44.90105],[-0.30585,44.8928],[-0.29963,44.88921],[-0.28706,44.88961],[-0.28236,44.89237],[-0.28238,44.897],[-0.28959,44.90863],[-0.28918,44.91373],[-0.28547,44.91805],[-0.27948,44.91936],[-0.25889,44.91854],[-0.25031,44.91532],[-0.24464,44.91937],[-0.24218,44.92269],[-0.24238,44.9291],[-0.24456,44.93036],[-0.25917,44.92672],[-0.26284,44.92718],[-0.25774,44.93224],[-0.25581,44.939],[-0.26972,44.95184],[-0.28222,44.95281],[-0.28653,44.94685],[-0.28288,44.93741],[-0.2865,44.93163],[-0.29421,44.92603],[-0.29511,44.92251],[-0.29811,44.92287],[-0.30467,44.91681],[-0.30601,44.90432],[-0.31103,44.90105]]]},"properties":{"code_territoire":"iris331740000","libelle_territoire":"Fronsac (commune non irisée)"}},
{"type":"Feature","geometry":{"type":"Polygon","coordinates":[[[-0.13592,44.74695],[-0.1449,44.74463],[-0.16354,44.74629],[-0.17107,44.74469],[-0.1721,44.73796],[-0.16988,44.73383],[-0.17407,44.73149],[-0.17588,44.73049],[-0.17477,44.725],[-0.17765,44.72372],[-0.17425,44.72145],[-0.17606,44.71655],[-0.173,44.71369],[-0.16333,44.71433],[-0.15851,44.71628],[-0.15311,44.71074],[-0.14739,44.71793],[-0.13335,44.7263],[-0.13139,44.72064],[-0.12522,44.72124],[-0.12147,44.71756],[-0.12161,44.71441],[-0.11486,44.7149],[-0.1164,44.71683],[-0.10461,44.7219],[-0.1094,44.73389],[-0.11628,44.73306],[-0.11718,44.73512],[-0.12201,44.73466],[-0.12335,44.73882],[-0.12948,44.74157],[-0.12976,44.74374],[-0.13294,44.74299],[-0.13265,44.74544],[-0.13592,44.74695]]]},"properties":{"code_territoire":"iris331750000","libelle_territoire":"Frontenac (commune non irisée)"}},
{"type":"Feature","geometry":{"type":"Polygon","coordinates":[[[-0.2852,44.60861],[-0.27291,44.6092],[-0.26814,44.60874],[-0.2671,44.6069],[-0.26138,44.60794],[-0.25985,44.60657],[-0.24722,44.61226],[-0.24354,44.6212],[-0.23533,44.62397],[-0.25175,44.62756],[-0.2661,44.62192],[-0.27812,44.62113],[-0.28379,44.62014],[-0.28704,44.61499],[-0.28293,44.61141],[-0.2852,44.60861]]]},"properties":{"code_territoire":"iris331760000","libelle_territoire":"Gabarnac (commune non irisée)"}},
{"type":"Feature","geometry":{"type":"Polygon","coordinates":[[[-1.04616,45.30393],[-1.03229,45.29416],[-1.02613,45.29278],[-1.01874,45.28776],[-0.9877,45.28421],[-0.98204,45.28036],[-0.9667,45.27651],[-0.96012,45.28494],[-0.95733,45.28425],[-0.95551,45.28581],[-0.94845,45.29835],[-0.9468,45.29751],[-0.94563,45.29933],[-0.94559,45.30275],[-0.94847,45.30505],[-0.94516,45.30702],[-0.94296,45.321],[-0.94574,45.31884],[-0.9506,45.32753],[-0.94308,45.33359],[-0.94499,45.33496],[-0.96653,45.34948],[-0.96986,45.34708],[-0.97871,45.35046],[-0.99724,45.34097],[-1.00581,45.3393],[-1.00575,45.33768],[-1.00926,45.33767],[-1.01701,45.33042],[-1.02333,45.32812],[-1.02844,45.32167],[-1.03121,45.32271],[-1.04004,45.30774],[-1.04616,45.30393]]]},"properties":{"code_territoire":"iris331770000","libelle_territoire":"Gaillan-en-Médoc (commune non irisée)"}},
{"type":"Feature","geometry":{"type":"Polygon","coordinates":[[[-0.10708,44.44601],[-0.11622,44.44912],[-0.13583,44.44549],[-0.15186,44.4494],[-0.16113,44.4556],[-0.1627,44.45342],[-0.16659,44.44577],[-0.16718,44.43821],[-0.16317,44.43174],[-0.1601,44.43],[-0.15621,44.43042],[-0.15119,44.42843],[-0.13868,44.42734],[-0.1306,44.41969],[-0.12461,44.41867],[-0.12203,44.42074],[-0.11521,44.41809],[-0.11059,44.41902],[-0.10976,44.42407],[-0.11255,44.42679],[-0.1092,44.43301],[-0.10699,44.4326],[-0.10277,44.43653],[-0.10506,44.43951],[-0.11182,44.43925],[-0.10708,44.44601]]]},"properties":{"code_territoire":"iris331780000","libelle_territoire":"Gajac (commune non irisée)"}},
{"type":"Feature","geometry":{"type":"Polygon","coordinates":[[[-0.25314,44.97528],[-0.2446,44.97799],[-0.24516,44.98428],[-0.25339,44.98867],[-0.25014,44.99243],[-0.25214,44.99303],[-0.24692,44.99705],[-0.2491,44.99777],[-0.24854,45.00254],[-0.25938,45.00446],[-0.26186,45.00092],[-0.2685,44.99749],[-0.27064,45.00236],[-0.27687,45.00366],[-0.27788,45.00603],[-0.28631,45.01104],[-0.28409,45.01207],[-0.28827,45.01431],[-0.28986,45.01421],[-0.28895,45.01213],[-0.3084,45.00172],[-0.31101,44.99645],[-0.30506,44.99343],[-0.30507,44.99187],[-0.30173,44.99221],[-0.29987,44.98168],[-0.29205,44.9792],[-0.28595,44.97989],[-0.28415,44.97728],[-0.28012,44.97723],[-0.28141,44.9717],[-0.27211,44.96764],[-0.26194,44.96896],[-0.25314,44.97528]]]},"properties":{"code_territoire":"iris331790000","libelle_territoire":"Galgon (commune non irisée)"}},
{"type":"Feature","geometry":{"type":"Polygon","coordinates":[[[-0.16034,44.46615],[-0.15998,44.46143],[-0.16423,44.45425],[-0.1627,44.45342],[-0.16113,44.4556],[-0.15186,44.4494],[-0.13583,44.44549],[-0.11622,44.44912],[-0.10708,44.44601],[-0.10434,44.44264],[-0.09999,44.44203],[-0.09896,44.4453],[-0.10228,44.44719],[-0.10021,44.44869],[-0.10202,44.44969],[-0.09866,44.45379],[-0.1053,44.45927],[-0.11756,44.45726],[-0.12544,44.4607],[-0.14875,44.46259],[-0.15915,44.46434],[-0.16034,44.46615]]]},"properties":{"code_territoire":"iris331800000","libelle_territoire":"Gans (commune non irisée)"}},
{"type":"Feature","geometry":{"type":"Polygon","coordinates":[[[0.00109,44.87644],[0.00333,44.88208],[0.0146,44.8859],[0.01402,44.89161],[0.01606,44.89461],[-0.00938,44.90452],[-0.01484,44.90917],[-0.02297,44.90786],[-0.02619,44.90567],[-0.03407,44.90585],[-0.03546,44.90186],[-0.03879,44.90164],[-0.03996,44.89894],[-0.04497,44.89672],[-0.04946,44.89718],[-0.05239,44.88803],[-0.03207,44.88635],[-0.03358,44.89126],[-0.02266,44.88555],[-0.00573,44.88657],[-0.00241,44.88442],[-0.00198,44.87771],[0.00109,44.87644]]]},"properties":{"code_territoire":"iris331810000","libelle_territoire":"Gardegan-et-Tourtirac (commune non irisée)"}},
{"type":"Feature","geometry":{"type":"Polygon","coordinates":[[[-0.65295,45.05926],[-0.63836,45.04412],[-0.60503,45.06329],[-0.60432,45.0664],[-0.59674,45.07265],[-0.60135,45.07676],[-0.61582,45.07562],[-0.63735,45.07858],[-0.65477,45.06868],[-0.65888,45.06453],[-0.65295,45.05926]]]},"properties":{"code_territoire":"iris331820000","libelle_territoire":"Gauriac (commune non irisée)"}},
{"type":"Feature","geometry":{"type":"Polygon","coordinates":[[[-0.4087,45.05869],[-0.40595,45.05166],[-0.41136,45.04223],[-0.40929,45.03879],[-0.39971,45.03296],[-0.3935,45.03266],[-0.39152,45.03005],[-0.38646,45.02901],[-0.38578,45.04067],[-0.37798,45.04344],[-0.38154,45.0471],[-0.38069,45.05144],[-0.38781,45.05275],[-0.39053,45.05161],[-0.39172,45.05874],[-0.39429,45.06013],[-0.40052,45.05961],[-0.4087,45.05869]]]},"properties":{"code_territoire":"iris331830000","libelle_territoire":"Gauriaguet (commune non irisée)"}},
{"type":"Feature","geometry":{"type":"Polygon","coordinates":[[[-0.55752,45.15351],[-0.55876,45.15598],[-0.55064,45.15605],[-0.5488,45.16133],[-0.53059,45.16649],[-0.5278,45.16585],[-0.521,45.17077],[-0.5338,45.19002],[-0.53646,45.20038],[-0.54287,45.19617],[-0.55107,45.18625],[-0.55047,45.18466],[-0.55484,45.18325],[-0.55681,45.17933],[-0.555,45.17528],[-0.57523,45.16146],[-0.56841,45.1572],[-0.5687,45.15486],[-0.55752,45.15351]]]},"properties":{"code_territoire":"iris331840000","libelle_territoire":"Générac (commune non irisée)"}},
{"type":"Feature","geometry":{"type":"Polygon","coordinates":[[[-0.27778,44.85271],[-0.26825,44.84376],[-0.26552,44.84367],[-0.26197,44.84053],[-0.24724,44.83821],[-0.24365,44.84266],[-0.22595,44.85505],[-0.22773,44.86166],[-0.22278,44.86372],[-0.22425,44.86475],[-0.22079,44.87838],[-0.22822,44.88427],[-0.23404,44.88502],[-0.23697,44.88369],[-0.23457,44.87998],[-0.23852,44.87672],[-0.25188,44.87284],[-0.2597,44.87572],[-0.26736,44.87544],[-0.26998,44.86758],[-0.27414,44.86639],[-0.27778,44.85271]]]},"properties":{"code_territoire":"iris331850000","libelle_territoire":"Génissac (commune non irisée)"}},
{"type":"Feature","geometry":{"type":"Polygon","coordinates":[[[0.11375,44.79171],[0.10794,44.79518],[0.10698,44.80414],[0.10677,44.80295],[0.09479,44.80288],[0.07532,44.81178],[0.07114,44.81176],[0.06867,44.80782],[0.06107,44.80398],[0.06113,44.80206],[0.06164,44.79689],[0.06482,44.78807],[0.06847,44.78461],[0.06545,44.78094],[0.06674,44.77918],[0.06923,44.7786],[0.0695,44.78083],[0.07536,44.7824],[0.08462,44.7775],[0.08719,44.78161],[0.08691,44.78652],[0.08466,44.78815],[0.09751,44.78671],[0.10127,44.78357],[0.10384,44.78482],[0.10764,44.78316],[0.11051,44.78969],[0.11375,44.79171]]]},"properties":{"code_territoire":"iris331860000","libelle_territoire":"Gensac (commune non irisée)"}},
{"type":"Feature","geometry":{"type":"Polygon","coordinates":[[[-0.08624,44.57325],[-0.08443,44.57307],[-0.07675,44.57737],[-0.07695,44.58454],[-0.06903,44.58396],[-0.06535,44.58742],[-0.06666,44.59308],[-0.06414,44.59393],[-0.06477,44.59646],[-0.07131,44.59909],[-0.07075,44.60106],[-0.08417,44.60683],[-0.09171,44.60352],[-0.09852,44.60641],[-0.10938,44.60608],[-0.10942,44.60112],[-0.1055,44.59521],[-0.10121,44.58988],[-0.09347,44.58586],[-0.09492,44.58389],[-0.10869,44.58572],[-0.10857,44.58402],[-0.11768,44.58313],[-0.11392,44.57986],[-0.10923,44.5822],[-0.10545,44.58204],[-0.0935,44.57492],[-0.08624,44.57325]]]},"properties":{"code_territoire":"iris331870000","libelle_territoire":"Gironde-sur-Dropt (commune non irisée)"}},
{"type":"Feature","geometry":{"type":"Polygon","coordinates":[[[-0.226,44.26478],[-0.2101,44.2651],[-0.21074,44.26329],[-0.20296,44.26419],[-0.19342,44.27158],[-0.17481,44.25745],[-0.16618,44.24131],[-0.14069,44.22641],[-0.12707,44.23318],[-0.12318,44.24065],[-0.1223,44.24359],[-0.1272,44.24942],[-0.13175,44.26158],[-0.12511,44.28075],[-0.13192,44.28198],[-0.13546,44.28972],[-0.14542,44.28776],[-0.15132,44.29487],[-0.15125,44.29281],[-0.15473,44.29392],[-0.15855,44.29313],[-0.1634,44.296],[-0.16586,44.29486],[-0.16793,44.29735],[-0.17071,44.29592],[-0.17287,44.29855],[-0.17865,44.29165],[-0.17759,44.28862],[-0.18255,44.28613],[-0.18871,44.28638],[-0.1906,44.28407],[-0.19398,44.2857],[-0.20064,44.28477],[-0.20173,44.28166],[-0.22705,44.28062],[-0.226,44.26478]]]},"properties":{"code_territoire":"iris331880000","libelle_territoire":"Giscos (commune non irisée)"}},
{"type":"Feature","geometry":{"type":"Polygon","coordinates":[[[-0.19812,44.68309],[-0.19961,44.68118],[-0.19604,44.67824],[-0.19998,44.67484],[-0.19797,44.67261],[-0.20273,44.66865],[-0.20258,44.65963],[-0.18245,44.64906],[-0.1814,44.64285],[-0.174,44.64598],[-0.16585,44.6453],[-0.16482,44.64834],[-0.16271,44.64997],[-0.17022,44.65318],[-0.16521,44.65781],[-0.16557,44.6659],[-0.17154,44.66789],[-0.17065,44.67001],[-0.16976,44.67254],[-0.17819,44.67392],[-0.18085,44.68006],[-0.18903,44.67905],[-0.19262,44.68413],[-0.19812,44.68309]]]},"properties":{"code_territoire":"iris331890000","libelle_territoire":"Gornac (commune non irisée)"}},
{"type":"Feature","geometry":{"type":"Polygon","coordinates":[[[-0.10405,44.34326],[-0.13716,44.32031],[-0.17287,44.29855],[-0.17071,44.29592],[-0.16793,44.29735],[-0.16586,44.29486],[-0.1634,44.296],[-0.15855,44.29313],[-0.15473,44.29392],[-0.14465,44.2988],[-0.12977,44.29768],[-0.12106,44.29891],[-0.11171,44.30895],[-0.08904,44.31885],[-0.07749,44.33279],[-0.08576,44.33761],[-0.10405,44.34326]]]},"properties":{"code_territoire":"iris331900000","libelle_territoire":"Goualade (commune non irisée)"}},
{"type":"Feature","geometry":{"type":"Polygon","coordinates":[[[0.01783,44.98076],[0.02645,44.97537],[0.03049,44.97604],[0.03702,44.9919],[0.04013,44.99384],[0.03543,45.01319],[0.03935,45.01992],[0.03908,45.02436],[0.03095,45.02283],[0.03139,45.01914],[0.02905,45.01637],[0.02438,45.01662],[0.01729,45.01402],[0.01995,45.00393],[0.00867,44.99467],[0.00749,44.99094],[0.0064,44.98877],[0.00994,44.98845],[0.01783,44.98076]]]},"properties":{"code_territoire":"iris331910000","libelle_territoire":"Gours (commune non irisée)"}},
{"type":"Feature","geometry":{"type":"Polygon","coordinates":[[[-0.64508,44.77211],[-0.63984,44.77369],[-0.63383,44.7732],[-0.63383,44.77824],[-0.62804,44.78205],[-0.63143,44.7837],[-0.64526,44.77823],[-0.64716,44.77628],[-0.64508,44.77211]]]},"properties":{"code_territoire":"iris331920101","libelle_territoire":"Zone d'Activités Bersol"}},
{"type":"Feature","geometry":{"type":"Polygon","coordinates":[[[-0.60983,44.77849],[-0.60277,44.77507],[-0.59854,44.77845],[-0.60694,44.78318],[-0.60983,44.77849]]]},"properties":{"code_territoire":"iris331920102","libelle_territoire":"Saint-Géry"}},
{"type":"Feature","geometry":{"type":"Polygon","coordinates":[[[-0.60586,44.76906],[-0.60517,44.7665],[-0.60121,44.76597],[-0.59957,44.76346],[-0.59633,44.76442],[-0.59378,44.76744],[-0.59681,44.77387],[-0.60586,44.76906]]]},"properties":{"code_territoire":"iris331920103","libelle_territoire":"Malartic"}},
{"type":"Feature","geometry":{"type":"Polygon","coordinates":[[[-0.58811,44.77803],[-0.59347,44.77386],[-0.59681,44.77387],[-0.59378,44.76744],[-0.59633,44.76442],[-0.59957,44.76346],[-0.60121,44.76597],[-0.60517,44.7665],[-0.60586,44.76906],[-0.61285,44.76921],[-0.61867,44.76592],[-0.62544,44.76578],[-0.6299,44.76285],[-0.6358,44.76284],[-0.63758,44.76137],[-0.63534,44.75495],[-0.63045,44.75432],[-0.63412,44.75004],[-0.63286,44.7422],[-0.62924,44.74266],[-0.63,44.74547],[-0.6264,44.7473],[-0.61631,44.74865],[-0.60823,44.75849],[-0.60134,44.75767],[-0.59708,44.76235],[-0.59003,44.76277],[-0.58974,44.76982],[-0.58706,44.77071],[-0.58545,44.7791],[-0.58811,44.77803]]]},"properties":{"code_territoire":"iris331920104","libelle_territoire":"Beausoleil"}},
{"type":"Feature","geometry":{"type":"Polygon","coordinates":[[[-0.62146,44.77669],[-0.61867,44.76592],[-0.60983,44.77849],[-0.62342,44.78184],[-0.62146,44.77669]]]},"properties":{"code_territoire":"iris331920105","libelle_territoire":"Loustalot"}},
{"type":"Feature","geometry":{"type":"Polygon","coordinates":[[[-0.58909,44.77863],[-0.59318,44.77713],[-0.59854,44.77845],[-0.60277,44.77507],[-0.60983,44.77849],[-0.61867,44.76592],[-0.61285,44.76921],[-0.60586,44.76906],[-0.59681,44.77387],[-0.59347,44.77386],[-0.58811,44.77803],[-0.58909,44.77863]]]},"properties":{"code_territoire":"iris331920106","libelle_territoire":"Moulineau"}},
{"type":"Feature","geometry":{"type":"Polygon","coordinates":[[[-0.60513,44.79049],[-0.60653,44.78388],[-0.60694,44.78318],[-0.59854,44.77845],[-0.59318,44.77713],[-0.58909,44.77863],[-0.58878,44.77885],[-0.59083,44.78149],[-0.5895,44.78302],[-0.59325,44.78264],[-0.59185,44.78694],[-0.59631,44.78698],[-0.60211,44.79086],[-0.60513,44.79049]]]},"properties":{"code_territoire":"iris331920107","libelle_territoire":"Le Brandier"}},
{"type":"Feature","geometry":{"type":"Polygon","coordinates":[[[-0.63758,44.76137],[-0.6358,44.76284],[-0.6299,44.76285],[-0.62544,44.76578],[-0.61867,44.76592],[-0.62146,44.77669],[-0.63383,44.77824],[-0.63383,44.7732],[-0.63984,44.77369],[-0.64508,44.77211],[-0.64212,44.76435],[-0.64336,44.76084],[-0.64176,44.75978],[-0.63758,44.76137]]]},"properties":{"code_territoire":"iris331920108","libelle_territoire":"Ornon"}},
{"type":"Feature","geometry":{"type":"Polygon","coordinates":[[[-0.62048,44.78916],[-0.61265,44.78988],[-0.60973,44.7867],[-0.61088,44.78506],[-0.60653,44.78388],[-0.60513,44.79049],[-0.60519,44.79312],[-0.61264,44.79399],[-0.62016,44.78942],[-0.62048,44.78916]]]},"properties":{"code_territoire":"iris331920110","libelle_territoire":"Naudet"}},
{"type":"Feature","geometry":{"type":"Polygon","coordinates":[[[-0.63143,44.7837],[-0.62804,44.78205],[-0.63383,44.77824],[-0.62146,44.77669],[-0.62342,44.78184],[-0.60983,44.77849],[-0.60694,44.78318],[-0.60653,44.78388],[-0.61088,44.78506],[-0.60973,44.7867],[-0.61265,44.78988],[-0.62048,44.78916],[-0.63143,44.7837]]]},"properties":{"code_territoire":"iris331920111","libelle_territoire":"Brannes"}},
{"type":"Feature","geometry":{"type":"Polygon","coordinates":[[[-1.05105,45.45703],[-1.11051,45.46383],[-1.15483,45.4675],[-1.15065,45.45175],[-1.15043,45.44099],[-1.15915,45.41692],[-1.16032,45.40566],[-1.12135,45.41127],[-1.10818,45.41128],[-1.10747,45.4076],[-1.10232,45.40487],[-1.10181,45.39914],[-1.09919,45.39729],[-1.09506,45.39879],[-1.08988,45.39771],[-1.07302,45.41275],[-1.06223,45.41468],[-1.06629,45.41805],[-1.06845,45.42356],[-1.06066,45.42973],[-1.06024,45.43341],[-1.05447,45.43722],[-1.06082,45.43915],[-1.05809,45.44525],[-1.05387,45.4486],[-1.05527,45.45372],[-1.05105,45.45703]]]},"properties":{"code_territoire":"iris331930000","libelle_territoire":"Grayan-et-l'Hôpital (commune non irisée)"}},
{"type":"Feature","geometry":{"type":"Polygon","coordinates":[[[-0.19415,44.83515],[-0.19774,44.83223],[-0.21157,44.83028],[-0.21897,44.83107],[-0.22655,44.82874],[-0.23037,44.82509],[-0.22758,44.81992],[-0.23105,44.8194],[-0.24027,44.81228],[-0.24233,44.80511],[-0.23695,44.79954],[-0.22546,44.79421],[-0.22068,44.79993],[-0.22024,44.81159],[-0.21735,44.81409],[-0.20911,44.81452],[-0.20573,44.81868],[-0.20134,44.81996],[-0.20086,44.82292],[-0.19404,44.82512],[-0.1891,44.82855],[-0.18808,44.83257],[-0.19415,44.83515]]]},"properties":{"code_territoire":"iris331940000","libelle_territoire":"Grézillac (commune non irisée)"}},
{"type":"Feature","geometry":{"type":"Polygon","coordinates":[[[0.00676,44.39736],[0.00421,44.39766],[0.00585,44.4005],[-0.00036,44.40371],[-0.00595,44.41158],[-0.00868,44.41224],[-0.00509,44.41782],[-0.01406,44.41865],[-0.01192,44.42212],[-0.00504,44.42439],[-0.00723,44.42611],[-0.00596,44.43066],[-0.00896,44.43374],[-0.00257,44.43748],[-0.00507,44.44173],[-0.00193,44.44362],[0.00308,44.44261],[0.00492,44.4449],[-0.0106,44.45042],[-0.01445,44.44701],[-0.02291,44.45036],[-0.02423,44.4467],[-0.0332,44.44094],[-0.02904,44.43364],[-0.04054,44.43707],[-0.04459,44.42735],[-0.04374,44.4244],[-0.04198,44.42163],[-0.03781,44.41086],[-0.04885,44.4039],[-0.04652,44.39809],[-0.05018,44.3973],[-0.05284,44.3939],[-0.05874,44.39356],[-0.06291,44.38933],[-0.05771,44.38885],[-0.04876,44.38476],[-0.04635,44.38267],[-0.04975,44.38081],[-0.04779,44.37942],[-0.04915,44.37557],[-0.03739,44.37035],[-0.03422,44.36666],[-0.03176,44.3733],[-0.03346,44.37576],[-0.028,44.38134],[-0.02788,44.38676],[-0.02539,44.38988],[-0.01867,44.38556],[-0.01204,44.39224],[-0.00069,44.39581],[0.00597,44.39575],[0.00676,44.39736]]]},"properties":{"code_territoire":"iris331950000","libelle_territoire":"Grignols (commune non irisée)"}},
{"type":"Feature","geometry":{"type":"Polygon","coordinates":[[[-0.20934,44.79153],[-0.20207,44.79625],[-0.19977,44.80066],[-0.20328,44.80534],[-0.20236,44.81276],[-0.20911,44.81452],[-0.21735,44.81409],[-0.22024,44.81159],[-0.22068,44.79993],[-0.21494,44.79619],[-0.21521,44.79361],[-0.20934,44.79153]]]},"properties":{"code_territoire":"iris331960000","libelle_territoire":"Guillac (commune non irisée)"}},
{"type":"Feature","geometry":{"type":"Polygon","coordinates":[[[-0.56633,44.5461],[-0.52632,44.53212],[-0.50083,44.52629],[-0.49224,44.54388],[-0.48081,44.55363],[-0.48066,44.55836],[-0.48787,44.57501],[-0.49756,44.5742],[-0.50811,44.56994],[-0.53313,44.56919],[-0.54625,44.57178],[-0.55012,44.55966],[-0.56633,44.5461]]]},"properties":{"code_territoire":"iris331970000","libelle_territoire":"Guillos (commune non irisée)"}},
{"type":"Feature","geometry":{"type":"Polygon","coordinates":[[[-0.20428,45.03448],[-0.1881,45.0389],[-0.17785,45.03581],[-0.159,45.0346],[-0.16067,45.03765],[-0.15921,45.04078],[-0.1663,45.03868],[-0.17239,45.04213],[-0.1773,45.0426],[-0.1703,45.04767],[-0.1736,45.04719],[-0.1728,45.04993],[-0.17572,45.05232],[-0.19665,45.05402],[-0.19873,45.04756],[-0.20198,45.04867],[-0.20483,45.04716],[-0.20444,45.04347],[-0.21024,45.03927],[-0.20644,45.03841],[-0.20666,45.03571],[-0.20428,45.03448]]]},"properties":{"code_territoire":"iris331980000","libelle_territoire":"Guîtres (commune non irisée)"}},
{"type":"Feature","geometry":{"type":"Polygon","coordinates":[[[-1.11233,44.61721],[-1.10296,44.61705],[-1.11027,44.62599],[-1.10677,44.62502],[-1.10629,44.62672],[-1.10068,44.63867],[-1.102,44.64119],[-1.10591,44.64138],[-1.10586,44.64418],[-1.11118,44.64498],[-1.11235,44.64678],[-1.11641,44.6449],[-1.11706,44.6388],[-1.11878,44.63951],[-1.11973,44.63711],[-1.11777,44.6367],[-1.11343,44.6264],[-1.11233,44.61721]]]},"properties":{"code_territoire":"iris331990101","libelle_territoire":"La Hume"}},
{"type":"Feature","geometry":{"type":"Polygon","coordinates":[[[-1.10586,44.64418],[-1.10591,44.64138],[-1.102,44.64119],[-1.10068,44.63867],[-1.10629,44.62672],[-1.07353,44.62238],[-1.07263,44.63232],[-1.07518,44.63228],[-1.07455,44.63608],[-1.08476,44.63646],[-1.08451,44.6394],[-1.08068,44.6392],[-1.0805,44.64056],[-1.09697,44.64214],[-1.09615,44.64503],[-1.09815,44.64099],[-1.09699,44.64485],[-1.10006,44.64254],[-1.09995,44.64586],[-1.10192,44.64284],[-1.10106,44.64686],[-1.10355,44.644],[-1.10586,44.64418]]]},"properties":{"code_territoire":"iris331990102","libelle_territoire":"Meyran"}},
{"type":"Feature","geometry":{"type":"Polygon","coordinates":[[[-1.0805,44.64056],[-1.08068,44.6392],[-1.08451,44.6394],[-1.08476,44.63646],[-1.07455,44.63608],[-1.07518,44.63228],[-1.07263,44.63232],[-1.07273,44.63405],[-1.06543,44.63292],[-1.0648,44.63532],[-1.0595,44.63361],[-1.05737,44.64327],[-1.05326,44.6436],[-1.05537,44.64503],[-1.05727,44.64421],[-1.05609,44.64563],[-1.05787,44.64681],[-1.0596,44.64436],[-1.06027,44.64651],[-1.06222,44.64608],[-1.06001,44.64389],[-1.06227,44.64284],[-1.06302,44.64603],[-1.06288,44.64351],[-1.06457,44.64637],[-1.06611,44.64534],[-1.06538,44.64403],[-1.06673,44.64519],[-1.06582,44.64357],[-1.06435,44.64349],[-1.06581,44.64323],[-1.06717,44.64533],[-1.06679,44.64317],[-1.06807,44.64534],[-1.07048,44.64326],[-1.07314,44.64618],[-1.07066,44.64229],[-1.0732,44.644],[-1.07235,44.64158],[-1.07403,44.64621],[-1.07337,44.64131],[-1.07628,44.64151],[-1.07582,44.63953],[-1.07764,44.64444],[-1.0805,44.64056]]]},"properties":{"code_territoire":"iris331990103","libelle_territoire":"Centre Ville"}},
{"type":"Feature","geometry":{"type":"Polygon","coordinates":[[[-1.05326,44.6436],[-1.05737,44.64327],[-1.0595,44.63361],[-1.0648,44.63532],[-1.06543,44.63292],[-1.07273,44.63405],[-1.07263,44.63232],[-1.07353,44.62238],[-1.06223,44.62528],[-1.05012,44.62454],[-1.04278,44.64368],[-1.04416,44.64791],[-1.05165,44.64879],[-1.05057,44.64462],[-1.05326,44.6436]]]},"properties":{"code_territoire":"iris331990104","libelle_territoire":"Mestras"}},
{"type":"Feature","geometry":{"type":"Polygon","coordinates":[[[-1.08507,44.53237],[-1.06382,44.56658],[-1.05012,44.62454],[-1.06223,44.62528],[-1.07353,44.62238],[-1.10629,44.62672],[-1.10677,44.62502],[-1.11027,44.62599],[-1.10296,44.61705],[-1.11233,44.61721],[-1.11167,44.61313],[-1.10605,44.57776],[-1.10406,44.56551],[-1.10696,44.50268],[-1.08507,44.53237]]]},"properties":{"code_territoire":"iris331990105","libelle_territoire":"Chante-Cigale"}},
{"type":"Feature","geometry":{"type":"Polygon","coordinates":[[[-0.67713,44.85823],[-0.67919,44.86558],[-0.67447,44.86616],[-0.67702,44.87158],[-0.68083,44.87254],[-0.68158,44.86868],[-0.68459,44.86854],[-0.68369,44.86963],[-0.68752,44.87082],[-0.6833,44.87703],[-0.68707,44.87743],[-0.68834,44.87752],[-0.69079,44.87377],[-0.69417,44.86699],[-0.7014,44.86329],[-0.70709,44.86024],[-0.71062,44.85526],[-0.71817,44.8534],[-0.71932,44.84708],[-0.67713,44.85823]]]},"properties":{"code_territoire":"iris332000101","libelle_territoire":"Baraillot"}},
{"type":"Feature","geometry":{"type":"Polygon","coordinates":[[[-0.66865,44.878],[-0.67659,44.87814],[-0.67702,44.87158],[-0.67447,44.86616],[-0.67919,44.86558],[-0.67713,44.85823],[-0.66655,44.85828],[-0.66132,44.87132],[-0.66726,44.87324],[-0.66865,44.878]]]},"properties":{"code_territoire":"iris332000102","libelle_territoire":"Béchade"}},
{"type":"Feature","geometry":{"type":"Polygon","coordinates":[[[-0.68707,44.87743],[-0.6833,44.87703],[-0.68752,44.87082],[-0.68369,44.86963],[-0.68459,44.86854],[-0.68158,44.86868],[-0.68083,44.87254],[-0.67702,44.87158],[-0.67659,44.87814],[-0.67497,44.88478],[-0.6805,44.88054],[-0.67949,44.8833],[-0.68424,44.88512],[-0.68769,44.88234],[-0.68707,44.87743]]]},"properties":{"code_territoire":"iris332000103","libelle_territoire":"Miotte"}},
{"type":"Feature","geometry":{"type":"Polygon","coordinates":[[[-0.68052,44.89489],[-0.68368,44.89331],[-0.68709,44.88751],[-0.68424,44.88512],[-0.67949,44.8833],[-0.6805,44.88054],[-0.67497,44.88478],[-0.67659,44.87814],[-0.66865,44.878],[-0.66822,44.88963],[-0.66929,44.89553],[-0.67557,44.89344],[-0.68052,44.89489]]]},"properties":{"code_territoire":"iris332000104","libelle_territoire":"Gasquet"}},
{"type":"Feature","geometry":{"type":"Polygon","coordinates":[[[-0.34732,44.75302],[-0.34144,44.75778],[-0.352,44.75852],[-0.36299,44.75235],[-0.3688,44.75177],[-0.38035,44.74364],[-0.38244,44.73996],[-0.39275,44.74291],[-0.39358,44.73623],[-0.39085,44.73516],[-0.39105,44.73107],[-0.38815,44.73048],[-0.38211,44.72842],[-0.38525,44.71871],[-0.38106,44.71987],[-0.36803,44.71866],[-0.35194,44.72177],[-0.34846,44.73979],[-0.34571,44.74311],[-0.34969,44.74514],[-0.34584,44.74698],[-0.34923,44.74961],[-0.34732,44.75302]]]},"properties":{"code_territoire":"iris332010000","libelle_territoire":"Haux (commune non irisée)"}},
{"type":"Feature","geometry":{"type":"Polygon","coordinates":[[[-0.63947,44.44888],[-0.61796,44.45493],[-0.61567,44.45792],[-0.61663,44.46057],[-0.6212,44.46299],[-0.61942,44.46916],[-0.6066,44.47271],[-0.59152,44.47062],[-0.58665,44.47665],[-0.58675,44.48562],[-0.58371,44.49401],[-0.60262,44.49853],[-0.60463,44.50693],[-0.61211,44.51782],[-0.61266,44.51579],[-0.62145,44.51232],[-0.63125,44.5136],[-0.65877,44.50672],[-0.66786,44.50964],[-0.68588,44.50987],[-0.70761,44.51273],[-0.71069,44.51141],[-0.71512,44.51442],[-0.7232,44.51306],[-0.72852,44.51437],[-0.7349,44.50538],[-0.7395,44.50282],[-0.71544,44.48832],[-0.71587,44.48518],[-0.71075,44.48347],[-0.70691,44.48596],[-0.70103,44.48643],[-0.69361,44.48306],[-0.69577,44.47993],[-0.69679,44.46668],[-0.70296,44.45997],[-0.7072,44.45813],[-0.7012,44.45498],[-0.6825,44.45085],[-0.6762,44.45732],[-0.63947,44.44888]]]},"properties":{"code_territoire":"iris332020000","libelle_territoire":"Hostens (commune non irisée)"}},
{"type":"Feature","geometry":{"type":"Polygon","coordinates":[[[-0.94818,45.22735],[-0.95979,45.21919],[-0.96772,45.21518],[-1.02529,45.22538],[-1.04367,45.22624],[-1.05507,45.22881],[-1.06528,45.23979],[-1.07499,45.24186],[-1.12727,45.24457],[-1.1688,45.24996],[-1.18665,45.1285],[-1.08045,45.12891],[-1.07636,45.12641],[-1.06406,45.12586],[-1.06314,45.124],[-1.04552,45.11629],[-0.99483,45.12689],[-0.98299,45.13461],[-0.97318,45.13651],[-0.95152,45.13544],[-0.94332,45.15254],[-0.94399,45.16313],[-0.93791,45.17901],[-0.92857,45.18999],[-0.92009,45.20478],[-0.94818,45.22735]]]},"properties":{"code_territoire":"iris332030000","libelle_territoire":"Hourtin (commune non irisée)"}},
{"type":"Feature","geometry":{"type":"Polygon","coordinates":[[[-0.01115,44.55443],[-0.0166,44.55103],[-0.02511,44.53883],[-0.02691,44.53084],[-0.00166,44.52628],[0.00469,44.52211],[0.00938,44.5219],[0.01808,44.53037],[0.01288,44.53844],[0.00856,44.53859],[0.00399,44.54526],[-0.00134,44.54816],[-0.00138,44.55197],[-0.01115,44.55443]]]},"properties":{"code_territoire":"iris332040000","libelle_territoire":"Hure (commune non irisée)"}},
{"type":"Feature","geometry":{"type":"Polygon","coordinates":[[[-0.35167,44.58939],[-0.35189,44.59886],[-0.33954,44.60463],[-0.33595,44.60834],[-0.33801,44.60957],[-0.33716,44.61137],[-0.35524,44.61978],[-0.35408,44.62307],[-0.35659,44.624],[-0.35592,44.62603],[-0.36115,44.62805],[-0.3592,44.62867],[-0.36089,44.62993],[-0.38126,44.64091],[-0.40612,44.62918],[-0.40189,44.6271],[-0.41052,44.61506],[-0.42274,44.60387],[-0.42341,44.59991],[-0.41456,44.59566],[-0.39957,44.583],[-0.38245,44.57815],[-0.36575,44.57646],[-0.35167,44.58939]]]},"properties":{"code_territoire":"iris332050000","libelle_territoire":"Illats (commune non irisée)"}},
{"type":"Feature","geometry":{"type":"Polygon","coordinates":[[[-0.50068,44.73687],[-0.48723,44.73313],[-0.4901,44.73004],[-0.48965,44.72703],[-0.47822,44.72119],[-0.48133,44.71725],[-0.469,44.72028],[-0.46395,44.71946],[-0.46332,44.71787],[-0.45532,44.71537],[-0.45298,44.7213],[-0.44869,44.72183],[-0.45805,44.72667],[-0.48363,44.73616],[-0.50159,44.73999],[-0.50068,44.73687]]]},"properties":{"code_territoire":"iris332060000","libelle_territoire":"Isle-Saint-Georges (commune non irisée)"}},
{"type":"Feature","geometry":{"type":"Polygon","coordinates":[[[-0.34955,44.93502],[-0.36356,44.93832],[-0.37699,44.93693],[-0.38343,44.93914],[-0.39143,44.92781],[-0.39557,44.92056],[-0.38751,44.92088],[-0.37992,44.91544],[-0.38154,44.91324],[-0.37606,44.91178],[-0.36898,44.91091],[-0.37045,44.91401],[-0.36484,44.91294],[-0.36184,44.90845],[-0.36433,44.90204],[-0.35238,44.89871],[-0.34246,44.9109],[-0.33862,44.91202],[-0.3359,44.90968],[-0.33058,44.91094],[-0.32651,44.91438],[-0.31747,44.91499],[-0.31794,44.9268],[-0.32169,44.93073],[-0.33133,44.93287],[-0.34955,44.93502]]]},"properties":{"code_territoire":"iris332070000","libelle_territoire":"Izon (commune non irisée)"}},
{"type":"Feature","geometry":{"type":"Polygon","coordinates":[[[-1.00912,45.42685],[-1.01055,45.41409],[-1.00377,45.41423],[-1.00895,45.39131],[-0.99728,45.38999],[-0.98749,45.38665],[-0.98648,45.38789],[-0.97809,45.38394],[-0.97621,45.38568],[-0.94957,45.37127],[-0.93653,45.38548],[-0.93046,45.39183],[-0.93135,45.39515],[-0.92227,45.40055],[-0.92073,45.40527],[-0.91576,45.40436],[-0.90635,45.4069],[-0.84106,45.43509],[-0.84559,45.43986],[-0.92654,45.49613],[-0.97921,45.45888],[-1.00912,45.42685]]]},"properties":{"code_territoire":"iris332080000","libelle_territoire":"Jau-Dignac-et-Loirac (commune non irisée)"}},
{"type":"Feature","geometry":{"type":"Polygon","coordinates":[[[-0.13696,44.76975],[-0.13283,44.77726],[-0.13621,44.77975],[-0.13453,44.78308],[-0.13625,44.7856],[-0.14188,44.78864],[-0.15087,44.78941],[-0.15705,44.79446],[-0.15997,44.79362],[-0.16637,44.7792],[-0.16552,44.77524],[-0.16187,44.77322],[-0.15265,44.77034],[-0.15294,44.76704],[-0.1401,44.76531],[-0.13696,44.76975]]]},"properties":{"code_territoire":"iris332090000","libelle_territoire":"Jugazan (commune non irisée)"}},
{"type":"Feature","geometry":{"type":"Polygon","coordinates":[[[0.07561,44.8195],[0.07083,44.81899],[0.06257,44.82583],[0.04739,44.8246],[0.04318,44.81703],[0.02781,44.81772],[0.03084,44.81205],[0.04379,44.80742],[0.04538,44.8048],[0.04985,44.80358],[0.04988,44.8014],[0.06113,44.80206],[0.06107,44.80398],[0.06867,44.80782],[0.07114,44.81176],[0.07703,44.81655],[0.07561,44.8195]]]},"properties":{"code_territoire":"iris332100000","libelle_territoire":"Juillac (commune non irisée)"}},
{"type":"Feature","geometry":{"type":"Polygon","coordinates":[[[-0.63634,45.02901],[-0.63948,45.0291],[-0.64063,45.02728],[-0.63841,45.02437],[-0.64278,45.02128],[-0.65452,45.0186],[-0.65683,45.01169],[-0.65302,45.01025],[-0.6565,45.00696],[-0.65247,45.00049],[-0.64901,44.99955],[-0.64401,44.9995],[-0.63585,45.00989],[-0.62481,45.01329],[-0.61816,45.01819],[-0.63634,45.02901]]]},"properties":{"code_territoire":"iris332110000","libelle_territoire":"Labarde (commune non irisée)"}},
{"type":"Feature","geometry":{"type":"Polygon","coordinates":[[[-0.1053,44.45927],[-0.09866,44.45379],[-0.10202,44.44969],[-0.10021,44.44869],[-0.10228,44.44719],[-0.09896,44.4453],[-0.09999,44.44203],[-0.09178,44.44205],[-0.08794,44.43858],[-0.08305,44.43972],[-0.07043,44.436],[-0.06509,44.43596],[-0.06036,44.43812],[-0.06037,44.44594],[-0.05704,44.45254],[-0.0631,44.45114],[-0.06343,44.44754],[-0.07429,44.44575],[-0.07974,44.44839],[-0.08109,44.45932],[-0.08538,44.4663],[-0.09062,44.46325],[-0.10424,44.45996],[-0.1053,44.45927]]]},"properties":{"code_territoire":"iris332120000","libelle_territoire":"Labescau (commune non irisée)"}},
{"type":"Feature","geometry":{"type":"Polygon","coordinates":[[[-0.50921,44.69233],[-0.51158,44.69446],[-0.51531,44.69119],[-0.52023,44.69334],[-0.52844,44.69235],[-0.54676,44.69893],[-0.57807,44.69746],[-0.59279,44.69191],[-0.59399,44.6915],[-0.59392,44.68507],[-0.57655,44.68611],[-0.57423,44.67578],[-0.56206,44.6731],[-0.54538,44.66086],[-0.53753,44.65638],[-0.52151,44.66493],[-0.51924,44.66306],[-0.50355,44.66208],[-0.49798,44.66564],[-0.49485,44.66512],[-0.49346,44.67381],[-0.48507,44.6829],[-0.49117,44.68618],[-0.49653,44.68509],[-0.50921,44.69233]]]},"properties":{"code_territoire":"iris332130000","libelle_territoire":"La Brède (commune non irisée)"}},
{"type":"Feature","geometry":{"type":"Polygon","coordinates":[[[-0.99812,45.03158],[-1.02868,45.03363],[-1.03844,45.0314],[-1.05225,45.02336],[-1.08059,45.02334],[-1.10965,45.04567],[-1.1942,45.06826],[-1.21416,44.92078],[-1.12752,44.92004],[-1.11109,44.92118],[-1.0894,44.9151],[-1.07281,44.90754],[-1.04669,44.93657],[-1.02423,44.94535],[-0.99611,44.95047],[-0.9806,44.95134],[-0.98892,44.95829],[-0.99471,44.97145],[-0.99292,44.98382],[-0.9859,45.0034],[-0.97805,45.0153],[-0.98224,45.02277],[-0.99812,45.03158]]]},"properties":{"code_territoire":"iris332140000","libelle_territoire":"Lacanau (commune non irisée)"}},
{"type":"Feature","geometry":{"type":"Polygon","coordinates":[[[-0.25696,44.6927],[-0.25101,44.69168],[-0.24076,44.69384],[-0.24131,44.6984],[-0.23837,44.69957],[-0.23522,44.69794],[-0.23123,44.70116],[-0.23383,44.70293],[-0.23138,44.70501],[-0.22943,44.70787],[-0.23915,44.71462],[-0.25222,44.71132],[-0.25269,44.70994],[-0.26103,44.71055],[-0.26174,44.7057],[-0.25824,44.69287],[-0.25696,44.6927]]]},"properties":{"code_territoire":"iris332150000","libelle_territoire":"Ladaux (commune non irisée)"}},
{"type":"Feature","geometry":{"type":"Polygon","coordinates":[[[-0.10424,44.45996],[-0.10637,44.4606],[-0.1062,44.46313],[-0.10916,44.46276],[-0.11091,44.46659],[-0.11411,44.46736],[-0.11551,44.46611],[-0.1127,44.46504],[-0.11446,44.46531],[-0.11583,44.46286],[-0.11976,44.46588],[-0.11741,44.46848],[-0.11386,44.46886],[-0.11532,44.47078],[-0.11034,44.47634],[-0.11747,44.47663],[-0.12279,44.47149],[-0.1312,44.47278],[-0.13855,44.47433],[-0.15633,44.48483],[-0.15964,44.47603],[-0.16034,44.46615],[-0.15915,44.46434],[-0.14875,44.46259],[-0.12544,44.4607],[-0.11756,44.45726],[-0.1053,44.45927],[-0.10424,44.45996]]]},"properties":{"code_territoire":"iris332160000","libelle_territoire":"Lados (commune non irisée)"}},
{"type":"Feature","geometry":{"type":"Polygon","coordinates":[[[-0.1126,45.08377],[-0.10807,45.08761],[-0.10895,45.09025],[-0.11316,45.09399],[-0.12156,45.0969],[-0.11366,45.10767],[-0.11104,45.11531],[-0.11493,45.11392],[-0.11968,45.10873],[-0.12924,45.1045],[-0.13177,45.09561],[-0.14424,45.08957],[-0.15232,45.08874],[-0.16346,45.09297],[-0.18049,45.09488],[-0.19071,45.09395],[-0.1973,45.09793],[-0.20213,45.09766],[-0.20973,45.10046],[-0.21309,45.09363],[-0.21255,45.08919],[-0.20396,45.07286],[-0.18742,45.06522],[-0.17572,45.05232],[-0.1728,45.04993],[-0.1736,45.04719],[-0.1703,45.04767],[-0.16223,45.05389],[-0.15689,45.05327],[-0.14457,45.05634],[-0.13395,45.05542],[-0.1347,45.06196],[-0.13187,45.06321],[-0.13232,45.06727],[-0.12734,45.06868],[-0.1301,45.06967],[-0.12992,45.07324],[-0.12634,45.07289],[-0.12423,45.07542],[-0.12129,45.07445],[-0.1126,45.08377]]]},"properties":{"code_territoire":"iris332180000","libelle_territoire":"Lagorce (commune non irisée)"}},
{"type":"Feature","geometry":{"type":"Polygon","coordinates":[[[-0.3623,44.9702],[-0.36522,44.9742],[-0.36165,44.97838],[-0.36236,44.98249],[-0.35551,44.9825],[-0.35381,44.98381],[-0.35635,44.98643],[-0.36559,44.9924],[-0.36186,44.99627],[-0.36604,44.99733],[-0.36792,44.99551],[-0.37403,44.9973],[-0.37567,44.99473],[-0.38627,44.99928],[-0.39105,45.00046],[-0.39295,44.99915],[-0.39602,44.99176],[-0.40102,44.98897],[-0.40074,44.97934],[-0.40553,44.9755],[-0.39774,44.97485],[-0.38372,44.96941],[-0.3821,44.97199],[-0.3623,44.9702]]]},"properties":{"code_territoire":"iris332190000","libelle_territoire":"La Lande-de-Fronsac (commune non irisée)"}},
{"type":"Feature","geometry":{"type":"Polygon","coordinates":[[[-0.21366,44.3466],[-0.21007,44.34197],[-0.20426,44.34465],[-0.20148,44.3437],[-0.19951,44.33938],[-0.19255,44.33615],[-0.19331,44.33151],[-0.18988,44.32925],[-0.19335,44.32733],[-0.18936,44.32245],[-0.19112,44.32105],[-0.18259,44.3167],[-0.18094,44.31313],[-0.18224,44.3087],[-0.17301,44.30359],[-0.17479,44.30115],[-0.17287,44.29855],[-0.13716,44.32031],[-0.10405,44.34326],[-0.10217,44.37112],[-0.11069,44.37208],[-0.1212,44.37121],[-0.12359,44.36936],[-0.13126,44.37131],[-0.15206,44.36257],[-0.15693,44.36262],[-0.16085,44.36048],[-0.1633,44.36128],[-0.16754,44.35822],[-0.1764,44.35833],[-0.17697,44.35604],[-0.18147,44.35607],[-0.18076,44.35359],[-0.18991,44.35229],[-0.18876,44.35033],[-0.1908,44.3491],[-0.19556,44.34969],[-0.20131,44.34728],[-0.21366,44.3466]]]},"properties":{"code_territoire":"iris332390000","libelle_territoire":"Lerm-et-Musset (commune non irisée)"}},
{"type":"Feature","geometry":{"type":"Polygon","coordinates":[[[-0.68733,45.11032],[-0.71119,45.10236],[-0.71908,45.10213],[-0.73102,45.0967],[-0.74228,45.09637],[-0.75234,45.09063],[-0.74576,45.09108],[-0.73868,45.09185],[-0.74011,45.08697],[-0.73772,45.08668],[-0.73812,45.08481],[-0.73578,45.08503],[-0.73658,45.08231],[-0.73446,45.08192],[-0.73004,45.08354],[-0.71898,45.08196],[-0.70491,45.08536],[-0.69435,45.08554],[-0.68357,45.08932],[-0.68647,45.10243],[-0.68733,45.11032]]]},"properties":{"code_territoire":"iris332200000","libelle_territoire":"Lamarque (commune non irisée)"}},
{"type":"Feature","geometry":{"type":"Polygon","coordinates":[[[0.03779,44.55419],[0.04455,44.55128],[0.05576,44.55221],[0.06891,44.54827],[0.07124,44.54958],[0.07439,44.55236],[0.07223,44.55347],[0.07639,44.56375],[0.08153,44.56319],[0.08347,44.56862],[0.08165,44.57008],[0.08611,44.57582],[0.08206,44.58409],[0.0704,44.5769],[0.04863,44.5746],[0.04364,44.57289],[0.04277,44.57039],[0.03884,44.57009],[0.03421,44.56501],[0.03962,44.55679],[0.03779,44.55419]]]},"properties":{"code_territoire":"iris332210000","libelle_territoire":"Lamothe-Landerron (commune non irisée)"}},
{"type":"Feature","geometry":{"type":"Polygon","coordinates":[[[-0.1862,44.95551],[-0.17565,44.96266],[-0.18637,44.96742],[-0.19644,44.96919],[-0.20255,44.96672],[-0.20806,44.96847],[-0.21759,44.96659],[-0.22135,44.9674],[-0.22863,44.95877],[-0.23146,44.94809],[-0.22067,44.94559],[-0.21854,44.9464],[-0.20794,44.94113],[-0.1862,44.95551]]]},"properties":{"code_territoire":"iris332220000","libelle_territoire":"Lalande-de-Pomerol (commune non irisée)"}},
{"type":"Feature","geometry":{"type":"Polygon","coordinates":[[[0.18036,44.74548],[0.17323,44.75247],[0.16928,44.75325],[0.16485,44.75416],[0.15552,44.75026],[0.14585,44.75261],[0.14908,44.74735],[0.14637,44.73904],[0.14115,44.73758],[0.1506,44.73013],[0.1581,44.73134],[0.16438,44.73602],[0.16884,44.73634],[0.17506,44.73373],[0.17569,44.74033],[0.18036,44.74548]]]},"properties":{"code_territoire":"iris332230000","libelle_territoire":"Landerrouat (commune non irisée)"}},
{"type":"Feature","geometry":{"type":"Polygon","coordinates":[[[-0.03258,44.63275],[-0.03026,44.63228],[-0.02883,44.63394],[-0.02087,44.65137],[-0.01354,44.65058],[-0.01075,44.65676],[-0.00243,44.66853],[-0.00792,44.66725],[-0.01274,44.66844],[-0.01606,44.66596],[-0.02796,44.65824],[-0.02645,44.65326],[-0.03286,44.6461],[-0.02892,44.64069],[-0.03015,44.63686],[-0.03388,44.63506],[-0.03258,44.63275]]]},"properties":{"code_territoire":"iris332240000","libelle_territoire":"Landerrouet-sur-Ségur (commune non irisée)"}},
{"type":"Feature","geometry":{"type":"Polygon","coordinates":[[[-0.45086,44.52352],[-0.43281,44.53264],[-0.42951,44.53854],[-0.42263,44.54284],[-0.42179,44.54634],[-0.40753,44.55445],[-0.39171,44.55652],[-0.38235,44.55563],[-0.37746,44.55796],[-0.37277,44.55594],[-0.36913,44.56032],[-0.36575,44.57646],[-0.38245,44.57815],[-0.39957,44.583],[-0.41456,44.59566],[-0.42341,44.59991],[-0.43193,44.6079],[-0.44041,44.60463],[-0.44619,44.60445],[-0.4536,44.61058],[-0.48872,44.61728],[-0.48881,44.61241],[-0.46653,44.60595],[-0.48227,44.59006],[-0.48787,44.57501],[-0.48066,44.55836],[-0.48081,44.55363],[-0.49224,44.54388],[-0.50083,44.52629],[-0.48307,44.52293],[-0.47713,44.52193],[-0.47097,44.52375],[-0.45086,44.52352]]]},"properties":{"code_territoire":"iris332250000","libelle_territoire":"Landiras (commune non irisée)"}},
{"type":"Feature","geometry":{"type":"Polygon","coordinates":[[[-0.40433,44.70596],[-0.39547,44.70139],[-0.397,44.69709],[-0.40343,44.69213],[-0.38837,44.69069],[-0.3752,44.69942],[-0.36831,44.70097],[-0.36432,44.69807],[-0.35865,44.69754],[-0.35686,44.6973],[-0.35148,44.70184],[-0.34665,44.71419],[-0.34243,44.71668],[-0.34416,44.72254],[-0.3482,44.72357],[-0.35194,44.72177],[-0.36803,44.71866],[-0.38106,44.71987],[-0.38525,44.71871],[-0.39692,44.71335],[-0.40433,44.70596]]]},"properties":{"code_territoire":"iris332260000","libelle_territoire":"Langoiran (commune non irisée)"}},
{"type":"Feature","geometry":{"type":"Polygon","coordinates":[[[-0.25168,44.55954],[-0.25291,44.56037],[-0.26099,44.55367],[-0.2547,44.55489],[-0.25776,44.55034],[-0.25265,44.54621],[-0.25228,44.54292],[-0.2544,44.54198],[-0.24604,44.53846],[-0.24249,44.54303],[-0.24505,44.546],[-0.24433,44.54838],[-0.23979,44.55124],[-0.23877,44.55775],[-0.23571,44.55767],[-0.23767,44.55873],[-0.24655,44.55725],[-0.25168,44.55954]]]},"properties":{"code_territoire":"iris332270101","libelle_territoire":"Centre Ville"}},
{"type":"Feature","geometry":{"type":"Polygon","coordinates":[[[-0.23571,44.55767],[-0.23877,44.55775],[-0.23979,44.55124],[-0.24433,44.54838],[-0.24505,44.546],[-0.24249,44.54303],[-0.24604,44.53846],[-0.2544,44.54198],[-0.25228,44.54292],[-0.25265,44.54621],[-0.25776,44.55034],[-0.2547,44.55489],[-0.26099,44.55367],[-0.26967,44.54802],[-0.27373,44.54755],[-0.27186,44.53586],[-0.26154,44.5317],[-0.25372,44.53326],[-0.25294,44.53199],[-0.24608,44.52666],[-0.24045,44.52495],[-0.24024,44.52294],[-0.23518,44.52209],[-0.23107,44.51401],[-0.21613,44.5106],[-0.21086,44.51709],[-0.2108,44.52347],[-0.22663,44.53753],[-0.22636,44.54428],[-0.22952,44.55318],[-0.23149,44.55703],[-0.23571,44.55767]]]},"properties":{"code_territoire":"iris332270102","libelle_territoire":"Extérieur"}},
{"type":"Feature","geometry":{"type":"Polygon","coordinates":[[[-0.52795,45.08018],[-0.53073,45.07133],[-0.53478,45.07208],[-0.53647,45.06874],[-0.54508,45.07136],[-0.55465,45.06954],[-0.55979,45.07047],[-0.55995,45.06414],[-0.55796,45.06236],[-0.55949,45.06138],[-0.54936,45.06055],[-0.54469,45.05795],[-0.54292,45.05328],[-0.53507,45.04997],[-0.52683,45.05293],[-0.52713,45.0568],[-0.52262,45.05884],[-0.51963,45.0587],[-0.51828,45.05661],[-0.51501,45.05875],[-0.5135,45.06552],[-0.51709,45.07015],[-0.52795,45.08018]]]},"properties":{"code_territoire":"iris332280000","libelle_territoire":"Lansac (commune non irisée)"}},
{"type":"Feature","geometry":{"type":"Polygon","coordinates":[[[-1.00639,44.82982],[-1.02654,44.79695],[-1.04121,44.78316],[-1.0466,44.77789],[-1.05725,44.74881],[-1.07198,44.72841],[-1.07837,44.72262],[-1.07522,44.72338],[-1.077,44.72204],[-1.06407,44.71177],[-1.06242,44.71548],[-1.06362,44.71196],[-1.06089,44.71026],[-1.0569,44.70875],[-1.05638,44.71027],[-1.0534,44.71036],[-1.05621,44.7092],[-1.05248,44.70562],[-1.05354,44.70364],[-1.0456,44.70055],[-1.04387,44.69627],[-1.03695,44.69403],[-1.03137,44.69536],[-1.02369,44.7013],[-1.01385,44.70551],[-1.00868,44.71544],[-0.99794,44.71973],[-0.99567,44.72402],[-0.98578,44.7326],[-0.88143,44.7601],[-0.90505,44.80822],[-0.88489,44.84982],[-0.92503,44.84138],[-0.94449,44.83348],[-0.95819,44.83032],[-1.00639,44.82982]]]},"properties":{"code_territoire":"iris332290000","libelle_territoire":"Lanton (commune non irisée)"}},
{"type":"Feature","geometry":{"type":"Polygon","coordinates":[[[-0.87643,45.29923],[-0.87691,45.3028],[-0.88029,45.30594],[-0.88527,45.30684],[-0.88468,45.30798],[-0.89433,45.30811],[-0.90899,45.30406],[-0.91865,45.30751],[-0.91812,45.31066],[-0.92302,45.3176],[-0.92136,45.31927],[-0.92529,45.32128],[-0.92335,45.32304],[-0.92758,45.32913],[-0.92603,45.33145],[-0.9359,45.33602],[-0.93802,45.33997],[-0.94499,45.33496],[-0.94308,45.33359],[-0.9506,45.32753],[-0.94574,45.31884],[-0.94296,45.321],[-0.94516,45.30702],[-0.94847,45.30505],[-0.94559,45.30275],[-0.94563,45.29933],[-0.9468,45.29751],[-0.94845,45.29835],[-0.95551,45.28581],[-0.95733,45.28425],[-0.96012,45.28494],[-0.9667,45.27651],[-0.96529,45.27592],[-0.97078,45.26917],[-0.97005,45.26028],[-0.96667,45.25179],[-0.96223,45.24909],[-0.96557,45.22384],[-0.95979,45.21919],[-0.94818,45.22735],[-0.94524,45.23255],[-0.94961,45.23517],[-0.93426,45.24884],[-0.91449,45.27677],[-0.90982,45.28026],[-0.9066,45.27964],[-0.90358,45.28178],[-0.89342,45.29302],[-0.87822,45.29707],[-0.87643,45.29923]]]},"properties":{"code_territoire":"iris332400000","libelle_territoire":"Lesparre-Médoc (commune non irisée)"}},
{"type":"Feature","geometry":{"type":"Polygon","coordinates":[[[-0.24567,45.10821],[-0.25365,45.11366],[-0.25997,45.11551],[-0.2577,45.11826],[-0.26706,45.12672],[-0.26769,45.13324],[-0.27445,45.1347],[-0.27595,45.1418],[-0.29603,45.14823],[-0.30759,45.14971],[-0.31342,45.13739],[-0.32519,45.12975],[-0.30918,45.13309],[-0.30628,45.1284],[-0.29451,45.12167],[-0.30831,45.10256],[-0.31966,45.09187],[-0.30631,45.08822],[-0.30663,45.08192],[-0.29945,45.08117],[-0.30054,45.07455],[-0.28922,45.07384],[-0.29137,45.06995],[-0.28757,45.06941],[-0.28533,45.06904],[-0.27991,45.07442],[-0.28095,45.0855],[-0.27843,45.08877],[-0.27549,45.088],[-0.27266,45.09277],[-0.25147,45.10195],[-0.24567,45.10821]]]},"properties":{"code_territoire":"iris332300000","libelle_territoire":"Lapouyade (commune non irisée)"}},
{"type":"Feature","geometry":{"type":"Polygon","coordinates":[[[-0.30152,44.65383],[-0.30108,44.65707],[-0.29971,44.65579],[-0.29234,44.65811],[-0.2921,44.66336],[-0.28449,44.66423],[-0.28885,44.6681],[-0.29216,44.66461],[-0.29561,44.66529],[-0.2985,44.66283],[-0.30885,44.66684],[-0.32062,44.66738],[-0.32222,44.66178],[-0.31236,44.65084],[-0.30152,44.65383]]]},"properties":{"code_territoire":"iris332310000","libelle_territoire":"Laroque (commune non irisée)"}},
{"type":"Feature","geometry":{"type":"Polygon","coordinates":[[[-0.1223,44.24359],[-0.12318,44.24065],[-0.11908,44.23983],[-0.12013,44.23675],[-0.10815,44.23102],[-0.09834,44.23391],[-0.09663,44.23814],[-0.08824,44.23627],[-0.08639,44.24158],[-0.08263,44.24275],[-0.07957,44.2472],[-0.07442,44.24847],[-0.07418,44.25243],[-0.06882,44.25073],[-0.06697,44.24643],[-0.05867,44.25579],[-0.05937,44.25868],[-0.05654,44.2598],[-0.05337,44.26577],[-0.05798,44.26733],[-0.06592,44.26618],[-0.08378,44.26894],[-0.08934,44.26792],[-0.09072,44.26602],[-0.09526,44.26766],[-0.09304,44.26889],[-0.09532,44.271],[-0.0995,44.2723],[-0.10419,44.27096],[-0.1159,44.25228],[-0.11706,44.24416],[-0.1223,44.24359]]]},"properties":{"code_territoire":"iris332320000","libelle_territoire":"Lartigue (commune non irisée)"}},
{"type":"Feature","geometry":{"type":"Polygon","coordinates":[[[-0.37461,44.68484],[-0.36345,44.6907],[-0.35865,44.69754],[-0.36432,44.69807],[-0.36831,44.70097],[-0.3752,44.69942],[-0.38837,44.69069],[-0.40343,44.69213],[-0.40454,44.6879],[-0.39938,44.68628],[-0.38226,44.68798],[-0.37461,44.68484]]]},"properties":{"code_territoire":"iris332410000","libelle_territoire":"Lestiac-sur-Garonne (commune non irisée)"}},
{"type":"Feature","geometry":{"type":"Polygon","coordinates":[[[0.16497,44.8078],[0.16614,44.80235],[0.15915,44.79588],[0.16239,44.789],[0.159,44.78265],[0.1646,44.77965],[0.16448,44.77214],[0.17313,44.77116],[0.16866,44.76391],[0.17114,44.76041],[0.16928,44.75325],[0.17323,44.75247],[0.18036,44.74548],[0.18451,44.74914],[0.18944,44.75743],[0.18113,44.76285],[0.18396,44.76671],[0.19649,44.77445],[0.20997,44.76873],[0.21482,44.77582],[0.21351,44.7766],[0.20696,44.77913],[0.20632,44.7811],[0.21804,44.79118],[0.20752,44.80081],[0.20656,44.8066],[0.20042,44.80567],[0.20056,44.80165],[0.19291,44.79613],[0.18144,44.80675],[0.17111,44.80879],[0.16497,44.8078]]]},"properties":{"code_territoire":"iris332420000","libelle_territoire":"Les Lèves-et-Thoumeyragues (commune non irisée)"}},
{"type":"Feature","geometry":{"type":"Polygon","coordinates":[[[-0.31342,45.13739],[-0.3188,45.1444],[-0.32034,45.15606],[-0.32703,45.1585],[-0.33867,45.1671],[-0.34819,45.16813],[-0.3515,45.17015],[-0.36359,45.17033],[-0.36909,45.16257],[-0.37934,45.15633],[-0.38348,45.14355],[-0.38424,45.1409],[-0.38093,45.13744],[-0.38309,45.13409],[-0.37713,45.12468],[-0.37754,45.11463],[-0.37209,45.10816],[-0.37257,45.10463],[-0.36857,45.10246],[-0.37233,45.09931],[-0.37076,45.09302],[-0.3653,45.09049],[-0.36356,45.0871],[-0.35947,45.08734],[-0.35837,45.08493],[-0.35276,45.08222],[-0.34993,45.07832],[-0.34546,45.077],[-0.34133,45.07787],[-0.34145,45.07553],[-0.33458,45.07048],[-0.32949,45.08036],[-0.31966,45.09187],[-0.30831,45.10256],[-0.29451,45.12167],[-0.30628,45.1284],[-0.30918,45.13309],[-0.32519,45.12975],[-0.31342,45.13739]]]},"properties":{"code_territoire":"iris332330000","libelle_territoire":"Laruscade (commune non irisée)"}},
{"type":"Feature","geometry":{"type":"Polygon","coordinates":[[[-0.52306,44.79172],[-0.5194,44.7891],[-0.51173,44.77382],[-0.50381,44.77656],[-0.4931,44.77503],[-0.49018,44.77781],[-0.48894,44.7767],[-0.47854,44.77924],[-0.47725,44.78199],[-0.47995,44.78581],[-0.47523,44.78515],[-0.47052,44.78739],[-0.46992,44.7915],[-0.47512,44.79046],[-0.47921,44.796],[-0.48355,44.79582],[-0.48247,44.79694],[-0.48818,44.80149],[-0.49836,44.80556],[-0.52041,44.8024],[-0.52386,44.80637],[-0.52662,44.80613],[-0.52306,44.79172]]]},"properties":{"code_territoire":"iris332340000","libelle_territoire":"Latresne (commune non irisée)"}},
{"type":"Feature","geometry":{"type":"Polygon","coordinates":[[[-0.23697,44.88369],[-0.24083,44.88686],[-0.24073,44.88992],[-0.23624,44.89287],[-0.23099,44.89358],[-0.22832,44.89881],[-0.22484,44.89927],[-0.23043,44.90243],[-0.23462,44.90607],[-0.23973,44.90736],[-0.24828,44.90409],[-0.24786,44.89817],[-0.25882,44.88891],[-0.2597,44.87572],[-0.25188,44.87284],[-0.23852,44.87672],[-0.23457,44.87998],[-0.23697,44.88369]]]},"properties":{"code_territoire":"iris332430101","libelle_territoire":"Condat"}},
{"type":"Feature","geometry":{"type":"Polygon","coordinates":[[[-0.24828,44.90409],[-0.23973,44.90736],[-0.23777,44.90992],[-0.24098,44.91125],[-0.24993,44.91291],[-0.24828,44.90409]]]},"properties":{"code_territoire":"iris332430102","libelle_territoire":"Montaudon"}},
{"type":"Feature","geometry":{"type":"Polygon","coordinates":[[[-0.24993,44.91291],[-0.24098,44.91125],[-0.23924,44.91567],[-0.24193,44.91853],[-0.24464,44.91937],[-0.25031,44.91532],[-0.24993,44.91291]]]},"properties":{"code_territoire":"iris332430103","libelle_territoire":"La Bastide"}},
{"type":"Feature","geometry":{"type":"Polygon","coordinates":[[[-0.21249,44.91474],[-0.21678,44.91472],[-0.21453,44.91251],[-0.21811,44.90773],[-0.22197,44.90329],[-0.22743,44.90546],[-0.23043,44.90243],[-0.22484,44.89927],[-0.22832,44.89881],[-0.23099,44.89358],[-0.21616,44.89443],[-0.21134,44.89308],[-0.2088,44.89459],[-0.20654,44.90192],[-0.20995,44.90893],[-0.20242,44.91501],[-0.21249,44.91474]]]},"properties":{"code_territoire":"iris332430104","libelle_territoire":"Carré-le Verdet"}},
{"type":"Feature","geometry":{"type":"Polygon","coordinates":[[[-0.24098,44.91125],[-0.23777,44.90992],[-0.23267,44.91192],[-0.23275,44.91921],[-0.23774,44.92148],[-0.24193,44.91853],[-0.23924,44.91567],[-0.24098,44.91125]]]},"properties":{"code_territoire":"iris332430105","libelle_territoire":"La Gare"}},
{"type":"Feature","geometry":{"type":"Polygon","coordinates":[[[-0.24238,44.9291],[-0.23664,44.93148],[-0.23635,44.9353],[-0.22951,44.93417],[-0.22388,44.94305],[-0.22138,44.94276],[-0.21854,44.9464],[-0.22067,44.94559],[-0.23146,44.94809],[-0.23794,44.94892],[-0.23912,44.94687],[-0.24223,44.95061],[-0.25136,44.95205],[-0.25345,44.94766],[-0.24853,44.94676],[-0.24695,44.94372],[-0.24979,44.93861],[-0.25581,44.939],[-0.25774,44.93224],[-0.26284,44.92718],[-0.25917,44.92672],[-0.24456,44.93036],[-0.24238,44.9291]]]},"properties":{"code_territoire":"iris332430106","libelle_territoire":"Charrauds-le Pentey"}},
{"type":"Feature","geometry":{"type":"Polygon","coordinates":[[[-0.09517,44.40895],[-0.10255,44.41134],[-0.10547,44.41431],[-0.11287,44.41589],[-0.11444,44.40398],[-0.13183,44.4],[-0.13318,44.39352],[-0.12976,44.38821],[-0.13166,44.3836],[-0.13001,44.37784],[-0.13286,44.37442],[-0.13126,44.37131],[-0.12359,44.36936],[-0.1212,44.37121],[-0.11069,44.37208],[-0.10215,44.3928],[-0.0962,44.39585],[-0.09654,44.39784],[-0.09348,44.398],[-0.09342,44.40011],[-0.10403,44.40391],[-0.10538,44.40627],[-0.09506,44.40828],[-0.09517,44.40895]]]},"properties":{"code_territoire":"iris332350000","libelle_territoire":"Lavazan (commune non irisée)"}},
{"type":"Feature","geometry":{"type":"Polygon","coordinates":[[[-1.05009,44.82348],[-1.08332,44.82869],[-1.1418,44.82446],[-1.14689,44.824],[-1.16756,44.81348],[-1.19737,44.81017],[-1.23273,44.80898],[-1.23742,44.78342],[-1.16889,44.77407],[-1.16674,44.77545],[-1.16433,44.77471],[-1.16404,44.77624],[-1.16104,44.7755],[-1.14813,44.77841],[-1.13886,44.79059],[-1.05009,44.82348]]]},"properties":{"code_territoire":"iris332360101","libelle_territoire":"Lège Bourg"}},
{"type":"Feature","geometry":{"type":"Polygon","coordinates":[[[-1.16889,44.77407],[-1.23742,44.78342],[-1.25201,44.70961],[-1.26089,44.64285],[-1.25777,44.62633],[-1.25007,44.62155],[-1.24517,44.62125],[-1.24435,44.6229],[-1.2428,44.62924],[-1.24633,44.6326],[-1.24101,44.64153],[-1.24284,44.6467],[-1.24186,44.64093],[-1.24604,44.63388],[-1.2487,44.63702],[-1.24583,44.63743],[-1.24426,44.64893],[-1.23924,44.65657],[-1.23666,44.6563],[-1.23921,44.65665],[-1.2389,44.67372],[-1.24132,44.67531],[-1.23895,44.67417],[-1.23675,44.68304],[-1.23197,44.69038],[-1.23239,44.69401],[-1.22805,44.69775],[-1.22905,44.70071],[-1.22186,44.70629],[-1.22138,44.70863],[-1.224,44.70797],[-1.22233,44.71039],[-1.21079,44.71346],[-1.20993,44.71576],[-1.20454,44.71772],[-1.20438,44.72137],[-1.19767,44.7245],[-1.19089,44.73091],[-1.18997,44.73333],[-1.19228,44.73381],[-1.18964,44.73413],[-1.19186,44.73454],[-1.19011,44.73724],[-1.18521,44.73853],[-1.18142,44.74365],[-1.17298,44.74567],[-1.17371,44.75475],[-1.17779,44.75589],[-1.17991,44.75869],[-1.17155,44.76738],[-1.17098,44.77099],[-1.16884,44.77107],[-1.16889,44.77407]]]},"properties":{"code_territoire":"iris332360102","libelle_territoire":"Centre Cap Ferret"}},
{"type":"Feature","geometry":{"type":"Polygon","coordinates":[[[-0.24464,44.91937],[-0.24193,44.91853],[-0.23774,44.92148],[-0.23275,44.91921],[-0.22414,44.92234],[-0.21751,44.9271],[-0.21371,44.92984],[-0.22951,44.93417],[-0.23635,44.9353],[-0.23664,44.93148],[-0.24238,44.9291],[-0.24218,44.92269],[-0.24464,44.91937]]]},"properties":{"code_territoire":"iris332430107","libelle_territoire":"Avenue Foch-la Ganne"}},
{"type":"Feature","geometry":{"type":"Polygon","coordinates":[[[-0.21751,44.9271],[-0.22414,44.92234],[-0.23275,44.91921],[-0.23267,44.91192],[-0.21811,44.90773],[-0.21453,44.91251],[-0.21678,44.91472],[-0.21249,44.91474],[-0.20954,44.92352],[-0.21751,44.9271]]]},"properties":{"code_territoire":"iris332430108","libelle_territoire":"Lamberte-Hôpital"}},
{"type":"Feature","geometry":{"type":"Polygon","coordinates":[[[-0.41934,44.51621],[-0.4268,44.50899],[-0.40004,44.50426],[-0.39491,44.5002],[-0.38941,44.49969],[-0.38648,44.50142],[-0.37585,44.50054],[-0.36456,44.49701],[-0.36263,44.50101],[-0.35831,44.501],[-0.34052,44.49642],[-0.34116,44.49309],[-0.32352,44.4906],[-0.30784,44.48625],[-0.30559,44.49574],[-0.30284,44.49874],[-0.30842,44.50761],[-0.3134,44.51278],[-0.323,44.51608],[-0.32159,44.5173],[-0.33073,44.51955],[-0.34508,44.51634],[-0.35489,44.5168],[-0.37449,44.5244],[-0.37839,44.51649],[-0.41934,44.51621]]]},"properties":{"code_territoire":"iris332370000","libelle_territoire":"Léogeats (commune non irisée)"}},
{"type":"Feature","geometry":{"type":"Polygon","coordinates":[[[-0.62073,44.72796],[-0.60717,44.7264],[-0.59964,44.7287],[-0.59728,44.7271],[-0.59408,44.72958],[-0.59658,44.7311],[-0.59415,44.73624],[-0.59603,44.73836],[-0.61115,44.73921],[-0.62073,44.72796]]]},"properties":{"code_territoire":"iris332380101","libelle_territoire":"Centre"}},
{"type":"Feature","geometry":{"type":"Polygon","coordinates":[[[-0.63825,44.73671],[-0.64576,44.73115],[-0.63239,44.73017],[-0.63338,44.72797],[-0.63924,44.72788],[-0.64048,44.72469],[-0.64957,44.72362],[-0.6548,44.71245],[-0.66643,44.70404],[-0.6677,44.70028],[-0.67082,44.70081],[-0.67238,44.69545],[-0.6581,44.70477],[-0.63293,44.71581],[-0.6256,44.71536],[-0.62073,44.72796],[-0.61115,44.73921],[-0.59603,44.73836],[-0.58962,44.73836],[-0.58674,44.75373],[-0.58832,44.75787],[-0.59003,44.76277],[-0.59708,44.76235],[-0.60134,44.75767],[-0.60823,44.75849],[-0.61631,44.74865],[-0.6264,44.7473],[-0.63,44.74547],[-0.62924,44.74266],[-0.63286,44.7422],[-0.63373,44.73597],[-0.63825,44.73671]]]},"properties":{"code_territoire":"iris332380102","libelle_territoire":"Ouest"}},
{"type":"Feature","geometry":{"type":"Polygon","coordinates":[[[-0.58674,44.75373],[-0.58962,44.73836],[-0.59603,44.73836],[-0.59415,44.73624],[-0.59658,44.7311],[-0.59408,44.72958],[-0.59051,44.72712],[-0.5894,44.72835],[-0.58542,44.72718],[-0.58657,44.7246],[-0.58373,44.72257],[-0.5683,44.7192],[-0.56696,44.72275],[-0.57324,44.72427],[-0.5646,44.7361],[-0.56098,44.73817],[-0.56166,44.74022],[-0.56244,44.74206],[-0.57147,44.74324],[-0.5825,44.75295],[-0.58674,44.75373]]]},"properties":{"code_territoire":"iris332380103","libelle_territoire":"Est"}},
{"type":"Feature","geometry":{"type":"Polygon","coordinates":[[[-0.23973,44.90736],[-0.23462,44.90607],[-0.23043,44.90243],[-0.22743,44.90546],[-0.22197,44.90329],[-0.21811,44.90773],[-0.23267,44.91192],[-0.23777,44.90992],[-0.23973,44.90736]]]},"properties":{"code_territoire":"iris332430109","libelle_territoire":"La Plante"}},
{"type":"Feature","geometry":{"type":"Polygon","coordinates":[[[-0.2825,44.41323],[-0.26344,44.41941],[-0.2585,44.42239],[-0.25683,44.42798],[-0.24795,44.43981],[-0.26493,44.44296],[-0.26374,44.44712],[-0.27574,44.45192],[-0.29076,44.45283],[-0.28998,44.44567],[-0.29465,44.42968],[-0.30109,44.42525],[-0.29432,44.42259],[-0.29569,44.4155],[-0.2825,44.41323]]]},"properties":{"code_territoire":"iris332440000","libelle_territoire":"Lignan-de-Bazas (commune non irisée)"}},
{"type":"Feature","geometry":{"type":"Polygon","coordinates":[[[-0.4325,44.77136],[-0.42259,44.77984],[-0.42127,44.79067],[-0.41432,44.78994],[-0.41086,44.79409],[-0.40357,44.79596],[-0.40384,44.79851],[-0.40483,44.80299],[-0.4134,44.80329],[-0.41615,44.80561],[-0.41509,44.80882],[-0.42073,44.81123],[-0.42464,44.81099],[-0.43075,44.81373],[-0.43915,44.80548],[-0.45399,44.80174],[-0.45254,44.80139],[-0.45542,44.80055],[-0.45114,44.8005],[-0.45012,44.79651],[-0.44464,44.79273],[-0.44657,44.78958],[-0.44041,44.78662],[-0.4424,44.77844],[-0.43954,44.77782],[-0.43456,44.77187],[-0.4325,44.77136]]]},"properties":{"code_territoire":"iris332450000","libelle_territoire":"Lignan-de-Bordeaux (commune non irisée)"}},
{"type":"Feature","geometry":{"type":"Polygon","coordinates":[[[0.26593,44.8127],[0.2613,44.81194],[0.26374,44.80805],[0.256,44.8032],[0.25225,44.7912],[0.25118,44.77983],[0.25595,44.77856],[0.2532,44.77504],[0.25741,44.77294],[0.26862,44.78197],[0.2737,44.78364],[0.2709,44.78708],[0.2737,44.79044],[0.27463,44.80018],[0.26964,44.80704],[0.2701,44.81105],[0.26593,44.8127]]]},"properties":{"code_territoire":"iris332460000","libelle_territoire":"Ligueux (commune non irisée)"}},
{"type":"Feature","geometry":{"type":"Polygon","coordinates":[[[-0.5683,44.7192],[-0.58373,44.72257],[-0.58657,44.7246],[-0.58542,44.72718],[-0.5894,44.72835],[-0.59051,44.72712],[-0.59408,44.72958],[-0.59728,44.7271],[-0.59964,44.7287],[-0.60717,44.7264],[-0.62073,44.72796],[-0.6256,44.71536],[-0.63293,44.71581],[-0.6581,44.70477],[-0.67238,44.69545],[-0.67324,44.69181],[-0.66207,44.69233],[-0.65672,44.68374],[-0.63688,44.6841],[-0.59399,44.6915],[-0.59279,44.69191],[-0.59383,44.70677],[-0.59002,44.70688],[-0.58976,44.71138],[-0.5683,44.7192]]]},"properties":{"code_territoire":"iris332380104","libelle_territoire":"Sud"}},
{"type":"Feature","geometry":{"type":"Polygon","coordinates":[[[-0.71287,45.18475],[-0.75537,45.16938],[-0.76352,45.17196],[-0.78094,45.16665],[-0.78509,45.1646],[-0.78535,45.15885],[-0.77552,45.14989],[-0.77584,45.14179],[-0.76022,45.14176],[-0.76045,45.13645],[-0.73984,45.13686],[-0.7323,45.1402],[-0.72868,45.13744],[-0.72557,45.13753],[-0.72534,45.13896],[-0.71628,45.13836],[-0.69274,45.14523],[-0.70033,45.16729],[-0.71287,45.18475]]]},"properties":{"code_territoire":"iris334230000","libelle_territoire":"Saint-Julien-Beychevelle (commune non irisée)"}},
{"type":"Feature","geometry":{"type":"Polygon","coordinates":[[[-0.88905,45.20662],[-0.89908,45.20841],[-0.92009,45.20478],[-0.92857,45.18999],[-0.93791,45.17901],[-0.94399,45.16313],[-0.94332,45.15254],[-0.95152,45.13544],[-0.93818,45.12608],[-0.92769,45.11327],[-0.89824,45.09739],[-0.88659,45.08739],[-0.87959,45.08645],[-0.87133,45.08237],[-0.8674,45.07579],[-0.86091,45.07196],[-0.84036,45.0765],[-0.82839,45.07652],[-0.8245,45.07351],[-0.82121,45.07335],[-0.8258,45.09518],[-0.82305,45.09701],[-0.8242,45.10015],[-0.80282,45.10174],[-0.80404,45.10463],[-0.80016,45.10975],[-0.79741,45.11112],[-0.78928,45.11064],[-0.78998,45.11334],[-0.78737,45.11129],[-0.78151,45.11061],[-0.77613,45.11132],[-0.77606,45.11345],[-0.76988,45.11339],[-0.76945,45.11101],[-0.76434,45.1122],[-0.7639,45.12578],[-0.76045,45.13645],[-0.76022,45.14176],[-0.77584,45.14179],[-0.77552,45.14989],[-0.78535,45.15885],[-0.78509,45.1646],[-0.78094,45.16665],[-0.78657,45.16827],[-0.79016,45.17478],[-0.79257,45.17503],[-0.79559,45.17138],[-0.80073,45.17253],[-0.80908,45.17158],[-0.81766,45.17586],[-0.82774,45.17475],[-0.83994,45.17602],[-0.84763,45.18578],[-0.85896,45.18734],[-0.86272,45.18956],[-0.87088,45.1907],[-0.87853,45.20521],[-0.88905,45.20662]]]},"properties":{"code_territoire":"iris334240000","libelle_territoire":"Saint-Laurent-Médoc (commune non irisée)"}},
{"type":"Feature","geometry":{"type":"Polygon","coordinates":[[[-0.4485,45.03402],[-0.44772,45.03991],[-0.45395,45.04597],[-0.45654,45.05728],[-0.45311,45.06188],[-0.47615,45.05937],[-0.47823,45.05754],[-0.48139,45.05318],[-0.47811,45.05118],[-0.48065,45.04769],[-0.47881,45.04512],[-0.48188,45.04149],[-0.48594,45.04204],[-0.48922,45.04038],[-0.48235,45.03789],[-0.48407,45.03352],[-0.47825,45.03165],[-0.4797,45.02921],[-0.47337,45.02709],[-0.47375,45.02995],[-0.46692,45.0274],[-0.45314,45.02665],[-0.4485,45.03402]]]},"properties":{"code_territoire":"iris334250000","libelle_territoire":"Saint-Laurent-d'Arce (commune non irisée)"}},
{"type":"Feature","geometry":{"type":"Polygon","coordinates":[[[0.02709,44.74847],[0.04116,44.75351],[0.04941,44.75464],[0.04911,44.75834],[0.05573,44.7626],[0.05433,44.76394],[0.02679,44.7751],[0.01938,44.76591],[0.018,44.75167],[0.0205,44.7503],[0.02709,44.74847]]]},"properties":{"code_territoire":"iris332470000","libelle_territoire":"Listrac-de-Durèze (commune non irisée)"}},
{"type":"Feature","geometry":{"type":"Polygon","coordinates":[[[-0.88659,45.08739],[-0.89906,45.06587],[-0.91173,45.05733],[-0.89555,45.03243],[-0.88729,45.02982],[-0.85745,45.02628],[-0.84849,45.03644],[-0.84341,45.03916],[-0.8297,45.04064],[-0.82321,45.04261],[-0.82253,45.04538],[-0.80579,45.04619],[-0.80178,45.05162],[-0.7955,45.05279],[-0.7929,45.05762],[-0.78502,45.06008],[-0.78509,45.06351],[-0.77857,45.06331],[-0.77701,45.06518],[-0.77297,45.06406],[-0.76558,45.067],[-0.76879,45.07862],[-0.75339,45.08163],[-0.74488,45.08565],[-0.74576,45.09108],[-0.75234,45.09063],[-0.74228,45.09637],[-0.75665,45.10069],[-0.76434,45.1122],[-0.76945,45.11101],[-0.76988,45.11339],[-0.77606,45.11345],[-0.77613,45.11132],[-0.78151,45.11061],[-0.78737,45.11129],[-0.78998,45.11334],[-0.78928,45.11064],[-0.79741,45.11112],[-0.80016,45.10975],[-0.80404,45.10463],[-0.80282,45.10174],[-0.8242,45.10015],[-0.82305,45.09701],[-0.8258,45.09518],[-0.82121,45.07335],[-0.8245,45.07351],[-0.82839,45.07652],[-0.84036,45.0765],[-0.86091,45.07196],[-0.8674,45.07579],[-0.87133,45.08237],[-0.87959,45.08645],[-0.88659,45.08739]]]},"properties":{"code_territoire":"iris332480000","libelle_territoire":"Listrac-Médoc (commune non irisée)"}},
{"type":"Feature","geometry":{"type":"Polygon","coordinates":[[[-0.13429,44.86],[-0.13281,44.87467],[-0.12835,44.87826],[-0.12813,44.88164],[-0.12823,44.88438],[-0.13159,44.88567],[-0.13578,44.89229],[-0.14005,44.89244],[-0.14296,44.88408],[-0.1472,44.87931],[-0.14346,44.86968],[-0.14732,44.85794],[-0.13455,44.8551],[-0.13429,44.86]]]},"properties":{"code_territoire":"iris334260000","libelle_territoire":"Saint-Laurent-des-Combes (commune non irisée)"}},
{"type":"Feature","geometry":{"type":"Polygon","coordinates":[[[-0.15418,44.63296],[-0.14003,44.62517],[-0.1313,44.62444],[-0.12732,44.62628],[-0.12536,44.63138],[-0.1211,44.63003],[-0.12034,44.63376],[-0.11973,44.63705],[-0.12194,44.63952],[-0.11897,44.64327],[-0.12419,44.64703],[-0.12548,44.65543],[-0.13519,44.65519],[-0.14097,44.65078],[-0.15847,44.64884],[-0.16271,44.64997],[-0.16482,44.64834],[-0.15859,44.64652],[-0.16036,44.64543],[-0.1498,44.64016],[-0.15264,44.63884],[-0.15418,44.63296]]]},"properties":{"code_territoire":"iris334270000","libelle_territoire":"Saint-Laurent-du-Bois (commune non irisée)"}},
{"type":"Feature","geometry":{"type":"Polygon","coordinates":[[[-0.10429,44.62161],[-0.10684,44.62684],[-0.10404,44.63131],[-0.12034,44.63376],[-0.1211,44.63003],[-0.12536,44.63138],[-0.12732,44.62628],[-0.1313,44.62444],[-0.13146,44.62056],[-0.12664,44.62225],[-0.12248,44.62134],[-0.11906,44.61683],[-0.11612,44.61611],[-0.11709,44.62041],[-0.10887,44.62026],[-0.10651,44.62303],[-0.10429,44.62161]]]},"properties":{"code_territoire":"iris334280000","libelle_territoire":"Saint-Laurent-du-Plan (commune non irisée)"}},
{"type":"Feature","geometry":{"type":"Polygon","coordinates":[[[-0.40877,44.45364],[-0.41123,44.45163],[-0.41971,44.45583],[-0.42174,44.45991],[-0.43188,44.46607],[-0.43777,44.46555],[-0.44128,44.45922],[-0.45055,44.45774],[-0.45492,44.4546],[-0.46415,44.45487],[-0.46799,44.45315],[-0.46801,44.45764],[-0.47788,44.45753],[-0.48175,44.4463],[-0.48582,44.44405],[-0.48297,44.43556],[-0.47264,44.4378],[-0.46985,44.4319],[-0.47612,44.4302],[-0.47594,44.42533],[-0.48005,44.42461],[-0.48112,44.42201],[-0.47465,44.42229],[-0.47452,44.42101],[-0.47993,44.41212],[-0.46995,44.40767],[-0.47051,44.4005],[-0.459,44.40049],[-0.45868,44.39474],[-0.44164,44.39377],[-0.43869,44.40014],[-0.43286,44.39529],[-0.42769,44.39444],[-0.42613,44.39912],[-0.42111,44.39775],[-0.41413,44.41142],[-0.40449,44.41005],[-0.39752,44.43196],[-0.41103,44.43636],[-0.40352,44.44447],[-0.39858,44.44666],[-0.40877,44.45364]]]},"properties":{"code_territoire":"iris334290000","libelle_territoire":"Saint-Léger-de-Balson (commune non irisée)"}},
{"type":"Feature","geometry":{"type":"Polygon","coordinates":[[[-0.26315,44.76826],[-0.26587,44.7803],[-0.26848,44.78009],[-0.26978,44.77612],[-0.27818,44.77778],[-0.28353,44.77709],[-0.28253,44.77301],[-0.29132,44.76575],[-0.28738,44.76071],[-0.28984,44.75817],[-0.28648,44.75686],[-0.28762,44.75529],[-0.28279,44.75417],[-0.26831,44.7551],[-0.2624,44.76399],[-0.26315,44.76826]]]},"properties":{"code_territoire":"iris334310000","libelle_territoire":"Saint-Léon (commune non irisée)"}},
{"type":"Feature","geometry":{"type":"Polygon","coordinates":[[[-0.5367,44.87985],[-0.52948,44.87878],[-0.52634,44.88046],[-0.52682,44.88314],[-0.52173,44.88583],[-0.52246,44.88795],[-0.52656,44.88842],[-0.53526,44.88911],[-0.53641,44.88037],[-0.5367,44.87985]]]},"properties":{"code_territoire":"iris332490101","libelle_territoire":"Cité Carriet 1"}},
{"type":"Feature","geometry":{"type":"Polygon","coordinates":[[[-0.52246,44.88795],[-0.52173,44.88583],[-0.52682,44.88314],[-0.52634,44.88046],[-0.51948,44.8832],[-0.51694,44.88252],[-0.51787,44.88449],[-0.50862,44.88623],[-0.51175,44.88567],[-0.51711,44.88797],[-0.52246,44.88795]]]},"properties":{"code_territoire":"iris332490102","libelle_territoire":"Cité Carriet 2-La Croix Rouge"}},
{"type":"Feature","geometry":{"type":"Polygon","coordinates":[[[-0.53699,44.8663],[-0.53467,44.86589],[-0.53293,44.8704],[-0.52761,44.86849],[-0.52607,44.86977],[-0.52484,44.87289],[-0.52162,44.87692],[-0.52033,44.87966],[-0.5172,44.87989],[-0.51694,44.88252],[-0.51948,44.8832],[-0.52634,44.88046],[-0.52948,44.87878],[-0.5367,44.87985],[-0.54112,44.86878],[-0.53691,44.86838],[-0.53699,44.8663]]]},"properties":{"code_territoire":"iris332490103","libelle_territoire":"Le Bourg-Le Vieux Bourg"}},
{"type":"Feature","geometry":{"type":"Polygon","coordinates":[[[-0.15559,44.55066],[-0.16095,44.55262],[-0.1624,44.5559],[-0.1607,44.55697],[-0.16677,44.56116],[-0.17547,44.56086],[-0.18031,44.56028],[-0.17317,44.54445],[-0.16233,44.54712],[-0.16237,44.54837],[-0.15609,44.54885],[-0.15559,44.55066]]]},"properties":{"code_territoire":"iris334320000","libelle_territoire":"Saint-Loubert (commune non irisée)"}},
{"type":"Feature","geometry":{"type":"Polygon","coordinates":[[[-0.44517,44.91597],[-0.43164,44.91037],[-0.42387,44.90988],[-0.42612,44.91262],[-0.42102,44.92118],[-0.42527,44.92214],[-0.4263,44.92066],[-0.43386,44.92299],[-0.43945,44.92887],[-0.44538,44.92362],[-0.44517,44.91597]]]},"properties":{"code_territoire":"iris334330101","libelle_territoire":"La Terrasse"}},
{"type":"Feature","geometry":{"type":"Polygon","coordinates":[[[-0.3995,44.94719],[-0.41218,44.94702],[-0.43925,44.935],[-0.44692,44.93768],[-0.45172,44.94536],[-0.455,44.95324],[-0.4597,44.95196],[-0.4588,44.94979],[-0.46305,44.94686],[-0.46401,44.93639],[-0.46804,44.93156],[-0.46387,44.92802],[-0.46646,44.91965],[-0.45548,44.91655],[-0.44517,44.91597],[-0.44538,44.92362],[-0.43945,44.92887],[-0.43386,44.92299],[-0.4263,44.92066],[-0.42527,44.92214],[-0.42102,44.92118],[-0.42612,44.91262],[-0.42387,44.90988],[-0.419,44.91551],[-0.40934,44.91378],[-0.40741,44.92094],[-0.40204,44.92323],[-0.39579,44.9293],[-0.39143,44.92781],[-0.38343,44.93914],[-0.39084,44.94384],[-0.3995,44.94719]]]},"properties":{"code_territoire":"iris334330102","libelle_territoire":"La Plaine"}},
{"type":"Feature","geometry":{"type":"Polygon","coordinates":[[[-0.40934,44.91378],[-0.419,44.91551],[-0.42387,44.90988],[-0.43164,44.91037],[-0.44517,44.91597],[-0.45548,44.91655],[-0.45539,44.9118],[-0.46263,44.90246],[-0.46352,44.89806],[-0.45541,44.8963],[-0.45005,44.89191],[-0.44413,44.89138],[-0.4415,44.89404],[-0.4358,44.89381],[-0.42895,44.89729],[-0.4193,44.89668],[-0.40763,44.90239],[-0.40934,44.91378]]]},"properties":{"code_territoire":"iris334330103","libelle_territoire":"Le Plateau"}},
{"type":"Feature","geometry":{"type":"Polygon","coordinates":[[[-0.54055,44.97406],[-0.54011,44.95881],[-0.54907,44.93883],[-0.55015,44.92378],[-0.53683,44.92382],[-0.53634,44.92574],[-0.53402,44.93038],[-0.53231,44.93012],[-0.53105,44.93716],[-0.52759,44.93639],[-0.52748,44.93902],[-0.52382,44.93717],[-0.52218,44.93959],[-0.52932,44.94196],[-0.52605,44.95152],[-0.51804,44.95579],[-0.5208,44.96314],[-0.51765,44.96419],[-0.51911,44.9857],[-0.51623,44.98524],[-0.51738,44.98819],[-0.51863,44.99032],[-0.5427,44.9844],[-0.54055,44.97406]]]},"properties":{"code_territoire":"iris334340000","libelle_territoire":"Saint-Louis-de-Montferrand (commune non irisée)"}},
{"type":"Feature","geometry":{"type":"Polygon","coordinates":[[[-0.52484,44.87289],[-0.52046,44.87224],[-0.51925,44.87661],[-0.52162,44.87692],[-0.52484,44.87289]]]},"properties":{"code_territoire":"iris332490104","libelle_territoire":"Génicart 3"}},
{"type":"Feature","geometry":{"type":"Polygon","coordinates":[[[-0.51653,44.87129],[-0.51511,44.87593],[-0.51065,44.87644],[-0.51074,44.87817],[-0.51425,44.87785],[-0.51362,44.87988],[-0.5172,44.87989],[-0.52033,44.87966],[-0.52162,44.87692],[-0.51925,44.87661],[-0.52046,44.87224],[-0.51653,44.87129]]]},"properties":{"code_territoire":"iris332490105","libelle_territoire":"Génicart 2"}},
{"type":"Feature","geometry":{"type":"Polygon","coordinates":[[[-0.49406,44.88261],[-0.5045,44.88826],[-0.50745,44.88008],[-0.50577,44.87972],[-0.50954,44.87877],[-0.50458,44.86958],[-0.50156,44.87416],[-0.49834,44.87408],[-0.49677,44.87681],[-0.49406,44.88261]]]},"properties":{"code_territoire":"iris332490106","libelle_territoire":"Résidences des Hauts de Lormont"}},
{"type":"Feature","geometry":{"type":"Polygon","coordinates":[[[-0.51065,44.87644],[-0.51511,44.87593],[-0.51653,44.87129],[-0.51235,44.87016],[-0.51065,44.87644]]]},"properties":{"code_territoire":"iris332490107","libelle_territoire":"Génicart 1"}},
{"type":"Feature","geometry":{"type":"Polygon","coordinates":[[[-0.21826,44.56329],[-0.21975,44.56671],[-0.21531,44.56845],[-0.21647,44.57099],[-0.23112,44.5677],[-0.24315,44.5647],[-0.25168,44.55954],[-0.24655,44.55725],[-0.23767,44.55873],[-0.22919,44.55951],[-0.21826,44.56329]]]},"properties":{"code_territoire":"iris334350000","libelle_territoire":"Saint-Macaire (commune non irisée)"}},
{"type":"Feature","geometry":{"type":"Polygon","coordinates":[[[-0.66193,44.609],[-0.69604,44.57756],[-0.714,44.56619],[-0.72315,44.55518],[-0.71512,44.51442],[-0.71069,44.51141],[-0.70761,44.51273],[-0.68588,44.50987],[-0.66786,44.50964],[-0.65877,44.50672],[-0.63125,44.5136],[-0.62145,44.51232],[-0.61266,44.51579],[-0.61211,44.51782],[-0.60603,44.52275],[-0.60343,44.53381],[-0.6044,44.54451],[-0.60167,44.55286],[-0.60852,44.56366],[-0.61593,44.58199],[-0.60901,44.60364],[-0.61904,44.61126],[-0.66193,44.609]]]},"properties":{"code_territoire":"iris334360000","libelle_territoire":"Saint-Magne (commune non irisée)"}},
{"type":"Feature","geometry":{"type":"Polygon","coordinates":[[[-0.05137,44.84714],[-0.05,44.84809],[-0.05219,44.85216],[-0.05112,44.85712],[-0.04735,44.85906],[-0.04592,44.86532],[-0.04132,44.86575],[-0.04869,44.87092],[-0.0509,44.87013],[-0.05579,44.87201],[-0.05742,44.87073],[-0.06208,44.8731],[-0.06578,44.87046],[-0.07453,44.87494],[-0.07658,44.8733],[-0.08358,44.87488],[-0.09092,44.87342],[-0.09792,44.86633],[-0.10185,44.86035],[-0.09557,44.85882],[-0.09563,44.85727],[-0.09965,44.85535],[-0.10045,44.85131],[-0.09156,44.84212],[-0.08756,44.84287],[-0.08696,44.83729],[-0.08483,44.83709],[-0.08285,44.83348],[-0.06816,44.83839],[-0.05137,44.84714]]]},"properties":{"code_territoire":"iris334370000","libelle_territoire":"Saint-Magne-de-Castillon (commune non irisée)"}},
{"type":"Feature","geometry":{"type":"Polygon","coordinates":[[[-0.25168,44.55954],[-0.24315,44.5647],[-0.23112,44.5677],[-0.23249,44.57676],[-0.2213,44.60027],[-0.22343,44.60216],[-0.22418,44.60274],[-0.22651,44.60286],[-0.22697,44.60009],[-0.23072,44.59836],[-0.23193,44.59258],[-0.23661,44.5901],[-0.23907,44.58586],[-0.24415,44.5854],[-0.24588,44.58309],[-0.24881,44.58478],[-0.25378,44.58221],[-0.2549,44.58398],[-0.263,44.58078],[-0.26583,44.58218],[-0.27487,44.57755],[-0.25291,44.56037],[-0.25168,44.55954]]]},"properties":{"code_territoire":"iris334380000","libelle_territoire":"Saint-Maixant (commune non irisée)"}},
{"type":"Feature","geometry":{"type":"Polygon","coordinates":[[[-0.53013,44.8631],[-0.52283,44.86368],[-0.51824,44.869],[-0.51375,44.86793],[-0.51235,44.87016],[-0.51653,44.87129],[-0.52046,44.87224],[-0.52397,44.86687],[-0.52607,44.86977],[-0.52761,44.86849],[-0.53293,44.8704],[-0.53467,44.86589],[-0.53699,44.8663],[-0.5383,44.86131],[-0.53554,44.86053],[-0.53013,44.8631]]]},"properties":{"code_territoire":"iris332490108","libelle_territoire":"Lissandre"}},
{"type":"Feature","geometry":{"type":"Polygon","coordinates":[[[-0.52607,44.86977],[-0.52397,44.86687],[-0.52046,44.87224],[-0.52484,44.87289],[-0.52607,44.86977]]]},"properties":{"code_territoire":"iris332490109","libelle_territoire":"ZUP"}},
{"type":"Feature","geometry":{"type":"Polygon","coordinates":[[[-0.50458,44.86958],[-0.50954,44.87877],[-0.50577,44.87972],[-0.50745,44.88008],[-0.5045,44.88826],[-0.50479,44.88843],[-0.5051,44.88859],[-0.50862,44.88623],[-0.51787,44.88449],[-0.51694,44.88252],[-0.5172,44.87989],[-0.51362,44.87988],[-0.51425,44.87785],[-0.51074,44.87817],[-0.51065,44.87644],[-0.51235,44.87016],[-0.51375,44.86793],[-0.51824,44.869],[-0.52283,44.86368],[-0.51986,44.86416],[-0.50474,44.86826],[-0.50458,44.86958]]]},"properties":{"code_territoire":"iris332490110","libelle_territoire":"Z.I. Quatre Pavillons-La Gardette"}},
{"type":"Feature","geometry":{"type":"Polygon","coordinates":[[[-0.38424,45.1409],[-0.38543,45.138],[-0.39689,45.13674],[-0.41455,45.13034],[-0.42508,45.13355],[-0.42788,45.1271],[-0.43366,45.12141],[-0.44151,45.11869],[-0.43109,45.1169],[-0.4326,45.11277],[-0.43038,45.11251],[-0.4322,45.11096],[-0.4292,45.11092],[-0.42938,45.10475],[-0.41386,45.10948],[-0.40359,45.10671],[-0.40145,45.10765],[-0.39585,45.10746],[-0.38234,45.11104],[-0.37754,45.11463],[-0.37713,45.12468],[-0.38309,45.13409],[-0.38093,45.13744],[-0.38424,45.1409]]]},"properties":{"code_territoire":"iris334390000","libelle_territoire":"Saint-Mariens (commune non irisée)"}},
{"type":"Feature","geometry":{"type":"Polygon","coordinates":[[[-0.16482,44.64834],[-0.16585,44.6453],[-0.174,44.64598],[-0.1814,44.64285],[-0.20587,44.62699],[-0.20611,44.62494],[-0.20692,44.62271],[-0.20192,44.62218],[-0.20101,44.61889],[-0.1939,44.6212],[-0.18815,44.61809],[-0.18322,44.62497],[-0.17439,44.62555],[-0.16652,44.62323],[-0.16393,44.63111],[-0.1589,44.62938],[-0.15418,44.63296],[-0.15264,44.63884],[-0.1498,44.64016],[-0.16036,44.64543],[-0.15859,44.64652],[-0.16482,44.64834]]]},"properties":{"code_territoire":"iris334400000","libelle_territoire":"Saint-Martial (commune non irisée)"}},
{"type":"Feature","geometry":{"type":"Polygon","coordinates":[[[-0.63582,45.15189],[-0.63725,45.15082],[-0.64223,45.15231],[-0.65214,45.15168],[-0.65815,45.15],[-0.65868,45.14461],[-0.65258,45.14213],[-0.65376,45.13867],[-0.65133,45.13432],[-0.64292,45.12703],[-0.63671,45.13888],[-0.63153,45.14016],[-0.63367,45.14059],[-0.63261,45.14185],[-0.62934,45.14103],[-0.62988,45.14279],[-0.62356,45.14289],[-0.6277,45.14699],[-0.6321,45.14794],[-0.63582,45.15189]]]},"properties":{"code_territoire":"iris334410000","libelle_territoire":"Saint-Martin-Lacaussade (commune non irisée)"}},
{"type":"Feature","geometry":{"type":"Polygon","coordinates":[[[-0.20428,45.03448],[-0.20666,45.03571],[-0.20644,45.03841],[-0.21024,45.03927],[-0.21111,45.04112],[-0.21555,45.0416],[-0.21787,45.04453],[-0.22509,45.04747],[-0.22838,45.05185],[-0.23586,45.05321],[-0.2435,45.05173],[-0.24534,45.04355],[-0.25046,45.04023],[-0.2475,45.03095],[-0.25151,45.02892],[-0.25122,45.02644],[-0.24797,45.0255],[-0.24783,45.01843],[-0.24168,45.01242],[-0.23675,45.01131],[-0.23371,45.01066],[-0.23346,45.01236],[-0.23067,45.01242],[-0.22543,45.0184],[-0.21967,45.03112],[-0.21549,45.03346],[-0.21204,45.0319],[-0.20883,45.03177],[-0.20428,45.03448]]]},"properties":{"code_territoire":"iris334420000","libelle_territoire":"Saint-Martin-de-Laye (commune non irisée)"}},
{"type":"Feature","geometry":{"type":"Polygon","coordinates":[[[-0.0352,44.61437],[-0.0271,44.61298],[-0.02819,44.61722],[-0.02635,44.61889],[-0.02119,44.6181],[-0.01845,44.62115],[-0.012,44.62003],[-0.00874,44.62182],[-0.00345,44.6198],[0.00097,44.62536],[-0.00362,44.63571],[-0.01325,44.63404],[-0.02015,44.63957],[-0.02385,44.63917],[-0.02682,44.63688],[-0.02621,44.63395],[-0.02883,44.63394],[-0.03026,44.63228],[-0.03258,44.63275],[-0.03861,44.63149],[-0.04123,44.63265],[-0.0418,44.63112],[-0.04469,44.63233],[-0.04226,44.62629],[-0.04532,44.62547],[-0.04469,44.6211],[-0.03734,44.61997],[-0.0352,44.61437]]]},"properties":{"code_territoire":"iris332500000","libelle_territoire":"Loubens (commune non irisée)"}},
{"type":"Feature","geometry":{"type":"Polygon","coordinates":[[[-0.61211,44.51782],[-0.60463,44.50693],[-0.60262,44.49853],[-0.58371,44.49401],[-0.58675,44.48562],[-0.58665,44.47665],[-0.59152,44.47062],[-0.57671,44.46869],[-0.56535,44.46795],[-0.55896,44.46924],[-0.5508,44.48527],[-0.54477,44.48748],[-0.5462,44.4964],[-0.53088,44.51697],[-0.52632,44.53212],[-0.56633,44.5461],[-0.59353,44.54974],[-0.60167,44.55286],[-0.6044,44.54451],[-0.60343,44.53381],[-0.60603,44.52275],[-0.61211,44.51782]]]},"properties":{"code_territoire":"iris332510000","libelle_territoire":"Louchats (commune non irisée)"}},
{"type":"Feature","geometry":{"type":"Polygon","coordinates":[[[-0.02796,44.65824],[-0.0329,44.65991],[-0.049,44.66026],[-0.0517,44.66459],[-0.05875,44.66416],[-0.0576,44.66166],[-0.06079,44.65872],[-0.06019,44.65584],[-0.06309,44.65444],[-0.06272,44.65027],[-0.06203,44.64568],[-0.05041,44.63791],[-0.0468,44.632],[-0.04469,44.63233],[-0.0418,44.63112],[-0.04123,44.63265],[-0.03861,44.63149],[-0.03258,44.63275],[-0.03388,44.63506],[-0.03015,44.63686],[-0.02892,44.64069],[-0.03286,44.6461],[-0.02645,44.65326],[-0.02796,44.65824]]]},"properties":{"code_territoire":"iris334430000","libelle_territoire":"Saint-Martin-de-Lerm (commune non irisée)"}},
{"type":"Feature","geometry":{"type":"Polygon","coordinates":[[[-0.15954,44.60585],[-0.16855,44.60403],[-0.18257,44.59142],[-0.18247,44.58665],[-0.17648,44.57969],[-0.17811,44.57516],[-0.17441,44.56773],[-0.16004,44.56426],[-0.15998,44.56987],[-0.15651,44.571],[-0.15727,44.57484],[-0.15441,44.57925],[-0.15696,44.58571],[-0.14701,44.59162],[-0.14481,44.59492],[-0.14713,44.59947],[-0.1551,44.59963],[-0.15005,44.60375],[-0.15063,44.60587],[-0.15954,44.60585]]]},"properties":{"code_territoire":"iris334440000","libelle_territoire":"Saint-Martin-de-Sescas (commune non irisée)"}},
{"type":"Feature","geometry":{"type":"Polygon","coordinates":[[[-0.24384,45.00214],[-0.23896,45.00562],[-0.23675,45.01131],[-0.24168,45.01242],[-0.24783,45.01843],[-0.24797,45.0255],[-0.25122,45.02644],[-0.25151,45.02892],[-0.2475,45.03095],[-0.25046,45.04023],[-0.25958,45.04609],[-0.27155,45.04093],[-0.27421,45.03443],[-0.27051,45.03067],[-0.27126,45.02789],[-0.26865,45.02401],[-0.2642,45.02069],[-0.27264,45.01646],[-0.2691,45.01244],[-0.27095,45.01081],[-0.28207,45.01067],[-0.28409,45.01207],[-0.28631,45.01104],[-0.27788,45.00603],[-0.27687,45.00366],[-0.27064,45.00236],[-0.2685,44.99749],[-0.26186,45.00092],[-0.25938,45.00446],[-0.24854,45.00254],[-0.24384,45.00214]]]},"properties":{"code_territoire":"iris334450000","libelle_territoire":"Saint-Martin-du-Bois (commune non irisée)"}},
{"type":"Feature","geometry":{"type":"Polygon","coordinates":[[[-0.01248,44.68098],[-0.03169,44.6887],[-0.03834,44.69205],[-0.04122,44.68738],[-0.04415,44.68773],[-0.04408,44.68569],[-0.0498,44.68503],[-0.05146,44.679],[-0.05629,44.67492],[-0.05481,44.67343],[-0.06169,44.67027],[-0.06124,44.66764],[-0.05875,44.66416],[-0.0517,44.66459],[-0.049,44.66026],[-0.0329,44.65991],[-0.02796,44.65824],[-0.01606,44.66596],[-0.01792,44.66843],[-0.0158,44.67594],[-0.0118,44.67866],[-0.01248,44.68098]]]},"properties":{"code_territoire":"iris334460000","libelle_territoire":"Saint-Martin-du-Puy (commune non irisée)"}},
{"type":"Feature","geometry":{"type":"Polygon","coordinates":[[[-0.39316,44.8196],[-0.39225,44.81002],[-0.39798,44.8105],[-0.40631,44.81404],[-0.40721,44.81037],[-0.41509,44.80882],[-0.41615,44.80561],[-0.4134,44.80329],[-0.40483,44.80299],[-0.40384,44.79851],[-0.39578,44.79687],[-0.39316,44.80182],[-0.38834,44.80433],[-0.38413,44.80334],[-0.37974,44.80629],[-0.37009,44.80812],[-0.36886,44.81105],[-0.37847,44.81789],[-0.37565,44.82268],[-0.38286,44.8256],[-0.38757,44.82122],[-0.39316,44.8196]]]},"properties":{"code_territoire":"iris332520000","libelle_territoire":"Loupes (commune non irisée)"}},
{"type":"Feature","geometry":{"type":"Polygon","coordinates":[[[-0.2852,44.60861],[-0.28293,44.61141],[-0.28704,44.61499],[-0.28379,44.62014],[-0.27812,44.62113],[-0.27909,44.62376],[-0.27437,44.63085],[-0.25801,44.64311],[-0.26232,44.64631],[-0.27534,44.64923],[-0.28299,44.64791],[-0.28932,44.64887],[-0.2864,44.64124],[-0.28991,44.63568],[-0.29806,44.633],[-0.30246,44.63336],[-0.30138,44.63177],[-0.31315,44.62743],[-0.30319,44.61792],[-0.30402,44.60686],[-0.30104,44.60227],[-0.29123,44.6039],[-0.28965,44.60696],[-0.28656,44.60668],[-0.2852,44.60861]]]},"properties":{"code_territoire":"iris332530000","libelle_territoire":"Loupiac (commune non irisée)"}},
{"type":"Feature","geometry":{"type":"Polygon","coordinates":[[[-0.10493,44.99971],[-0.09699,44.99771],[-0.095,44.99513],[-0.08946,44.99609],[-0.08757,44.99974],[-0.08042,44.99721],[-0.07921,45.00245],[-0.07311,45.00271],[-0.07188,45.00443],[-0.06316,44.99942],[-0.05857,45.00037],[-0.05495,44.99567],[-0.0514,44.99581],[-0.05047,44.99798],[-0.04438,44.9976],[-0.0433,45.00569],[-0.04574,45.01583],[-0.04113,45.01623],[-0.04247,45.02096],[-0.04379,45.01962],[-0.05684,45.0202],[-0.06323,45.02392],[-0.0694,45.02278],[-0.07319,45.01917],[-0.07827,45.02114],[-0.08104,45.02612],[-0.09113,45.02708],[-0.0927,45.02206],[-0.08939,45.01798],[-0.08761,45.01677],[-0.08896,45.01093],[-0.09332,45.00889],[-0.09749,45.00316],[-0.10493,44.99971]]]},"properties":{"code_territoire":"iris334470000","libelle_territoire":"Saint-Médard-de-Guizières (commune non irisée)"}},
{"type":"Feature","geometry":{"type":"Polygon","coordinates":[[[-0.50921,44.69233],[-0.49775,44.69403],[-0.49665,44.69592],[-0.5017,44.69941],[-0.48133,44.71725],[-0.47822,44.72119],[-0.48965,44.72703],[-0.4901,44.73004],[-0.48723,44.73313],[-0.50068,44.73687],[-0.4973,44.73078],[-0.50522,44.72767],[-0.51647,44.72655],[-0.52692,44.72335],[-0.52217,44.71617],[-0.52399,44.7152],[-0.52251,44.71079],[-0.53127,44.7084],[-0.53626,44.7026],[-0.53765,44.70349],[-0.54676,44.69893],[-0.52844,44.69235],[-0.52023,44.69334],[-0.51531,44.69119],[-0.51158,44.69446],[-0.50921,44.69233]]]},"properties":{"code_territoire":"iris334480000","libelle_territoire":"Saint-Médard-d'Eyrans (commune non irisée)"}},
{"type":"Feature","geometry":{"type":"Polygon","coordinates":[[[-0.78876,44.86308],[-0.80751,44.87099],[-0.81338,44.87944],[-0.79264,44.89078],[-0.7805,44.89622],[-0.78145,44.89825],[-0.77336,44.89769],[-0.77415,44.89924],[-0.75804,44.90498],[-0.75355,44.90256],[-0.74806,44.90576],[-0.74545,44.9047],[-0.74487,44.90688],[-0.75039,44.91057],[-0.76505,44.91571],[-0.79847,44.91869],[-0.82177,44.92456],[-0.83238,44.92506],[-0.84275,44.89557],[-0.86618,44.88427],[-0.88402,44.88572],[-0.88116,44.85752],[-0.87358,44.85174],[-0.8548,44.84798],[-0.83712,44.85546],[-0.81671,44.8607],[-0.78876,44.86308]]]},"properties":{"code_territoire":"iris334490101","libelle_territoire":"Zone Route du Porge"}},
{"type":"Feature","geometry":{"type":"Polygon","coordinates":[[[-0.73011,44.89414],[-0.73818,44.89409],[-0.74121,44.89412],[-0.74288,44.88972],[-0.75667,44.89157],[-0.75513,44.88739],[-0.75356,44.88213],[-0.75161,44.8827],[-0.75004,44.88015],[-0.75069,44.87781],[-0.74608,44.88062],[-0.73735,44.88109],[-0.73165,44.88283],[-0.73183,44.88646],[-0.72689,44.88808],[-0.72812,44.89113],[-0.72608,44.89264],[-0.72779,44.89365],[-0.73011,44.89414]]]},"properties":{"code_territoire":"iris334490102","libelle_territoire":"Caupian-Sans Souci"}},
{"type":"Feature","geometry":{"type":"Polygon","coordinates":[[[-0.05241,44.52145],[-0.05232,44.52399],[-0.04145,44.52124],[-0.03744,44.52763],[-0.04028,44.52768],[-0.03511,44.53336],[-0.03608,44.54158],[-0.03321,44.55349],[-0.04131,44.55651],[-0.04256,44.5654],[-0.04997,44.56357],[-0.04796,44.55851],[-0.05414,44.54079],[-0.05406,44.52729],[-0.05293,44.52145],[-0.05241,44.52145]]]},"properties":{"code_territoire":"iris332540000","libelle_territoire":"Loupiac-de-la-Réole (commune non irisée)"}},
{"type":"Feature","geometry":{"type":"Polygon","coordinates":[[[-0.31212,44.38372],[-0.30681,44.37601],[-0.30863,44.37389],[-0.30637,44.37206],[-0.30788,44.36561],[-0.30554,44.35879],[-0.30774,44.35467],[-0.31257,44.35072],[-0.31752,44.34954],[-0.31906,44.34427],[-0.3294,44.34284],[-0.34045,44.33403],[-0.35134,44.32728],[-0.38327,44.28639],[-0.39657,44.23661],[-0.38961,44.20948],[-0.37291,44.20705],[-0.33634,44.27799],[-0.30724,44.29927],[-0.29279,44.30686],[-0.28927,44.3067],[-0.28974,44.31176],[-0.2842,44.31189],[-0.27619,44.32485],[-0.28438,44.32879],[-0.2796,44.33593],[-0.28051,44.34039],[-0.28887,44.34776],[-0.29691,44.36088],[-0.28213,44.37771],[-0.28994,44.37686],[-0.30274,44.38162],[-0.30596,44.38393],[-0.31212,44.38372]]]},"properties":{"code_territoire":"iris332550000","libelle_territoire":"Lucmau (commune non irisée)"}},
{"type":"Feature","geometry":{"type":"Polygon","coordinates":[[[-0.73818,44.89409],[-0.74428,44.8976],[-0.74806,44.89597],[-0.74976,44.89832],[-0.7547,44.89709],[-0.75379,44.89298],[-0.75689,44.89353],[-0.75667,44.89157],[-0.74288,44.88972],[-0.74121,44.89412],[-0.73818,44.89409]]]},"properties":{"code_territoire":"iris334490103","libelle_territoire":"Hastignan"}},
{"type":"Feature","geometry":{"type":"Polygon","coordinates":[[[-0.74487,44.90688],[-0.74545,44.9047],[-0.74806,44.90576],[-0.75355,44.90256],[-0.74976,44.89832],[-0.74806,44.89597],[-0.74428,44.8976],[-0.73818,44.89409],[-0.73011,44.89414],[-0.72318,44.90045],[-0.72426,44.90264],[-0.74487,44.90688]]]},"properties":{"code_territoire":"iris334490104","libelle_territoire":"Hastignan-Picot"}},
{"type":"Feature","geometry":{"type":"Polygon","coordinates":[[[-0.72426,44.90264],[-0.72318,44.90045],[-0.73011,44.89414],[-0.72779,44.89365],[-0.71681,44.89868],[-0.71611,44.89599],[-0.70477,44.89605],[-0.70188,44.89583],[-0.69785,44.90027],[-0.70286,44.90175],[-0.71408,44.90488],[-0.71311,44.902],[-0.72426,44.90264]]]},"properties":{"code_territoire":"iris334490105","libelle_territoire":"Centre Ville 1"}},
{"type":"Feature","geometry":{"type":"Polygon","coordinates":[[[-0.72689,44.88808],[-0.72107,44.89298],[-0.7128,44.89157],[-0.71279,44.8895],[-0.71063,44.88826],[-0.70058,44.88963],[-0.69979,44.89166],[-0.70502,44.89331],[-0.70477,44.89605],[-0.71611,44.89599],[-0.71681,44.89868],[-0.72779,44.89365],[-0.72608,44.89264],[-0.72812,44.89113],[-0.72689,44.88808]]]},"properties":{"code_territoire":"iris334490106","libelle_territoire":"Centre Ville 2"}},
{"type":"Feature","geometry":{"type":"Polygon","coordinates":[[[-0.69785,44.90027],[-0.70188,44.89583],[-0.70477,44.89605],[-0.70502,44.89331],[-0.69979,44.89166],[-0.70058,44.88963],[-0.71063,44.88826],[-0.71279,44.8895],[-0.71566,44.88771],[-0.71167,44.88456],[-0.70065,44.8816],[-0.69376,44.88163],[-0.69337,44.8792],[-0.68834,44.87752],[-0.68707,44.87743],[-0.68769,44.88234],[-0.68424,44.88512],[-0.68709,44.88751],[-0.68368,44.89331],[-0.68052,44.89489],[-0.68597,44.89419],[-0.68816,44.89784],[-0.69785,44.90027]]]},"properties":{"code_territoire":"iris334490107","libelle_territoire":"Gajac"}},
{"type":"Feature","geometry":{"type":"Polygon","coordinates":[[[-0.68834,44.87752],[-0.69337,44.8792],[-0.69376,44.88163],[-0.70065,44.8816],[-0.71167,44.88456],[-0.72092,44.87875],[-0.71911,44.87713],[-0.72183,44.87541],[-0.71617,44.87045],[-0.70685,44.87381],[-0.69079,44.87377],[-0.68834,44.87752]]]},"properties":{"code_territoire":"iris334490108","libelle_territoire":"Corbiac 1"}},
{"type":"Feature","geometry":{"type":"Polygon","coordinates":[[[-0.5427,44.9844],[-0.55741,44.99447],[-0.56198,44.99241],[-0.5621,44.99026],[-0.59004,44.99913],[-0.59357,44.99656],[-0.59344,44.99434],[-0.60048,44.99208],[-0.60065,44.9887],[-0.60655,44.99244],[-0.62018,44.99236],[-0.62809,44.99058],[-0.62785,44.9874],[-0.64024,44.98292],[-0.63781,44.9804],[-0.63424,44.98081],[-0.63324,44.97925],[-0.62563,44.97798],[-0.62833,44.96424],[-0.61394,44.96475],[-0.59873,44.96442],[-0.56524,44.97108],[-0.55389,44.9753],[-0.54055,44.97406],[-0.5427,44.9844]]]},"properties":{"code_territoire":"iris332560000","libelle_territoire":"Ludon-Médoc (commune non irisée)"}},
{"type":"Feature","geometry":{"type":"Polygon","coordinates":[[[-0.69079,44.87377],[-0.70685,44.87381],[-0.71617,44.87045],[-0.71694,44.87003],[-0.71546,44.8653],[-0.71052,44.86589],[-0.7014,44.86329],[-0.69417,44.86699],[-0.69079,44.87377]]]},"properties":{"code_territoire":"iris334490109","libelle_territoire":"Corbiac 2"}},
{"type":"Feature","geometry":{"type":"Polygon","coordinates":[[[-0.71617,44.87045],[-0.72183,44.87541],[-0.71911,44.87713],[-0.72092,44.87875],[-0.71167,44.88456],[-0.71566,44.88771],[-0.71279,44.8895],[-0.7128,44.89157],[-0.72107,44.89298],[-0.72689,44.88808],[-0.73183,44.88646],[-0.73165,44.88283],[-0.73735,44.88109],[-0.73003,44.86687],[-0.72325,44.86684],[-0.71694,44.87003],[-0.71617,44.87045]]]},"properties":{"code_territoire":"iris334490110","libelle_territoire":"Zone d'Activités (Snpe)"}},
{"type":"Feature","geometry":{"type":"Polygon","coordinates":[[[-0.75796,44.86625],[-0.75617,44.87013],[-0.75126,44.87294],[-0.75069,44.87781],[-0.75004,44.88015],[-0.75161,44.8827],[-0.75356,44.88213],[-0.75513,44.88739],[-0.7703,44.88939],[-0.77025,44.88634],[-0.77562,44.88653],[-0.79264,44.89078],[-0.81338,44.87944],[-0.80751,44.87099],[-0.78876,44.86308],[-0.77442,44.86424],[-0.75796,44.86625]]]},"properties":{"code_territoire":"iris334490111","libelle_territoire":"Zone d'Activités (CAEPE-Aérospatiale)"}},
{"type":"Feature","geometry":{"type":"Polygon","coordinates":[[[-0.75513,44.88739],[-0.75667,44.89157],[-0.75689,44.89353],[-0.75379,44.89298],[-0.7547,44.89709],[-0.74976,44.89832],[-0.75355,44.90256],[-0.75804,44.90498],[-0.77415,44.89924],[-0.77336,44.89769],[-0.78145,44.89825],[-0.7805,44.89622],[-0.79264,44.89078],[-0.77562,44.88653],[-0.77025,44.88634],[-0.7703,44.88939],[-0.75513,44.88739]]]},"properties":{"code_territoire":"iris334490112","libelle_territoire":"Issac-Cérillan"}},
{"type":"Feature","geometry":{"type":"Polygon","coordinates":[[[-0.71932,44.84708],[-0.71817,44.8534],[-0.71062,44.85526],[-0.70709,44.86024],[-0.7014,44.86329],[-0.71052,44.86589],[-0.71546,44.8653],[-0.71694,44.87003],[-0.72325,44.86684],[-0.73003,44.86687],[-0.73735,44.88109],[-0.74608,44.88062],[-0.75069,44.87781],[-0.75126,44.87294],[-0.75617,44.87013],[-0.75796,44.86625],[-0.74639,44.85045],[-0.71932,44.84708]]]},"properties":{"code_territoire":"iris334490113","libelle_territoire":"Magudas"}},
{"type":"Feature","geometry":{"type":"Polygon","coordinates":[[[-0.05337,44.26577],[-0.04547,44.27034],[-0.03299,44.27173],[-0.03715,44.28587],[-0.04367,44.29361],[-0.03481,44.29672],[-0.05954,44.32131],[-0.06685,44.32257],[-0.07749,44.33279],[-0.08904,44.31885],[-0.11171,44.30895],[-0.12106,44.29891],[-0.12977,44.29768],[-0.14465,44.2988],[-0.15473,44.29392],[-0.15125,44.29281],[-0.15132,44.29487],[-0.14542,44.28776],[-0.13546,44.28972],[-0.13192,44.28198],[-0.12511,44.28075],[-0.13175,44.26158],[-0.1272,44.24942],[-0.1223,44.24359],[-0.11706,44.24416],[-0.1159,44.25228],[-0.10419,44.27096],[-0.0995,44.2723],[-0.09532,44.271],[-0.09304,44.26889],[-0.09526,44.26766],[-0.09072,44.26602],[-0.08934,44.26792],[-0.08378,44.26894],[-0.06592,44.26618],[-0.05798,44.26733],[-0.05337,44.26577]]]},"properties":{"code_territoire":"iris334500000","libelle_territoire":"Saint-Michel-de-Castelnau (commune non irisée)"}},
{"type":"Feature","geometry":{"type":"Polygon","coordinates":[[[-0.19108,44.8027],[-0.18048,44.813],[-0.17945,44.82057],[-0.18704,44.82086],[-0.19404,44.82512],[-0.20086,44.82292],[-0.20134,44.81996],[-0.20573,44.81868],[-0.20911,44.81452],[-0.20236,44.81276],[-0.20328,44.80534],[-0.19977,44.80066],[-0.19436,44.79941],[-0.19108,44.8027]]]},"properties":{"code_territoire":"iris332570000","libelle_territoire":"Lugaignac (commune non irisée)"}},
{"type":"Feature","geometry":{"type":"Polygon","coordinates":[[[-0.1401,44.76531],[-0.15294,44.76704],[-0.15265,44.77034],[-0.16187,44.77322],[-0.1618,44.77039],[-0.15768,44.76852],[-0.15863,44.76683],[-0.17122,44.75679],[-0.17358,44.75793],[-0.17573,44.75081],[-0.17107,44.74469],[-0.16354,44.74629],[-0.1449,44.74463],[-0.13592,44.74695],[-0.13809,44.75544],[-0.13796,44.76066],[-0.13584,44.76215],[-0.1401,44.76531]]]},"properties":{"code_territoire":"iris332580000","libelle_territoire":"Lugasson (commune non irisée)"}},
{"type":"Feature","geometry":{"type":"Polygon","coordinates":[[[-0.28653,44.94685],[-0.2882,44.93936],[-0.29238,44.94338],[-0.29391,44.93826],[-0.29919,44.93824],[-0.30006,44.94052],[-0.30496,44.93857],[-0.30742,44.93625],[-0.30531,44.93385],[-0.31794,44.9268],[-0.31747,44.91499],[-0.31103,44.90105],[-0.30601,44.90432],[-0.30467,44.91681],[-0.29811,44.92287],[-0.29511,44.92251],[-0.29421,44.92603],[-0.2865,44.93163],[-0.28288,44.93741],[-0.28653,44.94685]]]},"properties":{"code_territoire":"iris334510000","libelle_territoire":"Saint-Michel-de-Fronsac (commune non irisée)"}},
{"type":"Feature","geometry":{"type":"Polygon","coordinates":[[[-0.48872,44.61728],[-0.4536,44.61058],[-0.44619,44.60445],[-0.44041,44.60463],[-0.43193,44.6079],[-0.42341,44.59991],[-0.42274,44.60387],[-0.41052,44.61506],[-0.40189,44.6271],[-0.40612,44.62918],[-0.42203,44.63656],[-0.42884,44.64784],[-0.43125,44.64913],[-0.4417,44.65469],[-0.44997,44.63907],[-0.45824,44.63018],[-0.47762,44.62645],[-0.48856,44.62696],[-0.48872,44.61728]]]},"properties":{"code_territoire":"iris334520000","libelle_territoire":"Saint-Michel-de-Rieufret (commune non irisée)"}},
{"type":"Feature","geometry":{"type":"Polygon","coordinates":[[[0.08206,44.58409],[0.08789,44.58655],[0.11136,44.59026],[0.11698,44.59404],[0.11573,44.59936],[0.1114,44.59798],[0.09756,44.59903],[0.09062,44.60189],[0.08431,44.59933],[0.07979,44.59995],[0.07941,44.59727],[0.07362,44.59607],[0.06907,44.59254],[0.06797,44.58485],[0.05507,44.58432],[0.04222,44.58147],[0.03884,44.57009],[0.04277,44.57039],[0.04364,44.57289],[0.04863,44.5746],[0.0704,44.5769],[0.08206,44.58409]]]},"properties":{"code_territoire":"iris334530000","libelle_territoire":"Saint-Michel-de-Lapujade (commune non irisée)"}},
{"type":"Feature","geometry":{"type":"Polygon","coordinates":[[[-0.48856,44.62696],[-0.48386,44.64491],[-0.48982,44.65215],[-0.50059,44.65749],[-0.4985,44.65997],[-0.50355,44.66208],[-0.51924,44.66306],[-0.52151,44.66493],[-0.53753,44.65638],[-0.54538,44.66086],[-0.54951,44.65268],[-0.56056,44.64323],[-0.56261,44.63017],[-0.54608,44.63136],[-0.52687,44.63003],[-0.52075,44.63167],[-0.51108,44.62413],[-0.48881,44.61241],[-0.48872,44.61728],[-0.48856,44.62696]]]},"properties":{"code_territoire":"iris334540000","libelle_territoire":"Saint-Morillon (commune non irisée)"}},
{"type":"Feature","geometry":{"type":"Polygon","coordinates":[[[-0.38343,44.93914],[-0.37699,44.93693],[-0.36356,44.93832],[-0.34955,44.93502],[-0.34171,44.94984],[-0.32734,44.95222],[-0.32633,44.95547],[-0.33225,44.96269],[-0.3287,44.96612],[-0.335,44.96621],[-0.33501,44.96797],[-0.34168,44.96953],[-0.34872,44.97418],[-0.35467,44.97257],[-0.35761,44.96811],[-0.36193,44.96193],[-0.36067,44.95803],[-0.36452,44.95331],[-0.37485,44.95376],[-0.37995,44.95046],[-0.39084,44.94384],[-0.38343,44.93914]]]},"properties":{"code_territoire":"iris332590000","libelle_territoire":"Lugon-et-l'Île-du-Carnay (commune non irisée)"}},
{"type":"Feature","geometry":{"type":"Polygon","coordinates":[[[-0.84265,44.51821],[-0.84645,44.51946],[-0.84501,44.5208],[-0.84705,44.523],[-0.85342,44.52451],[-0.85185,44.52678],[-0.85599,44.52912],[-0.85366,44.53255],[-0.85766,44.53317],[-0.85832,44.52581],[-0.87873,44.496],[-0.88698,44.49402],[-0.8932,44.48621],[-0.96643,44.47172],[-0.99242,44.46128],[-1.00388,44.44265],[-1.00707,44.44071],[-1.00735,44.43662],[-1.0292,44.42276],[-0.96844,44.42958],[-0.91907,44.44349],[-0.90854,44.45204],[-0.86255,44.46398],[-0.82362,44.4953],[-0.81893,44.50199],[-0.81978,44.50862],[-0.82305,44.50969],[-0.82379,44.50719],[-0.82724,44.50803],[-0.82806,44.51171],[-0.83481,44.5153],[-0.84365,44.5146],[-0.84265,44.51821]]]},"properties":{"code_territoire":"iris332600000","libelle_territoire":"Lugos (commune non irisée)"}},
{"type":"Feature","geometry":{"type":"Polygon","coordinates":[[[-0.59449,45.32123],[-0.60206,45.32153],[-0.60553,45.32427],[-0.61576,45.32343],[-0.62204,45.31904],[-0.63334,45.31856],[-0.63213,45.31396],[-0.62456,45.31003],[-0.62346,45.30592],[-0.61149,45.30274],[-0.59976,45.30326],[-0.60083,45.29938],[-0.58999,45.29606],[-0.58927,45.2913],[-0.58552,45.29168],[-0.5821,45.29142],[-0.58093,45.29576],[-0.57025,45.29568],[-0.568,45.2975],[-0.57109,45.29987],[-0.57408,45.31077],[-0.57578,45.31769],[-0.59199,45.31583],[-0.59449,45.32123]]]},"properties":{"code_territoire":"iris334560000","libelle_territoire":"Saint-Palais (commune non irisée)"}},
{"type":"Feature","geometry":{"type":"Polygon","coordinates":[[[-0.20725,44.56593],[-0.20342,44.55854],[-0.19684,44.5534],[-0.20055,44.53758],[-0.18647,44.53249],[-0.18295,44.53275],[-0.18202,44.53732],[-0.17317,44.54445],[-0.18031,44.56028],[-0.17547,44.56086],[-0.17588,44.56346],[-0.17245,44.56543],[-0.18024,44.56775],[-0.19238,44.56531],[-0.20725,44.56593]]]},"properties":{"code_territoire":"iris334570000","libelle_territoire":"Saint-Pardon-de-Conques (commune non irisée)"}},
{"type":"Feature","geometry":{"type":"Polygon","coordinates":[[[-0.57523,45.16146],[-0.58128,45.15811],[-0.58502,45.16041],[-0.58415,45.16286],[-0.59043,45.16277],[-0.59037,45.16504],[-0.59629,45.16585],[-0.59835,45.16105],[-0.61416,45.15827],[-0.61499,45.15565],[-0.62157,45.15461],[-0.6277,45.14699],[-0.62356,45.14289],[-0.61556,45.14067],[-0.60989,45.1425],[-0.60279,45.14003],[-0.59319,45.14187],[-0.58827,45.14084],[-0.57678,45.1381],[-0.57105,45.13845],[-0.56034,45.13497],[-0.56216,45.14071],[-0.55582,45.15113],[-0.55752,45.15351],[-0.5687,45.15486],[-0.56841,45.1572],[-0.57523,45.16146]]]},"properties":{"code_territoire":"iris334580000","libelle_territoire":"Saint-Paul (commune non irisée)"}},
{"type":"Feature","geometry":{"type":"Polygon","coordinates":[[[-0.13455,44.8551],[-0.1303,44.85288],[-0.13378,44.85041],[-0.13316,44.84536],[-0.13743,44.84353],[-0.13255,44.84134],[-0.11738,44.85036],[-0.11377,44.85],[-0.11115,44.85189],[-0.10491,44.8516],[-0.10465,44.85028],[-0.10045,44.85131],[-0.09965,44.85535],[-0.09563,44.85727],[-0.09557,44.85882],[-0.10185,44.86035],[-0.09792,44.86633],[-0.10393,44.86252],[-0.11401,44.86466],[-0.11731,44.86219],[-0.11954,44.86065],[-0.12608,44.86202],[-0.12841,44.86013],[-0.13429,44.86],[-0.13455,44.8551]]]},"properties":{"code_territoire":"iris334590000","libelle_territoire":"Saint-Pey-d'Armens (commune non irisée)"}},
{"type":"Feature","geometry":{"type":"Polygon","coordinates":[[[-0.12054,44.99066],[-0.12311,44.98867],[-0.11897,44.98801],[-0.1175,44.98085],[-0.11299,44.97688],[-0.11928,44.97549],[-0.11537,44.97161],[-0.1255,44.96346],[-0.12907,44.96353],[-0.12938,44.9598],[-0.12057,44.95524],[-0.11722,44.95189],[-0.12022,44.94974],[-0.10931,44.94234],[-0.09636,44.94246],[-0.09358,44.93696],[-0.08979,44.93682],[-0.08839,44.94021],[-0.0816,44.94083],[-0.06735,44.95112],[-0.06381,44.95161],[-0.05945,44.94977],[-0.05422,44.95335],[-0.04544,44.95465],[-0.04889,44.96021],[-0.05154,44.96638],[-0.05438,44.96669],[-0.06215,44.96511],[-0.06658,44.9621],[-0.06732,44.96484],[-0.07352,44.96783],[-0.07527,44.97228],[-0.08217,44.97522],[-0.08075,44.98156],[-0.08387,44.99207],[-0.08946,44.99609],[-0.095,44.99513],[-0.09699,44.99771],[-0.10493,44.99971],[-0.11308,44.9976],[-0.12054,44.99066]]]},"properties":{"code_territoire":"iris332610000","libelle_territoire":"Lussac (commune non irisée)"}},
{"type":"Feature","geometry":{"type":"Polygon","coordinates":[[[-0.06836,44.7944],[-0.06821,44.79568],[-0.05949,44.79503],[-0.0558,44.79667],[-0.052,44.79495],[-0.04806,44.79724],[-0.04669,44.80012],[-0.05138,44.81861],[-0.05093,44.82033],[-0.0459,44.81932],[-0.04682,44.8234],[-0.04911,44.82366],[-0.04769,44.8263],[-0.05012,44.83178],[-0.05388,44.83425],[-0.05392,44.83674],[-0.04813,44.83905],[-0.05137,44.84714],[-0.06816,44.83839],[-0.06522,44.83608],[-0.06854,44.8282],[-0.07915,44.82313],[-0.08307,44.82408],[-0.08234,44.81081],[-0.08756,44.80491],[-0.08069,44.80158],[-0.07556,44.80167],[-0.07447,44.79862],[-0.06836,44.7944]]]},"properties":{"code_territoire":"iris334600000","libelle_territoire":"Saint-Pey-de-Castets (commune non irisée)"}},
{"type":"Feature","geometry":{"type":"Polygon","coordinates":[[[-0.02931,44.92536],[-0.03225,44.92402],[-0.04703,44.92843],[-0.04879,44.92119],[-0.05189,44.91829],[-0.06113,44.9178],[-0.06207,44.91505],[-0.06612,44.91323],[-0.05614,44.91113],[-0.03997,44.90454],[-0.03407,44.90585],[-0.02619,44.90567],[-0.02297,44.90786],[-0.01484,44.90917],[-0.02302,44.91494],[-0.02004,44.91639],[-0.02225,44.92663],[-0.02931,44.92536]]]},"properties":{"code_territoire":"iris334610000","libelle_territoire":"Saint-Philippe-d'Aiguille (commune non irisée)"}},
{"type":"Feature","geometry":{"type":"Polygon","coordinates":[[[0.26385,44.82646],[0.25952,44.83517],[0.25204,44.83669],[0.25371,44.83548],[0.25331,44.8278],[0.23782,44.8317],[0.23589,44.8245],[0.24575,44.8227],[0.25093,44.81953],[0.24908,44.81681],[0.25146,44.81376],[0.26107,44.81401],[0.2613,44.81194],[0.26593,44.8127],[0.26643,44.81955],[0.26385,44.82646]]]},"properties":{"code_territoire":"iris334620000","libelle_territoire":"Saint-Philippe-du-Seignal (commune non irisée)"}},
{"type":"Feature","geometry":{"type":"Polygon","coordinates":[[[-0.18024,44.56775],[-0.17441,44.56773],[-0.17811,44.57516],[-0.17648,44.57969],[-0.18247,44.58665],[-0.18257,44.59142],[-0.20078,44.59613],[-0.20317,44.58495],[-0.20723,44.58291],[-0.20904,44.57278],[-0.20669,44.57195],[-0.20725,44.56593],[-0.19238,44.56531],[-0.18024,44.56775]]]},"properties":{"code_territoire":"iris334630000","libelle_territoire":"Saint-Pierre-d'Aurillac (commune non irisée)"}},
{"type":"Feature","geometry":{"type":"Polygon","coordinates":[[[-0.19812,44.68309],[-0.2129,44.6848],[-0.21676,44.68213],[-0.22649,44.68213],[-0.23032,44.6838],[-0.23483,44.68162],[-0.2426,44.66943],[-0.24404,44.66488],[-0.24144,44.66156],[-0.23377,44.66017],[-0.22534,44.65245],[-0.21756,44.65894],[-0.20954,44.65596],[-0.20258,44.65963],[-0.20273,44.66865],[-0.19797,44.67261],[-0.19998,44.67484],[-0.19604,44.67824],[-0.19961,44.68118],[-0.19812,44.68309]]]},"properties":{"code_territoire":"iris334640000","libelle_territoire":"Saint-Pierre-de-Bat (commune non irisée)"}},
{"type":"Feature","geometry":{"type":"Polygon","coordinates":[[[-0.64901,44.99955],[-0.6535,44.99759],[-0.65374,44.9949],[-0.66135,44.98819],[-0.66011,44.98268],[-0.65089,44.98347],[-0.65027,44.98119],[-0.64024,44.98292],[-0.62785,44.9874],[-0.62809,44.99058],[-0.62018,44.99236],[-0.60655,44.99244],[-0.60065,44.9887],[-0.60048,44.99208],[-0.59344,44.99434],[-0.59357,44.99656],[-0.59004,44.99913],[-0.5621,44.99026],[-0.56198,44.99241],[-0.55741,44.99447],[-0.55585,44.9954],[-0.55793,44.99981],[-0.58496,45.01455],[-0.59526,45.02424],[-0.60903,45.01874],[-0.63719,45.04095],[-0.64009,45.03937],[-0.6446,45.0413],[-0.64868,45.04061],[-0.6395,45.03494],[-0.63634,45.02901],[-0.61816,45.01819],[-0.62481,45.01329],[-0.63585,45.00989],[-0.64401,44.9995],[-0.64901,44.99955]]]},"properties":{"code_territoire":"iris332620000","libelle_territoire":"Macau (commune non irisée)"}},
{"type":"Feature","geometry":{"type":"Polygon","coordinates":[[[-0.23767,44.55873],[-0.23571,44.55767],[-0.23149,44.55703],[-0.22952,44.55318],[-0.22636,44.54428],[-0.22663,44.53753],[-0.2108,44.52347],[-0.19964,44.52068],[-0.19823,44.52502],[-0.20055,44.53758],[-0.19684,44.5534],[-0.20342,44.55854],[-0.20725,44.56593],[-0.21826,44.56329],[-0.22919,44.55951],[-0.23767,44.55873]]]},"properties":{"code_territoire":"iris334650000","libelle_territoire":"Saint-Pierre-de-Mons (commune non irisée)"}},
{"type":"Feature","geometry":{"type":"Polygon","coordinates":[[[-0.25305,44.8318],[-0.25518,44.82977],[-0.2596,44.83087],[-0.27472,44.82845],[-0.29475,44.8325],[-0.30021,44.8267],[-0.30221,44.81808],[-0.30667,44.81324],[-0.30581,44.80917],[-0.3104,44.80427],[-0.30728,44.80306],[-0.30199,44.80311],[-0.30033,44.80578],[-0.29338,44.80511],[-0.2914,44.80844],[-0.28066,44.80774],[-0.28053,44.8051],[-0.27146,44.80514],[-0.26889,44.80691],[-0.26922,44.81085],[-0.2638,44.81374],[-0.26158,44.81895],[-0.25702,44.81992],[-0.25859,44.82343],[-0.25495,44.82928],[-0.25178,44.83004],[-0.25305,44.8318]]]},"properties":{"code_territoire":"iris334660000","libelle_territoire":"Saint-Quentin-de-Baron (commune non irisée)"}},
{"type":"Feature","geometry":{"type":"Polygon","coordinates":[[[0.1289,44.77838],[0.1449,44.78353],[0.159,44.78265],[0.16239,44.789],[0.15915,44.79588],[0.16614,44.80235],[0.16497,44.8078],[0.16512,44.8088],[0.16134,44.8101],[0.15778,44.80799],[0.14784,44.80739],[0.13113,44.81211],[0.12961,44.80905],[0.13134,44.80455],[0.12827,44.80352],[0.12181,44.80236],[0.10779,44.80538],[0.10698,44.80414],[0.10794,44.79518],[0.11375,44.79171],[0.11721,44.78497],[0.11994,44.78432],[0.12524,44.77804],[0.1289,44.77838]]]},"properties":{"code_territoire":"iris334670000","libelle_territoire":"Saint-Quentin-de-Caplong (commune non irisée)"}},
{"type":"Feature","geometry":{"type":"Polygon","coordinates":[[[-0.40521,44.76372],[-0.40576,44.75259],[-0.4,44.74909],[-0.39166,44.75059],[-0.39226,44.75305],[-0.38573,44.76166],[-0.3871,44.76431],[-0.39574,44.76289],[-0.40521,44.76372]]]},"properties":{"code_territoire":"iris332630000","libelle_territoire":"Madirac (commune non irisée)"}},
{"type":"Feature","geometry":{"type":"Polygon","coordinates":[[[-0.24567,45.10821],[-0.25147,45.10195],[-0.27266,45.09277],[-0.27549,45.088],[-0.27843,45.08877],[-0.28095,45.0855],[-0.27991,45.07442],[-0.28533,45.06904],[-0.28757,45.06941],[-0.2901,45.06615],[-0.2976,45.06608],[-0.30423,45.06242],[-0.30694,45.0572],[-0.30408,45.05409],[-0.29749,45.05763],[-0.29242,45.05799],[-0.29038,45.0559],[-0.28724,45.05668],[-0.2839,45.05454],[-0.28347,45.05128],[-0.27403,45.04873],[-0.27416,45.04408],[-0.27155,45.04093],[-0.25958,45.04609],[-0.25046,45.04023],[-0.24534,45.04355],[-0.2435,45.05173],[-0.23586,45.05321],[-0.22838,45.05185],[-0.22046,45.06703],[-0.21946,45.07389],[-0.21532,45.07617],[-0.21712,45.07895],[-0.21316,45.08422],[-0.22057,45.08953],[-0.22085,45.09169],[-0.23388,45.09424],[-0.22124,45.10793],[-0.23132,45.10937],[-0.24567,45.10821]]]},"properties":{"code_territoire":"iris332640000","libelle_territoire":"Maransin (commune non irisée)"}},
{"type":"Feature","geometry":{"type":"Polygon","coordinates":[[[0.03629,44.78005],[0.03402,44.78825],[0.03615,44.79043],[0.05121,44.79579],[0.06164,44.79689],[0.06113,44.80206],[0.04988,44.8014],[0.04985,44.80358],[0.04538,44.8048],[0.04379,44.80742],[0.03084,44.81205],[0.02781,44.81772],[0.02111,44.82032],[0.01254,44.81936],[0.01166,44.8276],[0.00545,44.83219],[0.00257,44.82107],[-0.00316,44.81131],[-0.00683,44.80738],[-0.00505,44.8048],[0.01994,44.79334],[0.01779,44.79012],[0.02376,44.77698],[0.03629,44.78005]]]},"properties":{"code_territoire":"iris334680000","libelle_territoire":"Sainte-Radegonde (commune non irisée)"}},
{"type":"Feature","geometry":{"type":"Polygon","coordinates":[[[-0.39084,44.94384],[-0.37995,44.95046],[-0.38352,44.95647],[-0.38272,44.9595],[-0.38641,44.96073],[-0.38886,44.96512],[-0.38372,44.96941],[-0.39774,44.97485],[-0.40553,44.9755],[-0.40935,44.97084],[-0.41247,44.97022],[-0.43197,44.9607],[-0.455,44.95324],[-0.45172,44.94536],[-0.4441,44.94662],[-0.44518,44.95199],[-0.44249,44.95265],[-0.43582,44.94988],[-0.43509,44.95462],[-0.41221,44.96235],[-0.408,44.95622],[-0.40602,44.95664],[-0.4032,44.9534],[-0.39813,44.95193],[-0.3995,44.94719],[-0.39084,44.94384]]]},"properties":{"code_territoire":"iris334700000","libelle_territoire":"Saint-Romain-la-Virvée (commune non irisée)"}},
{"type":"Feature","geometry":{"type":"Polygon","coordinates":[[[-0.79016,45.17478],[-0.78564,45.18786],[-0.78763,45.18926],[-0.78612,45.20043],[-0.78995,45.20879],[-0.79359,45.21044],[-0.79683,45.21234],[-0.79714,45.22138],[-0.81371,45.21668],[-0.83574,45.21343],[-0.84332,45.20894],[-0.84498,45.20541],[-0.85891,45.20052],[-0.85414,45.19426],[-0.85896,45.18734],[-0.84763,45.18578],[-0.83994,45.17602],[-0.82774,45.17475],[-0.81766,45.17586],[-0.80908,45.17158],[-0.80073,45.17253],[-0.79559,45.17138],[-0.79257,45.17503],[-0.79016,45.17478]]]},"properties":{"code_territoire":"iris334710000","libelle_territoire":"Saint-Sauveur (commune non irisée)"}},
{"type":"Feature","geometry":{"type":"Polygon","coordinates":[[[-0.00942,44.9973],[-0.01515,44.99784],[-0.02176,45.00288],[-0.02279,45.00785],[-0.03077,45.00594],[-0.0433,45.00569],[-0.04438,44.9976],[-0.05047,44.99798],[-0.0514,44.99581],[-0.05019,44.98389],[-0.04235,44.98638],[-0.02011,44.98662],[-0.01739,44.99479],[-0.01326,44.99327],[-0.00942,44.9973]]]},"properties":{"code_territoire":"iris334720000","libelle_territoire":"Saint-Sauveur-de-Puynormand (commune non irisée)"}},
{"type":"Feature","geometry":{"type":"Polygon","coordinates":[[[-0.47948,45.13404],[-0.46927,45.13412],[-0.45903,45.13028],[-0.4561,45.12824],[-0.46034,45.12225],[-0.45433,45.11886],[-0.45158,45.12016],[-0.44203,45.1199],[-0.44151,45.11869],[-0.43366,45.12141],[-0.42788,45.1271],[-0.42508,45.13355],[-0.4229,45.13793],[-0.42584,45.14144],[-0.42284,45.15169],[-0.4124,45.17005],[-0.41477,45.1742],[-0.41238,45.17508],[-0.4121,45.17782],[-0.39897,45.17923],[-0.40294,45.1904],[-0.41759,45.20389],[-0.42342,45.20049],[-0.43929,45.19878],[-0.4652,45.20205],[-0.47605,45.20068],[-0.4819,45.19789],[-0.49091,45.19818],[-0.47985,45.19411],[-0.47088,45.19418],[-0.45974,45.19531],[-0.4549,45.19143],[-0.45316,45.18594],[-0.45697,45.18328],[-0.4585,45.17633],[-0.45381,45.1678],[-0.45996,45.16164],[-0.46725,45.15926],[-0.47188,45.15398],[-0.47498,45.14578],[-0.48036,45.14009],[-0.47899,45.13813],[-0.48166,45.13379],[-0.47948,45.13404]]]},"properties":{"code_territoire":"iris334730000","libelle_territoire":"Saint-Savin (commune non irisée)"}},
{"type":"Feature","geometry":{"type":"Polygon","coordinates":[[[-0.33828,45.044],[-0.32436,45.04635],[-0.31959,45.04999],[-0.32125,45.05382],[-0.32484,45.05414],[-0.32976,45.06626],[-0.33458,45.07048],[-0.34145,45.07553],[-0.34133,45.07787],[-0.34546,45.077],[-0.34993,45.07832],[-0.35276,45.08222],[-0.35416,45.08215],[-0.35648,45.07153],[-0.36006,45.06938],[-0.3611,45.06148],[-0.36491,45.05625],[-0.36241,45.04736],[-0.35047,45.04601],[-0.33828,45.044]]]},"properties":{"code_territoire":"iris332660000","libelle_territoire":"Marcenais (commune non irisée)"}},
{"type":"Feature","geometry":{"type":"Polygon","coordinates":[[[-0.45721,44.66867],[-0.47955,44.67928],[-0.47981,44.68207],[-0.47445,44.68699],[-0.47785,44.68521],[-0.48107,44.68858],[-0.49117,44.68618],[-0.48507,44.6829],[-0.49346,44.67381],[-0.49485,44.66512],[-0.49798,44.66564],[-0.50355,44.66208],[-0.4985,44.65997],[-0.50059,44.65749],[-0.48982,44.65215],[-0.48386,44.64491],[-0.48856,44.62696],[-0.47762,44.62645],[-0.45824,44.63018],[-0.44997,44.63907],[-0.4417,44.65469],[-0.45721,44.66867]]]},"properties":{"code_territoire":"iris334740000","libelle_territoire":"Saint-Selve (commune non irisée)"}},
{"type":"Feature","geometry":{"type":"Polygon","coordinates":[[[-0.59057,45.03789],[-0.58187,45.04825],[-0.57781,45.04631],[-0.57552,45.04909],[-0.56829,45.05139],[-0.56803,45.05829],[-0.57328,45.05844],[-0.57618,45.06396],[-0.58073,45.06475],[-0.58051,45.06197],[-0.58591,45.05541],[-0.59199,45.05151],[-0.5893,45.05076],[-0.59877,45.04265],[-0.59569,45.04125],[-0.59675,45.04018],[-0.59057,45.03789]]]},"properties":{"code_territoire":"iris334750000","libelle_territoire":"Saint-Seurin-de-Bourg (commune non irisée)"}},
{"type":"Feature","geometry":{"type":"Polygon","coordinates":[[[-0.83244,45.27432],[-0.80718,45.27571],[-0.77976,45.27775],[-0.76631,45.28253],[-0.7672,45.28386],[-0.73743,45.28644],[-0.74872,45.31274],[-0.79182,45.30942],[-0.81892,45.30579],[-0.81894,45.29837],[-0.82345,45.29969],[-0.8335,45.29625],[-0.8376,45.29304],[-0.838,45.29102],[-0.83525,45.28946],[-0.83608,45.28504],[-0.83426,45.28295],[-0.82955,45.28339],[-0.82768,45.27948],[-0.83244,45.27432]]]},"properties":{"code_territoire":"iris334760000","libelle_territoire":"Saint-Seurin-de-Cadourne (commune non irisée)"}},
{"type":"Feature","geometry":{"type":"Polygon","coordinates":[[[-0.6277,45.14699],[-0.62157,45.15461],[-0.61499,45.15565],[-0.61416,45.15827],[-0.62332,45.16485],[-0.62979,45.16518],[-0.63586,45.16824],[-0.63432,45.16409],[-0.63582,45.15189],[-0.6321,45.14794],[-0.6277,45.14699]]]},"properties":{"code_territoire":"iris334770000","libelle_territoire":"Saint-Seurin-de-Cursac (commune non irisée)"}},
{"type":"Feature","geometry":{"type":"Polygon","coordinates":[[[0.01648,45.02655],[0.01236,45.02764],[0.00405,45.02391],[0.00065,45.02404],[-0.00311,45.01629],[-0.01165,45.01851],[-0.01475,45.02427],[-0.01973,45.02287],[-0.02495,45.01784],[-0.02783,45.01808],[-0.02279,45.00785],[-0.02176,45.00288],[-0.01515,44.99784],[-0.00942,44.9973],[-0.0065,45.00329],[0.00155,45.00142],[0.00178,44.99417],[0.00749,44.99094],[0.00867,44.99467],[0.01995,45.00393],[0.01729,45.01402],[0.01626,45.01627],[0.02017,45.024],[0.01648,45.02655]]]},"properties":{"code_territoire":"iris334780000","libelle_territoire":"Saint-Seurin-sur-l'Isle (commune non irisée)"}},
{"type":"Feature","geometry":{"type":"Polygon","coordinates":[[[-0.65295,45.05926],[-0.65697,45.05699],[-0.6666,45.06089],[-0.69419,45.04546],[-0.69751,45.04046],[-0.69829,45.03367],[-0.70831,45.03449],[-0.71142,45.03329],[-0.7111,45.03173],[-0.71915,45.02732],[-0.72174,45.02262],[-0.71485,45.01944],[-0.71473,45.0148],[-0.70728,45.01664],[-0.67989,45.01519],[-0.67479,45.01726],[-0.6686,45.01735],[-0.66357,45.01461],[-0.66107,45.01504],[-0.65683,45.01169],[-0.65452,45.0186],[-0.64278,45.02128],[-0.63841,45.02437],[-0.64063,45.02728],[-0.63948,45.0291],[-0.63634,45.02901],[-0.6395,45.03494],[-0.64868,45.04061],[-0.6446,45.0413],[-0.64009,45.03937],[-0.63719,45.04095],[-0.63582,45.0416],[-0.63836,45.04412],[-0.65295,45.05926]]]},"properties":{"code_territoire":"iris332680000","libelle_territoire":"Margaux-Cantenac (commune non irisée)"}},
{"type":"Feature","geometry":{"type":"Polygon","coordinates":[[[0.22506,44.76124],[0.22642,44.76452],[0.23188,44.76406],[0.23337,44.76567],[0.23525,44.76371],[0.24021,44.76312],[0.24467,44.75292],[0.25163,44.75031],[0.27425,44.75396],[0.28071,44.7533],[0.28383,44.75611],[0.29211,44.75871],[0.29485,44.75754],[0.29733,44.76276],[0.2864,44.76834],[0.2838,44.77286],[0.27793,44.77516],[0.27707,44.78116],[0.2737,44.78364],[0.26862,44.78197],[0.25741,44.77294],[0.2532,44.77504],[0.25595,44.77856],[0.25118,44.77983],[0.25019,44.77672],[0.2362,44.77208],[0.23134,44.77728],[0.22584,44.77894],[0.21462,44.77861],[0.21351,44.7766],[0.21482,44.77582],[0.20997,44.76873],[0.21947,44.76588],[0.22506,44.76124]]]},"properties":{"code_territoire":"iris332690000","libelle_territoire":"Margueron (commune non irisée)"}},
{"type":"Feature","geometry":{"type":"Polygon","coordinates":[[[-0.03931,44.60489],[-0.04033,44.6],[-0.03675,44.5991],[-0.03703,44.59596],[-0.01918,44.59468],[-0.01638,44.59695],[-0.01864,44.59751],[-0.01596,44.60186],[-0.00626,44.60598],[-0.015,44.60922],[-0.00874,44.62182],[-0.012,44.62003],[-0.01845,44.62115],[-0.02119,44.6181],[-0.02635,44.61889],[-0.02819,44.61722],[-0.0271,44.61298],[-0.0352,44.61437],[-0.03817,44.61178],[-0.03931,44.60489]]]},"properties":{"code_territoire":"iris334790000","libelle_territoire":"Saint-Sève (commune non irisée)"}},
{"type":"Feature","geometry":{"type":"Polygon","coordinates":[[[-0.18808,44.83257],[-0.18313,44.833],[-0.17696,44.83751],[-0.1705,44.83947],[-0.16581,44.84088],[-0.16737,44.84869],[-0.15966,44.85555],[-0.1592,44.85983],[-0.16444,44.8608],[-0.16244,44.87764],[-0.18467,44.8873],[-0.20821,44.88982],[-0.20419,44.88028],[-0.21936,44.85437],[-0.21706,44.85166],[-0.20772,44.84772],[-0.19415,44.83515],[-0.18808,44.83257]]]},"properties":{"code_territoire":"iris334800000","libelle_territoire":"Saint-Sulpice-de-Faleyrens (commune non irisée)"}},
{"type":"Feature","geometry":{"type":"Polygon","coordinates":[[[0.06871,44.63533],[0.05695,44.64456],[0.05636,44.64736],[0.05308,44.64471],[0.04387,44.64434],[0.04384,44.64628],[0.03996,44.64294],[0.03025,44.64126],[0.03957,44.63196],[0.03856,44.62556],[0.03152,44.61838],[0.03273,44.60469],[0.03981,44.61294],[0.04412,44.6108],[0.04736,44.61677],[0.05085,44.6222],[0.05545,44.62104],[0.05572,44.62345],[0.06125,44.62503],[0.0635,44.63205],[0.06871,44.63533]]]},"properties":{"code_territoire":"iris334810000","libelle_territoire":"Saint-Sulpice-de-Guilleragues (commune non irisée)"}},
{"type":"Feature","geometry":{"type":"Polygon","coordinates":[[[-0.09334,44.66327],[-0.09036,44.66314],[-0.09222,44.66697],[-0.08835,44.67101],[-0.09131,44.67137],[-0.08984,44.67605],[-0.08642,44.67643],[-0.08912,44.67812],[-0.08826,44.68223],[-0.10529,44.68476],[-0.11198,44.69203],[-0.11891,44.69296],[-0.12369,44.6915],[-0.12285,44.68933],[-0.1338,44.688],[-0.13652,44.6805],[-0.13834,44.68026],[-0.13672,44.66851],[-0.13355,44.66662],[-0.12488,44.66456],[-0.11218,44.66539],[-0.10137,44.65901],[-0.09799,44.65941],[-0.09939,44.66142],[-0.09589,44.6608],[-0.09334,44.66327]]]},"properties":{"code_territoire":"iris334820000","libelle_territoire":"Saint-Sulpice-de-Pommiers (commune non irisée)"}},
{"type":"Feature","geometry":{"type":"Polygon","coordinates":[[[-0.2321,44.40658],[-0.24011,44.4077],[-0.24271,44.41201],[-0.24773,44.41386],[-0.24911,44.41907],[-0.24512,44.42339],[-0.25683,44.42798],[-0.2585,44.42239],[-0.26344,44.41941],[-0.2825,44.41323],[-0.27596,44.41087],[-0.27805,44.40555],[-0.27131,44.40098],[-0.27078,44.39642],[-0.24449,44.39983],[-0.23608,44.40415],[-0.2321,44.40658]]]},"properties":{"code_territoire":"iris332700000","libelle_territoire":"Marimbault (commune non irisée)"}},
{"type":"Feature","geometry":{"type":"Polygon","coordinates":[[[-0.35238,44.89871],[-0.36433,44.90204],[-0.36184,44.90845],[-0.36484,44.91294],[-0.37045,44.91401],[-0.36898,44.91091],[-0.37606,44.91178],[-0.38154,44.91324],[-0.37992,44.91544],[-0.38751,44.92088],[-0.39557,44.92056],[-0.39143,44.92781],[-0.39579,44.9293],[-0.40204,44.92323],[-0.40741,44.92094],[-0.40934,44.91378],[-0.40763,44.90239],[-0.4115,44.89238],[-0.40957,44.88125],[-0.39013,44.88471],[-0.38497,44.88149],[-0.37357,44.88803],[-0.37116,44.88672],[-0.35041,44.88958],[-0.3491,44.894],[-0.35238,44.89871]]]},"properties":{"code_territoire":"iris334830000","libelle_territoire":"Saint-Sulpice-et-Cameyrac (commune non irisée)"}},
{"type":"Feature","geometry":{"type":"Polygon","coordinates":[[[-0.62732,44.42927],[-0.62596,44.4072],[-0.64235,44.40013],[-0.63179,44.39967],[-0.57073,44.38251],[-0.56078,44.37488],[-0.52812,44.36454],[-0.52807,44.3746],[-0.52418,44.37443],[-0.51689,44.37952],[-0.5081,44.37924],[-0.49255,44.3826],[-0.47534,44.38862],[-0.46052,44.38856],[-0.45868,44.39474],[-0.459,44.40049],[-0.47051,44.4005],[-0.46995,44.40767],[-0.47993,44.41212],[-0.47452,44.42101],[-0.47465,44.42229],[-0.48112,44.42201],[-0.48005,44.42461],[-0.47594,44.42533],[-0.47612,44.4302],[-0.46985,44.4319],[-0.47264,44.4378],[-0.48297,44.43556],[-0.48582,44.44405],[-0.48175,44.4463],[-0.47788,44.45753],[-0.47974,44.45737],[-0.48141,44.46487],[-0.5011,44.47289],[-0.50656,44.47416],[-0.50495,44.47825],[-0.50917,44.48026],[-0.5264,44.48294],[-0.52352,44.4849],[-0.52413,44.4875],[-0.52972,44.48543],[-0.54477,44.48748],[-0.5508,44.48527],[-0.55896,44.46924],[-0.56535,44.46795],[-0.57671,44.46869],[-0.57677,44.46687],[-0.58471,44.46536],[-0.58717,44.4627],[-0.58226,44.45897],[-0.57489,44.45885],[-0.56637,44.45104],[-0.56272,44.45036],[-0.56376,44.44276],[-0.58379,44.43241],[-0.61133,44.4318],[-0.61047,44.42882],[-0.62732,44.42927]]]},"properties":{"code_territoire":"iris334840000","libelle_territoire":"Saint-Symphorien (commune non irisée)"}},
{"type":"Feature","geometry":{"type":"Polygon","coordinates":[[[-0.11145,44.82185],[-0.10531,44.82254],[-0.09152,44.83021],[-0.08285,44.83348],[-0.08483,44.83709],[-0.08696,44.83729],[-0.08756,44.84287],[-0.09156,44.84212],[-0.10045,44.85131],[-0.10465,44.85028],[-0.10491,44.8516],[-0.11115,44.85189],[-0.11377,44.85],[-0.11738,44.85036],[-0.13255,44.84134],[-0.13743,44.84353],[-0.14239,44.84276],[-0.14453,44.83789],[-0.1478,44.83949],[-0.1495,44.83723],[-0.15728,44.83484],[-0.15877,44.83204],[-0.15544,44.8251],[-0.14731,44.82105],[-0.14465,44.81904],[-0.14088,44.81499],[-0.13496,44.81372],[-0.12559,44.82281],[-0.11145,44.82185]]]},"properties":{"code_territoire":"iris334850000","libelle_territoire":"Sainte-Terre (commune non irisée)"}},
{"type":"Feature","geometry":{"type":"Polygon","coordinates":[[[-0.08576,44.33761],[-0.07882,44.3537],[-0.08286,44.35672],[-0.07905,44.36516],[-0.07374,44.36434],[-0.06585,44.37055],[-0.0691,44.37389],[-0.06552,44.37787],[-0.0694,44.37982],[-0.07319,44.38091],[-0.07332,44.38452],[-0.07966,44.38792],[-0.07967,44.39034],[-0.07272,44.39053],[-0.07268,44.39478],[-0.07615,44.39712],[-0.07096,44.39912],[-0.07346,44.40335],[-0.0766,44.4077],[-0.07741,44.40569],[-0.08144,44.40646],[-0.08197,44.40468],[-0.08454,44.40505],[-0.0868,44.40197],[-0.09506,44.40828],[-0.10538,44.40627],[-0.10403,44.40391],[-0.09342,44.40011],[-0.09348,44.398],[-0.09654,44.39784],[-0.0962,44.39585],[-0.10215,44.3928],[-0.11069,44.37208],[-0.10217,44.37112],[-0.10405,44.34326],[-0.08576,44.33761]]]},"properties":{"code_territoire":"iris332710000","libelle_territoire":"Marions (commune non irisée)"}},
{"type":"Feature","geometry":{"type":"Polygon","coordinates":[[[-0.5906,45.10064],[-0.59281,45.09339],[-0.59142,45.08413],[-0.58935,45.08402],[-0.59009,45.08174],[-0.58348,45.08064],[-0.58126,45.07831],[-0.57604,45.08352],[-0.56662,45.0832],[-0.56575,45.08676],[-0.56365,45.0893],[-0.56968,45.08947],[-0.571,45.09138],[-0.57464,45.0917],[-0.5721,45.0981],[-0.57677,45.09844],[-0.57901,45.0967],[-0.58612,45.10095],[-0.58856,45.09926],[-0.5906,45.10064]]]},"properties":{"code_territoire":"iris334860000","libelle_territoire":"Saint-Trojan (commune non irisée)"}},
{"type":"Feature","geometry":{"type":"Polygon","coordinates":[[[-0.49475,45.00298],[-0.49998,44.99523],[-0.50495,44.997],[-0.50804,44.98757],[-0.5075,44.9853],[-0.50184,44.98474],[-0.49686,44.96767],[-0.48491,44.95641],[-0.48009,44.95551],[-0.47566,44.95178],[-0.47821,44.94628],[-0.47085,44.94161],[-0.47215,44.93906],[-0.46401,44.93639],[-0.46305,44.94686],[-0.4588,44.94979],[-0.4597,44.95196],[-0.455,44.95324],[-0.47018,44.97156],[-0.47282,44.98029],[-0.47492,44.99588],[-0.47874,45.00075],[-0.48321,45.00283],[-0.49104,45.00434],[-0.49475,45.00298]]]},"properties":{"code_territoire":"iris334870000","libelle_territoire":"Saint-Vincent-de-Paul (commune non irisée)"}},
{"type":"Feature","geometry":{"type":"Polygon","coordinates":[[[-0.10901,44.77919],[-0.10341,44.78893],[-0.10344,44.79269],[-0.09258,44.80543],[-0.09809,44.80799],[-0.09693,44.81077],[-0.10531,44.82254],[-0.11145,44.82185],[-0.11749,44.80542],[-0.12208,44.80547],[-0.12148,44.80189],[-0.12513,44.80188],[-0.13364,44.7945],[-0.13154,44.79041],[-0.12494,44.78698],[-0.12471,44.78453],[-0.11469,44.77932],[-0.10913,44.77919],[-0.10901,44.77919]]]},"properties":{"code_territoire":"iris334880000","libelle_territoire":"Saint-Vincent-de-Pertignas (commune non irisée)"}},
{"type":"Feature","geometry":{"type":"Polygon","coordinates":[[[-0.48153,45.10156],[-0.48112,45.10448],[-0.48198,45.1061],[-0.49255,45.10822],[-0.49186,45.11048],[-0.4974,45.11099],[-0.49707,45.1122],[-0.50464,45.11516],[-0.50862,45.11374],[-0.51289,45.1151],[-0.51615,45.10928],[-0.52489,45.11234],[-0.52936,45.10831],[-0.52657,45.10657],[-0.53006,45.10458],[-0.53146,45.09963],[-0.52948,45.09552],[-0.51848,45.09544],[-0.51682,45.09811],[-0.51034,45.09894],[-0.50419,45.09655],[-0.49236,45.09521],[-0.48855,45.10109],[-0.48153,45.10156]]]},"properties":{"code_territoire":"iris334890000","libelle_territoire":"Saint-Vivien-de-Blaye (commune non irisée)"}},
{"type":"Feature","geometry":{"type":"Polygon","coordinates":[[[-0.92654,45.49613],[-0.96008,45.52282],[-1.0244,45.47619],[-1.02625,45.47686],[-1.03591,45.4659],[-1.04182,45.46325],[-1.04067,45.46049],[-1.04365,45.45999],[-1.04569,45.45664],[-1.05105,45.45703],[-1.05527,45.45372],[-1.05387,45.4486],[-1.05809,45.44525],[-1.06082,45.43915],[-1.05447,45.43722],[-1.06024,45.43341],[-1.06066,45.42973],[-1.06845,45.42356],[-1.06629,45.41805],[-1.06223,45.41468],[-1.03868,45.41309],[-1.03848,45.41507],[-1.02521,45.4176],[-1.01838,45.41423],[-1.01863,45.42828],[-1.00912,45.42685],[-0.97921,45.45888],[-0.92654,45.49613]]]},"properties":{"code_territoire":"iris334900000","libelle_territoire":"Saint-Vivien-de-Médoc (commune non irisée)"}},
{"type":"Feature","geometry":{"type":"Polygon","coordinates":[[[-0.35521,45.08157],[-0.35831,45.07819],[-0.36356,45.07803],[-0.37342,45.07449],[-0.38327,45.07461],[-0.38941,45.07755],[-0.38849,45.0726],[-0.39415,45.06885],[-0.40052,45.05961],[-0.39429,45.06013],[-0.39172,45.05874],[-0.39053,45.05161],[-0.38781,45.05275],[-0.38069,45.05144],[-0.38154,45.0471],[-0.37798,45.04344],[-0.36288,45.04496],[-0.36241,45.04736],[-0.36491,45.05625],[-0.3611,45.06148],[-0.36006,45.06938],[-0.35648,45.07153],[-0.35416,45.08215],[-0.35521,45.08157]]]},"properties":{"code_territoire":"iris332720000","libelle_territoire":"Marsas (commune non irisée)"}},
{"type":"Feature","geometry":{"type":"Polygon","coordinates":[[[-0.83634,44.84076],[-0.7875,44.8391],[-0.7858,44.84309],[-0.77953,44.84232],[-0.77897,44.84635],[-0.77428,44.84435],[-0.77442,44.86424],[-0.78876,44.86308],[-0.81671,44.8607],[-0.83712,44.85546],[-0.8548,44.84798],[-0.83634,44.84076]]]},"properties":{"code_territoire":"iris332730101","libelle_territoire":"Nord"}},
{"type":"Feature","geometry":{"type":"Polygon","coordinates":[[[0.11698,44.59404],[0.12311,44.59685],[0.13514,44.60794],[0.15104,44.60873],[0.15457,44.61358],[0.1551,44.61519],[0.15116,44.61723],[0.14492,44.62629],[0.13924,44.62721],[0.12162,44.63148],[0.12326,44.63683],[0.11584,44.6394],[0.11432,44.63514],[0.10583,44.63443],[0.10361,44.62991],[0.09952,44.63146],[0.0974,44.62957],[0.09289,44.63219],[0.08866,44.63075],[0.09127,44.62503],[0.08651,44.61334],[0.09062,44.60189],[0.09756,44.59903],[0.1114,44.59798],[0.11573,44.59936],[0.11698,44.59404]]]},"properties":{"code_territoire":"iris334910000","libelle_territoire":"Saint-Vivien-de-Monségur (commune non irisée)"}},
{"type":"Feature","geometry":{"type":"Polygon","coordinates":[[[-0.39897,45.17923],[-0.4121,45.17782],[-0.41238,45.17508],[-0.41477,45.1742],[-0.4124,45.17005],[-0.42284,45.15169],[-0.42584,45.14144],[-0.4229,45.13793],[-0.42508,45.13355],[-0.41455,45.13034],[-0.39689,45.13674],[-0.38543,45.138],[-0.38424,45.1409],[-0.38348,45.14355],[-0.39728,45.16996],[-0.39704,45.17708],[-0.39897,45.17923]]]},"properties":{"code_territoire":"iris334920000","libelle_territoire":"Saint-Yzan-de-Soudiac (commune non irisée)"}},
{"type":"Feature","geometry":{"type":"Polygon","coordinates":[[[-0.74872,45.31274],[-0.75268,45.32177],[-0.76774,45.35491],[-0.80895,45.34935],[-0.81601,45.34071],[-0.818,45.34137],[-0.82141,45.3391],[-0.82288,45.34021],[-0.83092,45.33292],[-0.8358,45.33507],[-0.83836,45.33197],[-0.84677,45.33138],[-0.85006,45.32709],[-0.84019,45.3223],[-0.83418,45.32165],[-0.83414,45.31964],[-0.82864,45.31591],[-0.82591,45.31687],[-0.79667,45.30925],[-0.79182,45.30942],[-0.74872,45.31274]]]},"properties":{"code_territoire":"iris334930000","libelle_territoire":"Saint-Yzans-de-Médoc (commune non irisée)"}},
{"type":"Feature","geometry":{"type":"Polygon","coordinates":[[[-0.88402,44.88572],[-0.86618,44.88427],[-0.84275,44.89557],[-0.83238,44.92506],[-0.82177,44.92456],[-0.79847,44.91869],[-0.79479,44.94534],[-0.80206,44.96462],[-0.81946,44.9719],[-0.85761,44.95433],[-0.86555,44.94764],[-0.90565,44.89812],[-0.89297,44.89602],[-0.88402,44.88572]]]},"properties":{"code_territoire":"iris334940000","libelle_territoire":"Salaunes (commune non irisée)"}},
{"type":"Feature","geometry":{"type":"Polygon","coordinates":[[[-0.36086,44.85247],[-0.37114,44.85772],[-0.38678,44.86163],[-0.3904,44.86497],[-0.39198,44.86362],[-0.397,44.86403],[-0.39668,44.86225],[-0.40402,44.86244],[-0.40644,44.86405],[-0.41333,44.86312],[-0.41483,44.86216],[-0.40975,44.85182],[-0.41486,44.84773],[-0.41811,44.84037],[-0.41995,44.84042],[-0.42321,44.83191],[-0.41618,44.83159],[-0.40743,44.82215],[-0.39482,44.8252],[-0.39316,44.8196],[-0.38757,44.82122],[-0.38286,44.8256],[-0.38672,44.82652],[-0.38974,44.83119],[-0.38294,44.83077],[-0.38275,44.83643],[-0.36229,44.8396],[-0.36317,44.84611],[-0.36086,44.85247]]]},"properties":{"code_territoire":"iris334960000","libelle_territoire":"Sallebœuf (commune non irisée)"}},
{"type":"Feature","geometry":{"type":"Polygon","coordinates":[[[-0.74639,44.85045],[-0.75796,44.86625],[-0.77442,44.86424],[-0.77428,44.84435],[-0.77897,44.84635],[-0.77953,44.84232],[-0.7858,44.84309],[-0.7875,44.8391],[-0.83634,44.84076],[-0.83575,44.82877],[-0.8029,44.82318],[-0.79645,44.82484],[-0.75383,44.8325],[-0.75359,44.84076],[-0.75694,44.84669],[-0.74639,44.85045]]]},"properties":{"code_territoire":"iris332730102","libelle_territoire":"Sud"}},
{"type":"Feature","geometry":{"type":"Polygon","coordinates":[[[-0.54676,44.69893],[-0.53765,44.70349],[-0.53626,44.7026],[-0.53127,44.7084],[-0.52251,44.71079],[-0.52399,44.7152],[-0.52217,44.71617],[-0.52692,44.72335],[-0.53003,44.72292],[-0.54057,44.73549],[-0.54388,44.73643],[-0.54549,44.74325],[-0.5586,44.74232],[-0.56166,44.74022],[-0.56098,44.73817],[-0.5646,44.7361],[-0.57324,44.72427],[-0.56696,44.72275],[-0.5683,44.7192],[-0.58976,44.71138],[-0.59002,44.70688],[-0.59383,44.70677],[-0.59279,44.69191],[-0.57807,44.69746],[-0.54676,44.69893]]]},"properties":{"code_territoire":"iris332740000","libelle_territoire":"Martillac (commune non irisée)"}},
{"type":"Feature","geometry":{"type":"Polygon","coordinates":[[[-0.99242,44.46128],[-0.96643,44.47172],[-0.8932,44.48621],[-0.88698,44.49402],[-0.87873,44.496],[-0.85832,44.52581],[-0.85766,44.53317],[-0.85366,44.53255],[-0.85599,44.52912],[-0.85185,44.52678],[-0.85342,44.52451],[-0.84705,44.523],[-0.84501,44.5208],[-0.84645,44.51946],[-0.84265,44.51821],[-0.83802,44.51771],[-0.82703,44.52522],[-0.817,44.53738],[-0.77256,44.57314],[-0.76878,44.60099],[-0.78405,44.60586],[-0.79577,44.60487],[-0.81534,44.60776],[-0.83472,44.61063],[-0.84828,44.60288],[-0.86713,44.59179],[-0.8696,44.59152],[-0.87357,44.59617],[-0.8881,44.58559],[-0.90449,44.56694],[-0.94198,44.55115],[-0.95842,44.5398],[-1.01118,44.51025],[-0.99117,44.51193],[-0.98755,44.50808],[-0.98062,44.48279],[-0.99242,44.46128]]]},"properties":{"code_territoire":"iris334980000","libelle_territoire":"Salles (commune non irisée)"}},
{"type":"Feature","geometry":{"type":"Polygon","coordinates":[[[0.01606,44.89461],[0.02568,44.90302],[0.0266,44.90795],[0.03465,44.91602],[0.01832,44.92817],[-0.01,44.92836],[-0.01606,44.9264],[-0.02225,44.92663],[-0.02004,44.91639],[-0.02302,44.91494],[-0.01484,44.90917],[-0.00938,44.90452],[0.01606,44.89461]]]},"properties":{"code_territoire":"iris334990000","libelle_territoire":"Les Salles-de-Castillon (commune non irisée)"}},
{"type":"Feature","geometry":{"type":"Polygon","coordinates":[[[-0.58428,45.07282],[-0.58309,45.06768],[-0.58503,45.06513],[-0.58073,45.06475],[-0.57618,45.06396],[-0.57328,45.05844],[-0.56803,45.05829],[-0.5651,45.05884],[-0.56319,45.06186],[-0.55949,45.06138],[-0.55796,45.06236],[-0.55995,45.06414],[-0.55979,45.07047],[-0.56202,45.07096],[-0.55959,45.07476],[-0.56662,45.0832],[-0.57604,45.08352],[-0.58126,45.07831],[-0.58232,45.07281],[-0.58428,45.07282]]]},"properties":{"code_territoire":"iris335000000","libelle_territoire":"Samonac (commune non irisée)"}},
{"type":"Feature","geometry":{"type":"Polygon","coordinates":[[[-0.60901,44.60364],[-0.56261,44.63017],[-0.56056,44.64323],[-0.54951,44.65268],[-0.54538,44.66086],[-0.56206,44.6731],[-0.57423,44.67578],[-0.57655,44.68611],[-0.59392,44.68507],[-0.59399,44.6915],[-0.63688,44.6841],[-0.65672,44.68374],[-0.72462,44.6813],[-0.73009,44.67244],[-0.69413,44.64349],[-0.66193,44.609],[-0.61904,44.61126],[-0.60901,44.60364]]]},"properties":{"code_territoire":"iris335010000","libelle_territoire":"Saucats (commune non irisée)"}},
{"type":"Feature","geometry":{"type":"Polygon","coordinates":[[[-0.15864,44.70026],[-0.15311,44.71074],[-0.15851,44.71628],[-0.16333,44.71433],[-0.173,44.71369],[-0.17155,44.71064],[-0.18947,44.71034],[-0.18853,44.70491],[-0.18018,44.7041],[-0.18091,44.70749],[-0.1752,44.70581],[-0.17344,44.70843],[-0.17267,44.69914],[-0.17052,44.69782],[-0.16326,44.6968],[-0.161,44.70129],[-0.15864,44.70026]]]},"properties":{"code_territoire":"iris332750000","libelle_territoire":"Martres (commune non irisée)"}},
{"type":"Feature","geometry":{"type":"Polygon","coordinates":[[[-0.0694,44.37982],[-0.06592,44.38288],[-0.06644,44.38719],[-0.06291,44.38933],[-0.05874,44.39356],[-0.05284,44.3939],[-0.05018,44.3973],[-0.04652,44.39809],[-0.04885,44.4039],[-0.03781,44.41086],[-0.04198,44.42163],[-0.06167,44.4157],[-0.06668,44.41144],[-0.06911,44.41173],[-0.07069,44.40804],[-0.06654,44.40679],[-0.07346,44.40335],[-0.07096,44.39912],[-0.07615,44.39712],[-0.07268,44.39478],[-0.07272,44.39053],[-0.07967,44.39034],[-0.07966,44.38792],[-0.07332,44.38452],[-0.07319,44.38091],[-0.0694,44.37982]]]},"properties":{"code_territoire":"iris332760000","libelle_territoire":"Masseilles (commune non irisée)"}},
{"type":"Feature","geometry":{"type":"Polygon","coordinates":[[[-0.53646,45.20038],[-0.5338,45.19002],[-0.521,45.17077],[-0.51325,45.16744],[-0.49279,45.16677],[-0.46545,45.18065],[-0.46153,45.18459],[-0.47088,45.19418],[-0.47985,45.19411],[-0.49091,45.19818],[-0.50097,45.19695],[-0.51484,45.19911],[-0.53976,45.20599],[-0.53686,45.20413],[-0.53646,45.20038]]]},"properties":{"code_territoire":"iris335020000","libelle_territoire":"Saugon (commune non irisée)"}},
{"type":"Feature","geometry":{"type":"Polygon","coordinates":[[[-0.93301,44.90255],[-0.95029,44.9177],[-0.96434,44.92709],[-0.97613,44.94863],[-0.9806,44.95134],[-0.99611,44.95047],[-1.02423,44.94535],[-1.04669,44.93657],[-1.07281,44.90754],[-1.03739,44.87241],[-1.01922,44.88753],[-0.99872,44.88983],[-0.99123,44.88728],[-0.98532,44.88195],[-0.96436,44.88288],[-0.95883,44.8882],[-0.93415,44.89746],[-0.93301,44.90255]]]},"properties":{"code_territoire":"iris335030000","libelle_territoire":"Saumos (commune non irisée)"}},
{"type":"Feature","geometry":{"type":"Polygon","coordinates":[[[-0.32934,44.55433],[-0.33695,44.54032],[-0.34261,44.54173],[-0.34311,44.54021],[-0.35182,44.53886],[-0.36161,44.54033],[-0.3672,44.53823],[-0.36765,44.53047],[-0.37449,44.5244],[-0.35489,44.5168],[-0.34508,44.51634],[-0.33073,44.51955],[-0.32159,44.5173],[-0.323,44.51608],[-0.3134,44.51278],[-0.31826,44.51925],[-0.31503,44.52117],[-0.32129,44.52459],[-0.3237,44.52973],[-0.31525,44.54306],[-0.31976,44.54497],[-0.32148,44.54978],[-0.32934,44.55433]]]},"properties":{"code_territoire":"iris335040000","libelle_territoire":"Sauternes (commune non irisée)"}},
{"type":"Feature","geometry":{"type":"Polygon","coordinates":[[[-0.34571,44.74311],[-0.33945,44.74524],[-0.32744,44.74167],[-0.32533,44.74235],[-0.32538,44.73975],[-0.31727,44.73461],[-0.31128,44.73628],[-0.3019,44.74046],[-0.29416,44.74866],[-0.29366,44.75267],[-0.29009,44.75261],[-0.28762,44.75529],[-0.28648,44.75686],[-0.28984,44.75817],[-0.28738,44.76071],[-0.29132,44.76575],[-0.28253,44.77301],[-0.28353,44.77709],[-0.28632,44.7799],[-0.28492,44.78339],[-0.28938,44.78294],[-0.29728,44.78688],[-0.31598,44.78697],[-0.3095,44.79213],[-0.31504,44.79398],[-0.3192,44.78947],[-0.32474,44.79061],[-0.32475,44.78761],[-0.32145,44.78037],[-0.33645,44.77397],[-0.32849,44.75646],[-0.33405,44.74992],[-0.34732,44.75302],[-0.34923,44.74961],[-0.34584,44.74698],[-0.34969,44.74514],[-0.34571,44.74311]]]},"properties":{"code_territoire":"iris335050000","libelle_territoire":"La Sauve (commune non irisée)"}},
{"type":"Feature","geometry":{"type":"Polygon","coordinates":[[[0.1289,44.77838],[0.12524,44.77804],[0.11994,44.78432],[0.11721,44.78497],[0.11375,44.79171],[0.11051,44.78969],[0.10764,44.78316],[0.10384,44.78482],[0.10127,44.78357],[0.09751,44.78671],[0.08466,44.78815],[0.08691,44.78652],[0.08719,44.78161],[0.08462,44.7775],[0.07536,44.7824],[0.0695,44.78083],[0.06923,44.7786],[0.06674,44.77918],[0.06658,44.7715],[0.06452,44.77006],[0.08027,44.7657],[0.08258,44.76131],[0.0939,44.75375],[0.09718,44.74933],[0.10578,44.75192],[0.10613,44.73694],[0.11155,44.74742],[0.11953,44.75399],[0.12145,44.76239],[0.12922,44.76573],[0.1289,44.77838]]]},"properties":{"code_territoire":"iris332770000","libelle_territoire":"Massugas (commune non irisée)"}},
{"type":"Feature","geometry":{"type":"Polygon","coordinates":[[[-0.12229,44.69794],[-0.11891,44.69296],[-0.11198,44.69203],[-0.10529,44.68476],[-0.08826,44.68223],[-0.08912,44.67812],[-0.08642,44.67643],[-0.08984,44.67605],[-0.09131,44.67137],[-0.08926,44.67394],[-0.06124,44.66764],[-0.06169,44.67027],[-0.05481,44.67343],[-0.05629,44.67492],[-0.05146,44.679],[-0.0498,44.68503],[-0.04408,44.68569],[-0.04415,44.68773],[-0.04122,44.68738],[-0.03834,44.69205],[-0.03169,44.6887],[-0.03349,44.69688],[-0.03112,44.69693],[-0.02327,44.70504],[-0.03621,44.70625],[-0.04498,44.70955],[-0.04777,44.70761],[-0.05321,44.71335],[-0.05513,44.72594],[-0.06076,44.72755],[-0.06237,44.7255],[-0.06506,44.72756],[-0.06933,44.72609],[-0.08683,44.72982],[-0.09478,44.72871],[-0.10588,44.73421],[-0.1094,44.73389],[-0.10461,44.7219],[-0.1164,44.71683],[-0.11486,44.7149],[-0.11817,44.71227],[-0.11323,44.70678],[-0.11682,44.70042],[-0.1212,44.69985],[-0.12229,44.69794]]]},"properties":{"code_territoire":"iris335060000","libelle_territoire":"Sauveterre-de-Guyenne (commune non irisée)"}},
{"type":"Feature","geometry":{"type":"Polygon","coordinates":[[[-0.19984,44.42257],[-0.20167,44.42033],[-0.20486,44.42076],[-0.20996,44.41793],[-0.20478,44.405],[-0.20048,44.40471],[-0.20532,44.39302],[-0.19223,44.39175],[-0.19441,44.38906],[-0.18788,44.38684],[-0.18902,44.38112],[-0.17851,44.3782],[-0.17648,44.37922],[-0.17199,44.37765],[-0.16614,44.37953],[-0.16853,44.38475],[-0.16029,44.39364],[-0.16428,44.39659],[-0.15605,44.39784],[-0.1563,44.39903],[-0.16603,44.39953],[-0.16327,44.40222],[-0.16419,44.40668],[-0.17878,44.41685],[-0.18462,44.412],[-0.19984,44.42257]]]},"properties":{"code_territoire":"iris335070000","libelle_territoire":"Sauviac (commune non irisée)"}},
{"type":"Feature","geometry":{"type":"Polygon","coordinates":[[[-0.10421,44.4937],[-0.10796,44.4997],[-0.09144,44.49548],[-0.08736,44.50375],[-0.0767,44.50542],[-0.07398,44.50937],[-0.07624,44.5101],[-0.07516,44.51214],[-0.07842,44.51183],[-0.07753,44.51663],[-0.0849,44.52032],[-0.08431,44.52258],[-0.09086,44.52812],[-0.09467,44.52916],[-0.09016,44.53379],[-0.1056,44.53652],[-0.11239,44.53761],[-0.11884,44.53585],[-0.11871,44.53779],[-0.12717,44.53143],[-0.1344,44.52875],[-0.13734,44.51753],[-0.13102,44.51295],[-0.13058,44.51021],[-0.1287,44.50225],[-0.13137,44.49684],[-0.1219,44.49086],[-0.11762,44.49018],[-0.10421,44.4937]]]},"properties":{"code_territoire":"iris335080000","libelle_territoire":"Savignac (commune non irisée)"}},
{"type":"Feature","geometry":{"type":"Polygon","coordinates":[[[-0.02733,44.72697],[-0.01714,44.73109],[-0.01192,44.73878],[0.00038,44.74418],[0.0004,44.74913],[-0.00355,44.75224],[-0.00356,44.7614],[-0.00583,44.76214],[-0.01776,44.76148],[-0.02646,44.75796],[-0.03047,44.75909],[-0.03124,44.75767],[-0.03774,44.75728],[-0.0433,44.75949],[-0.04956,44.75847],[-0.04738,44.75109],[-0.04431,44.74871],[-0.04662,44.74197],[-0.04006,44.73976],[-0.03894,44.7378],[-0.04614,44.73136],[-0.04705,44.73052],[-0.03538,44.73348],[-0.0323,44.73273],[-0.02733,44.72697]]]},"properties":{"code_territoire":"iris332780000","libelle_territoire":"Mauriac (commune non irisée)"}},
{"type":"Feature","geometry":{"type":"Polygon","coordinates":[[[-0.24854,45.00254],[-0.2491,44.99777],[-0.24692,44.99705],[-0.25214,44.99303],[-0.25014,44.99243],[-0.25339,44.98867],[-0.24516,44.98428],[-0.2446,44.97799],[-0.25314,44.97528],[-0.24702,44.97413],[-0.24773,44.96942],[-0.24117,44.97199],[-0.23059,44.97197],[-0.23057,44.97717],[-0.2359,44.97596],[-0.23844,44.97754],[-0.23317,44.98153],[-0.23264,44.98934],[-0.22913,44.98771],[-0.22525,44.98881],[-0.22285,44.99148],[-0.22988,44.99551],[-0.23125,44.99829],[-0.23389,44.99958],[-0.23875,44.9989],[-0.24384,45.00214],[-0.24854,45.00254]]]},"properties":{"code_territoire":"iris335090000","libelle_territoire":"Savignac-de-l'Isle (commune non irisée)"}},
{"type":"Feature","geometry":{"type":"Polygon","coordinates":[[[-0.22343,44.60216],[-0.21921,44.60464],[-0.22353,44.62098],[-0.22811,44.6245],[-0.23533,44.62397],[-0.24354,44.6212],[-0.24722,44.61226],[-0.24359,44.61155],[-0.2446,44.60372],[-0.22559,44.60648],[-0.22418,44.60274],[-0.22343,44.60216]]]},"properties":{"code_territoire":"iris335100000","libelle_territoire":"Semens (commune non irisée)"}},
{"type":"Feature","geometry":{"type":"Polygon","coordinates":[[[-0.11521,44.41809],[-0.11287,44.41589],[-0.10547,44.41431],[-0.10255,44.41134],[-0.09517,44.40895],[-0.08342,44.41453],[-0.08028,44.4183],[-0.08137,44.42268],[-0.07903,44.42199],[-0.07677,44.42632],[-0.07483,44.42626],[-0.07292,44.4323],[-0.07043,44.436],[-0.08305,44.43972],[-0.08794,44.43858],[-0.09178,44.44205],[-0.09999,44.44203],[-0.10434,44.44264],[-0.10708,44.44601],[-0.11182,44.43925],[-0.10506,44.43951],[-0.10277,44.43653],[-0.10699,44.4326],[-0.1092,44.43301],[-0.11255,44.42679],[-0.10976,44.42407],[-0.11059,44.41902],[-0.11521,44.41809]]]},"properties":{"code_territoire":"iris335110000","libelle_territoire":"Sendets (commune non irisée)"}},
{"type":"Feature","geometry":{"type":"Polygon","coordinates":[[[-0.01613,44.48995],[-0.03456,44.48576],[-0.04537,44.47189],[-0.04118,44.46959],[-0.03799,44.46205],[-0.04239,44.4565],[-0.04732,44.45454],[-0.0549,44.45935],[-0.05704,44.45254],[-0.06037,44.44594],[-0.06036,44.43812],[-0.06509,44.43596],[-0.07043,44.436],[-0.07292,44.4323],[-0.06094,44.43001],[-0.05571,44.42398],[-0.05103,44.42307],[-0.04374,44.4244],[-0.04459,44.42735],[-0.04054,44.43707],[-0.02904,44.43364],[-0.0332,44.44094],[-0.02423,44.4467],[-0.02291,44.45036],[-0.01445,44.44701],[-0.0106,44.45042],[0.00492,44.4449],[0.00805,44.44945],[0.00491,44.45682],[-0.00278,44.46073],[-0.00895,44.45901],[-0.0132,44.46065],[-0.01223,44.46417],[-0.01496,44.46824],[-0.01203,44.473],[-0.01613,44.48995]]]},"properties":{"code_territoire":"iris335120000","libelle_territoire":"Sigalens (commune non irisée)"}},
{"type":"Feature","geometry":{"type":"Polygon","coordinates":[[[-0.23107,44.51401],[-0.23518,44.52209],[-0.24024,44.52294],[-0.24045,44.52495],[-0.24608,44.52666],[-0.25294,44.53199],[-0.26419,44.521],[-0.26419,44.51446],[-0.27095,44.50659],[-0.2745,44.49259],[-0.26597,44.48779],[-0.26016,44.48702],[-0.25431,44.48854],[-0.24753,44.48796],[-0.23505,44.47445],[-0.22817,44.47254],[-0.22984,44.48035],[-0.23831,44.50483],[-0.23315,44.50355],[-0.23107,44.51401]]]},"properties":{"code_territoire":"iris332790000","libelle_territoire":"Mazères (commune non irisée)"}},
{"type":"Feature","geometry":{"type":"Polygon","coordinates":[[[-0.60315,45.18254],[-0.61439,45.16927],[-0.61851,45.17014],[-0.62332,45.16485],[-0.61416,45.15827],[-0.59835,45.16105],[-0.59629,45.16585],[-0.59037,45.16504],[-0.58836,45.16884],[-0.58909,45.17051],[-0.59439,45.17086],[-0.59479,45.17967],[-0.59955,45.17979],[-0.60176,45.18296],[-0.60315,45.18254]]]},"properties":{"code_territoire":"iris332800000","libelle_territoire":"Mazion (commune non irisée)"}},
{"type":"Feature","geometry":{"type":"Polygon","coordinates":[[[-0.03422,44.36666],[-0.03739,44.37035],[-0.04915,44.37557],[-0.04779,44.37942],[-0.04975,44.38081],[-0.04635,44.38267],[-0.04876,44.38476],[-0.05771,44.38885],[-0.06291,44.38933],[-0.06644,44.38719],[-0.06592,44.38288],[-0.0694,44.37982],[-0.06552,44.37787],[-0.0691,44.37389],[-0.06585,44.37055],[-0.07374,44.36434],[-0.07905,44.36516],[-0.08286,44.35672],[-0.07882,44.3537],[-0.06973,44.35297],[-0.05844,44.36126],[-0.05442,44.35938],[-0.03606,44.36098],[-0.03422,44.36666]]]},"properties":{"code_territoire":"iris335130000","libelle_territoire":"Sillas (commune non irisée)"}},
{"type":"Feature","geometry":{"type":"Polygon","coordinates":[[[-0.98389,45.54161],[-0.99151,45.54762],[-1.06851,45.51499],[-1.07764,45.51312],[-1.08415,45.51417],[-1.09039,45.50987],[-1.09892,45.51392],[-1.10161,45.51256],[-1.10707,45.5161],[-1.11068,45.51608],[-1.10748,45.52098],[-1.11666,45.52518],[-1.13018,45.51515],[-1.14244,45.49491],[-1.15028,45.48724],[-1.15483,45.4675],[-1.11051,45.46383],[-1.10054,45.46937],[-1.10026,45.47105],[-1.10825,45.47332],[-1.10554,45.47965],[-1.09771,45.48136],[-1.09984,45.48596],[-1.09826,45.48809],[-1.08777,45.49008],[-1.08606,45.48568],[-1.08447,45.48779],[-1.0785,45.48593],[-1.07412,45.48774],[-1.07053,45.48398],[-1.06672,45.48354],[-1.04779,45.50041],[-0.98389,45.54161]]]},"properties":{"code_territoire":"iris335140000","libelle_territoire":"Soulac-sur-Mer (commune non irisée)"}},
{"type":"Feature","geometry":{"type":"Polygon","coordinates":[[[-0.31648,44.69347],[-0.30493,44.68505],[-0.30202,44.67712],[-0.29627,44.67381],[-0.28071,44.6876],[-0.26898,44.69244],[-0.25824,44.69287],[-0.26174,44.7057],[-0.27463,44.709],[-0.27995,44.7128],[-0.28731,44.71488],[-0.29901,44.71193],[-0.29925,44.70957],[-0.30843,44.70539],[-0.31648,44.69347]]]},"properties":{"code_territoire":"iris335150000","libelle_territoire":"Soulignac (commune non irisée)"}},
{"type":"Feature","geometry":{"type":"Polygon","coordinates":[[[-0.64667,44.8418],[-0.6536,44.84116],[-0.65229,44.83793],[-0.64695,44.8371],[-0.64667,44.8418]]]},"properties":{"code_territoire":"iris332810101","libelle_territoire":"Centre Ville 1"}},
{"type":"Feature","geometry":{"type":"Polygon","coordinates":[[[-0.64695,44.8371],[-0.65229,44.83793],[-0.6536,44.84116],[-0.65962,44.8443],[-0.662,44.83856],[-0.65719,44.83253],[-0.65259,44.83305],[-0.64798,44.83295],[-0.64695,44.8371]]]},"properties":{"code_territoire":"iris332810102","libelle_territoire":"Centre Ville 2"}},
{"type":"Feature","geometry":{"type":"Polygon","coordinates":[[[-0.65603,44.8496],[-0.6581,44.84728],[-0.65962,44.8443],[-0.6536,44.84116],[-0.64667,44.8418],[-0.64509,44.84433],[-0.64909,44.84626],[-0.65603,44.8496]]]},"properties":{"code_territoire":"iris332810103","libelle_territoire":"Centre Ville 3"}},
{"type":"Feature","geometry":{"type":"Polygon","coordinates":[[[-0.64509,44.84433],[-0.64667,44.8418],[-0.64695,44.8371],[-0.64798,44.83295],[-0.64058,44.8328],[-0.6417,44.83744],[-0.63984,44.84031],[-0.63929,44.84264],[-0.6396,44.84396],[-0.64509,44.84433]]]},"properties":{"code_territoire":"iris332810104","libelle_territoire":"Centre Ville 4"}},
{"type":"Feature","geometry":{"type":"Polygon","coordinates":[[[0.0205,44.7503],[0.01988,44.74308],[0.0073,44.74536],[0.00038,44.74418],[-0.01192,44.73878],[-0.01714,44.73109],[0.00754,44.72842],[0.01249,44.72447],[0.02278,44.72146],[0.02699,44.72714],[0.02732,44.73139],[0.03206,44.73153],[0.03577,44.73536],[0.03022,44.73675],[0.02746,44.74076],[0.0301,44.74196],[0.02709,44.74847],[0.0205,44.7503]]]},"properties":{"code_territoire":"iris335160000","libelle_territoire":"Soussac (commune non irisée)"}},
{"type":"Feature","geometry":{"type":"Polygon","coordinates":[[[-0.65888,45.06453],[-0.66666,45.07104],[-0.67674,45.07875],[-0.68397,45.07421],[-0.69048,45.07535],[-0.69286,45.07208],[-0.70053,45.07458],[-0.71665,45.06508],[-0.72878,45.06293],[-0.73239,45.06338],[-0.73296,45.06144],[-0.72674,45.05986],[-0.72722,45.05545],[-0.72194,45.04984],[-0.72494,45.0383],[-0.72268,45.03341],[-0.72385,45.03106],[-0.7111,45.03173],[-0.71142,45.03329],[-0.70831,45.03449],[-0.69829,45.03367],[-0.69751,45.04046],[-0.69419,45.04546],[-0.6666,45.06089],[-0.65697,45.05699],[-0.65295,45.05926],[-0.65888,45.06453]]]},"properties":{"code_territoire":"iris335170000","libelle_territoire":"Soussans (commune non irisée)"}},
{"type":"Feature","geometry":{"type":"Polygon","coordinates":[[[-0.4339,44.70263],[-0.42912,44.70212],[-0.41272,44.7074],[-0.40904,44.71461],[-0.39248,44.72555],[-0.38815,44.73048],[-0.39105,44.73107],[-0.39085,44.73516],[-0.39358,44.73623],[-0.39275,44.74291],[-0.40251,44.74406],[-0.40756,44.7395],[-0.4121,44.74074],[-0.4205,44.73205],[-0.42264,44.72958],[-0.42047,44.72627],[-0.42147,44.72169],[-0.42951,44.71101],[-0.43809,44.70522],[-0.43735,44.70449],[-0.4339,44.70263]]]},"properties":{"code_territoire":"iris335180000","libelle_territoire":"Tabanac (commune non irisée)"}},
{"type":"Feature","geometry":{"type":"Polygon","coordinates":[[[-0.6965,44.90772],[-0.69374,44.90733],[-0.69138,44.90433],[-0.68398,44.90337],[-0.67451,44.90693],[-0.66897,44.906],[-0.66877,44.91392],[-0.68927,44.91685],[-0.69415,44.91538],[-0.69329,44.91106],[-0.6965,44.90772]]]},"properties":{"code_territoire":"iris335190101","libelle_territoire":"Centre Bourg"}},
{"type":"Feature","geometry":{"type":"Polygon","coordinates":[[[-0.69711,44.92756],[-0.71036,44.92317],[-0.71408,44.90488],[-0.70286,44.90175],[-0.6965,44.90772],[-0.69329,44.91106],[-0.69415,44.91538],[-0.68927,44.91685],[-0.66877,44.91392],[-0.6674,44.91769],[-0.66142,44.91839],[-0.67068,44.92274],[-0.67217,44.92555],[-0.67052,44.92998],[-0.68725,44.93116],[-0.69711,44.92756]]]},"properties":{"code_territoire":"iris335190102","libelle_territoire":"Nord des Jalles"}},
{"type":"Feature","geometry":{"type":"Polygon","coordinates":[[[-0.64909,44.84626],[-0.64509,44.85216],[-0.65502,44.85411],[-0.65603,44.8496],[-0.64909,44.84626]]]},"properties":{"code_territoire":"iris332810201","libelle_territoire":"Capeyron 1"}},
{"type":"Feature","geometry":{"type":"Polygon","coordinates":[[[-0.6391,44.84748],[-0.64509,44.85216],[-0.64909,44.84626],[-0.64509,44.84433],[-0.6396,44.84396],[-0.6391,44.84748]]]},"properties":{"code_territoire":"iris332810202","libelle_territoire":"Capeyron 2"}},
{"type":"Feature","geometry":{"type":"Polygon","coordinates":[[[-0.6381,44.85645],[-0.65502,44.85676],[-0.65502,44.85411],[-0.64509,44.85216],[-0.6391,44.84748],[-0.63714,44.85197],[-0.63605,44.85505],[-0.6381,44.85645]]]},"properties":{"code_territoire":"iris332810203","libelle_territoire":"Capeyron 3"}},
{"type":"Feature","geometry":{"type":"Polygon","coordinates":[[[-0.6234,44.81608],[-0.62625,44.82906],[-0.62671,44.82903],[-0.63338,44.83052],[-0.63957,44.82962],[-0.63758,44.8259],[-0.63496,44.81431],[-0.6234,44.81608]]]},"properties":{"code_territoire":"iris332810301","libelle_territoire":"Arlac 1"}},
{"type":"Feature","geometry":{"type":"Polygon","coordinates":[[[-0.61358,44.8265],[-0.62625,44.82906],[-0.6234,44.81608],[-0.62277,44.81711],[-0.61826,44.81789],[-0.61054,44.82266],[-0.61504,44.82307],[-0.61358,44.8265]]]},"properties":{"code_territoire":"iris332810302","libelle_territoire":"Arlac 2"}},
{"type":"Feature","geometry":{"type":"Polygon","coordinates":[[[-0.66142,44.91839],[-0.6674,44.91769],[-0.66877,44.91392],[-0.66897,44.906],[-0.67451,44.90693],[-0.68398,44.90337],[-0.69138,44.90433],[-0.69374,44.90733],[-0.6965,44.90772],[-0.70286,44.90175],[-0.69785,44.90027],[-0.68816,44.89784],[-0.68597,44.89419],[-0.68052,44.89489],[-0.67557,44.89344],[-0.66929,44.89553],[-0.65803,44.89737],[-0.64244,44.89493],[-0.64724,44.89816],[-0.64884,44.90606],[-0.6569,44.90996],[-0.6519,44.91691],[-0.65844,44.91979],[-0.66142,44.91839]]]},"properties":{"code_territoire":"iris335190103","libelle_territoire":"Sud-Est"}},
{"type":"Feature","geometry":{"type":"Polygon","coordinates":[[[0.14118,44.64164],[0.14388,44.63607],[0.15019,44.63292],[0.15158,44.63434],[0.15537,44.63204],[0.16542,44.63332],[0.1684,44.63817],[0.16659,44.64279],[0.16881,44.64706],[0.18305,44.66027],[0.17702,44.66735],[0.16775,44.66846],[0.15233,44.66244],[0.1291,44.65852],[0.13595,44.6549],[0.13769,44.6521],[0.13662,44.64651],[0.14118,44.64164]]]},"properties":{"code_territoire":"iris335200000","libelle_territoire":"Taillecavat (commune non irisée)"}},
{"type":"Feature","geometry":{"type":"Polygon","coordinates":[[[-1.05105,45.45703],[-1.04569,45.45664],[-1.04365,45.45999],[-1.04067,45.46049],[-1.04182,45.46325],[-1.03591,45.4659],[-1.02625,45.47686],[-1.0244,45.47619],[-0.96008,45.52282],[-0.98389,45.54161],[-1.04779,45.50041],[-1.06672,45.48354],[-1.07053,45.48398],[-1.07412,45.48774],[-1.0785,45.48593],[-1.08447,45.48779],[-1.08606,45.48568],[-1.08777,45.49008],[-1.09826,45.48809],[-1.09984,45.48596],[-1.09771,45.48136],[-1.10554,45.47965],[-1.10825,45.47332],[-1.10026,45.47105],[-1.10054,45.46937],[-1.11051,45.46383],[-1.05105,45.45703]]]},"properties":{"code_territoire":"iris335210000","libelle_territoire":"Talais (commune non irisée)"}},
{"type":"Feature","geometry":{"type":"Polygon","coordinates":[[[-0.5935,44.81794],[-0.59202,44.81403],[-0.60057,44.81254],[-0.60033,44.80827],[-0.59139,44.81061],[-0.59174,44.80685],[-0.59231,44.80545],[-0.58849,44.80463],[-0.58671,44.80435],[-0.5862,44.8067],[-0.58701,44.81515],[-0.58503,44.81787],[-0.58833,44.81812],[-0.5935,44.81794]]]},"properties":{"code_territoire":"iris335220101","libelle_territoire":"Poste-Mairie"}},
{"type":"Feature","geometry":{"type":"Polygon","coordinates":[[[-0.5739,44.81268],[-0.5821,44.81197],[-0.5839,44.8147],[-0.58701,44.81515],[-0.5862,44.8067],[-0.58287,44.80484],[-0.5807,44.80847],[-0.57392,44.81065],[-0.57391,44.81074],[-0.57353,44.81271],[-0.5739,44.81268]]]},"properties":{"code_territoire":"iris335220102","libelle_territoire":"La Fauvette"}},
{"type":"Feature","geometry":{"type":"Polygon","coordinates":[[[-0.649,44.81421],[-0.65016,44.82381],[-0.65626,44.82279],[-0.65629,44.82676],[-0.66389,44.82655],[-0.66451,44.82892],[-0.67035,44.82806],[-0.6739,44.82],[-0.67242,44.81299],[-0.67208,44.81294],[-0.66512,44.81352],[-0.6631,44.81014],[-0.65655,44.81215],[-0.649,44.81421]]]},"properties":{"code_territoire":"iris332810401","libelle_territoire":"Chemin Long et Garies"}},
{"type":"Feature","geometry":{"type":"Polygon","coordinates":[[[-0.65719,44.83253],[-0.67669,44.83519],[-0.6755,44.82763],[-0.6739,44.82],[-0.67035,44.82806],[-0.66451,44.82892],[-0.66389,44.82655],[-0.65629,44.82676],[-0.65357,44.8265],[-0.65444,44.8322],[-0.65259,44.83305],[-0.65719,44.83253]]]},"properties":{"code_territoire":"iris332810402","libelle_territoire":"Zone Commerciale Chemin Long"}},
{"type":"Feature","geometry":{"type":"Polygon","coordinates":[[[-0.63214,44.8514],[-0.63714,44.85197],[-0.6391,44.84748],[-0.6396,44.84396],[-0.63929,44.84264],[-0.63042,44.84385],[-0.63044,44.84551],[-0.63349,44.84638],[-0.63214,44.8514]]]},"properties":{"code_territoire":"iris332810501","libelle_territoire":"Le Jard"}},
{"type":"Feature","geometry":{"type":"Polygon","coordinates":[[[-0.63042,44.84385],[-0.63929,44.84264],[-0.63984,44.84031],[-0.62697,44.83894],[-0.63042,44.84385]]]},"properties":{"code_territoire":"iris332810502","libelle_territoire":"Bourran"}},
{"type":"Feature","geometry":{"type":"Polygon","coordinates":[[[-0.67268,44.8434],[-0.67669,44.83519],[-0.65719,44.83253],[-0.662,44.83856],[-0.65962,44.8443],[-0.6581,44.84728],[-0.66822,44.84958],[-0.67268,44.8434]]]},"properties":{"code_territoire":"iris332810601","libelle_territoire":"Piquey"}},
{"type":"Feature","geometry":{"type":"Polygon","coordinates":[[[-0.63957,44.82962],[-0.64058,44.8328],[-0.64798,44.83295],[-0.65259,44.83305],[-0.65444,44.8322],[-0.65357,44.8265],[-0.65629,44.82676],[-0.65626,44.82279],[-0.65016,44.82381],[-0.63758,44.8259],[-0.63957,44.82962]]]},"properties":{"code_territoire":"iris332810701","libelle_territoire":"Eyquems"}},
{"type":"Feature","geometry":{"type":"Polygon","coordinates":[[[-0.59073,44.78712],[-0.59187,44.79375],[-0.59232,44.7962],[-0.59859,44.79712],[-0.6001,44.79814],[-0.59815,44.79931],[-0.596,44.80058],[-0.59994,44.80331],[-0.59984,44.80594],[-0.59174,44.80685],[-0.59139,44.81061],[-0.60033,44.80827],[-0.60552,44.80762],[-0.60744,44.7984],[-0.60349,44.79587],[-0.60519,44.79312],[-0.60513,44.79049],[-0.60211,44.79086],[-0.59631,44.78698],[-0.59185,44.78694],[-0.59073,44.78712]]]},"properties":{"code_territoire":"iris335220103","libelle_territoire":"Combattants-Bijou"}},
{"type":"Feature","geometry":{"type":"Polygon","coordinates":[[[-0.60552,44.80762],[-0.60033,44.80827],[-0.60057,44.81254],[-0.59202,44.81403],[-0.5935,44.81794],[-0.59599,44.82046],[-0.60297,44.81842],[-0.61107,44.81458],[-0.60929,44.81305],[-0.60602,44.81093],[-0.60552,44.80762]]]},"properties":{"code_territoire":"iris335220104","libelle_territoire":"Médoquine-Haut-Brion"}},
{"type":"Feature","geometry":{"type":"Polygon","coordinates":[[[-0.57854,44.81856],[-0.58503,44.81787],[-0.58701,44.81515],[-0.5839,44.8147],[-0.5821,44.81197],[-0.5739,44.81268],[-0.57854,44.81856]]]},"properties":{"code_territoire":"iris335220105","libelle_territoire":"Caudères"}},
{"type":"Feature","geometry":{"type":"Polygon","coordinates":[[[-0.58921,44.82537],[-0.59402,44.82188],[-0.59599,44.82046],[-0.5935,44.81794],[-0.58833,44.81812],[-0.58614,44.82339],[-0.58921,44.82537]]]},"properties":{"code_territoire":"iris335220106","libelle_territoire":"Émile Zola"}},
{"type":"Feature","geometry":{"type":"Polygon","coordinates":[[[-0.58614,44.82339],[-0.58833,44.81812],[-0.58503,44.81787],[-0.57854,44.81856],[-0.58286,44.82134],[-0.58614,44.82339]]]},"properties":{"code_territoire":"iris335220107","libelle_territoire":"Saint-Genès"}},
{"type":"Feature","geometry":{"type":"Polygon","coordinates":[[[-0.57392,44.81065],[-0.5807,44.80847],[-0.58287,44.80484],[-0.58039,44.80331],[-0.58272,44.7988],[-0.58135,44.79526],[-0.57256,44.80554],[-0.57388,44.80867],[-0.57392,44.81065]]]},"properties":{"code_territoire":"iris335220108","libelle_territoire":"Peylanne-Leysotte"}},
{"type":"Feature","geometry":{"type":"Polygon","coordinates":[[[-0.58135,44.79526],[-0.58272,44.7988],[-0.58039,44.80331],[-0.58287,44.80484],[-0.5862,44.8067],[-0.58671,44.80435],[-0.58849,44.80463],[-0.58932,44.80292],[-0.58997,44.80123],[-0.58491,44.80041],[-0.58495,44.79889],[-0.59232,44.7962],[-0.59187,44.79375],[-0.58654,44.79408],[-0.58567,44.79693],[-0.58222,44.79371],[-0.58135,44.79526]]]},"properties":{"code_territoire":"iris335220109","libelle_territoire":"Plume la Poule"}},
{"type":"Feature","geometry":{"type":"Polygon","coordinates":[[[-0.59232,44.7962],[-0.58495,44.79889],[-0.58491,44.80041],[-0.58997,44.80123],[-0.58932,44.80292],[-0.59297,44.80362],[-0.59335,44.80043],[-0.59642,44.7985],[-0.59815,44.79931],[-0.6001,44.79814],[-0.59859,44.79712],[-0.59232,44.7962]]]},"properties":{"code_territoire":"iris335220110","libelle_territoire":"Mégret"}},
{"type":"Feature","geometry":{"type":"Polygon","coordinates":[[[-0.58849,44.80463],[-0.59231,44.80545],[-0.59174,44.80685],[-0.59984,44.80594],[-0.59994,44.80331],[-0.596,44.80058],[-0.59815,44.79931],[-0.59642,44.7985],[-0.59335,44.80043],[-0.59297,44.80362],[-0.58932,44.80292],[-0.58849,44.80463]]]},"properties":{"code_territoire":"iris335220111","libelle_territoire":"Lycée"}},
{"type":"Feature","geometry":{"type":"Polygon","coordinates":[[[-0.58222,44.79371],[-0.58567,44.79693],[-0.58654,44.79408],[-0.58433,44.79328],[-0.58693,44.78837],[-0.58222,44.79371]]]},"properties":{"code_territoire":"iris335220112","libelle_territoire":"Thouars 2"}},
{"type":"Feature","geometry":{"type":"Polygon","coordinates":[[[-0.58693,44.78837],[-0.58433,44.79328],[-0.58654,44.79408],[-0.59187,44.79375],[-0.59073,44.78712],[-0.58693,44.78837]]]},"properties":{"code_territoire":"iris335220113","libelle_territoire":"Thouars 1"}},
{"type":"Feature","geometry":{"type":"Polygon","coordinates":[[[-0.22696,44.72947],[-0.23115,44.73113],[-0.23076,44.73556],[-0.23424,44.73482],[-0.23628,44.73746],[-0.23903,44.73703],[-0.2395,44.74054],[-0.2423,44.73998],[-0.23866,44.74889],[-0.24885,44.75302],[-0.24614,44.76324],[-0.25186,44.76719],[-0.25522,44.76916],[-0.26315,44.76826],[-0.2624,44.76399],[-0.26831,44.7551],[-0.28279,44.75417],[-0.28762,44.75529],[-0.29009,44.75261],[-0.29366,44.75267],[-0.29416,44.74866],[-0.3019,44.74046],[-0.31128,44.73628],[-0.30287,44.73017],[-0.29964,44.72455],[-0.29901,44.71193],[-0.28731,44.71488],[-0.27995,44.7128],[-0.27463,44.709],[-0.26174,44.7057],[-0.26103,44.71055],[-0.25269,44.70994],[-0.25222,44.71132],[-0.23915,44.71462],[-0.2398,44.71973],[-0.22696,44.72947]]]},"properties":{"code_territoire":"iris335230000","libelle_territoire":"Targon (commune non irisée)"}},
{"type":"Feature","geometry":{"type":"Polygon","coordinates":[[[-0.66221,44.85771],[-0.66822,44.84958],[-0.6581,44.84728],[-0.65603,44.8496],[-0.65502,44.85411],[-0.65502,44.85676],[-0.66022,44.85743],[-0.66221,44.85771]]]},"properties":{"code_territoire":"iris332810801","libelle_territoire":"Les Pins"}},
{"type":"Feature","geometry":{"type":"Polygon","coordinates":[[[-0.66022,44.85743],[-0.65502,44.85676],[-0.6381,44.85645],[-0.63748,44.8566],[-0.63832,44.86073],[-0.64219,44.86123],[-0.65311,44.86275],[-0.66022,44.85743]]]},"properties":{"code_territoire":"iris332810901","libelle_territoire":"La Forêt"}},
{"type":"Feature","geometry":{"type":"Polygon","coordinates":[[[-0.62697,44.83894],[-0.63984,44.84031],[-0.6417,44.83744],[-0.64058,44.8328],[-0.63957,44.82962],[-0.63338,44.83052],[-0.62998,44.83486],[-0.6272,44.83515],[-0.62589,44.83879],[-0.62662,44.83888],[-0.62697,44.83894]]]},"properties":{"code_territoire":"iris332811002","libelle_territoire":"Labatut 1"}},
{"type":"Feature","geometry":{"type":"Polygon","coordinates":[[[-0.6272,44.83515],[-0.62998,44.83486],[-0.63338,44.83052],[-0.62671,44.82903],[-0.62665,44.83532],[-0.6272,44.83515]]]},"properties":{"code_territoire":"iris332811003","libelle_territoire":"Labatut 2"}},
{"type":"Feature","geometry":{"type":"Polygon","coordinates":[[[-0.62589,44.83879],[-0.6272,44.83515],[-0.62665,44.83532],[-0.61263,44.83257],[-0.61032,44.83419],[-0.60687,44.83701],[-0.6113,44.83831],[-0.62103,44.83859],[-0.62589,44.83879]]]},"properties":{"code_territoire":"iris332811101","libelle_territoire":"La Glacière"}},
{"type":"Feature","geometry":{"type":"Polygon","coordinates":[[[-0.61263,44.83257],[-0.62665,44.83532],[-0.62671,44.82903],[-0.62625,44.82906],[-0.61358,44.8265],[-0.61285,44.82776],[-0.61263,44.83257]]]},"properties":{"code_territoire":"iris332811201","libelle_territoire":"Bourdillot"}},
{"type":"Feature","geometry":{"type":"Polygon","coordinates":[[[-0.63496,44.81431],[-0.63758,44.8259],[-0.65016,44.82381],[-0.649,44.81421],[-0.63527,44.81403],[-0.63496,44.81431]]]},"properties":{"code_territoire":"iris332811301","libelle_territoire":"Le Burck"}},
{"type":"Feature","geometry":{"type":"Polygon","coordinates":[[[-0.67242,44.81299],[-0.6739,44.82],[-0.6755,44.82763],[-0.68485,44.82461],[-0.71333,44.81388],[-0.72615,44.81351],[-0.7289,44.80429],[-0.72946,44.8016],[-0.7216,44.80204],[-0.71321,44.79978],[-0.70876,44.80077],[-0.7045,44.80023],[-0.69296,44.80698],[-0.67982,44.81271],[-0.67242,44.81299]]]},"properties":{"code_territoire":"iris332811401","libelle_territoire":"Beutre"}},
{"type":"Feature","geometry":{"type":"Polygon","coordinates":[[[-0.73846,44.82959],[-0.73381,44.83342],[-0.72207,44.83267],[-0.71726,44.83409],[-0.71798,44.83778],[-0.70438,44.84499],[-0.7014,44.83976],[-0.69845,44.84348],[-0.69266,44.844],[-0.69168,44.84742],[-0.67931,44.84806],[-0.67713,44.85823],[-0.71932,44.84708],[-0.74639,44.85045],[-0.75694,44.84669],[-0.75359,44.84076],[-0.75383,44.8325],[-0.73846,44.82959]]]},"properties":{"code_territoire":"iris332811501","libelle_territoire":"Marchegay"}},
{"type":"Feature","geometry":{"type":"Polygon","coordinates":[[[-0.72615,44.81351],[-0.71333,44.81388],[-0.68485,44.82461],[-0.6883,44.83028],[-0.68361,44.83259],[-0.69493,44.83364],[-0.69266,44.844],[-0.69845,44.84348],[-0.7014,44.83976],[-0.70438,44.84499],[-0.71798,44.83778],[-0.71726,44.83409],[-0.72207,44.83267],[-0.73381,44.83342],[-0.73846,44.82959],[-0.72615,44.81351]]]},"properties":{"code_territoire":"iris332811502","libelle_territoire":"Zone Aéroportuaire"}},
{"type":"Feature","geometry":{"type":"Polygon","coordinates":[[[-0.35761,44.96811],[-0.35467,44.97257],[-0.34872,44.97418],[-0.34345,44.97821],[-0.34805,44.97909],[-0.34827,44.98099],[-0.35363,44.98037],[-0.35551,44.9825],[-0.36236,44.98249],[-0.36165,44.97838],[-0.36522,44.9742],[-0.3623,44.9702],[-0.35761,44.96811]]]},"properties":{"code_territoire":"iris335240000","libelle_territoire":"Tarnès (commune non irisée)"}},
{"type":"Feature","geometry":{"type":"Polygon","coordinates":[[[-0.47823,45.05754],[-0.47669,45.0634],[-0.48223,45.06504],[-0.48395,45.06832],[-0.49638,45.06637],[-0.50015,45.06996],[-0.50632,45.06988],[-0.50902,45.07424],[-0.51709,45.07015],[-0.5135,45.06552],[-0.51501,45.05875],[-0.51828,45.05661],[-0.51963,45.0587],[-0.52262,45.05884],[-0.52713,45.0568],[-0.52683,45.05293],[-0.53507,45.04997],[-0.53389,45.04703],[-0.51974,45.03834],[-0.52087,45.03599],[-0.51698,45.03171],[-0.51308,45.03254],[-0.51342,45.0313],[-0.50665,45.03052],[-0.50438,45.04217],[-0.49102,45.04561],[-0.48139,45.05318],[-0.47823,45.05754]]]},"properties":{"code_territoire":"iris335250000","libelle_territoire":"Tauriac (commune non irisée)"}},
{"type":"Feature","geometry":{"type":"Polygon","coordinates":[[[-0.04295,44.9532],[-0.03071,44.95212],[-0.01773,44.94772],[-0.00719,44.94983],[-0.00809,44.95189],[-0.00094,44.95992],[-0.00439,44.9673],[-0.01134,44.9726],[-0.01645,44.97249],[-0.03303,44.97356],[-0.04036,44.96415],[-0.04889,44.96021],[-0.04544,44.95465],[-0.04295,44.9532]]]},"properties":{"code_territoire":"iris335260000","libelle_territoire":"Tayac (commune non irisée)"}},
{"type":"Feature","geometry":{"type":"Polygon","coordinates":[[[-1.01118,44.51025],[-0.99513,44.54903],[-0.9912,44.54959],[-0.99274,44.55508],[-0.98518,44.57356],[-0.9725,44.57497],[-0.97547,44.57749],[-0.97189,44.5952],[-0.96415,44.59715],[-0.9618,44.6011],[-0.97125,44.60384],[-0.96998,44.61424],[-0.97574,44.61785],[-0.97907,44.62197],[-0.98256,44.62288],[-0.98649,44.61999],[-0.99341,44.62282],[-0.99792,44.62871],[-0.99948,44.63566],[-1.0017,44.63765],[-1.00418,44.63655],[-1.00053,44.64322],[-1.0027,44.64483],[-1.00095,44.64643],[-1.00845,44.65052],[-1.01264,44.64848],[-1.01442,44.65003],[-1.01824,44.64942],[-1.02067,44.64751],[-1.02668,44.65048],[-1.02588,44.64422],[-1.02222,44.64461],[-1.02114,44.64401],[-1.02175,44.64262],[-1.01279,44.64079],[-1.01864,44.64035],[-1.02222,44.64254],[-1.02208,44.64425],[-1.0266,44.64392],[-1.02885,44.64797],[-1.03596,44.64891],[-1.03779,44.65392],[-1.04196,44.65274],[-1.04416,44.64791],[-1.04278,44.64368],[-1.05012,44.62454],[-1.06382,44.56658],[-1.08507,44.53237],[-1.02649,44.50715],[-1.01118,44.51025]]]},"properties":{"code_territoire":"iris335270000","libelle_territoire":"Le Teich (commune non irisée)"}},
{"type":"Feature","geometry":{"type":"Polygon","coordinates":[[[-0.69266,44.844],[-0.69493,44.83364],[-0.68361,44.83259],[-0.6883,44.83028],[-0.68485,44.82461],[-0.6755,44.82763],[-0.67669,44.83519],[-0.67268,44.8434],[-0.67931,44.84806],[-0.69168,44.84742],[-0.69266,44.844]]]},"properties":{"code_territoire":"iris332811503","libelle_territoire":"Beaudésert"}},
{"type":"Feature","geometry":{"type":"Polygon","coordinates":[[[-0.67713,44.85823],[-0.67931,44.84806],[-0.67268,44.8434],[-0.66822,44.84958],[-0.66221,44.85771],[-0.66655,44.85828],[-0.67713,44.85823]]]},"properties":{"code_territoire":"iris332811504","libelle_territoire":"Z.I. du Phare"}},
{"type":"Feature","geometry":{"type":"Polygon","coordinates":[[[-0.08756,44.80491],[-0.09019,44.80372],[-0.09258,44.80543],[-0.10344,44.79269],[-0.10341,44.78893],[-0.10901,44.77919],[-0.09355,44.77457],[-0.09248,44.77128],[-0.07985,44.76874],[-0.06175,44.77087],[-0.05963,44.77364],[-0.06493,44.77511],[-0.0681,44.77902],[-0.0684,44.78389],[-0.06487,44.78562],[-0.06836,44.7944],[-0.07447,44.79862],[-0.07556,44.80167],[-0.08069,44.80158],[-0.08756,44.80491]]]},"properties":{"code_territoire":"iris332820000","libelle_territoire":"Mérignas (commune non irisée)"}},
{"type":"Feature","geometry":{"type":"Polygon","coordinates":[[[0.00082,44.6366],[0.00124,44.6454],[-0.0011,44.65145],[-0.01075,44.65676],[-0.01354,44.65058],[-0.02087,44.65137],[-0.02883,44.63394],[-0.02621,44.63395],[-0.02682,44.63688],[-0.02385,44.63917],[-0.02015,44.63957],[-0.01325,44.63404],[-0.00362,44.63571],[0.00082,44.6366]]]},"properties":{"code_territoire":"iris332830000","libelle_territoire":"Mesterrieux (commune non irisée)"}},
{"type":"Feature","geometry":{"type":"Polygon","coordinates":[[[-1.03739,44.87241],[-1.0406,44.84885],[-1.00639,44.82982],[-0.95819,44.83032],[-0.94449,44.83348],[-0.92503,44.84138],[-0.88489,44.84982],[-0.88116,44.85752],[-0.88402,44.88572],[-0.89297,44.89602],[-0.90565,44.89812],[-0.93301,44.90255],[-0.93415,44.89746],[-0.95883,44.8882],[-0.96436,44.88288],[-0.98532,44.88195],[-0.99123,44.88728],[-0.99872,44.88983],[-1.01922,44.88753],[-1.03739,44.87241]]]},"properties":{"code_territoire":"iris335280000","libelle_territoire":"Le Temple (commune non irisée)"}},
{"type":"Feature","geometry":{"type":"MultiPolygon","coordinates":[[[[-1.16854,44.64688],[-1.17297,44.64581],[-1.16927,44.63517],[-1.1665,44.63548],[-1.16713,44.6337],[-1.16179,44.63256],[-1.15902,44.63319],[-1.15867,44.63124],[-1.15536,44.63109],[-1.15447,44.63528],[-1.14449,44.63562],[-1.13624,44.63698],[-1.13411,44.63535],[-1.12979,44.63704],[-1.12563,44.63616],[-1.12544,44.63742],[-1.12515,44.64051],[-1.12937,44.63918],[-1.13233,44.64758],[-1.1404,44.64829],[-1.14562,44.64587],[-1.14328,44.63812],[-1.14647,44.63931],[-1.14452,44.63988],[-1.14573,44.64292],[-1.14653,44.64048],[-1.14712,44.64763],[-1.14875,44.64797],[-1.14562,44.65006],[-1.14705,44.65108],[-1.13912,44.65369],[-1.16854,44.64688]]],[[[-1.18866,44.70056],[-1.18989,44.69896],[-1.18413,44.69704],[-1.18461,44.69361],[-1.18059,44.69213],[-1.17851,44.6941],[-1.17801,44.69247],[-1.17321,44.69283],[-1.16633,44.6956],[-1.16814,44.69853],[-1.17056,44.69772],[-1.16745,44.69923],[-1.16828,44.7019],[-1.17101,44.70109],[-1.16965,44.70255],[-1.17616,44.70456],[-1.18458,44.70425],[-1.18866,44.70056]]]]},"properties":{"code_territoire":"iris335290101","libelle_territoire":"Aiguillon-Port"}},
{"type":"Feature","geometry":{"type":"Polygon","coordinates":[[[-1.13233,44.64758],[-1.12937,44.63918],[-1.12515,44.64051],[-1.12544,44.63742],[-1.12563,44.63616],[-1.12979,44.63704],[-1.13411,44.63535],[-1.13342,44.63184],[-1.13846,44.63154],[-1.13683,44.62667],[-1.13264,44.62715],[-1.13219,44.62446],[-1.12726,44.62615],[-1.13163,44.62084],[-1.12538,44.61868],[-1.1272,44.61432],[-1.11262,44.61144],[-1.11167,44.61313],[-1.11233,44.61721],[-1.11343,44.6264],[-1.11777,44.6367],[-1.11973,44.63711],[-1.11878,44.63951],[-1.1178,44.64728],[-1.12828,44.64767],[-1.12886,44.64431],[-1.13233,44.64758]]]},"properties":{"code_territoire":"iris335290102","libelle_territoire":"Bordes"}},
{"type":"Feature","geometry":{"type":"Polygon","coordinates":[[[-0.80464,44.71065],[-0.83693,44.69418],[-0.86059,44.67974],[-0.87193,44.67447],[-0.87559,44.67475],[-0.87768,44.67094],[-0.88368,44.66957],[-0.88755,44.66405],[-0.88549,44.66224],[-0.88686,44.65762],[-0.89666,44.65002],[-0.9172,44.64932],[-0.92244,44.64576],[-0.92157,44.64142],[-0.92561,44.63139],[-0.90025,44.62875],[-0.87148,44.62312],[-0.84872,44.62519],[-0.85061,44.61371],[-0.84828,44.60288],[-0.83472,44.61063],[-0.81534,44.60776],[-0.81314,44.61773],[-0.80652,44.62566],[-0.81557,44.62865],[-0.82074,44.63541],[-0.81572,44.64443],[-0.82532,44.64929],[-0.82186,44.65192],[-0.82162,44.65813],[-0.81913,44.65913],[-0.81722,44.66494],[-0.81279,44.66605],[-0.80985,44.66965],[-0.7715,44.69322],[-0.80464,44.71065]]]},"properties":{"code_territoire":"iris332840101","libelle_territoire":"Lacanau"}},
{"type":"Feature","geometry":{"type":"Polygon","coordinates":[[[-1.14967,44.62601],[-1.14361,44.62712],[-1.14449,44.63562],[-1.15447,44.63528],[-1.15536,44.63109],[-1.15448,44.62473],[-1.14967,44.62601]]]},"properties":{"code_territoire":"iris335290103","libelle_territoire":"Centre Ville"}},
{"type":"Feature","geometry":{"type":"Polygon","coordinates":[[[-1.15006,44.62265],[-1.14639,44.62252],[-1.14605,44.62482],[-1.13683,44.62667],[-1.13846,44.63154],[-1.13342,44.63184],[-1.13411,44.63535],[-1.13624,44.63698],[-1.14449,44.63562],[-1.14361,44.62712],[-1.14967,44.62601],[-1.15006,44.62265]]]},"properties":{"code_territoire":"iris335290104","libelle_territoire":"Jean de Graily"}},
{"type":"Feature","geometry":{"type":"Polygon","coordinates":[[[-1.15006,44.62265],[-1.14864,44.61536],[-1.14394,44.61476],[-1.13796,44.61657],[-1.13163,44.62084],[-1.12726,44.62615],[-1.13219,44.62446],[-1.13264,44.62715],[-1.13683,44.62667],[-1.14605,44.62482],[-1.14639,44.62252],[-1.15006,44.62265]]]},"properties":{"code_territoire":"iris335290105","libelle_territoire":"Saint-Exupéry"}},
{"type":"Feature","geometry":{"type":"Polygon","coordinates":[[[-1.15867,44.63124],[-1.16502,44.62947],[-1.16236,44.62703],[-1.16754,44.62532],[-1.18204,44.62608],[-1.18722,44.61447],[-1.17771,44.61179],[-1.17675,44.60883],[-1.17348,44.60752],[-1.16995,44.60881],[-1.16902,44.61409],[-1.16121,44.61634],[-1.15315,44.6135],[-1.14769,44.61354],[-1.14572,44.6105],[-1.14155,44.61118],[-1.14044,44.614],[-1.13515,44.61347],[-1.13796,44.61657],[-1.14394,44.61476],[-1.14864,44.61536],[-1.15006,44.62265],[-1.14967,44.62601],[-1.15448,44.62473],[-1.15536,44.63109],[-1.15867,44.63124]]]},"properties":{"code_territoire":"iris335290106","libelle_territoire":"La Migreque"}},
{"type":"Feature","geometry":{"type":"Polygon","coordinates":[[[-1.11167,44.61313],[-1.11262,44.61144],[-1.1272,44.61432],[-1.12538,44.61868],[-1.13163,44.62084],[-1.13796,44.61657],[-1.13515,44.61347],[-1.14044,44.614],[-1.14155,44.61118],[-1.14572,44.6105],[-1.14769,44.61354],[-1.15315,44.6135],[-1.16121,44.61634],[-1.16902,44.61409],[-1.16995,44.60881],[-1.17348,44.60752],[-1.17675,44.60883],[-1.17771,44.61179],[-1.18722,44.61447],[-1.19097,44.60611],[-1.19782,44.60101],[-1.19583,44.59524],[-1.18313,44.59688],[-1.17065,44.59407],[-1.16855,44.59092],[-1.17155,44.58643],[-1.16908,44.58169],[-1.17203,44.57977],[-1.16887,44.57506],[-1.15676,44.57498],[-1.14806,44.57781],[-1.13243,44.57759],[-1.12929,44.58294],[-1.13015,44.57917],[-1.10605,44.57776],[-1.11167,44.61313]]]},"properties":{"code_territoire":"iris335290107","libelle_territoire":"Les Miquelots"}},
{"type":"Feature","geometry":{"type":"Polygon","coordinates":[[[-0.84828,44.60288],[-0.85061,44.61371],[-0.84872,44.62519],[-0.87148,44.62312],[-0.90025,44.62875],[-0.90273,44.62228],[-0.90967,44.60078],[-0.9351,44.59339],[-0.9384,44.60129],[-0.94339,44.60468],[-0.94876,44.60501],[-0.95369,44.61077],[-0.96564,44.61309],[-0.97574,44.61785],[-0.96998,44.61424],[-0.97125,44.60384],[-0.9618,44.6011],[-0.96415,44.59715],[-0.97189,44.5952],[-0.97547,44.57749],[-0.9725,44.57497],[-0.98518,44.57356],[-0.99274,44.55508],[-0.9912,44.54959],[-0.99513,44.54903],[-1.01118,44.51025],[-0.95842,44.5398],[-0.94198,44.55115],[-0.90449,44.56694],[-0.8881,44.58559],[-0.87357,44.59617],[-0.8696,44.59152],[-0.86713,44.59179],[-0.84828,44.60288]]]},"properties":{"code_territoire":"iris332840102","libelle_territoire":"Matalin-Surgenne"}},
{"type":"Feature","geometry":{"type":"Polygon","coordinates":[[[-0.92961,44.61677],[-0.92106,44.60916],[-0.91691,44.60924],[-0.90273,44.62228],[-0.90025,44.62875],[-0.92561,44.63139],[-0.92952,44.62381],[-0.93461,44.61921],[-0.92961,44.61677]]]},"properties":{"code_territoire":"iris332840103","libelle_territoire":"Terres Vives"}},
{"type":"Feature","geometry":{"type":"MultiPolygon","coordinates":[[[[-1.20453,44.63867],[-1.20437,44.61605],[-1.21084,44.5998],[-1.22425,44.57853],[-1.23744,44.56621],[-1.2553,44.53695],[-1.25771,44.5253],[-1.25391,44.51618],[-1.23586,44.51643],[-1.23733,44.5368],[-1.24065,44.54608],[-1.23581,44.5593],[-1.2258,44.57096],[-1.21204,44.57595],[-1.20816,44.58523],[-1.19862,44.5895],[-1.19583,44.59524],[-1.19782,44.60101],[-1.19097,44.60611],[-1.18722,44.61447],[-1.18204,44.62608],[-1.16754,44.62532],[-1.16236,44.62703],[-1.16502,44.62947],[-1.15867,44.63124],[-1.15902,44.63319],[-1.16179,44.63256],[-1.16713,44.6337],[-1.1665,44.63548],[-1.16927,44.63517],[-1.17297,44.64581],[-1.20453,44.63867]]],[[[-1.2522,44.57385],[-1.25736,44.56777],[-1.2537,44.56519],[-1.24478,44.5697],[-1.24516,44.57165],[-1.24606,44.57006],[-1.25216,44.57152],[-1.24792,44.57541],[-1.23692,44.57768],[-1.24655,44.5778],[-1.24156,44.58107],[-1.23369,44.59319],[-1.22307,44.59858],[-1.226,44.5988],[-1.23454,44.59344],[-1.2522,44.57385]]]]},"properties":{"code_territoire":"iris335290201","libelle_territoire":"Le Pyla"}},
{"type":"Feature","geometry":{"type":"Polygon","coordinates":[[[-1.25391,44.51618],[-1.24984,44.49509],[-1.25367,44.46749],[-1.10696,44.50268],[-1.10406,44.56551],[-1.10605,44.57776],[-1.13015,44.57917],[-1.12929,44.58294],[-1.13243,44.57759],[-1.14806,44.57781],[-1.15676,44.57498],[-1.16887,44.57506],[-1.17203,44.57977],[-1.16908,44.58169],[-1.17155,44.58643],[-1.16855,44.59092],[-1.17065,44.59407],[-1.18313,44.59688],[-1.19583,44.59524],[-1.19862,44.5895],[-1.20816,44.58523],[-1.21204,44.57595],[-1.2258,44.57096],[-1.23581,44.5593],[-1.24065,44.54608],[-1.23733,44.5368],[-1.23586,44.51643],[-1.25391,44.51618]]]},"properties":{"code_territoire":"iris335290301","libelle_territoire":"Cazaux"}},
{"type":"Feature","geometry":{"type":"Polygon","coordinates":[[[-0.92961,44.61677],[-0.93377,44.60949],[-0.93322,44.60645],[-0.93721,44.60549],[-0.9384,44.60129],[-0.9351,44.59339],[-0.90967,44.60078],[-0.90273,44.62228],[-0.91691,44.60924],[-0.92106,44.60916],[-0.92961,44.61677]]]},"properties":{"code_territoire":"iris332840104","libelle_territoire":"Centre-Eyre"}},
{"type":"Feature","geometry":{"type":"Polygon","coordinates":[[[-0.97574,44.61785],[-0.96564,44.61309],[-0.95369,44.61077],[-0.94876,44.60501],[-0.94339,44.60468],[-0.9384,44.60129],[-0.93721,44.60549],[-0.93322,44.60645],[-0.93377,44.60949],[-0.92961,44.61677],[-0.93461,44.61921],[-0.92952,44.62381],[-0.92561,44.63139],[-0.92157,44.64142],[-0.92244,44.64576],[-0.92994,44.64088],[-0.94136,44.63841],[-0.94589,44.6387],[-0.95375,44.63564],[-0.96105,44.62973],[-0.96638,44.63028],[-0.97907,44.62197],[-0.97574,44.61785]]]},"properties":{"code_territoire":"iris332840105","libelle_territoire":"Cassadotte-Masquet"}},
{"type":"Feature","geometry":{"type":"Polygon","coordinates":[[[-0.52936,45.10831],[-0.54014,45.11397],[-0.53937,45.11739],[-0.54809,45.11157],[-0.54432,45.10449],[-0.5458,45.10108],[-0.55369,45.10223],[-0.55717,45.09818],[-0.56227,45.10068],[-0.5721,45.0981],[-0.57464,45.0917],[-0.571,45.09138],[-0.56968,45.08947],[-0.56365,45.0893],[-0.56575,45.08676],[-0.55753,45.0835],[-0.53049,45.08483],[-0.52948,45.09552],[-0.53146,45.09963],[-0.53006,45.10458],[-0.52657,45.10657],[-0.52936,45.10831]]]},"properties":{"code_territoire":"iris335300000","libelle_territoire":"Teuillac (commune non irisée)"}},
{"type":"Feature","geometry":{"type":"Polygon","coordinates":[[[-0.25201,44.81704],[-0.24517,44.81689],[-0.24027,44.81228],[-0.23105,44.8194],[-0.22758,44.81992],[-0.23037,44.82509],[-0.22655,44.82874],[-0.24344,44.83372],[-0.24448,44.8379],[-0.24731,44.83802],[-0.25322,44.83462],[-0.25305,44.8318],[-0.25178,44.83004],[-0.25495,44.82928],[-0.25859,44.82343],[-0.25702,44.81992],[-0.25201,44.81704]]]},"properties":{"code_territoire":"iris335310000","libelle_territoire":"Tizac-de-Curton (commune non irisée)"}},
{"type":"Feature","geometry":{"type":"Polygon","coordinates":[[[-0.31683,45.04798],[-0.30408,45.05409],[-0.30694,45.0572],[-0.30423,45.06242],[-0.2976,45.06608],[-0.2901,45.06615],[-0.28757,45.06941],[-0.29137,45.06995],[-0.28922,45.07384],[-0.30054,45.07455],[-0.29945,45.08117],[-0.30663,45.08192],[-0.30631,45.08822],[-0.31966,45.09187],[-0.32949,45.08036],[-0.33458,45.07048],[-0.32976,45.06626],[-0.32484,45.05414],[-0.32125,45.05382],[-0.31959,45.04999],[-0.31683,45.04798]]]},"properties":{"code_territoire":"iris335320000","libelle_territoire":"Tizac-de-Lapouyade (commune non irisée)"}},
{"type":"Feature","geometry":{"type":"Polygon","coordinates":[[[-0.28325,44.58421],[-0.29232,44.58533],[-0.2858,44.58184],[-0.28633,44.57698],[-0.28268,44.57375],[-0.28407,44.57147],[-0.29169,44.56954],[-0.29083,44.56764],[-0.29403,44.56477],[-0.28539,44.55887],[-0.28733,44.55476],[-0.28197,44.55424],[-0.27891,44.55217],[-0.27925,44.54946],[-0.27373,44.54755],[-0.26967,44.54802],[-0.26099,44.55367],[-0.25291,44.56037],[-0.27487,44.57755],[-0.28325,44.58421]]]},"properties":{"code_territoire":"iris335330000","libelle_territoire":"Toulenne (commune non irisée)"}},
{"type":"Feature","geometry":{"type":"Polygon","coordinates":[[[-0.40433,44.70596],[-0.39692,44.71335],[-0.38525,44.71871],[-0.38211,44.72842],[-0.38815,44.73048],[-0.39248,44.72555],[-0.40904,44.71461],[-0.41272,44.7074],[-0.40433,44.70596]]]},"properties":{"code_territoire":"iris335340000","libelle_territoire":"Le Tourne (commune non irisée)"}},
{"type":"Feature","geometry":{"type":"Polygon","coordinates":[[[-0.56575,45.08676],[-0.56662,45.0832],[-0.55959,45.07476],[-0.56202,45.07096],[-0.55979,45.07047],[-0.55465,45.06954],[-0.54508,45.07136],[-0.53647,45.06874],[-0.53478,45.07208],[-0.53073,45.07133],[-0.52795,45.08018],[-0.53049,45.08483],[-0.55753,45.0835],[-0.56575,45.08676]]]},"properties":{"code_territoire":"iris332850000","libelle_territoire":"Mombrier (commune non irisée)"}},
{"type":"Feature","geometry":{"type":"Polygon","coordinates":[[[0.0208,44.58751],[0.02186,44.57961],[0.0195,44.57649],[0.01535,44.57429],[0.00126,44.57379],[0.00122,44.5724],[0.00985,44.56472],[0.01748,44.56306],[0.0153,44.56142],[0.01717,44.56048],[0.02785,44.5594],[0.02625,44.55728],[0.02907,44.5558],[0.02821,44.55433],[0.03173,44.55354],[0.03019,44.55017],[0.03251,44.55059],[0.03779,44.55419],[0.03962,44.55679],[0.03421,44.56501],[0.03884,44.57009],[0.04222,44.58147],[0.04123,44.58465],[0.02618,44.59081],[0.02508,44.58859],[0.0208,44.58751]]]},"properties":{"code_territoire":"iris332870000","libelle_territoire":"Mongauzy (commune non irisée)"}},
{"type":"Feature","geometry":{"type":"Polygon","coordinates":[[[-0.472,44.86556],[-0.47754,44.85114],[-0.48229,44.8478],[-0.4901,44.84851],[-0.49041,44.84345],[-0.49396,44.84396],[-0.49619,44.84152],[-0.49804,44.83726],[-0.49509,44.83509],[-0.50038,44.83324],[-0.50139,44.83044],[-0.49456,44.83059],[-0.48599,44.82694],[-0.47474,44.82542],[-0.47182,44.82718],[-0.46203,44.82675],[-0.46186,44.82812],[-0.45286,44.82583],[-0.45236,44.82825],[-0.44878,44.82795],[-0.44759,44.83493],[-0.44659,44.84706],[-0.44859,44.85057],[-0.45517,44.85375],[-0.45735,44.85697],[-0.455,44.86154],[-0.45835,44.8615],[-0.45959,44.86469],[-0.472,44.86556]]]},"properties":{"code_territoire":"iris335350000","libelle_territoire":"Tresses (commune non irisée)"}},
{"type":"Feature","geometry":{"type":"Polygon","coordinates":[[[-0.62732,44.42927],[-0.61047,44.42882],[-0.61133,44.4318],[-0.58379,44.43241],[-0.56376,44.44276],[-0.56272,44.45036],[-0.56637,44.45104],[-0.57489,44.45885],[-0.58226,44.45897],[-0.58717,44.4627],[-0.58471,44.46536],[-0.57677,44.46687],[-0.57671,44.46869],[-0.59152,44.47062],[-0.6066,44.47271],[-0.61942,44.46916],[-0.6212,44.46299],[-0.61663,44.46057],[-0.61567,44.45792],[-0.61796,44.45493],[-0.63947,44.44888],[-0.62772,44.44289],[-0.62732,44.42927]]]},"properties":{"code_territoire":"iris335360000","libelle_territoire":"Le Tuzan (commune non irisée)"}},
{"type":"Feature","geometry":{"type":"Polygon","coordinates":[[[-0.32951,44.39999],[-0.31208,44.40662],[-0.30466,44.41135],[-0.30267,44.41488],[-0.29569,44.4155],[-0.29432,44.42259],[-0.30109,44.42525],[-0.29465,44.42968],[-0.28998,44.44567],[-0.29076,44.45283],[-0.29701,44.4538],[-0.30579,44.46048],[-0.30957,44.46062],[-0.32025,44.45902],[-0.32857,44.45533],[-0.35093,44.45342],[-0.36399,44.45036],[-0.35938,44.44804],[-0.35781,44.44363],[-0.3597,44.44015],[-0.35741,44.4362],[-0.35577,44.43407],[-0.35772,44.42336],[-0.35344,44.42342],[-0.35103,44.41912],[-0.34702,44.41698],[-0.349,44.41457],[-0.34692,44.41147],[-0.33393,44.40799],[-0.33514,44.4051],[-0.32951,44.39999]]]},"properties":{"code_territoire":"iris335370000","libelle_territoire":"Uzeste (commune non irisée)"}},
{"type":"Feature","geometry":{"type":"Polygon","coordinates":[[[-0.81702,45.41148],[-0.84106,45.43509],[-0.90635,45.4069],[-0.91576,45.40436],[-0.92073,45.40527],[-0.92227,45.40055],[-0.93135,45.39515],[-0.93046,45.39183],[-0.93653,45.38548],[-0.92255,45.38099],[-0.92076,45.37986],[-0.92196,45.37843],[-0.91089,45.37925],[-0.88964,45.37631],[-0.88762,45.37781],[-0.87853,45.37815],[-0.86945,45.38413],[-0.86328,45.39102],[-0.81702,45.41148]]]},"properties":{"code_territoire":"iris335380000","libelle_territoire":"Valeyrac (commune non irisée)"}},
{"type":"Feature","geometry":{"type":"Polygon","coordinates":[[[-0.35041,44.88958],[-0.34695,44.88199],[-0.3427,44.88119],[-0.34068,44.87578],[-0.33135,44.86999],[-0.32861,44.87239],[-0.32056,44.86723],[-0.31836,44.86853],[-0.31474,44.86655],[-0.31238,44.86843],[-0.3008,44.87413],[-0.30594,44.87707],[-0.3063,44.88314],[-0.30594,44.88691],[-0.30449,44.88588],[-0.30038,44.88721],[-0.29963,44.88921],[-0.30585,44.8928],[-0.31103,44.90105],[-0.31747,44.91499],[-0.32651,44.91438],[-0.33058,44.91094],[-0.3359,44.90968],[-0.33862,44.91202],[-0.34246,44.9109],[-0.35238,44.89871],[-0.3491,44.894],[-0.35041,44.88958]]]},"properties":{"code_territoire":"iris335390000","libelle_territoire":"Vayres (commune non irisée)"}},
{"type":"Feature","geometry":{"type":"Polygon","coordinates":[[[-0.25801,44.64311],[-0.27437,44.63085],[-0.27909,44.62376],[-0.27812,44.62113],[-0.2661,44.62192],[-0.25175,44.62756],[-0.23533,44.62397],[-0.22811,44.6245],[-0.23406,44.6328],[-0.24206,44.63723],[-0.25801,44.64311]]]},"properties":{"code_territoire":"iris332880000","libelle_territoire":"Monprimblanc (commune non irisée)"}},
{"type":"Feature","geometry":{"type":"Polygon","coordinates":[[[0.11584,44.6394],[0.11098,44.63969],[0.10989,44.6422],[0.10537,44.64223],[0.10561,44.64741],[0.10947,44.65027],[0.10959,44.6612],[0.10298,44.66442],[0.10197,44.66319],[0.09565,44.6623],[0.09237,44.66379],[0.08946,44.66239],[0.08719,44.66139],[0.08969,44.65517],[0.0875,44.65345],[0.07234,44.65563],[0.07167,44.65386],[0.06865,44.65474],[0.06647,44.65334],[0.06597,44.65065],[0.06196,44.64996],[0.06128,44.64757],[0.05636,44.64736],[0.05695,44.64456],[0.06871,44.63533],[0.0704,44.63876],[0.07926,44.63478],[0.08599,44.63995],[0.08866,44.63075],[0.09289,44.63219],[0.0974,44.62957],[0.09952,44.63146],[0.10361,44.62991],[0.10583,44.63443],[0.11432,44.63514],[0.11584,44.6394]]]},"properties":{"code_territoire":"iris332890000","libelle_territoire":"Monségur (commune non irisée)"}},
{"type":"Feature","geometry":{"type":"Polygon","coordinates":[[[-1.03121,45.32271],[-1.03579,45.32581],[-1.03584,45.33251],[-1.03958,45.3413],[-1.03669,45.34753],[-1.04088,45.34914],[-1.03555,45.35948],[-1.03487,45.36813],[-1.02734,45.37948],[-1.0322,45.38513],[-1.05268,45.38295],[-1.08416,45.38957],[-1.09326,45.38941],[-1.09288,45.38796],[-1.10257,45.38588],[-1.11229,45.38599],[-1.12588,45.38247],[-1.15989,45.39036],[-1.15845,45.35669],[-1.16333,45.28514],[-1.12429,45.29057],[-1.10299,45.29073],[-1.08468,45.29703],[-1.08035,45.29687],[-1.08022,45.29391],[-1.07803,45.29316],[-1.06461,45.29531],[-1.06222,45.2939],[-1.05694,45.29934],[-1.04616,45.30393],[-1.04004,45.30774],[-1.03121,45.32271]]]},"properties":{"code_territoire":"iris335400000","libelle_territoire":"Vendays-Montalivet (commune non irisée)"}},
{"type":"Feature","geometry":{"type":"Polygon","coordinates":[[[-1.06223,45.41468],[-1.07302,45.41275],[-1.08988,45.39771],[-1.09506,45.39879],[-1.09919,45.39729],[-1.10181,45.39914],[-1.10232,45.40487],[-1.10747,45.4076],[-1.10818,45.41128],[-1.12135,45.41127],[-1.16032,45.40566],[-1.15989,45.39036],[-1.12588,45.38247],[-1.11229,45.38599],[-1.10257,45.38588],[-1.09288,45.38796],[-1.09326,45.38941],[-1.08416,45.38957],[-1.05268,45.38295],[-1.0322,45.38513],[-1.02734,45.37948],[-1.02336,45.38087],[-1.02289,45.38277],[-1.01823,45.38067],[-1.01654,45.38799],[-1.00987,45.38726],[-1.00895,45.39131],[-1.00377,45.41423],[-1.01055,45.41409],[-1.00912,45.42685],[-1.01863,45.42828],[-1.01838,45.41423],[-1.02521,45.4176],[-1.03848,45.41507],[-1.03868,45.41309],[-1.06223,45.41468]]]},"properties":{"code_territoire":"iris335410000","libelle_territoire":"Vensac (commune non irisée)"}},
{"type":"Feature","geometry":{"type":"Polygon","coordinates":[[[-0.3084,45.00172],[-0.31431,45.00155],[-0.31862,45.00982],[-0.33165,45.00797],[-0.33328,45.00587],[-0.3379,45.0057],[-0.35188,44.99768],[-0.35782,45.00043],[-0.36186,44.99627],[-0.36559,44.9924],[-0.35635,44.98643],[-0.35381,44.98381],[-0.35551,44.9825],[-0.35363,44.98037],[-0.34827,44.98099],[-0.34805,44.97909],[-0.34345,44.97821],[-0.34293,44.9797],[-0.34021,44.97866],[-0.33467,44.98157],[-0.33233,44.98105],[-0.33137,44.98304],[-0.32028,44.98762],[-0.3171,44.99691],[-0.3128,44.99524],[-0.31101,44.99645],[-0.3084,45.00172]]]},"properties":{"code_territoire":"iris335420000","libelle_territoire":"Vérac (commune non irisée)"}},
{"type":"Feature","geometry":{"type":"Polygon","coordinates":[[[-0.27487,44.57755],[-0.26583,44.58218],[-0.263,44.58078],[-0.2549,44.58398],[-0.25378,44.58221],[-0.24881,44.58478],[-0.24588,44.58309],[-0.24415,44.5854],[-0.23907,44.58586],[-0.23661,44.5901],[-0.23193,44.59258],[-0.23072,44.59836],[-0.22697,44.60009],[-0.22651,44.60286],[-0.22418,44.60274],[-0.22559,44.60648],[-0.2446,44.60372],[-0.25351,44.59715],[-0.25383,44.59067],[-0.26476,44.5863],[-0.26403,44.58379],[-0.27018,44.58478],[-0.27446,44.58305],[-0.27773,44.58599],[-0.28325,44.58421],[-0.27487,44.57755]]]},"properties":{"code_territoire":"iris335430000","libelle_territoire":"Verdelais (commune non irisée)"}},
{"type":"Feature","geometry":{"type":"Polygon","coordinates":[[[-0.17565,44.96266],[-0.1862,44.95551],[-0.16702,44.95315],[-0.1511,44.94533],[-0.15582,44.94211],[-0.15351,44.93913],[-0.16113,44.9367],[-0.16539,44.9324],[-0.1743,44.93137],[-0.16609,44.92552],[-0.15824,44.92384],[-0.149,44.91882],[-0.14039,44.91843],[-0.13689,44.91469],[-0.13176,44.91286],[-0.1116,44.90776],[-0.09704,44.90172],[-0.09144,44.89997],[-0.0745,44.90644],[-0.07823,44.91378],[-0.08737,44.91192],[-0.08723,44.91441],[-0.09655,44.91757],[-0.0938,44.91908],[-0.0981,44.9229],[-0.09745,44.92577],[-0.09358,44.92699],[-0.09619,44.93561],[-0.09358,44.93696],[-0.09636,44.94246],[-0.10931,44.94234],[-0.12022,44.94974],[-0.11722,44.95189],[-0.12057,44.95524],[-0.12938,44.9598],[-0.14368,44.96443],[-0.14199,44.96103],[-0.14515,44.96119],[-0.14989,44.95266],[-0.16145,44.95612],[-0.17251,44.96476],[-0.17565,44.96266]]]},"properties":{"code_territoire":"iris332900000","libelle_territoire":"Montagne (commune non irisée)"}},
{"type":"Feature","geometry":{"type":"Polygon","coordinates":[[[-1.11666,45.52518],[-1.10748,45.52098],[-1.11068,45.51608],[-1.10707,45.5161],[-1.10161,45.51256],[-1.09892,45.51392],[-1.09039,45.50987],[-1.08415,45.51417],[-1.07764,45.51312],[-1.06851,45.51499],[-0.99151,45.54762],[-1.02628,45.57516],[-1.06141,45.57251],[-1.06113,45.57368],[-1.07791,45.56745],[-1.08397,45.56689],[-1.07742,45.56803],[-1.08194,45.56847],[-1.09202,45.56525],[-1.09764,45.55379],[-1.09982,45.54198],[-1.11225,45.53214],[-1.11666,45.52518]]]},"properties":{"code_territoire":"iris335440000","libelle_territoire":"Le Verdon-sur-Mer (commune non irisée)"}},
{"type":"Feature","geometry":{"type":"Polygon","coordinates":[[[-0.81606,45.2424],[-0.81088,45.24722],[-0.81351,45.24969],[-0.81351,45.25525],[-0.80208,45.26385],[-0.80394,45.2662],[-0.80208,45.26862],[-0.80604,45.26976],[-0.80718,45.27571],[-0.83244,45.27432],[-0.84543,45.27362],[-0.85503,45.26971],[-0.86255,45.2688],[-0.86586,45.26433],[-0.87195,45.26271],[-0.87863,45.25567],[-0.88376,45.25472],[-0.89318,45.24669],[-0.88524,45.23588],[-0.87998,45.23296],[-0.87871,45.23487],[-0.8741,45.23383],[-0.87074,45.23698],[-0.86703,45.23573],[-0.86308,45.23848],[-0.85813,45.23598],[-0.85218,45.23659],[-0.85128,45.2352],[-0.84538,45.23484],[-0.84476,45.23639],[-0.83561,45.23916],[-0.82292,45.23891],[-0.81606,45.2424]]]},"properties":{"code_territoire":"iris335450000","libelle_territoire":"Vertheuil (commune non irisée)"}},
{"type":"Feature","geometry":{"type":"Polygon","coordinates":[[[-0.1592,44.85983],[-0.15966,44.85555],[-0.16737,44.84869],[-0.16581,44.84088],[-0.15381,44.84339],[-0.1503,44.84256],[-0.1478,44.83949],[-0.14453,44.83789],[-0.14239,44.84276],[-0.13743,44.84353],[-0.13316,44.84536],[-0.13378,44.85041],[-0.1303,44.85288],[-0.13455,44.8551],[-0.14732,44.85794],[-0.1592,44.85983]]]},"properties":{"code_territoire":"iris335460000","libelle_territoire":"Vignonet (commune non irisée)"}},
{"type":"Feature","geometry":{"type":"Polygon","coordinates":[[[-0.39752,44.43196],[-0.39609,44.43361],[-0.3839,44.4312],[-0.38489,44.43604],[-0.3799,44.43786],[-0.36406,44.43496],[-0.35741,44.4362],[-0.3597,44.44015],[-0.35781,44.44363],[-0.35938,44.44804],[-0.36399,44.45036],[-0.35093,44.45342],[-0.35961,44.45962],[-0.36207,44.46824],[-0.36533,44.46913],[-0.37277,44.46712],[-0.38052,44.46866],[-0.39691,44.46261],[-0.40006,44.4563],[-0.40441,44.45482],[-0.40651,44.45643],[-0.40877,44.45364],[-0.39858,44.44666],[-0.40352,44.44447],[-0.41103,44.43636],[-0.39752,44.43196]]]},"properties":{"code_territoire":"iris335470000","libelle_territoire":"Villandraut (commune non irisée)"}},
{"type":"Feature","geometry":{"type":"Polygon","coordinates":[[[-0.34872,44.97418],[-0.34168,44.96953],[-0.33501,44.96797],[-0.335,44.96621],[-0.3287,44.96612],[-0.33225,44.96269],[-0.32633,44.95547],[-0.31061,44.95272],[-0.30304,44.95346],[-0.29915,44.95644],[-0.29476,44.95524],[-0.28981,44.96935],[-0.28141,44.9717],[-0.28012,44.97723],[-0.28415,44.97728],[-0.28595,44.97989],[-0.29205,44.9792],[-0.29987,44.98168],[-0.30173,44.99221],[-0.30507,44.99187],[-0.30506,44.99343],[-0.31101,44.99645],[-0.3128,44.99524],[-0.3171,44.99691],[-0.32028,44.98762],[-0.33137,44.98304],[-0.33233,44.98105],[-0.33467,44.98157],[-0.34021,44.97866],[-0.34293,44.9797],[-0.34345,44.97821],[-0.34872,44.97418]]]},"properties":{"code_territoire":"iris335480000","libelle_territoire":"Villegouge (commune non irisée)"}},
{"type":"Feature","geometry":{"type":"Polygon","coordinates":[[[-0.34328,44.68332],[-0.33601,44.68359],[-0.33318,44.68657],[-0.329,44.68634],[-0.32434,44.69052],[-0.32675,44.69484],[-0.33465,44.6962],[-0.34365,44.69587],[-0.35516,44.6922],[-0.35442,44.6908],[-0.35821,44.68901],[-0.34721,44.68415],[-0.34328,44.68332]]]},"properties":{"code_territoire":"iris335490000","libelle_territoire":"Villenave-de-Rions (commune non irisée)"}},
{"type":"Feature","geometry":{"type":"Polygon","coordinates":[[[-0.58878,44.77885],[-0.58558,44.78246],[-0.57709,44.78327],[-0.57625,44.78555],[-0.56652,44.78767],[-0.56973,44.7994],[-0.57122,44.8025],[-0.57256,44.80554],[-0.58135,44.79526],[-0.58222,44.79371],[-0.58693,44.78837],[-0.59073,44.78712],[-0.59185,44.78694],[-0.59325,44.78264],[-0.5895,44.78302],[-0.59083,44.78149],[-0.58878,44.77885]]]},"properties":{"code_territoire":"iris335500101","libelle_territoire":"Croix de Leysotte-Chanteloiseau-Saint-Bris"}},
{"type":"Feature","geometry":{"type":"Polygon","coordinates":[[[-0.58832,44.75787],[-0.58358,44.7576],[-0.58112,44.76302],[-0.58132,44.76607],[-0.58491,44.76707],[-0.58212,44.77118],[-0.58706,44.77071],[-0.58974,44.76982],[-0.59003,44.76277],[-0.58832,44.75787]]]},"properties":{"code_territoire":"iris335500102","libelle_territoire":"Petit Chambéry-Brown"}},
{"type":"Feature","geometry":{"type":"Polygon","coordinates":[[[-0.58112,44.76302],[-0.5734,44.76115],[-0.57073,44.76194],[-0.5706,44.76743],[-0.57917,44.76906],[-0.5768,44.7728],[-0.58212,44.77118],[-0.58491,44.76707],[-0.58132,44.76607],[-0.58112,44.76302]]]},"properties":{"code_territoire":"iris335500103","libelle_territoire":"Chambéry"}},
{"type":"Feature","geometry":{"type":"Polygon","coordinates":[[[-0.5543,44.75869],[-0.55816,44.75839],[-0.56032,44.76364],[-0.56578,44.76401],[-0.57073,44.76194],[-0.5734,44.76115],[-0.57181,44.75699],[-0.5825,44.75295],[-0.57147,44.74324],[-0.56244,44.74206],[-0.56622,44.75256],[-0.55665,44.75446],[-0.5578,44.75689],[-0.5543,44.75869]]]},"properties":{"code_territoire":"iris335500104","libelle_territoire":"Peyrehaut-Carbonnieux-Trigan"}},
{"type":"Feature","geometry":{"type":"Polygon","coordinates":[[[-0.56652,44.78767],[-0.57625,44.78555],[-0.57709,44.78327],[-0.5757,44.78038],[-0.57757,44.78033],[-0.57511,44.7798],[-0.57148,44.77913],[-0.56603,44.78206],[-0.56618,44.78351],[-0.56652,44.78767]]]},"properties":{"code_territoire":"iris335500105","libelle_territoire":"Saint-Martin-Canteloup-Bourleaux"}},
{"type":"Feature","geometry":{"type":"Polygon","coordinates":[[[0.00122,44.5724],[0.00126,44.57379],[0.01535,44.57429],[0.0195,44.57649],[0.02186,44.57961],[0.0208,44.58751],[0.01322,44.58569],[0.00629,44.5891],[0.00449,44.58532],[-0.00208,44.58913],[-0.00549,44.58816],[-0.00708,44.58751],[-0.00501,44.58416],[-0.00758,44.58254],[-0.00622,44.57912],[-0.01086,44.57492],[0.00122,44.5724]]]},"properties":{"code_territoire":"iris332910000","libelle_territoire":"Montagoudin (commune non irisée)"}},
{"type":"Feature","geometry":{"type":"Polygon","coordinates":[[[-0.23915,44.71462],[-0.22943,44.70787],[-0.23138,44.70501],[-0.22874,44.70375],[-0.22505,44.70602],[-0.21946,44.70214],[-0.21268,44.70138],[-0.20834,44.70151],[-0.20659,44.70397],[-0.20065,44.70363],[-0.19939,44.70672],[-0.19543,44.70579],[-0.18853,44.70491],[-0.18947,44.71034],[-0.19461,44.71275],[-0.19736,44.71218],[-0.19817,44.71405],[-0.20531,44.715],[-0.22009,44.72404],[-0.22696,44.72947],[-0.2398,44.71973],[-0.23915,44.71462]]]},"properties":{"code_territoire":"iris332920000","libelle_territoire":"Montignac (commune non irisée)"}},
{"type":"Feature","geometry":{"type":"Polygon","coordinates":[[[-0.41064,44.87235],[-0.40957,44.88125],[-0.4115,44.89238],[-0.40763,44.90239],[-0.4193,44.89668],[-0.42895,44.89729],[-0.4358,44.89381],[-0.4415,44.89404],[-0.44413,44.89138],[-0.45126,44.88065],[-0.45138,44.87807],[-0.44885,44.87722],[-0.44939,44.86629],[-0.44006,44.87073],[-0.43682,44.86826],[-0.42985,44.86921],[-0.42315,44.87352],[-0.41064,44.87235]]]},"properties":{"code_territoire":"iris332930000","libelle_territoire":"Montussan (commune non irisée)"}},
{"type":"Feature","geometry":{"type":"Polygon","coordinates":[[[-0.54292,44.76111],[-0.5497,44.77332],[-0.55228,44.78698],[-0.55838,44.78535],[-0.55937,44.78348],[-0.56618,44.78351],[-0.56603,44.78206],[-0.56346,44.7672],[-0.56032,44.76364],[-0.55816,44.75839],[-0.5543,44.75869],[-0.54292,44.76111]]]},"properties":{"code_territoire":"iris335500106","libelle_territoire":"Clemenceau-Pontac-Sallegourde-Pont Langon"}},
{"type":"Feature","geometry":{"type":"Polygon","coordinates":[[[-0.51173,44.77382],[-0.5194,44.7891],[-0.52306,44.79172],[-0.53543,44.78964],[-0.53642,44.78658],[-0.54657,44.78938],[-0.55172,44.78775],[-0.55228,44.78698],[-0.5497,44.77332],[-0.54292,44.76111],[-0.53747,44.76313],[-0.53449,44.76865],[-0.52722,44.76739],[-0.5237,44.77002],[-0.51148,44.76937],[-0.51173,44.77382]]]},"properties":{"code_territoire":"iris335500107","libelle_territoire":"Hourcade-Geneste-Le Bourg-Courréjean"}},
{"type":"Feature","geometry":{"type":"Polygon","coordinates":[[[-0.5825,44.75295],[-0.57181,44.75699],[-0.5734,44.76115],[-0.58112,44.76302],[-0.58358,44.7576],[-0.58832,44.75787],[-0.58674,44.75373],[-0.5825,44.75295]]]},"properties":{"code_territoire":"iris335500108","libelle_territoire":"La Monnaie-La Taille"}},
{"type":"Feature","geometry":{"type":"Polygon","coordinates":[[[-0.5768,44.7728],[-0.57917,44.76906],[-0.5706,44.76743],[-0.57073,44.76194],[-0.56578,44.76401],[-0.56032,44.76364],[-0.56346,44.7672],[-0.56603,44.78206],[-0.57148,44.77913],[-0.57511,44.7798],[-0.57378,44.77804],[-0.5768,44.7728]]]},"properties":{"code_territoire":"iris335500109","libelle_territoire":"Lahé-Barret-Soors"}},
{"type":"Feature","geometry":{"type":"Polygon","coordinates":[[[-0.58706,44.77071],[-0.58212,44.77118],[-0.5768,44.7728],[-0.57378,44.77804],[-0.57511,44.7798],[-0.57757,44.78033],[-0.5757,44.78038],[-0.57709,44.78327],[-0.58558,44.78246],[-0.58878,44.77885],[-0.58909,44.77863],[-0.58811,44.77803],[-0.58545,44.7791],[-0.58706,44.77071]]]},"properties":{"code_territoire":"iris335500110","libelle_territoire":"Baugé-Sarcignan-Versein"}},
{"type":"Feature","geometry":{"type":"Polygon","coordinates":[[[-0.65888,45.06453],[-0.65477,45.06868],[-0.63735,45.07858],[-0.61582,45.07562],[-0.61871,45.08196],[-0.61538,45.08776],[-0.62074,45.08944],[-0.62535,45.09483],[-0.63773,45.09235],[-0.64152,45.09319],[-0.66139,45.07959],[-0.66666,45.07104],[-0.65888,45.06453]]]},"properties":{"code_territoire":"iris335510000","libelle_territoire":"Villeneuve (commune non irisée)"}},
{"type":"Feature","geometry":{"type":"Polygon","coordinates":[[[-0.37089,44.67856],[-0.37369,44.6838],[-0.37734,44.6761],[-0.38137,44.67601],[-0.40367,44.66053],[-0.40507,44.66177],[-0.42884,44.64784],[-0.42203,44.63656],[-0.40612,44.62918],[-0.38126,44.64091],[-0.38234,44.64343],[-0.37022,44.65848],[-0.36731,44.66587],[-0.36986,44.66756],[-0.36842,44.67355],[-0.37089,44.67856]]]},"properties":{"code_territoire":"iris335520000","libelle_territoire":"Virelade (commune non irisée)"}},
{"type":"Feature","geometry":{"type":"Polygon","coordinates":[[[-0.44464,45.01862],[-0.42755,45.01565],[-0.42704,45.0156],[-0.42041,45.03092],[-0.42735,45.03385],[-0.43317,45.03415],[-0.44208,45.0306],[-0.44563,45.03556],[-0.4485,45.03402],[-0.45314,45.02665],[-0.44757,45.02728],[-0.44851,45.02094],[-0.44464,45.01862]]]},"properties":{"code_territoire":"iris335530000","libelle_territoire":"Virsac (commune non irisée)"}},
{"type":"Feature","geometry":{"type":"Polygon","coordinates":[[[-0.11612,44.61611],[-0.11823,44.6147],[-0.11935,44.60343],[-0.10938,44.60608],[-0.09852,44.60641],[-0.09171,44.60352],[-0.08417,44.60683],[-0.08156,44.60843],[-0.08136,44.61514],[-0.07401,44.61888],[-0.08419,44.62353],[-0.09899,44.62481],[-0.10429,44.62161],[-0.10651,44.62303],[-0.10887,44.62026],[-0.11709,44.62041],[-0.11612,44.61611]]]},"properties":{"code_territoire":"iris332940000","libelle_territoire":"Morizès (commune non irisée)"}},
{"type":"Feature","geometry":{"type":"Polygon","coordinates":[[[-0.35402,45.01286],[-0.35733,45.01161],[-0.35506,45.00898],[-0.35782,45.00043],[-0.35188,44.99768],[-0.3379,45.0057],[-0.34098,45.01132],[-0.34734,45.01391],[-0.35402,45.01286]]]},"properties":{"code_territoire":"iris332950000","libelle_territoire":"Mouillac (commune non irisée)"}},
{"type":"Feature","geometry":{"type":"Polygon","coordinates":[[[-0.45959,44.86469],[-0.44939,44.86629],[-0.44885,44.87722],[-0.45138,44.87807],[-0.45126,44.88065],[-0.44413,44.89138],[-0.45005,44.89191],[-0.45541,44.8963],[-0.46352,44.89806],[-0.46711,44.8988],[-0.46644,44.8942],[-0.46946,44.89112],[-0.4751,44.89137],[-0.47436,44.8896],[-0.48143,44.88246],[-0.48968,44.88186],[-0.49016,44.88426],[-0.49406,44.88261],[-0.49677,44.87681],[-0.47017,44.86925],[-0.47289,44.86551],[-0.472,44.86556],[-0.45959,44.86469]]]},"properties":{"code_territoire":"iris335540000","libelle_territoire":"Yvrac (commune non irisée)"}},
{"type":"Feature","geometry":{"type":"Polygon","coordinates":[[[-0.83743,44.73709],[-0.83891,44.72917],[-0.9067,44.69972],[-0.89422,44.68717],[-0.88524,44.68483],[-0.88368,44.66957],[-0.87768,44.67094],[-0.87559,44.67475],[-0.87193,44.67447],[-0.86059,44.67974],[-0.83693,44.69418],[-0.80464,44.71065],[-0.82357,44.7216],[-0.83743,44.73709]]]},"properties":{"code_territoire":"iris335550000","libelle_territoire":"Marcheprime (commune non irisée)"}},
{"type":"Feature","geometry":{"type":"Polygon","coordinates":[[[-0.05137,44.84714],[-0.04813,44.83905],[-0.05392,44.83674],[-0.05388,44.83425],[-0.05012,44.83178],[-0.04769,44.8263],[-0.04911,44.82366],[-0.04682,44.8234],[-0.0459,44.81932],[-0.03369,44.82069],[-0.02462,44.81925],[-0.01048,44.81004],[-0.00316,44.81131],[0.00257,44.82107],[0.00545,44.83219],[0.0088,44.8463],[-0.00049,44.84611],[-0.03421,44.85216],[-0.04075,44.8517],[-0.05,44.84809],[-0.05137,44.84714]]]},"properties":{"code_territoire":"iris332960000","libelle_territoire":"Mouliets-et-Villemartin (commune non irisée)"}},
{"type":"Feature","geometry":{"type":"Polygon","coordinates":[[[-0.78068,45.04067],[-0.77044,45.04726],[-0.75569,45.05222],[-0.74941,45.0514],[-0.74994,45.05403],[-0.73296,45.06144],[-0.73239,45.06338],[-0.72878,45.06293],[-0.73044,45.06632],[-0.73502,45.06505],[-0.73731,45.0666],[-0.73747,45.06998],[-0.73528,45.0733],[-0.73337,45.07321],[-0.73591,45.07626],[-0.73446,45.08192],[-0.73658,45.08231],[-0.73578,45.08503],[-0.73812,45.08481],[-0.73772,45.08668],[-0.74011,45.08697],[-0.73868,45.09185],[-0.74576,45.09108],[-0.74488,45.08565],[-0.75339,45.08163],[-0.76879,45.07862],[-0.76558,45.067],[-0.77297,45.06406],[-0.77701,45.06518],[-0.77857,45.06331],[-0.78509,45.06351],[-0.78502,45.06008],[-0.7929,45.05762],[-0.7955,45.05279],[-0.80178,45.05162],[-0.80579,45.04619],[-0.82253,45.04538],[-0.82321,45.04261],[-0.8297,45.04064],[-0.84341,45.03916],[-0.84849,45.03644],[-0.85745,45.02628],[-0.86529,45.01822],[-0.85934,45.01679],[-0.85172,45.01918],[-0.84944,45.0207],[-0.84686,45.01982],[-0.83749,45.02152],[-0.83548,45.0241],[-0.83379,45.02116],[-0.82898,45.02209],[-0.82925,45.02533],[-0.82721,45.0254],[-0.82931,45.02952],[-0.81895,45.0308],[-0.82155,45.0359],[-0.81502,45.03942],[-0.80746,45.0357],[-0.80327,45.03829],[-0.8039,45.04188],[-0.78727,45.03931],[-0.78068,45.04067]]]},"properties":{"code_territoire":"iris332970000","libelle_territoire":"Moulis-en-Médoc (commune non irisée)"}},
{"type":"Feature","geometry":{"type":"Polygon","coordinates":[[[-0.21134,44.89308],[-0.21616,44.89443],[-0.23099,44.89358],[-0.23624,44.89287],[-0.24073,44.88992],[-0.24083,44.88686],[-0.23697,44.88369],[-0.23404,44.88502],[-0.22822,44.88427],[-0.22079,44.87838],[-0.22425,44.86475],[-0.22278,44.86372],[-0.22773,44.86166],[-0.22595,44.85505],[-0.24365,44.84266],[-0.24724,44.83821],[-0.24731,44.83802],[-0.24448,44.8379],[-0.24344,44.83372],[-0.22655,44.82874],[-0.21897,44.83107],[-0.21157,44.83028],[-0.19774,44.83223],[-0.19415,44.83515],[-0.20772,44.84772],[-0.21706,44.85166],[-0.21936,44.85437],[-0.20419,44.88028],[-0.20821,44.88982],[-0.21134,44.89308]]]},"properties":{"code_territoire":"iris332980000","libelle_territoire":"Moulon (commune non irisée)"}},
{"type":"Feature","geometry":{"type":"Polygon","coordinates":[[[-0.20258,44.65963],[-0.20954,44.65596],[-0.21756,44.65894],[-0.22534,44.65245],[-0.23377,44.66017],[-0.24144,44.66156],[-0.24346,44.66058],[-0.24091,44.65605],[-0.24389,44.65612],[-0.24428,44.6536],[-0.23984,44.65176],[-0.23638,44.64174],[-0.23233,44.64445],[-0.22674,44.64137],[-0.21224,44.62647],[-0.20611,44.62494],[-0.20587,44.62699],[-0.1814,44.64285],[-0.18245,44.64906],[-0.20258,44.65963]]]},"properties":{"code_territoire":"iris332990000","libelle_territoire":"Mourens (commune non irisée)"}},
{"type":"Feature","geometry":{"type":"Polygon","coordinates":[[[-1.04616,45.30393],[-1.05694,45.29934],[-1.06222,45.2939],[-1.06461,45.29531],[-1.07803,45.29316],[-1.08022,45.29391],[-1.08035,45.29687],[-1.08468,45.29703],[-1.10299,45.29073],[-1.12429,45.29057],[-1.16333,45.28514],[-1.1688,45.24996],[-1.12727,45.24457],[-1.07499,45.24186],[-1.06528,45.23979],[-1.05507,45.22881],[-1.04367,45.22624],[-1.02529,45.22538],[-0.96772,45.21518],[-0.95979,45.21919],[-0.96557,45.22384],[-0.96223,45.24909],[-0.96667,45.25179],[-0.97005,45.26028],[-0.97078,45.26917],[-0.96529,45.27592],[-0.9667,45.27651],[-0.98204,45.28036],[-0.9877,45.28421],[-1.01874,45.28776],[-1.02613,45.29278],[-1.03229,45.29416],[-1.04616,45.30393]]]},"properties":{"code_territoire":"iris333000000","libelle_territoire":"Naujac-sur-Mer (commune non irisée)"}},
{"type":"Feature","geometry":{"type":"Polygon","coordinates":[[[-0.16637,44.7792],[-0.15997,44.79362],[-0.15705,44.79446],[-0.1552,44.79661],[-0.15679,44.80177],[-0.15429,44.80325],[-0.16728,44.80407],[-0.18028,44.79783],[-0.19108,44.8027],[-0.19436,44.79941],[-0.19977,44.80066],[-0.20207,44.79625],[-0.20934,44.79153],[-0.21597,44.78283],[-0.20869,44.78286],[-0.19902,44.77161],[-0.18992,44.77014],[-0.18271,44.77001],[-0.1771,44.77212],[-0.17142,44.77748],[-0.16637,44.7792]]]},"properties":{"code_territoire":"iris333010000","libelle_territoire":"Naujan-et-Postiac (commune non irisée)"}},
{"type":"Feature","geometry":{"type":"Polygon","coordinates":[[[-0.1743,44.93137],[-0.16539,44.9324],[-0.16113,44.9367],[-0.15351,44.93913],[-0.15582,44.94211],[-0.1511,44.94533],[-0.16702,44.95315],[-0.1862,44.95551],[-0.20794,44.94113],[-0.2029,44.94131],[-0.20006,44.93836],[-0.1913,44.9376],[-0.1877,44.93418],[-0.18276,44.93488],[-0.1743,44.93137]]]},"properties":{"code_territoire":"iris333020000","libelle_territoire":"Néac (commune non irisée)"}},
{"type":"Feature","geometry":{"type":"Polygon","coordinates":[[[-0.30412,44.86096],[-0.31315,44.84299],[-0.30261,44.8343],[-0.29475,44.8325],[-0.27472,44.82845],[-0.2596,44.83087],[-0.25518,44.82977],[-0.25305,44.8318],[-0.25322,44.83462],[-0.24731,44.83802],[-0.24724,44.83821],[-0.26197,44.84053],[-0.26552,44.84367],[-0.26825,44.84376],[-0.27778,44.85271],[-0.2913,44.85519],[-0.29094,44.86132],[-0.29557,44.86221],[-0.30085,44.86504],[-0.30412,44.86096]]]},"properties":{"code_territoire":"iris333030000","libelle_territoire":"Nérigean (commune non irisée)"}},
{"type":"Feature","geometry":{"type":"Polygon","coordinates":[[[0.02608,44.65689],[0.02374,44.66149],[0.00786,44.66205],[-0.0011,44.65145],[0.00124,44.6454],[0.00082,44.6366],[0.00513,44.63434],[0.01548,44.6346],[0.01654,44.63597],[0.01979,44.6348],[0.02461,44.63921],[0.0207,44.64191],[0.01634,44.6496],[0.02608,44.65689]]]},"properties":{"code_territoire":"iris333040000","libelle_territoire":"Neuffons (commune non irisée)"}},
{"type":"Feature","geometry":{"type":"Polygon","coordinates":[[[-0.30784,44.48625],[-0.30957,44.46062],[-0.30579,44.46048],[-0.29701,44.4538],[-0.29076,44.45283],[-0.27574,44.45192],[-0.27573,44.45412],[-0.2681,44.45395],[-0.25895,44.45695],[-0.25115,44.45728],[-0.25074,44.45961],[-0.25448,44.4627],[-0.25331,44.47181],[-0.25525,44.47992],[-0.26016,44.48702],[-0.26597,44.48779],[-0.2745,44.49259],[-0.28075,44.48395],[-0.30784,44.48625]]]},"properties":{"code_territoire":"iris333050000","libelle_territoire":"Le Nizan (commune non irisée)"}},
{"type":"Feature","geometry":{"type":"Polygon","coordinates":[[[-0.03744,44.52763],[-0.04145,44.52124],[-0.04268,44.51499],[-0.04567,44.51612],[-0.04882,44.51006],[-0.03789,44.50477],[-0.02979,44.50294],[-0.01928,44.50266],[-0.0156,44.50549],[-0.00954,44.51028],[-0.01104,44.51275],[-0.00689,44.51408],[-0.00608,44.51754],[-0.00068,44.51772],[0.00469,44.52211],[-0.00166,44.52628],[-0.02691,44.53084],[-0.02962,44.52764],[-0.03744,44.52763]]]},"properties":{"code_territoire":"iris333060000","libelle_territoire":"Noaillac (commune non irisée)"}},
{"type":"Feature","geometry":{"type":"Polygon","coordinates":[[[-0.40651,44.45643],[-0.40441,44.45482],[-0.40006,44.4563],[-0.39691,44.46261],[-0.38052,44.46866],[-0.37277,44.46712],[-0.36533,44.46913],[-0.36207,44.46824],[-0.35961,44.45962],[-0.35093,44.45342],[-0.32857,44.45533],[-0.32025,44.45902],[-0.30957,44.46062],[-0.30784,44.48625],[-0.32352,44.4906],[-0.34116,44.49309],[-0.34052,44.49642],[-0.35831,44.501],[-0.36263,44.50101],[-0.36456,44.49701],[-0.37585,44.50054],[-0.38648,44.50142],[-0.38941,44.49969],[-0.39491,44.5002],[-0.40004,44.50426],[-0.4268,44.50899],[-0.43176,44.50426],[-0.42393,44.50341],[-0.42354,44.50189],[-0.40359,44.493],[-0.40688,44.48969],[-0.40617,44.48662],[-0.40282,44.48525],[-0.4015,44.48619],[-0.40158,44.48168],[-0.4032,44.48172],[-0.39874,44.47126],[-0.40651,44.45643]]]},"properties":{"code_territoire":"iris333070000","libelle_territoire":"Noaillan (commune non irisée)"}},
{"type":"Feature","geometry":{"type":"Polygon","coordinates":[[[-0.27592,44.66044],[-0.28396,44.66423],[-0.28449,44.66423],[-0.2921,44.66336],[-0.29234,44.65811],[-0.29971,44.65579],[-0.30108,44.65707],[-0.30152,44.65383],[-0.29726,44.65005],[-0.28932,44.64887],[-0.28299,44.64791],[-0.27534,44.64923],[-0.27592,44.66044]]]},"properties":{"code_territoire":"iris333080000","libelle_territoire":"Omet (commune non irisée)"}},
{"type":"Feature","geometry":{"type":"Polygon","coordinates":[[[-0.87643,45.29923],[-0.86877,45.29604],[-0.86505,45.29702],[-0.85475,45.29547],[-0.85551,45.2975],[-0.85149,45.30207],[-0.83548,45.29741],[-0.83589,45.2956],[-0.8335,45.29625],[-0.82345,45.29969],[-0.81894,45.29837],[-0.81892,45.30579],[-0.79182,45.30942],[-0.79667,45.30925],[-0.82591,45.31687],[-0.82864,45.31591],[-0.83414,45.31964],[-0.83418,45.32165],[-0.84019,45.3223],[-0.8507,45.31342],[-0.85943,45.31313],[-0.86254,45.31124],[-0.86779,45.31539],[-0.87844,45.30889],[-0.88468,45.30798],[-0.88527,45.30684],[-0.88029,45.30594],[-0.87691,45.3028],[-0.87643,45.29923]]]},"properties":{"code_territoire":"iris333090000","libelle_territoire":"Ordonnac (commune non irisée)"}},
{"type":"Feature","geometry":{"type":"Polygon","coordinates":[[[-0.48307,44.52293],[-0.50083,44.52629],[-0.52632,44.53212],[-0.53088,44.51697],[-0.5462,44.4964],[-0.54477,44.48748],[-0.52972,44.48543],[-0.52413,44.4875],[-0.52352,44.4849],[-0.5264,44.48294],[-0.50917,44.48026],[-0.50495,44.47825],[-0.50656,44.47416],[-0.5011,44.47289],[-0.49829,44.48125],[-0.50095,44.48292],[-0.49778,44.48756],[-0.4834,44.48487],[-0.48359,44.49287],[-0.47356,44.50977],[-0.47171,44.51625],[-0.48027,44.51478],[-0.48292,44.51616],[-0.48307,44.52293]]]},"properties":{"code_territoire":"iris333100000","libelle_territoire":"Origne (commune non irisée)"}},
{"type":"Feature","geometry":{"type":"Polygon","coordinates":[[[-0.37369,44.6838],[-0.37089,44.67856],[-0.36234,44.67533],[-0.34761,44.68119],[-0.34721,44.68415],[-0.35821,44.68901],[-0.35442,44.6908],[-0.35516,44.6922],[-0.35675,44.69136],[-0.35686,44.6973],[-0.35865,44.69754],[-0.36345,44.6907],[-0.37461,44.68484],[-0.37369,44.6838]]]},"properties":{"code_territoire":"iris333110000","libelle_territoire":"Paillet (commune non irisée)"}},
{"type":"Feature","geometry":{"type":"Polygon","coordinates":[[[-0.62163,44.94731],[-0.6206,44.94101],[-0.61496,44.94217],[-0.6096,44.93994],[-0.60542,44.94736],[-0.60608,44.95088],[-0.61533,44.95962],[-0.61394,44.96475],[-0.62833,44.96424],[-0.62927,44.95909],[-0.62163,44.94731]]]},"properties":{"code_territoire":"iris333120101","libelle_territoire":"Ouest"}},
{"type":"Feature","geometry":{"type":"Polygon","coordinates":[[[-0.61394,44.96475],[-0.61533,44.95962],[-0.60608,44.95088],[-0.60542,44.94736],[-0.59943,44.94929],[-0.59873,44.96442],[-0.61394,44.96475]]]},"properties":{"code_territoire":"iris333120102","libelle_territoire":"Centre"}},
{"type":"Feature","geometry":{"type":"Polygon","coordinates":[[[-0.59873,44.96442],[-0.59943,44.94929],[-0.60542,44.94736],[-0.6096,44.93994],[-0.60587,44.93771],[-0.60031,44.9351],[-0.57244,44.93401],[-0.57018,44.93758],[-0.5673,44.93702],[-0.56568,44.9426],[-0.54907,44.93883],[-0.54011,44.95881],[-0.54055,44.97406],[-0.55389,44.9753],[-0.56524,44.97108],[-0.59873,44.96442]]]},"properties":{"code_territoire":"iris333120103","libelle_territoire":"Est"}},
{"type":"Feature","geometry":{"type":"Polygon","coordinates":[[[-0.72482,45.20201],[-0.7454,45.19792],[-0.74879,45.19877],[-0.76216,45.19174],[-0.77017,45.19148],[-0.77093,45.19262],[-0.75396,45.20557],[-0.76514,45.2098],[-0.79359,45.21044],[-0.78995,45.20879],[-0.78612,45.20043],[-0.78763,45.18926],[-0.78564,45.18786],[-0.79016,45.17478],[-0.78657,45.16827],[-0.78094,45.16665],[-0.76352,45.17196],[-0.75537,45.16938],[-0.71287,45.18475],[-0.72482,45.20201]]]},"properties":{"code_territoire":"iris333140101","libelle_territoire":"Sud"}},
{"type":"Feature","geometry":{"type":"Polygon","coordinates":[[[-0.79714,45.22138],[-0.79683,45.21234],[-0.79359,45.21044],[-0.76514,45.2098],[-0.75396,45.20557],[-0.77093,45.19262],[-0.77017,45.19148],[-0.76216,45.19174],[-0.74879,45.19877],[-0.7454,45.19792],[-0.72482,45.20201],[-0.73765,45.22926],[-0.755,45.22594],[-0.75718,45.22911],[-0.7613,45.22988],[-0.79355,45.22238],[-0.79714,45.22138]]]},"properties":{"code_territoire":"iris333140102","libelle_territoire":"Nord"}},
{"type":"Feature","geometry":{"type":"Polygon","coordinates":[[[-0.12734,45.06868],[-0.11718,45.06927],[-0.11642,45.06581],[-0.11371,45.06458],[-0.08851,45.05461],[-0.08593,45.05169],[-0.08763,45.04956],[-0.08584,45.04699],[-0.08884,45.04538],[-0.08635,45.04292],[-0.06896,45.04416],[-0.06753,45.04911],[-0.05394,45.06374],[-0.06431,45.06703],[-0.06215,45.07236],[-0.07231,45.08053],[-0.07645,45.0771],[-0.08003,45.07895],[-0.08474,45.07798],[-0.0902,45.07957],[-0.09255,45.07786],[-0.09341,45.08131],[-0.09656,45.08129],[-0.09952,45.07899],[-0.09762,45.07444],[-0.1028,45.07368],[-0.10581,45.07598],[-0.10729,45.08256],[-0.1111,45.08487],[-0.1126,45.08377],[-0.12129,45.07445],[-0.12423,45.07542],[-0.12634,45.07289],[-0.12992,45.07324],[-0.1301,45.06967],[-0.12734,45.06868]]]},"properties":{"code_territoire":"iris333150000","libelle_territoire":"Les Peintures (commune non irisée)"}},
{"type":"Feature","geometry":{"type":"Polygon","coordinates":[[[0.02376,44.77698],[0.02679,44.7751],[0.05433,44.76394],[0.05573,44.7626],[0.04911,44.75834],[0.04941,44.75464],[0.05107,44.74795],[0.06209,44.74118],[0.05758,44.73566],[0.05444,44.72439],[0.06054,44.72389],[0.08303,44.71528],[0.08028,44.70974],[0.09309,44.70593],[0.0927,44.70199],[0.09479,44.70048],[0.10021,44.70106],[0.10642,44.70154],[0.10747,44.7056],[0.1048,44.70752],[0.10769,44.71078],[0.11354,44.71196],[0.11625,44.71092],[0.11792,44.713],[0.1332,44.70449],[0.13503,44.70752],[0.13234,44.70882],[0.13948,44.71395],[0.13611,44.71553],[0.1347,44.72174],[0.13931,44.72131],[0.13782,44.73269],[0.14115,44.73758],[0.14637,44.73904],[0.14908,44.74735],[0.14585,44.75261],[0.13564,44.75716],[0.13318,44.76104],[0.13045,44.76179],[0.12922,44.76573],[0.12145,44.76239],[0.11953,44.75399],[0.11155,44.74742],[0.10613,44.73694],[0.10578,44.75192],[0.09718,44.74933],[0.0939,44.75375],[0.08258,44.76131],[0.08027,44.7657],[0.06452,44.77006],[0.05135,44.77223],[0.04006,44.77654],[0.03629,44.78005],[0.02376,44.77698]]]},"properties":{"code_territoire":"iris333160000","libelle_territoire":"Pellegrue (commune non irisée)"}},
{"type":"Feature","geometry":{"type":"Polygon","coordinates":[[[-0.31959,45.04999],[-0.32436,45.04635],[-0.33828,45.044],[-0.33761,45.03964],[-0.33325,45.0378],[-0.33565,45.03525],[-0.3335,45.02202],[-0.33757,45.01795],[-0.33292,45.01511],[-0.33165,45.00797],[-0.31862,45.00982],[-0.31431,45.00155],[-0.3084,45.00172],[-0.28895,45.01213],[-0.28986,45.01421],[-0.28827,45.01431],[-0.28957,45.01792],[-0.2948,45.01853],[-0.3057,45.03703],[-0.3111,45.03914],[-0.31683,45.04798],[-0.31959,45.04999]]]},"properties":{"code_territoire":"iris333170000","libelle_territoire":"Périssac (commune non irisée)"}},
{"type":"Feature","geometry":{"type":"Polygon","coordinates":[[[-0.69296,44.80698],[-0.6881,44.8015],[-0.68521,44.80083],[-0.67931,44.80179],[-0.66864,44.79962],[-0.6675,44.80381],[-0.66338,44.80244],[-0.66249,44.80422],[-0.66988,44.80891],[-0.67208,44.81294],[-0.67242,44.81299],[-0.67982,44.81271],[-0.69296,44.80698]]]},"properties":{"code_territoire":"iris333180102","libelle_territoire":"3 m"}},
{"type":"Feature","geometry":{"type":"Polygon","coordinates":[[[-0.67208,44.81294],[-0.66988,44.80891],[-0.66249,44.80422],[-0.66111,44.80575],[-0.64914,44.80557],[-0.64944,44.80875],[-0.65038,44.81074],[-0.65575,44.81028],[-0.65655,44.81215],[-0.6631,44.81014],[-0.66512,44.81352],[-0.67208,44.81294]]]},"properties":{"code_territoire":"iris333180103","libelle_territoire":"Madran"}},
{"type":"Feature","geometry":{"type":"Polygon","coordinates":[[[-0.65655,44.81215],[-0.65575,44.81028],[-0.65038,44.81074],[-0.64944,44.80875],[-0.63973,44.80743],[-0.63849,44.81082],[-0.63599,44.81067],[-0.63533,44.80883],[-0.63285,44.80911],[-0.63342,44.8111],[-0.63527,44.81403],[-0.649,44.81421],[-0.65655,44.81215]]]},"properties":{"code_territoire":"iris333180104","libelle_territoire":"Noès"}},
{"type":"Feature","geometry":{"type":"Polygon","coordinates":[[[-0.63527,44.81403],[-0.63342,44.8111],[-0.62746,44.81178],[-0.62428,44.80723],[-0.60929,44.81305],[-0.61822,44.8117],[-0.62277,44.81711],[-0.6234,44.81608],[-0.63496,44.81431],[-0.63527,44.81403]]]},"properties":{"code_territoire":"iris333180105","libelle_territoire":"Bellegrave"}},
{"type":"Feature","geometry":{"type":"Polygon","coordinates":[[[-0.63783,44.79942],[-0.6311,44.80051],[-0.63163,44.80373],[-0.62561,44.80425],[-0.62703,44.80618],[-0.62428,44.80723],[-0.62746,44.81178],[-0.63342,44.8111],[-0.63285,44.80911],[-0.63533,44.80883],[-0.63599,44.81067],[-0.63849,44.81082],[-0.63973,44.80743],[-0.63867,44.80304],[-0.64191,44.80263],[-0.64151,44.80068],[-0.64404,44.79971],[-0.64072,44.80069],[-0.63783,44.79942]]]},"properties":{"code_territoire":"iris333180106","libelle_territoire":"Le Bourg"}},
{"type":"Feature","geometry":{"type":"Polygon","coordinates":[[[-0.62277,44.81711],[-0.61822,44.8117],[-0.60929,44.81305],[-0.61107,44.81458],[-0.60297,44.81842],[-0.6067,44.8219],[-0.61054,44.82266],[-0.61826,44.81789],[-0.62277,44.81711]]]},"properties":{"code_territoire":"iris333180107","libelle_territoire":"Les Échoppes"}},
{"type":"Feature","geometry":{"type":"Polygon","coordinates":[[[-0.64744,44.7984],[-0.64404,44.79971],[-0.64151,44.80068],[-0.64191,44.80263],[-0.63867,44.80304],[-0.63973,44.80743],[-0.64944,44.80875],[-0.64914,44.80557],[-0.66111,44.80575],[-0.66249,44.80422],[-0.65218,44.79656],[-0.64744,44.7984]]]},"properties":{"code_territoire":"iris333180108","libelle_territoire":"Le Monteil"}},
{"type":"Feature","geometry":{"type":"Polygon","coordinates":[[[-0.64855,44.79199],[-0.65218,44.79656],[-0.66249,44.80422],[-0.66338,44.80244],[-0.6675,44.80381],[-0.66864,44.79962],[-0.66322,44.79948],[-0.66525,44.7976],[-0.66316,44.79255],[-0.65958,44.79431],[-0.65851,44.79161],[-0.65425,44.78667],[-0.64855,44.79199]]]},"properties":{"code_territoire":"iris333180109","libelle_territoire":"L'Alouette"}},
{"type":"Feature","geometry":{"type":"Polygon","coordinates":[[[-0.68262,44.77907],[-0.67933,44.77795],[-0.66335,44.78223],[-0.66362,44.78545],[-0.65851,44.79161],[-0.65958,44.79431],[-0.66316,44.79255],[-0.66525,44.7976],[-0.67144,44.79273],[-0.67817,44.79255],[-0.67812,44.78753],[-0.68899,44.78234],[-0.68466,44.78001],[-0.68262,44.77907]]]},"properties":{"code_territoire":"iris333180110","libelle_territoire":"France"}},
{"type":"Feature","geometry":{"type":"Polygon","coordinates":[[[-0.68584,44.79792],[-0.70066,44.79131],[-0.69778,44.78919],[-0.69594,44.79002],[-0.68899,44.78234],[-0.67812,44.78753],[-0.67817,44.79255],[-0.67835,44.79457],[-0.68225,44.79471],[-0.68465,44.79896],[-0.68584,44.79792]]]},"properties":{"code_territoire":"iris333180111","libelle_territoire":"Cap de Bos"}},
{"type":"Feature","geometry":{"type":"Polygon","coordinates":[[[-0.67817,44.79255],[-0.67144,44.79273],[-0.66525,44.7976],[-0.66322,44.79948],[-0.66864,44.79962],[-0.67931,44.80179],[-0.68521,44.80083],[-0.68721,44.79884],[-0.68584,44.79792],[-0.68465,44.79896],[-0.68225,44.79471],[-0.67835,44.79457],[-0.67817,44.79255]]]},"properties":{"code_territoire":"iris333180112","libelle_territoire":"Cazalet"}},
{"type":"Feature","geometry":{"type":"Polygon","coordinates":[[[-0.64855,44.79199],[-0.63822,44.78766],[-0.63929,44.78997],[-0.63652,44.79074],[-0.63938,44.79136],[-0.63911,44.7931],[-0.64204,44.79293],[-0.63783,44.79942],[-0.64072,44.80069],[-0.64404,44.79971],[-0.64744,44.7984],[-0.64734,44.79729],[-0.64344,44.7981],[-0.64248,44.79626],[-0.64855,44.79199]]]},"properties":{"code_territoire":"iris333180113","libelle_territoire":"Camponac"}},
{"type":"Feature","geometry":{"type":"Polygon","coordinates":[[[-0.63106,44.79413],[-0.62709,44.79416],[-0.62342,44.79434],[-0.62044,44.79737],[-0.61677,44.80181],[-0.61673,44.80337],[-0.62342,44.80419],[-0.62428,44.80723],[-0.62703,44.80618],[-0.62561,44.80425],[-0.63163,44.80373],[-0.6311,44.80051],[-0.63783,44.79942],[-0.64204,44.79293],[-0.63911,44.7931],[-0.63106,44.79413]]]},"properties":{"code_territoire":"iris333180115","libelle_territoire":"Sardine"}},
{"type":"Feature","geometry":{"type":"Polygon","coordinates":[[[-0.60929,44.81305],[-0.62428,44.80723],[-0.62342,44.80419],[-0.61673,44.80337],[-0.61677,44.80181],[-0.60552,44.80762],[-0.60602,44.81093],[-0.60929,44.81305]]]},"properties":{"code_territoire":"iris333180116","libelle_territoire":"Candau"}},
{"type":"Feature","geometry":{"type":"Polygon","coordinates":[[[-0.60552,44.80762],[-0.61677,44.80181],[-0.62044,44.79737],[-0.61042,44.79682],[-0.61264,44.79399],[-0.60519,44.79312],[-0.60349,44.79587],[-0.60744,44.7984],[-0.60552,44.80762]]]},"properties":{"code_territoire":"iris333180117","libelle_territoire":"Fac Sciences-Droit"}},
{"type":"Feature","geometry":{"type":"Polygon","coordinates":[[[-0.61264,44.79399],[-0.61042,44.79682],[-0.62044,44.79737],[-0.62342,44.79434],[-0.62401,44.79024],[-0.62016,44.78942],[-0.61264,44.79399]]]},"properties":{"code_territoire":"iris333180118","libelle_territoire":"Fac Lettres"}},
{"type":"Feature","geometry":{"type":"Polygon","coordinates":[[[-0.64744,44.7984],[-0.65218,44.79656],[-0.64855,44.79199],[-0.64248,44.79626],[-0.64344,44.7981],[-0.64734,44.79729],[-0.64744,44.7984]]]},"properties":{"code_territoire":"iris333180119","libelle_territoire":"Châtaigneraie"}},
{"type":"Feature","geometry":{"type":"Polygon","coordinates":[[[-0.62048,44.78916],[-0.63822,44.78766],[-0.64855,44.79199],[-0.65425,44.78667],[-0.65851,44.79161],[-0.66362,44.78545],[-0.66335,44.78223],[-0.67933,44.77795],[-0.68262,44.77907],[-0.6789,44.77705],[-0.66975,44.77799],[-0.66624,44.77667],[-0.66142,44.77818],[-0.65539,44.77674],[-0.64526,44.77823],[-0.63143,44.7837],[-0.62048,44.78916]]]},"properties":{"code_territoire":"iris333180120","libelle_territoire":"Parc Industriel"}},
{"type":"Feature","geometry":{"type":"Polygon","coordinates":[[[-0.62016,44.78942],[-0.62401,44.79024],[-0.62342,44.79434],[-0.62709,44.79416],[-0.62694,44.79222],[-0.63459,44.78995],[-0.63106,44.79413],[-0.63911,44.7931],[-0.63938,44.79136],[-0.63652,44.79074],[-0.63929,44.78997],[-0.63822,44.78766],[-0.62048,44.78916],[-0.62016,44.78942]]]},"properties":{"code_territoire":"iris333180121","libelle_territoire":"Saige Sud"}},
{"type":"Feature","geometry":{"type":"Polygon","coordinates":[[[-0.62709,44.79416],[-0.63106,44.79413],[-0.63459,44.78995],[-0.62694,44.79222],[-0.62709,44.79416]]]},"properties":{"code_territoire":"iris333180122","libelle_territoire":"Saige Nord"}},
{"type":"Feature","geometry":{"type":"Polygon","coordinates":[[[-0.70776,44.77436],[-0.71829,44.78399],[-0.71462,44.7898],[-0.7034,44.79356],[-0.70876,44.80077],[-0.71321,44.79978],[-0.7216,44.80204],[-0.72946,44.8016],[-0.73638,44.79143],[-0.73926,44.78285],[-0.73463,44.78161],[-0.73829,44.77978],[-0.73396,44.77555],[-0.75902,44.75542],[-0.75048,44.74941],[-0.71672,44.7701],[-0.70776,44.77436]]]},"properties":{"code_territoire":"iris333180123","libelle_territoire":"Toctoucau"}},
{"type":"Feature","geometry":{"type":"Polygon","coordinates":[[[-0.68899,44.78234],[-0.69594,44.79002],[-0.69778,44.78919],[-0.70066,44.79131],[-0.68584,44.79792],[-0.68721,44.79884],[-0.68521,44.80083],[-0.6881,44.8015],[-0.69296,44.80698],[-0.7045,44.80023],[-0.70876,44.80077],[-0.7034,44.79356],[-0.71462,44.7898],[-0.71829,44.78399],[-0.70776,44.77436],[-0.68899,44.78234]]]},"properties":{"code_territoire":"iris333180124","libelle_territoire":"Magonty"}},
{"type":"Feature","geometry":{"type":"Polygon","coordinates":[[[0.11392,44.81943],[0.10859,44.82053],[0.10832,44.83148],[0.10371,44.83326],[0.08222,44.83107],[0.07561,44.8195],[0.07703,44.81655],[0.07114,44.81176],[0.07532,44.81178],[0.09479,44.80288],[0.10677,44.80295],[0.10698,44.80414],[0.10779,44.80538],[0.11044,44.81342],[0.11513,44.81582],[0.11392,44.81943]]]},"properties":{"code_territoire":"iris333190000","libelle_territoire":"Pessac-sur-Dordogne (commune non irisée)"}},
{"type":"Feature","geometry":{"type":"Polygon","coordinates":[[[-0.04889,44.96021],[-0.04036,44.96415],[-0.03303,44.97356],[-0.01645,44.97249],[-0.02011,44.98662],[-0.04235,44.98638],[-0.05019,44.98389],[-0.0514,44.99581],[-0.05495,44.99567],[-0.05857,45.00037],[-0.06316,44.99942],[-0.07188,45.00443],[-0.07311,45.00271],[-0.07921,45.00245],[-0.08042,44.99721],[-0.08757,44.99974],[-0.08946,44.99609],[-0.08387,44.99207],[-0.08075,44.98156],[-0.08217,44.97522],[-0.07527,44.97228],[-0.07352,44.96783],[-0.06732,44.96484],[-0.06658,44.9621],[-0.06215,44.96511],[-0.05438,44.96669],[-0.05154,44.96638],[-0.04889,44.96021]]]},"properties":{"code_territoire":"iris333200000","libelle_territoire":"Petit-Palais-et-Cornemps (commune non irisée)"}},
{"type":"Feature","geometry":{"type":"Polygon","coordinates":[[[-0.45198,45.06261],[-0.45311,45.06188],[-0.45654,45.05728],[-0.45395,45.04597],[-0.44772,45.03991],[-0.4485,45.03402],[-0.44563,45.03556],[-0.44208,45.0306],[-0.43317,45.03415],[-0.42735,45.03385],[-0.42041,45.03092],[-0.4188,45.03393],[-0.41556,45.03384],[-0.41435,45.03674],[-0.40929,45.03879],[-0.41136,45.04223],[-0.40595,45.05166],[-0.4087,45.05869],[-0.41479,45.0594],[-0.4236,45.06363],[-0.45198,45.06261]]]},"properties":{"code_territoire":"iris333210000","libelle_territoire":"Peujard (commune non irisée)"}},
{"type":"Feature","geometry":{"type":"Polygon","coordinates":[[[-0.62833,44.96424],[-0.62563,44.97798],[-0.63324,44.97925],[-0.63424,44.98081],[-0.63781,44.9804],[-0.63744,44.97771],[-0.64989,44.96137],[-0.65683,44.95576],[-0.66472,44.95277],[-0.66166,44.94668],[-0.65393,44.94117],[-0.63387,44.94475],[-0.63082,44.94822],[-0.62163,44.94731],[-0.62927,44.95909],[-0.62833,44.96424]]]},"properties":{"code_territoire":"iris333220101","libelle_territoire":"Poujeau-Feydieu"}},
{"type":"Feature","geometry":{"type":"Polygon","coordinates":[[[-0.65393,44.94117],[-0.66166,44.94668],[-0.66472,44.95277],[-0.65683,44.95576],[-0.64989,44.96137],[-0.63744,44.97771],[-0.63781,44.9804],[-0.64024,44.98292],[-0.65027,44.98119],[-0.65089,44.98347],[-0.66011,44.98268],[-0.67294,44.9758],[-0.69435,44.97118],[-0.7258,44.95649],[-0.70488,44.93745],[-0.69711,44.92756],[-0.68725,44.93116],[-0.67052,44.92998],[-0.66657,44.93832],[-0.65393,44.94117]]]},"properties":{"code_territoire":"iris333220102","libelle_territoire":"Centre et Ouest"}},
{"type":"Feature","geometry":{"type":"Polygon","coordinates":[[[-0.20725,44.56593],[-0.20669,44.57195],[-0.20904,44.57278],[-0.20723,44.58291],[-0.20317,44.58495],[-0.20078,44.59613],[-0.21568,44.5968],[-0.2213,44.60027],[-0.23249,44.57676],[-0.23112,44.5677],[-0.21647,44.57099],[-0.21531,44.56845],[-0.21975,44.56671],[-0.21826,44.56329],[-0.20725,44.56593]]]},"properties":{"code_territoire":"iris333230000","libelle_territoire":"Le Pian-sur-Garonne (commune non irisée)"}},
{"type":"Feature","geometry":{"type":"Polygon","coordinates":[[[0.22522,44.79857],[0.22937,44.79357],[0.23338,44.79646],[0.24525,44.79582],[0.24977,44.79469],[0.25225,44.7912],[0.256,44.8032],[0.26374,44.80805],[0.2613,44.81194],[0.26107,44.81401],[0.25146,44.81376],[0.24908,44.81681],[0.25093,44.81953],[0.24575,44.8227],[0.23589,44.8245],[0.23782,44.8317],[0.25331,44.8278],[0.25371,44.83548],[0.25204,44.83669],[0.24705,44.84032],[0.25273,44.84392],[0.25346,44.8497],[0.25216,44.85139],[0.24722,44.85152],[0.24158,44.85715],[0.22189,44.84466],[0.22392,44.84178],[0.22183,44.83675],[0.21411,44.83791],[0.21022,44.8418],[0.19302,44.82113],[0.20359,44.82045],[0.21422,44.82358],[0.21474,44.82238],[0.2201,44.82308],[0.22414,44.81869],[0.22735,44.80825],[0.22522,44.79857]]]},"properties":{"code_territoire":"iris333240000","libelle_territoire":"Pineuilh (commune non irisée)"}},
{"type":"Feature","geometry":{"type":"Polygon","coordinates":[[[-0.68357,45.08932],[-0.67674,45.07875],[-0.66666,45.07104],[-0.66139,45.07959],[-0.64152,45.09319],[-0.63773,45.09235],[-0.62535,45.09483],[-0.61109,45.09852],[-0.60812,45.10347],[-0.6036,45.10816],[-0.61564,45.10954],[-0.61804,45.11137],[-0.62011,45.11435],[-0.62609,45.11478],[-0.63338,45.11286],[-0.63636,45.11493],[-0.64117,45.11416],[-0.64384,45.11148],[-0.68647,45.10243],[-0.68357,45.08932]]]},"properties":{"code_territoire":"iris333250000","libelle_territoire":"Plassac (commune non irisée)"}},
{"type":"Feature","geometry":{"type":"Polygon","coordinates":[[[-0.59449,45.32123],[-0.59199,45.31583],[-0.57578,45.31769],[-0.57408,45.31077],[-0.57383,45.32119],[-0.56884,45.3313],[-0.57731,45.33514],[-0.5766,45.33737],[-0.58067,45.33864],[-0.58689,45.34454],[-0.58848,45.33986],[-0.59373,45.33471],[-0.59449,45.32123]]]},"properties":{"code_territoire":"iris333260000","libelle_territoire":"Pleine-Selve (commune non irisée)"}},
{"type":"Feature","geometry":{"type":"Polygon","coordinates":[[[-0.33965,44.65204],[-0.35596,44.65726],[-0.36142,44.664],[-0.36731,44.66587],[-0.37022,44.65848],[-0.38234,44.64343],[-0.38126,44.64091],[-0.36089,44.62993],[-0.35012,44.63646],[-0.34572,44.63583],[-0.33281,44.64224],[-0.33356,44.64752],[-0.33965,44.65204]]]},"properties":{"code_territoire":"iris333270000","libelle_territoire":"Podensac (commune non irisée)"}},
{"type":"Feature","geometry":{"type":"Polygon","coordinates":[[[-0.20794,44.94113],[-0.21854,44.9464],[-0.22138,44.94276],[-0.22388,44.94305],[-0.22951,44.93417],[-0.21371,44.92984],[-0.21751,44.9271],[-0.20954,44.92352],[-0.21249,44.91474],[-0.20242,44.91501],[-0.19505,44.92198],[-0.19731,44.92339],[-0.1743,44.93137],[-0.18276,44.93488],[-0.1877,44.93418],[-0.1913,44.9376],[-0.20006,44.93836],[-0.2029,44.94131],[-0.20794,44.94113]]]},"properties":{"code_territoire":"iris333280000","libelle_territoire":"Pomerol (commune non irisée)"}},
{"type":"Feature","geometry":{"type":"Polygon","coordinates":[[[-0.30274,44.38162],[-0.29554,44.38602],[-0.29458,44.38786],[-0.29718,44.38947],[-0.29112,44.38998],[-0.2807,44.39562],[-0.27078,44.39642],[-0.27131,44.40098],[-0.27805,44.40555],[-0.27596,44.41087],[-0.2825,44.41323],[-0.29569,44.4155],[-0.30267,44.41488],[-0.30466,44.41135],[-0.31208,44.40662],[-0.32951,44.39999],[-0.32268,44.39447],[-0.31946,44.39411],[-0.3194,44.38889],[-0.31327,44.38673],[-0.31212,44.38372],[-0.30596,44.38393],[-0.30274,44.38162]]]},"properties":{"code_territoire":"iris333290000","libelle_territoire":"Pompéjac (commune non irisée)"}},
{"type":"Feature","geometry":{"type":"Polygon","coordinates":[[[-0.44939,44.86629],[-0.45959,44.86469],[-0.45835,44.8615],[-0.455,44.86154],[-0.45735,44.85697],[-0.45517,44.85375],[-0.44859,44.85057],[-0.44659,44.84706],[-0.44759,44.83493],[-0.44567,44.833],[-0.44221,44.83501],[-0.43639,44.83526],[-0.43107,44.83862],[-0.4296,44.83337],[-0.4264,44.83246],[-0.42321,44.83191],[-0.41995,44.84042],[-0.41811,44.84037],[-0.41486,44.84773],[-0.40975,44.85182],[-0.41483,44.86216],[-0.41333,44.86312],[-0.41064,44.87235],[-0.42315,44.87352],[-0.42985,44.86921],[-0.43682,44.86826],[-0.44006,44.87073],[-0.44939,44.86629]]]},"properties":{"code_territoire":"iris333300000","libelle_territoire":"Pompignac (commune non irisée)"}},
{"type":"Feature","geometry":{"type":"Polygon","coordinates":[[[-0.05293,44.52145],[-0.06099,44.52238],[-0.0609,44.52515],[-0.06909,44.53029],[-0.06795,44.53222],[-0.07116,44.53475],[-0.07139,44.53802],[-0.06693,44.53894],[-0.06971,44.54434],[-0.07566,44.54137],[-0.07676,44.54894],[-0.08024,44.54913],[-0.08295,44.5522],[-0.08805,44.55267],[-0.08976,44.55081],[-0.09653,44.55007],[-0.10057,44.55023],[-0.10124,44.54665],[-0.09864,44.54599],[-0.09812,44.54299],[-0.1056,44.53652],[-0.09016,44.53379],[-0.09467,44.52916],[-0.09086,44.52812],[-0.08431,44.52258],[-0.0849,44.52032],[-0.07753,44.51663],[-0.07842,44.51183],[-0.07516,44.51214],[-0.07624,44.5101],[-0.07398,44.50937],[-0.0702,44.51305],[-0.06977,44.5171],[-0.06771,44.51485],[-0.05626,44.51349],[-0.05241,44.52145],[-0.05293,44.52145]]]},"properties":{"code_territoire":"iris333310000","libelle_territoire":"Pondaurat (commune non irisée)"}},
{"type":"Feature","geometry":{"type":"Polygon","coordinates":[[[-0.02628,45.03484],[-0.02406,45.02626],[-0.02693,45.02453],[-0.03038,45.0267],[-0.03176,45.02032],[-0.03067,45.01798],[-0.02783,45.01808],[-0.02495,45.01784],[-0.01973,45.02287],[-0.01475,45.02427],[-0.01165,45.01851],[-0.00311,45.01629],[0.00065,45.02404],[0.00405,45.02391],[0.01236,45.02764],[0.01648,45.02655],[0.02972,45.03129],[0.03077,45.0357],[0.02718,45.04298],[0.03118,45.04993],[0.02851,45.05289],[0.02477,45.04927],[0.00524,45.0564],[-0.00508,45.05478],[-0.00536,45.04886],[-0.0087,45.04939],[-0.0179,45.04643],[-0.01781,45.04437],[-0.02417,45.04327],[-0.02315,45.04049],[-0.0268,45.04056],[-0.0281,45.03743],[-0.02628,45.03484]]]},"properties":{"code_territoire":"iris333320000","libelle_territoire":"Porchères (commune non irisée)"}},
{"type":"Feature","geometry":{"type":"Polygon","coordinates":[[[-1.0406,44.84885],[-1.03739,44.87241],[-1.07281,44.90754],[-1.0894,44.9151],[-1.11109,44.92118],[-1.12752,44.92004],[-1.21416,44.92078],[-1.23273,44.80898],[-1.19737,44.81017],[-1.16756,44.81348],[-1.14689,44.824],[-1.1418,44.82446],[-1.08332,44.82869],[-1.05009,44.82348],[-1.0406,44.84885]]]},"properties":{"code_territoire":"iris333330000","libelle_territoire":"Le Porge (commune non irisée)"}},
{"type":"Feature","geometry":{"type":"Polygon","coordinates":[[[-0.41272,44.7074],[-0.42912,44.70212],[-0.4339,44.70263],[-0.43524,44.70093],[-0.43309,44.69833],[-0.43839,44.68952],[-0.43644,44.68783],[-0.45721,44.66867],[-0.4417,44.65469],[-0.43125,44.64913],[-0.41835,44.6722],[-0.40056,44.6829],[-0.39938,44.68628],[-0.40454,44.6879],[-0.40343,44.69213],[-0.397,44.69709],[-0.39547,44.70139],[-0.40433,44.70596],[-0.41272,44.7074]]]},"properties":{"code_territoire":"iris333340000","libelle_territoire":"Portets (commune non irisée)"}},
{"type":"Feature","geometry":{"type":"Polygon","coordinates":[[[-0.36797,44.81093],[-0.36931,44.80456],[-0.365,44.80024],[-0.36732,44.7929],[-0.36071,44.79012],[-0.35575,44.7904],[-0.35324,44.79704],[-0.34414,44.80325],[-0.34497,44.80507],[-0.34805,44.80642],[-0.34933,44.81839],[-0.35207,44.81862],[-0.35945,44.81663],[-0.36797,44.81093]]]},"properties":{"code_territoire":"iris333350000","libelle_territoire":"Le Pout (commune non irisée)"}},
{"type":"Feature","geometry":{"type":"Polygon","coordinates":[[[-0.35741,44.4362],[-0.36406,44.43496],[-0.3799,44.43786],[-0.38489,44.43604],[-0.3839,44.4312],[-0.39609,44.43361],[-0.39752,44.43196],[-0.40449,44.41005],[-0.41413,44.41142],[-0.42111,44.39775],[-0.42613,44.39912],[-0.42769,44.39444],[-0.43286,44.39529],[-0.43194,44.38864],[-0.43668,44.3823],[-0.43752,44.37699],[-0.43447,44.37447],[-0.38639,44.36104],[-0.37307,44.36085],[-0.35694,44.35525],[-0.34655,44.34661],[-0.34045,44.33403],[-0.3294,44.34284],[-0.31906,44.34427],[-0.31752,44.34954],[-0.31257,44.35072],[-0.30774,44.35467],[-0.30554,44.35879],[-0.30788,44.36561],[-0.30637,44.37206],[-0.30863,44.37389],[-0.30681,44.37601],[-0.31212,44.38372],[-0.31327,44.38673],[-0.3194,44.38889],[-0.31946,44.39411],[-0.32268,44.39447],[-0.32951,44.39999],[-0.33514,44.4051],[-0.33393,44.40799],[-0.34692,44.41147],[-0.349,44.41457],[-0.34702,44.41698],[-0.35103,44.41912],[-0.35344,44.42342],[-0.35772,44.42336],[-0.35577,44.43407],[-0.35741,44.4362]]]},"properties":{"code_territoire":"iris333360000","libelle_territoire":"Préchac (commune non irisée)"}},
{"type":"Feature","geometry":{"type":"Polygon","coordinates":[[[-0.31525,44.54306],[-0.31162,44.54588],[-0.30018,44.5485],[-0.30409,44.55903],[-0.29403,44.56477],[-0.29083,44.56764],[-0.29169,44.56954],[-0.28407,44.57147],[-0.28268,44.57375],[-0.28633,44.57698],[-0.2858,44.58184],[-0.29232,44.58533],[-0.28325,44.58421],[-0.29421,44.59038],[-0.29961,44.60075],[-0.30597,44.59742],[-0.30465,44.59536],[-0.31653,44.58484],[-0.31641,44.57767],[-0.32049,44.57538],[-0.32477,44.57554],[-0.33847,44.57039],[-0.33354,44.56875],[-0.33181,44.5648],[-0.33564,44.5589],[-0.32859,44.55564],[-0.32934,44.55433],[-0.32148,44.54978],[-0.31976,44.54497],[-0.31525,44.54306]]]},"properties":{"code_territoire":"iris333370000","libelle_territoire":"Preignac (commune non irisée)"}},
{"type":"Feature","geometry":{"type":"Polygon","coordinates":[[[-0.49104,45.00434],[-0.4887,45.01181],[-0.48154,45.01727],[-0.47828,45.0176],[-0.47772,45.02037],[-0.47435,45.0206],[-0.47595,45.02539],[-0.47337,45.02709],[-0.4797,45.02921],[-0.47825,45.03165],[-0.48407,45.03352],[-0.48235,45.03789],[-0.48922,45.04038],[-0.48594,45.04204],[-0.48188,45.04149],[-0.47881,45.04512],[-0.48065,45.04769],[-0.47811,45.05118],[-0.48139,45.05318],[-0.49102,45.04561],[-0.50438,45.04217],[-0.50665,45.03052],[-0.5068,45.02536],[-0.52476,45.01722],[-0.51597,45.01083],[-0.49475,45.00298],[-0.49104,45.00434]]]},"properties":{"code_territoire":"iris333390000","libelle_territoire":"Prignac-et-Marcamps (commune non irisée)"}},
{"type":"Feature","geometry":{"type":"Polygon","coordinates":[[[-0.52948,45.09552],[-0.53049,45.08483],[-0.52795,45.08018],[-0.51709,45.07015],[-0.50902,45.07424],[-0.50632,45.06988],[-0.50015,45.06996],[-0.49638,45.06637],[-0.48395,45.06832],[-0.48223,45.06504],[-0.47669,45.0634],[-0.47001,45.07268],[-0.47246,45.07647],[-0.47078,45.08011],[-0.4737,45.08446],[-0.47399,45.09059],[-0.47722,45.09773],[-0.48153,45.10156],[-0.48855,45.10109],[-0.49236,45.09521],[-0.50419,45.09655],[-0.51034,45.09894],[-0.51682,45.09811],[-0.51848,45.09544],[-0.52948,45.09552]]]},"properties":{"code_territoire":"iris333410000","libelle_territoire":"Pugnac (commune non irisée)"}},
{"type":"Feature","geometry":{"type":"Polygon","coordinates":[[[-0.0745,44.90644],[-0.06611,44.9098],[-0.06612,44.91323],[-0.06207,44.91505],[-0.06113,44.9178],[-0.05189,44.91829],[-0.04879,44.92119],[-0.04703,44.92843],[-0.03225,44.92402],[-0.02931,44.92536],[-0.03081,44.93201],[-0.02819,44.93791],[-0.03406,44.94221],[-0.02935,44.94596],[-0.03672,44.95186],[-0.04295,44.9532],[-0.04544,44.95465],[-0.05422,44.95335],[-0.05945,44.94977],[-0.06381,44.95161],[-0.06735,44.95112],[-0.0816,44.94083],[-0.08839,44.94021],[-0.08979,44.93682],[-0.09358,44.93696],[-0.09619,44.93561],[-0.09358,44.92699],[-0.09745,44.92577],[-0.0981,44.9229],[-0.0938,44.91908],[-0.09655,44.91757],[-0.08723,44.91441],[-0.08737,44.91192],[-0.07823,44.91378],[-0.0745,44.90644]]]},"properties":{"code_territoire":"iris333420000","libelle_territoire":"Puisseguin (commune non irisée)"}},
{"type":"Feature","geometry":{"type":"Polygon","coordinates":[[[-0.37277,44.55594],[-0.36073,44.54764],[-0.36066,44.55077],[-0.35616,44.55355],[-0.35244,44.56214],[-0.33847,44.57039],[-0.32477,44.57554],[-0.32941,44.57962],[-0.34034,44.58207],[-0.35167,44.58939],[-0.36575,44.57646],[-0.36913,44.56032],[-0.37277,44.55594]]]},"properties":{"code_territoire":"iris333430000","libelle_territoire":"Pujols-sur-Ciron (commune non irisée)"}},
{"type":"Feature","geometry":{"type":"Polygon","coordinates":[[[-0.02557,44.78929],[-0.0198,44.79615],[-0.02025,44.80051],[-0.01626,44.80768],[-0.01048,44.81004],[-0.02462,44.81925],[-0.03369,44.82069],[-0.0459,44.81932],[-0.05093,44.82033],[-0.05138,44.81861],[-0.04669,44.80012],[-0.04806,44.79724],[-0.03565,44.79233],[-0.02557,44.78929]]]},"properties":{"code_territoire":"iris333440000","libelle_territoire":"Pujols (commune non irisée)"}},
{"type":"Feature","geometry":{"type":"Polygon","coordinates":[[[0.07833,44.67335],[0.07744,44.66872],[0.07149,44.66572],[0.06604,44.67085],[0.06133,44.66806],[0.05188,44.67747],[0.04725,44.67302],[0.04247,44.66036],[0.03597,44.65282],[0.03996,44.64294],[0.04384,44.64628],[0.04387,44.64434],[0.05308,44.64471],[0.05636,44.64736],[0.06128,44.64757],[0.06196,44.64996],[0.06597,44.65065],[0.06647,44.65334],[0.06865,44.65474],[0.07167,44.65386],[0.07234,44.65563],[0.0875,44.65345],[0.08969,44.65517],[0.08719,44.66139],[0.08946,44.66239],[0.08968,44.66564],[0.08292,44.66774],[0.07833,44.67335]]]},"properties":{"code_territoire":"iris333450000","libelle_territoire":"Le Puy (commune non irisée)"}},
{"type":"Feature","geometry":{"type":"Polygon","coordinates":[[[-0.05406,44.52729],[-0.05728,44.52757],[-0.05615,44.53045],[-0.06099,44.5304],[-0.05981,44.53345],[-0.06286,44.53742],[-0.05898,44.55637],[-0.06143,44.55844],[-0.05841,44.56143],[-0.06136,44.56388],[-0.06783,44.56301],[-0.0681,44.56553],[-0.07275,44.56356],[-0.08039,44.5661],[-0.08242,44.55751],[-0.08538,44.55771],[-0.08805,44.55267],[-0.08295,44.5522],[-0.08024,44.54913],[-0.07676,44.54894],[-0.07566,44.54137],[-0.06971,44.54434],[-0.06693,44.53894],[-0.07139,44.53802],[-0.07116,44.53475],[-0.06795,44.53222],[-0.06909,44.53029],[-0.0609,44.52515],[-0.06099,44.52238],[-0.05293,44.52145],[-0.05406,44.52729]]]},"properties":{"code_territoire":"iris333460000","libelle_territoire":"Puybarban (commune non irisée)"}},
{"type":"Feature","geometry":{"type":"Polygon","coordinates":[[[-0.02011,44.98662],[-0.01645,44.97249],[-0.01134,44.9726],[-0.00439,44.9673],[0.0091,44.96297],[0.01424,44.97012],[0.01365,44.97874],[0.01783,44.98076],[0.00994,44.98845],[0.0064,44.98877],[0.00749,44.99094],[0.00178,44.99417],[0.00155,45.00142],[-0.0065,45.00329],[-0.00942,44.9973],[-0.01326,44.99327],[-0.01739,44.99479],[-0.02011,44.98662]]]},"properties":{"code_territoire":"iris333470000","libelle_territoire":"Puynormand (commune non irisée)"}},
{"type":"Feature","geometry":{"type":"Polygon","coordinates":[[[-0.94957,45.37127],[-0.97621,45.38568],[-0.97809,45.38394],[-0.98648,45.38789],[-0.98749,45.38665],[-0.99728,45.38999],[-1.00895,45.39131],[-1.00987,45.38726],[-1.01654,45.38799],[-1.01823,45.38067],[-1.02289,45.38277],[-1.02336,45.38087],[-1.02734,45.37948],[-1.03487,45.36813],[-1.03555,45.35948],[-1.04088,45.34914],[-1.03669,45.34753],[-1.03958,45.3413],[-1.03584,45.33251],[-1.03579,45.32581],[-1.03121,45.32271],[-1.02844,45.32167],[-1.02333,45.32812],[-1.01701,45.33042],[-1.00926,45.33767],[-1.00575,45.33768],[-1.00581,45.3393],[-0.99724,45.34097],[-0.97871,45.35046],[-0.96986,45.34708],[-0.96653,45.34948],[-0.95941,45.35465],[-0.95451,45.36288],[-0.94957,45.37127]]]},"properties":{"code_territoire":"iris333480000","libelle_territoire":"Queyrac (commune non irisée)"}},
{"type":"Feature","geometry":{"type":"Polygon","coordinates":[[[-0.51138,44.76506],[-0.51203,44.74644],[-0.50798,44.74207],[-0.50159,44.73999],[-0.48363,44.73616],[-0.46552,44.75494],[-0.46297,44.75977],[-0.46916,44.76179],[-0.49514,44.76188],[-0.50602,44.75917],[-0.50651,44.76542],[-0.51138,44.76506]]]},"properties":{"code_territoire":"iris333490000","libelle_territoire":"Quinsac (commune non irisée)"}},
{"type":"Feature","geometry":{"type":"Polygon","coordinates":[[[-0.15382,44.80447],[-0.15429,44.80325],[-0.15679,44.80177],[-0.1552,44.79661],[-0.15705,44.79446],[-0.15087,44.78941],[-0.14188,44.78864],[-0.13625,44.7856],[-0.13453,44.78308],[-0.13621,44.77975],[-0.13283,44.77726],[-0.13696,44.76975],[-0.12634,44.76978],[-0.11453,44.75938],[-0.11389,44.76687],[-0.10879,44.76689],[-0.10687,44.77104],[-0.10913,44.77919],[-0.11469,44.77932],[-0.12471,44.78453],[-0.12494,44.78698],[-0.13154,44.79041],[-0.13364,44.7945],[-0.14377,44.80125],[-0.15382,44.80447]]]},"properties":{"code_territoire":"iris333500000","libelle_territoire":"Rauzan (commune non irisée)"}},
{"type":"Feature","geometry":{"type":"Polygon","coordinates":[[[-0.53976,45.20599],[-0.51484,45.19911],[-0.50097,45.19695],[-0.49091,45.19818],[-0.4819,45.19789],[-0.47605,45.20068],[-0.48226,45.20708],[-0.47941,45.20772],[-0.47777,45.21087],[-0.47808,45.22137],[-0.48605,45.22643],[-0.47744,45.22773],[-0.47631,45.2336],[-0.47227,45.23768],[-0.47729,45.23742],[-0.47824,45.25093],[-0.48788,45.25374],[-0.51193,45.25924],[-0.52047,45.25686],[-0.52779,45.2577],[-0.53938,45.2615],[-0.55098,45.25446],[-0.5553,45.25127],[-0.5636,45.23681],[-0.55862,45.2349],[-0.56085,45.23153],[-0.55397,45.22894],[-0.55276,45.22268],[-0.55826,45.21804],[-0.55286,45.2136],[-0.54435,45.20871],[-0.54238,45.20612],[-0.53976,45.20599]]]},"properties":{"code_territoire":"iris333510000","libelle_territoire":"Reignac (commune non irisée)"}},
{"type":"Feature","geometry":{"type":"Polygon","coordinates":[[[-0.03883,44.5752],[-0.03056,44.57626],[-0.0303,44.57861],[-0.02623,44.57802],[-0.0169,44.56674],[-0.01572,44.57324],[-0.0176,44.57658],[-0.01467,44.57701],[-0.01086,44.57492],[-0.00622,44.57912],[-0.00758,44.58254],[-0.00501,44.58416],[-0.00708,44.58751],[-0.00549,44.58816],[-0.01307,44.59075],[-0.01918,44.59078],[-0.01918,44.59468],[-0.03703,44.59596],[-0.03675,44.5991],[-0.04033,44.6],[-0.03931,44.60489],[-0.04745,44.60684],[-0.0492,44.60366],[-0.04674,44.60357],[-0.04711,44.60133],[-0.05164,44.59858],[-0.05934,44.60141],[-0.06477,44.59646],[-0.06414,44.59393],[-0.06666,44.59308],[-0.06535,44.58742],[-0.06903,44.58396],[-0.07695,44.58454],[-0.07675,44.57737],[-0.08443,44.57307],[-0.07314,44.5729],[-0.05967,44.57811],[-0.05829,44.57479],[-0.04526,44.57695],[-0.03883,44.5752]]]},"properties":{"code_territoire":"iris333520000","libelle_territoire":"La Réole (commune non irisée)"}},
{"type":"Feature","geometry":{"type":"Polygon","coordinates":[[[-0.0101,44.67894],[-0.0118,44.67866],[-0.0158,44.67594],[-0.01792,44.66843],[-0.01606,44.66596],[-0.01274,44.66844],[-0.00792,44.66725],[-0.00243,44.66853],[-0.01075,44.65676],[-0.0011,44.65145],[0.00786,44.66205],[0.02374,44.66149],[0.02608,44.65689],[0.03908,44.66411],[0.04346,44.67398],[0.03435,44.69036],[0.02374,44.69607],[0.01084,44.69326],[0.00034,44.68888],[-0.00996,44.68158],[-0.0101,44.67894]]]},"properties":{"code_territoire":"iris333530000","libelle_territoire":"Rimons (commune non irisée)"}},
{"type":"Feature","geometry":{"type":"Polygon","coordinates":[[[0.22506,44.76124],[0.21947,44.76588],[0.20997,44.76873],[0.19649,44.77445],[0.18396,44.76671],[0.18113,44.76285],[0.18944,44.75743],[0.18451,44.74914],[0.19179,44.74892],[0.19004,44.74618],[0.19445,44.74274],[0.20119,44.72235],[0.20589,44.72423],[0.2195,44.72455],[0.21336,44.73403],[0.21355,44.73731],[0.20989,44.74054],[0.2156,44.74558],[0.2135,44.75049],[0.21858,44.75319],[0.2172,44.75568],[0.21936,44.75876],[0.22212,44.7574],[0.22506,44.76124]]]},"properties":{"code_territoire":"iris333540000","libelle_territoire":"Riocaud (commune non irisée)"}},
{"type":"Feature","geometry":{"type":"Polygon","coordinates":[[[-0.34721,44.68415],[-0.34761,44.68119],[-0.36234,44.67533],[-0.37089,44.67856],[-0.36842,44.67355],[-0.36986,44.66756],[-0.36731,44.66587],[-0.36142,44.664],[-0.35596,44.65726],[-0.33965,44.65204],[-0.32222,44.66178],[-0.32062,44.66738],[-0.30885,44.66684],[-0.2985,44.66283],[-0.29561,44.66529],[-0.29216,44.66461],[-0.28885,44.6681],[-0.29627,44.67381],[-0.30202,44.67712],[-0.31224,44.67532],[-0.32129,44.67583],[-0.32912,44.67179],[-0.33456,44.67375],[-0.34328,44.68332],[-0.34721,44.68415]]]},"properties":{"code_territoire":"iris333550000","libelle_territoire":"Rions (commune non irisée)"}},
{"type":"Feature","geometry":{"type":"Polygon","coordinates":[[[-0.31794,44.9268],[-0.30531,44.93385],[-0.30742,44.93625],[-0.30496,44.93857],[-0.30916,44.9501],[-0.317,44.94822],[-0.32025,44.9443],[-0.32237,44.94453],[-0.33133,44.93287],[-0.32169,44.93073],[-0.31794,44.9268]]]},"properties":{"code_territoire":"iris333560000","libelle_territoire":"La Rivière (commune non irisée)"}},
{"type":"Feature","geometry":{"type":"Polygon","coordinates":[[[-0.30842,44.50761],[-0.30284,44.49874],[-0.30559,44.49574],[-0.30784,44.48625],[-0.28075,44.48395],[-0.2745,44.49259],[-0.27095,44.50659],[-0.26419,44.51446],[-0.26419,44.521],[-0.25294,44.53199],[-0.25372,44.53326],[-0.26154,44.5317],[-0.26718,44.52361],[-0.27049,44.5244],[-0.28493,44.52072],[-0.29134,44.52375],[-0.29814,44.51474],[-0.30198,44.51386],[-0.30152,44.51199],[-0.30842,44.50761]]]},"properties":{"code_territoire":"iris333570000","libelle_territoire":"Roaillan (commune non irisée)"}},
{"type":"Feature","geometry":{"type":"Polygon","coordinates":[[[-0.2163,44.78275],[-0.21816,44.77451],[-0.20908,44.76876],[-0.20635,44.76431],[-0.21535,44.75811],[-0.21785,44.7534],[-0.21086,44.75288],[-0.20257,44.74594],[-0.1982,44.74863],[-0.18894,44.76595],[-0.18805,44.76898],[-0.18992,44.77014],[-0.19902,44.77161],[-0.20869,44.78286],[-0.21597,44.78283],[-0.2163,44.78275]]]},"properties":{"code_territoire":"iris333580000","libelle_territoire":"Romagne (commune non irisée)"}},
{"type":"Feature","geometry":{"type":"Polygon","coordinates":[[[-0.00362,44.63571],[0.00097,44.62536],[0.01331,44.61991],[0.01586,44.61583],[0.02237,44.61294],[0.0324,44.60355],[0.03273,44.60469],[0.03152,44.61838],[0.03856,44.62556],[0.03957,44.63196],[0.03025,44.64126],[0.02651,44.64205],[0.02461,44.63921],[0.01979,44.6348],[0.01654,44.63597],[0.01548,44.6346],[0.00513,44.63434],[0.00082,44.6366],[-0.00362,44.63571]]]},"properties":{"code_territoire":"iris333590000","libelle_territoire":"Roquebrune (commune non irisée)"}},
{"type":"Feature","geometry":{"type":"Polygon","coordinates":[[[0.21804,44.79118],[0.20632,44.7811],[0.20696,44.77913],[0.21351,44.7766],[0.21462,44.77861],[0.22584,44.77894],[0.23134,44.77728],[0.2362,44.77208],[0.25019,44.77672],[0.25118,44.77983],[0.25225,44.7912],[0.24977,44.79469],[0.24525,44.79582],[0.23338,44.79646],[0.22937,44.79357],[0.22522,44.79857],[0.21804,44.79118]]]},"properties":{"code_territoire":"iris333600000","libelle_territoire":"La Roquille (commune non irisée)"}},
{"type":"Feature","geometry":{"type":"Polygon","coordinates":[[[-0.00161,44.78196],[-0.00826,44.78568],[-0.02557,44.78929],[-0.03565,44.79233],[-0.03778,44.78532],[-0.0459,44.7847],[-0.0578,44.7899],[-0.06105,44.7858],[-0.06487,44.78562],[-0.0684,44.78389],[-0.0681,44.77902],[-0.06493,44.77511],[-0.05963,44.77364],[-0.05756,44.77319],[-0.0582,44.77091],[-0.06393,44.76361],[-0.04956,44.75847],[-0.0433,44.75949],[-0.03774,44.75728],[-0.03124,44.75767],[-0.03047,44.75909],[-0.02646,44.75796],[-0.01776,44.76148],[-0.00583,44.76214],[0.00124,44.771],[-0.00324,44.77647],[-0.00161,44.78196]]]},"properties":{"code_territoire":"iris333610000","libelle_territoire":"Ruch (commune non irisée)"}},
{"type":"Feature","geometry":{"type":"Polygon","coordinates":[[[-0.14713,45.03297],[-0.14603,45.03601],[-0.14859,45.03758],[-0.159,45.0346],[-0.17785,45.03581],[-0.1881,45.0389],[-0.20428,45.03448],[-0.20883,45.03177],[-0.21204,45.0319],[-0.20729,45.02643],[-0.21846,45.01379],[-0.21338,45.01299],[-0.21077,45.01071],[-0.20826,45.01304],[-0.20596,45.01217],[-0.19743,45.01586],[-0.19548,45.01311],[-0.19096,45.01156],[-0.18013,45.01369],[-0.17476,45.0128],[-0.16857,45.00766],[-0.14713,45.03297]]]},"properties":{"code_territoire":"iris333620000","libelle_territoire":"Sablons (commune non irisée)"}},
{"type":"Feature","geometry":{"type":"Polygon","coordinates":[[[-0.3871,44.76431],[-0.37537,44.76451],[-0.37602,44.76757],[-0.37178,44.76781],[-0.36803,44.76573],[-0.36649,44.76685],[-0.36157,44.77722],[-0.3539,44.78262],[-0.3515,44.78678],[-0.35575,44.7904],[-0.36071,44.79012],[-0.36732,44.7929],[-0.365,44.80024],[-0.36931,44.80456],[-0.36797,44.81093],[-0.36886,44.81105],[-0.37009,44.80812],[-0.37974,44.80629],[-0.38413,44.80334],[-0.38834,44.80433],[-0.39316,44.80182],[-0.39578,44.79687],[-0.40384,44.79851],[-0.40357,44.79596],[-0.41086,44.79409],[-0.41432,44.78994],[-0.42127,44.79067],[-0.42259,44.77984],[-0.4325,44.77136],[-0.43343,44.76979],[-0.4239,44.76968],[-0.40521,44.76372],[-0.39574,44.76289],[-0.3871,44.76431]]]},"properties":{"code_territoire":"iris333630000","libelle_territoire":"Sadirac (commune non irisée)"}},
{"type":"Feature","geometry":{"type":"Polygon","coordinates":[[[-0.28222,44.95281],[-0.26972,44.95184],[-0.25581,44.939],[-0.24979,44.93861],[-0.24695,44.94372],[-0.24853,44.94676],[-0.25345,44.94766],[-0.25136,44.95205],[-0.2521,44.95454],[-0.25979,44.95515],[-0.26207,44.95754],[-0.26194,44.96896],[-0.27211,44.96764],[-0.28141,44.9717],[-0.28981,44.96935],[-0.29476,44.95524],[-0.28222,44.95281]]]},"properties":{"code_territoire":"iris333640000","libelle_territoire":"Saillans (commune non irisée)"}},
{"type":"Feature","geometry":{"type":"Polygon","coordinates":[[[-0.29476,44.95524],[-0.29915,44.95644],[-0.30304,44.95346],[-0.31061,44.95272],[-0.30916,44.9501],[-0.30496,44.93857],[-0.30006,44.94052],[-0.29919,44.93824],[-0.29391,44.93826],[-0.29238,44.94338],[-0.2882,44.93936],[-0.28653,44.94685],[-0.28222,44.95281],[-0.29476,44.95524]]]},"properties":{"code_territoire":"iris333650000","libelle_territoire":"Saint-Aignan (commune non irisée)"}},
{"type":"Feature","geometry":{"type":"Polygon","coordinates":[[[-0.40553,44.9755],[-0.40074,44.97934],[-0.43255,44.99268],[-0.43901,44.99085],[-0.45102,44.99116],[-0.451,44.99308],[-0.45907,44.99762],[-0.46438,45.00878],[-0.46699,45.01132],[-0.47721,45.0089],[-0.48321,45.00283],[-0.47874,45.00075],[-0.47492,44.99588],[-0.47282,44.98029],[-0.46141,44.98156],[-0.44088,44.98023],[-0.43177,44.97802],[-0.42867,44.97566],[-0.42196,44.97623],[-0.41744,44.97282],[-0.41267,44.97233],[-0.41247,44.97022],[-0.40935,44.97084],[-0.40553,44.9755]]]},"properties":{"code_territoire":"iris333660102","libelle_territoire":"Sud"}},
{"type":"Feature","geometry":{"type":"Polygon","coordinates":[[[-0.46438,45.00878],[-0.45907,44.99762],[-0.451,44.99308],[-0.45102,44.99116],[-0.43901,44.99085],[-0.43255,44.99268],[-0.44094,44.99404],[-0.4415,44.99621],[-0.44535,44.99593],[-0.42755,45.01565],[-0.44464,45.01862],[-0.4439,45.01501],[-0.44821,45.01197],[-0.45657,45.01141],[-0.46438,45.00878]]]},"properties":{"code_territoire":"iris333660101","libelle_territoire":"Nord-Ouest"}},
{"type":"Feature","geometry":{"type":"Polygon","coordinates":[[[-0.42755,45.01565],[-0.44535,44.99593],[-0.4415,44.99621],[-0.44094,44.99404],[-0.43255,44.99268],[-0.40074,44.97934],[-0.40102,44.98897],[-0.39602,44.99176],[-0.39295,44.99915],[-0.39336,45.00493],[-0.39576,45.00682],[-0.40686,45.00542],[-0.4084,45.00759],[-0.41289,45.00948],[-0.41556,45.00883],[-0.42704,45.0156],[-0.42755,45.01565]]]},"properties":{"code_territoire":"iris333660103","libelle_territoire":"Nord-Est"}},
{"type":"Feature","geometry":{"type":"Polygon","coordinates":[[[-0.2213,44.60027],[-0.21568,44.5968],[-0.20078,44.59613],[-0.18257,44.59142],[-0.16855,44.60403],[-0.15954,44.60585],[-0.15851,44.60903],[-0.16455,44.61344],[-0.16652,44.62323],[-0.17439,44.62555],[-0.18322,44.62497],[-0.18815,44.61809],[-0.1935,44.61437],[-0.21204,44.61007],[-0.21403,44.60665],[-0.21921,44.60464],[-0.22343,44.60216],[-0.2213,44.60027]]]},"properties":{"code_territoire":"iris333670000","libelle_territoire":"Saint-André-du-Bois (commune non irisée)"}},
{"type":"Feature","geometry":{"type":"Polygon","coordinates":[[[0.16512,44.8088],[0.16497,44.8078],[0.17111,44.80879],[0.18144,44.80675],[0.19291,44.79613],[0.20056,44.80165],[0.20042,44.80567],[0.20656,44.8066],[0.20752,44.80081],[0.21804,44.79118],[0.22522,44.79857],[0.22735,44.80825],[0.22414,44.81869],[0.2201,44.82308],[0.21474,44.82238],[0.21422,44.82358],[0.20359,44.82045],[0.19302,44.82113],[0.18793,44.82058],[0.18418,44.82371],[0.1827,44.82272],[0.18637,44.81826],[0.17663,44.82038],[0.17532,44.81893],[0.16251,44.82076],[0.16512,44.8088]]]},"properties":{"code_territoire":"iris333690000","libelle_territoire":"Saint-André-et-Appelles (commune non irisée)"}},
{"type":"Feature","geometry":{"type":"Polygon","coordinates":[[[-0.70033,45.16729],[-0.69567,45.16807],[-0.69403,45.18179],[-0.6919,45.18352],[-0.68665,45.1697],[-0.67409,45.17198],[-0.67522,45.17627],[-0.66087,45.17878],[-0.64267,45.17413],[-0.63972,45.17563],[-0.63292,45.17443],[-0.62493,45.18405],[-0.62719,45.1861],[-0.62568,45.19263],[-0.63376,45.19416],[-0.64093,45.19285],[-0.64966,45.19536],[-0.65186,45.19737],[-0.64909,45.20093],[-0.65078,45.20723],[-0.66186,45.20452],[-0.66345,45.21236],[-0.67027,45.21056],[-0.67978,45.23197],[-0.69217,45.23665],[-0.73765,45.22926],[-0.72482,45.20201],[-0.71287,45.18475],[-0.70033,45.16729]]]},"properties":{"code_territoire":"iris333700000","libelle_territoire":"Saint-Androny (commune non irisée)"}},
{"type":"Feature","geometry":{"type":"Polygon","coordinates":[[[-0.00161,44.78196],[-0.00324,44.77647],[0.00124,44.771],[-0.00583,44.76214],[-0.00356,44.7614],[-0.00355,44.75224],[0.0004,44.74913],[0.00038,44.74418],[0.0073,44.74536],[0.01988,44.74308],[0.0205,44.7503],[0.018,44.75167],[0.01938,44.76591],[0.02679,44.7751],[0.02376,44.77698],[0.01583,44.77643],[-0.00161,44.78196]]]},"properties":{"code_territoire":"iris333720000","libelle_territoire":"Saint-Antoine-du-Queyret (commune non irisée)"}},
{"type":"Feature","geometry":{"type":"Polygon","coordinates":[[[0.01729,45.01402],[0.02438,45.01662],[0.02905,45.01637],[0.03139,45.01914],[0.03095,45.02283],[0.03908,45.02436],[0.04077,45.02191],[0.04431,45.03575],[0.05409,45.03907],[0.05794,45.04524],[0.057,45.04939],[0.06258,45.05077],[0.06482,45.05906],[0.07329,45.07012],[0.07056,45.07605],[0.06152,45.07631],[0.05216,45.07281],[0.04964,45.06171],[0.05136,45.05885],[0.04309,45.05635],[0.04482,45.05424],[0.03118,45.04993],[0.02718,45.04298],[0.03077,45.0357],[0.02972,45.03129],[0.01648,45.02655],[0.02017,45.024],[0.01626,45.01627],[0.01729,45.01402]]]},"properties":{"code_territoire":"iris333730000","libelle_territoire":"Saint-Antoine-sur-l'Isle (commune non irisée)"}},
{"type":"Feature","geometry":{"type":"Polygon","coordinates":[[[-0.55098,45.25446],[-0.55107,45.26301],[-0.5558,45.26327],[-0.55553,45.26615],[-0.56091,45.27096],[-0.56001,45.27318],[-0.56507,45.28141],[-0.57294,45.28062],[-0.57701,45.27821],[-0.58541,45.2719],[-0.59038,45.27068],[-0.59121,45.26507],[-0.59737,45.26153],[-0.602,45.25747],[-0.60127,45.25501],[-0.59625,45.2511],[-0.58574,45.24785],[-0.57858,45.24224],[-0.5636,45.23681],[-0.5553,45.25127],[-0.55098,45.25446]]]},"properties":{"code_territoire":"iris333740000","libelle_territoire":"Saint-Aubin-de-Blaye (commune non irisée)"}},
{"type":"Feature","geometry":{"type":"Polygon","coordinates":[[[-0.19108,44.8027],[-0.18028,44.79783],[-0.16728,44.80407],[-0.15429,44.80325],[-0.15382,44.80447],[-0.15335,44.80709],[-0.14606,44.81367],[-0.14465,44.81904],[-0.14731,44.82105],[-0.15101,44.81809],[-0.15509,44.8194],[-0.16478,44.81642],[-0.16927,44.8198],[-0.16802,44.82471],[-0.17375,44.82456],[-0.17513,44.82124],[-0.17945,44.82057],[-0.18048,44.813],[-0.19108,44.8027]]]},"properties":{"code_territoire":"iris333750000","libelle_territoire":"Saint-Aubin-de-Branne (commune non irisée)"}},
{"type":"Feature","geometry":{"type":"Polygon","coordinates":[[[-0.7546,44.96666],[-0.7864,44.94569],[-0.79479,44.94534],[-0.79847,44.91869],[-0.76505,44.91571],[-0.75039,44.91057],[-0.74487,44.90688],[-0.72426,44.90264],[-0.71311,44.902],[-0.71408,44.90488],[-0.71036,44.92317],[-0.69711,44.92756],[-0.70488,44.93745],[-0.7258,44.95649],[-0.7546,44.96666]]]},"properties":{"code_territoire":"iris333760000","libelle_territoire":"Saint-Aubin-de-Médoc (commune non irisée)"}},
{"type":"Feature","geometry":{"type":"Polygon","coordinates":[[[0.11392,44.81943],[0.11513,44.81582],[0.11044,44.81342],[0.10779,44.80538],[0.12181,44.80236],[0.12827,44.80352],[0.13134,44.80455],[0.12961,44.80905],[0.13113,44.81211],[0.13215,44.81549],[0.12668,44.82065],[0.11415,44.8196],[0.11392,44.81943]]]},"properties":{"code_territoire":"iris333770000","libelle_territoire":"Saint-Avit-de-Soulège (commune non irisée)"}},
{"type":"Feature","geometry":{"type":"Polygon","coordinates":[[[0.24158,44.85715],[0.24722,44.85152],[0.25216,44.85139],[0.25346,44.8497],[0.25273,44.84392],[0.24705,44.84032],[0.25204,44.83669],[0.25952,44.83517],[0.26385,44.82646],[0.28682,44.82301],[0.29223,44.83163],[0.30106,44.82917],[0.3007,44.83219],[0.29818,44.83309],[0.30104,44.84016],[0.30813,44.83921],[0.31512,44.84542],[0.29941,44.85701],[0.27655,44.86766],[0.2546,44.86775],[0.23914,44.87257],[0.2376,44.86959],[0.2439,44.86094],[0.24158,44.85715]]]},"properties":{"code_territoire":"iris333780000","libelle_territoire":"Saint-Avit-Saint-Nazaire (commune non irisée)"}},
{"type":"Feature","geometry":{"type":"Polygon","coordinates":[[[-0.12229,44.69794],[-0.12908,44.70173],[-0.143,44.70404],[-0.14955,44.70908],[-0.15482,44.7029],[-0.15316,44.70137],[-0.15658,44.69965],[-0.15816,44.69783],[-0.15575,44.69696],[-0.156,44.69016],[-0.1533,44.68973],[-0.15469,44.6841],[-0.14319,44.67894],[-0.13834,44.68026],[-0.13652,44.6805],[-0.1338,44.688],[-0.12285,44.68933],[-0.12369,44.6915],[-0.11891,44.69296],[-0.12229,44.69794]]]},"properties":{"code_territoire":"iris333790000","libelle_territoire":"Saint-Brice (commune non irisée)"}},
{"type":"Feature","geometry":{"type":"Polygon","coordinates":[[[-0.57701,45.27821],[-0.57294,45.28062],[-0.56507,45.28141],[-0.56001,45.27318],[-0.56091,45.27096],[-0.55553,45.26615],[-0.5558,45.26327],[-0.55107,45.26301],[-0.55098,45.25446],[-0.53938,45.2615],[-0.52779,45.2577],[-0.52047,45.25686],[-0.51193,45.25924],[-0.48788,45.25374],[-0.48204,45.2532],[-0.45224,45.26116],[-0.44396,45.26716],[-0.43358,45.28056],[-0.43973,45.28191],[-0.44497,45.28621],[-0.46794,45.28985],[-0.47391,45.29401],[-0.48669,45.29359],[-0.49172,45.291],[-0.50271,45.29002],[-0.514,45.28596],[-0.51775,45.28909],[-0.52599,45.28951],[-0.52988,45.29167],[-0.54265,45.29384],[-0.54539,45.29231],[-0.56106,45.2989],[-0.56616,45.29547],[-0.568,45.2975],[-0.57025,45.29568],[-0.58093,45.29576],[-0.5821,45.29142],[-0.58552,45.29168],[-0.58605,45.28571],[-0.58286,45.28134],[-0.5813,45.28167],[-0.58178,45.27969],[-0.57701,45.27821]]]},"properties":{"code_territoire":"iris333800000","libelle_territoire":"Val-de-Livenne (commune non irisée)"}},
{"type":"Feature","geometry":{"type":"Polygon","coordinates":[[[-0.44634,44.73692],[-0.43129,44.73994],[-0.42313,44.73954],[-0.41276,44.74373],[-0.4,44.74909],[-0.40576,44.75259],[-0.40521,44.76372],[-0.4239,44.76968],[-0.43343,44.76979],[-0.4325,44.77136],[-0.43456,44.77187],[-0.43818,44.76983],[-0.43627,44.76649],[-0.45016,44.75915],[-0.45242,44.74941],[-0.44518,44.74693],[-0.44818,44.74028],[-0.44634,44.73692]]]},"properties":{"code_territoire":"iris333810000","libelle_territoire":"Saint-Caprais-de-Bordeaux (commune non irisée)"}},
{"type":"Feature","geometry":{"type":"Polygon","coordinates":[[[-0.47088,45.19418],[-0.46153,45.18459],[-0.46545,45.18065],[-0.49279,45.16677],[-0.51325,45.16744],[-0.51306,45.16472],[-0.5226,45.15501],[-0.52432,45.14616],[-0.52165,45.1418],[-0.52363,45.13537],[-0.52638,45.13409],[-0.5255,45.12966],[-0.52717,45.12967],[-0.52841,45.12471],[-0.53863,45.12253],[-0.53937,45.11739],[-0.54014,45.11397],[-0.52936,45.10831],[-0.52489,45.11234],[-0.51615,45.10928],[-0.51289,45.1151],[-0.50862,45.11374],[-0.50464,45.11516],[-0.49707,45.1122],[-0.4974,45.11099],[-0.49186,45.11048],[-0.49255,45.10822],[-0.48198,45.1061],[-0.48112,45.10448],[-0.48101,45.11303],[-0.48559,45.12345],[-0.4833,45.13148],[-0.47948,45.13404],[-0.48166,45.13379],[-0.47899,45.13813],[-0.48036,45.14009],[-0.47498,45.14578],[-0.47188,45.15398],[-0.46725,45.15926],[-0.45996,45.16164],[-0.45381,45.1678],[-0.4585,45.17633],[-0.45697,45.18328],[-0.45316,45.18594],[-0.4549,45.19143],[-0.45974,45.19531],[-0.47088,45.19418]]]},"properties":{"code_territoire":"iris333820000","libelle_territoire":"Saint-Christoly-de-Blaye (commune non irisée)"}},
{"type":"Feature","geometry":{"type":"Polygon","coordinates":[[[-0.82288,45.34021],[-0.82141,45.3391],[-0.818,45.34137],[-0.81601,45.34071],[-0.80895,45.34935],[-0.76774,45.35491],[-0.77402,45.36921],[-0.80112,45.39558],[-0.85128,45.37216],[-0.86001,45.36123],[-0.8511,45.35759],[-0.8475,45.35394],[-0.84026,45.35361],[-0.83847,45.35181],[-0.84094,45.34839],[-0.83609,45.3474],[-0.83693,45.34536],[-0.8332,45.3439],[-0.83104,45.3473],[-0.82866,45.34475],[-0.82564,45.34518],[-0.82628,45.34225],[-0.82288,45.34021]]]},"properties":{"code_territoire":"iris333830000","libelle_territoire":"Saint-Christoly-Médoc (commune non irisée)"}},
{"type":"Feature","geometry":{"type":"Polygon","coordinates":[[[-0.10664,44.88659],[-0.1054,44.88838],[-0.09915,44.88813],[-0.09746,44.88968],[-0.09704,44.90172],[-0.1116,44.90776],[-0.13176,44.91286],[-0.13722,44.9096],[-0.1363,44.90556],[-0.14232,44.89749],[-0.13995,44.89585],[-0.14338,44.89323],[-0.14005,44.89244],[-0.13578,44.89229],[-0.13159,44.88567],[-0.12823,44.88438],[-0.12813,44.88164],[-0.12207,44.88714],[-0.11374,44.88823],[-0.11291,44.88978],[-0.10664,44.88659]]]},"properties":{"code_territoire":"iris333840000","libelle_territoire":"Saint-Christophe-des-Bardes (commune non irisée)"}},
{"type":"Feature","geometry":{"type":"Polygon","coordinates":[[[0.03118,45.04993],[0.04482,45.05424],[0.04309,45.05635],[0.05136,45.05885],[0.04964,45.06171],[0.05216,45.07281],[0.06152,45.07631],[0.07056,45.07605],[0.06463,45.08128],[0.06173,45.09264],[0.06307,45.09609],[0.05258,45.10217],[0.05317,45.10576],[0.04468,45.11539],[0.03615,45.11594],[0.03238,45.11806],[0.02811,45.11694],[0.02301,45.11838],[0.00698,45.11792],[0.00534,45.11091],[-0.00002,45.10518],[-0.00554,45.10261],[-0.00586,45.09899],[-0.01626,45.09061],[-0.00968,45.08639],[-0.01434,45.07658],[-0.02287,45.07616],[-0.02404,45.0724],[-0.02185,45.06756],[-0.0145,45.06555],[-0.01105,45.0616],[-0.00588,45.06025],[-0.00508,45.05478],[0.00524,45.0564],[0.02477,45.04927],[0.02851,45.05289],[0.03118,45.04993]]]},"properties":{"code_territoire":"iris333850000","libelle_territoire":"Saint-Christophe-de-Double (commune non irisée)"}},
{"type":"Feature","geometry":{"type":"Polygon","coordinates":[[[-0.01,44.92836],[-0.01712,44.93193],[-0.0169,44.93716],[-0.01599,44.93856],[-0.01019,44.93832],[-0.00854,44.9423],[-0.01453,44.94417],[-0.01773,44.94772],[-0.03071,44.95212],[-0.04295,44.9532],[-0.03672,44.95186],[-0.02935,44.94596],[-0.03406,44.94221],[-0.02819,44.93791],[-0.03081,44.93201],[-0.02931,44.92536],[-0.02225,44.92663],[-0.01606,44.9264],[-0.01,44.92836]]]},"properties":{"code_territoire":"iris333860000","libelle_territoire":"Saint-Cibard (commune non irisée)"}},
{"type":"Feature","geometry":{"type":"Polygon","coordinates":[[[-0.28409,45.01207],[-0.28207,45.01067],[-0.27095,45.01081],[-0.2691,45.01244],[-0.27264,45.01646],[-0.2642,45.02069],[-0.26865,45.02401],[-0.27126,45.02789],[-0.27051,45.03067],[-0.27421,45.03443],[-0.27155,45.04093],[-0.27416,45.04408],[-0.27403,45.04873],[-0.28347,45.05128],[-0.2839,45.05454],[-0.28724,45.05668],[-0.29038,45.0559],[-0.29242,45.05799],[-0.29749,45.05763],[-0.30408,45.05409],[-0.31683,45.04798],[-0.3111,45.03914],[-0.3057,45.03703],[-0.2948,45.01853],[-0.28957,45.01792],[-0.28827,45.01431],[-0.28409,45.01207]]]},"properties":{"code_territoire":"iris333870000","libelle_territoire":"Saint-Ciers-d'Abzac (commune non irisée)"}},
{"type":"Feature","geometry":{"type":"Polygon","coordinates":[[[-0.58126,45.07831],[-0.58348,45.08064],[-0.59009,45.08174],[-0.58935,45.08402],[-0.59142,45.08413],[-0.59281,45.09339],[-0.5906,45.10064],[-0.60812,45.10347],[-0.61109,45.09852],[-0.62535,45.09483],[-0.62074,45.08944],[-0.61538,45.08776],[-0.61871,45.08196],[-0.61582,45.07562],[-0.60135,45.07676],[-0.59674,45.07265],[-0.58428,45.07282],[-0.58232,45.07281],[-0.58126,45.07831]]]},"properties":{"code_territoire":"iris333880000","libelle_territoire":"Saint-Ciers-de-Canesse (commune non irisée)"}},
{"type":"Feature","geometry":{"type":"Polygon","coordinates":[[[-0.58552,45.29168],[-0.58927,45.2913],[-0.58999,45.29606],[-0.60083,45.29938],[-0.59976,45.30326],[-0.61149,45.30274],[-0.62346,45.30592],[-0.62456,45.31003],[-0.63213,45.31396],[-0.63334,45.31856],[-0.64454,45.31498],[-0.64403,45.32202],[-0.71367,45.32791],[-0.75268,45.32177],[-0.74872,45.31274],[-0.73743,45.28644],[-0.73582,45.28304],[-0.69836,45.28488],[-0.63044,45.29132],[-0.62666,45.28453],[-0.63258,45.27076],[-0.6314,45.26786],[-0.61382,45.26826],[-0.59737,45.26153],[-0.59121,45.26507],[-0.59038,45.27068],[-0.58541,45.2719],[-0.57701,45.27821],[-0.58178,45.27969],[-0.5813,45.28167],[-0.58286,45.28134],[-0.58605,45.28571],[-0.58552,45.29168]]]},"properties":{"code_territoire":"iris333890000","libelle_territoire":"Saint-Ciers-sur-Gironde (commune non irisée)"}},
{"type":"Feature","geometry":{"type":"Polygon","coordinates":[[[-0.05239,44.88803],[-0.06277,44.8896],[-0.06762,44.88856],[-0.0772,44.88078],[-0.08035,44.88018],[-0.08358,44.87488],[-0.07658,44.8733],[-0.07453,44.87494],[-0.06578,44.87046],[-0.06208,44.8731],[-0.05742,44.87073],[-0.05579,44.87201],[-0.0509,44.87013],[-0.04869,44.87092],[-0.04706,44.874],[-0.05031,44.88027],[-0.04892,44.88478],[-0.05239,44.88803]]]},"properties":{"code_territoire":"iris333900000","libelle_territoire":"Sainte-Colombe (commune non irisée)"}},
{"type":"Feature","geometry":{"type":"Polygon","coordinates":[[[-0.16718,44.43821],[-0.17,44.43589],[-0.1798,44.43345],[-0.18771,44.43339],[-0.18894,44.42988],[-0.19984,44.42257],[-0.18462,44.412],[-0.17878,44.41685],[-0.17577,44.42256],[-0.17316,44.42241],[-0.16597,44.41987],[-0.15465,44.41167],[-0.14935,44.4135],[-0.14829,44.41791],[-0.15614,44.42395],[-0.15621,44.43042],[-0.1601,44.43],[-0.16317,44.43174],[-0.16718,44.43821]]]},"properties":{"code_territoire":"iris333910000","libelle_territoire":"Saint-Côme (commune non irisée)"}},
{"type":"Feature","geometry":{"type":"Polygon","coordinates":[[[-0.29961,44.60075],[-0.29421,44.59038],[-0.28325,44.58421],[-0.27773,44.58599],[-0.27446,44.58305],[-0.27018,44.58478],[-0.26403,44.58379],[-0.26476,44.5863],[-0.25383,44.59067],[-0.25351,44.59715],[-0.2446,44.60372],[-0.24359,44.61155],[-0.24722,44.61226],[-0.25985,44.60657],[-0.26138,44.60794],[-0.2671,44.6069],[-0.26814,44.60874],[-0.27291,44.6092],[-0.2852,44.60861],[-0.28656,44.60668],[-0.28965,44.60696],[-0.29123,44.6039],[-0.30104,44.60227],[-0.29961,44.60075]]]},"properties":{"code_territoire":"iris333920000","libelle_territoire":"Sainte-Croix-du-Mont (commune non irisée)"}},
{"type":"Feature","geometry":{"type":"Polygon","coordinates":[[[-0.17251,44.96476],[-0.12803,44.99432],[-0.14679,45.00361],[-0.16857,45.00766],[-0.17476,45.0128],[-0.18013,45.01369],[-0.19096,45.01156],[-0.19548,45.01311],[-0.19743,45.01586],[-0.20596,45.01217],[-0.20826,45.01304],[-0.21077,45.01071],[-0.2106,45.00717],[-0.20533,45.00495],[-0.2038,45.0007],[-0.20667,44.99387],[-0.21061,44.99033],[-0.21371,44.99254],[-0.21847,44.9926],[-0.21945,44.98982],[-0.21588,44.98924],[-0.21543,44.98728],[-0.22043,44.98428],[-0.22281,44.98893],[-0.22525,44.98881],[-0.22913,44.98771],[-0.23264,44.98934],[-0.23317,44.98153],[-0.23844,44.97754],[-0.2359,44.97596],[-0.23057,44.97717],[-0.23059,44.97197],[-0.22135,44.9674],[-0.21759,44.96659],[-0.20806,44.96847],[-0.20255,44.96672],[-0.19644,44.96919],[-0.18637,44.96742],[-0.17565,44.96266],[-0.17251,44.96476]]]},"properties":{"code_territoire":"iris333930000","libelle_territoire":"Saint-Denis-de-Pile (commune non irisée)"}},
{"type":"Feature","geometry":{"type":"Polygon","coordinates":[[[-0.20821,44.88982],[-0.18467,44.8873],[-0.16244,44.87764],[-0.16444,44.8608],[-0.1592,44.85983],[-0.14732,44.85794],[-0.14346,44.86968],[-0.1472,44.87931],[-0.14296,44.88408],[-0.14005,44.89244],[-0.14338,44.89323],[-0.13995,44.89585],[-0.14232,44.89749],[-0.1363,44.90556],[-0.13722,44.9096],[-0.13176,44.91286],[-0.13689,44.91469],[-0.14039,44.91843],[-0.149,44.91882],[-0.15824,44.92384],[-0.16609,44.92552],[-0.1743,44.93137],[-0.19731,44.92339],[-0.19505,44.92198],[-0.20242,44.91501],[-0.20995,44.90893],[-0.20654,44.90192],[-0.2088,44.89459],[-0.21134,44.89308],[-0.20821,44.88982]]]},"properties":{"code_territoire":"iris333940000","libelle_territoire":"Saint-Émilion (commune non irisée)"}},
{"type":"Feature","geometry":{"type":"Polygon","coordinates":[[[-0.79355,45.22238],[-0.7613,45.22988],[-0.75718,45.22911],[-0.755,45.22594],[-0.73765,45.22926],[-0.73582,45.28304],[-0.73743,45.28644],[-0.7672,45.28386],[-0.76631,45.28253],[-0.77976,45.27775],[-0.80718,45.27571],[-0.80604,45.26976],[-0.80208,45.26862],[-0.80394,45.2662],[-0.80208,45.26385],[-0.81351,45.25525],[-0.81351,45.24969],[-0.81088,45.24722],[-0.81606,45.2424],[-0.80799,45.24107],[-0.80126,45.23748],[-0.79841,45.23117],[-0.80144,45.22533],[-0.795,45.22473],[-0.79355,45.22238]]]},"properties":{"code_territoire":"iris333950000","libelle_territoire":"Saint-Estèphe (commune non irisée)"}},
{"type":"Feature","geometry":{"type":"Polygon","coordinates":[[[-0.09704,44.90172],[-0.09746,44.88968],[-0.09915,44.88813],[-0.1054,44.88838],[-0.10664,44.88659],[-0.11279,44.87605],[-0.11174,44.87086],[-0.11731,44.86219],[-0.11401,44.86466],[-0.10393,44.86252],[-0.09792,44.86633],[-0.09092,44.87342],[-0.08358,44.87488],[-0.08035,44.88018],[-0.0772,44.88078],[-0.06762,44.88856],[-0.07067,44.89143],[-0.07735,44.89106],[-0.08172,44.89473],[-0.08301,44.89211],[-0.08872,44.89228],[-0.09144,44.89997],[-0.09704,44.90172]]]},"properties":{"code_territoire":"iris333960000","libelle_territoire":"Saint-Étienne-de-Lisse (commune non irisée)"}},
{"type":"Feature","geometry":{"type":"Polygon","coordinates":[[[-0.46352,44.89806],[-0.46263,44.90246],[-0.45539,44.9118],[-0.45548,44.91655],[-0.46646,44.91965],[-0.4699,44.92242],[-0.47266,44.92162],[-0.4732,44.92359],[-0.47592,44.92333],[-0.477,44.91864],[-0.48429,44.91588],[-0.49162,44.90683],[-0.49521,44.8983],[-0.50479,44.88843],[-0.5045,44.88826],[-0.49406,44.88261],[-0.49016,44.88426],[-0.48968,44.88186],[-0.48143,44.88246],[-0.47436,44.8896],[-0.4751,44.89137],[-0.46946,44.89112],[-0.46644,44.8942],[-0.46711,44.8988],[-0.46352,44.89806]]]},"properties":{"code_territoire":"iris333970000","libelle_territoire":"Sainte-Eulalie (commune non irisée)"}},
{"type":"Feature","geometry":{"type":"Polygon","coordinates":[[[-0.12034,44.63376],[-0.10404,44.63131],[-0.10684,44.62684],[-0.10429,44.62161],[-0.09899,44.62481],[-0.08419,44.62353],[-0.08415,44.62842],[-0.07979,44.62938],[-0.08614,44.63783],[-0.10372,44.64026],[-0.10624,44.64197],[-0.10907,44.64127],[-0.11542,44.6442],[-0.11461,44.64536],[-0.1166,44.64569],[-0.11897,44.64327],[-0.12194,44.63952],[-0.11973,44.63705],[-0.12034,44.63376]]]},"properties":{"code_territoire":"iris333980000","libelle_territoire":"Saint-Exupéry (commune non irisée)"}},
{"type":"Feature","geometry":{"type":"Polygon","coordinates":[[[-0.13355,44.66662],[-0.14236,44.66124],[-0.14214,44.65745],[-0.13519,44.65519],[-0.12548,44.65543],[-0.12419,44.64703],[-0.11897,44.64327],[-0.1166,44.64569],[-0.11461,44.64536],[-0.11542,44.6442],[-0.10907,44.64127],[-0.10624,44.64197],[-0.10372,44.64026],[-0.08614,44.63783],[-0.08087,44.63831],[-0.07361,44.64333],[-0.07226,44.6496],[-0.07197,44.65125],[-0.08349,44.65577],[-0.09334,44.66327],[-0.09589,44.6608],[-0.09939,44.66142],[-0.09799,44.65941],[-0.10137,44.65901],[-0.11218,44.66539],[-0.12488,44.66456],[-0.13355,44.66662]]]},"properties":{"code_territoire":"iris333990000","libelle_territoire":"Saint-Félix-de-Foncaude (commune non irisée)"}},
{"type":"Feature","geometry":{"type":"Polygon","coordinates":[[[0.05444,44.72439],[0.05168,44.7138],[0.04725,44.71194],[0.03582,44.70444],[0.03527,44.7021],[0.02374,44.69607],[0.03435,44.69036],[0.04346,44.67398],[0.04725,44.67302],[0.05188,44.67747],[0.06133,44.66806],[0.06604,44.67085],[0.07149,44.66572],[0.07744,44.66872],[0.07833,44.67335],[0.08159,44.67847],[0.0817,44.68506],[0.09168,44.69224],[0.09479,44.70048],[0.0927,44.70199],[0.09309,44.70593],[0.08028,44.70974],[0.08303,44.71528],[0.06054,44.72389],[0.05444,44.72439]]]},"properties":{"code_territoire":"iris334000000","libelle_territoire":"Saint-Ferme (commune non irisée)"}},
{"type":"Feature","geometry":{"type":"Polygon","coordinates":[[[-0.08756,44.80491],[-0.08234,44.81081],[-0.08307,44.82408],[-0.08625,44.82429],[-0.09152,44.83021],[-0.10531,44.82254],[-0.09693,44.81077],[-0.09809,44.80799],[-0.09258,44.80543],[-0.09019,44.80372],[-0.08756,44.80491]]]},"properties":{"code_territoire":"iris334010000","libelle_territoire":"Sainte-Florence (commune non irisée)"}},
{"type":"Feature","geometry":{"type":"Polygon","coordinates":[[[0.21022,44.8418],[0.21411,44.83791],[0.22183,44.83675],[0.22392,44.84178],[0.22189,44.84466],[0.21022,44.8418]]]},"properties":{"code_territoire":"iris334020000","libelle_territoire":"Sainte-Foy-la-Grande (commune non irisée)"}},
{"type":"Feature","geometry":{"type":"Polygon","coordinates":[[[-0.11935,44.60343],[-0.11823,44.6147],[-0.11612,44.61611],[-0.11906,44.61683],[-0.12248,44.62134],[-0.12664,44.62225],[-0.13146,44.62056],[-0.1313,44.62444],[-0.14003,44.62517],[-0.15418,44.63296],[-0.1589,44.62938],[-0.16393,44.63111],[-0.16652,44.62323],[-0.16455,44.61344],[-0.15851,44.60903],[-0.15954,44.60585],[-0.15063,44.60587],[-0.15005,44.60375],[-0.14122,44.60469],[-0.13153,44.59879],[-0.12944,44.60005],[-0.12504,44.59844],[-0.12482,44.60139],[-0.11935,44.60343]]]},"properties":{"code_territoire":"iris334030000","libelle_territoire":"Sainte-Foy-la-Longue (commune non irisée)"}},
{"type":"Feature","geometry":{"type":"Polygon","coordinates":[[[0.08866,44.63075],[0.08599,44.63995],[0.07926,44.63478],[0.0704,44.63876],[0.06871,44.63533],[0.0635,44.63205],[0.06125,44.62503],[0.05572,44.62345],[0.05545,44.62104],[0.05085,44.6222],[0.04736,44.61677],[0.05495,44.61065],[0.06288,44.60808],[0.06234,44.60323],[0.06802,44.60351],[0.07979,44.59995],[0.08431,44.59933],[0.09062,44.60189],[0.08651,44.61334],[0.09127,44.62503],[0.08866,44.63075]]]},"properties":{"code_territoire":"iris334040000","libelle_territoire":"Sainte-Gemme (commune non irisée)"}},
{"type":"Feature","geometry":{"type":"Polygon","coordinates":[[[-0.69274,45.14523],[-0.68773,45.14596],[-0.69081,45.15268],[-0.68424,45.15973],[-0.67956,45.14711],[-0.65815,45.15],[-0.65214,45.15168],[-0.64223,45.15231],[-0.63725,45.15082],[-0.63582,45.15189],[-0.63432,45.16409],[-0.63586,45.16824],[-0.65607,45.17312],[-0.67409,45.17198],[-0.68665,45.1697],[-0.6919,45.18352],[-0.69403,45.18179],[-0.69567,45.16807],[-0.70033,45.16729],[-0.69274,45.14523]]]},"properties":{"code_territoire":"iris334050000","libelle_territoire":"Saint-Genès-de-Blaye (commune non irisée)"}},
{"type":"Feature","geometry":{"type":"Polygon","coordinates":[[[-0.09144,44.89997],[-0.08872,44.89228],[-0.08301,44.89211],[-0.08172,44.89473],[-0.07735,44.89106],[-0.07067,44.89143],[-0.06762,44.88856],[-0.06277,44.8896],[-0.05239,44.88803],[-0.04946,44.89718],[-0.04497,44.89672],[-0.03996,44.89894],[-0.03879,44.90164],[-0.03546,44.90186],[-0.03407,44.90585],[-0.03997,44.90454],[-0.05614,44.91113],[-0.06612,44.91323],[-0.06611,44.9098],[-0.0745,44.90644],[-0.09144,44.89997]]]},"properties":{"code_territoire":"iris334060000","libelle_territoire":"Saint-Genès-de-Castillon (commune non irisée)"}},
{"type":"Feature","geometry":{"type":"Polygon","coordinates":[[[-0.35047,45.04601],[-0.35787,45.03593],[-0.35713,45.03317],[-0.36291,45.02122],[-0.36228,45.01855],[-0.35402,45.01286],[-0.34734,45.01391],[-0.34098,45.01132],[-0.3379,45.0057],[-0.33328,45.00587],[-0.33165,45.00797],[-0.33292,45.01511],[-0.33757,45.01795],[-0.3335,45.02202],[-0.33565,45.03525],[-0.33325,45.0378],[-0.33761,45.03964],[-0.33828,45.044],[-0.35047,45.04601]]]},"properties":{"code_territoire":"iris334070000","libelle_territoire":"Saint-Genès-de-Fronsac (commune non irisée)"}},
{"type":"Feature","geometry":{"type":"Polygon","coordinates":[[[-0.352,44.75852],[-0.35475,44.76288],[-0.3625,44.76316],[-0.36649,44.76685],[-0.36803,44.76573],[-0.37178,44.76781],[-0.37602,44.76757],[-0.37537,44.76451],[-0.3871,44.76431],[-0.38573,44.76166],[-0.39226,44.75305],[-0.39166,44.75059],[-0.4,44.74909],[-0.41276,44.74373],[-0.40251,44.74406],[-0.39275,44.74291],[-0.38244,44.73996],[-0.38035,44.74364],[-0.3688,44.75177],[-0.36299,44.75235],[-0.352,44.75852]]]},"properties":{"code_territoire":"iris334080000","libelle_territoire":"Saint-Genès-de-Lombaud (commune non irisée)"}},
{"type":"Feature","geometry":{"type":"Polygon","coordinates":[[[-0.18887,44.69301],[-0.1785,44.69272],[-0.17614,44.69567],[-0.17052,44.69782],[-0.17267,44.69914],[-0.17344,44.70843],[-0.1752,44.70581],[-0.18091,44.70749],[-0.18018,44.7041],[-0.18853,44.70491],[-0.19543,44.70579],[-0.19746,44.70165],[-0.19176,44.69914],[-0.19555,44.69553],[-0.18887,44.69301]]]},"properties":{"code_territoire":"iris334090000","libelle_territoire":"Saint-Genis-du-Bois (commune non irisée)"}},
{"type":"Feature","geometry":{"type":"Polygon","coordinates":[[[-0.20611,44.62494],[-0.21224,44.62647],[-0.22674,44.64137],[-0.23233,44.64445],[-0.23638,44.64174],[-0.24117,44.64001],[-0.24206,44.63723],[-0.23406,44.6328],[-0.22811,44.6245],[-0.22353,44.62098],[-0.21921,44.60464],[-0.21403,44.60665],[-0.21204,44.61007],[-0.1935,44.61437],[-0.18815,44.61809],[-0.1939,44.6212],[-0.20101,44.61889],[-0.20192,44.62218],[-0.20692,44.62271],[-0.20611,44.62494]]]},"properties":{"code_territoire":"iris334110000","libelle_territoire":"Saint-Germain-de-Grave (commune non irisée)"}},
{"type":"Feature","geometry":{"type":"Polygon","coordinates":[[[-0.92009,45.20478],[-0.89908,45.20841],[-0.88905,45.20662],[-0.88712,45.22114],[-0.88369,45.22482],[-0.88839,45.2302],[-0.88524,45.23588],[-0.89318,45.24669],[-0.88376,45.25472],[-0.87863,45.25567],[-0.87195,45.26271],[-0.86586,45.26433],[-0.86255,45.2688],[-0.85503,45.26971],[-0.84543,45.27362],[-0.83244,45.27432],[-0.82768,45.27948],[-0.82955,45.28339],[-0.83426,45.28295],[-0.83608,45.28504],[-0.83525,45.28946],[-0.838,45.29102],[-0.8376,45.29304],[-0.8335,45.29625],[-0.83589,45.2956],[-0.83548,45.29741],[-0.85149,45.30207],[-0.85551,45.2975],[-0.85475,45.29547],[-0.86505,45.29702],[-0.86877,45.29604],[-0.87643,45.29923],[-0.87822,45.29707],[-0.89342,45.29302],[-0.90358,45.28178],[-0.9066,45.27964],[-0.90982,45.28026],[-0.91449,45.27677],[-0.93426,45.24884],[-0.94961,45.23517],[-0.94524,45.23255],[-0.94818,45.22735],[-0.92009,45.20478]]]},"properties":{"code_territoire":"iris334120000","libelle_territoire":"Saint-Germain-d'Esteuil (commune non irisée)"}},
{"type":"Feature","geometry":{"type":"Polygon","coordinates":[[[-0.36086,44.85247],[-0.36317,44.84611],[-0.36229,44.8396],[-0.36142,44.83349],[-0.3475,44.8366],[-0.34077,44.83516],[-0.33887,44.83511],[-0.33502,44.83991],[-0.31315,44.84299],[-0.30412,44.86096],[-0.3116,44.86505],[-0.31238,44.86843],[-0.31474,44.86655],[-0.31836,44.86853],[-0.32056,44.86723],[-0.32861,44.87239],[-0.33135,44.86999],[-0.36086,44.85247]]]},"properties":{"code_territoire":"iris334130000","libelle_territoire":"Saint-Germain-du-Puch (commune non irisée)"}},
{"type":"Feature","geometry":{"type":"Polygon","coordinates":[[[-0.33133,44.93287],[-0.32237,44.94453],[-0.32025,44.9443],[-0.317,44.94822],[-0.30916,44.9501],[-0.31061,44.95272],[-0.32633,44.95547],[-0.32734,44.95222],[-0.34171,44.94984],[-0.34955,44.93502],[-0.33133,44.93287]]]},"properties":{"code_territoire":"iris334140000","libelle_territoire":"Saint-Germain-de-la-Rivière (commune non irisée)"}},
{"type":"Feature","geometry":{"type":"Polygon","coordinates":[[[-0.45314,45.02665],[-0.46692,45.0274],[-0.47375,45.02995],[-0.47337,45.02709],[-0.47595,45.02539],[-0.47435,45.0206],[-0.47772,45.02037],[-0.47828,45.0176],[-0.48154,45.01727],[-0.4887,45.01181],[-0.49104,45.00434],[-0.48321,45.00283],[-0.47721,45.0089],[-0.46699,45.01132],[-0.46438,45.00878],[-0.45657,45.01141],[-0.44821,45.01197],[-0.4439,45.01501],[-0.44464,45.01862],[-0.44851,45.02094],[-0.44757,45.02728],[-0.45314,45.02665]]]},"properties":{"code_territoire":"iris334150000","libelle_territoire":"Saint-Gervais (commune non irisée)"}},
{"type":"Feature","geometry":{"type":"Polygon","coordinates":[[[-0.53863,45.12253],[-0.52841,45.12471],[-0.52717,45.12967],[-0.5255,45.12966],[-0.52638,45.13409],[-0.52363,45.13537],[-0.52165,45.1418],[-0.52432,45.14616],[-0.5226,45.15501],[-0.51306,45.16472],[-0.51325,45.16744],[-0.521,45.17077],[-0.5278,45.16585],[-0.53059,45.16649],[-0.5488,45.16133],[-0.55064,45.15605],[-0.55876,45.15598],[-0.55752,45.15351],[-0.55582,45.15113],[-0.56216,45.14071],[-0.56034,45.13497],[-0.55571,45.13529],[-0.5534,45.13331],[-0.55505,45.13091],[-0.54407,45.12797],[-0.54477,45.12277],[-0.53863,45.12253]]]},"properties":{"code_territoire":"iris334160000","libelle_territoire":"Saint-Girons-d'Aiguevives (commune non irisée)"}},
{"type":"Feature","geometry":{"type":"Polygon","coordinates":[[[-0.93301,44.90255],[-0.90565,44.89812],[-0.86555,44.94764],[-0.85761,44.95433],[-0.81946,44.9719],[-0.82927,44.97594],[-0.83099,44.9948],[-0.83558,44.99807],[-0.83343,45.00251],[-0.85172,45.01918],[-0.85934,45.01679],[-0.86529,45.01822],[-0.85745,45.02628],[-0.88729,45.02982],[-0.89555,45.03243],[-0.92484,45.02651],[-0.94282,45.02072],[-0.96576,45.01597],[-0.97805,45.0153],[-0.9859,45.0034],[-0.99292,44.98382],[-0.99471,44.97145],[-0.98892,44.95829],[-0.9806,44.95134],[-0.97613,44.94863],[-0.96434,44.92709],[-0.95029,44.9177],[-0.93301,44.90255]]]},"properties":{"code_territoire":"iris334170000","libelle_territoire":"Sainte-Hélène (commune non irisée)"}},
{"type":"Feature","geometry":{"type":"Polygon","coordinates":[[[0.0324,44.60355],[0.02237,44.61294],[0.01586,44.61583],[0.01331,44.61991],[0.00097,44.62536],[-0.00345,44.6198],[-0.00874,44.62182],[-0.015,44.60922],[-0.00626,44.60598],[-0.01596,44.60186],[-0.01864,44.59751],[-0.01638,44.59695],[-0.01918,44.59468],[-0.01918,44.59078],[-0.01307,44.59075],[-0.00549,44.58816],[-0.00208,44.58913],[0.00449,44.58532],[0.00629,44.5891],[0.01322,44.58569],[0.0208,44.58751],[0.02508,44.58859],[0.02618,44.59081],[0.02459,44.59653],[0.0324,44.60355]]]},"properties":{"code_territoire":"iris334180000","libelle_territoire":"Saint-Hilaire-de-la-Noaille (commune non irisée)"}},
{"type":"Feature","geometry":{"type":"Polygon","coordinates":[[[-0.06272,44.65027],[-0.06309,44.65444],[-0.06019,44.65584],[-0.06079,44.65872],[-0.0576,44.66166],[-0.05875,44.66416],[-0.06124,44.66764],[-0.08926,44.67394],[-0.09131,44.67137],[-0.08835,44.67101],[-0.09222,44.66697],[-0.09036,44.66314],[-0.09334,44.66327],[-0.08349,44.65577],[-0.07197,44.65125],[-0.07226,44.6496],[-0.06272,44.65027]]]},"properties":{"code_territoire":"iris334190000","libelle_territoire":"Saint-Hilaire-du-Bois (commune non irisée)"}},
{"type":"Feature","geometry":{"type":"Polygon","coordinates":[[[-0.12813,44.88164],[-0.12835,44.87826],[-0.13281,44.87467],[-0.13429,44.86],[-0.12841,44.86013],[-0.12608,44.86202],[-0.11954,44.86065],[-0.11731,44.86219],[-0.11174,44.87086],[-0.11279,44.87605],[-0.10664,44.88659],[-0.11291,44.88978],[-0.11374,44.88823],[-0.12207,44.88714],[-0.12813,44.88164]]]},"properties":{"code_territoire":"iris334200000","libelle_territoire":"Saint-Hippolyte (commune non irisée)"}},
{"type":"Feature","geometry":{"type":"Polygon","coordinates":[[[-0.14465,44.81904],[-0.14606,44.81367],[-0.15335,44.80709],[-0.15382,44.80447],[-0.14377,44.80125],[-0.13364,44.7945],[-0.12513,44.80188],[-0.12148,44.80189],[-0.12208,44.80547],[-0.11749,44.80542],[-0.11145,44.82185],[-0.12559,44.82281],[-0.13496,44.81372],[-0.14088,44.81499],[-0.14465,44.81904]]]},"properties":{"code_territoire":"iris334210000","libelle_territoire":"Saint-Jean-de-Blaignac (commune non irisée)"}},
{"type":"Feature","geometry":{"type":"Polygon","coordinates":[[[-0.79645,44.82484],[-0.80129,44.80619],[-0.78631,44.80844],[-0.78068,44.81173],[-0.77803,44.80073],[-0.77343,44.79985],[-0.75959,44.80212],[-0.75835,44.80459],[-0.75051,44.80385],[-0.73597,44.81137],[-0.73091,44.80235],[-0.7289,44.80429],[-0.72615,44.81351],[-0.73846,44.82959],[-0.75383,44.8325],[-0.79645,44.82484]]]},"properties":{"code_territoire":"iris334220101","libelle_territoire":"Boulac"}},
{"type":"Feature","geometry":{"type":"Polygon","coordinates":[[[-0.88116,44.85752],[-0.88489,44.84982],[-0.90505,44.80822],[-0.88143,44.7601],[-0.83743,44.73709],[-0.79514,44.7441],[-0.75902,44.75542],[-0.73396,44.77555],[-0.73829,44.77978],[-0.73463,44.78161],[-0.73926,44.78285],[-0.73638,44.79143],[-0.72946,44.8016],[-0.7289,44.80429],[-0.73091,44.80235],[-0.73597,44.81137],[-0.75051,44.80385],[-0.75835,44.80459],[-0.75959,44.80212],[-0.77343,44.79985],[-0.77803,44.80073],[-0.78068,44.81173],[-0.78631,44.80844],[-0.80129,44.80619],[-0.79645,44.82484],[-0.8029,44.82318],[-0.83575,44.82877],[-0.83634,44.84076],[-0.8548,44.84798],[-0.87358,44.85174],[-0.88116,44.85752]]]},"properties":{"code_territoire":"iris334220102","libelle_territoire":"Le Las"}}
]}