{"type":"FeatureCollection", "features": [
{"type":"Feature","geometry":{"type":"Polygon","coordinates":[[[3.97264,45.16606],[3.96571,45.16573],[3.96343,45.16859],[3.95359,45.17211],[3.93887,45.1681],[3.93549,45.16978],[3.93351,45.1687],[3.93452,45.16461],[3.92757,45.16083],[3.92504,45.15523],[3.92453,45.15136],[3.92838,45.14639],[3.92274,45.13746],[3.9205,45.12803],[3.92836,45.12723],[3.93709,45.12264],[3.9383,45.11584],[3.93612,45.11309],[3.93942,45.11196],[3.93786,45.10993],[3.94075,45.10797],[3.94669,45.10906],[3.95286,45.11372],[3.96084,45.11054],[3.9639,45.11243],[3.96544,45.1209],[3.97133,45.12515],[3.96993,45.13077],[3.98238,45.15558],[3.97924,45.16335],[3.97264,45.16606]]]},"properties":{"code_territoire":"iris430210000","libelle_territoire":"Beaulieu (commune non irisée)"}},
{"type":"Feature","geometry":{"type":"Polygon","coordinates":[[[3.3674,45.31458],[3.36401,45.32089],[3.35578,45.32603],[3.35183,45.33228],[3.34377,45.33465],[3.33674,45.33364],[3.33548,45.32773],[3.32695,45.32281],[3.32976,45.32202],[3.32637,45.31565],[3.31879,45.31699],[3.31317,45.31513],[3.30675,45.30688],[3.30321,45.308],[3.2942,45.30538],[3.29527,45.30728],[3.29143,45.30754],[3.28716,45.29783],[3.29106,45.29677],[3.29264,45.30055],[3.30559,45.2969],[3.30585,45.29439],[3.31392,45.28961],[3.32121,45.2925],[3.32563,45.29651],[3.32582,45.30273],[3.33617,45.3092],[3.34216,45.30499],[3.34463,45.30855],[3.34841,45.30726],[3.35165,45.31132],[3.35907,45.31332],[3.36363,45.30491],[3.36879,45.30767],[3.3674,45.31458]]]},"properties":{"code_territoire":"iris430220000","libelle_territoire":"Beaumont (commune non irisée)"}},
{"type":"Feature","geometry":{"type":"Polygon","coordinates":[[[3.85732,45.28963],[3.86485,45.29728],[3.85925,45.29635],[3.85812,45.29815],[3.85645,45.29583],[3.85408,45.30043],[3.84901,45.29926],[3.84723,45.30098],[3.84884,45.29788],[3.84429,45.29975],[3.84225,45.29804],[3.83693,45.29992],[3.83653,45.30532],[3.83491,45.30386],[3.82943,45.30494],[3.83039,45.30326],[3.82795,45.30282],[3.82588,45.30509],[3.82144,45.30283],[3.82054,45.30442],[3.81844,45.30242],[3.81269,45.30658],[3.8047,45.30235],[3.8035,45.29636],[3.79706,45.28986],[3.79124,45.28935],[3.78103,45.28473],[3.78109,45.28124],[3.77716,45.27923],[3.78061,45.27692],[3.78426,45.27756],[3.79498,45.27278],[3.81259,45.27618],[3.82144,45.27181],[3.8327,45.27829],[3.84052,45.27956],[3.84504,45.27716],[3.85732,45.28963]]]},"properties":{"code_territoire":"iris430230000","libelle_territoire":"Beaune-sur-Arzon (commune non irisée)"}},
{"type":"Feature","geometry":{"type":"Polygon","coordinates":[[[4.06336,45.16994],[4.06633,45.1664],[4.07133,45.16623],[4.07701,45.17145],[4.08475,45.17241],[4.08492,45.17635],[4.08967,45.17898],[4.09352,45.178],[4.09592,45.18277],[4.09889,45.18135],[4.1057,45.18529],[4.1084,45.19101],[4.11093,45.19142],[4.11013,45.19385],[4.11343,45.19497],[4.10855,45.19734],[4.11056,45.20084],[4.10973,45.20318],[4.10723,45.20318],[4.10817,45.20702],[4.10287,45.20949],[4.10119,45.21435],[4.09055,45.21473],[4.09013,45.21972],[4.08385,45.22029],[4.083,45.22441],[4.08097,45.22373],[4.07985,45.22566],[4.0732,45.22072],[4.0696,45.20511],[4.05609,45.19142],[4.05779,45.17721],[4.05589,45.17481],[4.06336,45.16994]]]},"properties":{"code_territoire":"iris430240000","libelle_territoire":"Beaux (commune non irisée)"}},
{"type":"Feature","geometry":{"type":"Polygon","coordinates":[[[4.05933,45.28009],[4.05238,45.28011],[4.05046,45.27788],[4.0462,45.27905],[4.04436,45.27657],[4.04695,45.26948],[4.05244,45.26763],[4.05436,45.25954],[4.04786,45.25625],[4.04789,45.25375],[4.05322,45.24969],[4.05016,45.24574],[4.05973,45.24342],[4.06369,45.24023],[4.05931,45.23431],[4.06758,45.23026],[4.06602,45.22708],[4.0732,45.22072],[4.07985,45.22566],[4.08097,45.22373],[4.083,45.22441],[4.08385,45.22029],[4.09013,45.21972],[4.09055,45.21473],[4.10119,45.21435],[4.10408,45.23223],[4.10002,45.23668],[4.10318,45.24399],[4.11413,45.2443],[4.11802,45.24704],[4.12758,45.24684],[4.13105,45.2491],[4.13194,45.25605],[4.1416,45.2564],[4.14466,45.25867],[4.13996,45.26164],[4.1391,45.26582],[4.13401,45.2661],[4.13576,45.27115],[4.13281,45.276],[4.13431,45.27811],[4.13873,45.27715],[4.14607,45.284],[4.14301,45.28715],[4.13954,45.28756],[4.13852,45.28557],[4.13377,45.28477],[4.12834,45.28892],[4.11863,45.29183],[4.11553,45.28611],[4.10339,45.28174],[4.09824,45.27546],[4.08666,45.27399],[4.07816,45.27812],[4.07441,45.27629],[4.0707,45.27823],[4.06634,45.27745],[4.06539,45.28018],[4.05933,45.28009]]]},"properties":{"code_territoire":"iris430250000","libelle_territoire":"Beauzac (commune non irisée)"}},
{"type":"Feature","geometry":{"type":"Polygon","coordinates":[[[3.78371,45.24196],[3.77417,45.23777],[3.76638,45.23733],[3.76423,45.23015],[3.75903,45.22855],[3.76177,45.22235],[3.76853,45.21844],[3.77319,45.22002],[3.77375,45.21771],[3.78331,45.21628],[3.78156,45.21379],[3.78519,45.20639],[3.78837,45.20798],[3.78806,45.20467],[3.79702,45.20662],[3.79301,45.20308],[3.7958,45.20416],[3.8025,45.20194],[3.79922,45.19753],[3.80222,45.19281],[3.80014,45.19214],[3.80116,45.1897],[3.79519,45.18698],[3.79499,45.18438],[3.80077,45.17611],[3.80217,45.17965],[3.81711,45.18616],[3.82439,45.18679],[3.82545,45.18195],[3.8342,45.18548],[3.83185,45.19767],[3.82889,45.20002],[3.83353,45.19965],[3.84033,45.20371],[3.84325,45.20289],[3.84925,45.20853],[3.8686,45.2133],[3.86697,45.21531],[3.86992,45.21508],[3.87098,45.21787],[3.87181,45.22502],[3.86679,45.22617],[3.86304,45.22292],[3.86009,45.22372],[3.86197,45.23208],[3.85928,45.23256],[3.85511,45.23601],[3.84933,45.23407],[3.8458,45.23887],[3.84514,45.237],[3.83869,45.23795],[3.83378,45.23442],[3.82279,45.23358],[3.81649,45.2361],[3.81434,45.24286],[3.80918,45.24432],[3.80256,45.24083],[3.79007,45.24247],[3.78853,45.2392],[3.78459,45.23953],[3.78371,45.24196]]]},"properties":{"code_territoire":"iris430260000","libelle_territoire":"Bellevue-la-Montagne (commune non irisée)"}},
{"type":"Feature","geometry":{"type":"Polygon","coordinates":[[[3.55582,45.27395],[3.56024,45.26999],[3.56545,45.26961],[3.57895,45.27404],[3.58404,45.27213],[3.58552,45.26703],[3.59125,45.27011],[3.60055,45.26965],[3.60341,45.27154],[3.61424,45.27211],[3.60602,45.28346],[3.60702,45.28548],[3.61436,45.28729],[3.61381,45.30321],[3.61285,45.3061],[3.60097,45.30849],[3.59346,45.31365],[3.59208,45.30235],[3.58711,45.29569],[3.58973,45.28931],[3.58176,45.2867],[3.57698,45.28741],[3.57057,45.28276],[3.57239,45.27687],[3.56948,45.27502],[3.56234,45.27412],[3.56372,45.27652],[3.55582,45.27395]]]},"properties":{"code_territoire":"iris430270000","libelle_territoire":"Berbezit (commune non irisée)"}},
{"type":"Feature","geometry":{"type":"Polygon","coordinates":[[[4.09165,45.10392],[4.0948,45.10485],[4.09107,45.11286],[4.09822,45.12257],[4.08689,45.12868],[4.08805,45.13362],[4.0835,45.1346],[4.08454,45.14164],[4.08949,45.14496],[4.08907,45.14832],[4.08315,45.14923],[4.07674,45.15331],[4.06807,45.14937],[4.06344,45.1514],[4.06398,45.14056],[4.06127,45.1388],[4.06508,45.13338],[4.07168,45.13386],[4.06925,45.12043],[4.07412,45.1206],[4.08364,45.11565],[4.08596,45.11004],[4.08223,45.10618],[4.08572,45.10297],[4.09165,45.10392]]]},"properties":{"code_territoire":"iris430280000","libelle_territoire":"Bessamorel (commune non irisée)"}},
{"type":"Feature","geometry":{"type":"Polygon","coordinates":[[[3.37273,44.97575],[3.37028,44.97031],[3.37659,44.96289],[3.37248,44.96353],[3.37169,44.96021],[3.39061,44.95042],[3.397,44.95864],[3.40444,44.95713],[3.41248,44.94501],[3.41692,44.94279],[3.42007,44.94556],[3.436,44.94904],[3.43848,44.95112],[3.44252,44.95591],[3.44259,44.9604],[3.43772,44.96855],[3.43198,44.96951],[3.43117,44.9747],[3.43626,44.97513],[3.43502,44.97785],[3.44299,44.98302],[3.44096,44.9867],[3.44701,44.99073],[3.44534,44.996],[3.45011,45.00353],[3.45181,45.00973],[3.45064,45.0075],[3.44642,45.00832],[3.44454,45.00513],[3.43207,45.00285],[3.41308,44.98965],[3.4113,44.98444],[3.40633,44.98262],[3.40028,44.97613],[3.38006,44.97934],[3.37273,44.97575]]]},"properties":{"code_territoire":"iris430290000","libelle_territoire":"La Besseyre-Saint-Mary (commune non irisée)"}},
{"type":"Feature","geometry":{"type":"Polygon","coordinates":[[[3.89052,45.10622],[3.89113,45.10972],[3.88615,45.11209],[3.87162,45.11333],[3.85994,45.11569],[3.85103,45.11478],[3.84708,45.11965],[3.84721,45.12619],[3.83719,45.12831],[3.82701,45.1185],[3.82204,45.1168],[3.83109,45.1036],[3.82954,45.10272],[3.83891,45.09661],[3.85203,45.10382],[3.86779,45.10084],[3.8685,45.10293],[3.88773,45.10395],[3.89052,45.10622]]]},"properties":{"code_territoire":"iris430300000","libelle_territoire":"Blanzac (commune non irisée)"}},
{"type":"Feature","geometry":{"type":"Polygon","coordinates":[[[3.41377,45.16735],[3.42452,45.17083],[3.4233,45.1736],[3.42553,45.17452],[3.42139,45.18052],[3.41272,45.17573],[3.41178,45.17923],[3.406,45.18214],[3.40116,45.17836],[3.39145,45.17844],[3.39098,45.17071],[3.38502,45.16481],[3.37942,45.16537],[3.37691,45.1626],[3.37025,45.16837],[3.36517,45.16705],[3.36227,45.17203],[3.35194,45.16255],[3.35292,45.1603],[3.35547,45.16071],[3.35572,45.1578],[3.35082,45.15737],[3.35136,45.1556],[3.34602,45.15383],[3.34966,45.15085],[3.35466,45.15112],[3.35297,45.14852],[3.35583,45.14256],[3.36,45.14602],[3.37197,45.1445],[3.38067,45.14814],[3.39216,45.1472],[3.39166,45.14976],[3.39866,45.15242],[3.39571,45.15371],[3.39421,45.15893],[3.39802,45.16046],[3.40243,45.15715],[3.40553,45.15734],[3.41203,45.1623],[3.41377,45.16735]]]},"properties":{"code_territoire":"iris430310000","libelle_territoire":"Blassac (commune non irisée)"}},
{"type":"Feature","geometry":{"type":"Polygon","coordinates":[[[3.97554,45.07247],[3.96815,45.0695],[3.96026,45.07287],[3.95376,45.07111],[3.95052,45.06582],[3.94758,45.06597],[3.94488,45.06213],[3.94618,45.05983],[3.95105,45.05959],[3.9541,45.06182],[3.95939,45.0557],[3.98377,45.04952],[3.98722,45.05663],[3.99928,45.05943],[3.99605,45.06458],[3.98703,45.0664],[3.97699,45.07504],[3.97554,45.07247]]]},"properties":{"code_territoire":"iris430320000","libelle_territoire":"Blavozy (commune non irisée)"}},
{"type":"Feature","geometry":{"type":"Polygon","coordinates":[[[3.18545,45.27958],[3.1864,45.2861],[3.19134,45.29064],[3.18451,45.29365],[3.18875,45.29652],[3.19249,45.29631],[3.19447,45.30088],[3.19854,45.30073],[3.1984,45.30204],[3.20173,45.29926],[3.20651,45.30441],[3.2109,45.30577],[3.21908,45.32611],[3.21817,45.3298],[3.20887,45.33212],[3.20759,45.33444],[3.19305,45.33027],[3.18791,45.3322],[3.19014,45.33547],[3.18691,45.33715],[3.18719,45.3394],[3.18407,45.3379],[3.18558,45.34111],[3.18286,45.34342],[3.18553,45.3442],[3.18161,45.34619],[3.18299,45.35172],[3.1811,45.35223],[3.15101,45.35109],[3.15233,45.34855],[3.13236,45.339],[3.13723,45.33822],[3.13455,45.3351],[3.14663,45.33074],[3.14452,45.32666],[3.14824,45.31676],[3.15125,45.31456],[3.15492,45.31693],[3.15447,45.31237],[3.16015,45.3152],[3.15876,45.30995],[3.15531,45.30886],[3.15968,45.307],[3.16005,45.30408],[3.16632,45.30316],[3.16041,45.29523],[3.15832,45.29254],[3.16281,45.28906],[3.16081,45.28786],[3.16408,45.28682],[3.1632,45.28502],[3.16682,45.28618],[3.16957,45.282],[3.1665,45.28121],[3.1693,45.27901],[3.1656,45.27642],[3.1684,45.27458],[3.1633,45.26988],[3.16471,45.2686],[3.18818,45.27734],[3.18337,45.27889],[3.18545,45.27958]]]},"properties":{"code_territoire":"iris430330000","libelle_territoire":"Blesle (commune non irisée)"}},
{"type":"Feature","geometry":{"type":"Polygon","coordinates":[[[3.94244,45.31632],[3.94053,45.31208],[3.93655,45.31157],[3.93966,45.30889],[3.93832,45.306],[3.95269,45.30615],[3.95719,45.30263],[3.95373,45.30142],[3.9579,45.29891],[3.96537,45.29322],[3.9714,45.29407],[3.97051,45.29135],[3.97358,45.29058],[3.97459,45.28633],[3.97695,45.28635],[3.97135,45.30639],[3.97334,45.30895],[3.97613,45.30841],[3.98261,45.31135],[3.98441,45.31481],[3.99102,45.31652],[4.00628,45.31283],[4.01281,45.31787],[4.02365,45.31159],[4.02674,45.31374],[4.02651,45.31674],[4.02128,45.32255],[4.02071,45.32825],[4.01592,45.32885],[4.0146,45.33363],[4.00548,45.33147],[3.99794,45.33549],[3.9899,45.33538],[3.99041,45.33736],[3.98063,45.33542],[3.97813,45.33117],[3.98018,45.32721],[3.97767,45.32544],[3.96352,45.32025],[3.95445,45.32224],[3.95271,45.32033],[3.9491,45.32105],[3.94244,45.31632]]]},"properties":{"code_territoire":"iris430340000","libelle_territoire":"Boisset (commune non irisée)"}},
{"type":"Feature","geometry":{"type":"Polygon","coordinates":[[[3.72251,45.28491],[3.72412,45.286],[3.72855,45.28121],[3.7352,45.2805],[3.73799,45.28727],[3.74421,45.29159],[3.74816,45.30199],[3.74564,45.30898],[3.75353,45.31383],[3.7598,45.31474],[3.764,45.32067],[3.76287,45.33084],[3.76034,45.32804],[3.75116,45.3314],[3.74664,45.32674],[3.73372,45.32978],[3.73111,45.32813],[3.73115,45.32381],[3.71383,45.32031],[3.71592,45.31229],[3.70259,45.29611],[3.71218,45.28672],[3.72251,45.28491]]]},"properties":{"code_territoire":"iris430350000","libelle_territoire":"Bonneval (commune non irisée)"}},
{"type":"Feature","geometry":{"type":"Polygon","coordinates":[[[3.78818,45.11013],[3.78781,45.10572],[3.78179,45.10396],[3.78142,45.10185],[3.78605,45.09985],[3.78348,45.0955],[3.78032,45.0927],[3.77643,45.09413],[3.77714,45.09231],[3.7735,45.09007],[3.77585,45.07914],[3.79157,45.08583],[3.79899,45.08313],[3.80182,45.08646],[3.80485,45.08568],[3.80381,45.08771],[3.80946,45.09015],[3.81082,45.09302],[3.80387,45.09858],[3.80662,45.10323],[3.80567,45.10735],[3.79639,45.10818],[3.7942,45.10565],[3.78818,45.11013]]]},"properties":{"code_territoire":"iris430360000","libelle_territoire":"Borne (commune non irisée)"}},
{"type":"Feature","geometry":{"type":"Polygon","coordinates":[[[3.80943,44.85963],[3.82342,44.86503],[3.82483,44.8688],[3.81619,44.87293],[3.81737,44.87759],[3.82434,44.88158],[3.81932,44.88465],[3.81342,44.88266],[3.8072,44.88976],[3.80702,44.89998],[3.79864,44.90687],[3.77585,44.90946],[3.77236,44.91157],[3.76979,44.90945],[3.77133,44.90593],[3.76567,44.90729],[3.75718,44.90279],[3.75327,44.8927],[3.75592,44.89045],[3.75112,44.88891],[3.75044,44.88602],[3.75734,44.87883],[3.75666,44.8768],[3.77249,44.87593],[3.77191,44.87306],[3.77441,44.8741],[3.77425,44.87185],[3.77748,44.87209],[3.78065,44.87643],[3.78648,44.87365],[3.78607,44.86969],[3.7888,44.86754],[3.79829,44.86592],[3.80618,44.85894],[3.80943,44.85963]]]},"properties":{"code_territoire":"iris430370000","libelle_territoire":"Le Bouchet-Saint-Nicolas (commune non irisée)"}},
{"type":"Feature","geometry":{"type":"Polygon","coordinates":[[[3.30138,45.36831],[3.30456,45.36436],[3.29981,45.3621],[3.30444,45.35359],[3.30095,45.34957],[3.30839,45.34279],[3.30146,45.33668],[3.30111,45.33858],[3.29814,45.33774],[3.2982,45.33283],[3.30187,45.32886],[3.30058,45.32662],[3.31253,45.32416],[3.31538,45.31707],[3.31317,45.31513],[3.31879,45.31699],[3.32637,45.31565],[3.32976,45.32202],[3.32695,45.32281],[3.33548,45.32773],[3.33674,45.33364],[3.34377,45.33465],[3.35183,45.33228],[3.35683,45.33447],[3.35459,45.33702],[3.35761,45.34101],[3.34815,45.35208],[3.34494,45.35173],[3.34334,45.35644],[3.32683,45.36662],[3.31724,45.36105],[3.31224,45.36409],[3.31372,45.37142],[3.30138,45.36831]]]},"properties":{"code_territoire":"iris430380000","libelle_territoire":"Bournoncle-Saint-Pierre (commune non irisée)"}},
{"type":"Feature","geometry":{"type":"Polygon","coordinates":[[[3.92119,44.9395],[3.91711,44.93996],[3.91492,44.9436],[3.90692,44.93914],[3.90432,44.94203],[3.90034,44.94115],[3.89794,44.94513],[3.89075,44.9422],[3.88144,44.94245],[3.87504,44.93807],[3.87032,44.92938],[3.86062,44.93025],[3.8578,44.93145],[3.85819,44.93685],[3.85417,44.9381],[3.86009,44.95417],[3.8475,44.94945],[3.83969,44.95234],[3.83374,44.9508],[3.83403,44.94136],[3.83987,44.93246],[3.83771,44.92694],[3.84122,44.92563],[3.84752,44.91392],[3.83902,44.90531],[3.83968,44.89941],[3.85329,44.89916],[3.86268,44.89552],[3.86577,44.89113],[3.86134,44.8917],[3.85883,44.88957],[3.86017,44.88451],[3.86466,44.8838],[3.86269,44.8786],[3.87006,44.87453],[3.87875,44.87784],[3.88266,44.87724],[3.88264,44.87961],[3.88538,44.8776],[3.88721,44.88078],[3.89384,44.88819],[3.90143,44.89133],[3.90176,44.89276],[3.91162,44.8938],[3.91392,44.89619],[3.91373,44.89821],[3.90759,44.90095],[3.90777,44.9072],[3.91249,44.91346],[3.91927,44.91337],[3.91924,44.91551],[3.91567,44.91679],[3.91704,44.91977],[3.91027,44.92203],[3.91732,44.93043],[3.915,44.93306],[3.92106,44.9352],[3.92119,44.9395]]]},"properties":{"code_territoire":"iris430390000","libelle_territoire":"Le Brignon (commune non irisée)"}},
{"type":"Feature","geometry":{"type":"Polygon","coordinates":[[[3.40269,45.30199],[3.38983,45.29538],[3.38729,45.29748],[3.38234,45.29577],[3.37732,45.29057],[3.36805,45.28937],[3.35731,45.28473],[3.36877,45.28462],[3.37113,45.28211],[3.37411,45.28231],[3.37873,45.27455],[3.38845,45.27653],[3.39053,45.28007],[3.39496,45.27994],[3.39654,45.27792],[3.40599,45.28105],[3.40757,45.27955],[3.41213,45.29599],[3.4048,45.29739],[3.40269,45.30199]]]},"properties":{"code_territoire":"iris430400101","libelle_territoire":"Sud"}},
{"type":"Feature","geometry":{"type":"Polygon","coordinates":[[[3.36363,45.30491],[3.36665,45.29912],[3.36394,45.29154],[3.36042,45.29103],[3.35731,45.28473],[3.36805,45.28937],[3.37732,45.29057],[3.38234,45.29577],[3.38729,45.29748],[3.38983,45.29538],[3.40269,45.30199],[3.4035,45.30288],[3.404,45.30977],[3.39927,45.3099],[3.39821,45.31129],[3.40064,45.31142],[3.39552,45.31471],[3.39482,45.31858],[3.38898,45.31909],[3.3674,45.31458],[3.36879,45.30767],[3.36363,45.30491]]]},"properties":{"code_territoire":"iris430400102","libelle_territoire":"Nord"}},
{"type":"Feature","geometry":{"type":"Polygon","coordinates":[[[3.90334,45.04994],[3.91112,45.04653],[3.91021,45.04144],[3.91132,45.04384],[3.91564,45.04373],[3.92373,45.04045],[3.93352,45.03028],[3.93634,45.03323],[3.93927,45.03587],[3.9366,45.03908],[3.94213,45.04025],[3.93971,45.04213],[3.94163,45.04984],[3.92945,45.05522],[3.91998,45.05581],[3.91489,45.05509],[3.91376,45.05709],[3.90967,45.05563],[3.90514,45.05677],[3.90227,45.05518],[3.90334,45.04994]]]},"properties":{"code_territoire":"iris430410000","libelle_territoire":"Brives-Charensac (commune non irisée)"}},
{"type":"Feature","geometry":{"type":"Polygon","coordinates":[[[3.82744,44.88401],[3.82553,44.89345],[3.82881,44.89627],[3.82689,44.8972],[3.83314,44.89946],[3.83284,44.90156],[3.83968,44.89941],[3.83902,44.90531],[3.84752,44.91392],[3.84122,44.92563],[3.83771,44.92694],[3.83987,44.93246],[3.83403,44.94136],[3.83374,44.9508],[3.83969,44.95234],[3.84068,44.95556],[3.83588,44.95417],[3.82963,44.9587],[3.82399,44.95573],[3.81643,44.95788],[3.81055,44.95494],[3.80999,44.94683],[3.81469,44.94379],[3.81391,44.93974],[3.80072,44.94173],[3.79343,44.93883],[3.79153,44.94229],[3.78786,44.94087],[3.7803,44.94272],[3.77749,44.94017],[3.78317,44.93893],[3.78071,44.93707],[3.77304,44.93815],[3.77047,44.9361],[3.76484,44.93638],[3.76613,44.92879],[3.76917,44.92655],[3.76905,44.91799],[3.77236,44.91157],[3.77585,44.90946],[3.79864,44.90687],[3.80702,44.89998],[3.8072,44.88976],[3.81342,44.88266],[3.81932,44.88465],[3.82434,44.88158],[3.82744,44.88401]]]},"properties":{"code_territoire":"iris430420000","libelle_territoire":"Cayres (commune non irisée)"}},
{"type":"Feature","geometry":{"type":"Polygon","coordinates":[[[3.80077,45.17611],[3.79499,45.18438],[3.79519,45.18698],[3.80116,45.1897],[3.80014,45.19214],[3.80222,45.19281],[3.79922,45.19753],[3.8025,45.20194],[3.7958,45.20416],[3.79301,45.20308],[3.79702,45.20662],[3.78806,45.20467],[3.78837,45.20798],[3.78519,45.20639],[3.78156,45.21379],[3.78331,45.21628],[3.77375,45.21771],[3.77319,45.22002],[3.76853,45.21844],[3.76177,45.22235],[3.76152,45.2204],[3.75159,45.21582],[3.75152,45.21296],[3.75796,45.20787],[3.75588,45.20611],[3.75917,45.20463],[3.75781,45.2019],[3.75487,45.20223],[3.75365,45.19842],[3.74431,45.20041],[3.74057,45.19876],[3.74202,45.19652],[3.73556,45.19762],[3.73031,45.19615],[3.72487,45.19463],[3.7256,45.18833],[3.72168,45.18542],[3.71893,45.18607],[3.714,45.17484],[3.72049,45.17525],[3.72375,45.17088],[3.72248,45.16205],[3.73766,45.15451],[3.74328,45.14533],[3.74724,45.143],[3.75203,45.14558],[3.75021,45.15069],[3.75913,45.15772],[3.77303,45.15337],[3.7682,45.15825],[3.77583,45.1609],[3.77733,45.16538],[3.78194,45.16415],[3.78543,45.16839],[3.78924,45.1683],[3.78859,45.17532],[3.79229,45.17674],[3.79481,45.17411],[3.79594,45.17666],[3.79905,45.17392],[3.80077,45.17611]]]},"properties":{"code_territoire":"iris430430000","libelle_territoire":"Céaux-d'Allègre (commune non irisée)"}},
{"type":"Feature","geometry":{"type":"Polygon","coordinates":[[[3.45304,45.14499],[3.45745,45.14297],[3.46232,45.14619],[3.46752,45.13901],[3.47815,45.14239],[3.4826,45.14832],[3.48881,45.1478],[3.49068,45.15297],[3.49266,45.15263],[3.48985,45.15545],[3.49362,45.15703],[3.49004,45.15833],[3.4936,45.16172],[3.49224,45.16954],[3.49532,45.1751],[3.48126,45.17798],[3.47769,45.17397],[3.47303,45.17001],[3.46982,45.1713],[3.46251,45.16808],[3.45991,45.17232],[3.45075,45.17119],[3.44431,45.1684],[3.44967,45.1676],[3.45054,45.16318],[3.45347,45.16325],[3.44883,45.1486],[3.45304,45.14499]]]},"properties":{"code_territoire":"iris430440000","libelle_territoire":"Cerzat (commune non irisée)"}},
{"type":"Feature","geometry":{"type":"Polygon","coordinates":[[[3.83465,45.05896],[3.8226,45.05622],[3.8199,45.04505],[3.81059,45.04272],[3.81532,45.0404],[3.81149,45.03702],[3.81525,45.0356],[3.81283,45.03418],[3.8154,45.02852],[3.80947,45.02725],[3.80851,45.01697],[3.81134,45.01101],[3.81657,45.01186],[3.82035,45.01639],[3.82525,45.01713],[3.83393,45.02433],[3.84145,45.0236],[3.8528,45.02634],[3.85858,45.02872],[3.85358,45.03734],[3.84855,45.0393],[3.846,45.04615],[3.8366,45.05358],[3.83465,45.05896]]]},"properties":{"code_territoire":"iris430450000","libelle_territoire":"Ceyssac (commune non irisée)"}},
{"type":"Feature","geometry":{"type":"Polygon","coordinates":[[[3.91376,45.05709],[3.9105,45.06678],[3.89886,45.06989],[3.89582,45.06995],[3.89375,45.06594],[3.89025,45.06526],[3.88868,45.05902],[3.89114,45.05586],[3.89488,45.05473],[3.89527,45.05054],[3.8993,45.05153],[3.90205,45.05715],[3.90514,45.05677],[3.90967,45.05563],[3.91376,45.05709]]]},"properties":{"code_territoire":"iris430460000","libelle_territoire":"Chadrac (commune non irisée)"}},
{"type":"Feature","geometry":{"type":"Polygon","coordinates":[[[3.92106,44.9352],[3.92667,44.92935],[3.92811,44.93118],[3.93857,44.92746],[3.93829,44.92432],[3.9423,44.92162],[3.94426,44.92689],[3.94646,44.92818],[3.94791,44.92641],[3.9494,44.92803],[3.95179,44.93651],[3.95566,44.93447],[3.96219,44.93574],[3.96753,44.94134],[3.96679,44.94285],[3.96289,44.94057],[3.96265,44.94401],[3.9558,44.94566],[3.95257,44.94952],[3.95749,44.95391],[3.95609,44.96005],[3.94301,44.96538],[3.93615,44.9749],[3.93184,44.97528],[3.92737,44.97857],[3.92275,44.97643],[3.92314,44.97472],[3.91521,44.97815],[3.91051,44.97481],[3.91582,44.96844],[3.92148,44.96768],[3.92052,44.96342],[3.92699,44.95809],[3.92396,44.95577],[3.91976,44.95586],[3.92162,44.95384],[3.91822,44.94626],[3.92119,44.9395],[3.92106,44.9352]]]},"properties":{"code_territoire":"iris430470000","libelle_territoire":"Chadron (commune non irisée)"}},
{"type":"Feature","geometry":{"type":"Polygon","coordinates":[[[3.69749,45.34644],[3.6912,45.34579],[3.68662,45.33738],[3.68137,45.33579],[3.67665,45.32247],[3.6657,45.32609],[3.66764,45.32383],[3.6656,45.31776],[3.67286,45.30971],[3.67264,45.30388],[3.68879,45.29652],[3.6975,45.29791],[3.70259,45.29611],[3.71592,45.31229],[3.71383,45.32031],[3.71259,45.32408],[3.70717,45.32706],[3.70535,45.34002],[3.69749,45.34644]]]},"properties":{"code_territoire":"iris430480000","libelle_territoire":"La Chaise-Dieu (commune non irisée)"}},
{"type":"Feature","geometry":{"type":"Polygon","coordinates":[[[3.98216,45.20635],[3.97913,45.20216],[3.96997,45.19808],[3.96974,45.19622],[3.95996,45.19274],[3.95259,45.18406],[3.95359,45.17211],[3.96343,45.16859],[3.96571,45.16573],[3.97264,45.16606],[3.97487,45.16849],[3.9806,45.16959],[3.98363,45.16659],[3.98786,45.16669],[3.98926,45.1699],[3.99648,45.17268],[4.00245,45.18371],[3.98817,45.18724],[3.98836,45.18939],[3.99122,45.19147],[4.00068,45.19268],[4.00538,45.19626],[4.00394,45.19916],[4.0125,45.20152],[4.01616,45.20833],[4.00963,45.20583],[3.99774,45.21079],[3.99227,45.20847],[3.9858,45.20985],[3.98216,45.20635]]]},"properties":{"code_territoire":"iris430490000","libelle_territoire":"Chamalières-sur-Loire (commune non irisée)"}},
{"type":"Feature","geometry":{"type":"Polygon","coordinates":[[[3.26003,45.39101],[3.25391,45.38856],[3.25058,45.39018],[3.24458,45.38945],[3.24058,45.39377],[3.23588,45.39474],[3.23601,45.39142],[3.22982,45.38899],[3.22597,45.38324],[3.22177,45.38184],[3.21853,45.36946],[3.22534,45.37095],[3.22617,45.37349],[3.2308,45.375],[3.23314,45.37061],[3.23615,45.37457],[3.23954,45.37188],[3.24543,45.37165],[3.25009,45.37162],[3.25027,45.37477],[3.25613,45.37427],[3.25336,45.37792],[3.2588,45.38068],[3.26003,45.39101]]]},"properties":{"code_territoire":"iris430500000","libelle_territoire":"Chambezon (commune non irisée)"}},
{"type":"Feature","geometry":{"type":"Polygon","coordinates":[[[4.29996,45.01992],[4.30421,45.01776],[4.30208,45.02652],[4.31148,45.02473],[4.31048,45.0314],[4.33009,45.02991],[4.34113,45.02594],[4.34891,45.03046],[4.35225,45.02799],[4.35616,45.03383],[4.36581,45.03417],[4.36729,45.03692],[4.37081,45.03566],[4.38005,45.03722],[4.38168,45.04592],[4.37763,45.0549],[4.37071,45.05636],[4.3648,45.05368],[4.35914,45.05608],[4.35265,45.06403],[4.34672,45.06524],[4.34642,45.07504],[4.33853,45.0759],[4.32973,45.08213],[4.32671,45.09016],[4.31387,45.09027],[4.30603,45.08651],[4.29687,45.09071],[4.28834,45.0833],[4.29076,45.08034],[4.28406,45.07585],[4.29021,45.07341],[4.2911,45.06927],[4.28613,45.069],[4.28662,45.06584],[4.27949,45.06529],[4.27826,45.06099],[4.27471,45.06031],[4.27792,45.054],[4.27796,45.0403],[4.27623,45.03038],[4.26858,45.02285],[4.28087,45.02214],[4.28343,45.02667],[4.29142,45.01801],[4.29996,45.01992]]]},"properties":{"code_territoire":"iris430510000","libelle_territoire":"Le Chambon-sur-Lignon (commune non irisée)"}},
{"type":"Feature","geometry":{"type":"Polygon","coordinates":[[[3.54079,45.34744],[3.52915,45.34828],[3.52151,45.36214],[3.51015,45.36704],[3.51174,45.37133],[3.51781,45.37287],[3.51465,45.37544],[3.51523,45.38093],[3.51015,45.37978],[3.50665,45.38218],[3.50252,45.38155],[3.49426,45.38655],[3.48888,45.3873],[3.48098,45.38373],[3.48016,45.38126],[3.4842,45.37653],[3.47989,45.3681],[3.46595,45.3736],[3.46373,45.36836],[3.47639,45.36176],[3.48136,45.36148],[3.48056,45.35695],[3.4757,45.35578],[3.47827,45.3433],[3.48859,45.33979],[3.49232,45.3433],[3.49464,45.34094],[3.50023,45.3427],[3.50573,45.33809],[3.50031,45.33261],[3.50088,45.32815],[3.49757,45.32391],[3.50108,45.32011],[3.5131,45.32371],[3.51509,45.33253],[3.51853,45.33486],[3.53189,45.32907],[3.53101,45.33142],[3.53891,45.33444],[3.54756,45.33349],[3.54079,45.34744]]]},"properties":{"code_territoire":"iris430520000","libelle_territoire":"Champagnac-le-Vieux (commune non irisée)"}},
{"type":"Feature","geometry":{"type":"Polygon","coordinates":[[[4.19626,45.0313],[4.18334,45.0278],[4.1802,45.03159],[4.16689,45.03214],[4.13866,45.04935],[4.13516,45.05717],[4.12371,45.04716],[4.11564,45.0379],[4.11923,45.03281],[4.11132,45.02924],[4.11324,45.02331],[4.1179,45.02239],[4.11867,45.02026],[4.12112,45.01946],[4.12435,45.02327],[4.13363,45.02439],[4.14162,45.01727],[4.15061,45.01662],[4.15743,45.00804],[4.16501,45.00905],[4.16696,45.0065],[4.16479,45.00301],[4.1819,44.99855],[4.18856,45.00077],[4.19256,45.00465],[4.20411,45.0049],[4.20213,45.00958],[4.20471,45.01164],[4.2005,45.01591],[4.20477,45.01979],[4.21165,45.02069],[4.21194,45.02451],[4.19626,45.0313]]]},"properties":{"code_territoire":"iris430530000","libelle_territoire":"Champclause (commune non irisée)"}},
{"type":"Feature","geometry":{"type":"Polygon","coordinates":[[[3.43596,44.88022],[3.44185,44.85422],[3.45141,44.84539],[3.45562,44.8443],[3.45872,44.83936],[3.45616,44.82906],[3.46478,44.82799],[3.47746,44.81375],[3.4785,44.80977],[3.48713,44.80644],[3.48976,44.80716],[3.49412,44.81471],[3.5073,44.8242],[3.5194,44.83227],[3.52874,44.85176],[3.53665,44.8551],[3.53555,44.85993],[3.51961,44.86101],[3.51271,44.86471],[3.52208,44.87042],[3.52253,44.87297],[3.52732,44.87254],[3.52894,44.87495],[3.53079,44.87196],[3.53286,44.87428],[3.54019,44.87407],[3.52596,44.89411],[3.51599,44.89139],[3.5093,44.89966],[3.50188,44.89521],[3.48449,44.88949],[3.46152,44.88692],[3.44581,44.87933],[3.43596,44.88022]]]},"properties":{"code_territoire":"iris430540000","libelle_territoire":"Chanaleilles (commune non irisée)"}},
{"type":"Feature","geometry":{"type":"Polygon","coordinates":[[[3.50108,45.32011],[3.49757,45.32391],[3.50088,45.32815],[3.50031,45.33261],[3.50573,45.33809],[3.50023,45.3427],[3.49464,45.34094],[3.48846,45.33731],[3.4807,45.33715],[3.47164,45.33422],[3.46929,45.33232],[3.47145,45.33078],[3.46532,45.32869],[3.46368,45.32372],[3.46352,45.32169],[3.4671,45.3211],[3.46688,45.31602],[3.46113,45.31601],[3.45325,45.30902],[3.4429,45.30629],[3.43833,45.30248],[3.43949,45.30055],[3.44286,45.2996],[3.44546,45.30187],[3.45534,45.30337],[3.46307,45.2999],[3.46216,45.29874],[3.46475,45.29942],[3.45962,45.29691],[3.46056,45.29192],[3.46423,45.29368],[3.4691,45.29776],[3.47375,45.29482],[3.47705,45.29542],[3.48117,45.30104],[3.48949,45.29809],[3.49877,45.3026],[3.49987,45.30916],[3.50372,45.31093],[3.50291,45.3176],[3.50513,45.31816],[3.50108,45.32011]]]},"properties":{"code_territoire":"iris430550000","libelle_territoire":"Chaniat (commune non irisée)"}},
{"type":"Feature","geometry":{"type":"Polygon","coordinates":[[[3.50435,45.04955],[3.51206,45.05479],[3.52139,45.05496],[3.53413,45.04988],[3.53844,45.05088],[3.54927,45.04723],[3.55532,45.04679],[3.56116,45.0506],[3.56193,45.056],[3.56879,45.05663],[3.57048,45.05951],[3.56801,45.06119],[3.56122,45.06508],[3.55228,45.06506],[3.54077,45.0733],[3.53927,45.07594],[3.54472,45.07565],[3.5467,45.07994],[3.54133,45.08316],[3.54321,45.08689],[3.53399,45.09283],[3.53134,45.09129],[3.52593,45.09375],[3.51637,45.0957],[3.50933,45.09309],[3.51277,45.0938],[3.51507,45.08784],[3.50854,45.08584],[3.51128,45.07733],[3.50603,45.07562],[3.50905,45.07012],[3.50449,45.06682],[3.50602,45.06361],[3.50357,45.06104],[3.49767,45.05993],[3.49928,45.05242],[3.50241,45.05262],[3.50435,45.04955]]]},"properties":{"code_territoire":"iris430560000","libelle_territoire":"Chanteuges (commune non irisée)"}},
{"type":"Feature","geometry":{"type":"Polygon","coordinates":[[[3.65891,45.22938],[3.64119,45.23088],[3.64255,45.23563],[3.63507,45.23988],[3.63158,45.24019],[3.62863,45.23793],[3.62343,45.23669],[3.62235,45.22878],[3.61898,45.22722],[3.61984,45.22394],[3.63022,45.22166],[3.63266,45.21711],[3.62463,45.2103],[3.63235,45.2099],[3.63424,45.20777],[3.64007,45.20978],[3.63891,45.20305],[3.64224,45.19439],[3.65546,45.19772],[3.65907,45.20225],[3.6577,45.20611],[3.66441,45.20764],[3.67632,45.20618],[3.67963,45.20885],[3.68152,45.21173],[3.67559,45.21414],[3.67303,45.21301],[3.66138,45.22413],[3.65891,45.22938]]]},"properties":{"code_territoire":"iris430570000","libelle_territoire":"La Chapelle-Bertin (commune non irisée)"}},
{"type":"Feature","geometry":{"type":"Polygon","coordinates":[[[4.15428,45.32875],[4.17204,45.3282],[4.18415,45.32095],[4.18741,45.3242],[4.19912,45.32349],[4.21395,45.31506],[4.225,45.31429],[4.23072,45.31033],[4.23071,45.31479],[4.23016,45.31867],[4.23463,45.31997],[4.23761,45.32474],[4.23011,45.33089],[4.22259,45.34865],[4.21575,45.34851],[4.20046,45.34081],[4.19014,45.34131],[4.17999,45.33168],[4.15637,45.33466],[4.15397,45.3291],[4.15428,45.32875]]]},"properties":{"code_territoire":"iris430580000","libelle_territoire":"La Chapelle-d'Aurec (commune non irisée)"}},
{"type":"Feature","geometry":{"type":"Polygon","coordinates":[[[3.7061,45.36072],[3.69989,45.35946],[3.69659,45.36513],[3.70682,45.36925],[3.7075,45.37572],[3.69902,45.37184],[3.6889,45.37349],[3.6907,45.38006],[3.68343,45.37783],[3.68389,45.38093],[3.67961,45.38423],[3.6738,45.38024],[3.67024,45.38355],[3.66382,45.36153],[3.65303,45.35829],[3.64486,45.35934],[3.64492,45.3511],[3.64049,45.34826],[3.65144,45.33851],[3.65436,45.33269],[3.65905,45.33261],[3.65983,45.32773],[3.6657,45.32609],[3.67665,45.32247],[3.68137,45.33579],[3.68662,45.33738],[3.6912,45.34579],[3.69749,45.34644],[3.70141,45.34858],[3.69994,45.35596],[3.7061,45.36072]]]},"properties":{"code_territoire":"iris430590000","libelle_territoire":"La Chapelle-Geneste (commune non irisée)"}},
{"type":"Feature","geometry":{"type":"Polygon","coordinates":[[[3.5416,45.00866],[3.54077,45.00233],[3.54143,45.00018],[3.54308,45.0008],[3.55226,45.01177],[3.55816,45.01323],[3.55855,45.01095],[3.56544,45.00881],[3.57523,45.01435],[3.57819,45.01307],[3.58004,45.01626],[3.58535,45.01784],[3.57837,45.02144],[3.58202,45.02577],[3.57764,45.03756],[3.57511,45.04009],[3.57093,45.03671],[3.56595,45.03967],[3.55695,45.03798],[3.55717,45.04045],[3.54773,45.04565],[3.54245,45.04636],[3.54415,45.03867],[3.53758,45.03028],[3.53933,45.02794],[3.53733,45.02622],[3.53956,45.02482],[3.53829,45.02218],[3.55209,45.01781],[3.54945,45.01531],[3.55178,45.01291],[3.5416,45.00866]]]},"properties":{"code_territoire":"iris430600000","libelle_territoire":"Charraix (commune non irisée)"}},
{"type":"Feature","geometry":{"type":"Polygon","coordinates":[[[3.92618,45.10831],[3.91703,45.11214],[3.9166,45.11484],[3.91223,45.1131],[3.91306,45.10928],[3.9039,45.11144],[3.89555,45.10695],[3.89868,45.1051],[3.89654,45.09954],[3.89927,45.09362],[3.91163,45.09186],[3.90741,45.08534],[3.90858,45.08339],[3.9138,45.08277],[3.91088,45.08063],[3.91138,45.07685],[3.91419,45.07664],[3.91235,45.0698],[3.92175,45.06947],[3.92785,45.0683],[3.93402,45.07293],[3.93658,45.06794],[3.94333,45.07097],[3.94253,45.0688],[3.9467,45.06813],[3.94758,45.06597],[3.95052,45.06582],[3.95376,45.07111],[3.96026,45.07287],[3.96815,45.0695],[3.97554,45.07247],[3.96393,45.08002],[3.96602,45.08361],[3.96423,45.08642],[3.9598,45.08435],[3.95351,45.08506],[3.95608,45.08914],[3.94881,45.09468],[3.94329,45.09654],[3.94116,45.09524],[3.93893,45.10034],[3.92618,45.10831]]]},"properties":{"code_territoire":"iris430610000","libelle_territoire":"Chaspinhac (commune non irisée)"}},
{"type":"Feature","geometry":{"type":"Polygon","coordinates":[[[3.71774,45.05546],[3.72041,45.05456],[3.71945,45.05258],[3.72687,45.04932],[3.73732,45.05581],[3.73985,45.05397],[3.74938,45.0575],[3.75232,45.05491],[3.75924,45.05474],[3.76795,45.06016],[3.77686,45.06023],[3.78403,45.06295],[3.78491,45.06632],[3.77819,45.06931],[3.77634,45.07636],[3.76989,45.07893],[3.76594,45.07693],[3.76399,45.08001],[3.7617,45.07721],[3.75268,45.0796],[3.74786,45.076],[3.73052,45.07024],[3.71711,45.06483],[3.72234,45.0616],[3.71693,45.05808],[3.71774,45.05546]]]},"properties":{"code_territoire":"iris430620000","libelle_territoire":"Chaspuzac (commune non irisée)"}},
{"type":"Feature","geometry":{"type":"Polygon","coordinates":[[[3.56551,45.23531],[3.5573,45.23326],[3.5471,45.2364],[3.54394,45.23494],[3.53789,45.23162],[3.53035,45.23267],[3.52133,45.22459],[3.53102,45.21221],[3.53126,45.20002],[3.54795,45.19724],[3.54274,45.20679],[3.54649,45.20708],[3.54598,45.2098],[3.55955,45.20995],[3.57001,45.2062],[3.57888,45.21468],[3.5767,45.22879],[3.56859,45.23527],[3.56551,45.23531]]]},"properties":{"code_territoire":"iris430630000","libelle_territoire":"Chassagnes (commune non irisée)"}},
{"type":"Feature","geometry":{"type":"Polygon","coordinates":[[[3.48098,45.38373],[3.48888,45.3873],[3.49426,45.38655],[3.50252,45.38155],[3.50665,45.38218],[3.51015,45.37978],[3.51523,45.38093],[3.5134,45.39184],[3.52272,45.39567],[3.52141,45.4024],[3.50471,45.41314],[3.50204,45.42176],[3.50399,45.4238],[3.50126,45.42761],[3.49137,45.42299],[3.47978,45.4211],[3.47671,45.41566],[3.46913,45.41338],[3.4656,45.40841],[3.46102,45.40681],[3.46305,45.40183],[3.45592,45.4004],[3.4482,45.39462],[3.45066,45.38637],[3.46331,45.38381],[3.46947,45.378],[3.48098,45.38373]]]},"properties":{"code_territoire":"iris430640000","libelle_territoire":"Chassignolles (commune non irisée)"}},
{"type":"Feature","geometry":{"type":"Polygon","coordinates":[[[3.32853,45.09504],[3.30543,45.10111],[3.30634,45.10259],[3.30338,45.1024],[3.30472,45.10641],[3.30182,45.10742],[3.29224,45.10605],[3.29246,45.10348],[3.28905,45.10479],[3.29211,45.10283],[3.28228,45.10316],[3.28727,45.09706],[3.28509,45.09268],[3.28908,45.09184],[3.28709,45.09069],[3.28976,45.08675],[3.29214,45.09013],[3.29679,45.09107],[3.30695,45.08618],[3.31497,45.08512],[3.31129,45.08265],[3.31309,45.08134],[3.31022,45.07278],[3.3061,45.07104],[3.30876,45.06793],[3.30206,45.064],[3.30625,45.06219],[3.30451,45.06036],[3.29925,45.06121],[3.30105,45.05503],[3.29857,45.05131],[3.30529,45.04571],[3.29751,45.03891],[3.30042,45.03122],[3.31088,45.02039],[3.31885,45.02474],[3.32456,45.0223],[3.3215,45.0257],[3.32704,45.03061],[3.33137,45.02858],[3.32955,45.02461],[3.3319,45.02786],[3.33709,45.02538],[3.344,45.03269],[3.34072,45.04061],[3.34424,45.04607],[3.34385,45.04791],[3.35137,45.05086],[3.35817,45.05757],[3.35481,45.05886],[3.35767,45.06095],[3.35463,45.06179],[3.35436,45.06506],[3.34876,45.067],[3.34912,45.06888],[3.34098,45.07008],[3.34296,45.07967],[3.34083,45.08308],[3.34462,45.08602],[3.33702,45.09254],[3.33144,45.09552],[3.32853,45.09504]]]},"properties":{"code_territoire":"iris430650000","libelle_territoire":"Chastel (commune non irisée)"}},
{"type":"Feature","geometry":{"type":"Polygon","coordinates":[[[4.19016,44.91388],[4.20338,44.92486],[4.20247,44.92703],[4.21655,44.93348],[4.217,44.93906],[4.22316,44.94815],[4.22053,44.956],[4.22465,44.96313],[4.21952,44.96284],[4.21806,44.97601],[4.19776,44.9688],[4.19397,44.97069],[4.1861,44.96446],[4.17899,44.96432],[4.17523,44.95982],[4.17584,44.95334],[4.1661,44.94656],[4.16901,44.93809],[4.17906,44.9332],[4.1783,44.91641],[4.19016,44.91388]]]},"properties":{"code_territoire":"iris430660000","libelle_territoire":"Chaudeyrolles (commune non irisée)"}},
{"type":"Feature","geometry":{"type":"Polygon","coordinates":[[[3.60713,45.14676],[3.61353,45.14971],[3.61337,45.15416],[3.60544,45.15629],[3.60829,45.15691],[3.60659,45.16608],[3.60353,45.16279],[3.5996,45.16222],[3.59282,45.16784],[3.58063,45.1701],[3.57621,45.16634],[3.56673,45.17025],[3.562,45.16804],[3.5549,45.16339],[3.56016,45.15787],[3.56848,45.15367],[3.57499,45.14534],[3.59228,45.14518],[3.59766,45.14738],[3.60434,45.14531],[3.60713,45.14676]]]},"properties":{"code_territoire":"iris430670000","libelle_territoire":"Chavaniac-Lafayette (commune non irisée)"}},
{"type":"Feature","geometry":{"type":"Polygon","coordinates":[[[3.47907,45.03353],[3.48141,45.02576],[3.47669,45.02398],[3.48295,45.01883],[3.4775,45.01866],[3.47608,45.01627],[3.4801,45.01424],[3.47824,45.01388],[3.48216,45.01001],[3.48769,45.0096],[3.4907,45.00722],[3.49204,45.0091],[3.49719,45.00769],[3.49729,45.00991],[3.50013,45.00944],[3.49994,45.01416],[3.50356,45.01532],[3.50146,45.02086],[3.50387,45.02656],[3.49994,45.02688],[3.49969,45.03301],[3.49968,45.03131],[3.4984,45.03273],[3.49667,45.03144],[3.49452,45.038],[3.4928,45.03884],[3.48499,45.03492],[3.47907,45.03353]]]},"properties":{"code_territoire":"iris430680000","libelle_territoire":"Chazelles (commune non irisée)"}},
{"type":"Feature","geometry":{"type":"Polygon","coordinates":[[[4.21164,45.14832],[4.20755,45.14748],[4.2048,45.142],[4.2107,45.13789],[4.20853,45.12154],[4.21638,45.12258],[4.22049,45.12045],[4.22202,45.12177],[4.22179,45.12034],[4.22697,45.12048],[4.23259,45.12319],[4.23785,45.11981],[4.24099,45.121],[4.24728,45.11857],[4.25736,45.12415],[4.25597,45.12625],[4.26572,45.124],[4.26559,45.13844],[4.27186,45.14424],[4.26497,45.14564],[4.26118,45.1435],[4.2625,45.14692],[4.25795,45.15096],[4.2509,45.15059],[4.24657,45.15723],[4.23662,45.15735],[4.23639,45.15379],[4.2205,45.14789],[4.21712,45.14477],[4.21164,45.14832]]]},"properties":{"code_territoire":"iris430690000","libelle_territoire":"Chenereilles (commune non irisée)"}},
{"type":"Feature","geometry":{"type":"Polygon","coordinates":[[[3.43197,45.16612],[3.42003,45.15856],[3.4216,45.15572],[3.42652,45.15629],[3.43702,45.15325],[3.44005,45.14303],[3.44978,45.14629],[3.45304,45.14499],[3.44883,45.1486],[3.45347,45.16325],[3.45054,45.16318],[3.44967,45.1676],[3.44431,45.1684],[3.45075,45.17119],[3.44567,45.17189],[3.43807,45.16511],[3.43197,45.16612]]]},"properties":{"code_territoire":"iris430700000","libelle_territoire":"Chilhac (commune non irisée)"}},
{"type":"Feature","geometry":{"type":"Polygon","coordinates":[[[3.85928,45.23256],[3.86053,45.23631],[3.85678,45.23589],[3.8543,45.23873],[3.85681,45.24084],[3.85202,45.24295],[3.8534,45.24932],[3.85007,45.25293],[3.85426,45.26481],[3.85224,45.2687],[3.85612,45.27234],[3.85752,45.26998],[3.862,45.26922],[3.86453,45.27036],[3.86462,45.27381],[3.86569,45.27146],[3.86804,45.27258],[3.86973,45.27963],[3.86775,45.28334],[3.86216,45.28327],[3.85732,45.28963],[3.84504,45.27716],[3.84052,45.27956],[3.8327,45.27829],[3.82144,45.27181],[3.81259,45.27618],[3.79498,45.27278],[3.78426,45.27756],[3.78061,45.27692],[3.77839,45.27608],[3.78004,45.27169],[3.77661,45.27256],[3.77025,45.26875],[3.77744,45.25922],[3.78135,45.25835],[3.78109,45.256],[3.77807,45.25644],[3.77566,45.25276],[3.77792,45.24639],[3.78319,45.24629],[3.78371,45.24196],[3.78459,45.23953],[3.78853,45.2392],[3.79007,45.24247],[3.80256,45.24083],[3.80918,45.24432],[3.81434,45.24286],[3.81649,45.2361],[3.82279,45.23358],[3.83378,45.23442],[3.83869,45.23795],[3.84514,45.237],[3.8458,45.23887],[3.84933,45.23407],[3.85511,45.23601],[3.85928,45.23256]]]},"properties":{"code_territoire":"iris430710000","libelle_territoire":"Chomelix (commune non irisée)"}},
{"type":"Feature","geometry":{"type":"Polygon","coordinates":[[[3.44604,45.22655],[3.44478,45.22323],[3.44972,45.21231],[3.45522,45.21425],[3.45814,45.21259],[3.46482,45.21238],[3.46555,45.22146],[3.46888,45.21939],[3.47047,45.22192],[3.47813,45.2185],[3.48136,45.22322],[3.48839,45.22478],[3.48713,45.22695],[3.49149,45.23223],[3.48744,45.23475],[3.4774,45.23995],[3.4763,45.24325],[3.46989,45.23739],[3.4555,45.23943],[3.45352,45.23266],[3.44504,45.2305],[3.44604,45.22655]]]},"properties":{"code_territoire":"iris430720000","libelle_territoire":"La Chomette (commune non irisée)"}},
{"type":"Feature","geometry":{"type":"Polygon","coordinates":[[[3.59069,45.35699],[3.58593,45.35385],[3.57984,45.34399],[3.5727,45.34276],[3.57733,45.33422],[3.56875,45.33592],[3.56504,45.33131],[3.56848,45.32693],[3.56528,45.32511],[3.57498,45.31966],[3.58855,45.31763],[3.59346,45.31365],[3.60097,45.30849],[3.61285,45.3061],[3.61381,45.30321],[3.61805,45.30922],[3.62468,45.31225],[3.63169,45.31147],[3.64054,45.3133],[3.64218,45.31855],[3.63578,45.32482],[3.65983,45.32773],[3.65905,45.33261],[3.65436,45.33269],[3.65144,45.33851],[3.64049,45.34826],[3.63384,45.34548],[3.62798,45.33897],[3.61857,45.33751],[3.60779,45.34376],[3.60322,45.35074],[3.59069,45.35699]]]},"properties":{"code_territoire":"iris430730000","libelle_territoire":"Cistrières (commune non irisée)"}},
{"type":"Feature","geometry":{"type":"Polygon","coordinates":[[[3.34815,45.35208],[3.35761,45.34101],[3.35459,45.33702],[3.35683,45.33447],[3.35183,45.33228],[3.35578,45.32603],[3.36401,45.32089],[3.3674,45.31458],[3.38898,45.31909],[3.39482,45.31858],[3.39745,45.32151],[3.39445,45.32304],[3.38758,45.32722],[3.38863,45.33825],[3.38162,45.34273],[3.38015,45.3475],[3.37546,45.3482],[3.37002,45.354],[3.36586,45.35504],[3.36393,45.35976],[3.35524,45.35698],[3.35639,45.35464],[3.35386,45.35336],[3.34815,45.35208]]]},"properties":{"code_territoire":"iris430740000","libelle_territoire":"Cohade (commune non irisée)"}},
{"type":"Feature","geometry":{"type":"Polygon","coordinates":[[[3.58658,45.23041],[3.59156,45.23668],[3.59086,45.23937],[3.59463,45.2408],[3.60226,45.23644],[3.60146,45.2332],[3.60621,45.23383],[3.61461,45.22779],[3.61898,45.22722],[3.62235,45.22878],[3.62343,45.23669],[3.62863,45.23793],[3.62469,45.24852],[3.62541,45.25535],[3.61979,45.25724],[3.61733,45.26502],[3.60735,45.25683],[3.59618,45.25197],[3.59404,45.25414],[3.59033,45.24995],[3.58581,45.25313],[3.58112,45.25109],[3.58024,45.24722],[3.57063,45.24513],[3.56998,45.24073],[3.56541,45.24054],[3.56551,45.23531],[3.56859,45.23527],[3.5767,45.22879],[3.58069,45.23492],[3.58658,45.23041]]]},"properties":{"code_territoire":"iris430750000","libelle_territoire":"Collat (commune non irisée)"}},
{"type":"Feature","geometry":{"type":"Polygon","coordinates":[[[3.61424,45.27211],[3.61883,45.26947],[3.62188,45.27656],[3.62877,45.27922],[3.63507,45.27656],[3.64594,45.28298],[3.64533,45.28449],[3.64907,45.2814],[3.65164,45.2813],[3.65413,45.28437],[3.66107,45.27992],[3.67092,45.27872],[3.67945,45.28353],[3.68452,45.28397],[3.68164,45.28834],[3.6709,45.28917],[3.67046,45.2952],[3.66672,45.29956],[3.67849,45.29794],[3.68539,45.28989],[3.6895,45.28947],[3.68879,45.29652],[3.67264,45.30388],[3.67286,45.30971],[3.6656,45.31776],[3.66764,45.32383],[3.6657,45.32609],[3.65983,45.32773],[3.63578,45.32482],[3.64218,45.31855],[3.64054,45.3133],[3.63169,45.31147],[3.62468,45.31225],[3.61805,45.30922],[3.61381,45.30321],[3.61436,45.28729],[3.60702,45.28548],[3.60602,45.28346],[3.61424,45.27211]]]},"properties":{"code_territoire":"iris430760000","libelle_territoire":"Connangles (commune non irisée)"}},
{"type":"Feature","geometry":{"type":"Polygon","coordinates":[[[3.83968,44.89941],[3.83284,44.90156],[3.83314,44.89946],[3.82689,44.8972],[3.82881,44.89627],[3.82553,44.89345],[3.82744,44.88401],[3.83189,44.8848],[3.83835,44.88225],[3.84082,44.88442],[3.84722,44.88406],[3.8479,44.88913],[3.85883,44.88957],[3.86134,44.8917],[3.86577,44.89113],[3.86268,44.89552],[3.85329,44.89916],[3.83968,44.89941]]]},"properties":{"code_territoire":"iris430770000","libelle_territoire":"Costaros (commune non irisée)"}},
{"type":"Feature","geometry":{"type":"Polygon","coordinates":[[[3.96661,45.01219],[3.96579,45.02315],[3.93634,45.03323],[3.93352,45.03028],[3.92816,45.02771],[3.92643,45.02323],[3.91495,45.02372],[3.91235,45.0216],[3.90579,45.00878],[3.89885,45.01144],[3.89132,45.01056],[3.88451,45.00732],[3.87962,44.99999],[3.88777,45.00006],[3.8996,44.98823],[3.89741,44.98406],[3.91521,44.97815],[3.92314,44.97472],[3.92275,44.97643],[3.92737,44.97857],[3.93184,44.97528],[3.93615,44.9749],[3.94301,44.96538],[3.95609,44.96005],[3.95721,44.96249],[3.96302,44.96296],[3.96882,44.96647],[3.96294,44.96839],[3.9627,44.97086],[3.94066,44.98071],[3.93879,44.98702],[3.92475,44.99562],[3.93149,44.99701],[3.9312,45.00031],[3.92823,45.00087],[3.93011,45.00313],[3.93526,45.00201],[3.93544,45.01193],[3.94192,45.00983],[3.94666,45.01255],[3.95093,45.00931],[3.95916,45.00855],[3.96745,45.01071],[3.96661,45.01219]]]},"properties":{"code_territoire":"iris430780000","libelle_territoire":"Coubon (commune non irisée)"}},
{"type":"Feature","geometry":{"type":"Polygon","coordinates":[[[3.52333,45.18925],[3.51318,45.19274],[3.51182,45.20095],[3.50679,45.2057],[3.50341,45.2045],[3.50334,45.2006],[3.47931,45.19769],[3.47171,45.19386],[3.47745,45.18774],[3.46688,45.17933],[3.47769,45.17397],[3.48126,45.17798],[3.49532,45.1751],[3.49224,45.16954],[3.4936,45.16172],[3.50318,45.16491],[3.50638,45.1636],[3.51511,45.16741],[3.51428,45.17053],[3.50923,45.17223],[3.51295,45.17601],[3.50968,45.18004],[3.51402,45.18312],[3.51519,45.18192],[3.51967,45.18331],[3.51945,45.18826],[3.52333,45.18925]]]},"properties":{"code_territoire":"iris430790000","libelle_territoire":"Couteuges (commune non irisée)"}},
{"type":"Feature","geometry":{"type":"Polygon","coordinates":[[[3.83697,45.3665],[3.83195,45.36168],[3.83325,45.35886],[3.83056,45.35548],[3.83664,45.34924],[3.83711,45.34343],[3.83182,45.34307],[3.83073,45.34513],[3.8266,45.3434],[3.81892,45.34638],[3.8158,45.34403],[3.81897,45.33824],[3.8127,45.33683],[3.8119,45.33439],[3.81539,45.3339],[3.81186,45.33301],[3.81378,45.32782],[3.8175,45.33157],[3.81513,45.32237],[3.81809,45.32118],[3.82017,45.31542],[3.81659,45.31254],[3.8169,45.30964],[3.81353,45.3101],[3.81269,45.30658],[3.81844,45.30242],[3.82054,45.30442],[3.82144,45.30283],[3.82588,45.30509],[3.82795,45.30282],[3.83039,45.30326],[3.82943,45.30494],[3.83491,45.30386],[3.83653,45.30532],[3.83693,45.29992],[3.84225,45.29804],[3.84429,45.29975],[3.84884,45.29788],[3.84723,45.30098],[3.84901,45.29926],[3.85408,45.30043],[3.85645,45.29583],[3.85812,45.29815],[3.85925,45.29635],[3.86485,45.29728],[3.87014,45.30059],[3.87139,45.31189],[3.87905,45.32706],[3.887,45.33321],[3.89072,45.34026],[3.89327,45.33759],[3.90262,45.3387],[3.89789,45.35696],[3.89195,45.35402],[3.88198,45.35658],[3.87345,45.35489],[3.86112,45.36036],[3.85383,45.36016],[3.85009,45.36398],[3.84853,45.3681],[3.85032,45.36853],[3.84629,45.37054],[3.83925,45.36568],[3.83697,45.3665]]]},"properties":{"code_territoire":"iris430800000","libelle_territoire":"Craponne-sur-Arzon (commune non irisée)"}},
{"type":"Feature","geometry":{"type":"Polygon","coordinates":[[[3.38372,45.09684],[3.38046,45.10148],[3.38285,45.10373],[3.38055,45.10538],[3.38606,45.10884],[3.38373,45.10997],[3.37277,45.10525],[3.37347,45.10823],[3.3684,45.10877],[3.36202,45.10419],[3.35466,45.10042],[3.35277,45.10201],[3.34567,45.10088],[3.34555,45.10294],[3.34314,45.09962],[3.33807,45.09994],[3.33866,45.09831],[3.32853,45.09504],[3.33144,45.09552],[3.33702,45.09254],[3.34462,45.08602],[3.34083,45.08308],[3.34296,45.07967],[3.34098,45.07008],[3.34912,45.06888],[3.34876,45.067],[3.35436,45.06506],[3.35463,45.06179],[3.35767,45.06095],[3.35481,45.05886],[3.35817,45.05757],[3.35137,45.05086],[3.34385,45.04791],[3.34424,45.04607],[3.34996,45.04077],[3.35174,45.04213],[3.34991,45.04557],[3.3527,45.04587],[3.35004,45.04834],[3.35495,45.05298],[3.3638,45.05466],[3.37728,45.06091],[3.38147,45.06413],[3.38249,45.06867],[3.37677,45.07358],[3.3839,45.08253],[3.38372,45.09684]]]},"properties":{"code_territoire":"iris430820000","libelle_territoire":"Cronce (commune non irisée)"}},
{"type":"Feature","geometry":{"type":"Polygon","coordinates":[[[3.58535,45.01784],[3.58004,45.01626],[3.57819,45.01307],[3.57523,45.01435],[3.56544,45.00881],[3.55855,45.01095],[3.55816,45.01323],[3.55226,45.01177],[3.54308,45.0008],[3.53968,44.99303],[3.52699,44.98929],[3.52921,44.98666],[3.53323,44.98416],[3.54169,44.98381],[3.54292,44.98155],[3.54666,44.9833],[3.55477,44.97903],[3.56444,44.98557],[3.56814,44.9836],[3.58343,44.98425],[3.58834,44.99313],[3.58685,44.99948],[3.59068,44.99976],[3.58708,45.00885],[3.58947,45.01352],[3.58535,45.01784]]]},"properties":{"code_territoire":"iris430830000","libelle_territoire":"Cubelles (commune non irisée)"}},
{"type":"Feature","geometry":{"type":"Polygon","coordinates":[[[3.91521,44.97815],[3.89741,44.98406],[3.8996,44.98823],[3.88777,45.00006],[3.87962,44.99999],[3.8658,44.99889],[3.85988,44.9972],[3.85276,44.98646],[3.8446,44.98252],[3.84635,44.97647],[3.84158,44.97351],[3.84381,44.97141],[3.85104,44.97028],[3.86119,44.97386],[3.87462,44.97409],[3.87944,44.98116],[3.89218,44.98441],[3.89248,44.97821],[3.90086,44.97216],[3.90815,44.973],[3.90806,44.97717],[3.91051,44.97481],[3.91521,44.97815]]]},"properties":{"code_territoire":"iris430840000","libelle_territoire":"Cussac-sur-Loire (commune non irisée)"}},
{"type":"Feature","geometry":{"type":"Polygon","coordinates":[[[3.441,45.04028],[3.43884,45.03788],[3.43653,45.04122],[3.43522,45.03827],[3.42165,45.04012],[3.41389,45.03903],[3.41741,45.03413],[3.41565,45.03298],[3.40984,45.03471],[3.40912,45.03122],[3.40377,45.02702],[3.40301,45.02197],[3.40536,45.0203],[3.40734,45.0178],[3.411,45.01901],[3.40951,45.01588],[3.40638,45.01517],[3.40805,45.01223],[3.41307,45.01269],[3.41742,45.00885],[3.4201,45.01075],[3.42528,45.00929],[3.4288,45.01126],[3.43906,45.00975],[3.44454,45.00513],[3.44642,45.00832],[3.45064,45.0075],[3.45181,45.00973],[3.45011,45.00353],[3.4552,45.00599],[3.46289,45.00381],[3.46881,45.00893],[3.4783,45.01137],[3.47824,45.01388],[3.4801,45.01424],[3.47608,45.01627],[3.4775,45.01866],[3.48295,45.01883],[3.47669,45.02398],[3.48141,45.02576],[3.47907,45.03353],[3.4772,45.03543],[3.47641,45.03246],[3.4742,45.03324],[3.46892,45.03046],[3.46589,45.03263],[3.4547,45.03208],[3.45371,45.03483],[3.44623,45.0333],[3.44059,45.03702],[3.441,45.04028]]]},"properties":{"code_territoire":"iris430850000","libelle_territoire":"Desges (commune non irisée)"}},
{"type":"Feature","geometry":{"type":"Polygon","coordinates":[[[3.4763,45.24325],[3.4774,45.23995],[3.48744,45.23475],[3.4883,45.23681],[3.49725,45.23942],[3.49691,45.2379],[3.50316,45.23612],[3.50381,45.23335],[3.50851,45.23255],[3.51039,45.22812],[3.51274,45.22802],[3.51286,45.23609],[3.52268,45.23475],[3.53221,45.23867],[3.53512,45.24237],[3.53167,45.24521],[3.53588,45.25032],[3.53427,45.2542],[3.5256,45.25434],[3.52301,45.25635],[3.52004,45.252],[3.5152,45.25075],[3.50621,45.25403],[3.50724,45.25736],[3.50358,45.2596],[3.48867,45.26015],[3.49301,45.25571],[3.4902,45.25618],[3.48028,45.25084],[3.47859,45.25404],[3.47526,45.25466],[3.47415,45.25301],[3.4763,45.24325]]]},"properties":{"code_territoire":"iris430860000","libelle_territoire":"Domeyrat (commune non irisée)"}},
{"type":"Feature","geometry":{"type":"Polygon","coordinates":[[[4.29639,45.21327],[4.30071,45.20824],[4.3052,45.20818],[4.31374,45.203],[4.31749,45.19488],[4.32088,45.19243],[4.34114,45.1908],[4.34548,45.18665],[4.38247,45.18225],[4.38666,45.18351],[4.38852,45.18206],[4.38259,45.19066],[4.3857,45.19543],[4.37921,45.19685],[4.38515,45.19909],[4.3864,45.20318],[4.3799,45.20861],[4.38095,45.21157],[4.37904,45.212],[4.38219,45.21559],[4.37641,45.22003],[4.38062,45.23098],[4.36823,45.23873],[4.35784,45.23661],[4.35527,45.24242],[4.35741,45.24363],[4.35423,45.24824],[4.34864,45.24698],[4.33625,45.24995],[4.32957,45.246],[4.32118,45.24522],[4.32469,45.24311],[4.3215,45.24098],[4.32288,45.23929],[4.31771,45.2367],[4.32007,45.23587],[4.31816,45.23492],[4.32036,45.23147],[4.31315,45.23234],[4.30463,45.22825],[4.29906,45.21952],[4.30059,45.21457],[4.29639,45.21327]]]},"properties":{"code_territoire":"iris430870000","libelle_territoire":"Dunières (commune non irisée)"}},
{"type":"Feature","geometry":{"type":"Polygon","coordinates":[[[3.21908,45.32611],[3.2109,45.30577],[3.20651,45.30441],[3.20173,45.29926],[3.1984,45.30204],[3.19854,45.30073],[3.20069,45.28898],[3.21436,45.28536],[3.2172,45.28683],[3.21805,45.2918],[3.22129,45.29001],[3.22343,45.29364],[3.22788,45.29276],[3.22907,45.28744],[3.23236,45.28918],[3.24005,45.28652],[3.24971,45.28983],[3.25446,45.28727],[3.27754,45.28941],[3.27503,45.29071],[3.27657,45.29263],[3.27082,45.29322],[3.26797,45.30142],[3.26044,45.30092],[3.26153,45.30295],[3.25817,45.3062],[3.25206,45.30665],[3.24494,45.31135],[3.24369,45.31703],[3.24103,45.31538],[3.24096,45.31787],[3.23978,45.31544],[3.23989,45.3178],[3.23476,45.3183],[3.23553,45.32123],[3.23152,45.32571],[3.22816,45.32798],[3.22295,45.3252],[3.21908,45.32611]]]},"properties":{"code_territoire":"iris430880000","libelle_territoire":"Espalem (commune non irisée)"}},
{"type":"Feature","geometry":{"type":"Polygon","coordinates":[[[3.87488,45.04958],[3.86983,45.05589],[3.86413,45.05826],[3.85528,45.05856],[3.84831,45.05624],[3.84363,45.0571],[3.84273,45.05975],[3.83883,45.05915],[3.83465,45.05896],[3.8366,45.05358],[3.846,45.04615],[3.84855,45.0393],[3.85358,45.03734],[3.85858,45.02872],[3.8665,45.03245],[3.87261,45.03886],[3.87598,45.04796],[3.87488,45.04958]]]},"properties":{"code_territoire":"iris430890000","libelle_territoire":"Espaly-Saint-Marcel (commune non irisée)"}},
{"type":"Feature","geometry":{"type":"Polygon","coordinates":[[[3.5093,44.89966],[3.51599,44.89139],[3.52596,44.89411],[3.53134,44.8961],[3.53485,44.89341],[3.53814,44.89426],[3.53864,44.88876],[3.54174,44.88591],[3.56292,44.88974],[3.56655,44.88698],[3.58218,44.88412],[3.58392,44.88914],[3.59107,44.89473],[3.59868,44.8956],[3.59862,44.89803],[3.60669,44.90028],[3.60792,44.90299],[3.60543,44.90546],[3.58736,44.90807],[3.57728,44.91328],[3.57447,44.91837],[3.56885,44.9218],[3.56536,44.91949],[3.55921,44.92344],[3.55326,44.91926],[3.54658,44.91807],[3.54577,44.91575],[3.54171,44.91961],[3.54266,44.9141],[3.5382,44.91199],[3.53592,44.91422],[3.5348,44.91306],[3.53248,44.90949],[3.53515,44.90753],[3.5334,44.90416],[3.53191,44.90534],[3.52931,44.90245],[3.51728,44.90195],[3.5093,44.89966]]]},"properties":{"code_territoire":"iris430900000","libelle_territoire":"Esplantas-Vazeilles (commune non irisée)"}},
{"type":"Feature","geometry":{"type":"Polygon","coordinates":[[[4.1783,44.91641],[4.16056,44.92104],[4.15078,44.93925],[4.14537,44.94001],[4.14596,44.93667],[4.13844,44.93525],[4.13345,44.94022],[4.12825,44.94171],[4.12754,44.93511],[4.11779,44.93118],[4.11933,44.9267],[4.10219,44.93004],[4.10349,44.93386],[4.10166,44.93428],[4.09429,44.93486],[4.09181,44.93305],[4.09481,44.93082],[4.08874,44.9322],[4.08718,44.93069],[4.08906,44.9296],[4.0815,44.9289],[4.08288,44.92573],[4.08761,44.92542],[4.0889,44.92085],[4.08949,44.91927],[4.09575,44.92093],[4.10011,44.91844],[4.10186,44.91953],[4.11004,44.90853],[4.1166,44.90785],[4.11484,44.90583],[4.11822,44.90328],[4.11642,44.90095],[4.11819,44.87831],[4.13104,44.87596],[4.13252,44.87373],[4.14319,44.87501],[4.15433,44.87302],[4.15911,44.87435],[4.16365,44.88106],[4.17929,44.88713],[4.1819,44.90837],[4.19113,44.9122],[4.19016,44.91388],[4.1783,44.91641]]]},"properties":{"code_territoire":"iris430910000","libelle_territoire":"Les Estables (commune non irisée)"}},
{"type":"Feature","geometry":{"type":"Polygon","coordinates":[[[4.23451,44.9684],[4.23217,44.97093],[4.23774,44.9786],[4.23805,44.9875],[4.23628,44.99057],[4.23244,44.99138],[4.23266,45.00089],[4.23035,45.0029],[4.22194,45.00067],[4.22082,45.00267],[4.21494,45.00241],[4.20677,44.99965],[4.20411,45.0049],[4.19256,45.00465],[4.18856,45.00077],[4.19099,44.99795],[4.18351,44.98184],[4.19372,44.97534],[4.19397,44.97069],[4.19776,44.9688],[4.21806,44.97601],[4.21952,44.96284],[4.22465,44.96313],[4.23451,44.9684]]]},"properties":{"code_territoire":"iris430920000","libelle_territoire":"Fay-sur-Lignon (commune non irisée)"}},
{"type":"Feature","geometry":{"type":"Polygon","coordinates":[[[3.75903,45.22855],[3.76423,45.23015],[3.76638,45.23733],[3.77417,45.23777],[3.78371,45.24196],[3.78319,45.24629],[3.77792,45.24639],[3.77566,45.25276],[3.77807,45.25644],[3.78109,45.256],[3.78135,45.25835],[3.77744,45.25922],[3.77025,45.26875],[3.77661,45.27256],[3.78004,45.27169],[3.77839,45.27608],[3.78061,45.27692],[3.77716,45.27923],[3.77383,45.28802],[3.76278,45.29175],[3.75397,45.28726],[3.74421,45.29159],[3.73799,45.28727],[3.7352,45.2805],[3.72855,45.28121],[3.72412,45.286],[3.72251,45.28491],[3.72013,45.27932],[3.72599,45.27662],[3.72019,45.26062],[3.71619,45.26033],[3.71326,45.25336],[3.71449,45.2521],[3.72554,45.25608],[3.73063,45.25562],[3.73129,45.25811],[3.745,45.25644],[3.74393,45.24924],[3.74614,45.24566],[3.76276,45.24541],[3.76262,45.2422],[3.75324,45.23931],[3.75075,45.23598],[3.75276,45.23129],[3.75702,45.22796],[3.75903,45.22855]]]},"properties":{"code_territoire":"iris430930000","libelle_territoire":"Félines (commune non irisée)"}},
{"type":"Feature","geometry":{"type":"Polygon","coordinates":[[[3.37728,45.06091],[3.379,45.05578],[3.38445,45.05423],[3.38517,45.05659],[3.39146,45.05638],[3.39196,45.05916],[3.39415,45.05861],[3.39835,45.06465],[3.40573,45.0688],[3.41775,45.06971],[3.42513,45.07985],[3.42811,45.08035],[3.4287,45.08412],[3.43532,45.09087],[3.43344,45.09409],[3.43881,45.09854],[3.43989,45.10146],[3.43714,45.10277],[3.43899,45.10461],[3.43577,45.10599],[3.42581,45.10471],[3.42651,45.10664],[3.42255,45.10441],[3.42076,45.10578],[3.41869,45.10352],[3.41745,45.10702],[3.4141,45.10434],[3.41344,45.10737],[3.40986,45.10772],[3.40735,45.10515],[3.40535,45.10883],[3.39816,45.10813],[3.39632,45.10572],[3.39122,45.10552],[3.39132,45.1032],[3.38765,45.1052],[3.38372,45.09684],[3.3839,45.08253],[3.37677,45.07358],[3.38249,45.06867],[3.38147,45.06413],[3.37728,45.06091]]]},"properties":{"code_territoire":"iris430940000","libelle_territoire":"Ferrussac (commune non irisée)"}},
{"type":"Feature","geometry":{"type":"Polygon","coordinates":[[[3.64613,45.13554],[3.64398,45.13293],[3.64979,45.13328],[3.6482,45.12785],[3.65074,45.12773],[3.65379,45.12185],[3.66136,45.11956],[3.6626,45.11653],[3.66992,45.12044],[3.67226,45.11934],[3.66926,45.13954],[3.67976,45.13864],[3.68195,45.14123],[3.67679,45.1516],[3.68246,45.155],[3.67942,45.16138],[3.67402,45.16407],[3.66808,45.16313],[3.66412,45.157],[3.66161,45.16013],[3.65905,45.15456],[3.65514,45.15409],[3.65324,45.15128],[3.65881,45.14364],[3.64613,45.13554]]]},"properties":{"code_territoire":"iris430950000","libelle_territoire":"Fix-Saint-Geneys (commune non irisée)"}},
{"type":"Feature","geometry":{"type":"Polygon","coordinates":[[[3.46056,45.29192],[3.45962,45.29691],[3.46475,45.29942],[3.46216,45.29874],[3.46307,45.2999],[3.45534,45.30337],[3.44546,45.30187],[3.44286,45.2996],[3.43949,45.30055],[3.42899,45.29858],[3.42584,45.30268],[3.42159,45.30309],[3.41419,45.30113],[3.41542,45.29782],[3.4108,45.29767],[3.40661,45.29963],[3.40641,45.30296],[3.4035,45.30288],[3.40269,45.30199],[3.4048,45.29739],[3.41213,45.29599],[3.40757,45.27955],[3.41752,45.26887],[3.42197,45.26757],[3.42916,45.26999],[3.42952,45.2794],[3.44339,45.27913],[3.44344,45.28207],[3.44666,45.28162],[3.44542,45.28637],[3.44818,45.29106],[3.45438,45.28874],[3.46056,45.29192]]]},"properties":{"code_territoire":"iris430960000","libelle_territoire":"Fontannes (commune non irisée)"}},
{"type":"Feature","geometry":{"type":"Polygon","coordinates":[[[4.11819,44.87831],[4.11642,44.90095],[4.11822,44.90328],[4.11484,44.90583],[4.1166,44.90785],[4.11004,44.90853],[4.10186,44.91953],[4.10011,44.91844],[4.09575,44.92093],[4.08949,44.91927],[4.0889,44.92085],[4.07257,44.92263],[4.0688,44.92224],[4.06862,44.92021],[4.07636,44.91562],[4.07469,44.91653],[4.06913,44.91215],[4.07678,44.90384],[4.07411,44.90288],[4.07476,44.89978],[4.07183,44.90032],[4.07307,44.89684],[4.07024,44.89614],[4.07448,44.89591],[4.07199,44.89409],[4.07621,44.88801],[4.07387,44.88571],[4.08887,44.87747],[4.07769,44.86984],[4.07968,44.86825],[4.09255,44.87035],[4.09741,44.87358],[4.10249,44.87372],[4.1041,44.87737],[4.11819,44.87831]]]},"properties":{"code_territoire":"iris430970000","libelle_territoire":"Freycenet-la-Cuche (commune non irisée)"}},
{"type":"Feature","geometry":{"type":"Polygon","coordinates":[[[4.0889,44.92085],[4.08761,44.92542],[4.08288,44.92573],[4.0815,44.9289],[4.08906,44.9296],[4.08718,44.93069],[4.08874,44.9322],[4.09481,44.93082],[4.09181,44.93305],[4.09429,44.93486],[4.10166,44.93428],[4.09918,44.93651],[4.10208,44.93906],[4.08533,44.94178],[4.07912,44.94129],[4.07955,44.94449],[4.07753,44.94294],[4.07345,44.94624],[4.07153,44.94424],[4.06705,44.94606],[4.06215,44.9494],[4.06112,44.95392],[4.05801,44.95234],[4.06089,44.94625],[4.05452,44.94605],[4.0513,44.94869],[4.05274,44.94656],[4.04984,44.94677],[4.0464,44.94527],[4.04642,44.94022],[4.04947,44.9369],[4.04681,44.93628],[4.04862,44.93442],[4.04701,44.93087],[4.054,44.92918],[4.05633,44.9267],[4.05937,44.92709],[4.05824,44.92383],[4.06518,44.92542],[4.07257,44.92263],[4.0889,44.92085]]]},"properties":{"code_territoire":"iris430980000","libelle_territoire":"Freycenet-la-Tour (commune non irisée)"}},
{"type":"Feature","geometry":{"type":"Polygon","coordinates":[[[3.31577,45.38395],[3.31547,45.38968],[3.31104,45.39334],[3.3003,45.3892],[3.30673,45.38021],[3.31577,45.38395]]]},"properties":{"code_territoire":"iris430990000","libelle_territoire":"Frugerès-les-Mines (commune non irisée)"}},
{"type":"Feature","geometry":{"type":"Polygon","coordinates":[[[3.47859,45.25404],[3.48028,45.25084],[3.4902,45.25618],[3.49301,45.25571],[3.48867,45.26015],[3.50358,45.2596],[3.50724,45.25736],[3.50621,45.25403],[3.5152,45.25075],[3.52004,45.252],[3.52301,45.25635],[3.52339,45.25707],[3.51439,45.27141],[3.51783,45.27502],[3.51586,45.28035],[3.52188,45.28297],[3.5225,45.28542],[3.52519,45.28472],[3.52777,45.29032],[3.52407,45.29268],[3.51926,45.2911],[3.51837,45.28892],[3.50784,45.28688],[3.50069,45.28237],[3.49401,45.28461],[3.48451,45.28068],[3.47547,45.2846],[3.47487,45.28269],[3.47199,45.28406],[3.46463,45.28139],[3.47018,45.27504],[3.47299,45.2756],[3.476,45.26608],[3.48485,45.26392],[3.47859,45.25404]]]},"properties":{"code_territoire":"iris431000000","libelle_territoire":"Frugières-le-Pin (commune non irisée)"}},
{"type":"Feature","geometry":{"type":"Polygon","coordinates":[[[3.90143,44.89133],[3.91059,44.8916],[3.9188,44.88786],[3.91628,44.88427],[3.91823,44.87732],[3.92168,44.87867],[3.92002,44.88517],[3.93511,44.87943],[3.93585,44.88072],[3.94688,44.8783],[3.94775,44.8806],[3.94551,44.88272],[3.93805,44.88307],[3.93558,44.88886],[3.91733,44.90217],[3.92222,44.90729],[3.91927,44.91337],[3.91249,44.91346],[3.90777,44.9072],[3.90759,44.90095],[3.91373,44.89821],[3.91392,44.89619],[3.91162,44.8938],[3.90176,44.89276],[3.90143,44.89133]]]},"properties":{"code_territoire":"iris431010000","libelle_territoire":"Goudet (commune non irisée)"}},
{"type":"Feature","geometry":{"type":"Polygon","coordinates":[[[4.15505,45.19142],[4.1504,45.18894],[4.14807,45.18494],[4.15028,45.18244],[4.14777,45.1829],[4.14652,45.18044],[4.15263,45.1804],[4.16458,45.17577],[4.16967,45.17673],[4.16937,45.17319],[4.16543,45.17232],[4.16809,45.16997],[4.17282,45.17123],[4.17649,45.16639],[4.16819,45.16672],[4.1729,45.16098],[4.17451,45.15978],[4.17805,45.16122],[4.17817,45.16647],[4.18154,45.1675],[4.18761,45.16155],[4.19037,45.16302],[4.19319,45.16139],[4.19444,45.1565],[4.19965,45.15746],[4.20293,45.15522],[4.20614,45.15616],[4.20531,45.16425],[4.20789,45.16709],[4.20122,45.17133],[4.203,45.18386],[4.20559,45.18527],[4.20344,45.19065],[4.20406,45.19979],[4.20651,45.20174],[4.20244,45.20724],[4.20463,45.21043],[4.20986,45.21632],[4.20717,45.22058],[4.2029,45.21849],[4.19594,45.22378],[4.19207,45.22638],[4.19232,45.2238],[4.18829,45.22383],[4.18733,45.22561],[4.18439,45.22263],[4.18206,45.22311],[4.18123,45.22704],[4.17811,45.22483],[4.17121,45.22108],[4.16615,45.22133],[4.16384,45.21743],[4.16595,45.21352],[4.17275,45.21333],[4.16827,45.21084],[4.16353,45.20236],[4.16778,45.20159],[4.16949,45.19513],[4.16449,45.19394],[4.16025,45.18634],[4.15815,45.19209],[4.15505,45.19142]]]},"properties":{"code_territoire":"iris431020000","libelle_territoire":"Grazac (commune non irisée)"}},
{"type":"Feature","geometry":{"type":"Polygon","coordinates":[[[3.23729,45.28012],[3.23647,45.28292],[3.24005,45.28652],[3.23236,45.28918],[3.22907,45.28744],[3.22788,45.29276],[3.22343,45.29364],[3.22129,45.29001],[3.21805,45.2918],[3.2172,45.28683],[3.21436,45.28536],[3.20069,45.28898],[3.19854,45.30073],[3.19447,45.30088],[3.19249,45.29631],[3.18875,45.29652],[3.18451,45.29365],[3.19134,45.29064],[3.1864,45.2861],[3.18545,45.27958],[3.19792,45.28007],[3.20165,45.28243],[3.21126,45.28141],[3.21566,45.27665],[3.22318,45.27705],[3.22,45.27189],[3.22649,45.27196],[3.22502,45.28234],[3.2361,45.2824],[3.23729,45.28012]]]},"properties":{"code_territoire":"iris431030000","libelle_territoire":"Grenier-Montgon (commune non irisée)"}},
{"type":"Feature","geometry":{"type":"Polygon","coordinates":[[[3.43596,44.88022],[3.44581,44.87933],[3.46152,44.88692],[3.48449,44.88949],[3.50188,44.89521],[3.5093,44.89966],[3.51728,44.90195],[3.51396,44.91347],[3.51837,44.91737],[3.51141,44.92611],[3.50637,44.92711],[3.50035,44.93669],[3.49495,44.93764],[3.49299,44.9357],[3.49536,44.93943],[3.49146,44.93824],[3.48945,44.94532],[3.48403,44.94335],[3.48212,44.94483],[3.48056,44.9426],[3.47952,44.94492],[3.47772,44.94301],[3.47358,44.94508],[3.46755,44.9437],[3.45948,44.93731],[3.4644,44.93406],[3.46544,44.92612],[3.45134,44.92775],[3.43888,44.92617],[3.41938,44.90837],[3.41697,44.90627],[3.41954,44.90506],[3.41804,44.9009],[3.42072,44.89485],[3.43596,44.88022]]]},"properties":{"code_territoire":"iris431040000","libelle_territoire":"Grèzes (commune non irisée)"}},
{"type":"Feature","geometry":{"type":"Polygon","coordinates":[[[3.46423,45.29368],[3.46463,45.28139],[3.47199,45.28406],[3.47487,45.28269],[3.47547,45.2846],[3.48451,45.28068],[3.49401,45.28461],[3.50069,45.28237],[3.50784,45.28688],[3.51837,45.28892],[3.51926,45.2911],[3.5132,45.29451],[3.51379,45.29886],[3.50918,45.30329],[3.50285,45.30157],[3.49877,45.3026],[3.48949,45.29809],[3.48117,45.30104],[3.47705,45.29542],[3.47375,45.29482],[3.4691,45.29776],[3.46423,45.29368]]]},"properties":{"code_territoire":"iris431050000","libelle_territoire":"Javaugues (commune non irisée)"}},
{"type":"Feature","geometry":{"type":"Polygon","coordinates":[[[3.61709,45.1921],[3.61294,45.19609],[3.60221,45.19654],[3.60419,45.19121],[3.59959,45.19096],[3.60153,45.18538],[3.59342,45.18242],[3.59537,45.1741],[3.59282,45.16784],[3.5996,45.16222],[3.60353,45.16279],[3.60659,45.16608],[3.60829,45.15691],[3.60544,45.15629],[3.61337,45.15416],[3.61353,45.14971],[3.61974,45.15186],[3.61939,45.14635],[3.62336,45.14649],[3.63315,45.14825],[3.63749,45.15191],[3.64812,45.15247],[3.64988,45.16069],[3.63774,45.16058],[3.63494,45.16228],[3.63085,45.17569],[3.62244,45.18157],[3.61709,45.1921]]]},"properties":{"code_territoire":"iris431060000","libelle_territoire":"Jax (commune non irisée)"}},
{"type":"Feature","geometry":{"type":"Polygon","coordinates":[[[3.60221,45.19654],[3.61294,45.19609],[3.61709,45.1921],[3.62975,45.19168],[3.6303,45.19519],[3.62404,45.20022],[3.63891,45.20305],[3.64007,45.20978],[3.63424,45.20777],[3.63235,45.2099],[3.62463,45.2103],[3.63266,45.21711],[3.63022,45.22166],[3.61984,45.22394],[3.61898,45.22722],[3.61461,45.22779],[3.60621,45.23383],[3.60146,45.2332],[3.60226,45.23644],[3.59463,45.2408],[3.59086,45.23937],[3.59156,45.23668],[3.58658,45.23041],[3.58512,45.2266],[3.58859,45.2164],[3.60028,45.20458],[3.59626,45.20384],[3.59434,45.20058],[3.59485,45.19696],[3.60221,45.19654]]]},"properties":{"code_territoire":"iris431070000","libelle_territoire":"Josat (commune non irisée)"}},
{"type":"Feature","geometry":{"type":"Polygon","coordinates":[[[3.74421,45.29159],[3.75397,45.28726],[3.76278,45.29175],[3.77383,45.28802],[3.77716,45.27923],[3.78109,45.28124],[3.78103,45.28473],[3.79124,45.28935],[3.79706,45.28986],[3.8035,45.29636],[3.8047,45.30235],[3.81269,45.30658],[3.81353,45.3101],[3.8169,45.30964],[3.81659,45.31254],[3.82017,45.31542],[3.81809,45.32118],[3.81513,45.32237],[3.8175,45.33157],[3.81378,45.32782],[3.80449,45.32606],[3.80068,45.32328],[3.78355,45.3326],[3.77757,45.32833],[3.77991,45.31816],[3.77337,45.31924],[3.77328,45.31682],[3.76796,45.31447],[3.76139,45.31636],[3.7598,45.31474],[3.75353,45.31383],[3.74564,45.30898],[3.74816,45.30199],[3.74421,45.29159]]]},"properties":{"code_territoire":"iris431080000","libelle_territoire":"Jullianges (commune non irisée)"}},
{"type":"Feature","geometry":{"type":"Polygon","coordinates":[[[3.962,44.85907],[3.96474,44.8517],[3.97346,44.84235],[3.97181,44.83773],[3.96163,44.83123],[3.96362,44.82935],[3.96647,44.82093],[3.97036,44.8177],[3.9816,44.81144],[3.98654,44.81286],[3.9881,44.81141],[3.98758,44.81788],[3.98006,44.82565],[3.9805,44.83108],[3.99107,44.83372],[3.99494,44.82216],[4.00038,44.81973],[4.00161,44.82482],[4.00665,44.82797],[4.00461,44.83343],[4.00718,44.83587],[4.00292,44.83622],[4.0054,44.83807],[4.01405,44.83648],[4.0135,44.82671],[4.01624,44.83098],[4.02033,44.82949],[4.02856,44.83292],[4.02865,44.83872],[4.02015,44.8459],[4.01387,44.84652],[4.01041,44.84923],[4.00721,44.84725],[4.00295,44.84946],[3.99261,44.84594],[3.98365,44.85618],[3.9781,44.85497],[3.97447,44.8588],[3.962,44.85907]]]},"properties":{"code_territoire":"iris431090000","libelle_territoire":"Lafarre (commune non irisée)"}},
{"type":"Feature","geometry":{"type":"Polygon","coordinates":[[[3.41371,45.33403],[3.40817,45.32759],[3.39992,45.32643],[3.39445,45.32304],[3.39745,45.32151],[3.39482,45.31858],[3.39552,45.31471],[3.40064,45.31142],[3.39821,45.31129],[3.39927,45.3099],[3.404,45.30977],[3.4035,45.30288],[3.40641,45.30296],[3.40661,45.29963],[3.4108,45.29767],[3.41542,45.29782],[3.41419,45.30113],[3.42159,45.30309],[3.42584,45.30268],[3.42899,45.29858],[3.43949,45.30055],[3.43833,45.30248],[3.4429,45.30629],[3.45325,45.30902],[3.46113,45.31601],[3.46688,45.31602],[3.4671,45.3211],[3.46352,45.32169],[3.46368,45.32372],[3.45996,45.32683],[3.45561,45.32611],[3.45158,45.32863],[3.44633,45.3189],[3.44244,45.32156],[3.43832,45.31872],[3.43583,45.32243],[3.43166,45.32103],[3.4319,45.31918],[3.43018,45.3198],[3.43237,45.32233],[3.42811,45.32219],[3.42756,45.32674],[3.42202,45.32902],[3.422,45.33135],[3.41371,45.33403]]]},"properties":{"code_territoire":"iris431100000","libelle_territoire":"Lamothe (commune non irisée)"}},
{"type":"Feature","geometry":{"type":"Polygon","coordinates":[[[3.87293,44.82661],[3.86419,44.83159],[3.85839,44.83857],[3.87309,44.84591],[3.87995,44.84574],[3.88014,44.86331],[3.88583,44.86402],[3.88342,44.87389],[3.88721,44.88078],[3.88538,44.8776],[3.88264,44.87961],[3.88266,44.87724],[3.87875,44.87784],[3.87006,44.87453],[3.86269,44.8786],[3.86466,44.8838],[3.86017,44.88451],[3.85883,44.88957],[3.8479,44.88913],[3.84722,44.88406],[3.84082,44.88442],[3.83835,44.88225],[3.83189,44.8848],[3.82744,44.88401],[3.82434,44.88158],[3.81737,44.87759],[3.81619,44.87293],[3.82483,44.8688],[3.82342,44.86503],[3.80943,44.85963],[3.81221,44.84702],[3.81532,44.84479],[3.80556,44.84547],[3.80284,44.83678],[3.79731,44.83203],[3.79727,44.82516],[3.80102,44.8291],[3.80415,44.82795],[3.80774,44.83092],[3.8142,44.83182],[3.82499,44.82999],[3.82194,44.82689],[3.82532,44.82418],[3.82382,44.82128],[3.83233,44.81879],[3.83195,44.81417],[3.8377,44.81214],[3.83543,44.80815],[3.83942,44.80634],[3.84516,44.80952],[3.86108,44.81067],[3.86492,44.81531],[3.86388,44.81756],[3.87293,44.82661]]]},"properties":{"code_territoire":"iris431110000","libelle_territoire":"Landos (commune non irisée)"}},
{"type":"Feature","geometry":{"type":"Polygon","coordinates":[[[3.52593,45.09375],[3.52753,45.09543],[3.51459,45.10338],[3.50893,45.10235],[3.50965,45.105],[3.50564,45.10461],[3.49949,45.11158],[3.49242,45.11453],[3.48197,45.11402],[3.47347,45.10938],[3.47311,45.11145],[3.46334,45.11475],[3.46421,45.11635],[3.45941,45.11723],[3.46,45.11394],[3.45498,45.1076],[3.45648,45.1034],[3.45088,45.10293],[3.45182,45.10153],[3.44536,45.09718],[3.4386,45.09677],[3.43881,45.09854],[3.43344,45.09409],[3.43532,45.09087],[3.4287,45.08412],[3.42811,45.08035],[3.43577,45.07758],[3.44525,45.07338],[3.44116,45.07074],[3.44424,45.07022],[3.44929,45.0738],[3.45013,45.06738],[3.45556,45.06736],[3.459,45.06512],[3.45732,45.06063],[3.45945,45.05943],[3.45675,45.05764],[3.46076,45.05565],[3.465,45.05669],[3.46553,45.0527],[3.46682,45.05788],[3.4877,45.06302],[3.48316,45.05673],[3.48497,45.05515],[3.48276,45.05557],[3.48376,45.05363],[3.48205,45.05497],[3.47976,45.04935],[3.4769,45.04844],[3.4816,45.04786],[3.47923,45.04626],[3.48386,45.04489],[3.48127,45.04353],[3.48499,45.03492],[3.4928,45.03884],[3.49452,45.038],[3.49768,45.04332],[3.50522,45.04722],[3.50435,45.04955],[3.50241,45.05262],[3.49928,45.05242],[3.49767,45.05993],[3.50357,45.06104],[3.50602,45.06361],[3.50449,45.06682],[3.50905,45.07012],[3.50603,45.07562],[3.51128,45.07733],[3.50854,45.08584],[3.51507,45.08784],[3.51277,45.0938],[3.50933,45.09309],[3.51637,45.0957],[3.52593,45.09375]]]},"properties":{"code_territoire":"iris431120000","libelle_territoire":"Langeac (commune non irisée)"}},
{"type":"Feature","geometry":{"type":"Polygon","coordinates":[[[3.97498,45.00554],[3.98176,44.99918],[3.98134,44.99333],[3.97727,44.99124],[3.97078,44.99359],[3.96315,44.99074],[3.96034,44.98692],[3.96321,44.98585],[3.96147,44.98265],[3.97115,44.97885],[3.97418,44.98008],[3.97597,44.97639],[3.97401,44.97492],[3.97796,44.97084],[3.96665,44.97217],[3.9627,44.97086],[3.96294,44.96839],[3.96882,44.96647],[3.9769,44.96472],[3.98142,44.96648],[3.98503,44.96354],[3.99156,44.96376],[3.99331,44.96197],[3.99504,44.96335],[3.99593,44.96163],[4.00574,44.96404],[4.00256,44.96849],[4.00495,44.97312],[4.01603,44.9816],[4.02002,44.98159],[4.01765,44.9773],[4.02472,44.9817],[4.02392,44.97996],[4.02865,44.98133],[4.03102,44.97952],[4.02705,44.98488],[4.03108,44.98192],[4.03231,44.98604],[4.0405,44.98332],[4.03986,44.98094],[4.04647,44.9817],[4.04656,44.98665],[4.04838,44.98646],[4.04675,44.98921],[4.05443,44.98941],[4.05477,44.99328],[4.04362,44.99761],[4.03903,45.00178],[4.03121,45.00254],[4.0256,45.00726],[4.01886,45.0091],[4.01267,45.015],[4.00854,45.01448],[4.00528,45.01888],[4.00461,45.01696],[4,45.01745],[3.98411,45.00324],[3.97897,45.00615],[3.97498,45.00554]]]},"properties":{"code_territoire":"iris431130000","libelle_territoire":"Lantriac (commune non irisée)"}},
{"type":"Feature","geometry":{"type":"Polygon","coordinates":[[[4.20293,45.15522],[4.2033,45.15381],[4.21279,45.1525],[4.21164,45.14832],[4.21712,45.14477],[4.2205,45.14789],[4.23639,45.15379],[4.23662,45.15735],[4.24657,45.15723],[4.2509,45.15059],[4.25795,45.15096],[4.26257,45.15167],[4.26564,45.15891],[4.276,45.15745],[4.27944,45.15331],[4.28639,45.15522],[4.28981,45.15845],[4.29002,45.15867],[4.26863,45.16957],[4.25773,45.18239],[4.26226,45.19066],[4.25312,45.19645],[4.25238,45.20062],[4.25466,45.20205],[4.24824,45.2102],[4.24919,45.21485],[4.24656,45.21677],[4.24393,45.21367],[4.24392,45.21645],[4.23798,45.21826],[4.2302,45.21907],[4.23152,45.21305],[4.22836,45.20734],[4.21876,45.20639],[4.21135,45.21136],[4.20463,45.21043],[4.20244,45.20724],[4.20651,45.20174],[4.20406,45.19979],[4.20344,45.19065],[4.20559,45.18527],[4.203,45.18386],[4.20122,45.17133],[4.20789,45.16709],[4.20531,45.16425],[4.20614,45.15616],[4.20293,45.15522]]]},"properties":{"code_territoire":"iris431140000","libelle_territoire":"Lapte (commune non irisée)"}},
{"type":"Feature","geometry":{"type":"Polygon","coordinates":[[[4.04984,44.94677],[4.05274,44.94656],[4.0513,44.94869],[4.05452,44.94605],[4.06089,44.94625],[4.05801,44.95234],[4.06112,44.95392],[4.06215,44.9494],[4.06705,44.94606],[4.07153,44.94424],[4.07345,44.94624],[4.07753,44.94294],[4.07955,44.94449],[4.07912,44.94129],[4.08533,44.94178],[4.08176,44.94252],[4.08524,44.94732],[4.08203,44.95363],[4.08922,44.95662],[4.09041,44.96151],[4.09391,44.96234],[4.08859,44.9625],[4.08752,44.96468],[4.09382,44.96964],[4.09581,44.97559],[4.08641,44.98076],[4.07911,44.98048],[4.08104,44.98397],[4.07544,44.98793],[4.06529,44.98763],[4.06345,44.98509],[4.05941,44.98803],[4.0594,44.99312],[4.05477,44.99328],[4.05443,44.98941],[4.04675,44.98921],[4.04838,44.98646],[4.04656,44.98665],[4.04647,44.9817],[4.03986,44.98094],[4.0405,44.98332],[4.03231,44.98604],[4.03108,44.98192],[4.02705,44.98488],[4.03102,44.97952],[4.02865,44.98133],[4.02392,44.97996],[4.02472,44.9817],[4.01765,44.9773],[4.02002,44.98159],[4.01603,44.9816],[4.00495,44.97312],[4.00256,44.96849],[4.00574,44.96404],[4.00845,44.96432],[4.00999,44.96128],[4.01704,44.95879],[4.01526,44.95686],[4.01797,44.95755],[4.01823,44.95515],[4.01141,44.95615],[4.01286,44.95083],[4.0149,44.95345],[4.01532,44.95007],[4.02057,44.94954],[4.02277,44.95121],[4.02822,44.94945],[4.02519,44.95177],[4.02771,44.95133],[4.02639,44.95395],[4.03012,44.95454],[4.04984,44.94677]]]},"properties":{"code_territoire":"iris431150000","libelle_territoire":"Laussonne (commune non irisée)"}},
{"type":"Feature","geometry":{"type":"Polygon","coordinates":[[[3.54756,45.33349],[3.55187,45.32782],[3.55722,45.33431],[3.56504,45.33131],[3.56875,45.33592],[3.57733,45.33422],[3.5727,45.34276],[3.57984,45.34399],[3.58593,45.35385],[3.59069,45.35699],[3.58458,45.36798],[3.58772,45.37565],[3.58114,45.38279],[3.56894,45.38569],[3.56615,45.38223],[3.5717,45.37183],[3.55792,45.3625],[3.55171,45.36107],[3.55581,45.35332],[3.54322,45.35273],[3.54079,45.34744],[3.54756,45.33349]]]},"properties":{"code_territoire":"iris431160000","libelle_territoire":"Laval-sur-Doulon (commune non irisée)"}},
{"type":"Feature","geometry":{"type":"Polygon","coordinates":[[[3.46463,45.28139],[3.46423,45.29368],[3.46056,45.29192],[3.45438,45.28874],[3.44818,45.29106],[3.44542,45.28637],[3.44666,45.28162],[3.44344,45.28207],[3.44339,45.27913],[3.42952,45.2794],[3.42916,45.26999],[3.42667,45.26269],[3.428,45.2548],[3.44285,45.2462],[3.4406,45.24411],[3.45048,45.23788],[3.45352,45.23266],[3.4555,45.23943],[3.46989,45.23739],[3.4763,45.24325],[3.47415,45.25301],[3.47526,45.25466],[3.47859,45.25404],[3.48485,45.26392],[3.476,45.26608],[3.47299,45.2756],[3.47018,45.27504],[3.46463,45.28139]]]},"properties":{"code_territoire":"iris431170000","libelle_territoire":"Lavaudieu (commune non irisée)"}},
{"type":"Feature","geometry":{"type":"Polygon","coordinates":[[[3.4216,45.15572],[3.42003,45.15856],[3.43197,45.16612],[3.41377,45.16735],[3.41203,45.1623],[3.40553,45.15734],[3.40243,45.15715],[3.39802,45.16046],[3.39421,45.15893],[3.39571,45.15371],[3.39866,45.15242],[3.39166,45.14976],[3.39216,45.1472],[3.39997,45.14633],[3.40736,45.14915],[3.41148,45.14549],[3.41963,45.14521],[3.4216,45.15572]]]},"properties":{"code_territoire":"iris431180000","libelle_territoire":"Lavoûte-Chilhac (commune non irisée)"}},
{"type":"Feature","geometry":{"type":"Polygon","coordinates":[[[3.89555,45.10695],[3.9039,45.11144],[3.91306,45.10928],[3.91223,45.1131],[3.9166,45.11484],[3.91703,45.11214],[3.92618,45.10831],[3.93612,45.11309],[3.9383,45.11584],[3.93709,45.12264],[3.92836,45.12723],[3.9205,45.12803],[3.91795,45.12621],[3.90965,45.13262],[3.90128,45.13107],[3.88297,45.13341],[3.87609,45.1269],[3.87162,45.11333],[3.88615,45.11209],[3.89113,45.10972],[3.89052,45.10622],[3.89555,45.10695]]]},"properties":{"code_territoire":"iris431190000","libelle_territoire":"Lavoûte-sur-Loire (commune non irisée)"}},
{"type":"Feature","geometry":{"type":"Polygon","coordinates":[[[3.26003,45.39101],[3.2588,45.38068],[3.25336,45.37792],[3.25613,45.37427],[3.26338,45.37273],[3.26819,45.37381],[3.2726,45.36921],[3.27154,45.36415],[3.27402,45.35886],[3.27875,45.35935],[3.28227,45.36263],[3.29216,45.3608],[3.29981,45.3621],[3.30456,45.36436],[3.30138,45.36831],[3.29773,45.37443],[3.29157,45.37742],[3.29698,45.38144],[3.29977,45.39001],[3.29561,45.3949],[3.28673,45.39976],[3.2714,45.39278],[3.26003,45.39101]]]},"properties":{"code_territoire":"iris431200000","libelle_territoire":"Lempdes-sur-Allagnon (commune non irisée)"}},
{"type":"Feature","geometry":{"type":"Polygon","coordinates":[[[3.21177,45.36733],[3.21405,45.36515],[3.21313,45.36143],[3.21791,45.35984],[3.21915,45.35701],[3.21653,45.35497],[3.22204,45.35063],[3.2151,45.34779],[3.20974,45.35163],[3.20961,45.34735],[3.20533,45.34633],[3.20759,45.33444],[3.20887,45.33212],[3.21817,45.3298],[3.21908,45.32611],[3.22295,45.3252],[3.22816,45.32798],[3.23152,45.32571],[3.22977,45.32904],[3.23668,45.33093],[3.24113,45.33663],[3.24803,45.33494],[3.25198,45.34587],[3.25531,45.34392],[3.25832,45.34367],[3.25964,45.34649],[3.26576,45.34397],[3.27108,45.34522],[3.27548,45.34357],[3.27813,45.34936],[3.27875,45.35935],[3.27402,45.35886],[3.27154,45.36415],[3.2726,45.36921],[3.26819,45.37381],[3.26338,45.37273],[3.25613,45.37427],[3.25027,45.37477],[3.25009,45.37162],[3.24543,45.37165],[3.23954,45.37188],[3.23615,45.37457],[3.23314,45.37061],[3.2308,45.375],[3.22617,45.37349],[3.22534,45.37095],[3.21853,45.36946],[3.21591,45.37005],[3.21177,45.36733]]]},"properties":{"code_territoire":"iris431210000","libelle_territoire":"Léotoing (commune non irisée)"}},
{"type":"Feature","geometry":{"type":"Polygon","coordinates":[[[3.77303,45.15337],[3.75913,45.15772],[3.75021,45.15069],[3.75203,45.14558],[3.74724,45.143],[3.74342,45.14077],[3.74685,45.13811],[3.74509,45.13485],[3.74035,45.13527],[3.7375,45.13286],[3.73259,45.13509],[3.72964,45.12879],[3.72538,45.12808],[3.72415,45.12498],[3.72751,45.12461],[3.72746,45.12235],[3.73149,45.11956],[3.74344,45.12296],[3.74441,45.12678],[3.74696,45.12467],[3.75048,45.12517],[3.74973,45.12235],[3.75491,45.12113],[3.76018,45.11394],[3.7734,45.11647],[3.77292,45.1183],[3.77844,45.11965],[3.77765,45.12345],[3.78028,45.12507],[3.77819,45.12746],[3.78067,45.1279],[3.78093,45.13131],[3.77772,45.13864],[3.78656,45.14072],[3.77303,45.15337]]]},"properties":{"code_territoire":"iris431220000","libelle_territoire":"Lissac (commune non irisée)"}},
{"type":"Feature","geometry":{"type":"Polygon","coordinates":[[[3.27813,45.34936],[3.27548,45.34357],[3.27108,45.34522],[3.26576,45.34397],[3.25964,45.34649],[3.25832,45.34367],[3.25531,45.34392],[3.25198,45.34587],[3.24803,45.33494],[3.24113,45.33663],[3.23668,45.33093],[3.22977,45.32904],[3.23152,45.32571],[3.23553,45.32123],[3.23476,45.3183],[3.23989,45.3178],[3.23978,45.31544],[3.24096,45.31787],[3.24103,45.31538],[3.24369,45.31703],[3.24494,45.31135],[3.25206,45.30665],[3.25817,45.3062],[3.26153,45.30295],[3.26044,45.30092],[3.26797,45.30142],[3.27333,45.30664],[3.29231,45.31101],[3.2883,45.32166],[3.28611,45.31943],[3.28025,45.33727],[3.27733,45.33768],[3.27943,45.34175],[3.27813,45.34936]]]},"properties":{"code_territoire":"iris431230000","libelle_territoire":"Lorlanges (commune non irisée)"}},
{"type":"Feature","geometry":{"type":"Polygon","coordinates":[[[3.77585,45.07914],[3.7735,45.09007],[3.77714,45.09231],[3.77643,45.09413],[3.78032,45.0927],[3.78348,45.0955],[3.78605,45.09985],[3.78142,45.10185],[3.78179,45.10396],[3.78781,45.10572],[3.78818,45.11013],[3.78748,45.11256],[3.7838,45.1105],[3.781,45.11305],[3.7726,45.11098],[3.7734,45.11647],[3.76018,45.11394],[3.75491,45.12113],[3.74973,45.12235],[3.75048,45.12517],[3.74696,45.12467],[3.74441,45.12678],[3.74344,45.12296],[3.73149,45.11956],[3.72848,45.11438],[3.71797,45.11258],[3.70859,45.11411],[3.70838,45.11205],[3.70307,45.11083],[3.70237,45.10923],[3.70733,45.10697],[3.70568,45.10384],[3.70817,45.10179],[3.70279,45.0973],[3.70337,45.09522],[3.71025,45.09024],[3.7121,45.08568],[3.72165,45.08384],[3.72086,45.08079],[3.7264,45.08033],[3.73052,45.07024],[3.74786,45.076],[3.75268,45.0796],[3.7617,45.07721],[3.76399,45.08001],[3.76594,45.07693],[3.76989,45.07893],[3.77634,45.07636],[3.77585,45.07914]]]},"properties":{"code_territoire":"iris431240000","libelle_territoire":"Loudes (commune non irisée)"}},
{"type":"Feature","geometry":{"type":"Polygon","coordinates":[[[3.23729,45.28012],[3.2361,45.2824],[3.22502,45.28234],[3.22649,45.27196],[3.22911,45.26477],[3.22552,45.26399],[3.22357,45.2609],[3.22708,45.2553],[3.22113,45.24415],[3.22529,45.24125],[3.23153,45.24055],[3.23401,45.2377],[3.23533,45.21996],[3.24482,45.21521],[3.24766,45.21721],[3.25455,45.21628],[3.25221,45.21183],[3.25527,45.21003],[3.26295,45.21361],[3.26743,45.21318],[3.26957,45.20913],[3.27211,45.20959],[3.27696,45.21457],[3.29164,45.22018],[3.28739,45.22218],[3.29114,45.22536],[3.28847,45.22566],[3.28652,45.22977],[3.27728,45.22669],[3.27877,45.23207],[3.27117,45.23206],[3.26972,45.23577],[3.26557,45.23571],[3.26768,45.23941],[3.26594,45.23881],[3.26519,45.24184],[3.27859,45.25652],[3.27467,45.26631],[3.27193,45.26352],[3.26503,45.26417],[3.26292,45.26246],[3.26381,45.26521],[3.25926,45.26999],[3.24698,45.27222],[3.23729,45.28012]]]},"properties":{"code_territoire":"iris431250000","libelle_territoire":"Lubilhac (commune non irisée)"}},
{"type":"Feature","geometry":{"type":"Polygon","coordinates":[[[3.97554,45.07247],[3.97699,45.07504],[3.97421,45.07741],[3.97655,45.08095],[3.98122,45.0769],[3.98815,45.08177],[3.99552,45.09005],[3.99455,45.09516],[3.99128,45.09673],[3.98488,45.11311],[3.97234,45.12025],[3.96544,45.1209],[3.9639,45.11243],[3.96084,45.11054],[3.95286,45.11372],[3.94669,45.10906],[3.94075,45.10797],[3.93786,45.10993],[3.93942,45.11196],[3.93612,45.11309],[3.92618,45.10831],[3.93893,45.10034],[3.94116,45.09524],[3.94329,45.09654],[3.94881,45.09468],[3.95608,45.08914],[3.95351,45.08506],[3.9598,45.08435],[3.96423,45.08642],[3.96602,45.08361],[3.96393,45.08002],[3.97554,45.07247]]]},"properties":{"code_territoire":"iris431260000","libelle_territoire":"Malrevers (commune non irisée)"}},
{"type":"Feature","geometry":{"type":"Polygon","coordinates":[[[4.15397,45.3291],[4.15637,45.33466],[4.17999,45.33168],[4.19014,45.34131],[4.19112,45.34602],[4.19614,45.34982],[4.17908,45.35418],[4.17097,45.36122],[4.16999,45.36959],[4.16004,45.37263],[4.16844,45.37449],[4.17411,45.3737],[4.17109,45.38342],[4.16151,45.38727],[4.1624,45.38923],[4.14391,45.38422],[4.15478,45.37429],[4.15965,45.37278],[4.15645,45.37142],[4.15509,45.36353],[4.14902,45.36602],[4.14535,45.36536],[4.13969,45.36892],[4.12983,45.36723],[4.11961,45.36949],[4.11505,45.36795],[4.11422,45.36498],[4.11103,45.36584],[4.11284,45.3645],[4.10942,45.36421],[4.10795,45.35473],[4.11998,45.34743],[4.12988,45.34622],[4.13784,45.34241],[4.14484,45.33318],[4.15397,45.3291]]]},"properties":{"code_territoire":"iris431270000","libelle_territoire":"Malvalette (commune non irisée)"}},
{"type":"Feature","geometry":{"type":"Polygon","coordinates":[[[3.7061,45.36072],[3.69994,45.35596],[3.70141,45.34858],[3.69749,45.34644],[3.70535,45.34002],[3.70717,45.32706],[3.71259,45.32408],[3.71383,45.32031],[3.73115,45.32381],[3.73111,45.32813],[3.73372,45.32978],[3.74664,45.32674],[3.75116,45.3314],[3.74892,45.33958],[3.756,45.35386],[3.7525,45.35512],[3.75065,45.35307],[3.74725,45.35566],[3.74426,45.35292],[3.74073,45.35281],[3.74052,45.3544],[3.73288,45.35618],[3.72969,45.36131],[3.7246,45.35905],[3.71873,45.36114],[3.7061,45.36072]]]},"properties":{"code_territoire":"iris431280000","libelle_territoire":"Malvières (commune non irisée)"}},
{"type":"Feature","geometry":{"type":"Polygon","coordinates":[[[4.35938,45.09977],[4.36998,45.10195],[4.3719,45.10632],[4.38465,45.10139],[4.38777,45.10544],[4.39953,45.10449],[4.4001,45.11837],[4.39082,45.11926],[4.38991,45.12279],[4.37745,45.12242],[4.3749,45.12744],[4.36944,45.12849],[4.37691,45.13641],[4.37394,45.14216],[4.37638,45.1444],[4.36766,45.14383],[4.35761,45.13529],[4.35128,45.13758],[4.34443,45.12984],[4.34196,45.12295],[4.3554,45.11499],[4.34905,45.11088],[4.34767,45.1041],[4.35973,45.10133],[4.35938,45.09977]]]},"properties":{"code_territoire":"iris431290000","libelle_territoire":"Le Mas-de-Tence (commune non irisée)"}},
{"type":"Feature","geometry":{"type":"Polygon","coordinates":[[[4.26858,45.02285],[4.27623,45.03038],[4.27796,45.0403],[4.27792,45.054],[4.27471,45.06031],[4.27826,45.06099],[4.27949,45.06529],[4.28662,45.06584],[4.28613,45.069],[4.2911,45.06927],[4.29021,45.07341],[4.28406,45.07585],[4.29076,45.08034],[4.28834,45.0833],[4.27638,45.08602],[4.2589,45.08081],[4.25941,45.08365],[4.25162,45.08753],[4.24879,45.08704],[4.24736,45.07853],[4.23897,45.0716],[4.22953,45.07438],[4.21672,45.06839],[4.21082,45.07042],[4.20635,45.06684],[4.21603,45.06512],[4.22,45.05754],[4.21656,45.05696],[4.21739,45.05443],[4.20488,45.05765],[4.19978,45.05673],[4.18931,45.04894],[4.18972,45.04221],[4.19464,45.03908],[4.19078,45.0351],[4.19626,45.0313],[4.21194,45.02451],[4.21165,45.02069],[4.20477,45.01979],[4.2005,45.01591],[4.20471,45.01164],[4.20213,45.00958],[4.20411,45.0049],[4.20677,44.99965],[4.21494,45.00241],[4.22082,45.00267],[4.22194,45.00067],[4.23035,45.0029],[4.23266,45.00089],[4.24065,44.99871],[4.24096,45.00283],[4.24721,45.00645],[4.24493,45.01303],[4.25412,45.01682],[4.25337,45.0192],[4.25815,45.0194],[4.26171,45.02263],[4.26858,45.02285]]]},"properties":{"code_territoire":"iris431300000","libelle_territoire":"Mazet-Saint-Voy (commune non irisée)"}},
{"type":"Feature","geometry":{"type":"Polygon","coordinates":[[[3.59434,45.20058],[3.58519,45.1982],[3.57189,45.1903],[3.57347,45.19486],[3.5672,45.20019],[3.57001,45.2062],[3.55955,45.20995],[3.54598,45.2098],[3.54649,45.20708],[3.54274,45.20679],[3.54795,45.19724],[3.53126,45.20002],[3.5261,45.19013],[3.52687,45.18733],[3.55741,45.17582],[3.562,45.16804],[3.56673,45.17025],[3.57621,45.16634],[3.58063,45.1701],[3.59282,45.16784],[3.59537,45.1741],[3.59342,45.18242],[3.60153,45.18538],[3.59959,45.19096],[3.60419,45.19121],[3.60221,45.19654],[3.59485,45.19696],[3.59434,45.20058]]]},"properties":{"code_territoire":"iris431310000","libelle_territoire":"Mazerat-Aurouze (commune non irisée)"}},
{"type":"Feature","geometry":{"type":"Polygon","coordinates":[[[3.51511,45.16741],[3.50638,45.1636],[3.50318,45.16491],[3.4936,45.16172],[3.49004,45.15833],[3.49362,45.15703],[3.48985,45.15545],[3.49266,45.15263],[3.49068,45.15297],[3.48881,45.1478],[3.4826,45.14832],[3.47815,45.14239],[3.48056,45.14054],[3.47811,45.14018],[3.46421,45.11635],[3.46334,45.11475],[3.47311,45.11145],[3.47347,45.10938],[3.48197,45.11402],[3.49242,45.11453],[3.49949,45.11158],[3.50564,45.10461],[3.50965,45.105],[3.50893,45.10235],[3.51459,45.10338],[3.52753,45.09543],[3.52926,45.09902],[3.54295,45.09903],[3.54355,45.10364],[3.54906,45.10408],[3.5505,45.10824],[3.55893,45.10489],[3.57954,45.10556],[3.57891,45.10736],[3.59154,45.11182],[3.58855,45.11621],[3.59331,45.12],[3.59084,45.12627],[3.59592,45.12581],[3.5975,45.13069],[3.59407,45.13165],[3.59093,45.13672],[3.58548,45.13882],[3.57826,45.13834],[3.57814,45.14097],[3.57394,45.14164],[3.55625,45.14396],[3.54736,45.13788],[3.53991,45.14866],[3.52031,45.15937],[3.51635,45.16386],[3.51768,45.16655],[3.51511,45.16741]]]},"properties":{"code_territoire":"iris431320000","libelle_territoire":"Mazeyrat-d'Allier (commune non irisée)"}},
{"type":"Feature","geometry":{"type":"Polygon","coordinates":[[[3.27211,45.20959],[3.27086,45.18977],[3.26848,45.18726],[3.2653,45.18795],[3.26517,45.18556],[3.26086,45.18342],[3.26345,45.17697],[3.26083,45.17077],[3.26454,45.16115],[3.27019,45.15696],[3.26698,45.15433],[3.27412,45.15191],[3.27938,45.15549],[3.28214,45.15158],[3.28541,45.16119],[3.28038,45.1695],[3.2876,45.1714],[3.28966,45.16954],[3.29298,45.17181],[3.29557,45.17112],[3.29592,45.17284],[3.29808,45.17203],[3.29753,45.17445],[3.3042,45.17402],[3.30282,45.17713],[3.30781,45.17663],[3.31089,45.17887],[3.30811,45.17996],[3.31028,45.18188],[3.31117,45.17918],[3.31485,45.18191],[3.31736,45.17956],[3.31472,45.17902],[3.31588,45.17793],[3.3224,45.17651],[3.31863,45.17224],[3.32361,45.17142],[3.34902,45.17377],[3.34594,45.17653],[3.35307,45.18066],[3.35471,45.18361],[3.36086,45.1847],[3.35845,45.1865],[3.36059,45.18837],[3.35752,45.18958],[3.3585,45.19367],[3.35071,45.19971],[3.35636,45.20367],[3.36027,45.20251],[3.36556,45.20445],[3.36373,45.20867],[3.36071,45.20806],[3.35799,45.2114],[3.34846,45.20672],[3.34528,45.19891],[3.33796,45.19386],[3.32281,45.19493],[3.32288,45.19619],[3.31776,45.19479],[3.31753,45.19696],[3.30551,45.19529],[3.30554,45.19928],[3.30888,45.2011],[3.30832,45.20569],[3.30586,45.2067],[3.30223,45.20305],[3.29957,45.20797],[3.29781,45.20947],[3.29601,45.20836],[3.29718,45.21685],[3.30012,45.2184],[3.2981,45.22206],[3.29164,45.22018],[3.27696,45.21457],[3.27211,45.20959]]]},"properties":{"code_territoire":"iris431330000","libelle_territoire":"Mercœur (commune non irisée)"}},
{"type":"Feature","geometry":{"type":"Polygon","coordinates":[[[4.0235,45.17652],[4.01818,45.17727],[4.0166,45.17971],[4.01181,45.17916],[4.00232,45.18546],[3.9998,45.18847],[4.00068,45.19268],[3.99122,45.19147],[3.98836,45.18939],[3.98817,45.18724],[4.00245,45.18371],[3.99648,45.17268],[3.98926,45.1699],[3.98786,45.16669],[3.99637,45.16245],[4.01283,45.16262],[4.01333,45.15916],[4.01708,45.15773],[4.01511,45.15243],[4.01942,45.14112],[4.02431,45.14413],[4.02324,45.14597],[4.02637,45.14906],[4.0298,45.14853],[4.02841,45.15269],[4.03121,45.154],[4.03209,45.16055],[4.03763,45.16526],[4.03635,45.16986],[4.0235,45.17652]]]},"properties":{"code_territoire":"iris431340000","libelle_territoire":"Mézères (commune non irisée)"}},
{"type":"Feature","geometry":{"type":"Polygon","coordinates":[[[4.00574,44.96404],[3.99593,44.96163],[3.99504,44.96335],[3.99331,44.96197],[3.99156,44.96376],[3.98503,44.96354],[3.98142,44.96648],[3.9769,44.96472],[3.96882,44.96647],[3.96302,44.96296],[3.95721,44.96249],[3.95609,44.96005],[3.95749,44.95391],[3.95257,44.94952],[3.9558,44.94566],[3.96265,44.94401],[3.96289,44.94057],[3.96679,44.94285],[3.96753,44.94134],[3.96219,44.93574],[3.96685,44.9346],[3.96358,44.9333],[3.96584,44.93003],[3.96361,44.92684],[3.97139,44.92054],[3.97203,44.9159],[3.96905,44.9136],[3.97389,44.91228],[3.98328,44.91088],[3.98998,44.91465],[3.99068,44.91145],[3.99493,44.91072],[3.9943,44.90842],[4.00719,44.90622],[4.00585,44.90273],[4.01265,44.90225],[4.0127,44.90736],[4.0158,44.90978],[4.01281,44.91374],[4.01812,44.91669],[4.02473,44.91249],[4.02712,44.91345],[4.02713,44.91162],[4.02829,44.91381],[4.03418,44.91298],[4.04062,44.91597],[4.04577,44.91382],[4.04973,44.9152],[4.04743,44.91706],[4.05249,44.91491],[4.05128,44.91353],[4.0579,44.90491],[4.0669,44.90494],[4.0667,44.90214],[4.0689,44.90405],[4.07065,44.90119],[4.07411,44.90288],[4.07678,44.90384],[4.06913,44.91215],[4.07469,44.91653],[4.07636,44.91562],[4.06862,44.92021],[4.0688,44.92224],[4.07257,44.92263],[4.06518,44.92542],[4.05824,44.92383],[4.05937,44.92709],[4.05633,44.9267],[4.054,44.92918],[4.04701,44.93087],[4.04862,44.93442],[4.04681,44.93628],[4.04947,44.9369],[4.04642,44.94022],[4.0464,44.94527],[4.04984,44.94677],[4.03012,44.95454],[4.02639,44.95395],[4.02771,44.95133],[4.02519,44.95177],[4.02822,44.94945],[4.02277,44.95121],[4.02057,44.94954],[4.01532,44.95007],[4.0149,44.95345],[4.01286,44.95083],[4.01141,44.95615],[4.01823,44.95515],[4.01797,44.95755],[4.01526,44.95686],[4.01704,44.95879],[4.00999,44.96128],[4.00845,44.96432],[4.00574,44.96404]]]},"properties":{"code_territoire":"iris431350000","libelle_territoire":"Le Monastier-sur-Gazeille (commune non irisée)"}},
{"type":"Feature","geometry":{"type":"Polygon","coordinates":[[[3.67518,44.94996],[3.68504,44.95028],[3.69623,44.95532],[3.6954,44.95891],[3.68641,44.95938],[3.68416,44.96273],[3.68581,44.96564],[3.68211,44.96725],[3.67965,44.97487],[3.67549,44.97498],[3.67436,44.96987],[3.67171,44.96887],[3.66665,44.97169],[3.66391,44.96938],[3.65918,44.96956],[3.66083,44.9738],[3.64535,44.97152],[3.64486,44.97472],[3.64026,44.97638],[3.63978,44.98023],[3.63428,44.98369],[3.63405,44.98619],[3.62708,44.98883],[3.62777,44.99508],[3.62384,45.00103],[3.63106,45.00692],[3.62441,45.01671],[3.61679,45.01876],[3.61451,45.01665],[3.60614,45.01956],[3.60787,45.01743],[3.60108,45.01219],[3.59975,45.015],[3.59427,45.01182],[3.58947,45.01352],[3.58708,45.00885],[3.59068,44.99976],[3.59371,44.99973],[3.59455,44.99211],[3.60095,44.98819],[3.60528,44.98212],[3.60153,44.9813],[3.60381,44.98004],[3.59963,44.97437],[3.60852,44.97504],[3.61102,44.97764],[3.61198,44.972],[3.62892,44.95993],[3.63176,44.95111],[3.6394,44.94999],[3.64125,44.9479],[3.64785,44.94783],[3.64935,44.94407],[3.65772,44.9444],[3.65841,44.93996],[3.66577,44.93536],[3.67518,44.94996]]]},"properties":{"code_territoire":"iris431360000","libelle_territoire":"Monistrol-d'Allier (commune non irisée)"}},
{"type":"Feature","geometry":{"type":"Polygon","coordinates":[[[4.14607,45.284],[4.15026,45.28272],[4.14908,45.28899],[4.16584,45.28841],[4.16313,45.28391],[4.16502,45.27801],[4.17506,45.28053],[4.17158,45.28428],[4.17692,45.29035],[4.17316,45.29274],[4.17564,45.29924],[4.16248,45.29555],[4.1607,45.29757],[4.1496,45.30009],[4.14578,45.30493],[4.14301,45.28715],[4.14607,45.284]]]},"properties":{"code_territoire":"iris431370101","libelle_territoire":"Zone Urbaine"}},
{"type":"Feature","geometry":{"type":"Polygon","coordinates":[[[4.23552,45.28055],[4.2341,45.28447],[4.23844,45.29018],[4.23498,45.29835],[4.23587,45.30841],[4.23138,45.31422],[4.23071,45.31479],[4.23072,45.31033],[4.225,45.31429],[4.21395,45.31506],[4.19912,45.32349],[4.18741,45.3242],[4.18415,45.32095],[4.17204,45.3282],[4.15428,45.32875],[4.15799,45.3228],[4.15228,45.31585],[4.14503,45.31267],[4.135,45.31157],[4.14578,45.30493],[4.1496,45.30009],[4.1607,45.29757],[4.16248,45.29555],[4.17564,45.29924],[4.17316,45.29274],[4.17692,45.29035],[4.17158,45.28428],[4.17506,45.28053],[4.16502,45.27801],[4.16313,45.28391],[4.16584,45.28841],[4.14908,45.28899],[4.15026,45.28272],[4.14607,45.284],[4.13873,45.27715],[4.13431,45.27811],[4.13281,45.276],[4.13576,45.27115],[4.13401,45.2661],[4.1391,45.26582],[4.13996,45.26164],[4.14466,45.25867],[4.15133,45.25656],[4.15211,45.25447],[4.1514,45.25196],[4.14409,45.24985],[4.14307,45.24779],[4.15279,45.24173],[4.15394,45.24632],[4.15786,45.24613],[4.15793,45.25094],[4.16067,45.25206],[4.15563,45.25364],[4.15131,45.25928],[4.16175,45.25579],[4.16515,45.25893],[4.17192,45.259],[4.17085,45.25606],[4.17343,45.25667],[4.17322,45.25491],[4.18165,45.25042],[4.18783,45.25845],[4.18571,45.26429],[4.19323,45.26665],[4.1944,45.26467],[4.19772,45.26475],[4.19831,45.26699],[4.2114,45.2643],[4.21811,45.26919],[4.22159,45.27678],[4.22519,45.27642],[4.23552,45.28055]]]},"properties":{"code_territoire":"iris431370102","libelle_territoire":"Zone Périurbaine"}},
{"type":"Feature","geometry":{"type":"Polygon","coordinates":[[[3.67963,45.20885],[3.68564,45.20985],[3.70092,45.20504],[3.70418,45.20735],[3.7075,45.20565],[3.71446,45.20879],[3.71603,45.21444],[3.72448,45.21511],[3.73318,45.20991],[3.72763,45.20549],[3.73073,45.2033],[3.72691,45.19896],[3.73031,45.19615],[3.73556,45.19762],[3.74202,45.19652],[3.74057,45.19876],[3.74431,45.20041],[3.75365,45.19842],[3.75487,45.20223],[3.75781,45.2019],[3.75917,45.20463],[3.75588,45.20611],[3.75796,45.20787],[3.75152,45.21296],[3.75159,45.21582],[3.76152,45.2204],[3.76177,45.22235],[3.75903,45.22855],[3.75702,45.22796],[3.75276,45.23129],[3.75075,45.23598],[3.75324,45.23931],[3.76262,45.2422],[3.76276,45.24541],[3.74614,45.24566],[3.74393,45.24924],[3.745,45.25644],[3.73129,45.25811],[3.73063,45.25562],[3.72554,45.25608],[3.71449,45.2521],[3.71326,45.25336],[3.70128,45.25194],[3.69056,45.2458],[3.66607,45.25702],[3.6638,45.25173],[3.66618,45.25008],[3.67027,45.25097],[3.67078,45.24897],[3.67999,45.24869],[3.68003,45.24647],[3.67558,45.2426],[3.66634,45.24063],[3.65891,45.22938],[3.66138,45.22413],[3.67303,45.21301],[3.67559,45.21414],[3.68152,45.21173],[3.67963,45.20885]]]},"properties":{"code_territoire":"iris431380000","libelle_territoire":"Monlet (commune non irisée)"}},
{"type":"Feature","geometry":{"type":"Polygon","coordinates":[[[3.53509,45.26589],[3.54111,45.26391],[3.53972,45.26133],[3.54184,45.26359],[3.54407,45.26206],[3.54568,45.2631],[3.54629,45.2591],[3.54865,45.26139],[3.54932,45.25954],[3.55244,45.26059],[3.5612,45.25861],[3.56435,45.26168],[3.57161,45.26124],[3.56934,45.25864],[3.57351,45.25821],[3.56458,45.25499],[3.56992,45.25438],[3.56867,45.25002],[3.57295,45.2552],[3.57748,45.25272],[3.57618,45.25056],[3.5779,45.25221],[3.57724,45.25059],[3.58112,45.25109],[3.58581,45.25313],[3.59033,45.24995],[3.59404,45.25414],[3.59618,45.25197],[3.60735,45.25683],[3.61733,45.26502],[3.61883,45.26947],[3.61424,45.27211],[3.60341,45.27154],[3.60055,45.26965],[3.59125,45.27011],[3.58552,45.26703],[3.58404,45.27213],[3.57895,45.27404],[3.56545,45.26961],[3.56024,45.26999],[3.55582,45.27395],[3.55064,45.26845],[3.54376,45.26862],[3.54305,45.27008],[3.53509,45.26589]]]},"properties":{"code_territoire":"iris431390000","libelle_territoire":"Montclard (commune non irisée)"}},
{"type":"Feature","geometry":{"type":"Polygon","coordinates":[[[3.91998,45.05581],[3.91825,45.05922],[3.92439,45.06267],[3.92175,45.06947],[3.91235,45.0698],[3.91419,45.07664],[3.91138,45.07685],[3.89829,45.07365],[3.89886,45.06989],[3.9105,45.06678],[3.91376,45.05709],[3.91489,45.05509],[3.91998,45.05581]]]},"properties":{"code_territoire":"iris431400000","libelle_territoire":"Le Monteil (commune non irisée)"}},
{"type":"Feature","geometry":{"type":"Polygon","coordinates":[[[4.34548,45.18665],[4.34114,45.1908],[4.32088,45.19243],[4.31749,45.19488],[4.31508,45.19561],[4.30806,45.19016],[4.30663,45.1825],[4.29964,45.17723],[4.30203,45.17494],[4.30773,45.17353],[4.3163,45.17455],[4.32231,45.18214],[4.32619,45.18231],[4.33341,45.17486],[4.33532,45.17596],[4.33334,45.17899],[4.34235,45.1755],[4.34169,45.1846],[4.34255,45.18681],[4.34548,45.18665]]]},"properties":{"code_territoire":"iris431410000","libelle_territoire":"Montfaucon-en-Velay (commune non irisée)"}},
{"type":"Feature","geometry":{"type":"Polygon","coordinates":[[[4.28981,45.15845],[4.3053,45.14925],[4.3133,45.14004],[4.31999,45.14007],[4.33385,45.1305],[4.34443,45.12984],[4.35128,45.13758],[4.35761,45.13529],[4.36766,45.14383],[4.37638,45.1444],[4.39034,45.14256],[4.39563,45.13921],[4.40047,45.14097],[4.41116,45.14082],[4.40828,45.14485],[4.40815,45.15222],[4.41112,45.15718],[4.41712,45.16043],[4.41654,45.16535],[4.40517,45.17572],[4.38852,45.18206],[4.38666,45.18351],[4.38247,45.18225],[4.34548,45.18665],[4.34255,45.18681],[4.34169,45.1846],[4.34235,45.1755],[4.33334,45.17899],[4.33532,45.17596],[4.33341,45.17486],[4.32619,45.18231],[4.32231,45.18214],[4.3163,45.17455],[4.30773,45.17353],[4.30203,45.17494],[4.29644,45.16644],[4.29856,45.1616],[4.29358,45.15818],[4.29002,45.15867],[4.28981,45.15845]]]},"properties":{"code_territoire":"iris431420000","libelle_territoire":"Montregard (commune non irisée)"}},
{"type":"Feature","geometry":{"type":"Polygon","coordinates":[[[4.11867,45.02026],[4.09335,45.01182],[4.08627,45.01744],[4.07945,45.01479],[4.07483,45.0057],[4.07117,45.00621],[4.07288,45.00245],[4.0696,44.99906],[4.07236,44.99542],[4.07825,44.9983],[4.08402,44.99665],[4.08524,45.00193],[4.1005,45.00815],[4.10838,45.00082],[4.11636,44.99798],[4.12345,45.00138],[4.1384,45.00168],[4.13763,45.00368],[4.14215,45.00498],[4.13975,45.00639],[4.14101,45.00821],[4.15783,45.00656],[4.15743,45.00804],[4.15061,45.01662],[4.14162,45.01727],[4.13363,45.02439],[4.12435,45.02327],[4.12112,45.01946],[4.11867,45.02026]]]},"properties":{"code_territoire":"iris431430000","libelle_territoire":"Montusclat (commune non irisée)"}},
{"type":"Feature","geometry":{"type":"Polygon","coordinates":[[[4.09581,44.97559],[4.09382,44.96964],[4.08752,44.96468],[4.08859,44.9625],[4.09391,44.96234],[4.09041,44.96151],[4.08922,44.95662],[4.08203,44.95363],[4.08524,44.94732],[4.08176,44.94252],[4.08533,44.94178],[4.10208,44.93906],[4.09918,44.93651],[4.10166,44.93428],[4.10349,44.93386],[4.10219,44.93004],[4.11933,44.9267],[4.11779,44.93118],[4.12754,44.93511],[4.12825,44.94171],[4.11903,44.94118],[4.11546,44.94447],[4.11502,44.9548],[4.10482,44.96655],[4.10407,44.97157],[4.09581,44.97559]]]},"properties":{"code_territoire":"iris431440000","libelle_territoire":"Moudeyres (commune non irisée)"}},
{"type":"Feature","geometry":{"type":"Polygon","coordinates":[[[3.76905,44.91799],[3.7444,44.91931],[3.73528,44.91687],[3.72005,44.91689],[3.7118,44.91185],[3.71066,44.90745],[3.72271,44.89351],[3.72886,44.89262],[3.73405,44.88863],[3.75327,44.8927],[3.75718,44.90279],[3.76567,44.90729],[3.77133,44.90593],[3.76979,44.90945],[3.77236,44.91157],[3.76905,44.91799]]]},"properties":{"code_territoire":"iris431450000","libelle_territoire":"Ouides (commune non irisée)"}},
{"type":"Feature","geometry":{"type":"Polygon","coordinates":[[[3.31458,45.2759],[3.32517,45.27822],[3.32895,45.27675],[3.33276,45.27912],[3.33259,45.28712],[3.33028,45.28766],[3.33719,45.2935],[3.34368,45.29222],[3.34731,45.28776],[3.3511,45.28832],[3.3539,45.28433],[3.35731,45.28473],[3.36042,45.29103],[3.36394,45.29154],[3.36665,45.29912],[3.36363,45.30491],[3.35907,45.31332],[3.35165,45.31132],[3.34841,45.30726],[3.34463,45.30855],[3.34216,45.30499],[3.33617,45.3092],[3.32582,45.30273],[3.32563,45.29651],[3.32121,45.2925],[3.31392,45.28961],[3.31191,45.28714],[3.31458,45.2759]]]},"properties":{"code_territoire":"iris431470000","libelle_territoire":"Paulhac (commune non irisée)"}},
{"type":"Feature","geometry":{"type":"Polygon","coordinates":[[[3.48839,45.22478],[3.49221,45.22051],[3.49926,45.21971],[3.50499,45.21465],[3.50341,45.2045],[3.50679,45.2057],[3.51182,45.20095],[3.51318,45.19274],[3.52333,45.18925],[3.5261,45.19013],[3.53126,45.20002],[3.53102,45.21221],[3.52133,45.22459],[3.53035,45.23267],[3.53789,45.23162],[3.54394,45.23494],[3.54287,45.23871],[3.53512,45.24237],[3.53221,45.23867],[3.52268,45.23475],[3.51286,45.23609],[3.51274,45.22802],[3.51039,45.22812],[3.50851,45.23255],[3.50381,45.23335],[3.50316,45.23612],[3.49691,45.2379],[3.49725,45.23942],[3.4883,45.23681],[3.48744,45.23475],[3.49149,45.23223],[3.48713,45.22695],[3.48839,45.22478]]]},"properties":{"code_territoire":"iris431480000","libelle_territoire":"Paulhaguet (commune non irisée)"}},
{"type":"Feature","geometry":{"type":"Polygon","coordinates":[[[3.54773,45.04565],[3.54927,45.04723],[3.53844,45.05088],[3.53413,45.04988],[3.52139,45.05496],[3.51206,45.05479],[3.50435,45.04955],[3.50522,45.04722],[3.49768,45.04332],[3.49452,45.038],[3.49667,45.03144],[3.4984,45.03273],[3.49968,45.03131],[3.49969,45.03301],[3.49994,45.02688],[3.50387,45.02656],[3.50146,45.02086],[3.50356,45.01532],[3.49994,45.01416],[3.50013,45.00944],[3.49729,45.00991],[3.49719,45.00769],[3.49998,45.00255],[3.51046,45.00798],[3.51757,45.0037],[3.52541,45.00848],[3.5416,45.00866],[3.55178,45.01291],[3.54945,45.01531],[3.55209,45.01781],[3.53829,45.02218],[3.53956,45.02482],[3.53733,45.02622],[3.53933,45.02794],[3.53758,45.03028],[3.54415,45.03867],[3.54245,45.04636],[3.54773,45.04565]]]},"properties":{"code_territoire":"iris431490000","libelle_territoire":"Pébrac (commune non irisée)"}},
{"type":"Feature","geometry":{"type":"Polygon","coordinates":[[[4.09165,45.10392],[4.08572,45.10297],[4.08223,45.10618],[4.08596,45.11004],[4.08364,45.11565],[4.07412,45.1206],[4.06925,45.12043],[4.05444,45.10899],[4.04305,45.11773],[4.03949,45.11032],[4.02844,45.10109],[4.02945,45.10068],[4.044,45.09238],[4.05282,45.09319],[4.05502,45.09133],[4.05391,45.08842],[4.08026,45.08753],[4.09085,45.08908],[4.0914,45.09249],[4.09469,45.09226],[4.09532,45.09387],[4.09666,45.09214],[4.09597,45.09515],[4.09319,45.09641],[4.09165,45.10392]]]},"properties":{"code_territoire":"iris431500000","libelle_territoire":"Le Pertuis (commune non irisée)"}},
{"type":"Feature","geometry":{"type":"Polygon","coordinates":[[[3.43577,45.07758],[3.42811,45.08035],[3.42513,45.07985],[3.41775,45.06971],[3.40573,45.0688],[3.39835,45.06465],[3.39415,45.05861],[3.39196,45.05916],[3.39146,45.05638],[3.38517,45.05659],[3.38445,45.05423],[3.379,45.05578],[3.37728,45.06091],[3.3638,45.05466],[3.35495,45.05298],[3.35004,45.04834],[3.3527,45.04587],[3.34991,45.04557],[3.35174,45.04213],[3.34996,45.04077],[3.34424,45.04607],[3.34072,45.04061],[3.344,45.03269],[3.33709,45.02538],[3.32466,45.00981],[3.33036,45.00786],[3.34731,45.01435],[3.35052,45.01218],[3.3497,45.00166],[3.36225,45.00228],[3.36945,45.0054],[3.37145,45.00231],[3.37471,45.00172],[3.3785,45.00953],[3.37567,45.01318],[3.37781,45.02216],[3.38058,45.02116],[3.38849,45.02504],[3.39444,45.02541],[3.39946,45.01976],[3.40536,45.0203],[3.40301,45.02197],[3.40377,45.02702],[3.40912,45.03122],[3.40984,45.03471],[3.41565,45.03298],[3.41741,45.03413],[3.41389,45.03903],[3.42165,45.04012],[3.43522,45.03827],[3.43653,45.04122],[3.43884,45.03788],[3.441,45.04028],[3.44017,45.04251],[3.43317,45.04432],[3.43873,45.05222],[3.43458,45.0565],[3.43973,45.05742],[3.43445,45.0631],[3.43577,45.07758]]]},"properties":{"code_territoire":"iris431510000","libelle_territoire":"Pinols (commune non irisée)"}},
{"type":"Feature","geometry":{"type":"Polygon","coordinates":[[[3.87673,45.05411],[3.87781,45.05881],[3.89114,45.05586],[3.88868,45.05902],[3.89025,45.06526],[3.89375,45.06594],[3.89582,45.06995],[3.89886,45.06989],[3.89829,45.07365],[3.91138,45.07685],[3.91088,45.08063],[3.9138,45.08277],[3.90858,45.08339],[3.90741,45.08534],[3.91163,45.09186],[3.89927,45.09362],[3.89654,45.09954],[3.89868,45.1051],[3.89555,45.10695],[3.89052,45.10622],[3.88773,45.10395],[3.8685,45.10293],[3.86779,45.10084],[3.85203,45.10382],[3.83891,45.09661],[3.82954,45.10272],[3.82363,45.09943],[3.82637,45.09703],[3.82039,45.0973],[3.81736,45.09317],[3.81228,45.09141],[3.8193,45.08363],[3.82452,45.08116],[3.82224,45.07628],[3.81829,45.07938],[3.81558,45.07786],[3.81366,45.07026],[3.80933,45.06693],[3.81111,45.06506],[3.80591,45.06297],[3.80668,45.06172],[3.81364,45.06341],[3.81286,45.06004],[3.81529,45.05904],[3.81944,45.06044],[3.8284,45.05927],[3.83432,45.06203],[3.83883,45.05915],[3.84273,45.05975],[3.84363,45.0571],[3.84831,45.05624],[3.85528,45.05856],[3.86413,45.05826],[3.86983,45.05589],[3.87488,45.04958],[3.87574,45.05045],[3.87569,45.05113],[3.87585,45.05275],[3.87673,45.05411]]]},"properties":{"code_territoire":"iris431520000","libelle_territoire":"Polignac (commune non irisée)"}},
{"type":"Feature","geometry":{"type":"Polygon","coordinates":[[[4.23071,45.31479],[4.23138,45.31422],[4.23992,45.31758],[4.24682,45.31708],[4.25074,45.31676],[4.2507,45.32197],[4.25794,45.32132],[4.26368,45.32819],[4.26847,45.32825],[4.27059,45.33323],[4.26057,45.33561],[4.25146,45.34226],[4.25156,45.34695],[4.24784,45.34905],[4.24243,45.34851],[4.24314,45.35272],[4.2359,45.35494],[4.22884,45.35413],[4.22937,45.35237],[4.22621,45.35117],[4.223,45.35188],[4.22259,45.34865],[4.23011,45.33089],[4.23761,45.32474],[4.23463,45.31997],[4.23016,45.31867],[4.23071,45.31479]]]},"properties":{"code_territoire":"iris431530000","libelle_territoire":"Pont-Salomon (commune non irisée)"}},
{"type":"Feature","geometry":{"type":"Polygon","coordinates":[[[3.84176,44.7723],[3.84262,44.76739],[3.82982,44.75479],[3.83627,44.75107],[3.83521,44.74831],[3.84772,44.74533],[3.85454,44.7467],[3.86261,44.74396],[3.86732,44.74812],[3.86587,44.75022],[3.86816,44.75413],[3.87529,44.75571],[3.87581,44.75739],[3.89329,44.75129],[3.89999,44.75354],[3.89618,44.75504],[3.89703,44.76118],[3.90023,44.76437],[3.914,44.76514],[3.91144,44.77561],[3.90422,44.78061],[3.893,44.78181],[3.88657,44.78631],[3.87466,44.78598],[3.86173,44.77632],[3.8503,44.77374],[3.84176,44.7723]]]},"properties":{"code_territoire":"iris431540000","libelle_territoire":"Pradelles (commune non irisée)"}},
{"type":"Feature","geometry":{"type":"Polygon","coordinates":[[[3.58947,45.01352],[3.59427,45.01182],[3.59975,45.015],[3.60108,45.01219],[3.60787,45.01743],[3.60614,45.01956],[3.61451,45.01665],[3.61679,45.01876],[3.61399,45.02164],[3.61656,45.02369],[3.61334,45.02245],[3.61086,45.02442],[3.60446,45.0247],[3.6027,45.02675],[3.60552,45.02798],[3.60528,45.03051],[3.59961,45.02976],[3.6027,45.03157],[3.59732,45.03209],[3.59795,45.03498],[3.59013,45.03573],[3.5892,45.03364],[3.58716,45.03705],[3.57764,45.03756],[3.58202,45.02577],[3.57837,45.02144],[3.58535,45.01784],[3.58947,45.01352]]]},"properties":{"code_territoire":"iris431550000","libelle_territoire":"Prades (commune non irisée)"}},
{"type":"Feature","geometry":{"type":"Polygon","coordinates":[[[4.0131,44.88368],[4.01855,44.88149],[4.01673,44.87805],[4.02045,44.87714],[4.01776,44.87296],[4.02868,44.86618],[4.0306,44.86955],[4.03948,44.87346],[4.04701,44.87014],[4.05659,44.8729],[4.071,44.86661],[4.07344,44.87063],[4.07769,44.86984],[4.08887,44.87747],[4.07387,44.88571],[4.07621,44.88801],[4.07199,44.89409],[4.07448,44.89591],[4.07024,44.89614],[4.07307,44.89684],[4.07183,44.90032],[4.07476,44.89978],[4.07411,44.90288],[4.07065,44.90119],[4.0689,44.90405],[4.0667,44.90214],[4.0669,44.90494],[4.0579,44.90491],[4.05128,44.91353],[4.05249,44.91491],[4.04743,44.91706],[4.04973,44.9152],[4.04577,44.91382],[4.04062,44.91597],[4.03418,44.91298],[4.02829,44.91381],[4.02713,44.91162],[4.02712,44.91345],[4.02473,44.91249],[4.01812,44.91669],[4.01281,44.91374],[4.0158,44.90978],[4.0127,44.90736],[4.01265,44.90225],[4.01649,44.89632],[4.01569,44.89294],[4.00802,44.89228],[4.00724,44.89011],[4.0131,44.88368]]]},"properties":{"code_territoire":"iris431560000","libelle_territoire":"Présailles (commune non irisée)"}},
{"type":"Feature","geometry":{"type":"Polygon","coordinates":[[[3.88993,45.03523],[3.89739,45.03745],[3.90653,45.03639],[3.90789,45.03819],[3.90153,45.04652],[3.89778,45.04653],[3.8907,45.04126],[3.88889,45.03795],[3.88993,45.03523]]]},"properties":{"code_territoire":"iris431570101","libelle_territoire":"Guitard-Roche Arnaud"}},
{"type":"Feature","geometry":{"type":"Polygon","coordinates":[[[3.90334,45.04994],[3.90153,45.04652],[3.90789,45.03819],[3.90653,45.03639],[3.89739,45.03745],[3.90042,45.02683],[3.91067,45.02392],[3.91235,45.0216],[3.91495,45.02372],[3.92643,45.02323],[3.92816,45.02771],[3.93352,45.03028],[3.92373,45.04045],[3.91564,45.04373],[3.91132,45.04384],[3.91021,45.04144],[3.91112,45.04653],[3.90334,45.04994]]]},"properties":{"code_territoire":"iris431570102","libelle_territoire":"Zone Verte Ours-Mons"}},
{"type":"Feature","geometry":{"type":"Polygon","coordinates":[[[3.91235,45.0216],[3.91067,45.02392],[3.90042,45.02683],[3.89739,45.03745],[3.88993,45.03523],[3.88788,45.02765],[3.88109,45.02795],[3.87834,45.0189],[3.867,45.01706],[3.86708,45.01091],[3.86158,45.00714],[3.86606,45.00567],[3.86105,45.00089],[3.8658,44.99889],[3.87962,44.99999],[3.88451,45.00732],[3.89132,45.01056],[3.89885,45.01144],[3.90579,45.00878],[3.91235,45.0216]]]},"properties":{"code_territoire":"iris431570103","libelle_territoire":"Taulhac"}},
{"type":"Feature","geometry":{"type":"Polygon","coordinates":[[[3.88109,45.02795],[3.88788,45.02765],[3.88993,45.03523],[3.88889,45.03795],[3.88492,45.03583],[3.88112,45.03234],[3.88109,45.02795]]]},"properties":{"code_territoire":"iris431570104","libelle_territoire":"Val Vert"}},
{"type":"Feature","geometry":{"type":"Polygon","coordinates":[[[3.88492,45.03583],[3.88889,45.03795],[3.8907,45.04126],[3.88708,45.04208],[3.88228,45.04205],[3.88168,45.03687],[3.88492,45.03583]]]},"properties":{"code_territoire":"iris431570105","libelle_territoire":"Breuil-Carmes"}},
{"type":"Feature","geometry":{"type":"Polygon","coordinates":[[[3.87569,45.05113],[3.87574,45.05045],[3.87598,45.04796],[3.87261,45.03886],[3.87544,45.03691],[3.88168,45.03687],[3.88228,45.04205],[3.87931,45.04702],[3.88107,45.04844],[3.8784,45.04913],[3.88198,45.05201],[3.87995,45.0547],[3.87673,45.05411],[3.87585,45.05275],[3.87569,45.05113]]]},"properties":{"code_territoire":"iris431570106","libelle_territoire":"Carnot-Capucins"}},
{"type":"Feature","geometry":{"type":"Polygon","coordinates":[[[3.88107,45.04844],[3.87931,45.04702],[3.88228,45.04205],[3.88708,45.04208],[3.88976,45.04465],[3.88768,45.04743],[3.88107,45.04844]]]},"properties":{"code_territoire":"iris431570107","libelle_territoire":"Centre Historique"}},
{"type":"Feature","geometry":{"type":"Polygon","coordinates":[[[3.88768,45.04743],[3.88976,45.04465],[3.88708,45.04208],[3.8907,45.04126],[3.89778,45.04653],[3.90153,45.04652],[3.90334,45.04994],[3.90227,45.05518],[3.90514,45.05677],[3.90205,45.05715],[3.8993,45.05153],[3.89527,45.05054],[3.88489,45.04947],[3.88768,45.04743]]]},"properties":{"code_territoire":"iris431570108","libelle_territoire":"Saint-Jean-République"}},
{"type":"Feature","geometry":{"type":"Polygon","coordinates":[[[4.09597,45.09515],[4.09666,45.09214],[4.09532,45.09387],[4.09469,45.09226],[4.0914,45.09249],[4.09085,45.08908],[4.08026,45.08753],[4.08394,45.08438],[4.08195,45.08132],[4.08329,45.0767],[4.07214,45.06843],[4.06638,45.06806],[4.06814,45.0671],[4.08292,45.06556],[4.08503,45.06247],[4.08867,45.06267],[4.09283,45.05664],[4.09419,45.05912],[4.09769,45.05789],[4.09895,45.05408],[4.11021,45.05394],[4.12371,45.04716],[4.13516,45.05717],[4.12846,45.07314],[4.12663,45.07241],[4.12264,45.07748],[4.12245,45.08083],[4.11901,45.07967],[4.10856,45.08477],[4.11082,45.08681],[4.10765,45.08827],[4.10701,45.09221],[4.09597,45.09515]]]},"properties":{"code_territoire":"iris431580000","libelle_territoire":"Queyrières (commune non irisée)"}},
{"type":"Feature","geometry":{"type":"Polygon","coordinates":[[[4.24919,45.21485],[4.24824,45.2102],[4.25466,45.20205],[4.25238,45.20062],[4.25312,45.19645],[4.26226,45.19066],[4.25773,45.18239],[4.26863,45.16957],[4.29002,45.15867],[4.29358,45.15818],[4.29856,45.1616],[4.29644,45.16644],[4.30203,45.17494],[4.29964,45.17723],[4.30663,45.1825],[4.30806,45.19016],[4.31508,45.19561],[4.31749,45.19488],[4.31374,45.203],[4.3052,45.20818],[4.30071,45.20824],[4.29639,45.21327],[4.29241,45.2154],[4.28501,45.21324],[4.28284,45.21679],[4.27733,45.21848],[4.27483,45.21618],[4.27697,45.21363],[4.27554,45.21097],[4.27186,45.21235],[4.26854,45.20999],[4.26818,45.21263],[4.26352,45.21416],[4.25858,45.21273],[4.25995,45.21607],[4.25645,45.21925],[4.25552,45.21564],[4.2492,45.21822],[4.24919,45.21485]]]},"properties":{"code_territoire":"iris431590000","libelle_territoire":"Raucoules (commune non irisée)"}},
{"type":"Feature","geometry":{"type":"Polygon","coordinates":[[[3.75955,44.81611],[3.76291,44.80981],[3.75848,44.80648],[3.76124,44.80164],[3.76425,44.8005],[3.76658,44.80333],[3.77104,44.80353],[3.77407,44.80004],[3.7716,44.79685],[3.77829,44.79886],[3.77949,44.79586],[3.78715,44.79385],[3.7987,44.78607],[3.80313,44.78158],[3.80491,44.77297],[3.80296,44.77075],[3.80889,44.7653],[3.8119,44.76589],[3.8121,44.76899],[3.81629,44.76856],[3.81933,44.77268],[3.81685,44.77707],[3.81978,44.7875],[3.81693,44.79018],[3.81661,44.79611],[3.8241,44.80594],[3.82892,44.80853],[3.83543,44.80815],[3.8377,44.81214],[3.83195,44.81417],[3.83233,44.81879],[3.82382,44.82128],[3.82532,44.82418],[3.82194,44.82689],[3.82499,44.82999],[3.8142,44.83182],[3.80774,44.83092],[3.80415,44.82795],[3.80102,44.8291],[3.79727,44.82516],[3.79316,44.8233],[3.78834,44.82482],[3.78513,44.82079],[3.77625,44.81711],[3.7637,44.81882],[3.75955,44.81611]]]},"properties":{"code_territoire":"iris431600000","libelle_territoire":"Rauret (commune non irisée)"}},
{"type":"Feature","geometry":{"type":"Polygon","coordinates":[[[4.0732,45.22072],[4.06602,45.22708],[4.06758,45.23026],[4.05931,45.23431],[4.06369,45.24023],[4.05973,45.24342],[4.05016,45.24574],[4.05322,45.24969],[4.04789,45.25375],[4.04786,45.25625],[4.05436,45.25954],[4.05244,45.26763],[4.04695,45.26948],[4.0415,45.26564],[4.04107,45.2625],[4.03534,45.26492],[4.03139,45.26221],[4.02525,45.26327],[4.02234,45.26223],[4.02326,45.25757],[4.02018,45.25783],[4.01764,45.25554],[4.02035,45.25377],[4.01898,45.24998],[4.02381,45.24358],[4.00586,45.24103],[3.99784,45.23682],[3.9841,45.23877],[3.97687,45.23979],[3.97136,45.23216],[3.98216,45.20635],[3.9858,45.20985],[3.99227,45.20847],[3.99774,45.21079],[4.00963,45.20583],[4.01616,45.20833],[4.0125,45.20152],[4.00394,45.19916],[4.00538,45.19626],[4.00068,45.19268],[3.9998,45.18847],[4.00232,45.18546],[4.01181,45.17916],[4.0166,45.17971],[4.01818,45.17727],[4.0235,45.17652],[4.03563,45.18366],[4.03671,45.18097],[4.0395,45.182],[4.04449,45.17877],[4.04619,45.18157],[4.04979,45.18135],[4.05589,45.17481],[4.05779,45.17721],[4.05609,45.19142],[4.0696,45.20511],[4.0732,45.22072]]]},"properties":{"code_territoire":"iris431620000","libelle_territoire":"Retournac (commune non irisée)"}},
{"type":"Feature","geometry":{"type":"Polygon","coordinates":[[[4.48148,45.21606],[4.48755,45.21651],[4.48781,45.22175],[4.49082,45.22354],[4.48327,45.23224],[4.48314,45.23657],[4.47153,45.24002],[4.46863,45.24781],[4.46599,45.24767],[4.45289,45.25727],[4.44796,45.25764],[4.44177,45.26291],[4.43443,45.27512],[4.4188,45.27534],[4.40167,45.2698],[4.39901,45.26862],[4.3986,45.265],[4.38754,45.26223],[4.39103,45.25765],[4.38751,45.25516],[4.3782,45.26084],[4.378,45.2634],[4.37139,45.25992],[4.37654,45.25866],[4.37425,45.25407],[4.38019,45.24997],[4.37837,45.24623],[4.37208,45.2481],[4.37226,45.24468],[4.36343,45.24222],[4.35741,45.24363],[4.35527,45.24242],[4.35784,45.23661],[4.36823,45.23873],[4.38062,45.23098],[4.37641,45.22003],[4.38219,45.21559],[4.37904,45.212],[4.38095,45.21157],[4.3799,45.20861],[4.3864,45.20318],[4.40021,45.19774],[4.40471,45.19967],[4.40998,45.1985],[4.41804,45.20328],[4.43554,45.19918],[4.43893,45.20168],[4.44794,45.20228],[4.45395,45.20856],[4.45889,45.21953],[4.47686,45.22191],[4.48148,45.21606]]]},"properties":{"code_territoire":"iris431630000","libelle_territoire":"Riotord (commune non irisée)"}},
{"type":"Feature","geometry":{"type":"Polygon","coordinates":[[[3.9841,45.23877],[3.98501,45.24168],[3.98717,45.24156],[3.98436,45.24402],[3.98691,45.24463],[3.97923,45.2468],[3.97723,45.2514],[3.97574,45.24842],[3.97216,45.25599],[3.9729,45.26186],[3.96949,45.26275],[3.9634,45.2604],[3.96205,45.26178],[3.95799,45.25956],[3.95565,45.26349],[3.95249,45.26297],[3.94549,45.26032],[3.94397,45.25729],[3.94051,45.25804],[3.94097,45.25476],[3.93536,45.25421],[3.93341,45.25048],[3.92687,45.24928],[3.92335,45.24697],[3.91656,45.24942],[3.91606,45.24726],[3.91491,45.24985],[3.91093,45.2505],[3.90736,45.247],[3.90643,45.24],[3.90207,45.23794],[3.90658,45.23616],[3.90468,45.23413],[3.90815,45.23454],[3.90796,45.23042],[3.91158,45.22751],[3.91006,45.22313],[3.91506,45.21791],[3.91886,45.21978],[3.92649,45.21578],[3.92147,45.21287],[3.92139,45.21015],[3.92629,45.21065],[3.92829,45.2134],[3.93301,45.21111],[3.93591,45.21382],[3.93774,45.21147],[3.94147,45.21273],[3.94134,45.21471],[3.9531,45.21428],[3.96221,45.2097],[3.9598,45.20712],[3.96399,45.20714],[3.96594,45.20204],[3.96253,45.20126],[3.96281,45.19894],[3.96997,45.19808],[3.97913,45.20216],[3.98216,45.20635],[3.97136,45.23216],[3.97687,45.23979],[3.9841,45.23877]]]},"properties":{"code_territoire":"iris431640000","libelle_territoire":"Roche-en-Régnier (commune non irisée)"}},
{"type":"Feature","geometry":{"type":"Polygon","coordinates":[[[4.02431,45.14413],[4.01942,45.14112],[4.01511,45.15243],[4.01708,45.15773],[4.01333,45.15916],[4.01283,45.16262],[3.99637,45.16245],[3.98786,45.16669],[3.98363,45.16659],[3.9806,45.16959],[3.97487,45.16849],[3.97264,45.16606],[3.97924,45.16335],[3.98238,45.15558],[3.96993,45.13077],[3.97133,45.12515],[3.96544,45.1209],[3.97234,45.12025],[3.98488,45.11311],[3.99128,45.09673],[3.99455,45.09516],[3.99312,45.09723],[3.99571,45.10301],[4.00813,45.10686],[4.01851,45.10738],[4.02844,45.10109],[4.03949,45.11032],[4.04305,45.11773],[4.04647,45.12177],[4.04505,45.12594],[4.02837,45.13131],[4.03148,45.14261],[4.02531,45.14238],[4.02431,45.14413]]]},"properties":{"code_territoire":"iris431650000","libelle_territoire":"Rosières (commune non irisée)"}},
{"type":"Feature","geometry":{"type":"Polygon","coordinates":[[[3.46368,45.32372],[3.46532,45.32869],[3.47145,45.33078],[3.46929,45.33232],[3.47164,45.33422],[3.4807,45.33715],[3.48846,45.33731],[3.49464,45.34094],[3.49232,45.3433],[3.48859,45.33979],[3.47827,45.3433],[3.4757,45.35578],[3.48056,45.35695],[3.48136,45.36148],[3.47639,45.36176],[3.46373,45.36836],[3.44014,45.36712],[3.43461,45.36295],[3.42455,45.36061],[3.42662,45.35487],[3.42126,45.35127],[3.42283,45.34324],[3.42601,45.34167],[3.41777,45.33852],[3.41667,45.33492],[3.41371,45.33403],[3.422,45.33135],[3.42202,45.32902],[3.42756,45.32674],[3.42811,45.32219],[3.43237,45.32233],[3.43018,45.3198],[3.4319,45.31918],[3.43166,45.32103],[3.43583,45.32243],[3.43832,45.31872],[3.44244,45.32156],[3.44633,45.3189],[3.45158,45.32863],[3.45561,45.32611],[3.45996,45.32683],[3.46368,45.32372]]]},"properties":{"code_territoire":"iris430010000","libelle_territoire":"Agnat (commune non irisée)"}},
{"type":"Feature","geometry":{"type":"Polygon","coordinates":[[[3.91892,45.27197],[3.92404,45.2668],[3.92687,45.24928],[3.93341,45.25048],[3.93536,45.25421],[3.94097,45.25476],[3.94051,45.25804],[3.94397,45.25729],[3.94549,45.26032],[3.95249,45.26297],[3.95565,45.26349],[3.95799,45.25956],[3.96205,45.26178],[3.9634,45.2604],[3.96949,45.26275],[3.9729,45.26186],[3.97482,45.26642],[3.97796,45.26737],[3.98225,45.26705],[3.98393,45.26386],[3.99191,45.26451],[3.99343,45.26316],[3.9973,45.26772],[3.98731,45.27592],[3.98389,45.27599],[3.98189,45.2791],[3.98461,45.2846],[3.97695,45.28635],[3.97459,45.28633],[3.97358,45.29058],[3.97051,45.29135],[3.9714,45.29407],[3.96537,45.29322],[3.9579,45.29891],[3.94369,45.2941],[3.94021,45.29482],[3.94104,45.29635],[3.94319,45.2955],[3.9414,45.29782],[3.93727,45.29665],[3.93557,45.29489],[3.94108,45.29227],[3.9426,45.29328],[3.94185,45.29115],[3.94747,45.2872],[3.93872,45.28578],[3.93381,45.28217],[3.93218,45.28516],[3.93408,45.28901],[3.93155,45.28943],[3.92471,45.27643],[3.91892,45.27197]]]},"properties":{"code_territoire":"iris431660000","libelle_territoire":"Saint-André-de-Chalencon (commune non irisée)"}},
{"type":"Feature","geometry":{"type":"Polygon","coordinates":[[[3.52593,45.09375],[3.53134,45.09129],[3.53399,45.09283],[3.54321,45.08689],[3.54133,45.08316],[3.5467,45.07994],[3.54472,45.07565],[3.53927,45.07594],[3.54077,45.0733],[3.55228,45.06506],[3.56122,45.06508],[3.56801,45.06119],[3.58456,45.0644],[3.59085,45.06789],[3.5984,45.068],[3.5924,45.06891],[3.59688,45.07042],[3.59412,45.07259],[3.59615,45.07437],[3.59048,45.07676],[3.58677,45.07589],[3.58903,45.08066],[3.58358,45.08113],[3.58985,45.08841],[3.5818,45.08997],[3.58147,45.09508],[3.57534,45.09971],[3.57954,45.10556],[3.55893,45.10489],[3.5505,45.10824],[3.54906,45.10408],[3.54355,45.10364],[3.54295,45.09903],[3.52926,45.09902],[3.52753,45.09543],[3.52593,45.09375]]]},"properties":{"code_territoire":"iris431670000","libelle_territoire":"Saint-Arcons-d'Allier (commune non irisée)"}},
{"type":"Feature","geometry":{"type":"MultiPolygon","coordinates":[[[[3.87488,45.04958],[3.87598,45.04796],[3.87574,45.05045],[3.87488,45.04958]]],[[[3.89114,45.05586],[3.87781,45.05881],[3.87673,45.05411],[3.87995,45.0547],[3.88198,45.05201],[3.8784,45.04913],[3.88107,45.04844],[3.88768,45.04743],[3.88489,45.04947],[3.89527,45.05054],[3.89488,45.05473],[3.89114,45.05586]]]]},"properties":{"code_territoire":"iris430020000","libelle_territoire":"Aiguilhe (commune non irisée)"}},
{"type":"Feature","geometry":{"type":"Polygon","coordinates":[[[3.66161,45.16013],[3.66412,45.157],[3.66808,45.16313],[3.67402,45.16407],[3.67942,45.16138],[3.67996,45.16374],[3.6843,45.16398],[3.68709,45.16168],[3.69738,45.16127],[3.70553,45.17003],[3.70383,45.17151],[3.70831,45.17238],[3.7089,45.17574],[3.714,45.17484],[3.71893,45.18607],[3.72168,45.18542],[3.7256,45.18833],[3.72487,45.19463],[3.73031,45.19615],[3.72691,45.19896],[3.73073,45.2033],[3.72763,45.20549],[3.73318,45.20991],[3.72448,45.21511],[3.71603,45.21444],[3.71446,45.20879],[3.7075,45.20565],[3.70418,45.20735],[3.70092,45.20504],[3.68564,45.20985],[3.67963,45.20885],[3.67632,45.20618],[3.66441,45.20764],[3.6577,45.20611],[3.65907,45.20225],[3.65546,45.19772],[3.64224,45.19439],[3.64428,45.19071],[3.64667,45.19148],[3.65244,45.18813],[3.65748,45.18848],[3.6632,45.18607],[3.66074,45.18192],[3.66327,45.17604],[3.67389,45.17153],[3.67485,45.16849],[3.66843,45.17061],[3.66717,45.16515],[3.66161,45.16013]]]},"properties":{"code_territoire":"iris430030000","libelle_territoire":"Allègre (commune non irisée)"}},
{"type":"Feature","geometry":{"type":"Polygon","coordinates":[[[3.94435,44.82102],[3.9448,44.82456],[3.96362,44.82935],[3.96163,44.83123],[3.95448,44.84032],[3.92981,44.84909],[3.92522,44.85387],[3.91481,44.85595],[3.90997,44.85071],[3.89044,44.84403],[3.89265,44.84126],[3.89819,44.84284],[3.90224,44.84054],[3.90593,44.84148],[3.90658,44.83992],[3.91673,44.84039],[3.91921,44.83892],[3.91231,44.83886],[3.90275,44.83567],[3.90222,44.83276],[3.8987,44.83163],[3.89756,44.8213],[3.89379,44.82013],[3.89622,44.81393],[3.90098,44.81225],[3.90782,44.8152],[3.91258,44.81287],[3.91897,44.81817],[3.93117,44.81664],[3.93185,44.8132],[3.93702,44.81962],[3.94435,44.82102]]]},"properties":{"code_territoire":"iris431680000","libelle_territoire":"Saint-Arcons-de-Barges (commune non irisée)"}},
{"type":"Feature","geometry":{"type":"Polygon","coordinates":[[[3.33235,45.13424],[3.32925,45.1328],[3.33357,45.12999],[3.33593,45.12328],[3.32858,45.12161],[3.32722,45.12352],[3.32103,45.11899],[3.31431,45.11816],[3.32801,45.11484],[3.32696,45.11196],[3.33126,45.10968],[3.33185,45.1114],[3.35004,45.11249],[3.35181,45.11196],[3.35004,45.10812],[3.35217,45.10738],[3.35065,45.10414],[3.36202,45.10419],[3.3684,45.10877],[3.37347,45.10823],[3.37277,45.10525],[3.38373,45.10997],[3.392,45.11438],[3.38823,45.11733],[3.38581,45.11667],[3.38748,45.11888],[3.38549,45.1205],[3.38807,45.1223],[3.38621,45.12382],[3.38867,45.12366],[3.38617,45.1261],[3.38882,45.12704],[3.38096,45.13194],[3.36716,45.12823],[3.36522,45.1326],[3.34138,45.13097],[3.33235,45.13424]]]},"properties":{"code_territoire":"iris431690000","libelle_territoire":"Saint-Austremoine (commune non irisée)"}},
{"type":"Feature","geometry":{"type":"Polygon","coordinates":[[[3.97062,44.88125],[3.97282,44.87728],[3.97848,44.88033],[3.9847,44.87778],[3.98907,44.88015],[4.00179,44.87601],[4.00906,44.87737],[4.0131,44.88368],[4.00724,44.89011],[4.00802,44.89228],[4.01569,44.89294],[4.01649,44.89632],[4.01265,44.90225],[4.00585,44.90273],[4.00719,44.90622],[3.9943,44.90842],[3.99493,44.91072],[3.99068,44.91145],[3.98998,44.91465],[3.98328,44.91088],[3.97389,44.91228],[3.97078,44.90515],[3.96553,44.90659],[3.9632,44.90209],[3.97297,44.89599],[3.96622,44.89131],[3.96971,44.88966],[3.97343,44.89058],[3.9692,44.88709],[3.96924,44.88518],[3.9725,44.88475],[3.97062,44.88125]]]},"properties":{"code_territoire":"iris430040000","libelle_territoire":"Alleyrac (commune non irisée)"}},
{"type":"Feature","geometry":{"type":"Polygon","coordinates":[[[3.26972,45.23577],[3.27569,45.24297],[3.27521,45.24578],[3.27979,45.24785],[3.28428,45.24685],[3.28699,45.25084],[3.29391,45.25438],[3.30766,45.25556],[3.31869,45.26594],[3.31325,45.27433],[3.31458,45.2759],[3.31191,45.28714],[3.31392,45.28961],[3.30585,45.29439],[3.30559,45.2969],[3.29264,45.30055],[3.29106,45.29677],[3.28716,45.29783],[3.29143,45.30754],[3.29231,45.31101],[3.27333,45.30664],[3.26797,45.30142],[3.27082,45.29322],[3.27657,45.29263],[3.27503,45.29071],[3.27754,45.28941],[3.25446,45.28727],[3.24971,45.28983],[3.24005,45.28652],[3.23647,45.28292],[3.23729,45.28012],[3.24698,45.27222],[3.25926,45.26999],[3.26381,45.26521],[3.26292,45.26246],[3.26503,45.26417],[3.27193,45.26352],[3.27467,45.26631],[3.27859,45.25652],[3.26519,45.24184],[3.26594,45.23881],[3.26768,45.23941],[3.26557,45.23571],[3.26972,45.23577]]]},"properties":{"code_territoire":"iris431700000","libelle_territoire":"Saint-Beauzire (commune non irisée)"}},
{"type":"Feature","geometry":{"type":"Polygon","coordinates":[[[3.64929,45.04906],[3.64405,45.04647],[3.62407,45.04904],[3.61098,45.04147],[3.60539,45.04059],[3.60112,45.0428],[3.59357,45.03897],[3.59969,45.03719],[3.59795,45.03498],[3.59732,45.03209],[3.6027,45.03157],[3.59961,45.02976],[3.60528,45.03051],[3.60552,45.02798],[3.6027,45.02675],[3.60446,45.0247],[3.61086,45.02442],[3.61334,45.02245],[3.61656,45.02369],[3.61399,45.02164],[3.61679,45.01876],[3.62441,45.01671],[3.63106,45.00692],[3.6433,45.00492],[3.64107,45.00822],[3.64735,45.01495],[3.64488,45.0154],[3.6581,45.02888],[3.6496,45.03174],[3.65192,45.0361],[3.6493,45.03789],[3.64984,45.04888],[3.64929,45.04906]]]},"properties":{"code_territoire":"iris431710000","libelle_territoire":"Saint-Bérain (commune non irisée)"}},
{"type":"Feature","geometry":{"type":"Polygon","coordinates":[[[3.65415,44.87978],[3.65423,44.88189],[3.65908,44.88096],[3.66014,44.88361],[3.66164,44.88221],[3.67079,44.88659],[3.67096,44.88935],[3.67927,44.89059],[3.67973,44.89324],[3.6773,44.89223],[3.67672,44.89538],[3.68541,44.89865],[3.69349,44.89219],[3.69371,44.88741],[3.68809,44.88369],[3.69632,44.88142],[3.69591,44.8791],[3.68912,44.87732],[3.68883,44.87381],[3.69155,44.87302],[3.69755,44.87524],[3.6954,44.87573],[3.69984,44.87914],[3.70337,44.87812],[3.70577,44.87998],[3.70882,44.87809],[3.70855,44.88053],[3.71529,44.88153],[3.71446,44.8841],[3.71843,44.88227],[3.71763,44.88377],[3.72341,44.88792],[3.7206,44.89282],[3.72271,44.89351],[3.71066,44.90745],[3.69912,44.91061],[3.70137,44.91209],[3.69796,44.91629],[3.69973,44.91793],[3.68685,44.92164],[3.68845,44.92797],[3.68617,44.93375],[3.69304,44.93507],[3.68751,44.9367],[3.68262,44.94518],[3.67518,44.94996],[3.66577,44.93536],[3.65942,44.92544],[3.65119,44.92207],[3.64998,44.91655],[3.65534,44.90789],[3.64233,44.90509],[3.64299,44.90262],[3.65129,44.89793],[3.64766,44.89455],[3.64522,44.88502],[3.65415,44.87978]]]},"properties":{"code_territoire":"iris430050000","libelle_territoire":"Alleyras (commune non irisée)"}},
{"type":"Feature","geometry":{"type":"Polygon","coordinates":[[[4.41116,45.14082],[4.41417,45.14159],[4.41338,45.13955],[4.42298,45.1373],[4.42377,45.13421],[4.43151,45.1289],[4.43136,45.12159],[4.42679,45.12208],[4.42628,45.11782],[4.43114,45.11616],[4.42823,45.11454],[4.43455,45.11189],[4.43608,45.10862],[4.4414,45.11169],[4.43541,45.11748],[4.43826,45.12209],[4.44009,45.12267],[4.44332,45.11837],[4.45717,45.11887],[4.45553,45.12628],[4.44651,45.13116],[4.44706,45.136],[4.4431,45.14478],[4.44744,45.15226],[4.44867,45.16346],[4.45807,45.16888],[4.41654,45.16535],[4.41712,45.16043],[4.41112,45.15718],[4.40815,45.15222],[4.40828,45.14485],[4.41116,45.14082]]]},"properties":{"code_territoire":"iris431720000","libelle_territoire":"Saint-Bonnet-le-Froid (commune non irisée)"}},
{"type":"Feature","geometry":{"type":"Polygon","coordinates":[[[3.69155,44.87302],[3.68982,44.865],[3.68727,44.86345],[3.68994,44.86131],[3.68836,44.85809],[3.67386,44.85406],[3.67059,44.8511],[3.67205,44.84328],[3.67005,44.84102],[3.65764,44.83606],[3.66631,44.82864],[3.67402,44.83044],[3.68359,44.82908],[3.68898,44.83208],[3.6983,44.83096],[3.69728,44.83614],[3.70087,44.83699],[3.70991,44.83683],[3.71479,44.83237],[3.72234,44.83088],[3.72831,44.83388],[3.73495,44.83313],[3.73699,44.83611],[3.73546,44.84005],[3.74043,44.8437],[3.73993,44.84567],[3.73328,44.84764],[3.73802,44.8488],[3.73552,44.85338],[3.73707,44.85842],[3.71735,44.8617],[3.71883,44.86599],[3.71648,44.86957],[3.70716,44.87075],[3.70109,44.87705],[3.69755,44.87524],[3.69155,44.87302]]]},"properties":{"code_territoire":"iris431730000","libelle_territoire":"Saint-Christophe-d'Allier (commune non irisée)"}},
{"type":"Feature","geometry":{"type":"Polygon","coordinates":[[[3.28214,45.15158],[3.28039,45.14712],[3.27745,45.14586],[3.27816,45.14713],[3.27417,45.14705],[3.27347,45.14523],[3.27826,45.14137],[3.27735,45.13431],[3.28359,45.13061],[3.28803,45.12045],[3.29969,45.12539],[3.31431,45.11816],[3.32103,45.11899],[3.32722,45.12352],[3.32858,45.12161],[3.33593,45.12328],[3.33357,45.12999],[3.32925,45.1328],[3.33235,45.13424],[3.33125,45.13594],[3.34248,45.13922],[3.35644,45.13804],[3.36017,45.14132],[3.35583,45.14256],[3.35297,45.14852],[3.35466,45.15112],[3.34966,45.15085],[3.34602,45.15383],[3.35136,45.1556],[3.35082,45.15737],[3.35572,45.1578],[3.35547,45.16071],[3.35292,45.1603],[3.35194,45.16255],[3.36227,45.17203],[3.36101,45.17712],[3.36319,45.17899],[3.35307,45.18066],[3.34594,45.17653],[3.34902,45.17377],[3.32361,45.17142],[3.31863,45.17224],[3.3224,45.17651],[3.31588,45.17793],[3.31472,45.17902],[3.31736,45.17956],[3.31485,45.18191],[3.31117,45.17918],[3.31028,45.18188],[3.30811,45.17996],[3.31089,45.17887],[3.30781,45.17663],[3.30282,45.17713],[3.3042,45.17402],[3.29753,45.17445],[3.29808,45.17203],[3.29592,45.17284],[3.29557,45.17112],[3.29298,45.17181],[3.28966,45.16954],[3.2876,45.1714],[3.28038,45.1695],[3.28541,45.16119],[3.28214,45.15158]]]},"properties":{"code_territoire":"iris430060000","libelle_territoire":"Ally (commune non irisée)"}},
{"type":"Feature","geometry":{"type":"Polygon","coordinates":[[[3.81134,45.01101],[3.81327,45.0075],[3.80453,45.0047],[3.8039,45.0009],[3.79413,44.99355],[3.7929,44.98937],[3.78652,44.98799],[3.79045,44.97482],[3.79555,44.97612],[3.79629,44.9749],[3.79505,44.97018],[3.80185,44.96825],[3.80202,44.96163],[3.8052,44.96099],[3.80352,44.95731],[3.81055,44.95494],[3.81643,44.95788],[3.82399,44.95573],[3.82963,44.9587],[3.82982,44.96407],[3.8362,44.96336],[3.84381,44.97141],[3.84158,44.97351],[3.84635,44.97647],[3.8446,44.98252],[3.85276,44.98646],[3.85988,44.9972],[3.8658,44.99889],[3.86105,45.00089],[3.86606,45.00567],[3.86158,45.00714],[3.85733,45.00822],[3.8552,45.01195],[3.85424,45.01673],[3.8565,45.018],[3.84569,45.0172],[3.84253,45.01998],[3.8528,45.02634],[3.84145,45.0236],[3.83393,45.02433],[3.82525,45.01713],[3.82035,45.01639],[3.81657,45.01186],[3.81134,45.01101]]]},"properties":{"code_territoire":"iris431740000","libelle_territoire":"Saint-Christophe-sur-Dolaizon (commune non irisée)"}},
{"type":"Feature","geometry":{"type":"Polygon","coordinates":[[[3.392,45.11438],[3.39624,45.11346],[3.4039,45.11633],[3.40331,45.11843],[3.40867,45.12199],[3.41286,45.12083],[3.41581,45.12486],[3.42322,45.12514],[3.41978,45.13466],[3.42374,45.13953],[3.41963,45.14521],[3.41148,45.14549],[3.40736,45.14915],[3.39997,45.14633],[3.39216,45.1472],[3.38067,45.14814],[3.37197,45.1445],[3.36,45.14602],[3.35583,45.14256],[3.36017,45.14132],[3.35644,45.13804],[3.34248,45.13922],[3.33125,45.13594],[3.33235,45.13424],[3.34138,45.13097],[3.36522,45.1326],[3.36716,45.12823],[3.38096,45.13194],[3.38882,45.12704],[3.38617,45.1261],[3.38867,45.12366],[3.38621,45.12382],[3.38807,45.1223],[3.38549,45.1205],[3.38748,45.11888],[3.38581,45.11667],[3.38823,45.11733],[3.392,45.11438]]]},"properties":{"code_territoire":"iris431750000","libelle_territoire":"Saint-Cirgues (commune non irisée)"}},
{"type":"Feature","geometry":{"type":"Polygon","coordinates":[[[4.25956,45.27443],[4.2629,45.27184],[4.26658,45.2731],[4.27866,45.26833],[4.28178,45.27561],[4.28029,45.27822],[4.28633,45.28456],[4.29512,45.28398],[4.30256,45.28972],[4.31549,45.31236],[4.32352,45.31543],[4.32419,45.32345],[4.32029,45.32463],[4.31884,45.32915],[4.30814,45.3291],[4.29298,45.34373],[4.28393,45.34385],[4.28019,45.33608],[4.27059,45.33323],[4.26847,45.32825],[4.26368,45.32819],[4.25794,45.32132],[4.2507,45.32197],[4.25074,45.31676],[4.24682,45.31708],[4.2525,45.30966],[4.25665,45.30999],[4.25612,45.30208],[4.26025,45.30028],[4.25842,45.29856],[4.26049,45.29314],[4.26569,45.29132],[4.26557,45.28752],[4.269,45.28582],[4.26867,45.28201],[4.26574,45.28208],[4.26375,45.27612],[4.25956,45.27443]]]},"properties":{"code_territoire":"iris431770000","libelle_territoire":"Saint-Didier-en-Velay (commune non irisée)"}},
{"type":"Feature","geometry":{"type":"Polygon","coordinates":[[[3.59346,45.31365],[3.58855,45.31763],[3.57498,45.31966],[3.56528,45.32511],[3.56848,45.32693],[3.56504,45.33131],[3.55722,45.33431],[3.55187,45.32782],[3.54756,45.33349],[3.53891,45.33444],[3.53101,45.33142],[3.53189,45.32907],[3.51853,45.33486],[3.51509,45.33253],[3.5131,45.32371],[3.50108,45.32011],[3.50513,45.31816],[3.50291,45.3176],[3.50372,45.31093],[3.49987,45.30916],[3.49877,45.3026],[3.50285,45.30157],[3.50918,45.30329],[3.51379,45.29886],[3.5132,45.29451],[3.51926,45.2911],[3.52407,45.29268],[3.52777,45.29032],[3.52519,45.28472],[3.52377,45.28031],[3.53758,45.28126],[3.54141,45.27806],[3.54305,45.27008],[3.54376,45.26862],[3.55064,45.26845],[3.55582,45.27395],[3.56372,45.27652],[3.56234,45.27412],[3.56948,45.27502],[3.57239,45.27687],[3.57057,45.28276],[3.57698,45.28741],[3.58176,45.2867],[3.58973,45.28931],[3.58711,45.29569],[3.59208,45.30235],[3.59346,45.31365]]]},"properties":{"code_territoire":"iris431780000","libelle_territoire":"Saint-Didier-sur-Doulon (commune non irisée)"}},
{"type":"Feature","geometry":{"type":"Polygon","coordinates":[[[4.19626,45.0313],[4.19078,45.0351],[4.19464,45.03908],[4.18972,45.04221],[4.18931,45.04894],[4.19978,45.05673],[4.20488,45.05765],[4.21739,45.05443],[4.21656,45.05696],[4.22,45.05754],[4.21603,45.06512],[4.20635,45.06684],[4.19363,45.07159],[4.18981,45.07582],[4.19189,45.08065],[4.18882,45.09148],[4.1761,45.09741],[4.16969,45.10324],[4.16167,45.10174],[4.15821,45.09748],[4.15226,45.09695],[4.14858,45.0935],[4.14702,45.08503],[4.13718,45.08219],[4.13271,45.0779],[4.12812,45.07848],[4.12846,45.07314],[4.13516,45.05717],[4.13866,45.04935],[4.16689,45.03214],[4.1802,45.03159],[4.18334,45.0278],[4.19626,45.0313]]]},"properties":{"code_territoire":"iris430070000","libelle_territoire":"Araules (commune non irisée)"}},
{"type":"Feature","geometry":{"type":"Polygon","coordinates":[[[3.83942,44.80634],[3.83543,44.80815],[3.82892,44.80853],[3.8241,44.80594],[3.81661,44.79611],[3.81693,44.79018],[3.81978,44.7875],[3.81685,44.77707],[3.81933,44.77268],[3.83154,44.7768],[3.8349,44.77355],[3.84176,44.7723],[3.8503,44.77374],[3.84978,44.78321],[3.85422,44.78758],[3.8602,44.78963],[3.85301,44.79912],[3.84253,44.80205],[3.83942,44.80634]]]},"properties":{"code_territoire":"iris431800000","libelle_territoire":"Saint-Étienne-du-Vigan (commune non irisée)"}},
{"type":"Feature","geometry":{"type":"Polygon","coordinates":[[[3.99605,45.06458],[4.01898,45.07178],[4.01794,45.07431],[4.02521,45.07858],[4.02756,45.08302],[4.02673,45.09279],[4.02945,45.10068],[4.02844,45.10109],[4.01851,45.10738],[4.00813,45.10686],[3.99571,45.10301],[3.99312,45.09723],[3.99455,45.09516],[3.99552,45.09005],[3.98815,45.08177],[3.98122,45.0769],[3.97655,45.08095],[3.97421,45.07741],[3.97699,45.07504],[3.98703,45.0664],[3.99605,45.06458]]]},"properties":{"code_territoire":"iris431810000","libelle_territoire":"Saint-Étienne-Lardeyrol (commune non irisée)"}},
{"type":"Feature","geometry":{"type":"Polygon","coordinates":[[[3.11323,45.32731],[3.10401,45.32875],[3.09159,45.32627],[3.09046,45.32251],[3.09653,45.3178],[3.1068,45.31376],[3.1131,45.31348],[3.11112,45.3114],[3.11415,45.30999],[3.10489,45.30016],[3.08419,45.29899],[3.08617,45.29672],[3.08225,45.28969],[3.08771,45.28871],[3.09937,45.29232],[3.10515,45.29098],[3.11131,45.28413],[3.11781,45.28419],[3.12173,45.2861],[3.12573,45.2849],[3.13301,45.28645],[3.13631,45.28979],[3.14684,45.28761],[3.1546,45.29451],[3.16041,45.29523],[3.16632,45.30316],[3.16005,45.30408],[3.15968,45.307],[3.15531,45.30886],[3.15876,45.30995],[3.16015,45.3152],[3.15447,45.31237],[3.15492,45.31693],[3.15125,45.31456],[3.14824,45.31676],[3.14443,45.31783],[3.14297,45.31501],[3.13654,45.31581],[3.13541,45.31863],[3.12029,45.32617],[3.11323,45.32731]]]},"properties":{"code_territoire":"iris431820000","libelle_territoire":"Saint-Étienne-sur-Blesle (commune non irisée)"}},
{"type":"Feature","geometry":{"type":"Polygon","coordinates":[[[3.92522,44.85387],[3.93391,44.8622],[3.9245,44.86503],[3.92495,44.86847],[3.91892,44.86791],[3.9229,44.87209],[3.91823,44.87732],[3.91628,44.88427],[3.9188,44.88786],[3.91059,44.8916],[3.90143,44.89133],[3.89384,44.88819],[3.88721,44.88078],[3.88342,44.87389],[3.88583,44.86402],[3.88014,44.86331],[3.87995,44.84574],[3.89044,44.84403],[3.90997,44.85071],[3.91481,44.85595],[3.92522,44.85387]]]},"properties":{"code_territoire":"iris430080000","libelle_territoire":"Arlempdes (commune non irisée)"}},
{"type":"Feature","geometry":{"type":"Polygon","coordinates":[[[3.38373,45.10997],[3.38606,45.10884],[3.38055,45.10538],[3.38285,45.10373],[3.38046,45.10148],[3.38372,45.09684],[3.38765,45.1052],[3.39132,45.1032],[3.39122,45.10552],[3.39632,45.10572],[3.39816,45.10813],[3.40535,45.10883],[3.40735,45.10515],[3.40986,45.10772],[3.41344,45.10737],[3.4141,45.10434],[3.41745,45.10702],[3.41869,45.10352],[3.42076,45.10578],[3.42255,45.10441],[3.42651,45.10664],[3.43468,45.10821],[3.43444,45.11099],[3.43046,45.12115],[3.42322,45.12514],[3.41581,45.12486],[3.41286,45.12083],[3.40867,45.12199],[3.40331,45.11843],[3.4039,45.11633],[3.39624,45.11346],[3.392,45.11438],[3.38373,45.10997]]]},"properties":{"code_territoire":"iris430090000","libelle_territoire":"Arlet (commune non irisée)"}},
{"type":"Feature","geometry":{"type":"Polygon","coordinates":[[[3.64812,45.15247],[3.63749,45.15191],[3.63315,45.14825],[3.62336,45.14649],[3.61939,45.14635],[3.61974,45.15186],[3.61353,45.14971],[3.60713,45.14676],[3.61303,45.14098],[3.60568,45.13716],[3.60512,45.13365],[3.61369,45.13066],[3.6161,45.13219],[3.62432,45.13013],[3.6373,45.13779],[3.63904,45.13645],[3.64299,45.13857],[3.64613,45.13554],[3.65881,45.14364],[3.65324,45.15128],[3.6479,45.14988],[3.64812,45.15247]]]},"properties":{"code_territoire":"iris431830000","libelle_territoire":"Sainte-Eugénie-de-Villeneuve (commune non irisée)"}},
{"type":"Feature","geometry":{"type":"Polygon","coordinates":[[[4.2359,45.35494],[4.24314,45.35272],[4.24243,45.34851],[4.24784,45.34905],[4.25156,45.34695],[4.25146,45.34226],[4.26057,45.33561],[4.27059,45.33323],[4.28019,45.33608],[4.28393,45.34385],[4.28012,45.34966],[4.26781,45.35458],[4.26668,45.35726],[4.27126,45.3599],[4.27109,45.3746],[4.26836,45.37497],[4.26616,45.37191],[4.26097,45.37326],[4.25716,45.36999],[4.25748,45.37334],[4.25455,45.37209],[4.25176,45.37349],[4.25334,45.37926],[4.25008,45.37973],[4.25004,45.38217],[4.24351,45.38548],[4.23938,45.38502],[4.24311,45.38248],[4.23544,45.37992],[4.23871,45.37738],[4.23761,45.37239],[4.24093,45.3733],[4.24208,45.36723],[4.24682,45.36444],[4.24278,45.36415],[4.24296,45.3613],[4.23969,45.36185],[4.2359,45.35494]]]},"properties":{"code_territoire":"iris431840000","libelle_territoire":"Saint-Ferréol-d'Auroure (commune non irisée)"}},
{"type":"Feature","geometry":{"type":"Polygon","coordinates":[[[3.28673,45.39976],[3.29561,45.3949],[3.29977,45.39001],[3.3003,45.3892],[3.31104,45.39334],[3.31547,45.38968],[3.31577,45.38395],[3.31855,45.38322],[3.32779,45.3909],[3.33061,45.38918],[3.33237,45.39026],[3.32848,45.3928],[3.33026,45.39721],[3.32876,45.39939],[3.32766,45.39681],[3.32551,45.39779],[3.32573,45.40309],[3.32261,45.40518],[3.32423,45.40761],[3.32091,45.40796],[3.32011,45.41322],[3.31532,45.41161],[3.3111,45.41843],[3.3034,45.42038],[3.29568,45.41886],[3.29048,45.40158],[3.28673,45.39976]]]},"properties":{"code_territoire":"iris431850000","libelle_territoire":"Sainte-Florine (commune non irisée)"}},
{"type":"Feature","geometry":{"type":"Polygon","coordinates":[[[3.9627,44.97086],[3.96665,44.97217],[3.97796,44.97084],[3.97401,44.97492],[3.97597,44.97639],[3.97418,44.98008],[3.97115,44.97885],[3.96147,44.98265],[3.96321,44.98585],[3.96034,44.98692],[3.96315,44.99074],[3.97078,44.99359],[3.97727,44.99124],[3.98134,44.99333],[3.98176,44.99918],[3.97498,45.00554],[3.96661,45.01219],[3.96745,45.01071],[3.95916,45.00855],[3.95093,45.00931],[3.94666,45.01255],[3.94192,45.00983],[3.93544,45.01193],[3.93526,45.00201],[3.93011,45.00313],[3.92823,45.00087],[3.9312,45.00031],[3.93149,44.99701],[3.92475,44.99562],[3.93879,44.98702],[3.94066,44.98071],[3.9627,44.97086]]]},"properties":{"code_territoire":"iris430100000","libelle_territoire":"Arsac-en-Velay (commune non irisée)"}},
{"type":"Feature","geometry":{"type":"Polygon","coordinates":[[[4.09581,44.97559],[4.10407,44.97157],[4.10482,44.96655],[4.11502,44.9548],[4.11546,44.94447],[4.11903,44.94118],[4.12825,44.94171],[4.13345,44.94022],[4.13844,44.93525],[4.14596,44.93667],[4.14537,44.94001],[4.15078,44.93925],[4.16056,44.92104],[4.1783,44.91641],[4.17906,44.9332],[4.16901,44.93809],[4.1661,44.94656],[4.17584,44.95334],[4.17523,44.95982],[4.17899,44.96432],[4.1861,44.96446],[4.19397,44.97069],[4.19372,44.97534],[4.18351,44.98184],[4.19099,44.99795],[4.18856,45.00077],[4.1819,44.99855],[4.16479,45.00301],[4.16696,45.0065],[4.16501,45.00905],[4.15743,45.00804],[4.15783,45.00656],[4.14101,45.00821],[4.13975,45.00639],[4.14215,45.00498],[4.13763,45.00368],[4.1384,45.00168],[4.12345,45.00138],[4.11636,44.99798],[4.10838,45.00082],[4.1005,45.00815],[4.08524,45.00193],[4.08402,44.99665],[4.07825,44.9983],[4.07236,44.99542],[4.0594,44.99312],[4.05941,44.98803],[4.06345,44.98509],[4.06529,44.98763],[4.07544,44.98793],[4.08104,44.98397],[4.07911,44.98048],[4.08641,44.98076],[4.09581,44.97559]]]},"properties":{"code_territoire":"iris431860000","libelle_territoire":"Saint-Front (commune non irisée)"}},
{"type":"Feature","geometry":{"type":"Polygon","coordinates":[[[3.43881,45.09854],[3.4386,45.09677],[3.44536,45.09718],[3.45182,45.10153],[3.45088,45.10293],[3.45648,45.1034],[3.45498,45.1076],[3.46,45.11394],[3.45941,45.11723],[3.46421,45.11635],[3.47811,45.14018],[3.48056,45.14054],[3.47815,45.14239],[3.46752,45.13901],[3.46232,45.14619],[3.45745,45.14297],[3.45304,45.14499],[3.44978,45.14629],[3.44005,45.14303],[3.43702,45.15325],[3.42652,45.15629],[3.4216,45.15572],[3.41963,45.14521],[3.42374,45.13953],[3.41978,45.13466],[3.42322,45.12514],[3.43046,45.12115],[3.43444,45.11099],[3.43468,45.10821],[3.42651,45.10664],[3.42581,45.10471],[3.43577,45.10599],[3.43899,45.10461],[3.43714,45.10277],[3.43989,45.10146],[3.43881,45.09854]]]},"properties":{"code_territoire":"iris430110000","libelle_territoire":"Aubazat (commune non irisée)"}},
{"type":"Feature","geometry":{"type":"Polygon","coordinates":[[[4.23938,45.38502],[4.23373,45.38872],[4.22657,45.39018],[4.21991,45.38773],[4.21845,45.38481],[4.20463,45.38593],[4.20223,45.3814],[4.17806,45.39283],[4.17161,45.38985],[4.1624,45.38923],[4.16151,45.38727],[4.17109,45.38342],[4.17411,45.3737],[4.16844,45.37449],[4.16004,45.37263],[4.16999,45.36959],[4.17097,45.36122],[4.17908,45.35418],[4.19614,45.34982],[4.19112,45.34602],[4.19014,45.34131],[4.20046,45.34081],[4.21575,45.34851],[4.22259,45.34865],[4.223,45.35188],[4.22621,45.35117],[4.22937,45.35237],[4.22884,45.35413],[4.2359,45.35494],[4.23969,45.36185],[4.24296,45.3613],[4.24278,45.36415],[4.24682,45.36444],[4.24208,45.36723],[4.24093,45.3733],[4.23761,45.37239],[4.23871,45.37738],[4.23544,45.37992],[4.24311,45.38248],[4.23938,45.38502]]]},"properties":{"code_territoire":"iris430120000","libelle_territoire":"Aurec-sur-Loire (commune non irisée)"}},
{"type":"Feature","geometry":{"type":"Polygon","coordinates":[[[3.86015,45.16773],[3.85235,45.17054],[3.85476,45.17672],[3.85991,45.17939],[3.86129,45.19319],[3.85218,45.19627],[3.8516,45.19269],[3.84405,45.19186],[3.84325,45.20289],[3.84033,45.20371],[3.83353,45.19965],[3.82889,45.20002],[3.83185,45.19767],[3.8342,45.18548],[3.82545,45.18195],[3.82439,45.18679],[3.81711,45.18616],[3.80217,45.17965],[3.80077,45.17611],[3.79905,45.17392],[3.79972,45.15883],[3.80579,45.15278],[3.80937,45.15418],[3.81018,45.15134],[3.81709,45.15296],[3.82141,45.15043],[3.82861,45.15326],[3.83304,45.15257],[3.84041,45.1617],[3.84566,45.16304],[3.85206,45.16079],[3.85432,45.16485],[3.85864,45.16324],[3.8573,45.16545],[3.86015,45.16773]]]},"properties":{"code_territoire":"iris431870000","libelle_territoire":"Saint-Geneys-près-Saint-Paulien (commune non irisée)"}},
{"type":"Feature","geometry":{"type":"Polygon","coordinates":[[[3.5975,45.13069],[3.60512,45.13365],[3.60568,45.13716],[3.61303,45.14098],[3.60713,45.14676],[3.60434,45.14531],[3.59766,45.14738],[3.59228,45.14518],[3.57499,45.14534],[3.56848,45.15367],[3.56016,45.15787],[3.5549,45.16339],[3.562,45.16804],[3.55741,45.17582],[3.52687,45.18733],[3.5261,45.19013],[3.52333,45.18925],[3.51945,45.18826],[3.51967,45.18331],[3.51519,45.18192],[3.51402,45.18312],[3.50968,45.18004],[3.51295,45.17601],[3.50923,45.17223],[3.51428,45.17053],[3.51511,45.16741],[3.51768,45.16655],[3.51635,45.16386],[3.52031,45.15937],[3.53991,45.14866],[3.54736,45.13788],[3.55625,45.14396],[3.57394,45.14164],[3.57814,45.14097],[3.57826,45.13834],[3.58548,45.13882],[3.59093,45.13672],[3.59407,45.13165],[3.5975,45.13069]]]},"properties":{"code_territoire":"iris431880000","libelle_territoire":"Saint-Georges-d'Aurac (commune non irisée)"}},
{"type":"Feature","geometry":{"type":"Polygon","coordinates":[[[3.86485,45.29728],[3.85732,45.28963],[3.86216,45.28327],[3.86775,45.28334],[3.86973,45.27963],[3.86804,45.27258],[3.87786,45.27022],[3.88296,45.27386],[3.88498,45.27312],[3.8855,45.27658],[3.89149,45.27722],[3.89672,45.28137],[3.90444,45.27956],[3.91016,45.27968],[3.90702,45.28493],[3.90453,45.2843],[3.90241,45.28631],[3.90407,45.28587],[3.90552,45.29094],[3.90391,45.29896],[3.90725,45.29999],[3.90542,45.30438],[3.90762,45.31619],[3.91205,45.31638],[3.91486,45.32222],[3.91195,45.32935],[3.90622,45.32869],[3.90603,45.33318],[3.90262,45.3387],[3.89327,45.33759],[3.89072,45.34026],[3.887,45.33321],[3.87905,45.32706],[3.87139,45.31189],[3.87014,45.30059],[3.86485,45.29728]]]},"properties":{"code_territoire":"iris431890000","libelle_territoire":"Saint-Georges-Lagricol (commune non irisée)"}},
{"type":"Feature","geometry":{"type":"Polygon","coordinates":[[[3.5975,45.13069],[3.59592,45.12581],[3.59084,45.12627],[3.59331,45.12],[3.58855,45.11621],[3.59154,45.11182],[3.57891,45.10736],[3.57954,45.10556],[3.57534,45.09971],[3.58147,45.09508],[3.5818,45.08997],[3.58985,45.08841],[3.59477,45.08969],[3.59446,45.09682],[3.6006,45.09846],[3.60603,45.11013],[3.61201,45.11612],[3.6217,45.11377],[3.6245,45.11838],[3.63814,45.10943],[3.64922,45.10861],[3.65608,45.10524],[3.67316,45.10426],[3.67895,45.10938],[3.67226,45.11934],[3.66992,45.12044],[3.6626,45.11653],[3.66136,45.11956],[3.65379,45.12185],[3.65074,45.12773],[3.6482,45.12785],[3.64979,45.13328],[3.64398,45.13293],[3.64613,45.13554],[3.64299,45.13857],[3.63904,45.13645],[3.6373,45.13779],[3.62432,45.13013],[3.6161,45.13219],[3.61369,45.13066],[3.60512,45.13365],[3.5975,45.13069]]]},"properties":{"code_territoire":"iris430130000","libelle_territoire":"Vissac-Auteyrac (commune non irisée)"}},
{"type":"Feature","geometry":{"type":"Polygon","coordinates":[[[3.97498,45.00554],[3.97897,45.00615],[3.98411,45.00324],[4,45.01745],[4.00461,45.01696],[4.00528,45.01888],[4.00854,45.01448],[4.01267,45.015],[4.01886,45.0091],[4.0256,45.00726],[4.03121,45.00254],[4.03903,45.00178],[4.04362,44.99761],[4.04786,44.99953],[4.04914,45.00405],[4.04311,45.01306],[4.03173,45.02254],[4.00359,45.02901],[3.99215,45.04279],[3.98402,45.04621],[3.98377,45.04952],[3.95939,45.0557],[3.9541,45.06182],[3.95105,45.05959],[3.94618,45.05983],[3.94488,45.06213],[3.94758,45.06597],[3.9467,45.06813],[3.94253,45.0688],[3.94333,45.07097],[3.93658,45.06794],[3.93402,45.07293],[3.92785,45.0683],[3.92175,45.06947],[3.92439,45.06267],[3.91825,45.05922],[3.91998,45.05581],[3.92945,45.05522],[3.94163,45.04984],[3.93971,45.04213],[3.94213,45.04025],[3.9366,45.03908],[3.93927,45.03587],[3.93634,45.03323],[3.96579,45.02315],[3.96661,45.01219],[3.97498,45.00554]]]},"properties":{"code_territoire":"iris431900000","libelle_territoire":"Saint-Germain-Laprade (commune non irisée)"}},
{"type":"Feature","geometry":{"type":"Polygon","coordinates":[[[3.27875,45.35935],[3.27813,45.34936],[3.27943,45.34175],[3.27733,45.33768],[3.28025,45.33727],[3.28611,45.31943],[3.2883,45.32166],[3.29231,45.31101],[3.29143,45.30754],[3.29527,45.30728],[3.2942,45.30538],[3.30321,45.308],[3.30675,45.30688],[3.31317,45.31513],[3.31538,45.31707],[3.31253,45.32416],[3.30058,45.32662],[3.30187,45.32886],[3.2982,45.33283],[3.29814,45.33774],[3.30111,45.33858],[3.30146,45.33668],[3.30839,45.34279],[3.30095,45.34957],[3.30444,45.35359],[3.29981,45.3621],[3.29216,45.3608],[3.28227,45.36263],[3.27875,45.35935]]]},"properties":{"code_territoire":"iris431910000","libelle_territoire":"Saint-Géron (commune non irisée)"}},
{"type":"Feature","geometry":{"type":"Polygon","coordinates":[[[3.11323,45.32731],[3.12029,45.32617],[3.13541,45.31863],[3.13654,45.31581],[3.14297,45.31501],[3.14443,45.31783],[3.14824,45.31676],[3.14452,45.32666],[3.14663,45.33074],[3.13455,45.3351],[3.13723,45.33822],[3.13236,45.339],[3.15233,45.34855],[3.15101,45.35109],[3.14613,45.35028],[3.14345,45.35397],[3.13896,45.35511],[3.13113,45.35079],[3.1262,45.35205],[3.1228,45.35018],[3.11974,45.35292],[3.11018,45.35212],[3.10374,45.35462],[3.10856,45.35155],[3.113,45.35137],[3.10896,45.34461],[3.11278,45.3432],[3.11252,45.33644],[3.11613,45.33366],[3.11243,45.3307],[3.11323,45.32731]]]},"properties":{"code_territoire":"iris430140000","libelle_territoire":"Autrac (commune non irisée)"}},
{"type":"Feature","geometry":{"type":"Polygon","coordinates":[[[3.73546,44.84005],[3.74454,44.83774],[3.74645,44.82976],[3.75191,44.82801],[3.74997,44.82302],[3.75494,44.82018],[3.75587,44.81692],[3.75955,44.81611],[3.7637,44.81882],[3.77625,44.81711],[3.78513,44.82079],[3.78834,44.82482],[3.79316,44.8233],[3.79727,44.82516],[3.79731,44.83203],[3.80284,44.83678],[3.80556,44.84547],[3.81532,44.84479],[3.81221,44.84702],[3.80943,44.85963],[3.80618,44.85894],[3.79829,44.86592],[3.7888,44.86754],[3.78607,44.86969],[3.78648,44.87365],[3.78065,44.87643],[3.77748,44.87209],[3.77425,44.87185],[3.77441,44.8741],[3.77191,44.87306],[3.77249,44.87593],[3.75666,44.8768],[3.75734,44.87883],[3.75044,44.88602],[3.75112,44.88891],[3.75592,44.89045],[3.75327,44.8927],[3.73405,44.88863],[3.72886,44.89262],[3.72271,44.89351],[3.7206,44.89282],[3.72341,44.88792],[3.71763,44.88377],[3.71843,44.88227],[3.71446,44.8841],[3.71529,44.88153],[3.70855,44.88053],[3.70882,44.87809],[3.70577,44.87998],[3.70337,44.87812],[3.69984,44.87914],[3.6954,44.87573],[3.69755,44.87524],[3.70109,44.87705],[3.70716,44.87075],[3.71648,44.86957],[3.71883,44.86599],[3.71735,44.8617],[3.73707,44.85842],[3.73552,44.85338],[3.73802,44.8488],[3.73328,44.84764],[3.73993,44.84567],[3.74043,44.8437],[3.73546,44.84005]]]},"properties":{"code_territoire":"iris431920000","libelle_territoire":"Saint-Haon (commune non irisée)"}},
{"type":"Feature","geometry":{"type":"Polygon","coordinates":[[[3.45592,45.4004],[3.44948,45.40341],[3.43652,45.40077],[3.42527,45.40183],[3.42033,45.39737],[3.41549,45.39313],[3.41493,45.38206],[3.41031,45.38125],[3.40686,45.37707],[3.41018,45.37494],[3.41063,45.3679],[3.42694,45.37134],[3.42803,45.36857],[3.4212,45.36215],[3.42455,45.36061],[3.43461,45.36295],[3.44014,45.36712],[3.46373,45.36836],[3.46595,45.3736],[3.47989,45.3681],[3.4842,45.37653],[3.48016,45.38126],[3.48098,45.38373],[3.46947,45.378],[3.46331,45.38381],[3.45066,45.38637],[3.4482,45.39462],[3.45592,45.4004]]]},"properties":{"code_territoire":"iris431930000","libelle_territoire":"Saint-Hilaire (commune non irisée)"}},
{"type":"Feature","geometry":{"type":"Polygon","coordinates":[[[3.37273,44.97575],[3.38006,44.97934],[3.40028,44.97613],[3.40633,44.98262],[3.4113,44.98444],[3.41308,44.98965],[3.43207,45.00285],[3.44454,45.00513],[3.43906,45.00975],[3.4288,45.01126],[3.42528,45.00929],[3.4201,45.01075],[3.41742,45.00885],[3.41307,45.01269],[3.40805,45.01223],[3.40638,45.01517],[3.40951,45.01588],[3.411,45.01901],[3.40734,45.0178],[3.40536,45.0203],[3.39946,45.01976],[3.39444,45.02541],[3.38849,45.02504],[3.38058,45.02116],[3.37781,45.02216],[3.37567,45.01318],[3.3785,45.00953],[3.37471,45.00172],[3.37145,45.00231],[3.36453,44.99037],[3.34723,44.9877],[3.34545,44.98513],[3.34914,44.97671],[3.34788,44.97388],[3.36232,44.97132],[3.37273,44.97575]]]},"properties":{"code_territoire":"iris430150000","libelle_territoire":"Auvers (commune non irisée)"}},
{"type":"Feature","geometry":{"type":"Polygon","coordinates":[[[4.02945,45.10068],[4.02673,45.09279],[4.02756,45.08302],[4.02521,45.07858],[4.01794,45.07431],[4.01898,45.07178],[4.02352,45.07035],[4.02784,45.06353],[4.03623,45.06344],[4.04387,45.05796],[4.04937,45.06126],[4.05436,45.05973],[4.05748,45.0661],[4.06814,45.0671],[4.06638,45.06806],[4.07214,45.06843],[4.08329,45.0767],[4.08195,45.08132],[4.08394,45.08438],[4.08026,45.08753],[4.05391,45.08842],[4.05502,45.09133],[4.05282,45.09319],[4.044,45.09238],[4.02945,45.10068]]]},"properties":{"code_territoire":"iris431940000","libelle_territoire":"Saint-Hostien (commune non irisée)"}},
{"type":"Feature","geometry":{"type":"Polygon","coordinates":[[[3.39849,45.23006],[3.39909,45.228],[3.39272,45.22496],[3.39258,45.21982],[3.39774,45.21466],[3.39948,45.20498],[3.3963,45.20178],[3.38711,45.19884],[3.38554,45.19451],[3.38626,45.18878],[3.39079,45.18533],[3.38853,45.18068],[3.39145,45.17844],[3.40116,45.17836],[3.406,45.18214],[3.41178,45.17923],[3.41272,45.17573],[3.42139,45.18052],[3.42988,45.1837],[3.42661,45.18928],[3.42878,45.19281],[3.42235,45.19828],[3.41613,45.19959],[3.41559,45.20445],[3.41823,45.20603],[3.41294,45.20733],[3.4164,45.21008],[3.41357,45.21201],[3.41826,45.22015],[3.41512,45.22662],[3.4119,45.22786],[3.4053,45.22719],[3.39849,45.23006]]]},"properties":{"code_territoire":"iris431950000","libelle_territoire":"Saint-Ilpize (commune non irisée)"}},
{"type":"Feature","geometry":{"type":"Polygon","coordinates":[[[3.83697,45.3665],[3.83396,45.375],[3.83768,45.37596],[3.83624,45.38308],[3.8223,45.38014],[3.82106,45.38498],[3.8106,45.3886],[3.80779,45.39168],[3.80218,45.39174],[3.7953,45.38371],[3.7914,45.38477],[3.78963,45.37534],[3.78522,45.37049],[3.79063,45.36405],[3.78726,45.36071],[3.78976,45.36056],[3.79005,45.35388],[3.77949,45.35477],[3.78023,45.35161],[3.78748,45.35192],[3.79747,45.34416],[3.79628,45.34273],[3.80267,45.33647],[3.81186,45.33301],[3.81539,45.3339],[3.8119,45.33439],[3.8127,45.33683],[3.81897,45.33824],[3.8158,45.34403],[3.81892,45.34638],[3.8266,45.3434],[3.83073,45.34513],[3.83182,45.34307],[3.83711,45.34343],[3.83664,45.34924],[3.83056,45.35548],[3.83325,45.35886],[3.83195,45.36168],[3.83697,45.3665]]]},"properties":{"code_territoire":"iris431960000","libelle_territoire":"Saint-Jean-d'Aubrigoux (commune non irisée)"}},
{"type":"Feature","geometry":{"type":"Polygon","coordinates":[[[3.42033,45.39737],[3.41872,45.40067],[3.41419,45.39991],[3.4056,45.40366],[3.40269,45.4],[3.39829,45.40109],[3.39627,45.39951],[3.3919,45.40366],[3.38509,45.40377],[3.3812,45.39976],[3.36733,45.41113],[3.3638,45.40158],[3.35781,45.39507],[3.35063,45.38986],[3.34226,45.39212],[3.3435,45.39059],[3.33859,45.38895],[3.34243,45.38706],[3.34405,45.37837],[3.35544,45.37373],[3.36347,45.36456],[3.36865,45.36425],[3.37777,45.36997],[3.39154,45.36939],[3.39043,45.38126],[3.39236,45.38246],[3.40248,45.38287],[3.40686,45.37707],[3.41031,45.38125],[3.41493,45.38206],[3.41549,45.39313],[3.42033,45.39737]]]},"properties":{"code_territoire":"iris430160000","libelle_territoire":"Auzon (commune non irisée)"}},
{"type":"Feature","geometry":{"type":"Polygon","coordinates":[[[3.64984,45.04888],[3.65627,45.04604],[3.66473,45.04667],[3.66685,45.04521],[3.67223,45.04766],[3.6741,45.04594],[3.67622,45.0469],[3.6763,45.0412],[3.68091,45.04131],[3.6824,45.03686],[3.67722,45.0371],[3.67845,45.03343],[3.67202,45.03181],[3.68506,45.02891],[3.68691,45.03007],[3.69167,45.02634],[3.69641,45.02813],[3.7044,45.02599],[3.70665,45.02778],[3.70337,45.02904],[3.70194,45.03654],[3.7073,45.04041],[3.70432,45.0457],[3.71009,45.04777],[3.70634,45.0517],[3.7157,45.05177],[3.71774,45.05546],[3.71693,45.05808],[3.72234,45.0616],[3.71711,45.06483],[3.73052,45.07024],[3.7264,45.08033],[3.72086,45.08079],[3.72165,45.08384],[3.7121,45.08568],[3.71025,45.09024],[3.70337,45.09522],[3.69592,45.09158],[3.69092,45.09293],[3.68168,45.10236],[3.67895,45.10938],[3.67316,45.10426],[3.67638,45.10097],[3.67169,45.09823],[3.66867,45.0914],[3.67,45.08907],[3.66541,45.08453],[3.67093,45.07642],[3.66485,45.06895],[3.65648,45.06382],[3.64929,45.04906],[3.64984,45.04888]]]},"properties":{"code_territoire":"iris431970000","libelle_territoire":"Saint-Jean-de-Nay (commune non irisée)"}},
{"type":"Feature","geometry":{"type":"Polygon","coordinates":[[[3.67518,44.94996],[3.68262,44.94518],[3.68751,44.9367],[3.69304,44.93507],[3.68617,44.93375],[3.68845,44.92797],[3.68685,44.92164],[3.69973,44.91793],[3.69796,44.91629],[3.70137,44.91209],[3.69912,44.91061],[3.71066,44.90745],[3.7118,44.91185],[3.72005,44.91689],[3.73528,44.91687],[3.7444,44.91931],[3.76905,44.91799],[3.76917,44.92655],[3.76613,44.92879],[3.76484,44.93638],[3.76511,44.94297],[3.75944,44.95229],[3.75747,44.95478],[3.75249,44.95364],[3.74942,44.96091],[3.74704,44.96332],[3.74343,44.9625],[3.73831,44.96884],[3.74054,44.97014],[3.73494,44.97106],[3.72591,44.97734],[3.71931,44.97758],[3.71538,44.98195],[3.71013,44.97824],[3.70413,44.97804],[3.7028,44.97559],[3.70712,44.97257],[3.70282,44.9714],[3.70127,44.96431],[3.6954,44.95891],[3.69623,44.95532],[3.68504,44.95028],[3.67518,44.94996]]]},"properties":{"code_territoire":"iris431980000","libelle_territoire":"Saint-Jean-Lachalm (commune non irisée)"}},
{"type":"Feature","geometry":{"type":"Polygon","coordinates":[[[3.39445,45.32304],[3.39992,45.32643],[3.40817,45.32759],[3.41371,45.33403],[3.41667,45.33492],[3.41777,45.33852],[3.42601,45.34167],[3.42283,45.34324],[3.42126,45.35127],[3.42662,45.35487],[3.42455,45.36061],[3.4212,45.36215],[3.42803,45.36857],[3.42694,45.37134],[3.41063,45.3679],[3.41018,45.37494],[3.40686,45.37707],[3.40248,45.38287],[3.39236,45.38246],[3.39043,45.38126],[3.39154,45.36939],[3.37777,45.36997],[3.36865,45.36425],[3.36393,45.35976],[3.36586,45.35504],[3.37002,45.354],[3.37546,45.3482],[3.38015,45.3475],[3.38162,45.34273],[3.38863,45.33825],[3.38758,45.32722],[3.39445,45.32304]]]},"properties":{"code_territoire":"iris430170000","libelle_territoire":"Azérat (commune non irisée)"}},
{"type":"Feature","geometry":{"type":"Polygon","coordinates":[[[4.20635,45.06684],[4.21082,45.07042],[4.21672,45.06839],[4.22953,45.07438],[4.23897,45.0716],[4.24736,45.07853],[4.24879,45.08704],[4.25162,45.08753],[4.253,45.09899],[4.24367,45.10689],[4.24099,45.121],[4.23785,45.11981],[4.23259,45.12319],[4.22697,45.12048],[4.22179,45.12034],[4.22202,45.12177],[4.22049,45.12045],[4.21638,45.12258],[4.20853,45.12154],[4.2107,45.13789],[4.2048,45.142],[4.20755,45.14748],[4.21164,45.14832],[4.21279,45.1525],[4.2033,45.15381],[4.20293,45.15522],[4.19965,45.15746],[4.19444,45.1565],[4.19438,45.1446],[4.18409,45.14078],[4.18215,45.13786],[4.18824,45.13437],[4.18006,45.12024],[4.184,45.11739],[4.1816,45.1132],[4.17904,45.11335],[4.17878,45.10592],[4.17273,45.10583],[4.16969,45.10324],[4.1761,45.09741],[4.18882,45.09148],[4.19189,45.08065],[4.18981,45.07582],[4.19363,45.07159],[4.20635,45.06684]]]},"properties":{"code_territoire":"iris431990000","libelle_territoire":"Saint-Jeures (commune non irisée)"}},
{"type":"Feature","geometry":{"type":"Polygon","coordinates":[[[4.04362,44.99761],[4.05477,44.99328],[4.0594,44.99312],[4.07236,44.99542],[4.0696,44.99906],[4.07288,45.00245],[4.07117,45.00621],[4.07483,45.0057],[4.07945,45.01479],[4.08627,45.01744],[4.09335,45.01182],[4.11867,45.02026],[4.1179,45.02239],[4.11324,45.02331],[4.11132,45.02924],[4.11923,45.03281],[4.11564,45.0379],[4.12371,45.04716],[4.11021,45.05394],[4.09895,45.05408],[4.09769,45.05789],[4.09419,45.05912],[4.09283,45.05664],[4.08867,45.06267],[4.08503,45.06247],[4.07648,45.05904],[4.07016,45.05987],[4.06797,45.0546],[4.06423,45.05277],[4.06056,45.04308],[4.05323,45.04308],[4.04555,45.03668],[4.04912,45.01863],[4.04274,45.01591],[4.04311,45.01306],[4.04914,45.00405],[4.04786,44.99953],[4.04362,44.99761]]]},"properties":{"code_territoire":"iris432000000","libelle_territoire":"Saint-Julien-Chapteuil (commune non irisée)"}},
{"type":"Feature","geometry":{"type":"Polygon","coordinates":[[[3.79505,44.97018],[3.79629,44.9749],[3.79555,44.97612],[3.79045,44.97482],[3.78652,44.98799],[3.7929,44.98937],[3.79413,44.99355],[3.8039,45.0009],[3.80453,45.0047],[3.81327,45.0075],[3.81134,45.01101],[3.80851,45.01697],[3.80947,45.02725],[3.79866,45.02891],[3.79461,45.02676],[3.78917,45.03047],[3.77788,45.02628],[3.77525,45.02759],[3.77198,45.02201],[3.76807,45.02345],[3.75871,45.02109],[3.75909,45.02339],[3.75259,45.02615],[3.74515,45.01883],[3.74597,45.01725],[3.74205,45.01562],[3.74333,45.0133],[3.74066,45.01033],[3.73541,45.01127],[3.72967,45.00754],[3.71589,45.00577],[3.71538,44.98195],[3.71931,44.97758],[3.72591,44.97734],[3.73494,44.97106],[3.74054,44.97014],[3.73831,44.96884],[3.74343,44.9625],[3.74704,44.96332],[3.74942,44.96091],[3.75249,44.95364],[3.75747,44.95478],[3.75944,44.95229],[3.76809,44.96247],[3.7611,44.9617],[3.75687,44.97021],[3.76712,44.97883],[3.7719,44.97676],[3.77354,44.97884],[3.7729,44.97643],[3.7789,44.97422],[3.77308,44.97119],[3.77399,44.96955],[3.7661,44.96398],[3.76766,44.96297],[3.77505,44.96837],[3.77925,44.9683],[3.78155,44.96499],[3.7841,44.96745],[3.78649,44.96598],[3.79505,44.97018]]]},"properties":{"code_territoire":"iris430180000","libelle_territoire":"Bains (commune non irisée)"}},
{"type":"Feature","geometry":{"type":"Polygon","coordinates":[[[3.9579,45.29891],[3.95373,45.30142],[3.95719,45.30263],[3.95269,45.30615],[3.93832,45.306],[3.93966,45.30889],[3.93655,45.31157],[3.94053,45.31208],[3.94244,45.31632],[3.94017,45.31674],[3.93915,45.32196],[3.93465,45.32232],[3.93856,45.32699],[3.93829,45.33016],[3.93454,45.33246],[3.93643,45.33665],[3.93211,45.33964],[3.92698,45.33801],[3.91935,45.34192],[3.90603,45.33318],[3.90622,45.32869],[3.91195,45.32935],[3.91486,45.32222],[3.91205,45.31638],[3.90762,45.31619],[3.90542,45.30438],[3.90725,45.29999],[3.90391,45.29896],[3.90552,45.29094],[3.90407,45.28587],[3.90241,45.28631],[3.90453,45.2843],[3.90702,45.28493],[3.91016,45.27968],[3.90444,45.27956],[3.90872,45.27001],[3.91892,45.27197],[3.92471,45.27643],[3.93155,45.28943],[3.93408,45.28901],[3.93218,45.28516],[3.93381,45.28217],[3.93872,45.28578],[3.94747,45.2872],[3.94185,45.29115],[3.9426,45.29328],[3.94108,45.29227],[3.93557,45.29489],[3.93727,45.29665],[3.9414,45.29782],[3.94319,45.2955],[3.94104,45.29635],[3.94021,45.29482],[3.94369,45.2941],[3.9579,45.29891]]]},"properties":{"code_territoire":"iris432010000","libelle_territoire":"Saint-Julien-d'Ance (commune non irisée)"}},
{"type":"Feature","geometry":{"type":"Polygon","coordinates":[[[3.54773,45.04565],[3.55717,45.04045],[3.55695,45.03798],[3.56595,45.03967],[3.57093,45.03671],[3.57511,45.04009],[3.57764,45.03756],[3.58716,45.03705],[3.5892,45.03364],[3.59013,45.03573],[3.59795,45.03498],[3.59969,45.03719],[3.59357,45.03897],[3.59321,45.04463],[3.59633,45.04734],[3.58551,45.05246],[3.591,45.05685],[3.58507,45.06191],[3.58075,45.06052],[3.58456,45.0644],[3.56801,45.06119],[3.57048,45.05951],[3.56879,45.05663],[3.56193,45.056],[3.56116,45.0506],[3.55532,45.04679],[3.54927,45.04723],[3.54773,45.04565]]]},"properties":{"code_territoire":"iris432020000","libelle_territoire":"Saint-Julien-des-Chazes (commune non irisée)"}},
{"type":"Feature","geometry":{"type":"Polygon","coordinates":[[[4.05589,45.17481],[4.04979,45.18135],[4.04619,45.18157],[4.04449,45.17877],[4.0395,45.182],[4.03671,45.18097],[4.03563,45.18366],[4.0235,45.17652],[4.03635,45.16986],[4.03763,45.16526],[4.03209,45.16055],[4.03121,45.154],[4.02841,45.15269],[4.0298,45.14853],[4.02637,45.14906],[4.02324,45.14597],[4.02431,45.14413],[4.02531,45.14238],[4.03148,45.14261],[4.02837,45.13131],[4.04505,45.12594],[4.04647,45.12177],[4.04305,45.11773],[4.05444,45.10899],[4.06925,45.12043],[4.07168,45.13386],[4.06508,45.13338],[4.06127,45.1388],[4.06398,45.14056],[4.06344,45.1514],[4.06289,45.15928],[4.05431,45.16447],[4.06336,45.16994],[4.05589,45.17481]]]},"properties":{"code_territoire":"iris432030000","libelle_territoire":"Saint-Julien-du-Pinet (commune non irisée)"}},
{"type":"Feature","geometry":{"type":"Polygon","coordinates":[[[4.41654,45.16535],[4.45807,45.16888],[4.4592,45.17481],[4.47254,45.17941],[4.47292,45.18536],[4.48074,45.19557],[4.47756,45.20062],[4.47685,45.21166],[4.48148,45.21606],[4.47686,45.22191],[4.45889,45.21953],[4.45395,45.20856],[4.44794,45.20228],[4.43893,45.20168],[4.43554,45.19918],[4.41804,45.20328],[4.40998,45.1985],[4.40471,45.19967],[4.40021,45.19774],[4.3864,45.20318],[4.38515,45.19909],[4.37921,45.19685],[4.3857,45.19543],[4.38259,45.19066],[4.38852,45.18206],[4.40517,45.17572],[4.41654,45.16535]]]},"properties":{"code_territoire":"iris432040000","libelle_territoire":"Saint-Julien-Molhesabate (commune non irisée)"}},
{"type":"Feature","geometry":{"type":"Polygon","coordinates":[[[3.89379,44.82013],[3.89756,44.8213],[3.8987,44.83163],[3.90222,44.83276],[3.90275,44.83567],[3.91231,44.83886],[3.91921,44.83892],[3.91673,44.84039],[3.90658,44.83992],[3.90593,44.84148],[3.90224,44.84054],[3.89819,44.84284],[3.89265,44.84126],[3.89044,44.84403],[3.87995,44.84574],[3.87309,44.84591],[3.85839,44.83857],[3.86419,44.83159],[3.87293,44.82661],[3.87985,44.82143],[3.89379,44.82013]]]},"properties":{"code_territoire":"iris430190000","libelle_territoire":"Barges (commune non irisée)"}},
{"type":"Feature","geometry":{"type":"Polygon","coordinates":[[[4.27126,45.3599],[4.26668,45.35726],[4.26781,45.35458],[4.28012,45.34966],[4.28393,45.34385],[4.29298,45.34373],[4.30814,45.3291],[4.31884,45.32915],[4.32029,45.32463],[4.32419,45.32345],[4.32352,45.31543],[4.33169,45.31848],[4.36238,45.33736],[4.36807,45.33714],[4.35949,45.35025],[4.34688,45.36203],[4.33348,45.36855],[4.30806,45.37144],[4.30922,45.3635],[4.30642,45.36163],[4.30281,45.36076],[4.30122,45.36761],[4.298,45.36809],[4.29698,45.36583],[4.29519,45.36767],[4.29312,45.36627],[4.29686,45.35938],[4.29048,45.35997],[4.28884,45.35803],[4.28614,45.36124],[4.28717,45.35568],[4.28371,45.35754],[4.2852,45.3601],[4.2808,45.35806],[4.28149,45.36104],[4.2794,45.36161],[4.2754,45.3582],[4.27126,45.3599]]]},"properties":{"code_territoire":"iris432050000","libelle_territoire":"Saint-Just-Malmont (commune non irisée)"}},
{"type":"Feature","geometry":{"type":"Polygon","coordinates":[[[3.36556,45.20445],[3.37488,45.20641],[3.37215,45.2127],[3.37414,45.21657],[3.38524,45.21542],[3.38119,45.21941],[3.38526,45.22316],[3.38489,45.22617],[3.38168,45.22924],[3.3874,45.2389],[3.38154,45.23943],[3.37756,45.24158],[3.37782,45.24387],[3.37374,45.24135],[3.36681,45.24564],[3.3646,45.24399],[3.36518,45.24796],[3.3621,45.24659],[3.35433,45.25294],[3.34959,45.25173],[3.34843,45.25455],[3.35176,45.25904],[3.35782,45.25934],[3.36381,45.26276],[3.36316,45.26802],[3.35933,45.26741],[3.35941,45.26884],[3.35381,45.26997],[3.35457,45.27802],[3.34023,45.27021],[3.33512,45.2708],[3.33024,45.26439],[3.32207,45.26409],[3.31869,45.26594],[3.30766,45.25556],[3.29391,45.25438],[3.28699,45.25084],[3.28428,45.24685],[3.27979,45.24785],[3.27521,45.24578],[3.27569,45.24297],[3.26972,45.23577],[3.27117,45.23206],[3.27877,45.23207],[3.27728,45.22669],[3.28652,45.22977],[3.28847,45.22566],[3.29114,45.22536],[3.28739,45.22218],[3.29164,45.22018],[3.2981,45.22206],[3.30012,45.2184],[3.29718,45.21685],[3.29601,45.20836],[3.29781,45.20947],[3.29957,45.20797],[3.30223,45.20305],[3.30586,45.2067],[3.30832,45.20569],[3.30888,45.2011],[3.30554,45.19928],[3.30551,45.19529],[3.31753,45.19696],[3.31776,45.19479],[3.32288,45.19619],[3.32281,45.19493],[3.33796,45.19386],[3.34528,45.19891],[3.34846,45.20672],[3.35799,45.2114],[3.36071,45.20806],[3.36373,45.20867],[3.36556,45.20445]]]},"properties":{"code_territoire":"iris432060000","libelle_territoire":"Saint-Just-près-Brioude (commune non irisée)"}},
{"type":"Feature","geometry":{"type":"Polygon","coordinates":[[[4.14301,45.28715],[4.14578,45.30493],[4.135,45.31157],[4.14503,45.31267],[4.15228,45.31585],[4.15799,45.3228],[4.15428,45.32875],[4.15397,45.3291],[4.14484,45.33318],[4.13784,45.34241],[4.12988,45.34622],[4.11998,45.34743],[4.10795,45.35473],[4.0989,45.35956],[4.08131,45.35848],[4.08232,45.35595],[4.07647,45.35468],[4.08052,45.35166],[4.07503,45.35203],[4.0785,45.34489],[4.07667,45.33901],[4.07308,45.33939],[4.07081,45.33605],[4.0764,45.33203],[4.06988,45.32988],[4.06332,45.32304],[4.06938,45.31652],[4.06591,45.31349],[4.07786,45.30595],[4.08352,45.29874],[4.07305,45.30206],[4.06784,45.30065],[4.05819,45.28702],[4.05933,45.28009],[4.06539,45.28018],[4.06634,45.27745],[4.0707,45.27823],[4.07441,45.27629],[4.07816,45.27812],[4.08666,45.27399],[4.09824,45.27546],[4.10339,45.28174],[4.11553,45.28611],[4.11863,45.29183],[4.12834,45.28892],[4.13377,45.28477],[4.13852,45.28557],[4.13954,45.28756],[4.14301,45.28715]]]},"properties":{"code_territoire":"iris430200000","libelle_territoire":"Bas-en-Basset (commune non irisée)"}},
{"type":"Feature","geometry":{"type":"Polygon","coordinates":[[[3.36381,45.26276],[3.37235,45.26664],[3.37873,45.27455],[3.37411,45.28231],[3.37113,45.28211],[3.36877,45.28462],[3.35731,45.28473],[3.3539,45.28433],[3.3511,45.28832],[3.34731,45.28776],[3.34368,45.29222],[3.33719,45.2935],[3.33028,45.28766],[3.33259,45.28712],[3.33276,45.27912],[3.32895,45.27675],[3.32517,45.27822],[3.31458,45.2759],[3.31325,45.27433],[3.31869,45.26594],[3.32207,45.26409],[3.33024,45.26439],[3.33512,45.2708],[3.34023,45.27021],[3.35457,45.27802],[3.35381,45.26997],[3.35941,45.26884],[3.35933,45.26741],[3.36316,45.26802],[3.36381,45.26276]]]},"properties":{"code_territoire":"iris432070000","libelle_territoire":"Saint-Laurent-Chabreuges (commune non irisée)"}},
{"type":"Feature","geometry":{"type":"Polygon","coordinates":[[[3.5767,45.22879],[3.57888,45.21468],[3.57001,45.2062],[3.5672,45.20019],[3.57347,45.19486],[3.57189,45.1903],[3.58519,45.1982],[3.59434,45.20058],[3.59626,45.20384],[3.60028,45.20458],[3.58859,45.2164],[3.58512,45.2266],[3.58658,45.23041],[3.58069,45.23492],[3.5767,45.22879]]]},"properties":{"code_territoire":"iris432080000","libelle_territoire":"Sainte-Marguerite (commune non irisée)"}},
{"type":"Feature","geometry":{"type":"Polygon","coordinates":[[[3.97389,44.91228],[3.96905,44.9136],[3.97203,44.9159],[3.97139,44.92054],[3.96361,44.92684],[3.96584,44.93003],[3.96358,44.9333],[3.96685,44.9346],[3.96219,44.93574],[3.95566,44.93447],[3.95179,44.93651],[3.9494,44.92803],[3.94791,44.92641],[3.94646,44.92818],[3.94426,44.92689],[3.9423,44.92162],[3.93829,44.92432],[3.93857,44.92746],[3.92811,44.93118],[3.92667,44.92935],[3.92106,44.9352],[3.915,44.93306],[3.91732,44.93043],[3.91027,44.92203],[3.91704,44.91977],[3.91567,44.91679],[3.91924,44.91551],[3.91927,44.91337],[3.92222,44.90729],[3.91733,44.90217],[3.93558,44.88886],[3.93805,44.88307],[3.94551,44.88272],[3.94775,44.8806],[3.95119,44.8765],[3.95844,44.87508],[3.97062,44.88125],[3.9725,44.88475],[3.96924,44.88518],[3.9692,44.88709],[3.97343,44.89058],[3.96971,44.88966],[3.96622,44.89131],[3.97297,44.89599],[3.9632,44.90209],[3.96553,44.90659],[3.97078,44.90515],[3.97389,44.91228]]]},"properties":{"code_territoire":"iris432100000","libelle_territoire":"Saint-Martin-de-Fugères (commune non irisée)"}},
{"type":"Feature","geometry":{"type":"Polygon","coordinates":[[[4.17811,45.22483],[4.17398,45.22774],[4.15656,45.22871],[4.1546,45.23389],[4.1585,45.23627],[4.15587,45.23826],[4.15805,45.24059],[4.15279,45.24173],[4.14307,45.24779],[4.14409,45.24985],[4.1514,45.25196],[4.15211,45.25447],[4.15133,45.25656],[4.14466,45.25867],[4.1416,45.2564],[4.13194,45.25605],[4.13105,45.2491],[4.12758,45.24684],[4.11802,45.24704],[4.11413,45.2443],[4.10318,45.24399],[4.10002,45.23668],[4.10408,45.23223],[4.10119,45.21435],[4.10287,45.20949],[4.10817,45.20702],[4.10723,45.20318],[4.10973,45.20318],[4.11056,45.20084],[4.10855,45.19734],[4.11343,45.19497],[4.11633,45.19112],[4.12581,45.18877],[4.13633,45.18792],[4.14127,45.19207],[4.14065,45.1953],[4.14763,45.19607],[4.15505,45.19142],[4.15815,45.19209],[4.16025,45.18634],[4.16449,45.19394],[4.16949,45.19513],[4.16778,45.20159],[4.16353,45.20236],[4.16827,45.21084],[4.17275,45.21333],[4.16595,45.21352],[4.16384,45.21743],[4.16615,45.22133],[4.17121,45.22108],[4.17811,45.22483]]]},"properties":{"code_territoire":"iris432110000","libelle_territoire":"Saint-Maurice-de-Lignon (commune non irisée)"}},
{"type":"Feature","geometry":{"type":"Polygon","coordinates":[[[3.91935,45.34192],[3.92698,45.33801],[3.93211,45.33964],[3.93643,45.33665],[3.93454,45.33246],[3.93829,45.33016],[3.93856,45.32699],[3.93465,45.32232],[3.93915,45.32196],[3.94017,45.31674],[3.94244,45.31632],[3.9491,45.32105],[3.95271,45.32033],[3.95445,45.32224],[3.96352,45.32025],[3.97767,45.32544],[3.98018,45.32721],[3.97813,45.33117],[3.98063,45.33542],[3.99041,45.33736],[3.9899,45.33538],[3.99794,45.33549],[4.00548,45.33147],[4.0146,45.33363],[4.00259,45.35557],[3.99164,45.35553],[3.99336,45.36207],[3.99123,45.361],[3.98578,45.36451],[3.98621,45.37154],[3.97688,45.3759],[3.97287,45.37381],[3.96659,45.37424],[3.96695,45.37039],[3.96149,45.37132],[3.96039,45.367],[3.94879,45.3764],[3.945,45.37335],[3.9364,45.37222],[3.93559,45.36574],[3.93346,45.36505],[3.93879,45.36385],[3.93474,45.36288],[3.9353,45.359],[3.93143,45.35756],[3.92475,45.35988],[3.92301,45.35497],[3.9148,45.35402],[3.91429,45.35128],[3.92254,45.34896],[3.92241,45.34663],[3.9178,45.34604],[3.91935,45.34192]]]},"properties":{"code_territoire":"iris432120000","libelle_territoire":"Saint-Pal-de-Chalencon (commune non irisée)"}},
{"type":"Feature","geometry":{"type":"Polygon","coordinates":[[[4.29986,45.27554],[4.2957,45.27537],[4.28603,45.27948],[4.2826,45.27726],[4.28029,45.27822],[4.28178,45.27561],[4.27866,45.26833],[4.26658,45.2731],[4.2629,45.27184],[4.26526,45.26944],[4.26251,45.26762],[4.26313,45.26188],[4.26783,45.25803],[4.26482,45.25572],[4.25892,45.25643],[4.25741,45.25317],[4.25933,45.25094],[4.25398,45.24812],[4.25896,45.2459],[4.25676,45.24423],[4.25914,45.23894],[4.25406,45.23333],[4.25588,45.2316],[4.25114,45.22612],[4.23798,45.21826],[4.24392,45.21645],[4.24393,45.21367],[4.24656,45.21677],[4.24919,45.21485],[4.2492,45.21822],[4.25552,45.21564],[4.25645,45.21925],[4.25995,45.21607],[4.25858,45.21273],[4.26352,45.21416],[4.26818,45.21263],[4.26854,45.20999],[4.27186,45.21235],[4.27554,45.21097],[4.27697,45.21363],[4.27483,45.21618],[4.27733,45.21848],[4.28284,45.21679],[4.28501,45.21324],[4.29241,45.2154],[4.29639,45.21327],[4.30059,45.21457],[4.29906,45.21952],[4.30463,45.22825],[4.31315,45.23234],[4.32036,45.23147],[4.31816,45.23492],[4.32007,45.23587],[4.31771,45.2367],[4.32288,45.23929],[4.3215,45.24098],[4.32469,45.24311],[4.3145,45.24448],[4.30988,45.25666],[4.30276,45.25781],[4.30714,45.26105],[4.29986,45.27554]]]},"properties":{"code_territoire":"iris432130000","libelle_territoire":"Saint-Pal-de-Mons (commune non irisée)"}},
{"type":"Feature","geometry":{"type":"Polygon","coordinates":[[[3.61733,45.26502],[3.61979,45.25724],[3.62541,45.25535],[3.62469,45.24852],[3.62863,45.23793],[3.63158,45.24019],[3.63507,45.23988],[3.64255,45.23563],[3.64119,45.23088],[3.65891,45.22938],[3.66634,45.24063],[3.67558,45.2426],[3.68003,45.24647],[3.67999,45.24869],[3.67078,45.24897],[3.67027,45.25097],[3.66618,45.25008],[3.6638,45.25173],[3.66607,45.25702],[3.66202,45.25958],[3.66878,45.26858],[3.6644,45.2749],[3.66777,45.27503],[3.67092,45.27872],[3.66107,45.27992],[3.65413,45.28437],[3.65164,45.2813],[3.64907,45.2814],[3.64533,45.28449],[3.64594,45.28298],[3.63507,45.27656],[3.62877,45.27922],[3.62188,45.27656],[3.61883,45.26947],[3.61733,45.26502]]]},"properties":{"code_territoire":"iris432140000","libelle_territoire":"Saint-Pal-de-Senouire (commune non irisée)"}},
{"type":"Feature","geometry":{"type":"Polygon","coordinates":[[[3.89379,44.82013],[3.87985,44.82143],[3.87293,44.82661],[3.86388,44.81756],[3.86492,44.81531],[3.86108,44.81067],[3.84516,44.80952],[3.83942,44.80634],[3.84253,44.80205],[3.85301,44.79912],[3.8602,44.78963],[3.85422,44.78758],[3.84978,44.78321],[3.8503,44.77374],[3.86173,44.77632],[3.87466,44.78598],[3.88657,44.78631],[3.893,44.78181],[3.90422,44.78061],[3.91144,44.77561],[3.914,44.76514],[3.92517,44.77027],[3.91931,44.77528],[3.91045,44.77869],[3.91611,44.77985],[3.91933,44.77655],[3.92295,44.77779],[3.92644,44.79152],[3.93727,44.79609],[3.94201,44.80793],[3.94105,44.81636],[3.94435,44.82102],[3.93702,44.81962],[3.93185,44.8132],[3.93117,44.81664],[3.91897,44.81817],[3.91258,44.81287],[3.90782,44.8152],[3.90098,44.81225],[3.89622,44.81393],[3.89379,44.82013]]]},"properties":{"code_territoire":"iris432150000","libelle_territoire":"Saint-Paul-de-Tartas (commune non irisée)"}},
{"type":"Feature","geometry":{"type":"Polygon","coordinates":[[[3.81228,45.09141],[3.81736,45.09317],[3.82039,45.0973],[3.82637,45.09703],[3.82363,45.09943],[3.82954,45.10272],[3.83109,45.1036],[3.82204,45.1168],[3.82701,45.1185],[3.83719,45.12831],[3.84721,45.12619],[3.84708,45.11965],[3.85103,45.11478],[3.85994,45.11569],[3.87162,45.11333],[3.87609,45.1269],[3.87348,45.13469],[3.86799,45.13884],[3.87096,45.14219],[3.87083,45.14586],[3.86681,45.1499],[3.86859,45.16041],[3.85864,45.16324],[3.85432,45.16485],[3.85206,45.16079],[3.84566,45.16304],[3.84041,45.1617],[3.83304,45.15257],[3.82861,45.15326],[3.82141,45.15043],[3.81709,45.15296],[3.81018,45.15134],[3.80937,45.15418],[3.80579,45.15278],[3.79972,45.15883],[3.79905,45.17392],[3.79594,45.17666],[3.79481,45.17411],[3.79229,45.17674],[3.78859,45.17532],[3.78924,45.1683],[3.78543,45.16839],[3.78194,45.16415],[3.77733,45.16538],[3.77583,45.1609],[3.7682,45.15825],[3.77303,45.15337],[3.78656,45.14072],[3.77772,45.13864],[3.78093,45.13131],[3.78067,45.1279],[3.77819,45.12746],[3.78028,45.12507],[3.77765,45.12345],[3.77844,45.11965],[3.77292,45.1183],[3.7734,45.11647],[3.7726,45.11098],[3.781,45.11305],[3.7838,45.1105],[3.78748,45.11256],[3.78818,45.11013],[3.7942,45.10565],[3.79639,45.10818],[3.80567,45.10735],[3.80662,45.10323],[3.80387,45.09858],[3.81082,45.09302],[3.81228,45.09141]]]},"properties":{"code_territoire":"iris432160000","libelle_territoire":"Saint-Paulien (commune non irisée)"}},
{"type":"Feature","geometry":{"type":"Polygon","coordinates":[[[3.85928,45.23256],[3.86197,45.23208],[3.86009,45.22372],[3.86304,45.22292],[3.86679,45.22617],[3.87181,45.22502],[3.87098,45.21787],[3.87884,45.21776],[3.87926,45.22012],[3.88477,45.22073],[3.88832,45.21373],[3.88745,45.20488],[3.89707,45.19827],[3.89795,45.20201],[3.90765,45.21107],[3.90546,45.21903],[3.91006,45.22313],[3.91158,45.22751],[3.90796,45.23042],[3.90815,45.23454],[3.90468,45.23413],[3.90658,45.23616],[3.90207,45.23794],[3.90643,45.24],[3.90736,45.247],[3.91093,45.2505],[3.91491,45.24985],[3.91606,45.24726],[3.91656,45.24942],[3.92335,45.24697],[3.92687,45.24928],[3.92404,45.2668],[3.91892,45.27197],[3.90872,45.27001],[3.90444,45.27956],[3.89672,45.28137],[3.89149,45.27722],[3.8855,45.27658],[3.88498,45.27312],[3.88296,45.27386],[3.87786,45.27022],[3.86804,45.27258],[3.86569,45.27146],[3.86462,45.27381],[3.86453,45.27036],[3.862,45.26922],[3.85752,45.26998],[3.85612,45.27234],[3.85224,45.2687],[3.85426,45.26481],[3.85007,45.25293],[3.8534,45.24932],[3.85202,45.24295],[3.85681,45.24084],[3.8543,45.23873],[3.85678,45.23589],[3.86053,45.23631],[3.85928,45.23256]]]},"properties":{"code_territoire":"iris432170000","libelle_territoire":"Saint-Pierre-du-Champ (commune non irisée)"}},
{"type":"Feature","geometry":{"type":"Polygon","coordinates":[[[3.98377,45.04952],[3.98402,45.04621],[3.99215,45.04279],[4.00359,45.02901],[4.03173,45.02254],[4.04311,45.01306],[4.04274,45.01591],[4.04912,45.01863],[4.04555,45.03668],[4.05323,45.04308],[4.06056,45.04308],[4.06423,45.05277],[4.06797,45.0546],[4.07016,45.05987],[4.07648,45.05904],[4.08503,45.06247],[4.08292,45.06556],[4.06814,45.0671],[4.05748,45.0661],[4.05436,45.05973],[4.04937,45.06126],[4.04387,45.05796],[4.03623,45.06344],[4.02784,45.06353],[4.02352,45.07035],[4.01898,45.07178],[3.99605,45.06458],[3.99928,45.05943],[3.98722,45.05663],[3.98377,45.04952]]]},"properties":{"code_territoire":"iris432180000","libelle_territoire":"Saint-Pierre-Eynac (commune non irisée)"}},
{"type":"Feature","geometry":{"type":"Polygon","coordinates":[[[3.58112,45.25109],[3.57724,45.25059],[3.5779,45.25221],[3.57618,45.25056],[3.57748,45.25272],[3.57295,45.2552],[3.56867,45.25002],[3.56992,45.25438],[3.56458,45.25499],[3.57351,45.25821],[3.56934,45.25864],[3.57161,45.26124],[3.56435,45.26168],[3.5612,45.25861],[3.55244,45.26059],[3.54932,45.25954],[3.54865,45.26139],[3.54629,45.2591],[3.54568,45.2631],[3.54407,45.26206],[3.54184,45.26359],[3.53972,45.26133],[3.54111,45.26391],[3.53509,45.26589],[3.5279,45.25731],[3.52339,45.25707],[3.52301,45.25635],[3.5256,45.25434],[3.53427,45.2542],[3.53588,45.25032],[3.53167,45.24521],[3.53512,45.24237],[3.54287,45.23871],[3.54394,45.23494],[3.5471,45.2364],[3.5573,45.23326],[3.56551,45.23531],[3.56541,45.24054],[3.56998,45.24073],[3.57063,45.24513],[3.58024,45.24722],[3.58112,45.25109]]]},"properties":{"code_territoire":"iris432190000","libelle_territoire":"Saint-Préjet-Armandon (commune non irisée)"}},
{"type":"Feature","geometry":{"type":"Polygon","coordinates":[[[3.66577,44.93536],[3.65841,44.93996],[3.65772,44.9444],[3.64935,44.94407],[3.64785,44.94783],[3.64125,44.9479],[3.6394,44.94999],[3.63176,44.95111],[3.62665,44.93319],[3.61263,44.93284],[3.6044,44.92712],[3.59801,44.92866],[3.59626,44.93115],[3.58156,44.9324],[3.57805,44.92997],[3.58198,44.92364],[3.57447,44.91837],[3.57728,44.91328],[3.58736,44.90807],[3.60543,44.90546],[3.61049,44.90737],[3.61933,44.90198],[3.62252,44.90257],[3.63011,44.8977],[3.63042,44.89019],[3.63291,44.88809],[3.64522,44.88502],[3.64766,44.89455],[3.65129,44.89793],[3.64299,44.90262],[3.64233,44.90509],[3.65534,44.90789],[3.64998,44.91655],[3.65119,44.92207],[3.65942,44.92544],[3.66577,44.93536]]]},"properties":{"code_territoire":"iris432200000","libelle_territoire":"Saint-Préjet-d'Allier (commune non irisée)"}},
{"type":"Feature","geometry":{"type":"Polygon","coordinates":[[[3.7044,45.02599],[3.69641,45.02813],[3.69167,45.02634],[3.68691,45.03007],[3.68506,45.02891],[3.67202,45.03181],[3.66722,45.03067],[3.66116,45.03263],[3.66108,45.02917],[3.6581,45.02888],[3.64488,45.0154],[3.64735,45.01495],[3.64107,45.00822],[3.6433,45.00492],[3.63106,45.00692],[3.62384,45.00103],[3.62777,44.99508],[3.62708,44.98883],[3.63405,44.98619],[3.63428,44.98369],[3.63978,44.98023],[3.64026,44.97638],[3.64486,44.97472],[3.64535,44.97152],[3.66083,44.9738],[3.65918,44.96956],[3.66391,44.96938],[3.66665,44.97169],[3.67171,44.96887],[3.67436,44.96987],[3.67549,44.97498],[3.67965,44.97487],[3.68211,44.96725],[3.68581,44.96564],[3.68416,44.96273],[3.68641,44.95938],[3.6954,44.95891],[3.70127,44.96431],[3.70282,44.9714],[3.70712,44.97257],[3.7028,44.97559],[3.70413,44.97804],[3.71013,44.97824],[3.71538,44.98195],[3.71589,45.00577],[3.71293,45.01205],[3.6995,45.02314],[3.7044,45.02599]]]},"properties":{"code_territoire":"iris432210000","libelle_territoire":"Saint-Privat-d'Allier (commune non irisée)"}},
{"type":"Feature","geometry":{"type":"Polygon","coordinates":[[[3.45075,45.17119],[3.45991,45.17232],[3.46251,45.16808],[3.46982,45.1713],[3.47303,45.17001],[3.47769,45.17397],[3.46688,45.17933],[3.47745,45.18774],[3.47171,45.19386],[3.46731,45.19712],[3.4676,45.20334],[3.45825,45.20829],[3.45766,45.20976],[3.46035,45.2099],[3.4574,45.21025],[3.45814,45.21259],[3.45522,45.21425],[3.44972,45.21231],[3.44478,45.22323],[3.44604,45.22655],[3.42294,45.22054],[3.42368,45.2282],[3.4119,45.22786],[3.41512,45.22662],[3.41826,45.22015],[3.41357,45.21201],[3.4164,45.21008],[3.41294,45.20733],[3.41823,45.20603],[3.41559,45.20445],[3.41613,45.19959],[3.42235,45.19828],[3.42878,45.19281],[3.42661,45.18928],[3.42988,45.1837],[3.42139,45.18052],[3.42553,45.17452],[3.4233,45.1736],[3.42452,45.17083],[3.41377,45.16735],[3.43197,45.16612],[3.43807,45.16511],[3.44567,45.17189],[3.45075,45.17119]]]},"properties":{"code_territoire":"iris432220000","libelle_territoire":"Saint-Privat-du-Dragon (commune non irisée)"}},
{"type":"Feature","geometry":{"type":"Polygon","coordinates":[[[4.32469,45.24311],[4.32118,45.24522],[4.32957,45.246],[4.33625,45.24995],[4.34864,45.24698],[4.35423,45.24824],[4.35741,45.24363],[4.36343,45.24222],[4.37226,45.24468],[4.37208,45.2481],[4.37837,45.24623],[4.38019,45.24997],[4.37425,45.25407],[4.37654,45.25866],[4.37139,45.25992],[4.36194,45.26453],[4.36044,45.27161],[4.34936,45.2743],[4.35125,45.27602],[4.34976,45.28032],[4.35832,45.28143],[4.36226,45.28806],[4.36142,45.29183],[4.35748,45.2923],[4.35621,45.29549],[4.3503,45.29528],[4.34456,45.29212],[4.33544,45.29173],[4.32881,45.28585],[4.32755,45.28052],[4.32251,45.27965],[4.32665,45.27336],[4.32369,45.27108],[4.3199,45.27292],[4.3154,45.27135],[4.31438,45.27392],[4.30878,45.27633],[4.30304,45.27322],[4.29986,45.27554],[4.30714,45.26105],[4.30276,45.25781],[4.30988,45.25666],[4.3145,45.24448],[4.32469,45.24311]]]},"properties":{"code_territoire":"iris432230000","libelle_territoire":"Saint-Romain-Lachalm (commune non irisée)"}},
{"type":"Feature","geometry":{"type":"Polygon","coordinates":[[[4.21489,45.24467],[4.21933,45.24289],[4.2231,45.23289],[4.22904,45.23214],[4.24129,45.23626],[4.23932,45.24028],[4.24242,45.23984],[4.24537,45.24382],[4.23701,45.24735],[4.23251,45.25349],[4.22445,45.25012],[4.21746,45.25206],[4.21489,45.24467]]]},"properties":{"code_territoire":"iris432240101","libelle_territoire":"Centre-Ouest"}},
{"type":"Feature","geometry":{"type":"Polygon","coordinates":[[[4.18783,45.25845],[4.20025,45.2506],[4.19383,45.24685],[4.20094,45.24453],[4.20371,45.23619],[4.2079,45.23401],[4.20635,45.23101],[4.20044,45.2296],[4.19594,45.22378],[4.2029,45.21849],[4.20717,45.22058],[4.20986,45.21632],[4.20463,45.21043],[4.21135,45.21136],[4.21876,45.20639],[4.22836,45.20734],[4.23152,45.21305],[4.2302,45.21907],[4.23798,45.21826],[4.25114,45.22612],[4.25588,45.2316],[4.25406,45.23333],[4.25914,45.23894],[4.25676,45.24423],[4.25896,45.2459],[4.25398,45.24812],[4.25933,45.25094],[4.25741,45.25317],[4.25892,45.25643],[4.26482,45.25572],[4.26783,45.25803],[4.26313,45.26188],[4.26251,45.26762],[4.26526,45.26944],[4.2629,45.27184],[4.25956,45.27443],[4.25213,45.27944],[4.23552,45.28055],[4.22519,45.27642],[4.22159,45.27678],[4.21811,45.26919],[4.2114,45.2643],[4.19831,45.26699],[4.19772,45.26475],[4.1944,45.26467],[4.19323,45.26665],[4.18571,45.26429],[4.18783,45.25845]],[[4.21489,45.24467],[4.21746,45.25206],[4.22445,45.25012],[4.23251,45.25349],[4.23701,45.24735],[4.24537,45.24382],[4.24242,45.23984],[4.23932,45.24028],[4.24129,45.23626],[4.22904,45.23214],[4.2231,45.23289],[4.21933,45.24289],[4.21489,45.24467]]]},"properties":{"code_territoire":"iris432240102","libelle_territoire":"Les Écarts"}},
{"type":"Feature","geometry":{"type":"Polygon","coordinates":[[[3.65415,44.87978],[3.64403,44.87712],[3.65016,44.87403],[3.65363,44.8761],[3.66027,44.87076],[3.66681,44.85744],[3.67275,44.8566],[3.67386,44.85406],[3.68836,44.85809],[3.68994,44.86131],[3.68727,44.86345],[3.68982,44.865],[3.69155,44.87302],[3.68883,44.87381],[3.68912,44.87732],[3.69591,44.8791],[3.69632,44.88142],[3.68809,44.88369],[3.69371,44.88741],[3.69349,44.89219],[3.68541,44.89865],[3.67672,44.89538],[3.6773,44.89223],[3.67973,44.89324],[3.67927,44.89059],[3.67096,44.88935],[3.67079,44.88659],[3.66164,44.88221],[3.66014,44.88361],[3.65908,44.88096],[3.65423,44.88189],[3.65415,44.87978]]]},"properties":{"code_territoire":"iris432250000","libelle_territoire":"Saint-Vénérand (commune non irisée)"}},
{"type":"Feature","geometry":{"type":"Polygon","coordinates":[[[3.54079,45.34744],[3.54322,45.35273],[3.55581,45.35332],[3.55171,45.36107],[3.55792,45.3625],[3.5717,45.37183],[3.56615,45.38223],[3.56894,45.38569],[3.58114,45.38279],[3.57058,45.4021],[3.56454,45.3953],[3.55651,45.39165],[3.55377,45.39307],[3.55396,45.39717],[3.54701,45.39898],[3.54177,45.39863],[3.53131,45.40225],[3.5314,45.39949],[3.52883,45.39885],[3.52437,45.40633],[3.52141,45.4024],[3.52272,45.39567],[3.5134,45.39184],[3.51523,45.38093],[3.51465,45.37544],[3.51781,45.37287],[3.51174,45.37133],[3.51015,45.36704],[3.52151,45.36214],[3.52915,45.34828],[3.54079,45.34744]]]},"properties":{"code_territoire":"iris432260000","libelle_territoire":"Saint-Vert (commune non irisée)"}},
{"type":"Feature","geometry":{"type":"Polygon","coordinates":[[[4.33169,45.31848],[4.32352,45.31543],[4.31549,45.31236],[4.30256,45.28972],[4.29512,45.28398],[4.28633,45.28456],[4.28029,45.27822],[4.2826,45.27726],[4.28603,45.27948],[4.2957,45.27537],[4.29986,45.27554],[4.30304,45.27322],[4.30878,45.27633],[4.31438,45.27392],[4.3154,45.27135],[4.3199,45.27292],[4.32369,45.27108],[4.32665,45.27336],[4.32251,45.27965],[4.32755,45.28052],[4.32881,45.28585],[4.33544,45.29173],[4.34456,45.29212],[4.3503,45.29528],[4.35621,45.29549],[4.35748,45.2923],[4.36142,45.29183],[4.36399,45.29398],[4.36764,45.29365],[4.37167,45.30154],[4.36504,45.30095],[4.36079,45.30449],[4.35948,45.30278],[4.35139,45.30334],[4.35173,45.3063],[4.34663,45.30752],[4.34072,45.3138],[4.33169,45.31848]]]},"properties":{"code_territoire":"iris432270000","libelle_territoire":"Saint-Victor-Malescours (commune non irisée)"}},
{"type":"Feature","geometry":{"type":"Polygon","coordinates":[[[3.756,45.35386],[3.74892,45.33958],[3.75116,45.3314],[3.76034,45.32804],[3.76287,45.33084],[3.764,45.32067],[3.7598,45.31474],[3.76139,45.31636],[3.76796,45.31447],[3.77328,45.31682],[3.77337,45.31924],[3.77991,45.31816],[3.77757,45.32833],[3.78355,45.3326],[3.80068,45.32328],[3.80449,45.32606],[3.81378,45.32782],[3.81186,45.33301],[3.80267,45.33647],[3.79628,45.34273],[3.79747,45.34416],[3.78748,45.35192],[3.78023,45.35161],[3.77732,45.34915],[3.77193,45.34928],[3.76966,45.35152],[3.76248,45.35226],[3.75724,45.35724],[3.756,45.35386]]]},"properties":{"code_territoire":"iris432280000","libelle_territoire":"Saint-Victor-sur-Arlanc (commune non irisée)"}},
{"type":"Feature","geometry":{"type":"Polygon","coordinates":[[[3.81082,45.09302],[3.80946,45.09015],[3.80381,45.08771],[3.80485,45.08568],[3.80182,45.08646],[3.79899,45.08313],[3.79157,45.08583],[3.77585,45.07914],[3.77634,45.07636],[3.77819,45.06931],[3.78491,45.06632],[3.78403,45.06295],[3.79156,45.05732],[3.80668,45.06172],[3.80591,45.06297],[3.81111,45.06506],[3.80933,45.06693],[3.81366,45.07026],[3.81558,45.07786],[3.81829,45.07938],[3.82224,45.07628],[3.82452,45.08116],[3.8193,45.08363],[3.81228,45.09141],[3.81082,45.09302]]]},"properties":{"code_territoire":"iris432290000","libelle_territoire":"Saint-Vidal (commune non irisée)"}},
{"type":"Feature","geometry":{"type":"Polygon","coordinates":[[[3.85864,45.16324],[3.86859,45.16041],[3.86681,45.1499],[3.87083,45.14586],[3.87096,45.14219],[3.86799,45.13884],[3.87348,45.13469],[3.87609,45.1269],[3.88297,45.13341],[3.90128,45.13107],[3.90965,45.13262],[3.91795,45.12621],[3.9205,45.12803],[3.92274,45.13746],[3.92838,45.14639],[3.92453,45.15136],[3.92504,45.15523],[3.92757,45.16083],[3.93452,45.16461],[3.93351,45.1687],[3.92312,45.17114],[3.91954,45.17881],[3.90117,45.16865],[3.8862,45.17058],[3.88546,45.16859],[3.87913,45.17012],[3.87245,45.16984],[3.87148,45.1681],[3.8651,45.17162],[3.86293,45.17033],[3.86501,45.16636],[3.86015,45.16773],[3.8573,45.16545],[3.85864,45.16324]]]},"properties":{"code_territoire":"iris432300000","libelle_territoire":"Saint-Vincent (commune non irisée)"}},
{"type":"Feature","geometry":{"type":"Polygon","coordinates":[[[4.02015,44.8459],[4.02525,44.85018],[4.02364,44.85879],[4.02999,44.86418],[4.02868,44.86618],[4.01776,44.87296],[4.02045,44.87714],[4.01673,44.87805],[4.01855,44.88149],[4.0131,44.88368],[4.00906,44.87737],[4.00179,44.87601],[3.98907,44.88015],[3.9847,44.87778],[3.97848,44.88033],[3.97282,44.87728],[3.97062,44.88125],[3.95844,44.87508],[3.95119,44.8765],[3.94775,44.8806],[3.94688,44.8783],[3.93585,44.88072],[3.93511,44.87943],[3.92002,44.88517],[3.92168,44.87867],[3.91823,44.87732],[3.9229,44.87209],[3.91892,44.86791],[3.92495,44.86847],[3.9245,44.86503],[3.93391,44.8622],[3.95031,44.86485],[3.9577,44.8632],[3.962,44.85907],[3.97447,44.8588],[3.9781,44.85497],[3.98365,44.85618],[3.99261,44.84594],[4.00295,44.84946],[4.00721,44.84725],[4.01041,44.84923],[4.01387,44.84652],[4.02015,44.8459]]]},"properties":{"code_territoire":"iris432310000","libelle_territoire":"Salettes (commune non irisée)"}},
{"type":"Feature","geometry":{"type":"Polygon","coordinates":[[[3.50341,45.2045],[3.50499,45.21465],[3.49926,45.21971],[3.49221,45.22051],[3.48839,45.22478],[3.48136,45.22322],[3.47813,45.2185],[3.47047,45.22192],[3.46888,45.21939],[3.46555,45.22146],[3.46482,45.21238],[3.45814,45.21259],[3.4574,45.21025],[3.46035,45.2099],[3.45766,45.20976],[3.45825,45.20829],[3.4676,45.20334],[3.46731,45.19712],[3.47171,45.19386],[3.47931,45.19769],[3.50334,45.2006],[3.50341,45.2045]]]},"properties":{"code_territoire":"iris432320000","libelle_territoire":"Salzuit (commune non irisée)"}},
{"type":"Feature","geometry":{"type":"Polygon","coordinates":[[[3.78917,45.03047],[3.79461,45.02676],[3.79866,45.02891],[3.80947,45.02725],[3.8154,45.02852],[3.81283,45.03418],[3.81525,45.0356],[3.81149,45.03702],[3.81532,45.0404],[3.81059,45.04272],[3.8199,45.04505],[3.8226,45.05622],[3.83465,45.05896],[3.83883,45.05915],[3.83432,45.06203],[3.8284,45.05927],[3.81944,45.06044],[3.81529,45.05904],[3.81286,45.06004],[3.81364,45.06341],[3.80668,45.06172],[3.79156,45.05732],[3.78403,45.06295],[3.77686,45.06023],[3.76795,45.06016],[3.75924,45.05474],[3.76082,45.05184],[3.75509,45.05139],[3.75057,45.04729],[3.7554,45.04836],[3.76505,45.0458],[3.76742,45.04322],[3.76323,45.04325],[3.75911,45.03761],[3.76039,45.03547],[3.75704,45.03452],[3.75813,45.03252],[3.76038,45.03119],[3.76418,45.03245],[3.76368,45.03058],[3.76717,45.0301],[3.79012,45.03317],[3.78917,45.03047]]]},"properties":{"code_territoire":"iris432330000","libelle_territoire":"Sanssac-l'Église (commune non irisée)"}},
{"type":"Feature","geometry":{"type":"Polygon","coordinates":[[[3.52921,44.98666],[3.52171,44.98635],[3.52389,44.9831],[3.52307,44.97544],[3.52062,44.97657],[3.51475,44.97211],[3.51828,44.96844],[3.52044,44.96946],[3.5186,44.96787],[3.52373,44.96631],[3.52186,44.96287],[3.52373,44.96141],[3.52046,44.95856],[3.52203,44.95645],[3.51262,44.95819],[3.51005,44.96483],[3.50744,44.9625],[3.4987,44.96942],[3.49577,44.96709],[3.49281,44.96793],[3.48465,44.96555],[3.48319,44.96222],[3.48523,44.95638],[3.48808,44.95567],[3.48649,44.95413],[3.49451,44.95543],[3.48391,44.94671],[3.47917,44.94963],[3.46901,44.94908],[3.46613,44.94697],[3.45779,44.9477],[3.45428,44.94873],[3.45429,44.9524],[3.44308,44.94865],[3.43848,44.95112],[3.436,44.94904],[3.42007,44.94556],[3.41692,44.94279],[3.41248,44.94501],[3.41534,44.94147],[3.41263,44.93859],[3.41606,44.92795],[3.41393,44.91987],[3.41067,44.91766],[3.41938,44.90837],[3.43888,44.92617],[3.45134,44.92775],[3.46544,44.92612],[3.4644,44.93406],[3.45948,44.93731],[3.46755,44.9437],[3.47358,44.94508],[3.47772,44.94301],[3.47952,44.94492],[3.48056,44.9426],[3.48212,44.94483],[3.48403,44.94335],[3.48945,44.94532],[3.49146,44.93824],[3.49536,44.93943],[3.49299,44.9357],[3.49495,44.93764],[3.50035,44.93669],[3.50637,44.92711],[3.51141,44.92611],[3.51837,44.91737],[3.51396,44.91347],[3.51728,44.90195],[3.52931,44.90245],[3.53191,44.90534],[3.5334,44.90416],[3.53515,44.90753],[3.53248,44.90949],[3.5348,44.91306],[3.53592,44.91422],[3.5382,44.91199],[3.54266,44.9141],[3.54171,44.91961],[3.54577,44.91575],[3.54658,44.91807],[3.55326,44.91926],[3.55921,44.92344],[3.56536,44.91949],[3.56885,44.9218],[3.57447,44.91837],[3.58198,44.92364],[3.57805,44.92997],[3.58156,44.9324],[3.59626,44.93115],[3.59801,44.92866],[3.6044,44.92712],[3.61263,44.93284],[3.62665,44.93319],[3.63176,44.95111],[3.62892,44.95993],[3.61198,44.972],[3.61102,44.97764],[3.60852,44.97504],[3.59963,44.97437],[3.60381,44.98004],[3.60153,44.9813],[3.60528,44.98212],[3.60095,44.98819],[3.59455,44.99211],[3.59371,44.99973],[3.59068,44.99976],[3.58685,44.99948],[3.58834,44.99313],[3.58343,44.98425],[3.56814,44.9836],[3.56444,44.98557],[3.55477,44.97903],[3.54666,44.9833],[3.54292,44.98155],[3.54169,44.98381],[3.53323,44.98416],[3.52921,44.98666]]]},"properties":{"code_territoire":"iris432340000","libelle_territoire":"Saugues (commune non irisée)"}},
{"type":"Feature","geometry":{"type":"Polygon","coordinates":[[[4.24682,45.31708],[4.23992,45.31758],[4.23138,45.31422],[4.23587,45.30841],[4.23498,45.29835],[4.23844,45.29018],[4.2341,45.28447],[4.23552,45.28055],[4.25213,45.27944],[4.25956,45.27443],[4.26375,45.27612],[4.26574,45.28208],[4.26867,45.28201],[4.269,45.28582],[4.26557,45.28752],[4.26569,45.29132],[4.26049,45.29314],[4.25842,45.29856],[4.26025,45.30028],[4.25612,45.30208],[4.25665,45.30999],[4.2525,45.30966],[4.24682,45.31708]]]},"properties":{"code_territoire":"iris432360000","libelle_territoire":"La Séauve-sur-Semène (commune non irisée)"}},
{"type":"Feature","geometry":{"type":"Polygon","coordinates":[[[3.70259,45.29611],[3.6975,45.29791],[3.68879,45.29652],[3.6895,45.28947],[3.68539,45.28989],[3.67849,45.29794],[3.66672,45.29956],[3.67046,45.2952],[3.6709,45.28917],[3.68164,45.28834],[3.68452,45.28397],[3.67945,45.28353],[3.67092,45.27872],[3.66777,45.27503],[3.6644,45.2749],[3.66878,45.26858],[3.66202,45.25958],[3.66607,45.25702],[3.69056,45.2458],[3.70128,45.25194],[3.71326,45.25336],[3.71619,45.26033],[3.72019,45.26062],[3.72599,45.27662],[3.72013,45.27932],[3.72251,45.28491],[3.71218,45.28672],[3.70259,45.29611]]]},"properties":{"code_territoire":"iris432370000","libelle_territoire":"Sembadel (commune non irisée)"}},
{"type":"Feature","geometry":{"type":"Polygon","coordinates":[[[3.75944,44.95229],[3.76511,44.94297],[3.76484,44.93638],[3.77047,44.9361],[3.77304,44.93815],[3.78071,44.93707],[3.78317,44.93893],[3.77749,44.94017],[3.7803,44.94272],[3.78786,44.94087],[3.79153,44.94229],[3.79343,44.93883],[3.80072,44.94173],[3.81391,44.93974],[3.81469,44.94379],[3.80999,44.94683],[3.81055,44.95494],[3.80352,44.95731],[3.8052,44.96099],[3.80202,44.96163],[3.80185,44.96825],[3.79505,44.97018],[3.78649,44.96598],[3.7841,44.96745],[3.78155,44.96499],[3.77925,44.9683],[3.77505,44.96837],[3.76766,44.96297],[3.7661,44.96398],[3.77399,44.96955],[3.77308,44.97119],[3.7789,44.97422],[3.7729,44.97643],[3.77354,44.97884],[3.7719,44.97676],[3.76712,44.97883],[3.75687,44.97021],[3.7611,44.9617],[3.76809,44.96247],[3.75944,44.95229]]]},"properties":{"code_territoire":"iris432380000","libelle_territoire":"Séneujols (commune non irisée)"}},
{"type":"Feature","geometry":{"type":"Polygon","coordinates":[[[3.67316,45.10426],[3.65608,45.10524],[3.64922,45.10861],[3.63814,45.10943],[3.6245,45.11838],[3.6217,45.11377],[3.61201,45.11612],[3.60603,45.11013],[3.6006,45.09846],[3.59446,45.09682],[3.59477,45.08969],[3.58985,45.08841],[3.58358,45.08113],[3.58903,45.08066],[3.58677,45.07589],[3.59048,45.07676],[3.59615,45.07437],[3.59412,45.07259],[3.59688,45.07042],[3.5924,45.06891],[3.5984,45.068],[3.59085,45.06789],[3.58456,45.0644],[3.58075,45.06052],[3.58507,45.06191],[3.591,45.05685],[3.58551,45.05246],[3.59633,45.04734],[3.59321,45.04463],[3.59357,45.03897],[3.60112,45.0428],[3.60539,45.04059],[3.61098,45.04147],[3.62407,45.04904],[3.64405,45.04647],[3.64929,45.04906],[3.65648,45.06382],[3.66485,45.06895],[3.67093,45.07642],[3.66541,45.08453],[3.67,45.08907],[3.66867,45.0914],[3.67169,45.09823],[3.67638,45.10097],[3.67316,45.10426]]]},"properties":{"code_territoire":"iris432390000","libelle_territoire":"Siaugues-Sainte-Marie (commune non irisée)"}},
{"type":"Feature","geometry":{"type":"Polygon","coordinates":[[[3.9841,45.23877],[3.99784,45.23682],[4.00586,45.24103],[4.02381,45.24358],[4.01898,45.24998],[4.02035,45.25377],[4.01764,45.25554],[4.02018,45.25783],[4.01344,45.26021],[4.00688,45.25758],[3.9973,45.26772],[3.99343,45.26316],[3.99191,45.26451],[3.98393,45.26386],[3.98225,45.26705],[3.97796,45.26737],[3.97482,45.26642],[3.9729,45.26186],[3.97216,45.25599],[3.97574,45.24842],[3.97723,45.2514],[3.97923,45.2468],[3.98691,45.24463],[3.98436,45.24402],[3.98717,45.24156],[3.98501,45.24168],[3.9841,45.23877]]]},"properties":{"code_territoire":"iris432400000","libelle_territoire":"Solignac-sous-Roche (commune non irisée)"}},
{"type":"Feature","geometry":{"type":"Polygon","coordinates":[[[3.91051,44.97481],[3.90806,44.97717],[3.90815,44.973],[3.90086,44.97216],[3.89248,44.97821],[3.89218,44.98441],[3.87944,44.98116],[3.87462,44.97409],[3.86119,44.97386],[3.85104,44.97028],[3.84381,44.97141],[3.8362,44.96336],[3.82982,44.96407],[3.82963,44.9587],[3.83588,44.95417],[3.84068,44.95556],[3.83969,44.95234],[3.8475,44.94945],[3.86009,44.95417],[3.85417,44.9381],[3.85819,44.93685],[3.8578,44.93145],[3.86062,44.93025],[3.87032,44.92938],[3.87504,44.93807],[3.88144,44.94245],[3.89075,44.9422],[3.89794,44.94513],[3.90034,44.94115],[3.90432,44.94203],[3.90692,44.93914],[3.91492,44.9436],[3.91711,44.93996],[3.92119,44.9395],[3.91822,44.94626],[3.92162,44.95384],[3.91976,44.95586],[3.92396,44.95577],[3.92699,44.95809],[3.92052,44.96342],[3.92148,44.96768],[3.91582,44.96844],[3.91051,44.97481]]]},"properties":{"code_territoire":"iris432410000","libelle_territoire":"Solignac-sur-Loire (commune non irisée)"}},
{"type":"Feature","geometry":{"type":"Polygon","coordinates":[[[3.441,45.04028],[3.44059,45.03702],[3.44623,45.0333],[3.45371,45.03483],[3.4547,45.03208],[3.46589,45.03263],[3.46892,45.03046],[3.4742,45.03324],[3.47641,45.03246],[3.4772,45.03543],[3.47907,45.03353],[3.48499,45.03492],[3.48127,45.04353],[3.48386,45.04489],[3.47923,45.04626],[3.4816,45.04786],[3.4769,45.04844],[3.47976,45.04935],[3.48205,45.05497],[3.48376,45.05363],[3.48276,45.05557],[3.48497,45.05515],[3.48316,45.05673],[3.4877,45.06302],[3.46682,45.05788],[3.46553,45.0527],[3.465,45.05669],[3.46076,45.05565],[3.45675,45.05764],[3.45945,45.05943],[3.45732,45.06063],[3.459,45.06512],[3.45556,45.06736],[3.45013,45.06738],[3.44929,45.0738],[3.44424,45.07022],[3.44116,45.07074],[3.44525,45.07338],[3.43577,45.07758],[3.43445,45.0631],[3.43973,45.05742],[3.43458,45.0565],[3.43873,45.05222],[3.43317,45.04432],[3.44017,45.04251],[3.441,45.04028]]]},"properties":{"code_territoire":"iris432420000","libelle_territoire":"Tailhac (commune non irisée)"}},
{"type":"Feature","geometry":{"type":"Polygon","coordinates":[[[4.35938,45.09977],[4.35973,45.10133],[4.34767,45.1041],[4.34905,45.11088],[4.3554,45.11499],[4.34196,45.12295],[4.34443,45.12984],[4.33385,45.1305],[4.31999,45.14007],[4.3133,45.14004],[4.3053,45.14925],[4.28981,45.15845],[4.28639,45.15522],[4.27944,45.15331],[4.276,45.15745],[4.26564,45.15891],[4.26257,45.15167],[4.25795,45.15096],[4.2625,45.14692],[4.26118,45.1435],[4.26497,45.14564],[4.27186,45.14424],[4.26559,45.13844],[4.26572,45.124],[4.25597,45.12625],[4.25736,45.12415],[4.24728,45.11857],[4.24099,45.121],[4.24367,45.10689],[4.253,45.09899],[4.25162,45.08753],[4.25941,45.08365],[4.2589,45.08081],[4.27638,45.08602],[4.28834,45.0833],[4.29687,45.09071],[4.30603,45.08651],[4.31387,45.09027],[4.32671,45.09016],[4.32973,45.08213],[4.33853,45.0759],[4.34642,45.07504],[4.34706,45.07686],[4.35267,45.07574],[4.36007,45.08004],[4.35548,45.08613],[4.36704,45.08898],[4.36292,45.09093],[4.36377,45.09549],[4.35938,45.09977]]]},"properties":{"code_territoire":"iris432440000","libelle_territoire":"Tence (commune non irisée)"}},
{"type":"Feature","geometry":{"type":"Polygon","coordinates":[[[3.65415,44.87978],[3.64522,44.88502],[3.63291,44.88809],[3.63042,44.89019],[3.63011,44.8977],[3.62252,44.90257],[3.61933,44.90198],[3.61049,44.90737],[3.60543,44.90546],[3.60792,44.90299],[3.60669,44.90028],[3.59862,44.89803],[3.59868,44.8956],[3.59107,44.89473],[3.58392,44.88914],[3.58218,44.88412],[3.56655,44.88698],[3.56292,44.88974],[3.54174,44.88591],[3.53864,44.88876],[3.53814,44.89426],[3.53485,44.89341],[3.53134,44.8961],[3.52596,44.89411],[3.54019,44.87407],[3.53286,44.87428],[3.53079,44.87196],[3.52894,44.87495],[3.52732,44.87254],[3.52253,44.87297],[3.52208,44.87042],[3.51271,44.86471],[3.51961,44.86101],[3.53555,44.85993],[3.53665,44.8551],[3.52874,44.85176],[3.5194,44.83227],[3.5073,44.8242],[3.53732,44.82829],[3.56169,44.8249],[3.56032,44.83282],[3.57066,44.83577],[3.57472,44.8348],[3.57885,44.82548],[3.58958,44.82656],[3.58931,44.83305],[3.58532,44.83755],[3.5946,44.84121],[3.59037,44.84673],[3.59585,44.8528],[3.5967,44.859],[3.59919,44.8598],[3.59438,44.86756],[3.59353,44.87663],[3.6067,44.87932],[3.61491,44.87419],[3.62259,44.87592],[3.62293,44.87815],[3.63017,44.88095],[3.62957,44.87787],[3.64266,44.87846],[3.64403,44.87712],[3.65415,44.87978]]]},"properties":{"code_territoire":"iris432450000","libelle_territoire":"Thoras (commune non irisée)"}},
{"type":"Feature","geometry":{"type":"Polygon","coordinates":[[[4.05819,45.28702],[4.05261,45.28628],[4.0458,45.29118],[4.04537,45.29389],[4.04053,45.29407],[4.03857,45.29647],[4.02768,45.29986],[4.02616,45.30409],[4.02178,45.30671],[4.02457,45.30759],[4.02365,45.31159],[4.01281,45.31787],[4.00628,45.31283],[3.99102,45.31652],[3.98441,45.31481],[3.98261,45.31135],[3.97613,45.30841],[3.97334,45.30895],[3.97135,45.30639],[3.97695,45.28635],[3.98461,45.2846],[3.98189,45.2791],[3.98389,45.27599],[3.98731,45.27592],[3.9973,45.26772],[4.00688,45.25758],[4.01344,45.26021],[4.02018,45.25783],[4.02326,45.25757],[4.02234,45.26223],[4.02525,45.26327],[4.03139,45.26221],[4.03534,45.26492],[4.04107,45.2625],[4.0415,45.26564],[4.04695,45.26948],[4.04436,45.27657],[4.0462,45.27905],[4.05046,45.27788],[4.05238,45.28011],[4.05933,45.28009],[4.05819,45.28702]]]},"properties":{"code_territoire":"iris432460000","libelle_territoire":"Tiranges (commune non irisée)"}},
{"type":"Feature","geometry":{"type":"Polygon","coordinates":[[[3.1811,45.35223],[3.18299,45.35172],[3.18161,45.34619],[3.18553,45.3442],[3.18286,45.34342],[3.18558,45.34111],[3.18407,45.3379],[3.18719,45.3394],[3.18691,45.33715],[3.19014,45.33547],[3.18791,45.3322],[3.19305,45.33027],[3.20759,45.33444],[3.20533,45.34633],[3.20961,45.34735],[3.20974,45.35163],[3.2151,45.34779],[3.22204,45.35063],[3.21653,45.35497],[3.21915,45.35701],[3.21791,45.35984],[3.21313,45.36143],[3.21405,45.36515],[3.21177,45.36733],[3.20923,45.37151],[3.20671,45.37151],[3.19211,45.36698],[3.19553,45.36553],[3.19473,45.36276],[3.18165,45.36493],[3.1744,45.35513],[3.1811,45.35223]]]},"properties":{"code_territoire":"iris432470000","libelle_territoire":"Torsiac (commune non irisée)"}},
{"type":"Feature","geometry":{"type":"Polygon","coordinates":[[[4.07081,45.33605],[4.06314,45.33751],[4.06053,45.34651],[4.05332,45.3531],[4.04326,45.35594],[4.03782,45.35266],[4.03591,45.35377],[4.03859,45.35177],[4.03239,45.34827],[4.02839,45.34937],[4.02618,45.34782],[4.02101,45.35019],[4.02056,45.34794],[4.02747,45.34187],[4.02165,45.33947],[4.0237,45.33715],[4.02042,45.33621],[4.02032,45.33306],[4.01889,45.33505],[4.02071,45.32825],[4.02128,45.32255],[4.02651,45.31674],[4.02674,45.31374],[4.02365,45.31159],[4.02457,45.30759],[4.02178,45.30671],[4.02616,45.30409],[4.02768,45.29986],[4.03857,45.29647],[4.04053,45.29407],[4.04537,45.29389],[4.0458,45.29118],[4.05261,45.28628],[4.05819,45.28702],[4.06784,45.30065],[4.07305,45.30206],[4.08352,45.29874],[4.07786,45.30595],[4.06591,45.31349],[4.06938,45.31652],[4.06332,45.32304],[4.06988,45.32988],[4.0764,45.33203],[4.07081,45.33605]]]},"properties":{"code_territoire":"iris432490000","libelle_territoire":"Valprivas (commune non irisée)"}},
{"type":"Feature","geometry":{"type":"Polygon","coordinates":[[[3.54305,45.27008],[3.54141,45.27806],[3.53758,45.28126],[3.52377,45.28031],[3.52519,45.28472],[3.5225,45.28542],[3.52188,45.28297],[3.51586,45.28035],[3.51783,45.27502],[3.51439,45.27141],[3.52339,45.25707],[3.5279,45.25731],[3.53509,45.26589],[3.54305,45.27008]]]},"properties":{"code_territoire":"iris432500000","libelle_territoire":"Vals-le-Chastel (commune non irisée)"}},
{"type":"Feature","geometry":{"type":"Polygon","coordinates":[[[3.88492,45.03583],[3.88168,45.03687],[3.87544,45.03691],[3.87261,45.03886],[3.8665,45.03245],[3.85858,45.02872],[3.8528,45.02634],[3.84253,45.01998],[3.84569,45.0172],[3.8565,45.018],[3.85424,45.01673],[3.8552,45.01195],[3.85733,45.00822],[3.86158,45.00714],[3.86708,45.01091],[3.867,45.01706],[3.87834,45.0189],[3.88109,45.02795],[3.88112,45.03234],[3.88492,45.03583]]]},"properties":{"code_territoire":"iris432510000","libelle_territoire":"Vals-près-le-Puy (commune non irisée)"}},
{"type":"Feature","geometry":{"type":"Polygon","coordinates":[[[3.65324,45.15128],[3.65514,45.15409],[3.65905,45.15456],[3.66161,45.16013],[3.66717,45.16515],[3.66843,45.17061],[3.67485,45.16849],[3.67389,45.17153],[3.66327,45.17604],[3.66074,45.18192],[3.6632,45.18607],[3.65748,45.18848],[3.65244,45.18813],[3.64667,45.19148],[3.64428,45.19071],[3.64224,45.19439],[3.63891,45.20305],[3.62404,45.20022],[3.6303,45.19519],[3.62975,45.19168],[3.61709,45.1921],[3.62244,45.18157],[3.63085,45.17569],[3.63494,45.16228],[3.63774,45.16058],[3.64988,45.16069],[3.64812,45.15247],[3.6479,45.14988],[3.65324,45.15128]]]},"properties":{"code_territoire":"iris432520000","libelle_territoire":"Varennes-Saint-Honorat (commune non irisée)"}},
{"type":"Feature","geometry":{"type":"Polygon","coordinates":[[[4.29996,45.01992],[4.29142,45.01801],[4.28343,45.02667],[4.28087,45.02214],[4.26858,45.02285],[4.26171,45.02263],[4.25815,45.0194],[4.25337,45.0192],[4.25412,45.01682],[4.24493,45.01303],[4.24721,45.00645],[4.24096,45.00283],[4.24065,44.99871],[4.23266,45.00089],[4.23244,44.99138],[4.23628,44.99057],[4.23805,44.9875],[4.23774,44.9786],[4.23217,44.97093],[4.23451,44.9684],[4.23598,44.97037],[4.23805,44.96661],[4.24737,44.9642],[4.25243,44.95879],[4.26884,44.96221],[4.27791,44.96718],[4.29364,44.96683],[4.3031,44.97169],[4.31427,44.97276],[4.3132,44.97958],[4.30815,44.98195],[4.30829,44.9855],[4.29402,44.99145],[4.29049,44.99632],[4.29198,45.00712],[4.29706,45.01002],[4.29707,45.01861],[4.29996,45.01992]]]},"properties":{"code_territoire":"iris432530000","libelle_territoire":"Les Vastres (commune non irisée)"}},
{"type":"Feature","geometry":{"type":"Polygon","coordinates":[[[3.70337,45.09522],[3.70279,45.0973],[3.70817,45.10179],[3.70568,45.10384],[3.70733,45.10697],[3.70237,45.10923],[3.70307,45.11083],[3.70838,45.11205],[3.70859,45.11411],[3.71797,45.11258],[3.72848,45.11438],[3.73149,45.11956],[3.72746,45.12235],[3.72351,45.1244],[3.70897,45.12466],[3.7025,45.12748],[3.70257,45.12462],[3.69935,45.12367],[3.69326,45.12642],[3.69257,45.13333],[3.67976,45.13864],[3.66926,45.13954],[3.67226,45.11934],[3.67895,45.10938],[3.68168,45.10236],[3.69092,45.09293],[3.69592,45.09158],[3.70337,45.09522]]]},"properties":{"code_territoire":"iris432540000","libelle_territoire":"Vazeilles-Limandre (commune non irisée)"}},
{"type":"Feature","geometry":{"type":"Polygon","coordinates":[[[3.49719,45.00769],[3.49204,45.0091],[3.4907,45.00722],[3.48769,45.0096],[3.48216,45.01001],[3.47824,45.01388],[3.4783,45.01137],[3.46881,45.00893],[3.46289,45.00381],[3.4552,45.00599],[3.45011,45.00353],[3.44534,44.996],[3.44701,44.99073],[3.44096,44.9867],[3.44299,44.98302],[3.43502,44.97785],[3.43626,44.97513],[3.43117,44.9747],[3.43198,44.96951],[3.43772,44.96855],[3.44259,44.9604],[3.44252,44.95591],[3.43848,44.95112],[3.44308,44.94865],[3.45429,44.9524],[3.45428,44.94873],[3.45779,44.9477],[3.46613,44.94697],[3.46901,44.94908],[3.47917,44.94963],[3.48391,44.94671],[3.49451,44.95543],[3.48649,44.95413],[3.48808,44.95567],[3.48523,44.95638],[3.48319,44.96222],[3.48465,44.96555],[3.49281,44.96793],[3.49577,44.96709],[3.4987,44.96942],[3.50744,44.9625],[3.51005,44.96483],[3.51262,44.95819],[3.52203,44.95645],[3.52046,44.95856],[3.52373,44.96141],[3.52186,44.96287],[3.52373,44.96631],[3.5186,44.96787],[3.52044,44.96946],[3.51828,44.96844],[3.51475,44.97211],[3.52062,44.97657],[3.52307,44.97544],[3.52389,44.9831],[3.52171,44.98635],[3.52921,44.98666],[3.52699,44.98929],[3.53968,44.99303],[3.54308,45.0008],[3.54143,45.00018],[3.54077,45.00233],[3.5416,45.00866],[3.52541,45.00848],[3.51757,45.0037],[3.51046,45.00798],[3.49998,45.00255],[3.49719,45.00769]]]},"properties":{"code_territoire":"iris432560000","libelle_territoire":"Venteuges (commune non irisée)"}},
{"type":"Feature","geometry":{"type":"Polygon","coordinates":[[[3.75924,45.05474],[3.75232,45.05491],[3.74938,45.0575],[3.73985,45.05397],[3.73732,45.05581],[3.72687,45.04932],[3.71945,45.05258],[3.72041,45.05456],[3.71774,45.05546],[3.7157,45.05177],[3.70634,45.0517],[3.71009,45.04777],[3.70432,45.0457],[3.7073,45.04041],[3.70194,45.03654],[3.70337,45.02904],[3.70665,45.02778],[3.7044,45.02599],[3.6995,45.02314],[3.71293,45.01205],[3.71589,45.00577],[3.72967,45.00754],[3.73541,45.01127],[3.74066,45.01033],[3.74333,45.0133],[3.74205,45.01562],[3.74597,45.01725],[3.74515,45.01883],[3.75259,45.02615],[3.75909,45.02339],[3.75871,45.02109],[3.76807,45.02345],[3.77198,45.02201],[3.77525,45.02759],[3.77788,45.02628],[3.78917,45.03047],[3.79012,45.03317],[3.76717,45.0301],[3.76368,45.03058],[3.76418,45.03245],[3.76038,45.03119],[3.75813,45.03252],[3.75704,45.03452],[3.76039,45.03547],[3.75911,45.03761],[3.76323,45.04325],[3.76742,45.04322],[3.76505,45.0458],[3.7554,45.04836],[3.75057,45.04729],[3.75509,45.05139],[3.76082,45.05184],[3.75924,45.05474]]]},"properties":{"code_territoire":"iris432570000","libelle_territoire":"Vergezac (commune non irisée)"}},
{"type":"Feature","geometry":{"type":"Polygon","coordinates":[[[3.34815,45.35208],[3.35386,45.35336],[3.35639,45.35464],[3.35524,45.35698],[3.36393,45.35976],[3.36865,45.36425],[3.36347,45.36456],[3.35544,45.37373],[3.34405,45.37837],[3.34243,45.38706],[3.33859,45.38895],[3.33237,45.39026],[3.33061,45.38918],[3.32779,45.3909],[3.31855,45.38322],[3.31577,45.38395],[3.30673,45.38021],[3.3003,45.3892],[3.29977,45.39001],[3.29698,45.38144],[3.29157,45.37742],[3.29773,45.37443],[3.30138,45.36831],[3.31372,45.37142],[3.31224,45.36409],[3.31724,45.36105],[3.32683,45.36662],[3.34334,45.35644],[3.34494,45.35173],[3.34815,45.35208]]]},"properties":{"code_territoire":"iris432580000","libelle_territoire":"Vergongheon (commune non irisée)"}},
{"type":"Feature","geometry":{"type":"Polygon","coordinates":[[[3.714,45.17484],[3.7089,45.17574],[3.70831,45.17238],[3.70383,45.17151],[3.70553,45.17003],[3.69738,45.16127],[3.68709,45.16168],[3.6843,45.16398],[3.67996,45.16374],[3.67942,45.16138],[3.68246,45.155],[3.67679,45.1516],[3.68195,45.14123],[3.67976,45.13864],[3.69257,45.13333],[3.69326,45.12642],[3.69935,45.12367],[3.70257,45.12462],[3.7025,45.12748],[3.70897,45.12466],[3.72351,45.1244],[3.72746,45.12235],[3.72751,45.12461],[3.72415,45.12498],[3.72538,45.12808],[3.72964,45.12879],[3.73259,45.13509],[3.7375,45.13286],[3.74035,45.13527],[3.74509,45.13485],[3.74685,45.13811],[3.74342,45.14077],[3.74724,45.143],[3.74328,45.14533],[3.73766,45.15451],[3.72248,45.16205],[3.72375,45.17088],[3.72049,45.17525],[3.714,45.17484]]]},"properties":{"code_territoire":"iris432590000","libelle_territoire":"Vernassal (commune non irisée)"}},
{"type":"Feature","geometry":{"type":"Polygon","coordinates":[[[3.6581,45.02888],[3.66108,45.02917],[3.66116,45.03263],[3.66722,45.03067],[3.67202,45.03181],[3.67845,45.03343],[3.67722,45.0371],[3.6824,45.03686],[3.68091,45.04131],[3.6763,45.0412],[3.67622,45.0469],[3.6741,45.04594],[3.67223,45.04766],[3.66685,45.04521],[3.66473,45.04667],[3.65627,45.04604],[3.64984,45.04888],[3.6493,45.03789],[3.65192,45.0361],[3.6496,45.03174],[3.6581,45.02888]]]},"properties":{"code_territoire":"iris432600000","libelle_territoire":"Le Vernet (commune non irisée)"}},
{"type":"Feature","geometry":{"type":"Polygon","coordinates":[[[3.36733,45.41113],[3.36186,45.4145],[3.35595,45.42264],[3.34935,45.41992],[3.34067,45.42155],[3.34278,45.41616],[3.33367,45.40754],[3.33409,45.39839],[3.33026,45.39721],[3.32848,45.3928],[3.33237,45.39026],[3.33859,45.38895],[3.3435,45.39059],[3.34226,45.39212],[3.35063,45.38986],[3.35781,45.39507],[3.3638,45.40158],[3.36733,45.41113]]]},"properties":{"code_territoire":"iris432610000","libelle_territoire":"Vézézoux (commune non irisée)"}},
{"type":"Feature","geometry":{"type":"Polygon","coordinates":[[[3.45352,45.23266],[3.45048,45.23788],[3.4406,45.24411],[3.44285,45.2462],[3.428,45.2548],[3.42667,45.26269],[3.42916,45.26999],[3.42197,45.26757],[3.41752,45.26887],[3.40757,45.27955],[3.40599,45.28105],[3.39654,45.27792],[3.39496,45.27994],[3.39053,45.28007],[3.38845,45.27653],[3.37873,45.27455],[3.37235,45.26664],[3.36381,45.26276],[3.35782,45.25934],[3.35176,45.25904],[3.34843,45.25455],[3.34959,45.25173],[3.35433,45.25294],[3.3621,45.24659],[3.36518,45.24796],[3.3646,45.24399],[3.36681,45.24564],[3.37374,45.24135],[3.37782,45.24387],[3.37756,45.24158],[3.38154,45.23943],[3.3874,45.2389],[3.38168,45.22924],[3.38489,45.22617],[3.38688,45.22973],[3.39484,45.23365],[3.39621,45.2398],[3.39564,45.23425],[3.39918,45.23228],[3.39849,45.23006],[3.4053,45.22719],[3.4119,45.22786],[3.42368,45.2282],[3.42294,45.22054],[3.44604,45.22655],[3.44504,45.2305],[3.45352,45.23266]]]},"properties":{"code_territoire":"iris432620000","libelle_territoire":"Vieille-Brioude (commune non irisée)"}},
{"type":"Feature","geometry":{"type":"Polygon","coordinates":[[[3.93391,44.8622],[3.92522,44.85387],[3.92981,44.84909],[3.95448,44.84032],[3.96163,44.83123],[3.97181,44.83773],[3.97346,44.84235],[3.96474,44.8517],[3.962,44.85907],[3.9577,44.8632],[3.95031,44.86485],[3.93391,44.8622]]]},"properties":{"code_territoire":"iris432630000","libelle_territoire":"Vielprat (commune non irisée)"}},
{"type":"Feature","geometry":{"type":"Polygon","coordinates":[[[3.38489,45.22617],[3.38526,45.22316],[3.38119,45.21941],[3.38524,45.21542],[3.37414,45.21657],[3.37215,45.2127],[3.37488,45.20641],[3.36556,45.20445],[3.36027,45.20251],[3.35636,45.20367],[3.35071,45.19971],[3.3585,45.19367],[3.35752,45.18958],[3.36059,45.18837],[3.35845,45.1865],[3.36086,45.1847],[3.35471,45.18361],[3.35307,45.18066],[3.36319,45.17899],[3.36101,45.17712],[3.36227,45.17203],[3.36517,45.16705],[3.37025,45.16837],[3.37691,45.1626],[3.37942,45.16537],[3.38502,45.16481],[3.39098,45.17071],[3.39145,45.17844],[3.38853,45.18068],[3.39079,45.18533],[3.38626,45.18878],[3.38554,45.19451],[3.38711,45.19884],[3.3963,45.20178],[3.39948,45.20498],[3.39774,45.21466],[3.39258,45.21982],[3.39272,45.22496],[3.39909,45.228],[3.39849,45.23006],[3.39918,45.23228],[3.39564,45.23425],[3.39621,45.2398],[3.39484,45.23365],[3.38688,45.22973],[3.38489,45.22617]]]},"properties":{"code_territoire":"iris432640000","libelle_territoire":"Villeneuve-d'Allier (commune non irisée)"}},
{"type":"Feature","geometry":{"type":"Polygon","coordinates":[[[4.15279,45.24173],[4.15805,45.24059],[4.15587,45.23826],[4.1585,45.23627],[4.1546,45.23389],[4.15656,45.22871],[4.17398,45.22774],[4.17811,45.22483],[4.18123,45.22704],[4.18206,45.22311],[4.18439,45.22263],[4.18733,45.22561],[4.18829,45.22383],[4.19232,45.2238],[4.19207,45.22638],[4.19594,45.22378],[4.20044,45.2296],[4.20635,45.23101],[4.2079,45.23401],[4.20371,45.23619],[4.20094,45.24453],[4.19383,45.24685],[4.20025,45.2506],[4.18783,45.25845],[4.18165,45.25042],[4.17322,45.25491],[4.17343,45.25667],[4.17085,45.25606],[4.17192,45.259],[4.16515,45.25893],[4.16175,45.25579],[4.15131,45.25928],[4.15563,45.25364],[4.16067,45.25206],[4.15793,45.25094],[4.15786,45.24613],[4.15394,45.24632],[4.15279,45.24173]]]},"properties":{"code_territoire":"iris432650000","libelle_territoire":"Les Villettes (commune non irisée)"}},
{"type":"Feature","geometry":{"type":"Polygon","coordinates":[[[3.86015,45.16773],[3.86501,45.16636],[3.86293,45.17033],[3.8651,45.17162],[3.87148,45.1681],[3.87245,45.16984],[3.87913,45.17012],[3.88546,45.16859],[3.8862,45.17058],[3.90117,45.16865],[3.91954,45.17881],[3.92312,45.17114],[3.93351,45.1687],[3.93549,45.16978],[3.93887,45.1681],[3.95359,45.17211],[3.95259,45.18406],[3.95996,45.19274],[3.96974,45.19622],[3.96997,45.19808],[3.96281,45.19894],[3.96253,45.20126],[3.96594,45.20204],[3.96399,45.20714],[3.9598,45.20712],[3.96221,45.2097],[3.9531,45.21428],[3.94134,45.21471],[3.94147,45.21273],[3.93774,45.21147],[3.93591,45.21382],[3.93301,45.21111],[3.92829,45.2134],[3.92629,45.21065],[3.92139,45.21015],[3.92147,45.21287],[3.92649,45.21578],[3.91886,45.21978],[3.91506,45.21791],[3.91006,45.22313],[3.90546,45.21903],[3.90765,45.21107],[3.89795,45.20201],[3.89707,45.19827],[3.88745,45.20488],[3.88832,45.21373],[3.88477,45.22073],[3.87926,45.22012],[3.87884,45.21776],[3.87098,45.21787],[3.86992,45.21508],[3.86697,45.21531],[3.8686,45.2133],[3.84925,45.20853],[3.84325,45.20289],[3.84405,45.19186],[3.8516,45.19269],[3.85218,45.19627],[3.86129,45.19319],[3.85991,45.17939],[3.85476,45.17672],[3.85235,45.17054],[3.86015,45.16773]]]},"properties":{"code_territoire":"iris432670000","libelle_territoire":"Vorey (commune non irisée)"}},
{"type":"Feature","geometry":{"type":"Polygon","coordinates":[[[4.09822,45.12257],[4.11182,45.12473],[4.1101,45.1277],[4.11337,45.1385],[4.11193,45.14241],[4.10779,45.14359],[4.10861,45.14577],[4.12553,45.14313],[4.12655,45.14518],[4.13257,45.14679],[4.14115,45.14329],[4.13275,45.13988],[4.13324,45.13635],[4.13642,45.1366],[4.13809,45.13257],[4.14017,45.13336],[4.14053,45.12974],[4.15248,45.12496],[4.15776,45.1273],[4.16192,45.12433],[4.16905,45.12415],[4.18052,45.11674],[4.17904,45.11335],[4.1816,45.1132],[4.184,45.11739],[4.18006,45.12024],[4.18824,45.13437],[4.18215,45.13786],[4.18409,45.14078],[4.19438,45.1446],[4.19444,45.1565],[4.19319,45.16139],[4.19037,45.16302],[4.18761,45.16155],[4.18154,45.1675],[4.17817,45.16647],[4.17805,45.16122],[4.17451,45.15978],[4.1729,45.16098],[4.16819,45.16672],[4.17649,45.16639],[4.17282,45.17123],[4.16809,45.16997],[4.16543,45.17232],[4.16937,45.17319],[4.16967,45.17673],[4.16458,45.17577],[4.15263,45.1804],[4.14652,45.18044],[4.14777,45.1829],[4.15028,45.18244],[4.14807,45.18494],[4.1504,45.18894],[4.15505,45.19142],[4.14763,45.19607],[4.14065,45.1953],[4.14127,45.19207],[4.13633,45.18792],[4.12581,45.18877],[4.11633,45.19112],[4.11343,45.19497],[4.11013,45.19385],[4.11093,45.19142],[4.1084,45.19101],[4.1057,45.18529],[4.09889,45.18135],[4.09592,45.18277],[4.09352,45.178],[4.08967,45.17898],[4.08492,45.17635],[4.08475,45.17241],[4.07701,45.17145],[4.07133,45.16623],[4.06633,45.1664],[4.06336,45.16994],[4.05431,45.16447],[4.06289,45.15928],[4.06344,45.1514],[4.06807,45.14937],[4.07674,45.15331],[4.08315,45.14923],[4.08907,45.14832],[4.08949,45.14496],[4.08454,45.14164],[4.0835,45.1346],[4.08805,45.13362],[4.08689,45.12868],[4.09822,45.12257]]]},"properties":{"code_territoire":"iris432680101","libelle_territoire":"Nord"}},
{"type":"Feature","geometry":{"type":"Polygon","coordinates":[[[4.09597,45.09515],[4.10701,45.09221],[4.10765,45.08827],[4.11082,45.08681],[4.10856,45.08477],[4.11901,45.07967],[4.12245,45.08083],[4.12264,45.07748],[4.12663,45.07241],[4.12846,45.07314],[4.12812,45.07848],[4.13271,45.0779],[4.13718,45.08219],[4.14702,45.08503],[4.14858,45.0935],[4.15226,45.09695],[4.15821,45.09748],[4.16167,45.10174],[4.16969,45.10324],[4.17273,45.10583],[4.17878,45.10592],[4.17904,45.11335],[4.18052,45.11674],[4.16905,45.12415],[4.16192,45.12433],[4.15776,45.1273],[4.15248,45.12496],[4.14053,45.12974],[4.14017,45.13336],[4.13809,45.13257],[4.13642,45.1366],[4.13324,45.13635],[4.13275,45.13988],[4.14115,45.14329],[4.13257,45.14679],[4.12655,45.14518],[4.12553,45.14313],[4.10861,45.14577],[4.10779,45.14359],[4.11193,45.14241],[4.11337,45.1385],[4.1101,45.1277],[4.11182,45.12473],[4.09822,45.12257],[4.09107,45.11286],[4.0948,45.10485],[4.09165,45.10392],[4.09319,45.09641],[4.09597,45.09515]]]},"properties":{"code_territoire":"iris432680102","libelle_territoire":"Sud"}}
]}