{"type":"FeatureCollection", "features": [
{"type":"Feature","geometry":{"type":"Polygon","coordinates":[[[2.35685,49.61853],[2.37109,49.60999],[2.37933,49.61285],[2.38676,49.61003],[2.39502,49.61592],[2.40455,49.61421],[2.39727,49.61734],[2.40183,49.61949],[2.40231,49.62408],[2.39474,49.6277],[2.39337,49.63261],[2.38978,49.63142],[2.39056,49.63623],[2.37985,49.63144],[2.37683,49.63305],[2.37686,49.62891],[2.37358,49.6306],[2.36796,49.62885],[2.36948,49.62637],[2.36313,49.62168],[2.35654,49.62142],[2.35685,49.61853]]]},"properties":{"code_territoire":"iris600390000","libelle_territoire":"Bacouël (commune non irisée)"}},
{"type":"Feature","geometry":{"type":"Polygon","coordinates":[[[2.60345,49.43697],[2.60515,49.43946],[2.59691,49.44029],[2.57733,49.4432],[2.56901,49.43992],[2.57249,49.43637],[2.56898,49.43083],[2.56269,49.433],[2.55138,49.43014],[2.55167,49.42838],[2.56246,49.42747],[2.55101,49.42069],[2.55147,49.41773],[2.55602,49.41855],[2.55573,49.41132],[2.56152,49.41121],[2.56467,49.40951],[2.56265,49.40764],[2.56926,49.40771],[2.57112,49.40504],[2.57291,49.40668],[2.59287,49.40009],[2.60871,49.40499],[2.61299,49.41006],[2.61483,49.41337],[2.61119,49.41619],[2.61518,49.4178],[2.60836,49.42118],[2.60952,49.42423],[2.59926,49.4275],[2.60433,49.43193],[2.59968,49.43169],[2.60345,49.43697]]]},"properties":{"code_territoire":"iris600400000","libelle_territoire":"Bailleul-le-Soc (commune non irisée)"}},
{"type":"Feature","geometry":{"type":"Polygon","coordinates":[[[2.2072,49.38404],[2.21255,49.38399],[2.22122,49.37881],[2.21937,49.37691],[2.22617,49.37593],[2.23157,49.36985],[2.23705,49.36921],[2.24025,49.36649],[2.26611,49.38383],[2.25039,49.39282],[2.22979,49.39245],[2.22808,49.40199],[2.22016,49.40039],[2.2155,49.3945],[2.21272,49.39466],[2.21375,49.3978],[2.20922,49.40015],[2.19663,49.39195],[2.1928,49.39313],[2.19642,49.38762],[2.2072,49.38404]]]},"properties":{"code_territoire":"iris600410000","libelle_territoire":"Bailleul-sur-Thérain (commune non irisée)"}},
{"type":"Feature","geometry":{"type":"Polygon","coordinates":[[[2.48518,49.35956],[2.47354,49.35911],[2.46916,49.36235],[2.46296,49.35818],[2.44365,49.35788],[2.44048,49.34813],[2.44141,49.34024],[2.44535,49.34256],[2.45024,49.33518],[2.4559,49.33731],[2.45663,49.33442],[2.45844,49.33439],[2.47977,49.34179],[2.48344,49.34369],[2.49014,49.34726],[2.49829,49.36],[2.48518,49.35956]]]},"properties":{"code_territoire":"iris600420000","libelle_territoire":"Bailleval (commune non irisée)"}},
{"type":"Feature","geometry":{"type":"Polygon","coordinates":[[[2.99187,49.49305],[3.00333,49.50101],[2.99772,49.50693],[2.98999,49.50589],[2.98141,49.51002],[2.96781,49.50839],[2.96563,49.50286],[2.96948,49.49771],[2.96377,49.49293],[2.97603,49.48919],[2.98298,49.48746],[2.99187,49.49305]]]},"properties":{"code_territoire":"iris600430000","libelle_territoire":"Bailly (commune non irisée)"}},
{"type":"Feature","geometry":{"type":"Polygon","coordinates":[[[2.30087,49.30537],[2.2874,49.30564],[2.28432,49.30369],[2.30874,49.29042],[2.31499,49.2921],[2.3232,49.28657],[2.33284,49.28601],[2.3301,49.28259],[2.34658,49.28834],[2.34975,49.29207],[2.34358,49.30127],[2.33461,49.30355],[2.33174,49.30853],[2.3083,49.30274],[2.30087,49.30537]]]},"properties":{"code_territoire":"iris600440000","libelle_territoire":"Balagny-sur-Thérain (commune non irisée)"}},
{"type":"Feature","geometry":{"type":"Polygon","coordinates":[[[2.66884,49.2322],[2.65979,49.23254],[2.65673,49.23062],[2.65127,49.22894],[2.65847,49.22643],[2.64951,49.22265],[2.65521,49.22156],[2.64661,49.2157],[2.64926,49.21363],[2.65362,49.21412],[2.65367,49.20971],[2.66212,49.21134],[2.65797,49.20879],[2.66236,49.2063],[2.66507,49.20794],[2.66596,49.2042],[2.67216,49.20558],[2.67462,49.2135],[2.68072,49.21571],[2.68663,49.2138],[2.68906,49.21645],[2.68597,49.21755],[2.69442,49.22116],[2.6984,49.22808],[2.70314,49.2284],[2.68341,49.23745],[2.67612,49.23296],[2.66884,49.2322]]]},"properties":{"code_territoire":"iris600450000","libelle_territoire":"Barbery (commune non irisée)"}},
{"type":"Feature","geometry":{"type":"Polygon","coordinates":[[[2.97174,49.18795],[2.97161,49.18585],[2.96054,49.1859],[2.95016,49.18725],[2.94828,49.19023],[2.94087,49.18964],[2.93828,49.18706],[2.92755,49.18579],[2.92086,49.18027],[2.92605,49.17957],[2.92665,49.17648],[2.94203,49.17792],[2.94725,49.16903],[2.96399,49.16619],[2.96907,49.16071],[2.97356,49.1608],[2.97623,49.16699],[2.98048,49.16839],[2.97826,49.1748],[2.98116,49.18464],[2.97174,49.18795]]]},"properties":{"code_territoire":"iris600460000","libelle_territoire":"Bargny (commune non irisée)"}},
{"type":"Feature","geometry":{"type":"Polygon","coordinates":[[[2.71625,49.201],[2.71412,49.20001],[2.72006,49.19025],[2.70724,49.18495],[2.70995,49.18251],[2.70384,49.17946],[2.70525,49.17607],[2.69763,49.17421],[2.70296,49.16692],[2.71806,49.16742],[2.71771,49.14771],[2.72786,49.14015],[2.73796,49.13906],[2.74656,49.14505],[2.75259,49.15733],[2.7492,49.16034],[2.7561,49.16745],[2.76473,49.16861],[2.76483,49.176],[2.77036,49.18216],[2.76596,49.18326],[2.7699,49.18441],[2.75839,49.18453],[2.74944,49.19077],[2.75609,49.19713],[2.7457,49.20324],[2.74635,49.20673],[2.74108,49.20876],[2.73982,49.20669],[2.73171,49.2071],[2.71625,49.201]]]},"properties":{"code_territoire":"iris600470000","libelle_territoire":"Baron (commune non irisée)"}},
{"type":"Feature","geometry":{"type":"Polygon","coordinates":[[[2.77934,49.44409],[2.77971,49.44626],[2.76648,49.45013],[2.77778,49.45733],[2.7708,49.46279],[2.77331,49.46819],[2.77018,49.46953],[2.76605,49.46758],[2.72595,49.46546],[2.7312,49.45398],[2.73658,49.45602],[2.74213,49.45025],[2.75,49.44949],[2.75393,49.44318],[2.76038,49.44175],[2.76118,49.43724],[2.76517,49.4365],[2.76511,49.44249],[2.77435,49.43958],[2.77934,49.44409]]]},"properties":{"code_territoire":"iris600480000","libelle_territoire":"Baugy (commune non irisée)"}},
{"type":"Feature","geometry":{"type":"Polygon","coordinates":[[[1.74488,49.53955],[1.74768,49.5465],[1.75355,49.54958],[1.75438,49.55153],[1.74287,49.56116],[1.73444,49.55689],[1.73,49.5614],[1.72682,49.55802],[1.73087,49.55631],[1.7228,49.54424],[1.73222,49.54114],[1.73928,49.54336],[1.74488,49.53955]]]},"properties":{"code_territoire":"iris600490000","libelle_territoire":"Bazancourt (commune non irisée)"}},
{"type":"Feature","geometry":{"type":"Polygon","coordinates":[[[2.62444,49.332],[2.6335,49.33486],[2.63184,49.34952],[2.64272,49.35215],[2.64712,49.35656],[2.63578,49.3544],[2.62247,49.35008],[2.61452,49.35427],[2.61648,49.35121],[2.60757,49.34699],[2.60741,49.3419],[2.61012,49.34239],[2.60776,49.33871],[2.6182,49.33035],[2.62444,49.332]]]},"properties":{"code_territoire":"iris600500000","libelle_territoire":"Bazicourt (commune non irisée)"}},
{"type":"Feature","geometry":{"type":"Polygon","coordinates":[[[2.09117,49.69109],[2.08156,49.69386],[2.07387,49.68635],[2.06538,49.68311],[2.06281,49.68611],[2.05615,49.68389],[2.05095,49.68634],[2.04642,49.68279],[2.04855,49.67804],[2.03461,49.67376],[2.04044,49.66585],[2.07547,49.67844],[2.07311,49.68179],[2.09117,49.69109]]]},"properties":{"code_territoire":"iris600510000","libelle_territoire":"Beaudéduit (commune non irisée)"}},
{"type":"Feature","geometry":{"type":"Polygon","coordinates":[[[3.09585,49.6232],[3.11281,49.63131],[3.10847,49.63694],[3.11301,49.63937],[3.10557,49.65014],[3.09645,49.65054],[3.0878,49.63983],[3.08555,49.63092],[3.0911,49.63055],[3.09585,49.6232]]]},"properties":{"code_territoire":"iris600520000","libelle_territoire":"Beaugies-sous-Bois (commune non irisée)"}},
{"type":"Feature","geometry":{"type":"Polygon","coordinates":[[[2.95597,49.66076],[2.94911,49.66464],[2.95385,49.66633],[2.94861,49.67506],[2.94324,49.67395],[2.94011,49.68045],[2.93474,49.67682],[2.93666,49.67417],[2.91679,49.67007],[2.91401,49.67562],[2.90296,49.68047],[2.89847,49.6864],[2.88842,49.68217],[2.89171,49.6729],[2.88855,49.67096],[2.88952,49.66718],[2.88405,49.66477],[2.88219,49.66896],[2.87736,49.66737],[2.88108,49.66272],[2.87116,49.66476],[2.87176,49.66176],[2.87547,49.6615],[2.87,49.65878],[2.88334,49.65093],[2.88769,49.64835],[2.89004,49.64959],[2.88718,49.65111],[2.90054,49.65614],[2.90461,49.65108],[2.91157,49.65338],[2.91727,49.6519],[2.92979,49.65716],[2.95336,49.66047],[2.95597,49.66076]]]},"properties":{"code_territoire":"iris600530000","libelle_territoire":"Beaulieu-les-Fontaines (commune non irisée)"}},
{"type":"Feature","geometry":{"type":"Polygon","coordinates":[[[1.96755,49.34422],[1.9606,49.33317],[1.96806,49.3309],[1.97109,49.33279],[1.9773,49.33024],[1.98335,49.33127],[1.99869,49.32622],[2.00679,49.3225],[2.01209,49.315],[2.01645,49.31339],[2.01437,49.31009],[2.01972,49.30711],[2.01957,49.30159],[2.02766,49.29833],[2.03078,49.30084],[2.03602,49.29502],[2.04054,49.29404],[2.03481,49.30898],[2.02796,49.31456],[2.03457,49.32207],[2.02341,49.32744],[2.02269,49.33475],[2.00185,49.33133],[1.99403,49.33667],[1.9968,49.34159],[1.97065,49.34769],[1.96755,49.34422]]]},"properties":{"code_territoire":"iris600540000","libelle_territoire":"Beaumont-les-Nonains (commune non irisée)"}},
{"type":"Feature","geometry":{"type":"Polygon","coordinates":[[[2.97996,49.5937],[2.98962,49.59516],[2.98221,49.60529],[2.98703,49.6143],[2.98451,49.6203],[2.9841,49.62029],[2.97276,49.61861],[2.95809,49.60665],[2.97996,49.5937]]]},"properties":{"code_territoire":"iris600550000","libelle_territoire":"Beaurains-lès-Noyon (commune non irisée)"}},
{"type":"Feature","geometry":{"type":"Polygon","coordinates":[[[2.58571,49.27858],[2.58482,49.29365],[2.58013,49.30332],[2.57661,49.30352],[2.54796,49.30075],[2.55071,49.29333],[2.57403,49.27717],[2.57995,49.27967],[2.58571,49.27858]]]},"properties":{"code_territoire":"iris600560000","libelle_territoire":"Beaurepaire (commune non irisée)"}},
{"type":"Feature","geometry":{"type":"Polygon","coordinates":[[[2.08172,49.43516],[2.07822,49.43315],[2.08849,49.42773],[2.09068,49.4345],[2.08638,49.4355],[2.08172,49.43516]]]},"properties":{"code_territoire":"iris600570101","libelle_territoire":"Cathédrale-Université"}},
{"type":"Feature","geometry":{"type":"Polygon","coordinates":[[[2.08849,49.42773],[2.07822,49.43315],[2.07807,49.4325],[2.07736,49.43072],[2.07521,49.42749],[2.08134,49.42589],[2.08628,49.42689],[2.08849,49.42773]]]},"properties":{"code_territoire":"iris600570102","libelle_territoire":"Saint-Étienne-Gare Routière"}},
{"type":"Feature","geometry":{"type":"Polygon","coordinates":[[[2.07807,49.4325],[2.07822,49.43315],[2.08172,49.43516],[2.07668,49.43826],[2.07215,49.44313],[2.06105,49.4509],[2.05041,49.44963],[2.0508,49.44724],[2.05833,49.43444],[2.06858,49.42914],[2.07521,49.42749],[2.07736,49.43072],[2.07807,49.4325]]]},"properties":{"code_territoire":"iris600570201","libelle_territoire":"Préfecture"}},
{"type":"Feature","geometry":{"type":"Polygon","coordinates":[[[2.05558,49.42868],[2.06858,49.42914],[2.05833,49.43444],[2.0508,49.44724],[2.05041,49.44963],[2.06105,49.4509],[2.05983,49.45823],[2.05748,49.45944],[2.05806,49.45713],[2.04757,49.456],[2.04444,49.45186],[2.03748,49.45268],[2.04395,49.44839],[2.03417,49.44383],[2.03634,49.44228],[2.04066,49.43912],[2.03476,49.43526],[2.04466,49.43548],[2.05558,49.42868]]]},"properties":{"code_territoire":"iris600570202","libelle_territoire":"Saint-Just des Marais"}},
{"type":"Feature","geometry":{"type":"Polygon","coordinates":[[[2.07668,49.43826],[2.0795,49.44222],[2.07215,49.44313],[2.07668,49.43826]]]},"properties":{"code_territoire":"iris600570301","libelle_territoire":"Saint-Lucien"}},
{"type":"Feature","geometry":{"type":"Polygon","coordinates":[[[2.06012,49.46262],[2.05983,49.45823],[2.06105,49.4509],[2.07215,49.44313],[2.0795,49.44222],[2.07668,49.43826],[2.08172,49.43516],[2.08638,49.4355],[2.08016,49.44179],[2.09235,49.45661],[2.09928,49.46051],[2.08867,49.46919],[2.09561,49.47417],[2.08426,49.48226],[2.07811,49.46972],[2.06473,49.46051],[2.06012,49.46262]]]},"properties":{"code_territoire":"iris600570302","libelle_territoire":"Jeanne Hachette-Bois Brûlé"}},
{"type":"Feature","geometry":{"type":"Polygon","coordinates":[[[2.09235,49.45661],[2.08016,49.44179],[2.08638,49.4355],[2.0885,49.43856],[2.09902,49.45242],[2.09235,49.45661]]]},"properties":{"code_territoire":"iris600570303","libelle_territoire":"Notre-Dame du Thil"}},
{"type":"Feature","geometry":{"type":"Polygon","coordinates":[[[2.10538,49.43291],[2.10279,49.43367],[2.0976,49.43646],[2.09189,49.43813],[2.0885,49.43856],[2.08638,49.4355],[2.09068,49.4345],[2.10426,49.43198],[2.10538,49.43291]]]},"properties":{"code_territoire":"iris600570401","libelle_territoire":"Félix Faure"}},
{"type":"Feature","geometry":{"type":"Polygon","coordinates":[[[2.09902,49.45242],[2.0885,49.43856],[2.09189,49.43813],[2.09541,49.44129],[2.10321,49.44043],[2.10337,49.4377],[2.10674,49.43616],[2.10538,49.43291],[2.10426,49.43198],[2.12549,49.42756],[2.12885,49.43398],[2.13385,49.43482],[2.12841,49.43845],[2.13653,49.43832],[2.14,49.44453],[2.13065,49.44386],[2.11849,49.45006],[2.11174,49.44246],[2.09902,49.45242]]]},"properties":{"code_territoire":"iris600570402","libelle_territoire":"Tilloy-Bas Romains"}},
{"type":"Feature","geometry":{"type":"Polygon","coordinates":[[[2.10337,49.4377],[2.0998,49.43662],[2.10279,49.43367],[2.10538,49.43291],[2.10674,49.43616],[2.10337,49.4377]]]},"properties":{"code_territoire":"iris600570403","libelle_territoire":"Argentine Est"}},
{"type":"Feature","geometry":{"type":"Polygon","coordinates":[[[2.09541,49.44129],[2.09189,49.43813],[2.0976,49.43646],[2.09926,49.43951],[2.09541,49.44129]]]},"properties":{"code_territoire":"iris600570404","libelle_territoire":"Argentine Ouest"}},
{"type":"Feature","geometry":{"type":"Polygon","coordinates":[[[2.09541,49.44129],[2.09926,49.43951],[2.0976,49.43646],[2.10279,49.43367],[2.0998,49.43662],[2.10337,49.4377],[2.10321,49.44043],[2.09541,49.44129]]]},"properties":{"code_territoire":"iris600570405","libelle_territoire":"Résidence Argentine"}},
{"type":"Feature","geometry":{"type":"Polygon","coordinates":[[[2.12549,49.42756],[2.10426,49.43198],[2.09068,49.4345],[2.08849,49.42773],[2.08628,49.42689],[2.12575,49.42055],[2.12549,49.42756]]]},"properties":{"code_territoire":"iris600570501","libelle_territoire":"Marissel"}},
{"type":"Feature","geometry":{"type":"Polygon","coordinates":[[[2.12575,49.42055],[2.08628,49.42689],[2.08134,49.42589],[2.09567,49.41439],[2.09934,49.41618],[2.11243,49.40845],[2.11688,49.40661],[2.1257,49.41947],[2.12575,49.42055]]]},"properties":{"code_territoire":"iris600570601","libelle_territoire":"Voisinlieu"}},
{"type":"Feature","geometry":{"type":"Polygon","coordinates":[[[2.06592,49.41818],[2.06751,49.41998],[2.07442,49.42463],[2.07454,49.42265],[2.08203,49.42126],[2.08165,49.41847],[2.08965,49.41334],[2.09567,49.41439],[2.08134,49.42589],[2.07521,49.42749],[2.06858,49.42914],[2.05558,49.42868],[2.05752,49.42705],[2.05369,49.42534],[2.05757,49.42122],[2.05632,49.41591],[2.06193,49.41942],[2.06592,49.41818]]]},"properties":{"code_territoire":"iris600570701","libelle_territoire":"Faubourg Saint-Jean-Truffaut"}},
{"type":"Feature","geometry":{"type":"Polygon","coordinates":[[[2.11243,49.40845],[2.09934,49.41618],[2.09567,49.41439],[2.08965,49.41334],[2.08165,49.41847],[2.0743,49.41765],[2.07112,49.41607],[2.07389,49.41628],[2.079,49.4089],[2.08945,49.40592],[2.08908,49.40282],[2.10387,49.40382],[2.11243,49.40845]]]},"properties":{"code_territoire":"iris600570702","libelle_territoire":"Berlioz-Champ de Manœuvre"}},
{"type":"Feature","geometry":{"type":"Polygon","coordinates":[[[2.079,49.4089],[2.07389,49.41628],[2.07112,49.41607],[2.0743,49.41765],[2.06751,49.41998],[2.06592,49.41818],[2.06431,49.41115],[2.07219,49.40696],[2.079,49.4089]]]},"properties":{"code_territoire":"iris600570703","libelle_territoire":"Résidence Saint-Jean"}},
{"type":"Feature","geometry":{"type":"Polygon","coordinates":[[[2.06751,49.41998],[2.0743,49.41765],[2.08165,49.41847],[2.08203,49.42126],[2.07454,49.42265],[2.07442,49.42463],[2.06751,49.41998]]]},"properties":{"code_territoire":"iris600570704","libelle_territoire":"Saint-Jean H.L.M."}},
{"type":"Feature","geometry":{"type":"Polygon","coordinates":[[[2.33101,49.62599],[2.33419,49.62212],[2.31701,49.61388],[2.31369,49.60705],[2.30782,49.60172],[2.30531,49.60321],[2.30337,49.59873],[2.30145,49.59385],[2.30998,49.59042],[2.3108,49.58734],[2.32072,49.58664],[2.33292,49.59081],[2.33641,49.58879],[2.33758,49.5954],[2.35026,49.60475],[2.35545,49.60992],[2.35675,49.61536],[2.35225,49.61622],[2.35471,49.6194],[2.34012,49.62904],[2.33101,49.62599]]]},"properties":{"code_territoire":"iris600580000","libelle_territoire":"Beauvoir (commune non irisée)"}},
{"type":"Feature","geometry":{"type":"Polygon","coordinates":[[[3.04369,49.60619],[3.05105,49.60497],[3.06106,49.58655],[3.07165,49.57563],[3.0781,49.57871],[3.06983,49.58094],[3.07493,49.59147],[3.08447,49.59488],[3.07853,49.59843],[3.07796,49.60315],[3.07482,49.60213],[3.07686,49.6058],[3.0392,49.61406],[3.03967,49.60774],[3.04369,49.60619]]]},"properties":{"code_territoire":"iris600590000","libelle_territoire":"Béhéricourt (commune non irisée)"}},
{"type":"Feature","geometry":{"type":"Polygon","coordinates":[[[2.22554,49.17689],[2.22345,49.18231],[2.2278,49.18722],[2.25109,49.19668],[2.24584,49.20399],[2.23051,49.20337],[2.22513,49.20354],[2.19856,49.18682],[2.18524,49.18369],[2.17609,49.17603],[2.19531,49.17312],[2.21317,49.17588],[2.21982,49.17959],[2.22554,49.17689]]]},"properties":{"code_territoire":"iris600600000","libelle_territoire":"Belle-Église (commune non irisée)"}},
{"type":"Feature","geometry":{"type":"Polygon","coordinates":[[[2.65643,49.54578],[2.65214,49.54593],[2.6519,49.54302],[2.64855,49.54436],[2.64476,49.54047],[2.64771,49.53821],[2.6416,49.5355],[2.64,49.52319],[2.64536,49.52126],[2.64663,49.52791],[2.65377,49.52729],[2.65657,49.53194],[2.66754,49.53417],[2.66914,49.53669],[2.66696,49.54051],[2.66324,49.54042],[2.66354,49.54551],[2.65643,49.54578]]]},"properties":{"code_territoire":"iris600610000","libelle_territoire":"Belloy (commune non irisée)"}},
{"type":"Feature","geometry":{"type":"Polygon","coordinates":[[[3.05966,49.67084],[3.06785,49.65996],[3.08897,49.66136],[3.08722,49.66653],[3.09906,49.68419],[3.10688,49.68862],[3.09992,49.6987],[3.09287,49.69983],[3.08493,49.6948],[3.08357,49.69046],[3.07972,49.69177],[3.07854,49.69024],[3.07783,49.6826],[3.06436,49.67137],[3.05966,49.67084]]]},"properties":{"code_territoire":"iris600620000","libelle_territoire":"Berlancourt (commune non irisée)"}},
{"type":"Feature","geometry":{"type":"Polygon","coordinates":[[[2.02519,49.35261],[2.0342,49.34755],[2.03479,49.34359],[2.04237,49.34468],[2.04787,49.34245],[2.05566,49.34479],[2.05248,49.34158],[2.05506,49.33878],[2.05111,49.3362],[2.06287,49.33214],[2.06309,49.33549],[2.06668,49.33593],[2.06906,49.33358],[2.07902,49.33268],[2.07755,49.34684],[2.08645,49.36004],[2.0823,49.36057],[2.08402,49.36808],[2.07599,49.3708],[2.07864,49.37321],[2.07341,49.37638],[2.06299,49.37699],[2.05838,49.38276],[2.04967,49.38443],[2.03952,49.36723],[2.03172,49.36273],[2.02519,49.35261]]]},"properties":{"code_territoire":"iris600630000","libelle_territoire":"Berneuil-en-Bray (commune non irisée)"}},
{"type":"Feature","geometry":{"type":"Polygon","coordinates":[[[3.01228,49.40708],[3.02183,49.40839],[3.02578,49.42171],[3.02408,49.42935],[3.01775,49.43012],[3.02261,49.4341],[3.01721,49.43584],[3.02538,49.44234],[3.023,49.44525],[3.02023,49.44672],[3.01768,49.44387],[3.00105,49.44278],[2.99835,49.42927],[2.98243,49.42024],[2.97496,49.42116],[2.95911,49.41798],[2.95874,49.41049],[2.96222,49.40838],[2.96947,49.41117],[2.97903,49.40981],[2.9899,49.41223],[3.00156,49.40699],[3.01228,49.40708]]]},"properties":{"code_territoire":"iris600640000","libelle_territoire":"Berneuil-sur-Aisne (commune non irisée)"}},
{"type":"Feature","geometry":{"type":"Polygon","coordinates":[[[2.22494,49.32437],[2.23424,49.33863],[2.2323,49.34082],[2.23714,49.34754],[2.2348,49.35038],[2.24234,49.35409],[2.23788,49.36218],[2.23445,49.36264],[2.22596,49.36334],[2.22292,49.35908],[2.21735,49.3581],[2.20438,49.35254],[2.20987,49.34851],[2.20596,49.3469],[2.20689,49.34226],[2.20764,49.33693],[2.22226,49.32243],[2.22494,49.32437]]]},"properties":{"code_territoire":"iris600650000","libelle_territoire":"Berthecourt (commune non irisée)"}},
{"type":"Feature","geometry":{"type":"Polygon","coordinates":[[[2.86272,49.27172],[2.88188,49.26928],[2.88801,49.26832],[2.88746,49.2742],[2.8935,49.27978],[2.89171,49.28542],[2.86903,49.28919],[2.86358,49.28862],[2.85999,49.28258],[2.86272,49.27172]]]},"properties":{"code_territoire":"iris600660000","libelle_territoire":"Béthancourt-en-Valois (commune non irisée)"}},
{"type":"Feature","geometry":{"type":"Polygon","coordinates":[[[1.77126,49.71016],[1.74502,49.69823],[1.75101,49.69524],[1.75232,49.68106],[1.76362,49.68754],[1.77,49.68347],[1.79513,49.68147],[1.7953,49.6815],[1.78681,49.69589],[1.77404,49.69975],[1.77126,49.71016]]]},"properties":{"code_territoire":"iris600010000","libelle_territoire":"Abancourt (commune non irisée)"}},
{"type":"Feature","geometry":{"type":"Polygon","coordinates":[[[2.13671,49.37079],[2.13012,49.36064],[2.14555,49.35042],[2.16076,49.34056],[2.15701,49.34746],[2.16082,49.34924],[2.16647,49.34788],[2.17303,49.3511],[2.16825,49.35782],[2.17115,49.36402],[2.16374,49.36605],[2.16582,49.36841],[2.17822,49.36703],[2.18152,49.37117],[2.17605,49.37625],[2.1703,49.37595],[2.17017,49.37886],[2.16196,49.3687],[2.14313,49.37497],[2.13665,49.37333],[2.13671,49.37079]]]},"properties":{"code_territoire":"iris600020000","libelle_territoire":"Abbecourt (commune non irisée)"}},
{"type":"Feature","geometry":{"type":"Polygon","coordinates":[[[2.18707,49.51897],[2.18157,49.52599],[2.15648,49.53341],[2.14683,49.52149],[2.14736,49.5139],[2.15066,49.51577],[2.15094,49.51308],[2.16468,49.51096],[2.16501,49.5073],[2.17025,49.50669],[2.18095,49.51706],[2.1862,49.5179],[2.18707,49.51897]]]},"properties":{"code_territoire":"iris600030000","libelle_territoire":"Abbeville-Saint-Lucien (commune non irisée)"}},
{"type":"Feature","geometry":{"type":"Polygon","coordinates":[[[1.98699,49.56514],[1.98399,49.58382],[1.97017,49.57433],[1.96564,49.56907],[1.96951,49.56598],[1.96681,49.56401],[1.95098,49.55767],[1.93447,49.55929],[1.939,49.55743],[1.93019,49.55147],[1.93243,49.54814],[1.94322,49.54311],[1.97077,49.54108],[1.9767,49.54382],[1.98707,49.54235],[1.99914,49.54825],[2.00828,49.55791],[2.00251,49.56171],[2.01035,49.56313],[2.00698,49.56711],[1.99656,49.56604],[1.99111,49.56267],[1.98699,49.56514]]]},"properties":{"code_territoire":"iris600040000","libelle_territoire":"Achy (commune non irisée)"}},
{"type":"Feature","geometry":{"type":"Polygon","coordinates":[[[2.93833,49.10481],[2.93643,49.10301],[2.94217,49.09964],[2.93631,49.09706],[2.93279,49.09857],[2.92999,49.09517],[2.94155,49.09079],[2.94181,49.09321],[2.94603,49.09356],[2.94582,49.08832],[2.95649,49.08529],[2.96519,49.09111],[2.97142,49.08897],[2.97738,49.10019],[2.97328,49.10103],[2.97325,49.1093],[2.96732,49.11378],[2.96696,49.13358],[2.95773,49.1344],[2.94937,49.13022],[2.94734,49.13377],[2.94422,49.12912],[2.93836,49.12993],[2.94266,49.12129],[2.93598,49.11626],[2.93833,49.10481]]]},"properties":{"code_territoire":"iris600050000","libelle_territoire":"Acy-en-Multien (commune non irisée)"}},
{"type":"Feature","geometry":{"type":"Polygon","coordinates":[[[2.78689,49.2893],[2.78075,49.27766],[2.78427,49.27606],[2.77767,49.27574],[2.77769,49.27338],[2.79161,49.27423],[2.8023,49.27066],[2.80857,49.26976],[2.80572,49.27636],[2.82164,49.27355],[2.82905,49.28501],[2.83585,49.28769],[2.83947,49.29246],[2.83515,49.30524],[2.82984,49.30657],[2.82964,49.30954],[2.82349,49.30779],[2.81602,49.29993],[2.78689,49.2893]]]},"properties":{"code_territoire":"iris600670000","libelle_territoire":"Béthisy-Saint-Martin (commune non irisée)"}},
{"type":"Feature","geometry":{"type":"Polygon","coordinates":[[[2.8216,49.30829],[2.81966,49.30966],[2.83126,49.31803],[2.80295,49.3214],[2.8031,49.31758],[2.79084,49.31431],[2.78357,49.30858],[2.77942,49.31133],[2.77404,49.30782],[2.78816,49.30261],[2.79603,49.29936],[2.78689,49.2893],[2.81602,49.29993],[2.82349,49.30779],[2.8216,49.30829]]]},"properties":{"code_territoire":"iris600680000","libelle_territoire":"Béthisy-Saint-Pierre (commune non irisée)"}},
{"type":"Feature","geometry":{"type":"Polygon","coordinates":[[[2.92086,49.18027],[2.91508,49.17564],[2.90838,49.17502],[2.91389,49.16775],[2.91027,49.16549],[2.91962,49.15634],[2.91658,49.15236],[2.92429,49.15004],[2.92864,49.14301],[2.93299,49.14372],[2.93572,49.14016],[2.94734,49.13377],[2.94937,49.13022],[2.95773,49.1344],[2.96696,49.13358],[2.97752,49.1494],[2.97275,49.15038],[2.97675,49.15346],[2.96997,49.15496],[2.96907,49.16071],[2.96399,49.16619],[2.94725,49.16903],[2.94203,49.17792],[2.92665,49.17648],[2.92605,49.17957],[2.92086,49.18027]]]},"properties":{"code_territoire":"iris600690000","libelle_territoire":"Betz (commune non irisée)"}},
{"type":"Feature","geometry":{"type":"Polygon","coordinates":[[[2.56992,49.31259],[2.578,49.30638],[2.60405,49.31053],[2.60316,49.33171],[2.57949,49.32845],[2.57218,49.32142],[2.57641,49.31544],[2.56992,49.31259]]]},"properties":{"code_territoire":"iris600060000","libelle_territoire":"Les Ageux (commune non irisée)"}},
{"type":"Feature","geometry":{"type":"Polygon","coordinates":[[[2.39545,49.38535],[2.39832,49.38833],[2.40631,49.38562],[2.40583,49.38929],[2.40563,49.39023],[2.39933,49.39508],[2.40194,49.40131],[2.39831,49.40411],[2.40583,49.4163],[2.39731,49.42005],[2.39972,49.42446],[2.38496,49.42353],[2.37281,49.41099],[2.37492,49.40856],[2.36894,49.40635],[2.36229,49.39041],[2.35152,49.39015],[2.34897,49.38602],[2.35438,49.38038],[2.35895,49.38091],[2.35652,49.37801],[2.3632,49.38179],[2.36219,49.38015],[2.36874,49.3809],[2.371,49.37688],[2.37627,49.37674],[2.37693,49.37301],[2.38069,49.37288],[2.37369,49.36755],[2.3721,49.36408],[2.37958,49.36649],[2.38836,49.36991],[2.386,49.37288],[2.39545,49.38535]]]},"properties":{"code_territoire":"iris600070000","libelle_territoire":"Agnetz (commune non irisée)"}},
{"type":"Feature","geometry":{"type":"Polygon","coordinates":[[[2.39972,49.42446],[2.39731,49.42005],[2.40583,49.4163],[2.39831,49.40411],[2.40194,49.40131],[2.41079,49.40753],[2.41248,49.41274],[2.4208,49.41139],[2.4275,49.41493],[2.44218,49.42542],[2.44538,49.43107],[2.4355,49.4317],[2.43541,49.43405],[2.41505,49.43521],[2.41255,49.43195],[2.39949,49.43125],[2.39972,49.42446]]]},"properties":{"code_territoire":"iris600080000","libelle_territoire":"Airion (commune non irisée)"}},
{"type":"Feature","geometry":{"type":"Polygon","coordinates":[[[2.07901,49.39898],[2.08436,49.39721],[2.08938,49.38918],[2.09363,49.39087],[2.10038,49.38315],[2.10525,49.38435],[2.10551,49.37763],[2.11947,49.36764],[2.12735,49.36997],[2.1372,49.37417],[2.13362,49.37858],[2.13672,49.3808],[2.13576,49.38718],[2.13148,49.38999],[2.12679,49.3881],[2.12753,49.39158],[2.12044,49.39227],[2.12147,49.39571],[2.13768,49.39664],[2.14002,49.4019],[2.14663,49.39988],[2.15929,49.40215],[2.15623,49.40433],[2.15863,49.40575],[2.14063,49.41944],[2.14196,49.42144],[2.136,49.42274],[2.12971,49.41862],[2.1257,49.41947],[2.11688,49.40661],[2.11243,49.40845],[2.10387,49.40382],[2.08908,49.40282],[2.08945,49.40592],[2.079,49.4089],[2.07219,49.40696],[2.07901,49.39898]]]},"properties":{"code_territoire":"iris600090000","libelle_territoire":"Allonne (commune non irisée)"}},
{"type":"Feature","geometry":{"type":"Polygon","coordinates":[[[2.84375,49.45258],[2.84241,49.4553],[2.82783,49.45959],[2.82478,49.45417],[2.80311,49.4441],[2.80519,49.44247],[2.81575,49.43509],[2.82134,49.43812],[2.84375,49.45258]]]},"properties":{"code_territoire":"iris600700000","libelle_territoire":"Bienville (commune non irisée)"}},
{"type":"Feature","geometry":{"type":"Polygon","coordinates":[[[2.73377,49.567],[2.73654,49.56526],[2.74208,49.56923],[2.75363,49.56808],[2.75701,49.57649],[2.74566,49.58095],[2.7489,49.58458],[2.73933,49.58765],[2.73625,49.58951],[2.73458,49.58703],[2.72645,49.588],[2.72377,49.57332],[2.73135,49.57174],[2.73027,49.5686],[2.73377,49.567]]]},"properties":{"code_territoire":"iris600710000","libelle_territoire":"Biermont (commune non irisée)"}},
{"type":"Feature","geometry":{"type":"Polygon","coordinates":[[[3.09028,49.39837],[3.09548,49.39815],[3.09791,49.41019],[3.0941,49.42098],[3.07209,49.42091],[3.07107,49.42344],[3.07901,49.42953],[3.07023,49.43356],[3.07085,49.43848],[3.06443,49.43804],[3.06577,49.42533],[3.06093,49.41454],[3.0693,49.41071],[3.07098,49.4039],[3.06562,49.39911],[3.08259,49.3979],[3.09028,49.39837]]]},"properties":{"code_territoire":"iris600720000","libelle_territoire":"Bitry (commune non irisée)"}},
{"type":"Feature","geometry":{"type":"Polygon","coordinates":[[[1.85596,49.47609],[1.84853,49.46697],[1.84002,49.46455],[1.82707,49.45007],[1.84689,49.44553],[1.84751,49.44296],[1.86319,49.44122],[1.87968,49.44069],[1.88045,49.44401],[1.88967,49.44446],[1.89239,49.4502],[1.8877,49.45742],[1.88525,49.46662],[1.86754,49.46973],[1.86619,49.47205],[1.86116,49.47057],[1.86224,49.47332],[1.85596,49.47609]]]},"properties":{"code_territoire":"iris600730000","libelle_territoire":"Blacourt (commune non irisée)"}},
{"type":"Feature","geometry":{"type":"Polygon","coordinates":[[[2.31619,49.23664],[2.3192,49.23504],[2.31721,49.23223],[2.32813,49.22388],[2.33314,49.21853],[2.3339,49.21088],[2.33921,49.21061],[2.33922,49.21484],[2.37474,49.21874],[2.36146,49.22858],[2.35988,49.23088],[2.36447,49.23321],[2.35936,49.23969],[2.3526,49.24119],[2.34259,49.24364],[2.31619,49.23664]]]},"properties":{"code_territoire":"iris600740000","libelle_territoire":"Blaincourt-lès-Précy (commune non irisée)"}},
{"type":"Feature","geometry":{"type":"Polygon","coordinates":[[[2.18375,49.67463],[2.17589,49.67384],[2.1764,49.66851],[2.17365,49.6532],[2.17883,49.64944],[2.18839,49.64908],[2.20929,49.66158],[2.20741,49.66648],[2.20138,49.66842],[2.20614,49.67123],[2.19118,49.67562],[2.18756,49.67238],[2.18375,49.67463]]]},"properties":{"code_territoire":"iris600750000","libelle_territoire":"Blancfossé (commune non irisée)"}},
{"type":"Feature","geometry":{"type":"Polygon","coordinates":[[[2.08017,49.22106],[2.08426,49.21744],[2.08074,49.21072],[2.07897,49.20592],[2.09093,49.20864],[2.09265,49.19532],[2.0889,49.19615],[2.08905,49.19378],[2.09228,49.19418],[2.09772,49.18917],[2.10912,49.19093],[2.11104,49.18698],[2.11636,49.18691],[2.12798,49.19359],[2.13522,49.19118],[2.13648,49.179],[2.14076,49.17892],[2.14124,49.18589],[2.14681,49.18802],[2.15238,49.18382],[2.15758,49.1879],[2.15466,49.19565],[2.16644,49.20156],[2.17261,49.20184],[2.17255,49.2125],[2.14831,49.21255],[2.12622,49.21462],[2.12006,49.21924],[2.11758,49.22696],[2.1154,49.23003],[2.11308,49.2322],[2.0983,49.22947],[2.08747,49.23358],[2.07712,49.23155],[2.08017,49.22106]]]},"properties":{"code_territoire":"iris600100000","libelle_territoire":"Amblainville (commune non irisée)"}},
{"type":"Feature","geometry":{"type":"Polygon","coordinates":[[[2.86504,49.62717],[2.86154,49.64129],[2.8463,49.6486],[2.84333,49.65849],[2.83766,49.66221],[2.83301,49.65934],[2.82779,49.66255],[2.82117,49.6592],[2.8049,49.65986],[2.8014,49.66197],[2.79686,49.66058],[2.80242,49.65877],[2.80506,49.64659],[2.81192,49.63931],[2.82185,49.63833],[2.82357,49.63458],[2.84107,49.63501],[2.84449,49.63084],[2.83992,49.6278],[2.82879,49.63421],[2.83047,49.62909],[2.82736,49.62665],[2.8168,49.63235],[2.816,49.62782],[2.82565,49.62185],[2.81969,49.61832],[2.84014,49.6184],[2.84625,49.6221],[2.84537,49.6261],[2.85216,49.62448],[2.86003,49.62894],[2.86222,49.62506],[2.86504,49.62717]]]},"properties":{"code_territoire":"iris600110000","libelle_territoire":"Amy (commune non irisée)"}},
{"type":"Feature","geometry":{"type":"Polygon","coordinates":[[[2.1597,49.25026],[2.17005,49.24375],[2.17466,49.24718],[2.17992,49.24388],[2.18249,49.24904],[2.17515,49.26041],[2.17366,49.26991],[2.16281,49.27292],[2.1613,49.26941],[2.15898,49.27332],[2.15902,49.26],[2.15132,49.25807],[2.15494,49.24998],[2.1597,49.25026]]]},"properties":{"code_territoire":"iris600120000","libelle_territoire":"Andeville (commune non irisée)"}},
{"type":"Feature","geometry":{"type":"Polygon","coordinates":[[[2.4855,49.2997],[2.49619,49.30289],[2.50152,49.30518],[2.50777,49.30217],[2.51462,49.30879],[2.51621,49.31853],[2.5214,49.3242],[2.51977,49.32824],[2.51337,49.32982],[2.48337,49.31849],[2.49268,49.30895],[2.48809,49.30693],[2.48383,49.30351],[2.4855,49.2997]]]},"properties":{"code_territoire":"iris600130000","libelle_territoire":"Angicourt (commune non irisée)"}},
{"type":"Feature","geometry":{"type":"Polygon","coordinates":[[[2.50952,49.50014],[2.50031,49.5009],[2.49564,49.49586],[2.47257,49.49844],[2.47206,49.49512],[2.48477,49.47929],[2.50128,49.4779],[2.50177,49.48203],[2.51415,49.48151],[2.51445,49.47721],[2.52602,49.47917],[2.52625,49.48143],[2.52411,49.48633],[2.51988,49.48871],[2.51697,49.4875],[2.51415,49.49494],[2.50768,49.49842],[2.50952,49.50014]]]},"properties":{"code_territoire":"iris600140000","libelle_territoire":"Angivillers (commune non irisée)"}},
{"type":"Feature","geometry":{"type":"Polygon","coordinates":[[[1.7743,49.65593],[1.77533,49.66182],[1.79496,49.66715],[1.79513,49.68147],[1.77,49.68347],[1.76362,49.68754],[1.75232,49.68106],[1.72288,49.67235],[1.7225,49.66161],[1.7433,49.66943],[1.75504,49.66456],[1.75155,49.65938],[1.75414,49.6569],[1.7743,49.65593]]]},"properties":{"code_territoire":"iris600760000","libelle_territoire":"Blargies (commune non irisée)"}},
{"type":"Feature","geometry":{"type":"Polygon","coordinates":[[[2.0562,49.58347],[2.04096,49.58049],[2.03362,49.5781],[2.03233,49.57179],[2.02666,49.56962],[2.02811,49.56412],[2.04005,49.55549],[2.04579,49.54538],[2.05238,49.5429],[2.06622,49.5454],[2.07447,49.53781],[2.08424,49.53554],[2.09357,49.5402],[2.08732,49.54478],[2.09044,49.5465],[2.08765,49.54978],[2.08179,49.55306],[2.09159,49.56556],[2.09163,49.56756],[2.08756,49.56452],[2.06667,49.56885],[2.07605,49.57509],[2.06964,49.5818],[2.06205,49.58366],[2.06004,49.58174],[2.0562,49.58347]]]},"properties":{"code_territoire":"iris600770000","libelle_territoire":"Blicourt (commune non irisée)"}},
{"type":"Feature","geometry":{"type":"Polygon","coordinates":[[[2.62068,49.39737],[2.61814,49.39272],[2.61095,49.39413],[2.60991,49.37404],[2.61638,49.37279],[2.61709,49.37487],[2.62459,49.37552],[2.63191,49.38511],[2.62256,49.39162],[2.62438,49.3974],[2.62068,49.39737]]]},"properties":{"code_territoire":"iris600780000","libelle_territoire":"Blincourt (commune non irisée)"}},
{"type":"Feature","geometry":{"type":"Polygon","coordinates":[[[2.8619,49.18703],[2.86351,49.18282],[2.85731,49.16349],[2.86062,49.14185],[2.87247,49.14089],[2.87711,49.14436],[2.88386,49.14304],[2.88428,49.15065],[2.88955,49.15302],[2.90426,49.15479],[2.90896,49.1521],[2.91658,49.15236],[2.91962,49.15634],[2.91027,49.16549],[2.91389,49.16775],[2.90838,49.17502],[2.90318,49.18015],[2.89212,49.18319],[2.89326,49.18527],[2.87956,49.18977],[2.87386,49.19105],[2.8619,49.18703]]]},"properties":{"code_territoire":"iris600790000","libelle_territoire":"Boissy-Fresnoy (commune non irisée)"}},
{"type":"Feature","geometry":{"type":"Polygon","coordinates":[[[2.15594,49.48541],[2.14956,49.48669],[2.13257,49.47466],[2.13725,49.47004],[2.13132,49.46996],[2.13507,49.46388],[2.14297,49.46592],[2.15571,49.45966],[2.16597,49.46838],[2.16526,49.47788],[2.15299,49.48269],[2.15594,49.48541]]]},"properties":{"code_territoire":"iris600810000","libelle_territoire":"Bonlier (commune non irisée)"}},
{"type":"Feature","geometry":{"type":"Polygon","coordinates":[[[2.18375,49.67463],[2.18756,49.67238],[2.19118,49.67562],[2.20614,49.67123],[2.20138,49.66842],[2.20741,49.66648],[2.21831,49.66965],[2.2206,49.66744],[2.23616,49.66668],[2.241,49.66156],[2.25024,49.66439],[2.24627,49.66754],[2.25051,49.66998],[2.25307,49.66722],[2.26748,49.66798],[2.26725,49.67072],[2.2735,49.671],[2.27314,49.67577],[2.29301,49.67009],[2.2953,49.67432],[2.29119,49.67569],[2.2901,49.68458],[2.28333,49.69027],[2.24973,49.69731],[2.24712,49.70172],[2.23267,49.70209],[2.23512,49.70003],[2.22777,49.69142],[2.23029,49.68944],[2.21519,49.68693],[2.20449,49.68603],[2.20097,49.6879],[2.1992,49.68219],[2.18375,49.67463]]]},"properties":{"code_territoire":"iris600820000","libelle_territoire":"Bonneuil-les-Eaux (commune non irisée)"}},
{"type":"Feature","geometry":{"type":"Polygon","coordinates":[[[2.32629,49.32054],[2.33186,49.32147],[2.33825,49.3275],[2.33323,49.33053],[2.34111,49.34187],[2.3438,49.34618],[2.33947,49.34602],[2.33992,49.34868],[2.32999,49.34649],[2.3289,49.3492],[2.3221,49.34029],[2.31807,49.34203],[2.32165,49.33492],[2.31619,49.33418],[2.31926,49.32944],[2.31605,49.32557],[2.32405,49.32362],[2.32629,49.32054]]]},"properties":{"code_territoire":"iris600150000","libelle_territoire":"Angy (commune non irisée)"}},
{"type":"Feature","geometry":{"type":"Polygon","coordinates":[[[2.3438,49.34618],[2.34111,49.34187],[2.35481,49.33392],[2.35683,49.33576],[2.36099,49.33423],[2.36311,49.33685],[2.37208,49.33433],[2.37617,49.33973],[2.38154,49.34083],[2.38499,49.3421],[2.38018,49.34646],[2.38508,49.34936],[2.37958,49.36649],[2.3721,49.36408],[2.37369,49.36755],[2.35763,49.36723],[2.35437,49.36088],[2.34828,49.3594],[2.34545,49.35798],[2.34967,49.35369],[2.3438,49.34618]]]},"properties":{"code_territoire":"iris600160000","libelle_territoire":"Ansacq (commune non irisée)"}},
{"type":"Feature","geometry":{"type":"Polygon","coordinates":[[[2.4096,49.55907],[2.40843,49.56756],[2.39225,49.57533],[2.3925,49.57895],[2.38934,49.5804],[2.3853,49.5769],[2.37406,49.58546],[2.36696,49.58486],[2.36438,49.58323],[2.37069,49.57998],[2.36773,49.57448],[2.36947,49.57056],[2.36193,49.56788],[2.37442,49.56637],[2.37072,49.56257],[2.38342,49.55673],[2.38182,49.55516],[2.39809,49.5483],[2.39532,49.5516],[2.41099,49.55764],[2.4096,49.55907]]]},"properties":{"code_territoire":"iris600170000","libelle_territoire":"Ansauvillers (commune non irisée)"}},
{"type":"Feature","geometry":{"type":"Polygon","coordinates":[[[2.7258,49.48817],[2.73898,49.49144],[2.74375,49.4861],[2.75099,49.48653],[2.75035,49.48433],[2.75963,49.48107],[2.76221,49.4826],[2.76356,49.48686],[2.76772,49.4856],[2.76935,49.49323],[2.75939,49.5053],[2.74073,49.50747],[2.73896,49.50445],[2.73496,49.5077],[2.73153,49.50595],[2.72025,49.51739],[2.70883,49.51936],[2.69696,49.51342],[2.70435,49.51111],[2.69635,49.50324],[2.70665,49.50191],[2.70174,49.49854],[2.70428,49.49544],[2.71575,49.4979],[2.7258,49.48817]]]},"properties":{"code_territoire":"iris600190000","libelle_territoire":"Antheuil-Portes (commune non irisée)"}},
{"type":"Feature","geometry":{"type":"Polygon","coordinates":[[[2.99788,49.14284],[3.00826,49.15932],[3.00087,49.16069],[2.9871,49.15827],[2.98048,49.16839],[2.97623,49.16699],[2.97356,49.1608],[2.96907,49.16071],[2.96997,49.15496],[2.97675,49.15346],[2.97275,49.15038],[2.97752,49.1494],[2.98231,49.1507],[2.99508,49.14288],[2.99788,49.14284]]]},"properties":{"code_territoire":"iris600200000","libelle_territoire":"Antilly (commune non irisée)"}},
{"type":"Feature","geometry":{"type":"Polygon","coordinates":[[[3.12649,49.5729],[3.14068,49.5751],[3.13096,49.5893],[3.13336,49.59001],[3.1239,49.59596],[3.1043,49.58775],[3.1127,49.56999],[3.12649,49.5729]]]},"properties":{"code_territoire":"iris600210000","libelle_territoire":"Appilly (commune non irisée)"}},
{"type":"Feature","geometry":{"type":"Polygon","coordinates":[[[2.95191,49.28053],[2.94906,49.27779],[2.95316,49.26873],[2.96253,49.27068],[2.97972,49.2562],[2.99105,49.26173],[3.00026,49.27451],[3.01037,49.2762],[3.01363,49.28196],[3.02054,49.29028],[3.01354,49.28918],[3.01284,49.29188],[3.0052,49.29312],[2.9958,49.28657],[2.98609,49.28782],[2.99561,49.29634],[2.99431,49.29845],[2.98927,49.29567],[2.98641,49.30004],[2.98121,49.29764],[2.98424,49.30132],[2.97719,49.29898],[2.97577,49.30216],[2.97008,49.30268],[2.96365,49.29361],[2.9638,49.28722],[2.95191,49.28053]]]},"properties":{"code_territoire":"iris600830000","libelle_territoire":"Bonneuil-en-Valois (commune non irisée)"}},
{"type":"Feature","geometry":{"type":"Polygon","coordinates":[[[1.94352,49.51494],[1.95182,49.512],[1.95134,49.50853],[1.93196,49.50132],[1.92886,49.49725],[1.93004,49.49398],[1.94296,49.49486],[1.94687,49.48914],[1.95419,49.49422],[1.96977,49.49855],[1.97343,49.49461],[1.97822,49.5002],[1.97866,49.50854],[1.97,49.51329],[1.9716,49.51785],[1.9674,49.52362],[1.94621,49.53091],[1.94135,49.51732],[1.94352,49.51494]]]},"properties":{"code_territoire":"iris600840000","libelle_territoire":"Bonnières (commune non irisée)"}},
{"type":"Feature","geometry":{"type":"Polygon","coordinates":[[[2.36773,49.57448],[2.37069,49.57998],[2.36438,49.58323],[2.36696,49.58486],[2.3648,49.59213],[2.35493,49.59696],[2.35026,49.60475],[2.33758,49.5954],[2.33641,49.58879],[2.34197,49.5694],[2.34611,49.57263],[2.35169,49.57342],[2.35178,49.57132],[2.36773,49.57448]]]},"properties":{"code_territoire":"iris600850000","libelle_territoire":"Bonvillers (commune non irisée)"}},
{"type":"Feature","geometry":{"type":"Polygon","coordinates":[[[2.54805,49.22251],[2.5408,49.22607],[2.52848,49.23999],[2.53087,49.24273],[2.53157,49.24712],[2.51232,49.25583],[2.5101,49.24805],[2.51505,49.2461],[2.51484,49.24285],[2.48754,49.23676],[2.48258,49.22575],[2.4736,49.22724],[2.47266,49.22191],[2.48601,49.21974],[2.48474,49.21599],[2.52621,49.21286],[2.52809,49.21048],[2.54225,49.21527],[2.54805,49.22251]]]},"properties":{"code_territoire":"iris600220000","libelle_territoire":"Apremont (commune non irisée)"}},
{"type":"Feature","geometry":{"type":"Polygon","coordinates":[[[2.76441,49.36079],[2.77696,49.37636],[2.75721,49.37925],[2.75555,49.36324],[2.76441,49.36079]]]},"properties":{"code_territoire":"iris600230000","libelle_territoire":"Armancourt (commune non irisée)"}},
{"type":"Feature","geometry":{"type":"Polygon","coordinates":[[[2.72765,49.41362],[2.72592,49.41225],[2.71638,49.41559],[2.69925,49.4138],[2.69445,49.41115],[2.69067,49.41535],[2.6732,49.4153],[2.66341,49.40967],[2.66236,49.4056],[2.66658,49.3988],[2.66455,49.39621],[2.6724,49.39184],[2.67469,49.3928],[2.67756,49.38977],[2.67727,49.3924],[2.68454,49.39269],[2.68267,49.39723],[2.69662,49.39803],[2.69543,49.4014],[2.70433,49.40101],[2.70399,49.40396],[2.71529,49.40537],[2.72349,49.40663],[2.73096,49.41136],[2.72765,49.41362]]]},"properties":{"code_territoire":"iris600240000","libelle_territoire":"Arsy (commune non irisée)"}},
{"type":"Feature","geometry":{"type":"Polygon","coordinates":[[[3.023,49.44525],[3.02538,49.44234],[3.01721,49.43584],[3.02261,49.4341],[3.01775,49.43012],[3.02408,49.42935],[3.02578,49.42171],[3.02183,49.40839],[3.03909,49.40893],[3.03815,49.4063],[3.04508,49.40401],[3.05299,49.4045],[3.06118,49.39911],[3.06562,49.39911],[3.07098,49.4039],[3.0693,49.41071],[3.06093,49.41454],[3.06577,49.42533],[3.06443,49.43804],[3.06131,49.4376],[3.06215,49.44378],[3.05593,49.44414],[3.0579,49.4475],[3.04887,49.45122],[3.03072,49.44769],[3.023,49.44525]]]},"properties":{"code_territoire":"iris600250000","libelle_territoire":"Attichy (commune non irisée)"}},
{"type":"Feature","geometry":{"type":"Polygon","coordinates":[[[2.11257,49.58975],[2.10344,49.58429],[2.09876,49.58565],[2.10188,49.5824],[2.09866,49.57877],[2.10182,49.57716],[2.09778,49.5692],[2.10217,49.5676],[2.09639,49.56147],[2.10241,49.55865],[2.10294,49.56066],[2.10494,49.55921],[2.11734,49.56248],[2.11796,49.5606],[2.12361,49.56348],[2.12607,49.56174],[2.13224,49.56639],[2.13541,49.56411],[2.14496,49.56396],[2.14558,49.57458],[2.14145,49.57519],[2.13791,49.5809],[2.11257,49.58975]]]},"properties":{"code_territoire":"iris600260000","libelle_territoire":"Auchy-la-Montagne (commune non irisée)"}},
{"type":"Feature","geometry":{"type":"Polygon","coordinates":[[[2.81877,49.18491],[2.82991,49.20586],[2.8336,49.20576],[2.83404,49.20946],[2.83803,49.20902],[2.83985,49.21139],[2.83277,49.23107],[2.82252,49.23584],[2.80879,49.23476],[2.81018,49.23162],[2.79036,49.2265],[2.78712,49.21435],[2.79106,49.21415],[2.79331,49.20915],[2.79079,49.19955],[2.79272,49.19515],[2.80391,49.19464],[2.80283,49.19106],[2.80868,49.19047],[2.80856,49.18752],[2.81877,49.18491]]]},"properties":{"code_territoire":"iris600270000","libelle_territoire":"Auger-Saint-Vincent (commune non irisée)"}},
{"type":"Feature","geometry":{"type":"Polygon","coordinates":[[[2.37331,49.15937],[2.36949,49.1663],[2.37406,49.17309],[2.36919,49.1752],[2.37086,49.18541],[2.363,49.19221],[2.34632,49.1928],[2.33564,49.19705],[2.34116,49.194],[2.33709,49.19111],[2.33463,49.19357],[2.32927,49.19211],[2.32841,49.18644],[2.3216,49.18437],[2.32063,49.18129],[2.34595,49.16235],[2.35535,49.15328],[2.35598,49.14869],[2.35934,49.14733],[2.36221,49.15254],[2.37331,49.15937]]]},"properties":{"code_territoire":"iris600860000","libelle_territoire":"Boran-sur-Oise (commune non irisée)"}},
{"type":"Feature","geometry":{"type":"Polygon","coordinates":[[[2.6319,49.17082],[2.63766,49.17055],[2.64591,49.16381],[2.66232,49.16003],[2.6615,49.16432],[2.67357,49.17038],[2.67592,49.17985],[2.69497,49.19732],[2.70148,49.19434],[2.71412,49.20001],[2.71625,49.201],[2.70931,49.20646],[2.69244,49.20443],[2.69171,49.21205],[2.68663,49.2138],[2.68072,49.21571],[2.67462,49.2135],[2.67216,49.20558],[2.66596,49.2042],[2.66867,49.19844],[2.66377,49.19959],[2.65107,49.18187],[2.6319,49.17082]]]},"properties":{"code_territoire":"iris600870000","libelle_territoire":"Borest (commune non irisée)"}},
{"type":"Feature","geometry":{"type":"Polygon","coordinates":[[[2.15238,49.18382],[2.16454,49.17953],[2.15803,49.17263],[2.16879,49.16395],[2.1714,49.16783],[2.18225,49.17038],[2.17609,49.17603],[2.18524,49.18369],[2.19856,49.18682],[2.22513,49.20354],[2.23051,49.20337],[2.23064,49.20521],[2.22737,49.20778],[2.22367,49.20533],[2.21419,49.21344],[2.216,49.22266],[2.22462,49.22268],[2.21962,49.22528],[2.22564,49.22823],[2.22137,49.23325],[2.2067,49.25363],[2.19953,49.25223],[2.19774,49.24231],[2.20031,49.24108],[2.1766,49.22379],[2.17255,49.2125],[2.17261,49.20184],[2.16644,49.20156],[2.15466,49.19565],[2.15758,49.1879],[2.15238,49.18382]]]},"properties":{"code_territoire":"iris600880000","libelle_territoire":"Bornel (commune non irisée)"}},
{"type":"Feature","geometry":{"type":"Polygon","coordinates":[[[1.88625,49.23758],[1.87505,49.23703],[1.86281,49.23173],[1.86632,49.22883],[1.84776,49.22219],[1.85262,49.21765],[1.84516,49.2168],[1.85043,49.21357],[1.84492,49.20857],[1.84934,49.20374],[1.85987,49.20361],[1.86107,49.20011],[1.87179,49.19425],[1.87575,49.19731],[1.87759,49.19606],[1.88089,49.20641],[1.88652,49.20794],[1.89274,49.21601],[1.89643,49.22292],[1.88803,49.22655],[1.88625,49.23758]]]},"properties":{"code_territoire":"iris600890000","libelle_territoire":"Boubiers (commune non irisée)"}},
{"type":"Feature","geometry":{"type":"Polygon","coordinates":[[[2.55949,49.21266],[2.57456,49.2259],[2.56661,49.23039],[2.571,49.23464],[2.56377,49.23659],[2.56764,49.24267],[2.55377,49.24446],[2.54873,49.25054],[2.53087,49.24273],[2.52848,49.23999],[2.5408,49.22607],[2.54805,49.22251],[2.55949,49.21266]]]},"properties":{"code_territoire":"iris600280000","libelle_territoire":"Aumont-en-Halatte (commune non irisée)"}},
{"type":"Feature","geometry":{"type":"Polygon","coordinates":[[[1.93563,49.36782],[1.93983,49.36516],[1.94637,49.36913],[1.95592,49.36198],[1.96552,49.35888],[1.96554,49.35595],[1.97869,49.35337],[1.97716,49.35031],[1.9704,49.3516],[1.97065,49.34769],[1.9968,49.34159],[2.00416,49.34725],[1.99728,49.35168],[2,49.36035],[2.01456,49.35846],[2.01556,49.35583],[2.0201,49.3565],[2.02519,49.35261],[2.03172,49.36273],[2.03952,49.36723],[2.04967,49.38443],[2.04829,49.3854],[2.03204,49.37415],[2.02048,49.38547],[2.01577,49.3845],[2.00425,49.38925],[2.00221,49.39117],[2.00624,49.39361],[1.99587,49.40005],[1.98177,49.39462],[1.97394,49.39637],[1.97567,49.39963],[1.97033,49.40003],[1.97105,49.39187],[1.96159,49.38679],[1.94676,49.39292],[1.94154,49.38709],[1.94706,49.38471],[1.93773,49.37764],[1.94012,49.37519],[1.93153,49.37],[1.93312,49.36707],[1.93563,49.36782]]]},"properties":{"code_territoire":"iris600290000","libelle_territoire":"Auneuil (commune non irisée)"}},
{"type":"Feature","geometry":{"type":"Polygon","coordinates":[[[2.06242,49.32295],[2.06699,49.32259],[2.06104,49.31741],[2.07761,49.31484],[2.08578,49.31933],[2.08396,49.32585],[2.0967,49.32514],[2.10788,49.32926],[2.10458,49.33806],[2.1114,49.34728],[2.10343,49.35256],[2.10759,49.3538],[2.1123,49.36311],[2.12173,49.3651],[2.11042,49.36878],[2.11248,49.37053],[2.10533,49.37285],[2.10413,49.37704],[2.09135,49.37215],[2.08645,49.36004],[2.07755,49.34684],[2.07902,49.33268],[2.06242,49.32295]]]},"properties":{"code_territoire":"iris600300000","libelle_territoire":"Auteuil (commune non irisée)"}},
{"type":"Feature","geometry":{"type":"Polygon","coordinates":[[[3.03801,49.16913],[3.03875,49.16877],[3.04917,49.17294],[3.05667,49.16793],[3.08471,49.15934],[3.08383,49.16297],[3.08079,49.17505],[3.08806,49.18672],[3.08094,49.18789],[3.0856,49.19053],[3.08174,49.19309],[3.08434,49.19276],[3.07439,49.19709],[3.06375,49.19303],[3.0573,49.19585],[3.05316,49.19021],[3.04619,49.18818],[3.04708,49.18508],[3.04252,49.1846],[3.03489,49.18363],[3.03801,49.16913]]]},"properties":{"code_territoire":"iris600310000","libelle_territoire":"Autheuil-en-Valois (commune non irisée)"}},
{"type":"Feature","geometry":{"type":"Polygon","coordinates":[[[1.93437,49.17354],[1.93199,49.17929],[1.92592,49.17481],[1.91793,49.17886],[1.91028,49.17772],[1.90029,49.18465],[1.89511,49.18421],[1.87614,49.17505],[1.88366,49.16609],[1.88295,49.16258],[1.92437,49.1736],[1.93437,49.17354]]]},"properties":{"code_territoire":"iris600900000","libelle_territoire":"Bouconvillers (commune non irisée)"}},
{"type":"Feature","geometry":{"type":"Polygon","coordinates":[[[2.87092,49.10768],[2.89215,49.10685],[2.90204,49.10133],[2.91816,49.09906],[2.92818,49.10642],[2.92675,49.10937],[2.93095,49.11025],[2.93833,49.10481],[2.93598,49.11626],[2.94266,49.12129],[2.93836,49.12993],[2.94422,49.12912],[2.94734,49.13377],[2.93572,49.14016],[2.91136,49.12683],[2.89232,49.12878],[2.89145,49.12562],[2.8813,49.12435],[2.87092,49.10768]]]},"properties":{"code_territoire":"iris600910000","libelle_territoire":"Bouillancy (commune non irisée)"}},
{"type":"Feature","geometry":{"type":"Polygon","coordinates":[[[2.99508,49.14288],[2.98642,49.1312],[2.98747,49.12373],[2.99486,49.1171],[3.00621,49.11604],[3.03912,49.13189],[3.04165,49.13335],[3.0196,49.14199],[2.99788,49.14284],[2.99508,49.14288]]]},"properties":{"code_territoire":"iris600920000","libelle_territoire":"Boullarre (commune non irisée)"}},
{"type":"Feature","geometry":{"type":"Polygon","coordinates":[[[2.67421,49.60006],[2.67908,49.5969],[2.683,49.59914],[2.69318,49.59794],[2.70092,49.5889],[2.70644,49.58759],[2.70792,49.59047],[2.71634,49.59001],[2.71982,49.59963],[2.71447,49.60354],[2.71461,49.60778],[2.72186,49.60982],[2.72093,49.62164],[2.70755,49.62678],[2.70222,49.62385],[2.69985,49.62638],[2.68871,49.62544],[2.68809,49.61401],[2.6814,49.60988],[2.68262,49.60775],[2.67477,49.60579],[2.67421,49.60006]]]},"properties":{"code_territoire":"iris600930000","libelle_territoire":"Boulogne-la-Grasse (commune non irisée)"}},
{"type":"Feature","geometry":{"type":"Polygon","coordinates":[[[3.03508,49.2058],[3.03166,49.20167],[3.04252,49.1846],[3.04708,49.18508],[3.04619,49.18818],[3.05316,49.19021],[3.0573,49.19585],[3.06375,49.19303],[3.05629,49.20007],[3.06509,49.20487],[3.05573,49.20452],[3.04619,49.21006],[3.04194,49.20964],[3.04097,49.20586],[3.03508,49.2058]]]},"properties":{"code_territoire":"iris600940000","libelle_territoire":"Boursonne (commune non irisée)"}},
{"type":"Feature","geometry":{"type":"Polygon","coordinates":[[[3.10051,49.4393],[3.11071,49.43826],[3.12368,49.43116],[3.14432,49.43397],[3.16514,49.44084],[3.16155,49.44144],[3.16215,49.44596],[3.16576,49.44722],[3.16064,49.45187],[3.10732,49.46821],[3.09329,49.46866],[3.1008,49.46057],[3.10051,49.43951],[3.10051,49.4393]]]},"properties":{"code_territoire":"iris600320000","libelle_territoire":"Autrêches (commune non irisée)"}},
{"type":"Feature","geometry":{"type":"Polygon","coordinates":[[[2.52613,49.17257],[2.53906,49.169],[2.55295,49.17459],[2.56029,49.18852],[2.56435,49.19185],[2.56004,49.19275],[2.56132,49.19525],[2.55641,49.19857],[2.55655,49.19639],[2.54419,49.19769],[2.5258,49.19377],[2.52469,49.19657],[2.501,49.1946],[2.49702,49.18437],[2.49139,49.18329],[2.50884,49.16653],[2.52613,49.17257]]]},"properties":{"code_territoire":"iris600330000","libelle_territoire":"Avilly-Saint-Léonard (commune non irisée)"}},
{"type":"Feature","geometry":{"type":"Polygon","coordinates":[[[2.4546,49.45991],[2.45009,49.45621],[2.44467,49.45795],[2.43493,49.45559],[2.42113,49.4602],[2.40515,49.45577],[2.39991,49.45813],[2.3967,49.45475],[2.39191,49.44846],[2.39544,49.44376],[2.37996,49.44514],[2.38289,49.43912],[2.39898,49.43656],[2.39949,49.43125],[2.41255,49.43195],[2.41505,49.43521],[2.43541,49.43405],[2.4355,49.4317],[2.44538,49.43107],[2.45073,49.42922],[2.45761,49.43697],[2.44886,49.44156],[2.44857,49.44494],[2.4529,49.44382],[2.45641,49.44674],[2.45807,49.45718],[2.4546,49.45991]]]},"properties":{"code_territoire":"iris600340000","libelle_territoire":"Avrechy (commune non irisée)"}},
{"type":"Feature","geometry":{"type":"Polygon","coordinates":[[[2.84751,49.67222],[2.85005,49.66229],[2.84333,49.65849],[2.8463,49.6486],[2.86154,49.64129],[2.86504,49.62717],[2.87042,49.63204],[2.87679,49.63171],[2.88059,49.63589],[2.87665,49.63749],[2.87952,49.64111],[2.88743,49.64281],[2.88203,49.64594],[2.88334,49.65093],[2.87,49.65878],[2.84751,49.67222]]]},"properties":{"code_territoire":"iris600350000","libelle_territoire":"Avricourt (commune non irisée)"}},
{"type":"Feature","geometry":{"type":"Polygon","coordinates":[[[2.57677,49.36797],[2.59317,49.3911],[2.59287,49.40009],[2.57291,49.40668],[2.57112,49.40504],[2.55861,49.38447],[2.56419,49.38392],[2.57078,49.36998],[2.57677,49.36797]]]},"properties":{"code_territoire":"iris600360000","libelle_territoire":"Avrigny (commune non irisée)"}},
{"type":"Feature","geometry":{"type":"Polygon","coordinates":[[[3.1043,49.58775],[3.09909,49.59645],[3.10276,49.59903],[3.09681,49.60227],[3.08447,49.59488],[3.07493,49.59147],[3.06983,49.58094],[3.0781,49.57871],[3.07165,49.57563],[3.07081,49.57226],[3.07714,49.56908],[3.07837,49.57082],[3.09093,49.56831],[3.10183,49.57161],[3.1127,49.56999],[3.1043,49.58775]]]},"properties":{"code_territoire":"iris600370000","libelle_territoire":"Babœuf (commune non irisée)"}},
{"type":"Feature","geometry":{"type":"Polygon","coordinates":[[[1.76694,49.25204],[1.72952,49.25534],[1.72475,49.25478],[1.72004,49.24905],[1.70454,49.24928],[1.70512,49.25267],[1.70123,49.25182],[1.6986,49.24708],[1.70208,49.23893],[1.69896,49.23501],[1.70435,49.23243],[1.70933,49.24146],[1.71259,49.24125],[1.71211,49.23302],[1.72966,49.2292],[1.74046,49.22367],[1.7404,49.22283],[1.74584,49.22452],[1.75148,49.24047],[1.7697,49.24275],[1.77691,49.2457],[1.7909,49.24385],[1.7903,49.24682],[1.7891,49.24903],[1.77945,49.2485],[1.76694,49.25204]]]},"properties":{"code_territoire":"iris600950000","libelle_territoire":"Boury-en-Vexin (commune non irisée)"}},
{"type":"Feature","geometry":{"type":"Polygon","coordinates":[[[1.90981,49.33279],[1.90432,49.33355],[1.89228,49.32613],[1.88924,49.32812],[1.88003,49.3288],[1.87696,49.33161],[1.86777,49.32695],[1.86489,49.32202],[1.85681,49.32862],[1.85959,49.33058],[1.85122,49.33438],[1.83989,49.31621],[1.85782,49.31023],[1.86175,49.30333],[1.87374,49.3158],[1.88974,49.31111],[1.89137,49.31988],[1.89544,49.3185],[1.89478,49.32107],[1.89786,49.32065],[1.91074,49.33163],[1.90981,49.33279]]]},"properties":{"code_territoire":"iris600970000","libelle_territoire":"Boutencourt (commune non irisée)"}},
{"type":"Feature","geometry":{"type":"Polygon","coordinates":[[[1.7743,49.65593],[1.75414,49.6569],[1.75155,49.65938],[1.74089,49.65237],[1.74324,49.6446],[1.74755,49.64271],[1.75927,49.64824],[1.77556,49.64802],[1.7743,49.65593]]]},"properties":{"code_territoire":"iris600980000","libelle_territoire":"Bouvresse (commune non irisée)"}},
{"type":"Feature","geometry":{"type":"Polygon","coordinates":[[[2.76605,49.46758],[2.77018,49.46953],[2.77331,49.46819],[2.77424,49.47036],[2.78093,49.46865],[2.77899,49.47422],[2.78551,49.47176],[2.78584,49.47442],[2.79262,49.47431],[2.78386,49.47917],[2.77441,49.48509],[2.76772,49.4856],[2.76356,49.48686],[2.76221,49.4826],[2.76605,49.46758]]]},"properties":{"code_territoire":"iris600990000","libelle_territoire":"Braisnes-sur-Aronde (commune non irisée)"}},
{"type":"Feature","geometry":{"type":"Polygon","coordinates":[[[2.65979,49.23254],[2.66884,49.2322],[2.67517,49.23368],[2.67211,49.2374],[2.70362,49.24998],[2.69653,49.26023],[2.70193,49.26177],[2.7021,49.26732],[2.6884,49.26924],[2.66538,49.25955],[2.66624,49.25745],[2.65816,49.25345],[2.65979,49.23254]]]},"properties":{"code_territoire":"iris601000000","libelle_territoire":"Brasseuse (commune non irisée)"}},
{"type":"Feature","geometry":{"type":"Polygon","coordinates":[[[2.90144,49.08534],[2.89608,49.08799],[2.90476,49.09411],[2.90613,49.0985],[2.90204,49.10133],[2.89215,49.10685],[2.87092,49.10768],[2.85513,49.10181],[2.85333,49.09698],[2.84829,49.09667],[2.84508,49.08483],[2.85464,49.07044],[2.87016,49.0701],[2.88755,49.0795],[2.89571,49.07725],[2.90144,49.08534]]]},"properties":{"code_territoire":"iris601010000","libelle_territoire":"Brégy (commune non irisée)"}},
{"type":"Feature","geometry":{"type":"Polygon","coordinates":[[[2.54796,49.30075],[2.57661,49.30352],[2.578,49.30638],[2.56992,49.31259],[2.54607,49.31504],[2.54131,49.31066],[2.52324,49.3069],[2.52606,49.29893],[2.53954,49.30182],[2.54796,49.30075]]]},"properties":{"code_territoire":"iris601020000","libelle_territoire":"Brenouille (commune non irisée)"}},
{"type":"Feature","geometry":{"type":"Polygon","coordinates":[[[2.27645,49.38791],[2.2798,49.38885],[2.27255,49.40047],[2.27624,49.40158],[2.2797,49.43047],[2.28072,49.43444],[2.27437,49.43743],[2.2699,49.43602],[2.26113,49.43963],[2.24908,49.43513],[2.24793,49.43757],[2.24313,49.43784],[2.24473,49.44082],[2.23665,49.44103],[2.23196,49.4371],[2.22369,49.42135],[2.21941,49.41962],[2.21559,49.40351],[2.21197,49.40104],[2.21375,49.3978],[2.21272,49.39466],[2.2155,49.3945],[2.22016,49.40039],[2.22808,49.40199],[2.22979,49.39245],[2.25039,49.39282],[2.26611,49.38383],[2.27211,49.3892],[2.27645,49.38791]]]},"properties":{"code_territoire":"iris601030000","libelle_territoire":"Bresles (commune non irisée)"}},
{"type":"Feature","geometry":{"type":"Polygon","coordinates":[[[3.04369,49.60619],[3.03967,49.60774],[3.0392,49.61406],[3.05709,49.61769],[3.05451,49.62068],[3.04719,49.62137],[3.0462,49.62406],[3.03793,49.62635],[3.03728,49.63155],[3.04272,49.63912],[3.01116,49.64069],[2.99877,49.63505],[2.99549,49.63049],[2.99768,49.62863],[3.00341,49.63107],[2.99694,49.62411],[3.00375,49.62297],[3.00696,49.61907],[3.00859,49.60824],[3.02878,49.60535],[3.03442,49.60688],[3.04312,49.60172],[3.04896,49.60337],[3.04369,49.60619]]]},"properties":{"code_territoire":"iris601810000","libelle_territoire":"Crisolles (commune non irisée)"}},
{"type":"Feature","geometry":{"type":"Polygon","coordinates":[[[2.20333,49.62652],[2.20344,49.62982],[2.19293,49.62422],[2.18787,49.62534],[2.17767,49.63496],[2.17636,49.61294],[2.20269,49.61382],[2.20333,49.62652]]]},"properties":{"code_territoire":"iris601820000","libelle_territoire":"Le Crocq (commune non irisée)"}},
{"type":"Feature","geometry":{"type":"Polygon","coordinates":[[[2.21519,49.68693],[2.1921,49.70277],[2.15176,49.70216],[2.1408,49.69147],[2.12421,49.68786],[2.12573,49.6835],[2.13881,49.68141],[2.14377,49.68585],[2.16789,49.68419],[2.17468,49.68018],[2.1707,49.66929],[2.1764,49.66851],[2.17589,49.67384],[2.18375,49.67463],[2.1992,49.68219],[2.20097,49.6879],[2.20449,49.68603],[2.21519,49.68693]]]},"properties":{"code_territoire":"iris601830000","libelle_territoire":"Croissy-sur-Celle (commune non irisée)"}},
{"type":"Feature","geometry":{"type":"Polygon","coordinates":[[[3.02349,49.37821],[3.02835,49.37488],[3.02447,49.36713],[3.0287,49.36542],[3.03731,49.36338],[3.04551,49.36418],[3.03974,49.36552],[3.04535,49.37265],[3.04198,49.38413],[3.04839,49.38731],[3.0353,49.39295],[3.03327,49.38886],[3.02879,49.38968],[3.03437,49.38616],[3.02961,49.37988],[3.02351,49.3802],[3.02349,49.37821]]]},"properties":{"code_territoire":"iris601840000","libelle_territoire":"Croutoy (commune non irisée)"}},
{"type":"Feature","geometry":{"type":"Polygon","coordinates":[[[2.32813,49.22388],[2.30136,49.22176],[2.30241,49.20788],[2.31501,49.20397],[2.31699,49.19909],[2.325,49.19773],[2.32927,49.19211],[2.33463,49.19357],[2.33709,49.19111],[2.34116,49.194],[2.33564,49.19705],[2.33166,49.20028],[2.3339,49.21088],[2.33314,49.21853],[2.32813,49.22388]]]},"properties":{"code_territoire":"iris601850000","libelle_territoire":"Crouy-en-Thelle (commune non irisée)"}},
{"type":"Feature","geometry":{"type":"Polygon","coordinates":[[[2.26891,49.61257],[2.29115,49.62528],[2.2996,49.62452],[2.31004,49.62849],[2.32584,49.624],[2.33101,49.62599],[2.34012,49.62904],[2.33654,49.63778],[2.33398,49.6439],[2.33206,49.64865],[2.3213,49.64546],[2.31143,49.65005],[2.30415,49.64747],[2.30426,49.656],[2.30001,49.65573],[2.30033,49.66037],[2.29497,49.65911],[2.2943,49.65074],[2.27286,49.64647],[2.27051,49.63687],[2.24366,49.63247],[2.23477,49.63106],[2.25032,49.62766],[2.24863,49.6224],[2.25437,49.61558],[2.2609,49.61744],[2.26672,49.61165],[2.26891,49.61257]]]},"properties":{"code_territoire":"iris601040000","libelle_territoire":"Breteuil (commune non irisée)"}},
{"type":"Feature","geometry":{"type":"Polygon","coordinates":[[[3.12649,49.5729],[3.1127,49.56999],[3.10183,49.57161],[3.09093,49.56831],[3.09619,49.55978],[3.10931,49.55505],[3.10967,49.55248],[3.11895,49.55063],[3.12597,49.54216],[3.13171,49.54396],[3.12788,49.55298],[3.13374,49.55965],[3.12596,49.56476],[3.12649,49.5729]]]},"properties":{"code_territoire":"iris601050000","libelle_territoire":"Brétigny (commune non irisée)"}},
{"type":"Feature","geometry":{"type":"Polygon","coordinates":[[[2.43379,49.38009],[2.44435,49.36939],[2.44365,49.35788],[2.46296,49.35818],[2.46916,49.36235],[2.47226,49.36842],[2.4685,49.36924],[2.46756,49.38063],[2.48078,49.3948],[2.47573,49.396],[2.46803,49.39723],[2.46675,49.40072],[2.45952,49.39642],[2.44075,49.38705],[2.43723,49.38252],[2.43261,49.38227],[2.43379,49.38009]]]},"properties":{"code_territoire":"iris601060000","libelle_territoire":"Breuil-le-Sec (commune non irisée)"}},
{"type":"Feature","geometry":{"type":"Polygon","coordinates":[[[2.43127,49.34577],[2.44048,49.34813],[2.44365,49.35788],[2.44435,49.36939],[2.43379,49.38009],[2.42128,49.37451],[2.42241,49.37205],[2.41847,49.37124],[2.4215,49.36667],[2.40723,49.36842],[2.3947,49.36678],[2.39272,49.364],[2.40668,49.35917],[2.40593,49.35398],[2.41461,49.35176],[2.42372,49.35427],[2.43127,49.34577]]]},"properties":{"code_territoire":"iris601070000","libelle_territoire":"Breuil-le-Vert (commune non irisée)"}},
{"type":"Feature","geometry":{"type":"Polygon","coordinates":[[[2.45761,49.43697],[2.46007,49.44039],[2.46396,49.44005],[2.4733,49.43656],[2.48186,49.43732],[2.48241,49.4344],[2.48533,49.43386],[2.49237,49.44066],[2.49693,49.4538],[2.49248,49.45447],[2.48206,49.44931],[2.46605,49.46346],[2.45645,49.4655],[2.4546,49.45991],[2.45807,49.45718],[2.45641,49.44674],[2.4529,49.44382],[2.44857,49.44494],[2.44886,49.44156],[2.45761,49.43697]]]},"properties":{"code_territoire":"iris601860000","libelle_territoire":"Cuignières (commune non irisée)"}},
{"type":"Feature","geometry":{"type":"Polygon","coordinates":[[[1.84679,49.4127],[1.84977,49.42692],[1.8565,49.42659],[1.86319,49.44122],[1.84751,49.44296],[1.84689,49.44553],[1.82707,49.45007],[1.8225,49.45117],[1.82178,49.44908],[1.81072,49.42915],[1.81179,49.4216],[1.84679,49.4127]]]},"properties":{"code_territoire":"iris601870000","libelle_territoire":"Cuigy-en-Bray (commune non irisée)"}},
{"type":"Feature","geometry":{"type":"Polygon","coordinates":[[[2.97054,49.37028],[2.98712,49.37091],[2.99669,49.37102],[3.00985,49.37838],[3.02349,49.37821],[3.02351,49.3802],[3.02961,49.37988],[3.03437,49.38616],[3.02879,49.38968],[3.01851,49.39382],[3.01632,49.39811],[3.01289,49.39712],[3.01228,49.40708],[3.00156,49.40699],[2.99342,49.39549],[2.97749,49.38831],[2.97642,49.38289],[2.96944,49.38121],[2.97054,49.37028]]]},"properties":{"code_territoire":"iris601880000","libelle_territoire":"Cuise-la-Motte (commune non irisée)"}},
{"type":"Feature","geometry":{"type":"Polygon","coordinates":[[[3.0734,49.5381],[3.074,49.53594],[3.06984,49.5318],[3.07481,49.52586],[3.08244,49.52648],[3.08948,49.52182],[3.09596,49.518],[3.11896,49.52152],[3.12274,49.51959],[3.12817,49.52756],[3.12597,49.54216],[3.11895,49.55063],[3.10967,49.55248],[3.0734,49.5381]]]},"properties":{"code_territoire":"iris601890000","libelle_territoire":"Cuts (commune non irisée)"}},
{"type":"Feature","geometry":{"type":"Polygon","coordinates":[[[2.98116,49.18464],[2.97826,49.1748],[2.98048,49.16839],[2.9871,49.15827],[3.00087,49.16069],[3.00826,49.15932],[3.01421,49.16952],[3.02267,49.17091],[3.01616,49.18271],[3.0058,49.18296],[2.99663,49.18688],[2.989,49.18852],[2.98116,49.18464]]]},"properties":{"code_territoire":"iris601900000","libelle_territoire":"Cuvergnon (commune non irisée)"}},
{"type":"Feature","geometry":{"type":"Polygon","coordinates":[[[2.70324,49.52882],[2.71279,49.53537],[2.71326,49.5374],[2.71047,49.53681],[2.71404,49.54229],[2.72285,49.54191],[2.72906,49.54948],[2.72444,49.55283],[2.72453,49.55851],[2.71369,49.55676],[2.71222,49.55903],[2.698,49.5603],[2.69813,49.56209],[2.68947,49.56304],[2.6821,49.55821],[2.67501,49.56203],[2.66914,49.56082],[2.66764,49.5573],[2.66903,49.55307],[2.67386,49.55401],[2.67607,49.54758],[2.68305,49.54929],[2.69644,49.54373],[2.69019,49.53762],[2.69171,49.53336],[2.69812,49.53184],[2.69685,49.52956],[2.70324,49.52882]]]},"properties":{"code_territoire":"iris601910000","libelle_territoire":"Cuvilly (commune non irisée)"}},
{"type":"Feature","geometry":{"type":"Polygon","coordinates":[[[1.89813,49.6587],[1.90857,49.65388],[1.90727,49.64884],[1.90284,49.64778],[1.90202,49.63783],[1.90735,49.63808],[1.90413,49.63119],[1.91416,49.62221],[1.91591,49.62664],[1.925,49.62437],[1.93334,49.62937],[1.92931,49.63137],[1.93893,49.63844],[1.92666,49.64274],[1.92675,49.65332],[1.91498,49.65513],[1.91387,49.65947],[1.89813,49.6587]]]},"properties":{"code_territoire":"iris601080000","libelle_territoire":"Briot (commune non irisée)"}},
{"type":"Feature","geometry":{"type":"Polygon","coordinates":[[[1.87761,49.66055],[1.87423,49.6447],[1.86898,49.64558],[1.8666,49.63788],[1.88475,49.63373],[1.89055,49.62992],[1.90058,49.63351],[1.90413,49.63119],[1.90735,49.63808],[1.90202,49.63783],[1.90284,49.64778],[1.90727,49.64884],[1.90857,49.65388],[1.89813,49.6587],[1.89335,49.66131],[1.87761,49.66055]]]},"properties":{"code_territoire":"iris601090000","libelle_territoire":"Brombos (commune non irisée)"}},
{"type":"Feature","geometry":{"type":"Polygon","coordinates":[[[1.81443,49.65024],[1.82835,49.65195],[1.83135,49.6564],[1.83757,49.65717],[1.83995,49.6638],[1.8563,49.66746],[1.86133,49.67339],[1.85683,49.67363],[1.85405,49.67708],[1.84956,49.67597],[1.84257,49.66872],[1.82082,49.66346],[1.81913,49.65829],[1.81571,49.65782],[1.81753,49.65164],[1.81458,49.65109],[1.81443,49.65024]]]},"properties":{"code_territoire":"iris601100000","libelle_territoire":"Broquiers (commune non irisée)"}},
{"type":"Feature","geometry":{"type":"Polygon","coordinates":[[[2.47786,49.62066],[2.4636,49.62758],[2.47327,49.6319],[2.47295,49.63556],[2.46534,49.63811],[2.45758,49.63407],[2.45346,49.63543],[2.45564,49.64122],[2.45265,49.641],[2.44267,49.63733],[2.44329,49.63369],[2.43225,49.62842],[2.43681,49.61844],[2.44076,49.61687],[2.44614,49.62024],[2.46427,49.62315],[2.46836,49.62037],[2.46554,49.61811],[2.47198,49.61834],[2.47786,49.62066]]]},"properties":{"code_territoire":"iris601110000","libelle_territoire":"Broyes (commune non irisée)"}},
{"type":"Feature","geometry":{"type":"Polygon","coordinates":[[[2.47648,49.5536],[2.48331,49.55855],[2.47162,49.56379],[2.46667,49.56079],[2.45988,49.56245],[2.4524,49.56881],[2.44838,49.56841],[2.44715,49.57181],[2.44019,49.5727],[2.43616,49.5566],[2.43611,49.54408],[2.44672,49.54192],[2.44778,49.53931],[2.44892,49.54518],[2.46271,49.54765],[2.47013,49.54584],[2.47648,49.5536]]]},"properties":{"code_territoire":"iris601120000","libelle_territoire":"Brunvillers-la-Motte (commune non irisée)"}},
{"type":"Feature","geometry":{"type":"Polygon","coordinates":[[[2.89537,49.57719],[2.89885,49.5737],[2.90753,49.57767],[2.92255,49.57871],[2.92781,49.59254],[2.9231,49.59681],[2.91052,49.59273],[2.9061,49.5985],[2.90448,49.5958],[2.90317,49.59199],[2.89298,49.59014],[2.89093,49.58555],[2.89537,49.57719]]]},"properties":{"code_territoire":"iris601920000","libelle_territoire":"Cuy (commune non irisée)"}},
{"type":"Feature","geometry":{"type":"Polygon","coordinates":[[[1.89453,49.69958],[1.8969,49.69695],[1.90243,49.69806],[1.89826,49.69556],[1.9076,49.68689],[1.9214,49.68646],[1.93758,49.69124],[1.94876,49.7007],[1.93326,49.72001],[1.92777,49.71647],[1.91732,49.71545],[1.89453,49.69958]]]},"properties":{"code_territoire":"iris601930000","libelle_territoire":"Daméraucourt (commune non irisée)"}},
{"type":"Feature","geometry":{"type":"Polygon","coordinates":[[[1.93758,49.69124],[1.94552,49.68419],[1.95298,49.68244],[1.95429,49.68098],[1.96822,49.68307],[1.97732,49.68816],[1.98355,49.68388],[1.98861,49.68893],[2.00417,49.69356],[2.02402,49.69337],[2.02796,49.69467],[2.02567,49.70005],[2.02867,49.69974],[2.02242,49.7055],[2.02819,49.71088],[2.01113,49.70791],[2.00215,49.71342],[1.98904,49.7088],[1.98903,49.71168],[1.97805,49.70973],[1.97141,49.71598],[1.9715,49.72019],[1.96424,49.71651],[1.95913,49.70686],[1.94876,49.7007],[1.93758,49.69124]]]},"properties":{"code_territoire":"iris601940000","libelle_territoire":"Dargies (commune non irisée)"}},
{"type":"Feature","geometry":{"type":"Polygon","coordinates":[[[1.84516,49.2168],[1.85262,49.21765],[1.84776,49.22219],[1.83833,49.22933],[1.83568,49.24499],[1.85334,49.25407],[1.85365,49.25704],[1.84701,49.26055],[1.84894,49.26257],[1.83752,49.26571],[1.83708,49.26519],[1.83212,49.25721],[1.82427,49.25656],[1.82196,49.25205],[1.81603,49.25366],[1.81489,49.25118],[1.82558,49.24798],[1.82024,49.24146],[1.82336,49.23935],[1.81203,49.22959],[1.81459,49.22439],[1.8189,49.22523],[1.83178,49.21685],[1.84113,49.21626],[1.84047,49.21967],[1.84516,49.2168]]]},"properties":{"code_territoire":"iris601950000","libelle_territoire":"Delincourt (commune non irisée)"}},
{"type":"Feature","geometry":{"type":"Polygon","coordinates":[[[2.12245,49.32165],[2.11754,49.32657],[2.10977,49.3269],[2.10788,49.32926],[2.0967,49.32514],[2.08396,49.32585],[2.08578,49.31933],[2.07761,49.31484],[2.0819,49.31346],[2.07841,49.30771],[2.08104,49.3077],[2.07185,49.29613],[2.0732,49.28508],[2.08361,49.28378],[2.0906,49.27751],[2.09709,49.27665],[2.09677,49.28653],[2.12242,49.28511],[2.12692,49.29924],[2.11015,49.30302],[2.10813,49.30559],[2.11533,49.31365],[2.11094,49.31736],[2.12245,49.32165]]]},"properties":{"code_territoire":"iris601960000","libelle_territoire":"La Drenne (commune non irisée)"}},
{"type":"Feature","geometry":{"type":"Polygon","coordinates":[[[2.27968,49.5304],[2.29302,49.52659],[2.28422,49.51849],[2.2913,49.51613],[2.30084,49.52654],[2.30535,49.52613],[2.30896,49.5273],[2.30848,49.52371],[2.31593,49.51737],[2.33454,49.51046],[2.34059,49.51964],[2.33755,49.52327],[2.34645,49.52857],[2.32794,49.53403],[2.32558,49.53521],[2.32117,49.52995],[2.30774,49.52905],[2.28848,49.53636],[2.27968,49.5304]]]},"properties":{"code_territoire":"iris601130000","libelle_territoire":"Bucamps (commune non irisée)"}},
{"type":"Feature","geometry":{"type":"Polygon","coordinates":[[[1.80353,49.53535],[1.79836,49.52726],[1.80364,49.52502],[1.82044,49.52661],[1.83029,49.52929],[1.83297,49.53492],[1.81987,49.54364],[1.81193,49.54788],[1.80353,49.53535]]]},"properties":{"code_territoire":"iris601140000","libelle_territoire":"Buicourt (commune non irisée)"}},
{"type":"Feature","geometry":{"type":"Polygon","coordinates":[[[2.30325,49.47796],[2.29939,49.4749],[2.30287,49.46364],[2.2955,49.4637],[2.32093,49.44643],[2.33192,49.44573],[2.33053,49.44844],[2.33734,49.44555],[2.33254,49.43501],[2.3391,49.43338],[2.33219,49.43],[2.33186,49.42623],[2.34137,49.42607],[2.35584,49.43881],[2.3761,49.44423],[2.36905,49.44981],[2.37081,49.45327],[2.35248,49.46172],[2.35886,49.46795],[2.35714,49.47187],[2.3364,49.47353],[2.33064,49.47844],[2.3239,49.4791],[2.32448,49.48226],[2.32059,49.4814],[2.30325,49.47796]]]},"properties":{"code_territoire":"iris601150000","libelle_territoire":"Bulles (commune non irisée)"}},
{"type":"Feature","geometry":{"type":"Polygon","coordinates":[[[2.32601,49.32001],[2.33392,49.31239],[2.33076,49.31141],[2.33174,49.30853],[2.33461,49.30355],[2.34358,49.30127],[2.34975,49.29207],[2.35671,49.29098],[2.36469,49.28378],[2.3795,49.28961],[2.37904,49.30485],[2.39665,49.30945],[2.39549,49.31391],[2.3847,49.31245],[2.38255,49.32113],[2.37551,49.32388],[2.37161,49.32926],[2.37208,49.33433],[2.36311,49.33685],[2.36099,49.33423],[2.35683,49.33576],[2.35481,49.33392],[2.34111,49.34187],[2.33323,49.33053],[2.33825,49.3275],[2.33186,49.32147],[2.32629,49.32054],[2.32601,49.32001]]]},"properties":{"code_territoire":"iris601160000","libelle_territoire":"Bury (commune non irisée)"}},
{"type":"Feature","geometry":{"type":"Polygon","coordinates":[[[2.2067,49.25363],[2.22137,49.23325],[2.23408,49.23488],[2.23613,49.22583],[2.24954,49.22144],[2.25456,49.22235],[2.25456,49.22699],[2.25983,49.22577],[2.26791,49.236],[2.26507,49.25071],[2.26061,49.2535],[2.24292,49.25465],[2.23896,49.25216],[2.23634,49.25475],[2.22987,49.2514],[2.21997,49.25543],[2.20661,49.25387],[2.2067,49.25363]]]},"properties":{"code_territoire":"iris601970000","libelle_territoire":"Dieudonné (commune non irisée)"}},
{"type":"Feature","geometry":{"type":"Polygon","coordinates":[[[2.85879,49.57093],[2.88197,49.57846],[2.89125,49.57538],[2.89537,49.57719],[2.89093,49.58555],[2.89298,49.59014],[2.90317,49.59199],[2.90448,49.5958],[2.88413,49.60589],[2.88242,49.61341],[2.87617,49.61332],[2.87741,49.6106],[2.86431,49.60803],[2.86942,49.60295],[2.86427,49.59811],[2.87191,49.59715],[2.86765,49.5933],[2.86973,49.59013],[2.85227,49.57453],[2.85879,49.57093]]]},"properties":{"code_territoire":"iris601980000","libelle_territoire":"Dives (commune non irisée)"}},
{"type":"Feature","geometry":{"type":"Polygon","coordinates":[[[2.17636,49.61294],[2.17767,49.63496],[2.17597,49.64514],[2.17086,49.64367],[2.16164,49.64598],[2.16284,49.64385],[2.1592,49.64027],[2.15292,49.63987],[2.15168,49.63507],[2.1505,49.62383],[2.14725,49.62181],[2.16373,49.61244],[2.17636,49.61294]]]},"properties":{"code_territoire":"iris601990000","libelle_territoire":"Doméliers (commune non irisée)"}},
{"type":"Feature","geometry":{"type":"Polygon","coordinates":[[[2.5718,49.59714],[2.5672,49.60026],[2.5679,49.60333],[2.55911,49.60541],[2.55916,49.60825],[2.54016,49.60387],[2.54634,49.595],[2.5478,49.59332],[2.55664,49.59527],[2.56255,49.58831],[2.57149,49.59294],[2.5718,49.59714]]]},"properties":{"code_territoire":"iris602000000","libelle_territoire":"Domfront (commune non irisée)"}},
{"type":"Feature","geometry":{"type":"Polygon","coordinates":[[[2.52213,49.57873],[2.54519,49.59069],[2.54634,49.595],[2.54016,49.60387],[2.52565,49.60017],[2.53156,49.59628],[2.52578,49.59417],[2.52856,49.59161],[2.52145,49.5866],[2.52213,49.57873]]]},"properties":{"code_territoire":"iris602010000","libelle_territoire":"Dompierre (commune non irisée)"}},
{"type":"Feature","geometry":{"type":"Polygon","coordinates":[[[2.82252,49.23584],[2.83277,49.23107],[2.83985,49.21139],[2.85991,49.22077],[2.86988,49.22532],[2.8746,49.23273],[2.86547,49.23715],[2.86921,49.24281],[2.86341,49.24482],[2.86482,49.24843],[2.85797,49.2439],[2.83879,49.24732],[2.83812,49.24515],[2.82901,49.24371],[2.82751,49.24101],[2.82438,49.24183],[2.82605,49.23877],[2.82252,49.23584]]]},"properties":{"code_territoire":"iris602030000","libelle_territoire":"Duvy (commune non irisée)"}},
{"type":"Feature","geometry":{"type":"Polygon","coordinates":[[[2.99549,49.63049],[2.99877,49.63505],[2.99525,49.63396],[2.98833,49.64157],[2.9817,49.64386],[2.97823,49.64422],[2.96943,49.6366],[2.97154,49.63526],[2.96436,49.62509],[2.96709,49.62176],[2.9841,49.62029],[2.98451,49.6203],[2.99549,49.63049]]]},"properties":{"code_territoire":"iris601170000","libelle_territoire":"Bussy (commune non irisée)"}},
{"type":"Feature","geometry":{"type":"Polygon","coordinates":[[[3.04975,49.53079],[3.05144,49.52492],[3.04478,49.52019],[3.05367,49.51344],[3.0583,49.5004],[3.07399,49.50845],[3.07414,49.51557],[3.08948,49.52182],[3.08244,49.52648],[3.07481,49.52586],[3.06984,49.5318],[3.074,49.53594],[3.06875,49.53927],[3.06018,49.5373],[3.06393,49.53526],[3.06313,49.52966],[3.04975,49.53079]]]},"properties":{"code_territoire":"iris601180000","libelle_territoire":"Caisnes (commune non irisée)"}},
{"type":"Feature","geometry":{"type":"Polygon","coordinates":[[[2.88095,49.52552],[2.889,49.52235],[2.88447,49.51897],[2.88739,49.51587],[2.8809,49.50997],[2.89047,49.49985],[2.88404,49.48834],[2.89306,49.48908],[2.89935,49.48428],[2.90661,49.4985],[2.9125,49.49909],[2.92517,49.49487],[2.92616,49.49886],[2.91949,49.4996],[2.9189,49.50497],[2.91212,49.50585],[2.89902,49.52386],[2.88626,49.52943],[2.88095,49.52552]]]},"properties":{"code_territoire":"iris601190000","libelle_territoire":"Cambronne-lès-Ribécourt (commune non irisée)"}},
{"type":"Feature","geometry":{"type":"Polygon","coordinates":[[[2.88769,49.64835],[2.91362,49.63301],[2.92005,49.63974],[2.92659,49.64027],[2.93113,49.64712],[2.94476,49.6472],[2.93863,49.65668],[2.94603,49.65579],[2.95359,49.65836],[2.95336,49.66047],[2.92979,49.65716],[2.91727,49.6519],[2.91157,49.65338],[2.90461,49.65108],[2.90054,49.65614],[2.88718,49.65111],[2.89004,49.64959],[2.88769,49.64835]]]},"properties":{"code_territoire":"iris602040000","libelle_territoire":"Écuvilly (commune non irisée)"}},
{"type":"Feature","geometry":{"type":"Polygon","coordinates":[[[1.90347,49.6846],[1.9076,49.68689],[1.89826,49.69556],[1.90243,49.69806],[1.8969,49.69695],[1.89453,49.69958],[1.88105,49.69768],[1.88812,49.69149],[1.9015,49.68811],[1.90347,49.6846]]]},"properties":{"code_territoire":"iris602050000","libelle_territoire":"Élencourt (commune non irisée)"}},
{"type":"Feature","geometry":{"type":"Polygon","coordinates":[[[2.84034,49.54676],[2.83289,49.54445],[2.81496,49.54542],[2.81316,49.54097],[2.80659,49.54134],[2.80549,49.53651],[2.80762,49.53174],[2.80141,49.53047],[2.79844,49.51797],[2.80807,49.51672],[2.81652,49.51218],[2.83055,49.51398],[2.84599,49.53235],[2.86137,49.53643],[2.86301,49.53871],[2.88042,49.53876],[2.87644,49.54454],[2.8607,49.53777],[2.85376,49.53821],[2.85954,49.54333],[2.85394,49.5467],[2.84034,49.54676]]]},"properties":{"code_territoire":"iris602060000","libelle_territoire":"Élincourt-Sainte-Marguerite (commune non irisée)"}},
{"type":"Feature","geometry":{"type":"Polygon","coordinates":[[[3.01037,49.2762],[3.02749,49.2717],[3.02678,49.27552],[3.03581,49.27869],[3.03588,49.28769],[3.02908,49.28738],[3.02843,49.28999],[3.01933,49.2803],[3.01363,49.28196],[3.01037,49.2762]]]},"properties":{"code_territoire":"iris602070000","libelle_territoire":"Éméville (commune non irisée)"}},
{"type":"Feature","geometry":{"type":"Polygon","coordinates":[[[1.83423,49.31896],[1.82878,49.29924],[1.8563,49.29208],[1.85966,49.293],[1.85515,49.29599],[1.86175,49.30333],[1.85782,49.31023],[1.83989,49.31621],[1.83423,49.31896]]]},"properties":{"code_territoire":"iris602080000","libelle_territoire":"Énencourt-Léage (commune non irisée)"}},
{"type":"Feature","geometry":{"type":"Polygon","coordinates":[[[1.95181,49.29881],[1.95567,49.30643],[1.94222,49.31465],[1.93524,49.31325],[1.9402,49.32124],[1.92782,49.32611],[1.91598,49.32109],[1.91698,49.31105],[1.9128,49.30005],[1.90128,49.29122],[1.89223,49.29015],[1.88751,49.28385],[1.89471,49.28448],[1.89925,49.28026],[1.90506,49.28673],[1.91077,49.28646],[1.91461,49.28942],[1.92815,49.28694],[1.92462,49.2849],[1.92558,49.27891],[1.91636,49.27369],[1.9232,49.27055],[1.92746,49.27013],[1.92825,49.26561],[1.94287,49.26635],[1.94788,49.27134],[1.95215,49.26787],[1.95821,49.27384],[1.96949,49.27439],[1.96718,49.28085],[1.95916,49.27977],[1.94653,49.28547],[1.95181,49.29881]]]},"properties":{"code_territoire":"iris602090000","libelle_territoire":"La Corne-en-Vexin (commune non irisée)"}},
{"type":"Feature","geometry":{"type":"Polygon","coordinates":[[[2.37208,49.33433],[2.37161,49.32926],[2.37551,49.32388],[2.38255,49.32113],[2.3847,49.31245],[2.39549,49.31391],[2.39665,49.30945],[2.39694,49.30905],[2.41782,49.31651],[2.42676,49.31651],[2.42597,49.32071],[2.43238,49.32099],[2.42176,49.32678],[2.42328,49.3317],[2.42938,49.33276],[2.42328,49.33648],[2.41454,49.33596],[2.40377,49.34015],[2.39941,49.33676],[2.39511,49.33824],[2.38626,49.33613],[2.38154,49.34083],[2.37617,49.33973],[2.37208,49.33433]]]},"properties":{"code_territoire":"iris601200000","libelle_territoire":"Cambronne-lès-Clermont (commune non irisée)"}},
{"type":"Feature","geometry":{"type":"Polygon","coordinates":[[[2.95336,49.66047],[2.95359,49.65836],[2.94603,49.65579],[2.93863,49.65668],[2.94476,49.6472],[2.94891,49.64745],[2.94883,49.64365],[2.95514,49.63906],[2.95828,49.64122],[2.96216,49.63912],[2.9673,49.64098],[2.96943,49.6366],[2.97823,49.64422],[2.98097,49.6484],[2.97298,49.64959],[2.96899,49.65525],[2.97136,49.6583],[2.95597,49.66076],[2.95336,49.66047]]]},"properties":{"code_territoire":"iris601210000","libelle_territoire":"Campagne (commune non irisée)"}},
{"type":"Feature","geometry":{"type":"Polygon","coordinates":[[[1.78741,49.61052],[1.78328,49.61882],[1.75872,49.63089],[1.74077,49.63149],[1.73354,49.62612],[1.73009,49.62039],[1.7327,49.61207],[1.72401,49.60193],[1.72751,49.59957],[1.73598,49.60442],[1.7442,49.60344],[1.75381,49.59789],[1.75465,49.60013],[1.76264,49.59642],[1.77362,49.60447],[1.77851,49.60392],[1.78741,49.61052]]]},"properties":{"code_territoire":"iris601220000","libelle_territoire":"Campeaux (commune non irisée)"}},
{"type":"Feature","geometry":{"type":"Polygon","coordinates":[[[2.36773,49.57448],[2.35178,49.57132],[2.35169,49.57342],[2.34611,49.57263],[2.34197,49.5694],[2.33868,49.56711],[2.32978,49.57075],[2.32734,49.57642],[2.3202,49.5808],[2.31738,49.58213],[2.31361,49.57987],[2.31538,49.58278],[2.30716,49.57133],[2.30318,49.57128],[2.29614,49.56469],[2.29383,49.5664],[2.28859,49.55962],[2.29565,49.55466],[2.29981,49.55748],[2.30428,49.55406],[2.31389,49.55774],[2.3251,49.55181],[2.34162,49.55033],[2.3511,49.55224],[2.35694,49.56063],[2.35583,49.56669],[2.36193,49.56788],[2.36947,49.57056],[2.36773,49.57448]]]},"properties":{"code_territoire":"iris601230000","libelle_territoire":"Campremy (commune non irisée)"}},
{"type":"Feature","geometry":{"type":"Polygon","coordinates":[[[2.91362,49.63301],[2.88769,49.64835],[2.88334,49.65093],[2.88203,49.64594],[2.88743,49.64281],[2.87952,49.64111],[2.87665,49.63749],[2.88059,49.63589],[2.87679,49.63171],[2.87042,49.63204],[2.86504,49.62717],[2.86222,49.62506],[2.86003,49.62894],[2.85216,49.62448],[2.86708,49.61479],[2.87211,49.61451],[2.87532,49.61815],[2.87808,49.61671],[2.87617,49.61332],[2.88242,49.61341],[2.88514,49.61872],[2.88718,49.61575],[2.89499,49.61599],[2.92031,49.62905],[2.91362,49.63301]]]},"properties":{"code_territoire":"iris601240000","libelle_territoire":"Candor (commune non irisée)"}},
{"type":"Feature","geometry":{"type":"Polygon","coordinates":[[[2.54539,49.3803],[2.54683,49.38272],[2.55101,49.3811],[2.55861,49.38447],[2.57112,49.40504],[2.56926,49.40771],[2.56265,49.40764],[2.56467,49.40951],[2.56152,49.41121],[2.55573,49.41132],[2.55602,49.41855],[2.55147,49.41773],[2.55101,49.42069],[2.54693,49.42232],[2.54098,49.41643],[2.53848,49.40946],[2.54201,49.40841],[2.53586,49.40406],[2.53026,49.39211],[2.53234,49.38954],[2.53826,49.391],[2.53573,49.38954],[2.54613,49.38462],[2.54539,49.3803]]]},"properties":{"code_territoire":"iris602100000","libelle_territoire":"Épineuse (commune non irisée)"}},
{"type":"Feature","geometry":{"type":"Polygon","coordinates":[[[1.79776,49.33037],[1.77078,49.326],[1.76713,49.31624],[1.77211,49.31407],[1.77018,49.31091],[1.775,49.3061],[1.77223,49.29113],[1.77789,49.28962],[1.77797,49.29205],[1.7844,49.29321],[1.80456,49.30201],[1.8014,49.318],[1.80835,49.32373],[1.79776,49.33037]]]},"properties":{"code_territoire":"iris602110000","libelle_territoire":"Éragny-sur-Epte (commune non irisée)"}},
{"type":"Feature","geometry":{"type":"Polygon","coordinates":[[[2.30136,49.22176],[2.32813,49.22388],[2.31721,49.23223],[2.3192,49.23504],[2.31619,49.23664],[2.31044,49.23955],[2.30934,49.24412],[2.31341,49.24645],[2.30502,49.25369],[2.29883,49.25084],[2.30429,49.24461],[2.2922,49.23428],[2.29729,49.2227],[2.30136,49.22176]]]},"properties":{"code_territoire":"iris602120000","libelle_territoire":"Ercuis (commune non irisée)"}},
{"type":"Feature","geometry":{"type":"Polygon","coordinates":[[[2.72662,49.135],[2.72576,49.12757],[2.7204,49.12764],[2.71771,49.13036],[2.70405,49.12873],[2.70154,49.13417],[2.69608,49.13578],[2.69636,49.14235],[2.68908,49.13971],[2.67641,49.1484],[2.66406,49.14644],[2.65046,49.13887],[2.64734,49.12732],[2.65625,49.12784],[2.66013,49.11785],[2.66464,49.11871],[2.66377,49.1217],[2.68711,49.11851],[2.71107,49.10956],[2.72361,49.10873],[2.73765,49.10105],[2.74002,49.10237],[2.7334,49.10636],[2.75015,49.11648],[2.74363,49.12151],[2.73845,49.11887],[2.72662,49.135]]]},"properties":{"code_territoire":"iris602130000","libelle_territoire":"Ermenonville (commune non irisée)"}},
{"type":"Feature","geometry":{"type":"Polygon","coordinates":[[[1.77362,49.60447],[1.76986,49.60034],[1.77562,49.59751],[1.7728,49.59396],[1.78008,49.59517],[1.77326,49.59136],[1.78078,49.59268],[1.78425,49.58809],[1.77502,49.58484],[1.77528,49.58232],[1.78555,49.58393],[1.79008,49.57465],[1.79931,49.56964],[1.81366,49.58635],[1.81476,49.6003],[1.80839,49.60682],[1.80282,49.61152],[1.78741,49.61052],[1.77851,49.60392],[1.77362,49.60447]]]},"properties":{"code_territoire":"iris602140000","libelle_territoire":"Ernemont-Boutavent (commune non irisée)"}},
{"type":"Feature","geometry":{"type":"Polygon","coordinates":[[[2.46675,49.40072],[2.47319,49.40478],[2.47329,49.42208],[2.46342,49.42503],[2.44218,49.42542],[2.4275,49.41493],[2.44508,49.41464],[2.44277,49.40964],[2.45244,49.4086],[2.45374,49.40187],[2.45952,49.39642],[2.46675,49.40072]]]},"properties":{"code_territoire":"iris602150000","libelle_territoire":"Erquery (commune non irisée)"}},
{"type":"Feature","geometry":{"type":"Polygon","coordinates":[[[2.70771,49.37678],[2.70783,49.37858],[2.71156,49.37685],[2.72285,49.3797],[2.72396,49.38899],[2.7156,49.39336],[2.72223,49.39664],[2.71529,49.40537],[2.70399,49.40396],[2.70433,49.40101],[2.69543,49.4014],[2.69662,49.39803],[2.68267,49.39723],[2.68454,49.39269],[2.67727,49.3924],[2.67756,49.38977],[2.67469,49.3928],[2.6724,49.39184],[2.66704,49.38882],[2.67199,49.38018],[2.68224,49.38122],[2.68854,49.38248],[2.69313,49.37769],[2.69885,49.3806],[2.69837,49.37797],[2.70771,49.37678]]]},"properties":{"code_territoire":"iris601250000","libelle_territoire":"Canly (commune non irisée)"}},
{"type":"Feature","geometry":{"type":"Polygon","coordinates":[[[2.87075,49.53092],[2.88148,49.53253],[2.88785,49.53033],[2.89268,49.53247],[2.88714,49.53548],[2.89231,49.5372],[2.89181,49.54018],[2.91582,49.54195],[2.91469,49.55051],[2.92386,49.56274],[2.91106,49.56268],[2.90467,49.56572],[2.88366,49.55508],[2.87644,49.54454],[2.88042,49.53876],[2.86301,49.53871],[2.86137,49.53643],[2.86986,49.53359],[2.87075,49.53092]]]},"properties":{"code_territoire":"iris601260000","libelle_territoire":"Cannectancourt (commune non irisée)"}},
{"type":"Feature","geometry":{"type":"Polygon","coordinates":[[[2.81186,49.58986],[2.81929,49.59492],[2.80661,49.59565],[2.80824,49.60339],[2.8234,49.60217],[2.82072,49.60459],[2.82626,49.60899],[2.81827,49.61493],[2.81534,49.61594],[2.80955,49.61208],[2.79514,49.61656],[2.78651,49.61209],[2.77553,49.61507],[2.78036,49.60452],[2.78788,49.60169],[2.78994,49.59813],[2.7866,49.59711],[2.79611,49.58585],[2.80414,49.58325],[2.81186,49.58986]]]},"properties":{"code_territoire":"iris601270000","libelle_territoire":"Canny-sur-Matz (commune non irisée)"}},
{"type":"Feature","geometry":{"type":"Polygon","coordinates":[[[1.73354,49.62612],[1.71728,49.6331],[1.72156,49.62357],[1.71801,49.6148],[1.69391,49.60115],[1.70882,49.59494],[1.70532,49.59085],[1.70919,49.58693],[1.72085,49.59003],[1.72401,49.60193],[1.7327,49.61207],[1.73009,49.62039],[1.73354,49.62612]]]},"properties":{"code_territoire":"iris601280000","libelle_territoire":"Canny-sur-Thérain (commune non irisée)"}},
{"type":"Feature","geometry":{"type":"Polygon","coordinates":[[[2.99157,49.54928],[2.98926,49.53181],[2.99666,49.52764],[2.99101,49.51965],[2.99809,49.51385],[2.99772,49.50693],[3.00333,49.50101],[3.01076,49.49865],[3.01612,49.50171],[3.01751,49.49921],[3.03548,49.49599],[3.04036,49.49894],[3.04485,49.49423],[3.05619,49.49778],[3.0583,49.5004],[3.05367,49.51344],[3.04478,49.52019],[3.05144,49.52492],[3.04975,49.53079],[3.04638,49.53612],[3.03526,49.53774],[3.02944,49.53571],[3.0172,49.54327],[3.00228,49.54694],[2.99928,49.54105],[2.99391,49.54106],[2.9999,49.54888],[2.99157,49.54928]]]},"properties":{"code_territoire":"iris601290000","libelle_territoire":"Carlepont (commune non irisée)"}},
{"type":"Feature","geometry":{"type":"Polygon","coordinates":[[[2.50923,49.45713],[2.51428,49.46143],[2.4918,49.46768],[2.48788,49.46548],[2.47419,49.46679],[2.46605,49.46346],[2.48206,49.44931],[2.49248,49.45447],[2.49693,49.4538],[2.50923,49.45713]]]},"properties":{"code_territoire":"iris602160000","libelle_territoire":"Erquinvillers (commune non irisée)"}},
{"type":"Feature","geometry":{"type":"Polygon","coordinates":[[[1.77343,49.54562],[1.76962,49.54168],[1.77572,49.53786],[1.78962,49.53518],[1.7983,49.53816],[1.80353,49.53535],[1.81193,49.54788],[1.81987,49.54364],[1.82921,49.54548],[1.83142,49.54875],[1.82684,49.55984],[1.81695,49.56572],[1.82851,49.57622],[1.83111,49.58054],[1.82622,49.57926],[1.81366,49.58635],[1.79931,49.56964],[1.7994,49.56152],[1.79127,49.55673],[1.79236,49.55448],[1.77368,49.54852],[1.77343,49.54562]]]},"properties":{"code_territoire":"iris602170000","libelle_territoire":"Escames (commune non irisée)"}},
{"type":"Feature","geometry":{"type":"Polygon","coordinates":[[[2.17255,49.2125],[2.1766,49.22379],[2.20031,49.24108],[2.19774,49.24231],[2.19953,49.25223],[2.18249,49.24904],[2.17992,49.24388],[2.17466,49.24718],[2.17005,49.24375],[2.17212,49.24064],[2.16439,49.24028],[2.16311,49.23365],[2.15623,49.22655],[2.14719,49.21659],[2.14873,49.21272],[2.14831,49.21255],[2.17255,49.2125]]]},"properties":{"code_territoire":"iris602180000","libelle_territoire":"Esches (commune non irisée)"}},
{"type":"Feature","geometry":{"type":"Polygon","coordinates":[[[1.82072,49.73918],[1.80922,49.75445],[1.79986,49.75086],[1.79823,49.75295],[1.79415,49.75002],[1.78994,49.75376],[1.78512,49.75122],[1.79637,49.73629],[1.80619,49.73775],[1.80857,49.73502],[1.82072,49.73918]]]},"properties":{"code_territoire":"iris602190000","libelle_territoire":"Escles-Saint-Pierre (commune non irisée)"}},
{"type":"Feature","geometry":{"type":"Polygon","coordinates":[[[1.87968,49.44069],[1.86319,49.44122],[1.8565,49.42659],[1.84977,49.42692],[1.84679,49.4127],[1.86736,49.40864],[1.87284,49.40893],[1.87411,49.42049],[1.88191,49.42869],[1.88341,49.43736],[1.87968,49.44069]]]},"properties":{"code_territoire":"iris602200000","libelle_territoire":"Espaubourg (commune non irisée)"}},
{"type":"Feature","geometry":{"type":"Polygon","coordinates":[[[2.24366,49.63247],[2.27051,49.63687],[2.27286,49.64647],[2.2943,49.65074],[2.29497,49.65911],[2.29118,49.65819],[2.28859,49.66253],[2.29301,49.67009],[2.27314,49.67577],[2.2735,49.671],[2.26725,49.67072],[2.26748,49.66798],[2.25307,49.66722],[2.25051,49.66998],[2.24627,49.66754],[2.25024,49.66439],[2.25402,49.66032],[2.25104,49.65986],[2.25252,49.65645],[2.25683,49.6538],[2.24753,49.64959],[2.25408,49.64395],[2.24814,49.6413],[2.24913,49.6367],[2.24154,49.63431],[2.24366,49.63247]]]},"properties":{"code_territoire":"iris602210000","libelle_territoire":"Esquennoy (commune non irisée)"}},
{"type":"Feature","geometry":{"type":"Polygon","coordinates":[[[2.49829,49.36],[2.51414,49.36044],[2.53238,49.36398],[2.52963,49.36769],[2.54583,49.37643],[2.54539,49.3803],[2.54613,49.38462],[2.53573,49.38954],[2.53826,49.391],[2.53234,49.38954],[2.53026,49.39211],[2.53586,49.40406],[2.52088,49.40518],[2.51731,49.40016],[2.51338,49.40131],[2.50654,49.39425],[2.50204,49.37885],[2.49776,49.37816],[2.48518,49.35956],[2.49829,49.36]]]},"properties":{"code_territoire":"iris601300000","libelle_territoire":"Catenoy (commune non irisée)"}},
{"type":"Feature","geometry":{"type":"Polygon","coordinates":[[[2.08239,49.67109],[2.07753,49.67],[2.07815,49.66131],[2.09016,49.66064],[2.09652,49.65621],[2.08579,49.65027],[2.08529,49.64308],[2.06612,49.63818],[2.06688,49.63472],[2.0757,49.63408],[2.09369,49.63881],[2.09503,49.63637],[2.09083,49.63547],[2.0971,49.63295],[2.09789,49.62978],[2.11687,49.6387],[2.12204,49.6367],[2.12193,49.63395],[2.12563,49.63521],[2.12797,49.64424],[2.13369,49.64579],[2.1323,49.64788],[2.13813,49.65348],[2.13599,49.65607],[2.14048,49.65785],[2.11099,49.66547],[2.09487,49.66478],[2.08964,49.6716],[2.08239,49.67109]]]},"properties":{"code_territoire":"iris601310000","libelle_territoire":"Catheux (commune non irisée)"}},
{"type":"Feature","geometry":{"type":"Polygon","coordinates":[[[2.92031,49.62905],[2.93093,49.62288],[2.94612,49.63048],[2.95084,49.62651],[2.95601,49.62932],[2.96436,49.62509],[2.97154,49.63526],[2.96943,49.6366],[2.9673,49.64098],[2.96216,49.63912],[2.95828,49.64122],[2.95514,49.63906],[2.94883,49.64365],[2.94891,49.64745],[2.94476,49.6472],[2.93113,49.64712],[2.92659,49.64027],[2.92005,49.63974],[2.91362,49.63301],[2.92031,49.62905]]]},"properties":{"code_territoire":"iris601320000","libelle_territoire":"Catigny (commune non irisée)"}},
{"type":"Feature","geometry":{"type":"Polygon","coordinates":[[[2.34059,49.51964],[2.34447,49.51718],[2.34163,49.51456],[2.34725,49.51249],[2.36255,49.51609],[2.36986,49.51328],[2.37029,49.51045],[2.38143,49.51164],[2.39373,49.50716],[2.4047,49.51296],[2.40235,49.51399],[2.4094,49.52071],[2.39431,49.53011],[2.39918,49.53089],[2.3966,49.53212],[2.39964,49.53486],[2.40853,49.53608],[2.39809,49.5483],[2.38182,49.55516],[2.37842,49.55289],[2.38581,49.55022],[2.37902,49.54267],[2.3851,49.54151],[2.38258,49.53725],[2.37638,49.53418],[2.37193,49.5369],[2.36095,49.53561],[2.34645,49.52857],[2.33755,49.52327],[2.34059,49.51964]]]},"properties":{"code_territoire":"iris601330000","libelle_territoire":"Catillon-Fumechon (commune non irisée)"}},
{"type":"Feature","geometry":{"type":"Polygon","coordinates":[[[2.40722,49.30319],[2.44596,49.31064],[2.44958,49.31391],[2.45388,49.30873],[2.45653,49.3102],[2.45799,49.31074],[2.45873,49.31526],[2.45485,49.3156],[2.44887,49.32433],[2.43238,49.32099],[2.42597,49.32071],[2.42676,49.31651],[2.41782,49.31651],[2.39694,49.30905],[2.40722,49.30319]]]},"properties":{"code_territoire":"iris601340000","libelle_territoire":"Cauffry (commune non irisée)"}},
{"type":"Feature","geometry":{"type":"Polygon","coordinates":[[[2.22226,49.32243],[2.20235,49.31005],[2.19759,49.304],[2.20868,49.29887],[2.20727,49.29419],[2.21574,49.29578],[2.22342,49.28796],[2.23014,49.28693],[2.23654,49.28223],[2.24576,49.27828],[2.26934,49.29102],[2.27401,49.29573],[2.27143,49.30018],[2.28126,49.30576],[2.2673,49.31363],[2.26388,49.31216],[2.25886,49.31719],[2.22494,49.32437],[2.22226,49.32243]]]},"properties":{"code_territoire":"iris601350000","libelle_territoire":"Cauvigny (commune non irisée)"}},
{"type":"Feature","geometry":{"type":"Polygon","coordinates":[[[2.29468,49.50761],[2.29121,49.50013],[2.26645,49.49592],[2.2688,49.4939],[2.2645,49.49021],[2.26481,49.48425],[2.25643,49.475],[2.25914,49.47289],[2.24517,49.46989],[2.2472,49.4659],[2.25812,49.46821],[2.26118,49.45857],[2.27801,49.46217],[2.28001,49.45976],[2.2955,49.4637],[2.30287,49.46364],[2.29939,49.4749],[2.30325,49.47796],[2.30164,49.48207],[2.30633,49.48346],[2.30427,49.48641],[2.30923,49.48894],[2.3042,49.48954],[2.30854,49.49263],[2.30634,49.49909],[2.29468,49.50761]]]},"properties":{"code_territoire":"iris602220000","libelle_territoire":"Essuiles (commune non irisée)"}},
{"type":"Feature","geometry":{"type":"Polygon","coordinates":[[[2.61849,49.40936],[2.62271,49.41534],[2.63081,49.41357],[2.63373,49.41879],[2.6393,49.41727],[2.64542,49.4221],[2.65194,49.42104],[2.66163,49.42399],[2.6583,49.42674],[2.65943,49.43367],[2.64892,49.43073],[2.63907,49.44267],[2.62533,49.43194],[2.61322,49.4378],[2.60345,49.43697],[2.59968,49.43169],[2.60433,49.43193],[2.59926,49.4275],[2.60952,49.42423],[2.60836,49.42118],[2.61518,49.4178],[2.61119,49.41619],[2.61483,49.41337],[2.61299,49.41006],[2.61849,49.40936]]]},"properties":{"code_territoire":"iris602230000","libelle_territoire":"Estrées-Saint-Denis (commune non irisée)"}},
{"type":"Feature","geometry":{"type":"Polygon","coordinates":[[[2.99486,49.1171],[2.98747,49.12373],[2.98642,49.1312],[2.99508,49.14288],[2.98231,49.1507],[2.97752,49.1494],[2.96696,49.13358],[2.96732,49.11378],[2.97325,49.1093],[2.98816,49.10701],[2.99486,49.1171]]]},"properties":{"code_territoire":"iris602240000","libelle_territoire":"Étavigny (commune non irisée)"}},
{"type":"Feature","geometry":{"type":"Polygon","coordinates":[[[2.39949,49.43125],[2.39898,49.43656],[2.38289,49.43912],[2.37996,49.44514],[2.3761,49.44423],[2.35584,49.43881],[2.34137,49.42607],[2.34301,49.41888],[2.35022,49.41903],[2.35716,49.41486],[2.37281,49.41099],[2.38496,49.42353],[2.39972,49.42446],[2.39949,49.43125]]]},"properties":{"code_territoire":"iris602250000","libelle_territoire":"Étouy (commune non irisée)"}},
{"type":"Feature","geometry":{"type":"Polygon","coordinates":[[[2.67815,49.08608],[2.69504,49.075],[2.68964,49.06776],[2.6958,49.06456],[2.70618,49.06531],[2.72097,49.07515],[2.71986,49.07899],[2.72418,49.08067],[2.72806,49.09377],[2.73652,49.10041],[2.73765,49.10105],[2.72361,49.10873],[2.71107,49.10956],[2.70375,49.096],[2.67815,49.08608]]]},"properties":{"code_territoire":"iris602260000","libelle_territoire":"Ève (commune non irisée)"}},
{"type":"Feature","geometry":{"type":"Polygon","coordinates":[[[2.92386,49.56274],[2.92913,49.56311],[2.92595,49.56788],[2.93303,49.57096],[2.93032,49.57314],[2.92255,49.57871],[2.90753,49.57767],[2.89885,49.5737],[2.90467,49.56572],[2.91106,49.56268],[2.92386,49.56274]]]},"properties":{"code_territoire":"iris602270000","libelle_territoire":"Évricourt (commune non irisée)"}},
{"type":"Feature","geometry":{"type":"Polygon","coordinates":[[[1.93595,49.23266],[1.9548,49.22771],[1.95831,49.23309],[1.95579,49.23435],[1.95911,49.24394],[1.95416,49.24485],[1.95844,49.26084],[1.96467,49.26189],[1.966,49.26573],[1.966,49.26739],[1.95859,49.26692],[1.95821,49.27384],[1.95215,49.26787],[1.94788,49.27134],[1.94287,49.26635],[1.93516,49.25332],[1.93141,49.25445],[1.92522,49.24944],[1.92299,49.25042],[1.91869,49.24356],[1.91767,49.24192],[1.93252,49.23686],[1.93044,49.23527],[1.93595,49.23266]]]},"properties":{"code_territoire":"iris602280000","libelle_territoire":"Fay-les-Étangs (commune non irisée)"}},
{"type":"Feature","geometry":{"type":"Polygon","coordinates":[[[1.94851,49.65274],[1.9497,49.64796],[1.95618,49.64415],[1.95749,49.64442],[1.97508,49.64553],[1.97821,49.65044],[1.9861,49.64722],[1.98603,49.65145],[1.9947,49.65308],[1.99716,49.65013],[2.01924,49.65407],[2.03069,49.65877],[2.01563,49.66449],[2.01441,49.6682],[2.00143,49.66588],[1.97681,49.66764],[1.95958,49.66617],[1.95529,49.66203],[1.95673,49.6575],[1.94851,49.65274]]]},"properties":{"code_territoire":"iris601360000","libelle_territoire":"Cempuis (commune non irisée)"}},
{"type":"Feature","geometry":{"type":"Polygon","coordinates":[[[2.52253,49.44976],[2.51902,49.4463],[2.52875,49.44236],[2.52762,49.4357],[2.53539,49.43203],[2.54808,49.43405],[2.55138,49.43014],[2.56269,49.433],[2.55635,49.43703],[2.55382,49.44579],[2.54108,49.45281],[2.53332,49.45851],[2.53031,49.45491],[2.52268,49.45528],[2.52623,49.45381],[2.52253,49.44976]]]},"properties":{"code_territoire":"iris601370000","libelle_territoire":"Cernoy (commune non irisée)"}},
{"type":"Feature","geometry":{"type":"Polygon","coordinates":[[[2.59568,49.21483],[2.60266,49.21417],[2.60101,49.21218],[2.60598,49.21351],[2.60916,49.20941],[2.63361,49.21188],[2.64926,49.21363],[2.64661,49.2157],[2.65521,49.22156],[2.64951,49.22265],[2.65847,49.22643],[2.65127,49.22894],[2.65673,49.23062],[2.64633,49.23042],[2.63777,49.2263],[2.63339,49.23206],[2.62884,49.23166],[2.62187,49.23736],[2.62236,49.24578],[2.61196,49.24585],[2.59514,49.23835],[2.58723,49.2308],[2.59568,49.21483]]]},"properties":{"code_territoire":"iris601380000","libelle_territoire":"Chamant (commune non irisée)"}},
{"type":"Feature","geometry":{"type":"Polygon","coordinates":[[[2.22554,49.17689],[2.23466,49.16958],[2.24253,49.1708],[2.24839,49.16684],[2.27316,49.16627],[2.27557,49.17243],[2.26425,49.18516],[2.25849,49.18225],[2.25232,49.1876],[2.2547,49.19372],[2.25109,49.19668],[2.2278,49.18722],[2.22345,49.18231],[2.22554,49.17689]]]},"properties":{"code_territoire":"iris601390101","libelle_territoire":"Nord"}},
{"type":"Feature","geometry":{"type":"Polygon","coordinates":[[[2.27316,49.16627],[2.24839,49.16684],[2.25416,49.16215],[2.25195,49.16105],[2.24173,49.16524],[2.2365,49.16096],[2.24187,49.15341],[2.25378,49.15263],[2.26215,49.15838],[2.27316,49.16627]]]},"properties":{"code_territoire":"iris601390201","libelle_territoire":"Est"}},
{"type":"Feature","geometry":{"type":"Polygon","coordinates":[[[2.21982,49.17959],[2.23539,49.16699],[2.22425,49.16238],[2.21684,49.15389],[2.23211,49.15143],[2.24132,49.15159],[2.24187,49.15341],[2.2365,49.16096],[2.24173,49.16524],[2.25195,49.16105],[2.25416,49.16215],[2.24839,49.16684],[2.24253,49.1708],[2.23466,49.16958],[2.22554,49.17689],[2.21982,49.17959]]]},"properties":{"code_territoire":"iris601390301","libelle_territoire":"Ouest"}},
{"type":"Feature","geometry":{"type":"Polygon","coordinates":[[[1.79042,49.24694],[1.8032,49.2452],[1.81489,49.25118],[1.81603,49.25366],[1.82196,49.25205],[1.82427,49.25656],[1.83212,49.25721],[1.83708,49.26519],[1.82287,49.27153],[1.8024,49.2735],[1.78943,49.25369],[1.79042,49.24694]]]},"properties":{"code_territoire":"iris601400000","libelle_territoire":"Chambors (commune non irisée)"}},
{"type":"Feature","geometry":{"type":"Polygon","coordinates":[[[2.68224,49.38122],[2.68592,49.37232],[2.69554,49.3636],[2.71061,49.36559],[2.70771,49.37678],[2.69837,49.37797],[2.69885,49.3806],[2.69313,49.37769],[2.68854,49.38248],[2.68224,49.38122]]]},"properties":{"code_territoire":"iris602290000","libelle_territoire":"Le Fayel (commune non irisée)"}},
{"type":"Feature","geometry":{"type":"Polygon","coordinates":[[[2.24168,49.46471],[2.24322,49.45918],[2.23872,49.45819],[2.24298,49.4539],[2.23886,49.45327],[2.23743,49.4485],[2.22569,49.44758],[2.23196,49.4371],[2.23665,49.44103],[2.24473,49.44082],[2.24313,49.43784],[2.24793,49.43757],[2.24908,49.43513],[2.26113,49.43963],[2.2699,49.43602],[2.27437,49.43743],[2.27243,49.44061],[2.27653,49.44381],[2.26118,49.45857],[2.25812,49.46821],[2.2472,49.4659],[2.24168,49.46471]]]},"properties":{"code_territoire":"iris602300000","libelle_territoire":"Le Fay-Saint-Quentin (commune non irisée)"}},
{"type":"Feature","geometry":{"type":"Polygon","coordinates":[[[2.92543,49.23729],[2.93388,49.23949],[2.94659,49.2595],[2.94187,49.25963],[2.94321,49.26444],[2.94804,49.26654],[2.94236,49.27051],[2.93602,49.26696],[2.91477,49.26803],[2.91332,49.27157],[2.90943,49.27088],[2.904,49.28016],[2.89421,49.28116],[2.89346,49.2842],[2.89728,49.28528],[2.89687,49.28603],[2.89171,49.28542],[2.8935,49.27978],[2.88746,49.2742],[2.88801,49.26832],[2.88188,49.26928],[2.87936,49.2601],[2.90749,49.25455],[2.90731,49.25084],[2.92331,49.23846],[2.92553,49.24002],[2.92543,49.23729]]]},"properties":{"code_territoire":"iris602310000","libelle_territoire":"Feigneux (commune non irisée)"}},
{"type":"Feature","geometry":{"type":"Polygon","coordinates":[[[2.49722,49.58762],[2.50135,49.58015],[2.50935,49.57855],[2.50973,49.57641],[2.51312,49.57813],[2.51576,49.57395],[2.52343,49.57653],[2.52213,49.57873],[2.52145,49.5866],[2.52856,49.59161],[2.52578,49.59417],[2.53156,49.59628],[2.52565,49.60017],[2.51768,49.59859],[2.51507,49.60268],[2.50329,49.60051],[2.50145,49.5964],[2.49867,49.59721],[2.49722,49.58762]]]},"properties":{"code_territoire":"iris602320000","libelle_territoire":"Ferrières (commune non irisée)"}},
{"type":"Feature","geometry":{"type":"Polygon","coordinates":[[[1.83223,49.63429],[1.8452,49.62761],[1.86024,49.63232],[1.86183,49.63854],[1.8666,49.63788],[1.86898,49.64558],[1.87423,49.6447],[1.87761,49.66055],[1.87209,49.6692],[1.86829,49.66799],[1.86133,49.67339],[1.8563,49.66746],[1.83995,49.6638],[1.83757,49.65717],[1.83135,49.6564],[1.82835,49.65195],[1.81443,49.65024],[1.81268,49.64688],[1.81757,49.64568],[1.8185,49.64254],[1.8259,49.64436],[1.83576,49.63861],[1.83223,49.63429]]]},"properties":{"code_territoire":"iris602330000","libelle_territoire":"Feuquières (commune non irisée)"}},
{"type":"Feature","geometry":{"type":"Polygon","coordinates":[[[2.43261,49.38227],[2.43723,49.38252],[2.44075,49.38705],[2.45952,49.39642],[2.45374,49.40187],[2.45244,49.4086],[2.44277,49.40964],[2.44508,49.41464],[2.4275,49.41493],[2.4208,49.41139],[2.41248,49.41274],[2.41079,49.40753],[2.40194,49.40131],[2.39933,49.39508],[2.40563,49.39023],[2.42915,49.38729],[2.43261,49.38227]]]},"properties":{"code_territoire":"iris602340000","libelle_territoire":"Fitz-James (commune non irisée)"}},
{"type":"Feature","geometry":{"type":"Polygon","coordinates":[[[1.83989,49.31621],[1.85122,49.33438],[1.85253,49.33828],[1.84541,49.33736],[1.84249,49.34067],[1.85564,49.35904],[1.85427,49.36243],[1.86413,49.36633],[1.83801,49.37914],[1.83503,49.3766],[1.82894,49.37024],[1.82318,49.36871],[1.8175,49.35799],[1.80605,49.35687],[1.80211,49.34626],[1.79449,49.33827],[1.79919,49.33305],[1.79776,49.33037],[1.80835,49.32373],[1.81818,49.32181],[1.82066,49.32396],[1.82302,49.32064],[1.83307,49.32082],[1.83423,49.31896],[1.83989,49.31621]]]},"properties":{"code_territoire":"iris602350000","libelle_territoire":"Flavacourt (commune non irisée)"}},
{"type":"Feature","geometry":{"type":"Polygon","coordinates":[[[2.46296,49.18979],[2.46724,49.19331],[2.4794,49.19528],[2.47813,49.19692],[2.46395,49.19535],[2.46296,49.18979]]]},"properties":{"code_territoire":"iris601410101","libelle_territoire":"Centre-Hôtel de Ville"}},
{"type":"Feature","geometry":{"type":"Polygon","coordinates":[[[2.45828,49.18236],[2.46005,49.18442],[2.46296,49.18979],[2.46395,49.19535],[2.4583,49.19498],[2.45828,49.18236]]]},"properties":{"code_territoire":"iris601410201","libelle_territoire":"Centre-Gare"}},
{"type":"Feature","geometry":{"type":"Polygon","coordinates":[[[2.46931,49.20334],[2.46106,49.20256],[2.45675,49.20231],[2.4583,49.19498],[2.46395,49.19535],[2.46653,49.19829],[2.46931,49.20334]]]},"properties":{"code_territoire":"iris601410301","libelle_territoire":"La Canardière-Le Castel"}},
{"type":"Feature","geometry":{"type":"Polygon","coordinates":[[[2.45041,49.17002],[2.45597,49.16941],[2.46356,49.17566],[2.46005,49.18442],[2.45828,49.18236],[2.45041,49.17002]]]},"properties":{"code_territoire":"iris601410401","libelle_territoire":"Saint-Denis"}},
{"type":"Feature","geometry":{"type":"Polygon","coordinates":[[[2.46653,49.19829],[2.46395,49.19535],[2.47813,49.19692],[2.4794,49.19528],[2.46724,49.19331],[2.46296,49.18979],[2.46005,49.18442],[2.46356,49.17566],[2.45597,49.16941],[2.45041,49.17002],[2.44787,49.16622],[2.4593,49.15655],[2.46269,49.16334],[2.48289,49.15798],[2.49567,49.1585],[2.5243,49.16051],[2.52613,49.17257],[2.50884,49.16653],[2.49139,49.18329],[2.49702,49.18437],[2.501,49.1946],[2.47942,49.19901],[2.46653,49.19829]]]},"properties":{"code_territoire":"iris601410501","libelle_territoire":"Les Lycées-La Forêt-Le Château"}},
{"type":"Feature","geometry":{"type":"Polygon","coordinates":[[[2.49908,49.12224],[2.50301,49.11767],[2.49122,49.11142],[2.49007,49.10625],[2.53126,49.09946],[2.53296,49.11951],[2.54207,49.12225],[2.55245,49.12602],[2.56205,49.14029],[2.55498,49.14284],[2.54996,49.13992],[2.54199,49.14525],[2.53811,49.13959],[2.52669,49.13839],[2.52253,49.13144],[2.52817,49.12749],[2.5237,49.123],[2.51803,49.12776],[2.51351,49.12333],[2.50336,49.12498],[2.49908,49.12224]]]},"properties":{"code_territoire":"iris601420000","libelle_territoire":"La Chapelle-en-Serval (commune non irisée)"}},
{"type":"Feature","geometry":{"type":"Polygon","coordinates":[[[1.87573,49.24856],[1.8887,49.25991],[1.89498,49.25457],[1.89417,49.25664],[1.9028,49.26177],[1.91004,49.26265],[1.9232,49.27055],[1.91636,49.27369],[1.92558,49.27891],[1.92462,49.2849],[1.92815,49.28694],[1.91461,49.28942],[1.91077,49.28646],[1.90506,49.28673],[1.89925,49.28026],[1.89471,49.28448],[1.88751,49.28385],[1.89223,49.29015],[1.88306,49.29812],[1.87812,49.29739],[1.87434,49.29222],[1.86256,49.28979],[1.85162,49.28089],[1.85159,49.27576],[1.84822,49.27694],[1.84292,49.27357],[1.83752,49.26571],[1.84894,49.26257],[1.84701,49.26055],[1.85365,49.25704],[1.87688,49.25322],[1.87573,49.24856]]]},"properties":{"code_territoire":"iris601430000","libelle_territoire":"Chaumont-en-Vexin (commune non irisée)"}},
{"type":"Feature","geometry":{"type":"Polygon","coordinates":[[[1.97358,49.18386],[1.99912,49.17541],[2.02178,49.18881],[2.00415,49.19575],[1.99974,49.19279],[1.98422,49.19589],[1.9657,49.19315],[1.96159,49.18706],[1.97358,49.18386]]]},"properties":{"code_territoire":"iris601440000","libelle_territoire":"Chavençon (commune non irisée)"}},
{"type":"Feature","geometry":{"type":"Polygon","coordinates":[[[3.0332,49.68311],[3.04089,49.67856],[3.04242,49.67383],[3.0564,49.67558],[3.05987,49.692],[3.05546,49.69359],[3.04047,49.69696],[3.0332,49.68311]]]},"properties":{"code_territoire":"iris602360000","libelle_territoire":"Flavy-le-Meldeux (commune non irisée)"}},
{"type":"Feature","geometry":{"type":"Polygon","coordinates":[[[2.24753,49.64959],[2.25683,49.6538],[2.25252,49.65645],[2.25104,49.65986],[2.25402,49.66032],[2.25024,49.66439],[2.241,49.66156],[2.23616,49.66668],[2.2206,49.66744],[2.21831,49.66965],[2.20741,49.66648],[2.20929,49.66158],[2.2201,49.64976],[2.23478,49.65371],[2.23946,49.65021],[2.24753,49.64959]]]},"properties":{"code_territoire":"iris602370000","libelle_territoire":"Fléchy (commune non irisée)"}},
{"type":"Feature","geometry":{"type":"Polygon","coordinates":[[[2.59473,49.27728],[2.58571,49.27858],[2.57995,49.27967],[2.57403,49.27717],[2.56085,49.26152],[2.56555,49.2581],[2.58279,49.24594],[2.61196,49.24585],[2.61996,49.25887],[2.61714,49.27044],[2.60717,49.27753],[2.59473,49.27728]]]},"properties":{"code_territoire":"iris602380000","libelle_territoire":"Fleurines (commune non irisée)"}},
{"type":"Feature","geometry":{"type":"Polygon","coordinates":[[[1.9548,49.22771],[1.95418,49.22571],[1.95852,49.22627],[1.964,49.22447],[1.97237,49.22684],[1.97426,49.23575],[1.98362,49.23697],[1.98401,49.24575],[1.97735,49.24618],[1.97056,49.25064],[1.97074,49.26841],[1.96949,49.27439],[1.95821,49.27384],[1.95859,49.26692],[1.966,49.26739],[1.966,49.26573],[1.96467,49.26189],[1.95844,49.26084],[1.95416,49.24485],[1.95911,49.24394],[1.95579,49.23435],[1.95831,49.23309],[1.9548,49.22771]]]},"properties":{"code_territoire":"iris602390000","libelle_territoire":"Fleury (commune non irisée)"}},
{"type":"Feature","geometry":{"type":"Polygon","coordinates":[[[2.11099,49.66547],[2.14048,49.65785],[2.13599,49.65607],[2.13813,49.65348],[2.1323,49.64788],[2.13369,49.64579],[2.1339,49.64405],[2.14243,49.64375],[2.15168,49.63507],[2.15292,49.63987],[2.1592,49.64027],[2.16284,49.64385],[2.16164,49.64598],[2.17086,49.64367],[2.17597,49.64514],[2.17883,49.64944],[2.17365,49.6532],[2.1764,49.66851],[2.1707,49.66929],[2.17468,49.68018],[2.16789,49.68419],[2.14377,49.68585],[2.13881,49.68141],[2.12573,49.6835],[2.12268,49.68075],[2.12719,49.67835],[2.11826,49.67172],[2.10527,49.67146],[2.11099,49.66547]]]},"properties":{"code_territoire":"iris602400000","libelle_territoire":"Fontaine-Bonneleau (commune non irisée)"}},
{"type":"Feature","geometry":{"type":"Polygon","coordinates":[[[2.6004,49.16399],[2.59233,49.16079],[2.59737,49.15242],[2.61567,49.14628],[2.61169,49.14117],[2.624,49.13254],[2.62356,49.12421],[2.63383,49.12196],[2.63735,49.11687],[2.64089,49.11992],[2.64829,49.11674],[2.66013,49.11785],[2.65625,49.12784],[2.64734,49.12732],[2.65046,49.13887],[2.66406,49.14644],[2.67641,49.1484],[2.68908,49.13971],[2.69636,49.14235],[2.69608,49.13578],[2.70154,49.13417],[2.70405,49.12873],[2.71771,49.13036],[2.7204,49.12764],[2.72576,49.12757],[2.72662,49.135],[2.72806,49.1369],[2.70789,49.14472],[2.68606,49.15752],[2.68698,49.16685],[2.70296,49.16692],[2.69763,49.17421],[2.70525,49.17607],[2.70384,49.17946],[2.70995,49.18251],[2.70724,49.18495],[2.72006,49.19025],[2.71412,49.20001],[2.70148,49.19434],[2.69497,49.19732],[2.67592,49.17985],[2.67357,49.17038],[2.6615,49.16432],[2.66232,49.16003],[2.64591,49.16381],[2.63766,49.17055],[2.6319,49.17082],[2.61613,49.1715],[2.61455,49.16677],[2.6004,49.16399]]]},"properties":{"code_territoire":"iris602410000","libelle_territoire":"Fontaine-Chaalis (commune non irisée)"}},
{"type":"Feature","geometry":{"type":"Polygon","coordinates":[[[3.0126,49.33714],[3.02123,49.33643],[3.02148,49.33304],[3.03381,49.33104],[3.03626,49.32558],[3.04412,49.32895],[3.04261,49.33294],[3.04928,49.33783],[3.06187,49.34038],[3.06146,49.34541],[3.06883,49.34748],[3.06049,49.35041],[3.06259,49.35645],[3.05085,49.3584],[3.04495,49.36323],[3.03731,49.36338],[3.0287,49.36542],[3.0245,49.36053],[3.02319,49.34959],[3.01626,49.34281],[3.02058,49.34188],[3.0126,49.33714]]]},"properties":{"code_territoire":"iris601450000","libelle_territoire":"Chelles (commune non irisée)"}},
{"type":"Feature","geometry":{"type":"Polygon","coordinates":[[[2.35471,49.6194],[2.35225,49.61622],[2.35675,49.61536],[2.35545,49.60992],[2.35026,49.60475],[2.35493,49.59696],[2.3648,49.59213],[2.36696,49.58486],[2.37406,49.58546],[2.40691,49.60938],[2.41811,49.61151],[2.42943,49.61589],[2.42915,49.61717],[2.42881,49.62013],[2.41489,49.62028],[2.41759,49.6182],[2.41058,49.61202],[2.40455,49.61421],[2.39502,49.61592],[2.38676,49.61003],[2.37933,49.61285],[2.37109,49.60999],[2.35685,49.61853],[2.35471,49.6194]]]},"properties":{"code_territoire":"iris601460000","libelle_territoire":"Chepoix (commune non irisée)"}},
{"type":"Feature","geometry":{"type":"Polygon","coordinates":[[[2.83055,49.51398],[2.82888,49.51002],[2.84074,49.50181],[2.85482,49.49704],[2.86069,49.49648],[2.86261,49.49965],[2.86033,49.51004],[2.8644,49.5117],[2.86317,49.52133],[2.86713,49.52326],[2.86979,49.52184],[2.87075,49.53092],[2.86986,49.53359],[2.86137,49.53643],[2.84599,49.53235],[2.83055,49.51398]]]},"properties":{"code_territoire":"iris601470000","libelle_territoire":"Chevincourt (commune non irisée)"}},
{"type":"Feature","geometry":{"type":"Polygon","coordinates":[[[1.92756,49.59973],[1.9448,49.58639],[1.94837,49.58827],[1.95568,49.58235],[1.95578,49.58657],[1.96112,49.58828],[1.96066,49.59316],[1.96351,49.58859],[1.98016,49.59723],[1.98498,49.60362],[1.9767,49.61029],[1.97264,49.60532],[1.96879,49.60608],[1.96859,49.6024],[1.95713,49.60431],[1.95271,49.6068],[1.95575,49.60916],[1.94692,49.60979],[1.9249,49.60522],[1.92756,49.59973]]]},"properties":{"code_territoire":"iris602420000","libelle_territoire":"Fontaine-Lavaganne (commune non irisée)"}},
{"type":"Feature","geometry":{"type":"Polygon","coordinates":[[[2.15594,49.48541],[2.16269,49.49045],[2.15736,49.4962],[2.17122,49.50293],[2.17025,49.50669],[2.16501,49.5073],[2.16468,49.51096],[2.15094,49.51308],[2.15066,49.51577],[2.14736,49.5139],[2.14683,49.52149],[2.13244,49.52374],[2.12869,49.51632],[2.13397,49.512],[2.13001,49.50114],[2.13632,49.49273],[2.14956,49.48669],[2.15594,49.48541]]]},"properties":{"code_territoire":"iris602430000","libelle_territoire":"Fontaine-Saint-Lucien (commune non irisée)"}},
{"type":"Feature","geometry":{"type":"Polygon","coordinates":[[[1.75438,49.55153],[1.77812,49.5633],[1.78462,49.56909],[1.78178,49.57162],[1.79008,49.57465],[1.78555,49.58393],[1.77528,49.58232],[1.75247,49.57352],[1.75334,49.57107],[1.74287,49.56116],[1.75438,49.55153]]]},"properties":{"code_territoire":"iris602440000","libelle_territoire":"Fontenay-Torcy (commune non irisée)"}},
{"type":"Feature","geometry":{"type":"Polygon","coordinates":[[[1.73354,49.62612],[1.74077,49.63149],[1.75872,49.63089],[1.75797,49.63395],[1.7702,49.63363],[1.77151,49.63987],[1.7756,49.64031],[1.77556,49.64802],[1.75927,49.64824],[1.74755,49.64271],[1.74324,49.6446],[1.74089,49.65237],[1.75155,49.65938],[1.75504,49.66456],[1.7433,49.66943],[1.7225,49.66161],[1.7196,49.65663],[1.71279,49.65482],[1.70849,49.64636],[1.69855,49.64401],[1.71728,49.6331],[1.73354,49.62612]]]},"properties":{"code_territoire":"iris602450000","libelle_territoire":"Formerie (commune non irisée)"}},
{"type":"Feature","geometry":{"type":"Polygon","coordinates":[[[2.5221,49.4323],[2.52271,49.42835],[2.52636,49.42847],[2.53435,49.41848],[2.54098,49.41643],[2.54693,49.42232],[2.55101,49.42069],[2.56246,49.42747],[2.55167,49.42838],[2.55138,49.43014],[2.54808,49.43405],[2.53539,49.43203],[2.52762,49.4357],[2.52743,49.43261],[2.5221,49.4323]]]},"properties":{"code_territoire":"iris602470000","libelle_territoire":"Fouilleuse (commune non irisée)"}},
{"type":"Feature","geometry":{"type":"Polygon","coordinates":[[[1.82043,49.72266],[1.83969,49.73108],[1.84135,49.73425],[1.83646,49.74038],[1.82072,49.73918],[1.80857,49.73502],[1.80619,49.73775],[1.79637,49.73629],[1.79807,49.72819],[1.8049,49.72171],[1.82043,49.72266]]]},"properties":{"code_territoire":"iris602480000","libelle_territoire":"Fouilloy (commune non irisée)"}},
{"type":"Feature","geometry":{"type":"Polygon","coordinates":[[[2.84829,49.09667],[2.85333,49.09698],[2.85513,49.10181],[2.87092,49.10768],[2.8813,49.12435],[2.89145,49.12562],[2.89232,49.12878],[2.88767,49.13192],[2.87509,49.13239],[2.87467,49.13582],[2.86107,49.13578],[2.85766,49.13122],[2.84615,49.1327],[2.84415,49.12771],[2.83063,49.11725],[2.83607,49.10637],[2.84163,49.10494],[2.84829,49.09667]]]},"properties":{"code_territoire":"iris601480000","libelle_territoire":"Chèvreville (commune non irisée)"}},
{"type":"Feature","geometry":{"type":"Polygon","coordinates":[[[2.68592,49.37232],[2.67786,49.36938],[2.68009,49.3669],[2.67356,49.3659],[2.6749,49.36239],[2.65517,49.35692],[2.66001,49.32847],[2.66558,49.32534],[2.67609,49.32547],[2.69637,49.3282],[2.69528,49.33384],[2.70192,49.33522],[2.69843,49.34497],[2.70003,49.35938],[2.69554,49.3636],[2.68592,49.37232]]]},"properties":{"code_territoire":"iris601490000","libelle_territoire":"Chevrières (commune non irisée)"}},
{"type":"Feature","geometry":{"type":"Polygon","coordinates":[[[2.92335,49.54202],[2.92602,49.53922],[2.94626,49.53442],[2.96991,49.53498],[2.96908,49.53215],[2.96574,49.53322],[2.96612,49.5282],[2.97198,49.52438],[2.97263,49.51826],[2.96799,49.51488],[2.95568,49.51463],[2.95312,49.50905],[2.95651,49.50512],[2.96302,49.50553],[2.96563,49.50286],[2.96781,49.50839],[2.98141,49.51002],[2.98999,49.50589],[2.99772,49.50693],[2.99809,49.51385],[2.99101,49.51965],[2.99666,49.52764],[2.98926,49.53181],[2.99157,49.54928],[2.98294,49.55286],[2.98153,49.54823],[2.9798,49.54475],[2.97227,49.54839],[2.97127,49.54662],[2.95551,49.5504],[2.94747,49.54934],[2.92335,49.54202]]]},"properties":{"code_territoire":"iris601500000","libelle_territoire":"Chiry-Ourscamp (commune non irisée)"}},
{"type":"Feature","geometry":{"type":"Polygon","coordinates":[[[2.87427,49.46147],[2.86534,49.4553],[2.86622,49.44858],[2.86418,49.44017],[2.8496,49.43441],[2.85901,49.43245],[2.85863,49.42777],[2.88886,49.42929],[2.89627,49.42428],[2.90007,49.43089],[2.90947,49.43373],[2.91562,49.42455],[2.91829,49.42294],[2.91872,49.42456],[2.93355,49.43613],[2.93427,49.44061],[2.9294,49.44168],[2.94153,49.45891],[2.90892,49.44977],[2.90242,49.45654],[2.88385,49.45773],[2.87427,49.46147]]]},"properties":{"code_territoire":"iris601510000","libelle_territoire":"Choisy-au-Bac (commune non irisée)"}},
{"type":"Feature","geometry":{"type":"Polygon","coordinates":[[[2.3301,49.28259],[2.33284,49.28601],[2.3232,49.28657],[2.31499,49.2921],[2.30874,49.29042],[2.3082,49.28509],[2.30321,49.28377],[2.30595,49.28021],[2.29881,49.27821],[2.3013,49.27305],[2.29839,49.26769],[2.30451,49.26154],[2.30762,49.25904],[2.32502,49.27278],[2.32776,49.27212],[2.3301,49.28259]]]},"properties":{"code_territoire":"iris602490000","libelle_territoire":"Foulangues (commune non irisée)"}},
{"type":"Feature","geometry":{"type":"Polygon","coordinates":[[[2.02407,49.47827],[2.00942,49.47261],[2.0062,49.47359],[2.00571,49.4639],[2.01997,49.46139],[2.01822,49.45947],[2.03748,49.45268],[2.04444,49.45186],[2.04757,49.456],[2.05806,49.45713],[2.05748,49.45944],[2.05983,49.45823],[2.06012,49.46262],[2.04985,49.46366],[2.03921,49.47389],[2.02503,49.47798],[2.02407,49.47827]]]},"properties":{"code_territoire":"iris602500000","libelle_territoire":"Fouquenies (commune non irisée)"}},
{"type":"Feature","geometry":{"type":"Polygon","coordinates":[[[2.18704,49.4578],[2.17805,49.44152],[2.20173,49.44733],[2.22569,49.44758],[2.23743,49.4485],[2.23886,49.45327],[2.24298,49.4539],[2.23872,49.45819],[2.24322,49.45918],[2.24168,49.46471],[2.24085,49.47166],[2.23619,49.47353],[2.21244,49.47505],[2.201,49.47346],[2.20463,49.46195],[2.18704,49.4578]]]},"properties":{"code_territoire":"iris602510000","libelle_territoire":"Fouquerolles (commune non irisée)"}},
{"type":"Feature","geometry":{"type":"Polygon","coordinates":[[[2.39152,49.48228],[2.36558,49.47782],[2.35714,49.47187],[2.35886,49.46795],[2.35248,49.46172],[2.37081,49.45327],[2.36905,49.44981],[2.3761,49.44423],[2.37996,49.44514],[2.39544,49.44376],[2.39191,49.44846],[2.3967,49.45475],[2.39991,49.45813],[2.40515,49.45577],[2.40678,49.46168],[2.40077,49.47012],[2.40431,49.47159],[2.39659,49.47892],[2.39771,49.4814],[2.39152,49.48228]]]},"properties":{"code_territoire":"iris602520000","libelle_territoire":"Fournival (commune non irisée)"}},
{"type":"Feature","geometry":{"type":"Polygon","coordinates":[[[2.11717,49.59846],[2.11257,49.58975],[2.13791,49.5809],[2.14145,49.57519],[2.14558,49.57458],[2.14496,49.56396],[2.15109,49.56017],[2.15634,49.56687],[2.15354,49.56886],[2.16248,49.56911],[2.16513,49.57333],[2.17716,49.57564],[2.17381,49.57871],[2.17577,49.59098],[2.16874,49.58882],[2.15255,49.59023],[2.15212,49.59507],[2.16373,49.61244],[2.14725,49.62181],[2.14301,49.61718],[2.14888,49.61177],[2.14862,49.60598],[2.13567,49.60663],[2.13645,49.59993],[2.11729,49.60244],[2.11717,49.59846]]]},"properties":{"code_territoire":"iris602530000","libelle_territoire":"Francastel (commune non irisée)"}},
{"type":"Feature","geometry":{"type":"Polygon","coordinates":[[[2.61299,49.41006],[2.60871,49.40499],[2.59287,49.40009],[2.59317,49.3911],[2.57677,49.36797],[2.58276,49.35367],[2.57743,49.34568],[2.58581,49.34587],[2.58835,49.35799],[2.60158,49.35908],[2.6026,49.35472],[2.60515,49.3552],[2.60991,49.37404],[2.61095,49.39413],[2.61814,49.39272],[2.62068,49.39737],[2.61378,49.4019],[2.61849,49.40936],[2.61299,49.41006]]]},"properties":{"code_territoire":"iris601520000","libelle_territoire":"Choisy-la-Victoire (commune non irisée)"}},
{"type":"Feature","geometry":{"type":"Polygon","coordinates":[[[2.06612,49.63818],[2.08529,49.64308],[2.08579,49.65027],[2.09652,49.65621],[2.09016,49.66064],[2.07815,49.66131],[2.07367,49.66026],[2.06426,49.65599],[2.06554,49.64611],[2.05098,49.64348],[2.05232,49.64093],[2.05869,49.64001],[2.05609,49.63807],[2.0591,49.63523],[2.06612,49.63818]]]},"properties":{"code_territoire":"iris601530000","libelle_territoire":"Choqueuse-les-Bénards (commune non irisée)"}},
{"type":"Feature","geometry":{"type":"Polygon","coordinates":[[[2.53311,49.34247],[2.52454,49.32774],[2.51977,49.32824],[2.5214,49.3242],[2.51621,49.31853],[2.51462,49.30879],[2.52324,49.3069],[2.54131,49.31066],[2.54607,49.31504],[2.54315,49.32506],[2.55152,49.32856],[2.5536,49.33977],[2.53311,49.34247]]]},"properties":{"code_territoire":"iris601540000","libelle_territoire":"Cinqueux (commune non irisée)"}},
{"type":"Feature","geometry":{"type":"Polygon","coordinates":[[[2.30073,49.25676],[2.30502,49.25369],[2.31341,49.24645],[2.30934,49.24412],[2.31044,49.23955],[2.31619,49.23664],[2.34259,49.24364],[2.3526,49.24119],[2.35825,49.24525],[2.3549,49.24773],[2.35926,49.25536],[2.35701,49.26112],[2.36241,49.25996],[2.36926,49.26606],[2.364,49.26746],[2.36079,49.27327],[2.36469,49.28378],[2.35671,49.29098],[2.34975,49.29207],[2.34658,49.28834],[2.3301,49.28259],[2.32776,49.27212],[2.32502,49.27278],[2.30762,49.25904],[2.30451,49.26154],[2.30073,49.25676]]]},"properties":{"code_territoire":"iris601550000","libelle_territoire":"Cires-lès-Mello (commune non irisée)"}},
{"type":"Feature","geometry":{"type":"Polygon","coordinates":[[[2.84705,49.45332],[2.84375,49.45258],[2.82134,49.43812],[2.83588,49.42806],[2.8496,49.43441],[2.86418,49.44017],[2.86622,49.44858],[2.85812,49.44832],[2.85707,49.45386],[2.85201,49.45185],[2.8505,49.45397],[2.84705,49.45332]]]},"properties":{"code_territoire":"iris601560000","libelle_territoire":"Clairoix (commune non irisée)"}},
{"type":"Feature","geometry":{"type":"Polygon","coordinates":[[[2.63907,49.44267],[2.64892,49.43073],[2.65943,49.43367],[2.67306,49.43829],[2.67336,49.44122],[2.68113,49.43958],[2.69339,49.44515],[2.69127,49.44679],[2.69761,49.44935],[2.70179,49.4562],[2.69644,49.46128],[2.68437,49.45726],[2.67949,49.4596],[2.67066,49.45274],[2.66703,49.45352],[2.66908,49.45623],[2.66442,49.45683],[2.66197,49.45338],[2.65432,49.45568],[2.64817,49.45734],[2.64419,49.45107],[2.6409,49.45197],[2.6429,49.44811],[2.63623,49.44683],[2.63907,49.44267]]]},"properties":{"code_territoire":"iris602540000","libelle_territoire":"Francières (commune non irisée)"}},
{"type":"Feature","geometry":{"type":"Polygon","coordinates":[[[2.98578,49.66926],[2.98572,49.66406],[2.99581,49.6619],[3.00907,49.66068],[3.00953,49.66371],[3.01961,49.66809],[3.01661,49.67298],[3.0115,49.67454],[3.02824,49.67993],[3.01638,49.6853],[3.01558,49.69304],[3.00803,49.69301],[3.01012,49.68538],[3.00233,49.67863],[2.99735,49.67868],[2.9878,49.68433],[2.98578,49.66926]]]},"properties":{"code_territoire":"iris602550000","libelle_territoire":"Fréniches (commune non irisée)"}},
{"type":"Feature","geometry":{"type":"Polygon","coordinates":[[[1.95181,49.29881],[1.94653,49.28547],[1.95916,49.27977],[1.96718,49.28085],[1.96949,49.27439],[1.97074,49.26841],[1.97647,49.27088],[1.98171,49.26819],[1.9843,49.26959],[1.98,49.27167],[1.98218,49.27425],[1.98777,49.27245],[1.99036,49.2773],[2.00339,49.27379],[1.99868,49.26779],[2.00823,49.26614],[2.00761,49.27048],[2.01243,49.27236],[2.01822,49.26847],[2.02139,49.2727],[2.02761,49.27275],[2.0312,49.27583],[2.03602,49.29502],[2.03078,49.30084],[2.02766,49.29833],[2.01957,49.30159],[2.01972,49.30711],[2.01437,49.31009],[2.01645,49.31339],[2.01209,49.315],[2.00341,49.30752],[2.00213,49.29795],[1.99176,49.29472],[1.99265,49.2871],[1.98673,49.29472],[1.98625,49.28546],[1.97998,49.28576],[1.98089,49.29125],[1.96942,49.29739],[1.97095,49.30231],[1.967,49.30479],[1.95536,49.29789],[1.95181,49.29881]]]},"properties":{"code_territoire":"iris602560000","libelle_territoire":"Montchevreuil (commune non irisée)"}},
{"type":"Feature","geometry":{"type":"Polygon","coordinates":[[[1.98362,49.23697],[1.984,49.22751],[1.99215,49.22817],[1.99248,49.23955],[2.00272,49.23662],[2.00279,49.24098],[2.00898,49.2426],[2.00659,49.24629],[2.01047,49.24782],[2.0076,49.25116],[2.00337,49.25118],[2.00566,49.26166],[1.99812,49.26385],[1.99166,49.26067],[1.98171,49.26819],[1.97647,49.27088],[1.97074,49.26841],[1.97056,49.25064],[1.97735,49.24618],[1.98401,49.24575],[1.98362,49.23697]]]},"properties":{"code_territoire":"iris602570000","libelle_territoire":"Fresne-Léguillon (commune non irisée)"}},
{"type":"Feature","geometry":{"type":"Polygon","coordinates":[[[2.79514,49.61656],[2.80955,49.61208],[2.81534,49.61594],[2.81827,49.61493],[2.81576,49.61642],[2.81969,49.61832],[2.82565,49.62185],[2.816,49.62782],[2.8168,49.63235],[2.8077,49.63659],[2.80492,49.62535],[2.80285,49.62832],[2.79574,49.62977],[2.79903,49.62052],[2.79514,49.61656]]]},"properties":{"code_territoire":"iris602580000","libelle_territoire":"Fresnières (commune non irisée)"}},
{"type":"Feature","geometry":{"type":"Polygon","coordinates":[[[2.39545,49.38535],[2.40773,49.38133],[2.41292,49.38807],[2.40583,49.38929],[2.40631,49.38562],[2.39832,49.38833],[2.39545,49.38535]]]},"properties":{"code_territoire":"iris601570101","libelle_territoire":"Nord"}},
{"type":"Feature","geometry":{"type":"Polygon","coordinates":[[[2.38836,49.36991],[2.41127,49.37481],[2.41341,49.37607],[2.40773,49.38133],[2.39545,49.38535],[2.386,49.37288],[2.38836,49.36991]]]},"properties":{"code_territoire":"iris601570201","libelle_territoire":"Ouest"}},
{"type":"Feature","geometry":{"type":"Polygon","coordinates":[[[2.42128,49.37451],[2.41617,49.37352],[2.41341,49.37607],[2.41127,49.37481],[2.41244,49.37131],[2.40723,49.36842],[2.4215,49.36667],[2.41847,49.37124],[2.42241,49.37205],[2.42128,49.37451]]]},"properties":{"code_territoire":"iris601570301","libelle_territoire":"Sud-Est"}},
{"type":"Feature","geometry":{"type":"MultiPolygon","coordinates":[[[[2.3947,49.36678],[2.40723,49.36842],[2.41244,49.37131],[2.41127,49.37481],[2.38836,49.36991],[2.3905,49.36596],[2.3947,49.36678]]],[[[2.43379,49.38009],[2.43261,49.38227],[2.42915,49.38729],[2.40563,49.39023],[2.40583,49.38929],[2.41292,49.38807],[2.40773,49.38133],[2.41341,49.37607],[2.41617,49.37352],[2.42128,49.37451],[2.43379,49.38009]]]]},"properties":{"code_territoire":"iris601570401","libelle_territoire":"Nord-Est - Sud-Ouest"}},
{"type":"Feature","geometry":{"type":"Polygon","coordinates":[[[2.23064,49.20521],[2.23051,49.20337],[2.24584,49.20399],[2.25109,49.19668],[2.2547,49.19372],[2.25232,49.1876],[2.25849,49.18225],[2.26425,49.18516],[2.27273,49.19039],[2.28412,49.18985],[2.28269,49.19298],[2.28821,49.20218],[2.28581,49.2028],[2.28451,49.19909],[2.28184,49.19958],[2.28055,49.20485],[2.2753,49.2029],[2.27369,49.20802],[2.25705,49.20843],[2.25732,49.21276],[2.2498,49.21224],[2.24877,49.21428],[2.2393,49.20621],[2.23064,49.20521]]]},"properties":{"code_territoire":"iris602590000","libelle_territoire":"Fresnoy-en-Thelle (commune non irisée)"}},
{"type":"Feature","geometry":{"type":"Polygon","coordinates":[[[2.89728,49.28528],[2.89346,49.2842],[2.89421,49.28116],[2.904,49.28016],[2.90943,49.27088],[2.91332,49.27157],[2.91477,49.26803],[2.93602,49.26696],[2.94236,49.27051],[2.94804,49.26654],[2.95316,49.26873],[2.94906,49.27779],[2.95191,49.28053],[2.94872,49.28126],[2.9497,49.28519],[2.94023,49.28237],[2.92978,49.29118],[2.92103,49.28919],[2.91643,49.29098],[2.91583,49.28563],[2.90792,49.28339],[2.89728,49.28528]]]},"properties":{"code_territoire":"iris602600000","libelle_territoire":"Fresnoy-la-Rivière (commune non irisée)"}},
{"type":"Feature","geometry":{"type":"Polygon","coordinates":[[[2.75609,49.19713],[2.75955,49.19948],[2.76211,49.19509],[2.76638,49.19517],[2.76528,49.19894],[2.77697,49.20117],[2.79079,49.19955],[2.79331,49.20915],[2.79106,49.21415],[2.78712,49.21435],[2.79036,49.2265],[2.7588,49.22526],[2.75919,49.22242],[2.74696,49.22234],[2.74706,49.22398],[2.7397,49.22325],[2.73953,49.22087],[2.72353,49.22071],[2.72179,49.21388],[2.73034,49.2128],[2.73171,49.2071],[2.73982,49.20669],[2.74108,49.20876],[2.74635,49.20673],[2.7457,49.20324],[2.75609,49.19713]]]},"properties":{"code_territoire":"iris602610000","libelle_territoire":"Fresnoy-le-Luat (commune non irisée)"}},
{"type":"Feature","geometry":{"type":"Polygon","coordinates":[[[2.58178,49.59932],[2.60026,49.58197],[2.61052,49.57764],[2.61366,49.5828],[2.6214,49.58165],[2.6279,49.58547],[2.62597,49.58729],[2.62953,49.5885],[2.62583,49.59177],[2.63309,49.59881],[2.62291,49.60583],[2.62604,49.61094],[2.61586,49.61237],[2.60916,49.60768],[2.59998,49.60842],[2.59322,49.61231],[2.59551,49.60873],[2.58246,49.60746],[2.58766,49.60578],[2.58188,49.60325],[2.58178,49.59932]]]},"properties":{"code_territoire":"iris602620000","libelle_territoire":"Le Frestoy-Vaux (commune non irisée)"}},
{"type":"Feature","geometry":{"type":"Polygon","coordinates":[[[2.956,49.67799],[2.95225,49.6781],[2.95385,49.66633],[2.94911,49.66464],[2.95597,49.66076],[2.97136,49.6583],[2.96899,49.65525],[2.97298,49.64959],[2.98097,49.6484],[2.97823,49.64422],[2.9817,49.64386],[2.98715,49.64939],[2.98633,49.65329],[2.99581,49.6619],[2.98572,49.66406],[2.98578,49.66926],[2.97774,49.66839],[2.97759,49.66551],[2.97171,49.66395],[2.97078,49.6739],[2.96336,49.67237],[2.956,49.67799]]]},"properties":{"code_territoire":"iris602630000","libelle_territoire":"Frétoy-le-Château (commune non irisée)"}},
{"type":"Feature","geometry":{"type":"Polygon","coordinates":[[[2.57141,49.54877],[2.56647,49.5581],[2.56054,49.56161],[2.55249,49.56157],[2.56091,49.56464],[2.55181,49.57023],[2.53513,49.57272],[2.53143,49.56717],[2.54399,49.56025],[2.53737,49.5564],[2.53455,49.54728],[2.54092,49.54503],[2.55313,49.54151],[2.5589,49.5357],[2.56282,49.53838],[2.55929,49.54092],[2.57141,49.54877]]]},"properties":{"code_territoire":"iris601580000","libelle_territoire":"Coivrel (commune non irisée)"}},
{"type":"Feature","geometry":{"type":"Polygon","coordinates":[[[2.81577,49.40093],[2.8081,49.39643],[2.80318,49.3936],[2.82658,49.39206],[2.83681,49.39601],[2.83721,49.39359],[2.85504,49.3903],[2.86415,49.39977],[2.84608,49.40573],[2.8267,49.40744],[2.82236,49.40816],[2.82251,49.40593],[2.81577,49.40093]]]},"properties":{"code_territoire":"iris601590101","libelle_territoire":"Réservoirs"}},
{"type":"Feature","geometry":{"type":"Polygon","coordinates":[[[2.78783,49.39796],[2.7915,49.3944],[2.79523,49.39976],[2.78783,49.39796]]]},"properties":{"code_territoire":"iris601590201","libelle_territoire":"Pompidou"}},
{"type":"Feature","geometry":{"type":"Polygon","coordinates":[[[2.78739,49.39843],[2.78783,49.39796],[2.79523,49.39976],[2.79733,49.40122],[2.8007,49.40762],[2.80737,49.41058],[2.80674,49.40764],[2.80918,49.40772],[2.81593,49.4116],[2.80777,49.41312],[2.79929,49.41134],[2.79509,49.40348],[2.78739,49.39843]]]},"properties":{"code_territoire":"iris601590301","libelle_territoire":"Jardins"}},
{"type":"Feature","geometry":{"type":"Polygon","coordinates":[[[2.82251,49.40593],[2.82236,49.40816],[2.81721,49.4106],[2.81593,49.4116],[2.80918,49.40772],[2.81785,49.40719],[2.82251,49.40593]]]},"properties":{"code_territoire":"iris601590401","libelle_territoire":"Saint-Germain"}},
{"type":"Feature","geometry":{"type":"Polygon","coordinates":[[[2.8081,49.39643],[2.80459,49.39778],[2.81077,49.40433],[2.80732,49.40672],[2.79733,49.40122],[2.79523,49.39976],[2.7915,49.3944],[2.79775,49.39196],[2.80318,49.3936],[2.8081,49.39643]]]},"properties":{"code_territoire":"iris601590501","libelle_territoire":"Royallieu"}},
{"type":"Feature","geometry":{"type":"Polygon","coordinates":[[[2.80674,49.40764],[2.8007,49.40762],[2.79733,49.40122],[2.80732,49.40672],[2.80674,49.40764]]]},"properties":{"code_territoire":"iris601590601","libelle_territoire":"Clos des Roses 1"}},
{"type":"Feature","geometry":{"type":"Polygon","coordinates":[[[2.80674,49.40764],[2.80737,49.41058],[2.8007,49.40762],[2.80674,49.40764]]]},"properties":{"code_territoire":"iris601590701","libelle_territoire":"Clos des Roses 2"}},
{"type":"Feature","geometry":{"type":"Polygon","coordinates":[[[2.80732,49.40672],[2.81077,49.40433],[2.81261,49.40439],[2.81785,49.40719],[2.80918,49.40772],[2.80674,49.40764],[2.80732,49.40672]]]},"properties":{"code_territoire":"iris601590801","libelle_territoire":"Puy du Roi"}},
{"type":"Feature","geometry":{"type":"Polygon","coordinates":[[[2.81785,49.40719],[2.81261,49.40439],[2.81742,49.40445],[2.81577,49.40093],[2.82251,49.40593],[2.81785,49.40719]]]},"properties":{"code_territoire":"iris601590901","libelle_territoire":"Victoire"}},
{"type":"Feature","geometry":{"type":"Polygon","coordinates":[[[2.81077,49.40433],[2.80459,49.39778],[2.8081,49.39643],[2.81577,49.40093],[2.81742,49.40445],[2.81261,49.40439],[2.81077,49.40433]]]},"properties":{"code_territoire":"iris601591001","libelle_territoire":"Acacias"}},
{"type":"Feature","geometry":{"type":"Polygon","coordinates":[[[2.8267,49.40744],[2.84608,49.40573],[2.85494,49.40524],[2.86205,49.41221],[2.86012,49.42037],[2.84862,49.42238],[2.83013,49.41934],[2.8293,49.4189],[2.8362,49.4131],[2.82997,49.40937],[2.8267,49.40744]]]},"properties":{"code_territoire":"iris601591101","libelle_territoire":"Avenues"}},
{"type":"Feature","geometry":{"type":"Polygon","coordinates":[[[2.82492,49.42162],[2.82378,49.41957],[2.82757,49.42137],[2.83013,49.41934],[2.84862,49.42238],[2.85057,49.42438],[2.83488,49.42711],[2.83468,49.42694],[2.82492,49.42162]]]},"properties":{"code_territoire":"iris601591201","libelle_territoire":"Bellicart"}},
{"type":"Feature","geometry":{"type":"Polygon","coordinates":[[[2.10551,49.37763],[2.10525,49.38435],[2.10038,49.38315],[2.09363,49.39087],[2.08938,49.38918],[2.08436,49.39721],[2.07901,49.39898],[2.06885,49.38622],[2.05838,49.38276],[2.06299,49.37699],[2.07341,49.37638],[2.07864,49.37321],[2.07599,49.3708],[2.08402,49.36808],[2.0823,49.36057],[2.08645,49.36004],[2.09135,49.37215],[2.10413,49.37704],[2.10551,49.37763]]]},"properties":{"code_territoire":"iris602640000","libelle_territoire":"Frocourt (commune non irisée)"}},
{"type":"Feature","geometry":{"type":"Polygon","coordinates":[[[2.19917,49.56138],[2.22028,49.55039],[2.23313,49.55346],[2.23314,49.55764],[2.23593,49.56302],[2.23042,49.56497],[2.23387,49.5778],[2.22499,49.5731],[2.20732,49.57942],[2.20364,49.57904],[2.19983,49.57354],[2.18859,49.5709],[2.18983,49.56622],[2.19917,49.56138]]]},"properties":{"code_territoire":"iris602650000","libelle_territoire":"Froissy (commune non irisée)"}},
{"type":"Feature","geometry":{"type":"Polygon","coordinates":[[[2.12193,49.63395],[2.12204,49.6367],[2.11687,49.6387],[2.09789,49.62978],[2.09329,49.62848],[2.0939,49.62384],[2.10473,49.62367],[2.11364,49.61146],[2.12882,49.62113],[2.12593,49.62017],[2.12097,49.626],[2.12455,49.62768],[2.12183,49.63021],[2.11749,49.62905],[2.11851,49.6334],[2.12193,49.63395]]]},"properties":{"code_territoire":"iris602670000","libelle_territoire":"Le Gallet (commune non irisée)"}},
{"type":"Feature","geometry":{"type":"Polygon","coordinates":[[[2.40286,49.58587],[2.39729,49.58368],[2.39373,49.58556],[2.3925,49.57895],[2.39225,49.57533],[2.40843,49.56756],[2.4096,49.55907],[2.43616,49.5566],[2.44019,49.5727],[2.43056,49.57889],[2.43916,49.58388],[2.43379,49.5854],[2.43736,49.59018],[2.43299,49.59243],[2.42836,49.5932],[2.42383,49.58954],[2.42747,49.58885],[2.42225,49.58364],[2.42062,49.58552],[2.40868,49.58382],[2.40286,49.58587]]]},"properties":{"code_territoire":"iris602680000","libelle_territoire":"Gannes (commune non irisée)"}},
{"type":"Feature","geometry":{"type":"Polygon","coordinates":[[[1.9621,49.63528],[1.94014,49.625],[1.94645,49.62299],[1.94398,49.6183],[1.94692,49.60979],[1.95575,49.60916],[1.95271,49.6068],[1.95713,49.60431],[1.96859,49.6024],[1.96879,49.60608],[1.97264,49.60532],[1.9767,49.61029],[1.98015,49.61192],[1.97597,49.61345],[1.97828,49.61954],[1.96483,49.626],[1.96911,49.62949],[1.9621,49.63528]]]},"properties":{"code_territoire":"iris602690000","libelle_territoire":"Gaudechart (commune non irisée)"}},
{"type":"Feature","geometry":{"type":"Polygon","coordinates":[[[2.98451,49.6203],[2.98703,49.6143],[2.98221,49.60529],[2.98962,49.59516],[3.00224,49.59941],[3.00494,49.59437],[3.00859,49.60824],[3.00696,49.61907],[3.00375,49.62297],[2.99694,49.62411],[3.00341,49.63107],[2.99768,49.62863],[2.99549,49.63049],[2.98451,49.6203]]]},"properties":{"code_territoire":"iris602700000","libelle_territoire":"Genvry (commune non irisée)"}},
{"type":"Feature","geometry":{"type":"Polygon","coordinates":[[[2.8293,49.4189],[2.81957,49.41565],[2.822,49.41422],[2.82997,49.40937],[2.8362,49.4131],[2.8293,49.4189]]]},"properties":{"code_territoire":"iris601591301","libelle_territoire":"Saint-Lazare-Veneurs"}},
{"type":"Feature","geometry":{"type":"Polygon","coordinates":[[[2.80777,49.41312],[2.81593,49.4116],[2.81721,49.4106],[2.822,49.41422],[2.81957,49.41565],[2.81437,49.41575],[2.81419,49.41559],[2.80777,49.41312]]]},"properties":{"code_territoire":"iris601591401","libelle_territoire":"Capucins"}},
{"type":"Feature","geometry":{"type":"Polygon","coordinates":[[[2.82997,49.40937],[2.822,49.41422],[2.81721,49.4106],[2.82236,49.40816],[2.8267,49.40744],[2.82997,49.40937]]]},"properties":{"code_territoire":"iris601591501","libelle_territoire":"Sablons"}},
{"type":"Feature","geometry":{"type":"Polygon","coordinates":[[[2.81437,49.41575],[2.81957,49.41565],[2.8293,49.4189],[2.83013,49.41934],[2.82757,49.42137],[2.82378,49.41957],[2.82492,49.42162],[2.82154,49.42415],[2.81716,49.42203],[2.81591,49.41943],[2.81862,49.41783],[2.81437,49.41575]]]},"properties":{"code_territoire":"iris601591601","libelle_territoire":"Centre Ville-Petit Margny"}},
{"type":"Feature","geometry":{"type":"Polygon","coordinates":[[[2.79299,49.38197],[2.79775,49.39196],[2.7915,49.3944],[2.78783,49.39796],[2.78739,49.39843],[2.77918,49.38623],[2.79299,49.38197]]]},"properties":{"code_territoire":"iris601591701","libelle_territoire":"ZAC de Mercière"}},
{"type":"Feature","geometry":{"type":"Polygon","coordinates":[[[2.83488,49.42711],[2.85057,49.42438],[2.85863,49.42777],[2.85901,49.43245],[2.8496,49.43441],[2.83588,49.42806],[2.83488,49.42711]]]},"properties":{"code_territoire":"iris601591801","libelle_territoire":"Z.I. Nord"}},
{"type":"Feature","geometry":{"type":"Polygon","coordinates":[[[2.92943,49.41227],[2.93015,49.41525],[2.9218,49.41889],[2.91872,49.42456],[2.91829,49.42294],[2.91562,49.42455],[2.90947,49.43373],[2.90007,49.43089],[2.89627,49.42428],[2.88886,49.42929],[2.85863,49.42777],[2.85057,49.42438],[2.84862,49.42238],[2.86012,49.42037],[2.86205,49.41221],[2.85494,49.40524],[2.84608,49.40573],[2.86415,49.39977],[2.85504,49.3903],[2.83721,49.39359],[2.83681,49.39601],[2.82658,49.39206],[2.80318,49.3936],[2.79775,49.39196],[2.79299,49.38197],[2.80633,49.36682],[2.84127,49.36734],[2.89238,49.36816],[2.88533,49.39047],[2.90147,49.39419],[2.91548,49.40358],[2.92091,49.40403],[2.92162,49.41195],[2.92943,49.41227]]]},"properties":{"code_territoire":"iris601591901","libelle_territoire":"Forêt-Hippodrome-Parc"}},
{"type":"Feature","geometry":{"type":"Polygon","coordinates":[[[1.83029,49.52929],[1.84601,49.531],[1.85445,49.52944],[1.85622,49.53158],[1.86085,49.53008],[1.86639,49.53477],[1.85805,49.54148],[1.84679,49.54732],[1.83142,49.54875],[1.82921,49.54548],[1.81987,49.54364],[1.83297,49.53492],[1.83029,49.52929]]]},"properties":{"code_territoire":"iris602710000","libelle_territoire":"Gerberoy (commune non irisée)"}},
{"type":"Feature","geometry":{"type":"Polygon","coordinates":[[[2.89687,49.28603],[2.89839,49.29139],[2.90136,49.29031],[2.91164,49.30369],[2.9003,49.3148],[2.89233,49.31459],[2.88794,49.3217],[2.88022,49.31902],[2.88384,49.31185],[2.8739,49.30937],[2.87258,49.30433],[2.87328,49.30243],[2.88416,49.30227],[2.87472,49.29366],[2.86998,49.29325],[2.86903,49.28919],[2.89171,49.28542],[2.89687,49.28603]]]},"properties":{"code_territoire":"iris602720000","libelle_territoire":"Gilocourt (commune non irisée)"}},
{"type":"Feature","geometry":{"type":"Polygon","coordinates":[[[2.80589,49.4728],[2.80105,49.47029],[2.81099,49.4663],[2.83047,49.46592],[2.84517,49.47469],[2.84408,49.47953],[2.82731,49.4812],[2.81458,49.48124],[2.81566,49.47816],[2.80589,49.4728]]]},"properties":{"code_territoire":"iris602730000","libelle_territoire":"Giraumont (commune non irisée)"}},
{"type":"Feature","geometry":{"type":"Polygon","coordinates":[[[2.83585,49.28769],[2.82905,49.28501],[2.82164,49.27355],[2.82912,49.26841],[2.83173,49.26116],[2.83907,49.25771],[2.84757,49.25857],[2.85146,49.26219],[2.849,49.26719],[2.85773,49.26772],[2.85801,49.27215],[2.85393,49.28061],[2.84874,49.27888],[2.84417,49.28131],[2.84283,49.2886],[2.83585,49.28769]]]},"properties":{"code_territoire":"iris602740000","libelle_territoire":"Glaignes (commune non irisée)"}},
{"type":"Feature","geometry":{"type":"Polygon","coordinates":[[[1.90855,49.5035],[1.90335,49.50022],[1.88979,49.50392],[1.88021,49.49363],[1.8878,49.49194],[1.88927,49.48432],[1.89254,49.48848],[1.90253,49.4876],[1.90806,49.4909],[1.90955,49.4879],[1.91413,49.4927],[1.92229,49.4937],[1.91625,49.49644],[1.91636,49.50434],[1.91253,49.5015],[1.90994,49.50267],[1.90855,49.5035]]]},"properties":{"code_territoire":"iris602750000","libelle_territoire":"Glatigny (commune non irisée)"}},
{"type":"Feature","geometry":{"type":"Polygon","coordinates":[[[2.75965,49.61773],[2.75726,49.62109],[2.73883,49.62726],[2.73782,49.62404],[2.72727,49.62637],[2.72093,49.62164],[2.72186,49.60982],[2.71461,49.60778],[2.71447,49.60354],[2.71982,49.59963],[2.71634,49.59001],[2.72645,49.588],[2.73458,49.58703],[2.73625,49.58951],[2.73933,49.58765],[2.75374,49.60191],[2.75965,49.61773]]]},"properties":{"code_territoire":"iris601600000","libelle_territoire":"Conchy-les-Pots (commune non irisée)"}},
{"type":"Feature","geometry":{"type":"Polygon","coordinates":[[[2.03606,49.64427],[2.05098,49.64348],[2.06554,49.64611],[2.06426,49.65599],[2.07367,49.66026],[2.06148,49.66273],[2.06201,49.666],[2.04443,49.65852],[2.03606,49.64427]]]},"properties":{"code_territoire":"iris601610000","libelle_territoire":"Conteville (commune non irisée)"}},
{"type":"Feature","geometry":{"type":"Polygon","coordinates":[[[2.11582,49.2667],[2.12135,49.26761],[2.12019,49.2724],[2.12667,49.27838],[2.12917,49.28279],[2.1248,49.28147],[2.12242,49.28511],[2.09677,49.28653],[2.09709,49.27665],[2.09388,49.2688],[2.10349,49.26962],[2.10726,49.26742],[2.11227,49.26979],[2.11582,49.2667]]]},"properties":{"code_territoire":"iris601620000","libelle_territoire":"Corbeil-Cerf (commune non irisée)"}},
{"type":"Feature","geometry":{"type":"Polygon","coordinates":[[[2.20887,49.63425],[2.21201,49.63811],[2.20687,49.64007],[2.20839,49.64535],[2.2133,49.64359],[2.2201,49.64976],[2.20929,49.66158],[2.18839,49.64908],[2.17883,49.64944],[2.17597,49.64514],[2.17767,49.63496],[2.18787,49.62534],[2.19293,49.62422],[2.20344,49.62982],[2.20333,49.62652],[2.20542,49.63498],[2.20887,49.63425]]]},"properties":{"code_territoire":"iris601630000","libelle_territoire":"Cormeilles (commune non irisée)"}},
{"type":"Feature","geometry":{"type":"Polygon","coordinates":[[[1.81179,49.4216],[1.80888,49.41903],[1.81523,49.41832],[1.81438,49.4167],[1.80191,49.41031],[1.80636,49.40703],[1.80427,49.40211],[1.80748,49.39612],[1.80128,49.39133],[1.80102,49.38651],[1.81311,49.39343],[1.81832,49.38842],[1.83324,49.38767],[1.83184,49.37993],[1.83503,49.3766],[1.83801,49.37914],[1.85422,49.38347],[1.86232,49.38987],[1.85714,49.39971],[1.86736,49.40864],[1.84679,49.4127],[1.81179,49.4216]]]},"properties":{"code_territoire":"iris601640000","libelle_territoire":"Le Coudray-Saint-Germer (commune non irisée)"}},
{"type":"Feature","geometry":{"type":"Polygon","coordinates":[[[2.12245,49.32165],[2.11094,49.31736],[2.11533,49.31365],[2.10813,49.30559],[2.11015,49.30302],[2.12692,49.29924],[2.13763,49.29959],[2.13929,49.31313],[2.12261,49.31728],[2.12752,49.31982],[2.12245,49.32165]]]},"properties":{"code_territoire":"iris601650000","libelle_territoire":"Le Coudray-sur-Thelle (commune non irisée)"}},
{"type":"Feature","geometry":{"type":"Polygon","coordinates":[[[2.52343,49.57653],[2.53244,49.57536],[2.53513,49.57272],[2.55181,49.57023],[2.56044,49.57837],[2.57213,49.58179],[2.56412,49.58439],[2.56255,49.58831],[2.55664,49.59527],[2.5478,49.59332],[2.54634,49.595],[2.54519,49.59069],[2.52213,49.57873],[2.52343,49.57653]]]},"properties":{"code_territoire":"iris602760000","libelle_territoire":"Godenvillers (commune non irisée)"}},
{"type":"Feature","geometry":{"type":"Polygon","coordinates":[[[2.05558,49.42868],[2.04466,49.43548],[2.03476,49.43526],[2.04066,49.43912],[2.03634,49.44228],[2.02175,49.43397],[2.01386,49.42495],[2.01332,49.41896],[2.02134,49.40873],[2.02835,49.40918],[2.03938,49.41934],[2.04412,49.41828],[2.05038,49.42091],[2.05346,49.41848],[2.05757,49.42122],[2.05369,49.42534],[2.05752,49.42705],[2.05558,49.42868]]]},"properties":{"code_territoire":"iris602770000","libelle_territoire":"Goincourt (commune non irisée)"}},
{"type":"Feature","geometry":{"type":"Polygon","coordinates":[[[3.07972,49.69177],[3.07817,49.69491],[3.08473,49.70639],[3.08337,49.71273],[3.07844,49.71093],[3.06544,49.71419],[3.05808,49.71164],[3.05237,49.71394],[3.0596,49.70208],[3.05546,49.69359],[3.05987,49.692],[3.06135,49.6956],[3.06628,49.69608],[3.06718,49.69272],[3.07029,49.69385],[3.07854,49.69024],[3.07972,49.69177]]]},"properties":{"code_territoire":"iris602780000","libelle_territoire":"Golancourt (commune non irisée)"}},
{"type":"Feature","geometry":{"type":"Polygon","coordinates":[[[2.96067,49.23162],[2.95062,49.23748],[2.93554,49.23316],[2.93617,49.22824],[2.9276,49.22926],[2.92708,49.22552],[2.93191,49.22315],[2.92991,49.22017],[2.92504,49.22188],[2.92458,49.22026],[2.95274,49.20345],[2.96002,49.20396],[2.96498,49.20623],[2.96471,49.20932],[2.96983,49.21041],[2.97085,49.21444],[2.96196,49.21837],[2.96493,49.22031],[2.95804,49.22692],[2.96438,49.23189],[2.96067,49.23162]]]},"properties":{"code_territoire":"iris602790000","libelle_territoire":"Gondreville (commune non irisée)"}},
{"type":"Feature","geometry":{"type":"Polygon","coordinates":[[[1.79603,49.72706],[1.78219,49.73517],[1.77355,49.73352],[1.77286,49.73088],[1.76771,49.73163],[1.76561,49.7287],[1.77071,49.72421],[1.77057,49.71436],[1.78018,49.72357],[1.78587,49.72248],[1.79603,49.72706]]]},"properties":{"code_territoire":"iris602800000","libelle_territoire":"Gourchelles (commune non irisée)"}},
{"type":"Feature","geometry":{"type":"Polygon","coordinates":[[[2.69685,49.52956],[2.67959,49.5287],[2.68124,49.51535],[2.67151,49.514],[2.66361,49.51312],[2.66227,49.50524],[2.66992,49.49771],[2.66895,49.4937],[2.66385,49.49513],[2.6599,49.48725],[2.66125,49.48669],[2.67084,49.48976],[2.69079,49.48323],[2.69585,49.47635],[2.70447,49.47331],[2.70583,49.4753],[2.71963,49.48692],[2.72514,49.48491],[2.7258,49.48817],[2.71575,49.4979],[2.70428,49.49544],[2.70174,49.49854],[2.70665,49.50191],[2.69635,49.50324],[2.70435,49.51111],[2.69696,49.51342],[2.70883,49.51936],[2.70324,49.52882],[2.69685,49.52956]]]},"properties":{"code_territoire":"iris602810000","libelle_territoire":"Gournay-sur-Aronde (commune non irisée)"}},
{"type":"Feature","geometry":{"type":"Polygon","coordinates":[[[2.84705,49.45332],[2.83079,49.4621],[2.83047,49.46592],[2.81099,49.4663],[2.80105,49.47029],[2.80589,49.4728],[2.80038,49.47161],[2.79262,49.47431],[2.78584,49.47442],[2.78551,49.47176],[2.77899,49.47422],[2.78093,49.46865],[2.77424,49.47036],[2.77331,49.46819],[2.7708,49.46279],[2.77778,49.45733],[2.76648,49.45013],[2.77971,49.44626],[2.77934,49.44409],[2.78443,49.44261],[2.79057,49.44736],[2.79648,49.44277],[2.80519,49.44247],[2.80311,49.4441],[2.82478,49.45417],[2.82783,49.45959],[2.84241,49.4553],[2.84375,49.45258],[2.84705,49.45332]]]},"properties":{"code_territoire":"iris601660000","libelle_territoire":"Coudun (commune non irisée)"}},
{"type":"Feature","geometry":{"type":"Polygon","coordinates":[[[3.02879,49.38968],[3.03327,49.38886],[3.0353,49.39295],[3.0435,49.39766],[3.04508,49.40401],[3.03815,49.4063],[3.03909,49.40893],[3.02183,49.40839],[3.01228,49.40708],[3.01289,49.39712],[3.01632,49.39811],[3.01851,49.39382],[3.02879,49.38968]]]},"properties":{"code_territoire":"iris601670000","libelle_territoire":"Couloisy (commune non irisée)"}},
{"type":"Feature","geometry":{"type":"Polygon","coordinates":[[[2.6279,49.58547],[2.6214,49.58165],[2.61366,49.5828],[2.61052,49.57764],[2.60343,49.57192],[2.60921,49.56866],[2.60894,49.563],[2.61321,49.55855],[2.61968,49.55566],[2.62145,49.55841],[2.62809,49.55853],[2.62815,49.56088],[2.63602,49.55822],[2.64468,49.5635],[2.65317,49.57007],[2.6487,49.57229],[2.63325,49.58002],[2.63004,49.57917],[2.6279,49.58547]]]},"properties":{"code_territoire":"iris601680000","libelle_territoire":"Courcelles-Epayelles (commune non irisée)"}},
{"type":"Feature","geometry":{"type":"Polygon","coordinates":[[[1.76694,49.25204],[1.76681,49.26145],[1.765,49.26341],[1.7618,49.26143],[1.75656,49.26621],[1.75888,49.27236],[1.75104,49.26746],[1.73644,49.27032],[1.72619,49.26477],[1.70868,49.2647],[1.70782,49.25519],[1.70123,49.25182],[1.70512,49.25267],[1.70454,49.24928],[1.72004,49.24905],[1.72475,49.25478],[1.72952,49.25534],[1.76694,49.25204]]]},"properties":{"code_territoire":"iris601690000","libelle_territoire":"Courcelles-lès-Gisors (commune non irisée)"}},
{"type":"Feature","geometry":{"type":"Polygon","coordinates":[[[2.52809,49.21048],[2.52546,49.2096],[2.52828,49.20687],[2.52645,49.20097],[2.53005,49.19971],[2.52469,49.19657],[2.5258,49.19377],[2.54419,49.19769],[2.55655,49.19639],[2.55641,49.19857],[2.56166,49.19967],[2.5616,49.20356],[2.56511,49.20884],[2.5578,49.21089],[2.55949,49.21266],[2.54805,49.22251],[2.54225,49.21527],[2.52809,49.21048]]]},"properties":{"code_territoire":"iris601700000","libelle_territoire":"Courteuil (commune non irisée)"}},
{"type":"Feature","geometry":{"type":"Polygon","coordinates":[[[2.39443,49.19222],[2.40579,49.18367],[2.42244,49.18788],[2.42263,49.19021],[2.40838,49.1917],[2.40043,49.19642],[2.39443,49.19222]]]},"properties":{"code_territoire":"iris602820101","libelle_territoire":"Centre"}},
{"type":"Feature","geometry":{"type":"Polygon","coordinates":[[[2.39132,49.20433],[2.38195,49.19396],[2.38543,49.19176],[2.39443,49.19222],[2.40043,49.19642],[2.40838,49.1917],[2.42263,49.19021],[2.42244,49.18788],[2.42978,49.18764],[2.43021,49.19596],[2.44541,49.21142],[2.42855,49.21134],[2.42295,49.21365],[2.41574,49.20566],[2.39781,49.20459],[2.39132,49.20433]]]},"properties":{"code_territoire":"iris602820201","libelle_territoire":"Ouest"}},
{"type":"Feature","geometry":{"type":"Polygon","coordinates":[[[2.44541,49.21142],[2.43021,49.19596],[2.42978,49.18764],[2.44258,49.17011],[2.44787,49.16622],[2.45041,49.17002],[2.45828,49.18236],[2.4583,49.19498],[2.45675,49.20231],[2.46106,49.20256],[2.46307,49.20861],[2.44541,49.21142]]]},"properties":{"code_territoire":"iris602820301","libelle_territoire":"Est"}},
{"type":"Feature","geometry":{"type":"Polygon","coordinates":[[[2.44258,49.17011],[2.42978,49.18764],[2.42244,49.18788],[2.40579,49.18367],[2.39443,49.19222],[2.38543,49.19176],[2.38195,49.19396],[2.37551,49.18522],[2.37086,49.18541],[2.36919,49.1752],[2.37406,49.17309],[2.375,49.17617],[2.37984,49.17333],[2.43398,49.16975],[2.44258,49.17011]]]},"properties":{"code_territoire":"iris602820401","libelle_territoire":"Sud"}},
{"type":"Feature","geometry":{"type":"Polygon","coordinates":[[[2.23267,49.70209],[2.21736,49.70252],[2.20362,49.69826],[2.1921,49.70277],[2.21519,49.68693],[2.23029,49.68944],[2.22777,49.69142],[2.23512,49.70003],[2.23267,49.70209]]]},"properties":{"code_territoire":"iris602830000","libelle_territoire":"Gouy-les-Groseillers (commune non irisée)"}},
{"type":"Feature","geometry":{"type":"Polygon","coordinates":[[[2.68224,49.38122],[2.67199,49.38018],[2.66704,49.38882],[2.6724,49.39184],[2.66455,49.39621],[2.66658,49.3988],[2.66236,49.4056],[2.6601,49.40077],[2.64899,49.39857],[2.65102,49.39543],[2.64807,49.39537],[2.64682,49.38745],[2.64104,49.38285],[2.64383,49.37884],[2.63578,49.3544],[2.64712,49.35656],[2.65331,49.36101],[2.65517,49.35692],[2.6749,49.36239],[2.67356,49.3659],[2.68009,49.3669],[2.67786,49.36938],[2.68592,49.37232],[2.68224,49.38122]]]},"properties":{"code_territoire":"iris602840000","libelle_territoire":"Grandfresnoy (commune non irisée)"}},
{"type":"Feature","geometry":{"type":"Polygon","coordinates":[[[2.59925,49.44605],[2.62283,49.46907],[2.6306,49.46634],[2.63303,49.47447],[2.62055,49.48002],[2.61209,49.48074],[2.59944,49.47397],[2.59067,49.45784],[2.5835,49.45715],[2.58428,49.44735],[2.59925,49.44605]]]},"properties":{"code_territoire":"iris602850000","libelle_territoire":"Grandvillers-aux-Bois (commune non irisée)"}},
{"type":"Feature","geometry":{"type":"Polygon","coordinates":[[[3.08259,49.3979],[3.07553,49.38373],[3.07963,49.382],[3.07202,49.37611],[3.07291,49.37411],[3.08043,49.37397],[3.08904,49.37769],[3.09055,49.37524],[3.09496,49.37652],[3.09028,49.39837],[3.08259,49.3979]]]},"properties":{"code_territoire":"iris601710000","libelle_territoire":"Courtieux (commune non irisée)"}},
{"type":"Feature","geometry":{"type":"Polygon","coordinates":[[[2.44078,49.14591],[2.43548,49.13405],[2.45887,49.1409],[2.46246,49.13926],[2.46129,49.13614],[2.47154,49.1354],[2.47751,49.13098],[2.48263,49.13259],[2.4842,49.13872],[2.50015,49.15684],[2.49456,49.15667],[2.49567,49.1585],[2.48289,49.15798],[2.44904,49.14709],[2.44769,49.14459],[2.44078,49.14591]]]},"properties":{"code_territoire":"iris601720000","libelle_territoire":"Coye-la-Forêt (commune non irisée)"}},
{"type":"Feature","geometry":{"type":"Polygon","coordinates":[[[2.41372,49.2551],[2.40815,49.2592],[2.4055,49.26102],[2.40312,49.258],[2.39784,49.2603],[2.38161,49.26038],[2.37632,49.25857],[2.38402,49.25515],[2.38232,49.25195],[2.37914,49.25286],[2.37211,49.24059],[2.37897,49.23725],[2.39488,49.2367],[2.39705,49.24065],[2.40933,49.23712],[2.40706,49.24205],[2.41674,49.24234],[2.41692,49.25153],[2.40914,49.25502],[2.41372,49.2551]]]},"properties":{"code_territoire":"iris601730000","libelle_territoire":"Cramoisy (commune non irisée)"}},
{"type":"Feature","geometry":{"type":"Polygon","coordinates":[[[2.79574,49.62977],[2.80285,49.62832],[2.80492,49.62535],[2.8077,49.63659],[2.8168,49.63235],[2.82736,49.62665],[2.83047,49.62909],[2.82879,49.63421],[2.83992,49.6278],[2.84449,49.63084],[2.84107,49.63501],[2.82357,49.63458],[2.82185,49.63833],[2.81192,49.63931],[2.80506,49.64659],[2.80242,49.65877],[2.79354,49.65573],[2.7947,49.64968],[2.78922,49.64016],[2.79574,49.62977]]]},"properties":{"code_territoire":"iris601740000","libelle_territoire":"Crapeaumesnil (commune non irisée)"}},
{"type":"Feature","geometry":{"type":"Polygon","coordinates":[[[1.95958,49.66617],[1.95429,49.68098],[1.95298,49.68244],[1.93756,49.67643],[1.93557,49.67287],[1.91485,49.66871],[1.91278,49.67129],[1.90953,49.67023],[1.91182,49.6679],[1.89335,49.66131],[1.89813,49.6587],[1.91387,49.65947],[1.92171,49.66132],[1.92866,49.66093],[1.92998,49.65832],[1.93771,49.65944],[1.94851,49.65274],[1.95673,49.6575],[1.95529,49.66203],[1.95958,49.66617]]]},"properties":{"code_territoire":"iris602860000","libelle_territoire":"Grandvilliers (commune non irisée)"}},
{"type":"Feature","geometry":{"type":"Polygon","coordinates":[[[3.09359,49.62249],[3.08977,49.62127],[3.08638,49.62683],[3.06899,49.62162],[3.05451,49.62068],[3.05709,49.61769],[3.0392,49.61406],[3.07686,49.6058],[3.07482,49.60213],[3.07796,49.60315],[3.07853,49.59843],[3.08447,49.59488],[3.09681,49.60227],[3.10418,49.60766],[3.09787,49.61387],[3.10221,49.61568],[3.09359,49.62249]]]},"properties":{"code_territoire":"iris602870000","libelle_territoire":"Grandrû (commune non irisée)"}},
{"type":"Feature","geometry":{"type":"Polygon","coordinates":[[[1.88039,49.57382],[1.88285,49.56019],[1.89668,49.55349],[1.8953,49.54913],[1.89827,49.55052],[1.90203,49.54666],[1.90691,49.5496],[1.91005,49.54478],[1.93019,49.55147],[1.939,49.55743],[1.93447,49.55929],[1.92112,49.56337],[1.91114,49.56638],[1.90848,49.56455],[1.89586,49.5726],[1.8903,49.5707],[1.89482,49.57389],[1.89294,49.57546],[1.88478,49.57298],[1.88352,49.57464],[1.88039,49.57382]]]},"properties":{"code_territoire":"iris602880000","libelle_territoire":"Grémévillers (commune non irisée)"}},
{"type":"Feature","geometry":{"type":"Polygon","coordinates":[[[1.97828,49.61954],[1.99758,49.62575],[1.99383,49.64429],[1.97508,49.64553],[1.95749,49.64442],[1.96082,49.64036],[1.95697,49.63909],[1.9621,49.63528],[1.96911,49.62949],[1.96483,49.626],[1.97828,49.61954]]]},"properties":{"code_territoire":"iris602890000","libelle_territoire":"Grez (commune non irisée)"}},
{"type":"Feature","geometry":{"type":"Polygon","coordinates":[[[2.14956,49.48669],[2.13632,49.49273],[2.13001,49.50114],[2.12661,49.49808],[2.11771,49.49845],[2.11268,49.4904],[2.11554,49.48726],[2.11204,49.48525],[2.12069,49.47383],[2.12321,49.47587],[2.12602,49.47318],[2.13257,49.47466],[2.14956,49.48669]]]},"properties":{"code_territoire":"iris602900000","libelle_territoire":"Guignecourt (commune non irisée)"}},
{"type":"Feature","geometry":{"type":"Polygon","coordinates":[[[3.0564,49.67558],[3.04242,49.67383],[3.04089,49.67856],[3.0332,49.68311],[3.02824,49.67993],[3.0115,49.67454],[3.01661,49.67298],[3.01961,49.66809],[3.00953,49.66371],[3.00907,49.66068],[3.00788,49.65628],[3.01638,49.65614],[3.02673,49.64908],[3.01116,49.64069],[3.04272,49.63912],[3.04566,49.64328],[3.05195,49.64117],[3.06054,49.64575],[3.06586,49.64372],[3.0878,49.63983],[3.09645,49.65054],[3.09751,49.6568],[3.108,49.65807],[3.10856,49.66443],[3.09906,49.68419],[3.08722,49.66653],[3.08897,49.66136],[3.06785,49.65996],[3.05966,49.67084],[3.05543,49.66984],[3.0564,49.67558]]]},"properties":{"code_territoire":"iris602910000","libelle_territoire":"Guiscard (commune non irisée)"}},
{"type":"Feature","geometry":{"type":"Polygon","coordinates":[[[2.45698,49.25213],[2.45691,49.24826],[2.46315,49.24877],[2.46124,49.2513],[2.46638,49.25272],[2.46505,49.25491],[2.46972,49.25744],[2.47623,49.2589],[2.47877,49.25687],[2.48219,49.25415],[2.48727,49.25642],[2.47898,49.26057],[2.4834,49.26238],[2.48778,49.26329],[2.4866,49.26439],[2.47409,49.26214],[2.45749,49.25335],[2.45698,49.25213]]]},"properties":{"code_territoire":"iris601750101","libelle_territoire":"Rive Gauche"}},
{"type":"Feature","geometry":{"type":"Polygon","coordinates":[[[2.47358,49.26599],[2.47409,49.26214],[2.4866,49.26439],[2.48874,49.26562],[2.48461,49.26891],[2.47358,49.26599]]]},"properties":{"code_territoire":"iris601750102","libelle_territoire":"Voltaire"}},
{"type":"Feature","geometry":{"type":"Polygon","coordinates":[[[2.45749,49.25335],[2.47409,49.26214],[2.47358,49.26599],[2.46832,49.26588],[2.46024,49.26408],[2.45684,49.26162],[2.45891,49.25993],[2.45325,49.25633],[2.45749,49.25335]]]},"properties":{"code_territoire":"iris601750103","libelle_territoire":"La Gare-Le Marais"}},
{"type":"Feature","geometry":{"type":"Polygon","coordinates":[[[2.46718,49.25241],[2.46638,49.25272],[2.46124,49.2513],[2.46315,49.24877],[2.4674,49.24902],[2.46798,49.25252],[2.46718,49.25241]]]},"properties":{"code_territoire":"iris601750201","libelle_territoire":"Les Hautes Haies"}},
{"type":"Feature","geometry":{"type":"Polygon","coordinates":[[[2.47877,49.25687],[2.47623,49.2589],[2.46972,49.25744],[2.46505,49.25491],[2.46638,49.25272],[2.46718,49.25241],[2.47152,49.2553],[2.47735,49.25219],[2.47877,49.25687]]]},"properties":{"code_territoire":"iris601750202","libelle_territoire":"Le Parc Rouher"}},
{"type":"Feature","geometry":{"type":"Polygon","coordinates":[[[2.4674,49.24902],[2.4735,49.24875],[2.47001,49.24544],[2.47426,49.24522],[2.47553,49.24646],[2.47735,49.25219],[2.47524,49.25042],[2.46798,49.25252],[2.4674,49.24902]]]},"properties":{"code_territoire":"iris601750203","libelle_territoire":"Les Haies"}},
{"type":"Feature","geometry":{"type":"Polygon","coordinates":[[[2.46798,49.25252],[2.47524,49.25042],[2.47735,49.25219],[2.47152,49.2553],[2.46718,49.25241],[2.46798,49.25252]]]},"properties":{"code_territoire":"iris601750204","libelle_territoire":"Jean Biondi"}},
{"type":"Feature","geometry":{"type":"Polygon","coordinates":[[[2.48727,49.25076],[2.48219,49.25415],[2.47877,49.25687],[2.47735,49.25219],[2.47553,49.24646],[2.48727,49.25076]]]},"properties":{"code_territoire":"iris601750301","libelle_territoire":"Cavée de Paris"}},
{"type":"Feature","geometry":{"type":"Polygon","coordinates":[[[2.48727,49.25642],[2.48219,49.25415],[2.48727,49.25076],[2.49193,49.25496],[2.48727,49.25642]]]},"properties":{"code_territoire":"iris601750302","libelle_territoire":"Cavée de Senlis"}},
{"type":"Feature","geometry":{"type":"Polygon","coordinates":[[[2.48727,49.25642],[2.4834,49.26238],[2.47898,49.26057],[2.48727,49.25642]]]},"properties":{"code_territoire":"iris601750401","libelle_territoire":"Moulin Ouest"}},
{"type":"Feature","geometry":{"type":"Polygon","coordinates":[[[2.49193,49.25496],[2.48778,49.26329],[2.4834,49.26238],[2.48727,49.25642],[2.49193,49.25496]]]},"properties":{"code_territoire":"iris601750402","libelle_territoire":"Moulin Est"}},
{"type":"Feature","geometry":{"type":"Polygon","coordinates":[[[2.47459,49.24366],[2.47426,49.24522],[2.47001,49.24544],[2.4735,49.24875],[2.4674,49.24902],[2.46315,49.24877],[2.45691,49.24826],[2.45698,49.25213],[2.45536,49.24993],[2.4572,49.24501],[2.46729,49.24506],[2.4592,49.24191],[2.46555,49.24019],[2.4706,49.24491],[2.47459,49.24366]]]},"properties":{"code_territoire":"iris601750501","libelle_territoire":"Zone d'Activités Ouest"}},
{"type":"Feature","geometry":{"type":"Polygon","coordinates":[[[2.48874,49.26562],[2.4866,49.26439],[2.48778,49.26329],[2.49193,49.25496],[2.5101,49.24805],[2.51232,49.25583],[2.4953,49.26547],[2.49881,49.27019],[2.49559,49.27459],[2.48874,49.26562]]]},"properties":{"code_territoire":"iris601750601","libelle_territoire":"Zone d'Activités Est"}},
{"type":"Feature","geometry":{"type":"Polygon","coordinates":[[[2.78469,49.56491],[2.80391,49.55796],[2.81131,49.56036],[2.81665,49.55873],[2.81295,49.56345],[2.81761,49.57475],[2.8146,49.57909],[2.80414,49.58325],[2.79611,49.58585],[2.79213,49.58263],[2.79582,49.57763],[2.78507,49.57515],[2.787,49.56949],[2.7835,49.56863],[2.78469,49.56491]]]},"properties":{"code_territoire":"iris602920000","libelle_territoire":"Gury (commune non irisée)"}},
{"type":"Feature","geometry":{"type":"Polygon","coordinates":[[[1.87346,49.17408],[1.87646,49.17957],[1.86712,49.18572],[1.87113,49.18628],[1.87179,49.19425],[1.86107,49.20011],[1.85987,49.20361],[1.84934,49.20374],[1.84492,49.20857],[1.83957,49.20697],[1.83278,49.19909],[1.82839,49.20188],[1.8239,49.19855],[1.832,49.19165],[1.83923,49.1899],[1.8434,49.18276],[1.83995,49.18061],[1.84911,49.17709],[1.84889,49.17059],[1.8568,49.17336],[1.85822,49.16996],[1.87346,49.17408]]]},"properties":{"code_territoire":"iris602930000","libelle_territoire":"Hadancourt-le-Haut-Clocher (commune non irisée)"}},
{"type":"Feature","geometry":{"type":"Polygon","coordinates":[[[2.67084,49.58147],[2.67689,49.57992],[2.6798,49.58219],[2.70092,49.5889],[2.69318,49.59794],[2.683,49.59914],[2.67908,49.5969],[2.67421,49.60006],[2.66811,49.59906],[2.67371,49.59477],[2.66999,49.59163],[2.67326,49.58576],[2.67084,49.58147]]]},"properties":{"code_territoire":"iris602940000","libelle_territoire":"Hainvillers (commune non irisée)"}},
{"type":"Feature","geometry":{"type":"Polygon","coordinates":[[[1.95618,49.64415],[1.9497,49.64796],[1.94851,49.65274],[1.93771,49.65944],[1.92998,49.65832],[1.92866,49.66093],[1.92171,49.66132],[1.91387,49.65947],[1.91498,49.65513],[1.92675,49.65332],[1.92666,49.64274],[1.93893,49.63844],[1.93865,49.64236],[1.95823,49.64249],[1.95618,49.64415]]]},"properties":{"code_territoire":"iris602950000","libelle_territoire":"Halloy (commune non irisée)"}},
{"type":"Feature","geometry":{"type":"Polygon","coordinates":[[[1.81406,49.49041],[1.81263,49.49528],[1.82353,49.49769],[1.82333,49.50115],[1.83234,49.50692],[1.83559,49.51445],[1.835,49.51718],[1.82826,49.51617],[1.82044,49.52661],[1.80364,49.52502],[1.78885,49.51692],[1.78755,49.50653],[1.78984,49.50207],[1.78517,49.49876],[1.79078,49.49801],[1.78899,49.49043],[1.80573,49.49439],[1.8065,49.49133],[1.81406,49.49041]]]},"properties":{"code_territoire":"iris602960000","libelle_territoire":"Hannaches (commune non irisée)"}},
{"type":"Feature","geometry":{"type":"Polygon","coordinates":[[[2.03606,49.64427],[2.04443,49.65852],[2.04442,49.65896],[2.03069,49.65877],[2.01924,49.65407],[1.99716,49.65013],[1.9947,49.65308],[1.98603,49.65145],[1.9861,49.64722],[1.97821,49.65044],[1.97508,49.64553],[1.99383,49.64429],[1.99758,49.62575],[2.01111,49.63251],[2.03606,49.64427]]]},"properties":{"code_territoire":"iris602970000","libelle_territoire":"Le Hamel (commune non irisée)"}},
{"type":"Feature","geometry":{"type":"Polygon","coordinates":[[[2.5101,49.24805],[2.49193,49.25496],[2.48727,49.25076],[2.47553,49.24646],[2.47426,49.24522],[2.47459,49.24366],[2.47419,49.2407],[2.48754,49.23676],[2.51484,49.24285],[2.51505,49.2461],[2.5101,49.24805]]]},"properties":{"code_territoire":"iris601750602","libelle_territoire":"Zone Naturelle Protégée"}},
{"type":"Feature","geometry":{"type":"Polygon","coordinates":[[[2.86921,49.24281],[2.88196,49.23739],[2.88791,49.23991],[2.89129,49.23807],[2.90292,49.23586],[2.90839,49.23905],[2.91644,49.23372],[2.92675,49.23374],[2.92543,49.23729],[2.92553,49.24002],[2.92331,49.23846],[2.90731,49.25084],[2.90749,49.25455],[2.87936,49.2601],[2.87934,49.25328],[2.86557,49.25538],[2.86482,49.24843],[2.86341,49.24482],[2.86921,49.24281]]]},"properties":{"code_territoire":"iris601760101","libelle_territoire":"Hazemont-Mermont"}},
{"type":"Feature","geometry":{"type":"Polygon","coordinates":[[[2.92675,49.23374],[2.91644,49.23372],[2.90839,49.23905],[2.90292,49.23586],[2.89129,49.23807],[2.88742,49.23483],[2.88936,49.23174],[2.89426,49.23146],[2.9283,49.23307],[2.92675,49.23374]]]},"properties":{"code_territoire":"iris601760201","libelle_territoire":"Geresmes-Bouillant"}},
{"type":"Feature","geometry":{"type":"Polygon","coordinates":[[[2.89426,49.23146],[2.88936,49.23174],[2.88742,49.23483],[2.89129,49.23807],[2.88791,49.23991],[2.88196,49.23739],[2.87829,49.22946],[2.88502,49.23086],[2.89426,49.23146]]]},"properties":{"code_territoire":"iris601760301","libelle_territoire":"Centre Ville"}},
{"type":"Feature","geometry":{"type":"Polygon","coordinates":[[[2.9283,49.23307],[2.89426,49.23146],[2.88502,49.23086],[2.88815,49.22722],[2.8982,49.21996],[2.902,49.2133],[2.91119,49.21314],[2.92458,49.22026],[2.92504,49.22188],[2.92991,49.22017],[2.93191,49.22315],[2.92708,49.22552],[2.9276,49.22926],[2.93617,49.22824],[2.93554,49.23316],[2.9283,49.23307]]]},"properties":{"code_territoire":"iris601760401","libelle_territoire":"Saint-Ladre-La Sablonnière"}},
{"type":"Feature","geometry":{"type":"Polygon","coordinates":[[[2.8982,49.21996],[2.88815,49.22722],[2.88835,49.22477],[2.87647,49.2221],[2.8855,49.21859],[2.8982,49.21996]]]},"properties":{"code_territoire":"iris601760501","libelle_territoire":"Les Musiciens II"}},
{"type":"Feature","geometry":{"type":"Polygon","coordinates":[[[2.87647,49.2221],[2.88835,49.22477],[2.88815,49.22722],[2.88502,49.23086],[2.87829,49.22946],[2.87091,49.22493],[2.87647,49.2221]]]},"properties":{"code_territoire":"iris601760601","libelle_territoire":"Les Fleurs-Les Musiciens I"}},
{"type":"Feature","geometry":{"type":"Polygon","coordinates":[[[2.87091,49.22493],[2.87829,49.22946],[2.88196,49.23739],[2.86921,49.24281],[2.86547,49.23715],[2.8746,49.23273],[2.86988,49.22532],[2.87091,49.22493]]]},"properties":{"code_territoire":"iris601760701","libelle_territoire":"Saint-Laurent-Les Roncettes"}},
{"type":"Feature","geometry":{"type":"Polygon","coordinates":[[[1.85373,49.51261],[1.86888,49.51176],[1.86851,49.49963],[1.86508,49.49944],[1.87301,49.49883],[1.88021,49.49363],[1.88979,49.50392],[1.90335,49.50022],[1.90855,49.5035],[1.8985,49.51144],[1.90015,49.51345],[1.87471,49.52199],[1.87232,49.52265],[1.86627,49.52063],[1.86451,49.51743],[1.85556,49.51795],[1.85373,49.51261]]]},"properties":{"code_territoire":"iris602980000","libelle_territoire":"Hanvoile (commune non irisée)"}},
{"type":"Feature","geometry":{"type":"Polygon","coordinates":[[[2.20333,49.62652],[2.20269,49.61382],[2.20028,49.6036],[2.22795,49.60235],[2.22643,49.60801],[2.24151,49.6117],[2.24718,49.60914],[2.24875,49.61461],[2.25437,49.61558],[2.24863,49.6224],[2.25032,49.62766],[2.23477,49.63106],[2.24366,49.63247],[2.24154,49.63431],[2.23269,49.63253],[2.21219,49.63487],[2.20866,49.63016],[2.20887,49.63425],[2.20542,49.63498],[2.20333,49.62652]]]},"properties":{"code_territoire":"iris602990000","libelle_territoire":"Hardivillers (commune non irisée)"}},
{"type":"Feature","geometry":{"type":"Polygon","coordinates":[[[1.92229,49.4937],[1.92636,49.49805],[1.92886,49.49725],[1.93196,49.50132],[1.95134,49.50853],[1.95182,49.512],[1.94352,49.51494],[1.92865,49.51657],[1.90994,49.50267],[1.91253,49.5015],[1.91636,49.50434],[1.91625,49.49644],[1.92229,49.4937]]]},"properties":{"code_territoire":"iris603010000","libelle_territoire":"Haucourt (commune non irisée)"}},
{"type":"Feature","geometry":{"type":"Polygon","coordinates":[[[2.2472,49.4659],[2.24517,49.46989],[2.25914,49.47289],[2.25643,49.475],[2.26481,49.48425],[2.2645,49.49021],[2.2688,49.4939],[2.26645,49.49592],[2.24962,49.49907],[2.25111,49.50275],[2.24612,49.50176],[2.25085,49.50671],[2.24386,49.50851],[2.23761,49.50251],[2.22987,49.50034],[2.22446,49.49904],[2.22107,49.48103],[2.21368,49.48025],[2.21303,49.47775],[2.21244,49.47505],[2.23619,49.47353],[2.24085,49.47166],[2.24168,49.46471],[2.2472,49.4659]]]},"properties":{"code_territoire":"iris603020000","libelle_territoire":"Haudivillers (commune non irisée)"}},
{"type":"Feature","geometry":{"type":"Polygon","coordinates":[[[1.86557,49.62467],[1.87285,49.61693],[1.88012,49.61696],[1.88078,49.62271],[1.89275,49.62611],[1.89055,49.62992],[1.88475,49.63373],[1.8666,49.63788],[1.86183,49.63854],[1.86024,49.63232],[1.8452,49.62761],[1.85482,49.62076],[1.85669,49.62344],[1.86557,49.62467]]]},"properties":{"code_territoire":"iris603030000","libelle_territoire":"Hautbos (commune non irisée)"}},
{"type":"Feature","geometry":{"type":"Polygon","coordinates":[[[1.98399,49.58382],[1.98699,49.56514],[2.00421,49.57645],[2.02397,49.57568],[2.0306,49.57965],[2.03362,49.5781],[2.04096,49.58049],[2.03658,49.58488],[2.01417,49.59271],[2.01058,49.6004],[2.00701,49.60062],[2.00156,49.59974],[2.00227,49.59298],[1.99377,49.5874],[1.98281,49.58519],[1.98399,49.58382]]]},"properties":{"code_territoire":"iris603040000","libelle_territoire":"Haute-Épine (commune non irisée)"}},
{"type":"Feature","geometry":{"type":"Polygon","coordinates":[[[2.59925,49.44605],[2.58428,49.44735],[2.5835,49.45715],[2.58373,49.46113],[2.57884,49.45823],[2.56068,49.46215],[2.55138,49.45558],[2.54108,49.45281],[2.55382,49.44579],[2.55635,49.43703],[2.56269,49.433],[2.56898,49.43083],[2.57249,49.43637],[2.56901,49.43992],[2.57733,49.4432],[2.59691,49.44029],[2.59925,49.44605]]]},"properties":{"code_territoire":"iris601770000","libelle_territoire":"Cressonsacq (commune non irisée)"}},
{"type":"Feature","geometry":{"type":"Polygon","coordinates":[[[2.06205,49.58366],[2.06325,49.59312],[2.06774,49.59734],[2.07605,49.59355],[2.09704,49.60263],[2.11717,49.59846],[2.11729,49.60244],[2.11736,49.60426],[2.10838,49.6044],[2.10953,49.61015],[2.11364,49.61146],[2.10473,49.62367],[2.0939,49.62384],[2.09329,49.62848],[2.09789,49.62978],[2.0971,49.63295],[2.09083,49.63547],[2.09503,49.63637],[2.09369,49.63881],[2.0757,49.63408],[2.06731,49.62897],[2.07205,49.61862],[2.06873,49.61928],[2.06176,49.61065],[2.0677,49.60311],[2.05596,49.58966],[2.0562,49.58347],[2.06004,49.58174],[2.06205,49.58366]]]},"properties":{"code_territoire":"iris601780000","libelle_territoire":"Crèvecœur-le-Grand (commune non irisée)"}},
{"type":"Feature","geometry":{"type":"Polygon","coordinates":[[[2.48718,49.56135],[2.49328,49.55837],[2.49867,49.56405],[2.50228,49.56334],[2.50206,49.56631],[2.50902,49.56552],[2.50776,49.57035],[2.51576,49.57395],[2.51312,49.57813],[2.50973,49.57641],[2.50935,49.57855],[2.50135,49.58015],[2.49722,49.58762],[2.48934,49.58802],[2.48918,49.57833],[2.49578,49.57235],[2.48718,49.56135]]]},"properties":{"code_territoire":"iris601790000","libelle_territoire":"Crèvecœur-le-Petit (commune non irisée)"}},
{"type":"Feature","geometry":{"type":"Polygon","coordinates":[[[1.94621,49.53091],[1.94283,49.53288],[1.94322,49.54311],[1.93243,49.54814],[1.92439,49.5408],[1.91105,49.53574],[1.91364,49.53387],[1.90881,49.52313],[1.9108,49.52049],[1.90015,49.51345],[1.8985,49.51144],[1.90855,49.5035],[1.90994,49.50267],[1.92865,49.51657],[1.94352,49.51494],[1.94135,49.51732],[1.94621,49.53091]]]},"properties":{"code_territoire":"iris601800000","libelle_territoire":"Crillon (commune non irisée)"}},
{"type":"Feature","geometry":{"type":"Polygon","coordinates":[[[2.7766,49.51427],[2.77282,49.51548],[2.77737,49.51807],[2.76898,49.51901],[2.75629,49.52764],[2.74228,49.52308],[2.72768,49.52569],[2.72025,49.51739],[2.73153,49.50595],[2.73496,49.5077],[2.73896,49.50445],[2.74073,49.50747],[2.75939,49.5053],[2.76331,49.50852],[2.77545,49.5096],[2.7766,49.51427]]]},"properties":{"code_territoire":"iris603860000","libelle_territoire":"Marquéglise (commune non irisée)"}},
{"type":"Feature","geometry":{"type":"Polygon","coordinates":[[[3.06883,49.34748],[3.07511,49.34905],[3.0771,49.37147],[3.08043,49.37397],[3.07291,49.37411],[3.07202,49.37611],[3.04535,49.37265],[3.03974,49.36552],[3.04551,49.36418],[3.03731,49.36338],[3.04495,49.36323],[3.05085,49.3584],[3.06259,49.35645],[3.06049,49.35041],[3.06883,49.34748]]]},"properties":{"code_territoire":"iris603050000","libelle_territoire":"Hautefontaine (commune non irisée)"}},
{"type":"Feature","geometry":{"type":"Polygon","coordinates":[[[1.78755,49.50653],[1.78885,49.51692],[1.80364,49.52502],[1.79836,49.52726],[1.80353,49.53535],[1.7983,49.53816],[1.78962,49.53518],[1.77572,49.53786],[1.76655,49.53351],[1.75492,49.52176],[1.75484,49.51685],[1.76824,49.51209],[1.77153,49.51305],[1.78755,49.50653]]]},"properties":{"code_territoire":"iris603060000","libelle_territoire":"Hécourt (commune non irisée)"}},
{"type":"Feature","geometry":{"type":"Polygon","coordinates":[[[2.2712,49.31604],[2.27768,49.31919],[2.27686,49.32324],[2.28245,49.32827],[2.28994,49.33011],[2.28743,49.33437],[2.29024,49.33585],[2.29187,49.3376],[2.28668,49.34068],[2.26989,49.34529],[2.259,49.3466],[2.25093,49.331],[2.26031,49.32959],[2.25596,49.3235],[2.2712,49.31604]]]},"properties":{"code_territoire":"iris603070000","libelle_territoire":"Heilles (commune non irisée)"}},
{"type":"Feature","geometry":{"type":"Polygon","coordinates":[[[2.65432,49.45568],[2.66197,49.45338],[2.66442,49.45683],[2.66908,49.45623],[2.66703,49.45352],[2.67066,49.45274],[2.67949,49.4596],[2.68592,49.46221],[2.68076,49.46298],[2.68286,49.46926],[2.67946,49.47096],[2.68268,49.4742],[2.6889,49.4689],[2.69585,49.47635],[2.69079,49.48323],[2.67084,49.48976],[2.66125,49.48669],[2.65744,49.47945],[2.66319,49.47152],[2.65432,49.45568]]]},"properties":{"code_territoire":"iris603080000","libelle_territoire":"Hémévillers (commune non irisée)"}},
{"type":"Feature","geometry":{"type":"Polygon","coordinates":[[[2.03824,49.19238],[2.047,49.1959],[2.04732,49.19869],[2.07251,49.20418],[2.07481,49.20884],[2.08074,49.21072],[2.08426,49.21744],[2.08017,49.22106],[2.07391,49.21823],[2.06507,49.21852],[2.05627,49.22091],[2.05607,49.22445],[2.05259,49.2214],[2.0414,49.22016],[2.04027,49.21405],[2.03523,49.21354],[2.03521,49.20381],[2.03935,49.20256],[2.03824,49.19238]]]},"properties":{"code_territoire":"iris603090000","libelle_territoire":"Hénonville (commune non irisée)"}},
{"type":"Feature","geometry":{"type":"Polygon","coordinates":[[[1.98997,49.4945],[1.98416,49.48936],[1.98377,49.48427],[1.98758,49.48388],[1.98953,49.47659],[1.99339,49.47784],[1.99289,49.47551],[2.0062,49.47359],[2.00942,49.47261],[2.02407,49.47827],[2.01758,49.48958],[2.00149,49.49004],[1.98997,49.4945]]]},"properties":{"code_territoire":"iris603100000","libelle_territoire":"Herchies (commune non irisée)"}},
{"type":"Feature","geometry":{"type":"Polygon","coordinates":[[[2.44216,49.59947],[2.43637,49.60037],[2.43757,49.60238],[2.43164,49.60666],[2.43659,49.60816],[2.42943,49.61589],[2.41811,49.61151],[2.4246,49.60715],[2.41306,49.60289],[2.40607,49.59503],[2.40875,49.59235],[2.40488,49.59449],[2.39708,49.58978],[2.40286,49.58587],[2.40868,49.58382],[2.42062,49.58552],[2.42225,49.58364],[2.42747,49.58885],[2.42383,49.58954],[2.42836,49.5932],[2.43299,49.59243],[2.44216,49.59947]]]},"properties":{"code_territoire":"iris603110000","libelle_territoire":"La Hérelle (commune non irisée)"}},
{"type":"Feature","geometry":{"type":"Polygon","coordinates":[[[1.74381,49.58251],[1.75247,49.57352],[1.77528,49.58232],[1.77502,49.58484],[1.78425,49.58809],[1.78078,49.59268],[1.77326,49.59136],[1.78008,49.59517],[1.7728,49.59396],[1.77562,49.59751],[1.76986,49.60034],[1.77362,49.60447],[1.76264,49.59642],[1.74381,49.58251]]]},"properties":{"code_territoire":"iris603120000","libelle_territoire":"Héricourt-sur-Thérain (commune non irisée)"}},
{"type":"Feature","geometry":{"type":"Polygon","coordinates":[[[2.26611,49.38383],[2.24025,49.36649],[2.23705,49.36921],[2.23855,49.36624],[2.23445,49.36264],[2.23788,49.36218],[2.24234,49.35409],[2.2348,49.35038],[2.23714,49.34754],[2.2323,49.34082],[2.23424,49.33863],[2.23807,49.33307],[2.24737,49.32924],[2.25093,49.331],[2.259,49.3466],[2.26989,49.34529],[2.27295,49.35122],[2.27014,49.35984],[2.27875,49.36902],[2.27645,49.38791],[2.27211,49.3892],[2.26611,49.38383]]]},"properties":{"code_territoire":"iris603130000","libelle_territoire":"Hermes (commune non irisée)"}},
{"type":"Feature","geometry":{"type":"Polygon","coordinates":[[[2.01111,49.63251],[2.02162,49.62643],[2.017,49.62221],[2.0217,49.62044],[2.0301,49.61667],[2.03548,49.6213],[2.04491,49.62136],[2.06731,49.62897],[2.0757,49.63408],[2.06688,49.63472],[2.06612,49.63818],[2.0591,49.63523],[2.05609,49.63807],[2.05869,49.64001],[2.05232,49.64093],[2.05098,49.64348],[2.03606,49.64427],[2.01111,49.63251]]]},"properties":{"code_territoire":"iris603140000","libelle_territoire":"Hétomesnil (commune non irisée)"}},
{"type":"Feature","geometry":{"type":"Polygon","coordinates":[[[1.98281,49.58519],[1.98522,49.59253],[1.98016,49.59723],[1.96351,49.58859],[1.96066,49.59316],[1.96112,49.58828],[1.95578,49.58657],[1.95568,49.58235],[1.94837,49.58827],[1.9448,49.58639],[1.94815,49.57209],[1.92112,49.56337],[1.93447,49.55929],[1.95098,49.55767],[1.96681,49.56401],[1.96951,49.56598],[1.96564,49.56907],[1.97017,49.57433],[1.98399,49.58382],[1.98281,49.58519]]]},"properties":{"code_territoire":"iris603870000","libelle_territoire":"Marseille-en-Beauvaisis (commune non irisée)"}},
{"type":"Feature","geometry":{"type":"Polygon","coordinates":[[[1.87471,49.52199],[1.90015,49.51345],[1.9108,49.52049],[1.90881,49.52313],[1.91364,49.53387],[1.91105,49.53574],[1.92439,49.5408],[1.93243,49.54814],[1.93019,49.55147],[1.91005,49.54478],[1.9052,49.54012],[1.90381,49.54148],[1.89166,49.52421],[1.88698,49.52586],[1.8894,49.52426],[1.88592,49.5219],[1.87553,49.52406],[1.87471,49.52199]]]},"properties":{"code_territoire":"iris603880000","libelle_territoire":"Martincourt (commune non irisée)"}},
{"type":"Feature","geometry":{"type":"Polygon","coordinates":[[[3.09585,49.6232],[3.0911,49.63055],[3.08555,49.63092],[3.0878,49.63983],[3.06586,49.64372],[3.06912,49.63862],[3.06899,49.62162],[3.08638,49.62683],[3.08977,49.62127],[3.09359,49.62249],[3.09585,49.6232]]]},"properties":{"code_territoire":"iris603890000","libelle_territoire":"Maucourt (commune non irisée)"}},
{"type":"Feature","geometry":{"type":"Polygon","coordinates":[[[2.19216,49.54701],[2.19078,49.54767],[2.16555,49.557],[2.15855,49.55521],[2.15768,49.55873],[2.15142,49.55982],[2.14813,49.55619],[2.13759,49.55594],[2.14433,49.55097],[2.14257,49.54516],[2.14639,49.53937],[2.15357,49.54077],[2.15618,49.5387],[2.15254,49.53586],[2.15648,49.53341],[2.18157,49.52599],[2.1847,49.52699],[2.18217,49.53373],[2.18521,49.54661],[2.19216,49.54701]]]},"properties":{"code_territoire":"iris603900000","libelle_territoire":"Maulers (commune non irisée)"}},
{"type":"Feature","geometry":{"type":"Polygon","coordinates":[[[2.37211,49.24059],[2.37914,49.25286],[2.38232,49.25195],[2.38402,49.25515],[2.37632,49.25857],[2.38161,49.26038],[2.37807,49.26197],[2.36926,49.26606],[2.36241,49.25996],[2.35701,49.26112],[2.35926,49.25536],[2.3549,49.24773],[2.35825,49.24525],[2.3526,49.24119],[2.35936,49.23969],[2.37211,49.24059]]]},"properties":{"code_territoire":"iris603910000","libelle_territoire":"Maysel (commune non irisée)"}},
{"type":"Feature","geometry":{"type":"Polygon","coordinates":[[[1.8877,49.45742],[1.89294,49.45789],[1.89132,49.46164],[1.89554,49.4623],[1.90163,49.45943],[1.90031,49.45503],[1.90458,49.45506],[1.913,49.46167],[1.92373,49.46351],[1.92903,49.45962],[1.92704,49.45271],[1.93108,49.45022],[1.93448,49.45275],[1.93629,49.46148],[1.93029,49.46372],[1.93259,49.46864],[1.9257,49.47208],[1.93753,49.478],[1.93858,49.47879],[1.92899,49.47974],[1.92451,49.48647],[1.90955,49.4879],[1.90806,49.4909],[1.90253,49.4876],[1.89254,49.48848],[1.88927,49.48432],[1.89189,49.48109],[1.88525,49.46662],[1.8877,49.45742]]]},"properties":{"code_territoire":"iris603150000","libelle_territoire":"Hodenc-en-Bray (commune non irisée)"}},
{"type":"Feature","geometry":{"type":"Polygon","coordinates":[[[2.12245,49.32165],[2.13535,49.32805],[2.13369,49.32993],[2.16291,49.33459],[2.16076,49.34056],[2.14555,49.35042],[2.13756,49.33997],[2.11754,49.32657],[2.12245,49.32165]]]},"properties":{"code_territoire":"iris603160000","libelle_territoire":"Hodenc-l'Évêque (commune non irisée)"}},
{"type":"Feature","geometry":{"type":"Polygon","coordinates":[[[2.28668,49.34068],[2.29187,49.3376],[2.29024,49.33585],[2.30335,49.33017],[2.30589,49.33178],[2.3127,49.3299],[2.31605,49.32557],[2.31926,49.32944],[2.31619,49.33418],[2.32165,49.33492],[2.31807,49.34203],[2.3221,49.34029],[2.3289,49.3492],[2.30649,49.35916],[2.30815,49.36755],[2.2983,49.35997],[2.2996,49.34912],[2.28668,49.34068]]]},"properties":{"code_territoire":"iris603170000","libelle_territoire":"Hondainville (commune non irisée)"}},
{"type":"Feature","geometry":{"type":"Polygon","coordinates":[[[2.64712,49.35656],[2.64272,49.35215],[2.63184,49.34952],[2.6335,49.33486],[2.62444,49.332],[2.62962,49.32583],[2.63912,49.32777],[2.64883,49.32668],[2.65349,49.32353],[2.67222,49.32016],[2.67609,49.32547],[2.66558,49.32534],[2.66001,49.32847],[2.65517,49.35692],[2.65331,49.36101],[2.64712,49.35656]]]},"properties":{"code_territoire":"iris603180000","libelle_territoire":"Houdancourt (commune non irisée)"}},
{"type":"Feature","geometry":{"type":"Polygon","coordinates":[[[2.82731,49.4812],[2.84408,49.47953],[2.86127,49.47921],[2.87337,49.48959],[2.87967,49.49028],[2.86986,49.49302],[2.86572,49.49564],[2.86998,49.49818],[2.86261,49.49965],[2.86069,49.49648],[2.85482,49.49704],[2.84074,49.50181],[2.83698,49.49827],[2.83276,49.49919],[2.826,49.49155],[2.82731,49.4812]]]},"properties":{"code_territoire":"iris603920000","libelle_territoire":"Mélicocq (commune non irisée)"}},
{"type":"Feature","geometry":{"type":"Polygon","coordinates":[[[2.36469,49.28378],[2.36079,49.27327],[2.364,49.26746],[2.36926,49.26606],[2.37807,49.26197],[2.37168,49.26676],[2.3774,49.2679],[2.38425,49.27964],[2.39248,49.28331],[2.39157,49.29018],[2.37756,49.28423],[2.3795,49.28961],[2.36469,49.28378]]]},"properties":{"code_territoire":"iris603930000","libelle_territoire":"Mello (commune non irisée)"}},
{"type":"Feature","geometry":{"type":"Polygon","coordinates":[[[2.5844,49.51632],[2.59099,49.51369],[2.58859,49.51128],[2.59566,49.50763],[2.60815,49.51125],[2.61101,49.50914],[2.61853,49.51521],[2.61724,49.52033],[2.62456,49.5253],[2.61071,49.52984],[2.60554,49.53728],[2.59892,49.53397],[2.60251,49.52959],[2.59039,49.52714],[2.58833,49.52881],[2.58807,49.5225],[2.59464,49.52202],[2.59412,49.51767],[2.58393,49.51878],[2.5844,49.51632]]]},"properties":{"code_territoire":"iris603940000","libelle_territoire":"Ménévillers (commune non irisée)"}},
{"type":"Feature","geometry":{"type":"Polygon","coordinates":[[[1.94559,49.33935],[1.9577,49.34791],[1.96755,49.34422],[1.97065,49.34769],[1.9704,49.3516],[1.97716,49.35031],[1.97869,49.35337],[1.96554,49.35595],[1.96552,49.35888],[1.95592,49.36198],[1.94637,49.36913],[1.93983,49.36516],[1.93563,49.36782],[1.92571,49.36191],[1.93334,49.35159],[1.93887,49.34289],[1.93673,49.33848],[1.94559,49.33935]]]},"properties":{"code_territoire":"iris603190000","libelle_territoire":"La Houssoye (commune non irisée)"}},
{"type":"Feature","geometry":{"type":"MultiPolygon","coordinates":[[[[2.99675,49.19205],[2.9998,49.18935],[2.99886,49.19303],[2.99675,49.19205]]],[[[2.99663,49.18688],[2.99288,49.19572],[2.989,49.18852],[2.99663,49.18688]]],[[[3.03489,49.18363],[3.04252,49.1846],[3.03166,49.20167],[3.03508,49.2058],[3.02934,49.21383],[3.01768,49.21703],[3.00216,49.21443],[2.9944,49.20949],[3.00258,49.2063],[3.00314,49.20257],[2.99653,49.1999],[3.00004,49.19949],[3.00535,49.18517],[3.01273,49.18457],[3.01745,49.18988],[3.02607,49.19297],[3.0286,49.19055],[3.02569,49.18655],[3.03004,49.18303],[3.03489,49.18363]]]]},"properties":{"code_territoire":"iris603200000","libelle_territoire":"Ivors (commune non irisée)"}},
{"type":"Feature","geometry":{"type":"Polygon","coordinates":[[[2.02238,49.21843],[2.03523,49.21354],[2.04027,49.21405],[2.0414,49.22016],[2.05259,49.2214],[2.05607,49.22445],[2.06008,49.22682],[2.06372,49.22563],[2.06854,49.23081],[2.0637,49.23817],[2.06846,49.24114],[2.06302,49.2438],[2.04712,49.24043],[2.02564,49.24363],[2.02401,49.24766],[2.01047,49.24782],[2.00659,49.24629],[2.00898,49.2426],[2.00279,49.24098],[2.00272,49.23662],[1.99248,49.23955],[1.99215,49.22817],[1.98963,49.2236],[2.00584,49.22682],[2.01581,49.22552],[2.02128,49.22306],[2.02238,49.21843]]]},"properties":{"code_territoire":"iris603210000","libelle_territoire":"Ivry-le-Temple (commune non irisée)"}},
{"type":"Feature","geometry":{"type":"Polygon","coordinates":[[[1.88974,49.31111],[1.87374,49.3158],[1.86175,49.30333],[1.85515,49.29599],[1.85966,49.293],[1.8563,49.29208],[1.86256,49.28979],[1.87434,49.29222],[1.87812,49.29739],[1.88306,49.29812],[1.88831,49.29982],[1.89259,49.30922],[1.88974,49.31111]]]},"properties":{"code_territoire":"iris603220000","libelle_territoire":"Jaméricourt (commune non irisée)"}},
{"type":"Feature","geometry":{"type":"Polygon","coordinates":[[[2.14217,49.27679],[2.1389,49.26542],[2.13112,49.25938],[2.13025,49.24001],[2.13489,49.24036],[2.13602,49.23786],[2.14463,49.23896],[2.14506,49.24244],[2.15519,49.24065],[2.1597,49.25026],[2.15494,49.24998],[2.15132,49.25807],[2.15902,49.26],[2.15898,49.27332],[2.15242,49.27979],[2.14217,49.27679]]]},"properties":{"code_territoire":"iris603950101","libelle_territoire":"Faubourg Nord"}},
{"type":"Feature","geometry":{"type":"Polygon","coordinates":[[[2.1597,49.25026],[2.15519,49.24065],[2.14506,49.24244],[2.14463,49.23896],[2.13602,49.23786],[2.13489,49.24036],[2.13025,49.24001],[2.13159,49.23429],[2.15623,49.22655],[2.16311,49.23365],[2.16439,49.24028],[2.17212,49.24064],[2.17005,49.24375],[2.1597,49.25026]]]},"properties":{"code_territoire":"iris603950201","libelle_territoire":"Centre Ville"}},
{"type":"Feature","geometry":{"type":"Polygon","coordinates":[[[2.15623,49.22655],[2.13159,49.23429],[2.1312,49.23425],[2.13441,49.22651],[2.13915,49.21653],[2.14873,49.21272],[2.14719,49.21659],[2.15623,49.22655]]]},"properties":{"code_territoire":"iris603950301","libelle_territoire":"Faubourg Sud"}},
{"type":"Feature","geometry":{"type":"Polygon","coordinates":[[[2.1154,49.23003],[2.11377,49.23321],[2.1312,49.23425],[2.13159,49.23429],[2.13025,49.24001],[2.13112,49.25938],[2.1389,49.26542],[2.14217,49.27679],[2.12667,49.27838],[2.12019,49.2724],[2.12135,49.26761],[2.11582,49.2667],[2.11256,49.26481],[2.11837,49.25609],[2.11154,49.23839],[2.09261,49.24203],[2.0923,49.23927],[2.08747,49.23358],[2.0983,49.22947],[2.11308,49.2322],[2.1154,49.23003]]]},"properties":{"code_territoire":"iris603950401","libelle_territoire":"Villages et Jardins"}},
{"type":"Feature","geometry":{"type":"Polygon","coordinates":[[[2.11758,49.22696],[2.12279,49.2293],[2.12519,49.22477],[2.12423,49.22759],[2.12774,49.22864],[2.13441,49.22651],[2.1312,49.23425],[2.11377,49.23321],[2.1154,49.23003],[2.11758,49.22696]]]},"properties":{"code_territoire":"iris603950501","libelle_territoire":"Nacre"}},
{"type":"Feature","geometry":{"type":"Polygon","coordinates":[[[2.14831,49.21255],[2.14873,49.21272],[2.13915,49.21653],[2.13441,49.22651],[2.12774,49.22864],[2.12423,49.22759],[2.12519,49.22477],[2.12279,49.2293],[2.11758,49.22696],[2.12006,49.21924],[2.12622,49.21462],[2.14831,49.21255]]]},"properties":{"code_territoire":"iris603950601","libelle_territoire":"Chesnaie-Zone Industrielle"}},
{"type":"Feature","geometry":{"type":"Polygon","coordinates":[[[2.86534,49.4553],[2.8612,49.45985],[2.84872,49.45741],[2.8505,49.45397],[2.85201,49.45185],[2.85707,49.45386],[2.85812,49.44832],[2.86622,49.44858],[2.86534,49.4553]]]},"properties":{"code_territoire":"iris603230000","libelle_territoire":"Janville (commune non irisée)"}},
{"type":"Feature","geometry":{"type":"Polygon","coordinates":[[[3.0353,49.39295],[3.04839,49.38731],[3.04198,49.38413],[3.04535,49.37265],[3.07202,49.37611],[3.07963,49.382],[3.07553,49.38373],[3.08259,49.3979],[3.06562,49.39911],[3.06118,49.39911],[3.05299,49.4045],[3.04508,49.40401],[3.0435,49.39766],[3.0353,49.39295]]]},"properties":{"code_territoire":"iris603240000","libelle_territoire":"Jaulzy (commune non irisée)"}},
{"type":"Feature","geometry":{"type":"Polygon","coordinates":[[[2.75095,49.4107],[2.74548,49.40508],[2.75045,49.39658],[2.74709,49.39382],[2.74987,49.38718],[2.75721,49.37925],[2.77696,49.37636],[2.77918,49.38623],[2.78739,49.39843],[2.79509,49.40348],[2.76969,49.40871],[2.76974,49.41274],[2.75373,49.41095],[2.75095,49.4107]]]},"properties":{"code_territoire":"iris603250000","libelle_territoire":"Jaux (commune non irisée)"}},
{"type":"Feature","geometry":{"type":"Polygon","coordinates":[[[2.71529,49.40537],[2.72223,49.39664],[2.7156,49.39336],[2.72396,49.38899],[2.72285,49.3797],[2.7236,49.37967],[2.73393,49.38032],[2.74703,49.38791],[2.74987,49.38718],[2.74709,49.39382],[2.75045,49.39658],[2.74548,49.40508],[2.75095,49.4107],[2.74815,49.41672],[2.73791,49.42036],[2.72765,49.41362],[2.73096,49.41136],[2.72349,49.40663],[2.71529,49.40537]]]},"properties":{"code_territoire":"iris603260000","libelle_territoire":"Jonquières (commune non irisée)"}},
{"type":"Feature","geometry":{"type":"Polygon","coordinates":[[[1.92782,49.32611],[1.9402,49.32124],[1.93524,49.31325],[1.94222,49.31465],[1.95567,49.30643],[1.95181,49.29881],[1.95536,49.29789],[1.967,49.30479],[1.97095,49.30231],[1.98262,49.30695],[1.98767,49.31897],[1.99869,49.32622],[1.98335,49.33127],[1.9773,49.33024],[1.97109,49.33279],[1.96806,49.3309],[1.9606,49.33317],[1.96755,49.34422],[1.9577,49.34791],[1.94559,49.33935],[1.93586,49.33262],[1.93101,49.33351],[1.93237,49.32824],[1.92782,49.32611]]]},"properties":{"code_territoire":"iris603270000","libelle_territoire":"Jouy-sous-Thelle (commune non irisée)"}},
{"type":"Feature","geometry":{"type":"Polygon","coordinates":[[[2.07088,49.53702],[2.06758,49.52839],[2.07587,49.52894],[2.0735,49.51877],[2.07841,49.51759],[2.07508,49.51317],[2.08111,49.50776],[2.07804,49.50589],[2.08252,49.50415],[2.08406,49.50842],[2.0881,49.50777],[2.09505,49.51335],[2.10197,49.50919],[2.10379,49.51235],[2.114,49.51087],[2.11557,49.51331],[2.10485,49.52701],[2.11304,49.53065],[2.10962,49.53305],[2.09357,49.5402],[2.08424,49.53554],[2.07447,49.53781],[2.07088,49.53702]]]},"properties":{"code_territoire":"iris603280000","libelle_territoire":"Juvignies (commune non irisée)"}},
{"type":"Feature","geometry":{"type":"Polygon","coordinates":[[[2.7489,49.58458],[2.74566,49.58095],[2.75701,49.57649],[2.75363,49.56808],[2.7556,49.56376],[2.77607,49.5674],[2.77592,49.58105],[2.7634,49.58381],[2.76032,49.58152],[2.75684,49.58643],[2.7489,49.58458]]]},"properties":{"code_territoire":"iris603290000","libelle_territoire":"Laberlière (commune non irisée)"}},
{"type":"Feature","geometry":{"type":"Polygon","coordinates":[[[2.65702,49.55726],[2.65712,49.56065],[2.64468,49.5635],[2.63602,49.55822],[2.62815,49.56088],[2.62809,49.55853],[2.62145,49.55841],[2.61968,49.55566],[2.61321,49.55855],[2.60388,49.55314],[2.61077,49.54919],[2.60321,49.54358],[2.60554,49.53728],[2.61071,49.52984],[2.62456,49.5253],[2.63935,49.5198],[2.64,49.52319],[2.6416,49.5355],[2.64771,49.53821],[2.64476,49.54047],[2.64855,49.54436],[2.6519,49.54302],[2.65214,49.54593],[2.65643,49.54578],[2.65635,49.55301],[2.65369,49.55299],[2.65702,49.55726]]]},"properties":{"code_territoire":"iris603960000","libelle_territoire":"Méry-la-Bataille (commune non irisée)"}},
{"type":"Feature","geometry":{"type":"Polygon","coordinates":[[[2.07547,49.67844],[2.04044,49.66585],[2.04442,49.65896],[2.04443,49.65852],[2.06201,49.666],[2.06148,49.66273],[2.07367,49.66026],[2.07815,49.66131],[2.07753,49.67],[2.08239,49.67109],[2.07547,49.67844]]]},"properties":{"code_territoire":"iris603970000","libelle_territoire":"Le Mesnil-Conteville (commune non irisée)"}},
{"type":"Feature","geometry":{"type":"Polygon","coordinates":[[[2.26215,49.15838],[2.26817,49.15575],[2.28648,49.15987],[2.28509,49.16571],[2.28881,49.17071],[2.29952,49.17596],[2.30127,49.18404],[2.29285,49.19062],[2.29253,49.18886],[2.28412,49.18985],[2.27273,49.19039],[2.26425,49.18516],[2.27557,49.17243],[2.27316,49.16627],[2.26215,49.15838]]]},"properties":{"code_territoire":"iris603980000","libelle_territoire":"Le Mesnil-en-Thelle (commune non irisée)"}},
{"type":"Feature","geometry":{"type":"Polygon","coordinates":[[[2.39056,49.63623],[2.38978,49.63142],[2.39337,49.63261],[2.39474,49.6277],[2.40231,49.62408],[2.40183,49.61949],[2.39727,49.61734],[2.40455,49.61421],[2.41058,49.61202],[2.41759,49.6182],[2.41489,49.62028],[2.42881,49.62013],[2.42486,49.62296],[2.42746,49.62822],[2.42022,49.63274],[2.39621,49.63671],[2.39056,49.63623]]]},"properties":{"code_territoire":"iris603990000","libelle_territoire":"Le Mesnil-Saint-Firmin (commune non irisée)"}},
{"type":"Feature","geometry":{"type":"Polygon","coordinates":[[[2.39153,49.48259],[2.38214,49.48689],[2.37351,49.48293],[2.36487,49.48737],[2.35645,49.48222],[2.35601,49.48937],[2.34337,49.49273],[2.34395,49.49073],[2.33614,49.49487],[2.32185,49.48707],[2.32059,49.4814],[2.32448,49.48226],[2.3239,49.4791],[2.33064,49.47844],[2.3364,49.47353],[2.35714,49.47187],[2.36558,49.47782],[2.39152,49.48228],[2.39153,49.48259]]]},"properties":{"code_territoire":"iris604000000","libelle_territoire":"Le Mesnil-sur-Bulles (commune non irisée)"}},
{"type":"Feature","geometry":{"type":"Polygon","coordinates":[[[2.01209,49.315],[2.00679,49.3225],[1.99869,49.32622],[1.98767,49.31897],[1.98262,49.30695],[1.97095,49.30231],[1.96942,49.29739],[1.98089,49.29125],[1.97998,49.28576],[1.98625,49.28546],[1.98673,49.29472],[1.99265,49.2871],[1.99176,49.29472],[2.00213,49.29795],[2.00341,49.30752],[2.01209,49.315]]]},"properties":{"code_territoire":"iris604010000","libelle_territoire":"Le Mesnil-Théribus (commune non irisée)"}},
{"type":"Feature","geometry":{"type":"Polygon","coordinates":[[[2.17877,49.28691],[2.17093,49.29004],[2.17511,49.30229],[2.16886,49.30443],[2.16094,49.29602],[2.1542,49.29463],[2.13763,49.29959],[2.12692,49.29924],[2.12242,49.28511],[2.1248,49.28147],[2.12917,49.28279],[2.12667,49.27838],[2.14217,49.27679],[2.15242,49.27979],[2.15898,49.27332],[2.1613,49.26941],[2.16281,49.27292],[2.17366,49.26991],[2.17814,49.2755],[2.17877,49.28691]]]},"properties":{"code_territoire":"iris603300000","libelle_territoire":"Laboissière-en-Thelle (commune non irisée)"}},
{"type":"Feature","geometry":{"type":"Polygon","coordinates":[[[1.86413,49.36633],[1.86618,49.35886],[1.86343,49.35444],[1.88207,49.34896],[1.88829,49.33974],[1.88473,49.33354],[1.88924,49.32812],[1.89228,49.32613],[1.90432,49.33355],[1.90981,49.33279],[1.91391,49.33622],[1.90616,49.33963],[1.91829,49.34714],[1.93334,49.35159],[1.92571,49.36191],[1.92202,49.37004],[1.91418,49.37034],[1.90754,49.3749],[1.89607,49.36962],[1.88534,49.36993],[1.86413,49.36633]]]},"properties":{"code_territoire":"iris603310000","libelle_territoire":"Labosse (commune non irisée)"}},
{"type":"Feature","geometry":{"type":"Polygon","coordinates":[[[2.49014,49.34726],[2.49605,49.35008],[2.50376,49.34991],[2.50611,49.34708],[2.52425,49.34383],[2.52301,49.34892],[2.51397,49.35553],[2.51414,49.36044],[2.49829,49.36],[2.49014,49.34726]]]},"properties":{"code_territoire":"iris603320000","libelle_territoire":"Labruyère (commune non irisée)"}},
{"type":"Feature","geometry":{"type":"Polygon","coordinates":[[[1.93448,49.45275],[1.93108,49.45022],[1.92704,49.45271],[1.92903,49.45962],[1.92373,49.46351],[1.913,49.46167],[1.90458,49.45506],[1.90031,49.45503],[1.90163,49.45943],[1.89554,49.4623],[1.89132,49.46164],[1.89294,49.45789],[1.8877,49.45742],[1.89239,49.4502],[1.88967,49.44446],[1.89709,49.44084],[1.90987,49.44094],[1.93946,49.43038],[1.94904,49.43187],[1.94897,49.43283],[1.94802,49.43833],[1.95452,49.4414],[1.95537,49.44739],[1.94822,49.45019],[1.9403,49.44962],[1.9383,49.45441],[1.93448,49.45275]]]},"properties":{"code_territoire":"iris603330000","libelle_territoire":"Lachapelle-aux-Pots (commune non irisée)"}},
{"type":"Feature","geometry":{"type":"Polygon","coordinates":[[[2.23634,49.25475],[2.23403,49.26088],[2.23692,49.2674],[2.24941,49.26574],[2.25922,49.27159],[2.24576,49.27828],[2.23654,49.28223],[2.22598,49.27861],[2.23064,49.2729],[2.22321,49.27109],[2.22065,49.26563],[2.228,49.2615],[2.22611,49.25682],[2.21997,49.25543],[2.22987,49.2514],[2.23634,49.25475]]]},"properties":{"code_territoire":"iris603340000","libelle_territoire":"Lachapelle-Saint-Pierre (commune non irisée)"}},
{"type":"Feature","geometry":{"type":"Polygon","coordinates":[[[2.75721,49.37925],[2.74987,49.38718],[2.74703,49.38791],[2.73393,49.38032],[2.7236,49.37967],[2.73095,49.35722],[2.74099,49.35889],[2.74505,49.35731],[2.758,49.34423],[2.767,49.35293],[2.76441,49.36079],[2.75555,49.36324],[2.75721,49.37925]]]},"properties":{"code_territoire":"iris604020000","libelle_territoire":"Le Meux (commune non irisée)"}},
{"type":"Feature","geometry":{"type":"Polygon","coordinates":[[[2.02503,49.47798],[2.03113,49.47861],[2.02595,49.48195],[2.02688,49.48466],[2.03335,49.48654],[2.03988,49.49588],[2.04556,49.49697],[2.04209,49.50899],[2.05576,49.52717],[2.05353,49.52847],[2.04121,49.53506],[2.0325,49.53511],[2.02593,49.52886],[2.03065,49.52554],[2.0273,49.52625],[2.02105,49.51876],[2.0072,49.51519],[1.99498,49.5155],[1.99648,49.51778],[1.99183,49.51977],[1.99011,49.52549],[1.98301,49.52618],[1.97952,49.52995],[1.9752,49.52975],[1.9674,49.52362],[1.9716,49.51785],[1.97,49.51329],[1.97866,49.50854],[1.97822,49.5002],[1.98997,49.4945],[2.00149,49.49004],[2.01758,49.48958],[2.02407,49.47827],[2.02503,49.47798]]]},"properties":{"code_territoire":"iris604030000","libelle_territoire":"Milly-sur-Thérain (commune non irisée)"}},
{"type":"Feature","geometry":{"type":"Polygon","coordinates":[[[2.4688,49.32286],[2.45485,49.3156],[2.45873,49.31526],[2.45799,49.31074],[2.46209,49.30262],[2.46572,49.30703],[2.47062,49.30627],[2.47256,49.30154],[2.48809,49.30693],[2.49268,49.30895],[2.48337,49.31849],[2.47582,49.32348],[2.47275,49.32538],[2.4688,49.32286]]]},"properties":{"code_territoire":"iris604040000","libelle_territoire":"Mogneville (commune non irisée)"}},
{"type":"Feature","geometry":{"type":"Polygon","coordinates":[[[1.85805,49.54148],[1.86639,49.53477],[1.86085,49.53008],[1.86001,49.52662],[1.86627,49.52063],[1.87232,49.52265],[1.87889,49.53886],[1.8953,49.54913],[1.89668,49.55349],[1.88285,49.56019],[1.87012,49.5456],[1.85805,49.54148]]]},"properties":{"code_territoire":"iris603350000","libelle_territoire":"Lachapelle-sous-Gerberoy (commune non irisée)"}},
{"type":"Feature","geometry":{"type":"Polygon","coordinates":[[[2.15142,49.55982],[2.15768,49.55873],[2.15855,49.55521],[2.16555,49.557],[2.19078,49.54767],[2.18805,49.55117],[2.19393,49.56068],[2.19735,49.55947],[2.19917,49.56138],[2.18983,49.56622],[2.18859,49.5709],[2.17716,49.57564],[2.16513,49.57333],[2.16248,49.56911],[2.15354,49.56886],[2.15634,49.56687],[2.15109,49.56017],[2.15142,49.55982]]]},"properties":{"code_territoire":"iris603360000","libelle_territoire":"Lachaussée-du-Bois-d'Écu (commune non irisée)"}},
{"type":"Feature","geometry":{"type":"Polygon","coordinates":[[[2.75095,49.4107],[2.75373,49.41095],[2.77337,49.43792],[2.77435,49.43958],[2.76511,49.44249],[2.76517,49.4365],[2.76118,49.43724],[2.76038,49.44175],[2.75393,49.44318],[2.75,49.44949],[2.74213,49.45025],[2.73658,49.45602],[2.7312,49.45398],[2.72216,49.4469],[2.72763,49.43905],[2.72538,49.43339],[2.7391,49.42826],[2.73791,49.42036],[2.74815,49.41672],[2.75095,49.4107]]]},"properties":{"code_territoire":"iris603370000","libelle_territoire":"Lachelle (commune non irisée)"}},
{"type":"Feature","geometry":{"type":"Polygon","coordinates":[[[2.84127,49.36734],[2.80633,49.36682],[2.79299,49.38197],[2.77918,49.38623],[2.77696,49.37636],[2.76441,49.36079],[2.767,49.35293],[2.758,49.34423],[2.75647,49.34387],[2.74847,49.33586],[2.75444,49.32873],[2.75766,49.33133],[2.84371,49.34909],[2.84127,49.36734]]]},"properties":{"code_territoire":"iris603380000","libelle_territoire":"Lacroix-Saint-Ouen (commune non irisée)"}},
{"type":"Feature","geometry":{"type":"Polygon","coordinates":[[[2.22987,49.50034],[2.22032,49.50828],[2.2179,49.50655],[2.20701,49.51115],[2.2035,49.5095],[2.20619,49.5074],[2.19806,49.49974],[2.2018,49.49494],[2.19638,49.49328],[2.19459,49.4871],[2.2063,49.47814],[2.21303,49.47775],[2.21368,49.48025],[2.22107,49.48103],[2.22446,49.49904],[2.22987,49.50034]]]},"properties":{"code_territoire":"iris603390000","libelle_territoire":"Lafraye (commune non irisée)"}},
{"type":"Feature","geometry":{"type":"Polygon","coordinates":[[[2.93093,49.62288],[2.92031,49.62905],[2.89499,49.61599],[2.88718,49.61575],[2.88514,49.61872],[2.88242,49.61341],[2.88413,49.60589],[2.90448,49.5958],[2.9061,49.5985],[2.91052,49.59273],[2.9231,49.59681],[2.92938,49.59821],[2.93984,49.60523],[2.94774,49.61281],[2.93093,49.62288]]]},"properties":{"code_territoire":"iris603400000","libelle_territoire":"Lagny (commune non irisée)"}},
{"type":"Feature","geometry":{"type":"Polygon","coordinates":[[[2.72418,49.08067],[2.72493,49.07564],[2.72983,49.075],[2.73231,49.07046],[2.73461,49.06053],[2.75379,49.06078],[2.78728,49.07553],[2.76872,49.08313],[2.73652,49.10041],[2.72806,49.09377],[2.72418,49.08067]]]},"properties":{"code_territoire":"iris603410000","libelle_territoire":"Lagny-le-Sec (commune non irisée)"}},
{"type":"Feature","geometry":{"type":"Polygon","coordinates":[[[1.81458,49.65109],[1.81753,49.65164],[1.81571,49.65782],[1.81913,49.65829],[1.82082,49.66346],[1.84257,49.66872],[1.84019,49.67455],[1.85402,49.67998],[1.82671,49.68041],[1.8254,49.68324],[1.81891,49.68235],[1.80899,49.69144],[1.80183,49.69013],[1.80481,49.68319],[1.7953,49.6815],[1.79513,49.68147],[1.79496,49.66715],[1.79089,49.6637],[1.81225,49.65065],[1.81458,49.65109]]]},"properties":{"code_territoire":"iris604050000","libelle_territoire":"Moliens (commune non irisée)"}},
{"type":"Feature","geometry":{"type":"Polygon","coordinates":[[[2.60332,49.33312],[2.5536,49.33977],[2.55152,49.32856],[2.54315,49.32506],[2.54607,49.31504],[2.56992,49.31259],[2.57641,49.31544],[2.57218,49.32142],[2.57949,49.32845],[2.60316,49.33171],[2.60332,49.33312]]]},"properties":{"code_territoire":"iris604060000","libelle_territoire":"Monceaux (commune non irisée)"}},
{"type":"Feature","geometry":{"type":"Polygon","coordinates":[[[1.77556,49.64802],[1.7756,49.64031],[1.7903,49.63951],[1.79618,49.64791],[1.81225,49.65065],[1.79089,49.6637],[1.79496,49.66715],[1.77533,49.66182],[1.7743,49.65593],[1.77556,49.64802]]]},"properties":{"code_territoire":"iris604070000","libelle_territoire":"Monceaux-l'Abbaye (commune non irisée)"}},
{"type":"Feature","geometry":{"type":"Polygon","coordinates":[[[2.71698,49.47103],[2.72595,49.46546],[2.76605,49.46758],[2.76221,49.4826],[2.75963,49.48107],[2.75035,49.48433],[2.75099,49.48653],[2.74375,49.4861],[2.73898,49.49144],[2.7258,49.48817],[2.72514,49.48491],[2.71963,49.48692],[2.70583,49.4753],[2.71698,49.47103]]]},"properties":{"code_territoire":"iris604080000","libelle_territoire":"Monchy-Humières (commune non irisée)"}},
{"type":"Feature","geometry":{"type":"Polygon","coordinates":[[[2.40722,49.30319],[2.4114,49.30082],[2.40867,49.2962],[2.41642,49.28785],[2.43309,49.28393],[2.4433,49.28089],[2.45656,49.28882],[2.44962,49.29468],[2.45843,49.30032],[2.45653,49.3102],[2.45388,49.30873],[2.44958,49.31391],[2.44596,49.31064],[2.40722,49.30319]]]},"properties":{"code_territoire":"iris603420000","libelle_territoire":"Laigneville (commune non irisée)"}},
{"type":"Feature","geometry":{"type":"Polygon","coordinates":[[[1.78012,49.37694],[1.79097,49.3801],[1.79537,49.37724],[1.80102,49.38651],[1.80128,49.39133],[1.80748,49.39612],[1.80427,49.40211],[1.77768,49.39722],[1.77309,49.39915],[1.77031,49.39708],[1.76112,49.37874],[1.76418,49.37707],[1.77598,49.38011],[1.78012,49.37694]]]},"properties":{"code_territoire":"iris603430000","libelle_territoire":"Lalande-en-Son (commune non irisée)"}},
{"type":"Feature","geometry":{"type":"Polygon","coordinates":[[[1.88534,49.36993],[1.88746,49.38579],[1.89233,49.38461],[1.90008,49.39785],[1.89259,49.39848],[1.89721,49.40201],[1.88952,49.40493],[1.87284,49.40893],[1.86736,49.40864],[1.85714,49.39971],[1.86232,49.38987],[1.85422,49.38347],[1.83801,49.37914],[1.86413,49.36633],[1.88534,49.36993]]]},"properties":{"code_territoire":"iris603440000","libelle_territoire":"Lalandelle (commune non irisée)"}},
{"type":"Feature","geometry":{"type":"Polygon","coordinates":[[[2.45761,49.43697],[2.45073,49.42922],[2.44538,49.43107],[2.44218,49.42542],[2.46342,49.42503],[2.47329,49.42208],[2.47825,49.42041],[2.47902,49.42256],[2.48241,49.4344],[2.48186,49.43732],[2.4733,49.43656],[2.46396,49.44005],[2.46007,49.44039],[2.45761,49.43697]]]},"properties":{"code_territoire":"iris603450000","libelle_territoire":"Lamécourt (commune non irisée)"}},
{"type":"Feature","geometry":{"type":"Polygon","coordinates":[[[2.44078,49.14591],[2.44769,49.14459],[2.44904,49.14709],[2.48289,49.15798],[2.46269,49.16334],[2.4593,49.15655],[2.44787,49.16622],[2.44258,49.17011],[2.43398,49.16975],[2.43872,49.15603],[2.42941,49.15579],[2.42887,49.14888],[2.44078,49.14591]]]},"properties":{"code_territoire":"iris603460101","libelle_territoire":"Est"}},
{"type":"Feature","geometry":{"type":"Polygon","coordinates":[[[2.42887,49.14888],[2.42941,49.15579],[2.43872,49.15603],[2.43398,49.16975],[2.37984,49.17333],[2.375,49.17617],[2.37406,49.17309],[2.36949,49.1663],[2.37331,49.15937],[2.38082,49.15787],[2.3912,49.14931],[2.41312,49.15242],[2.41554,49.14989],[2.42887,49.14888]]]},"properties":{"code_territoire":"iris603460201","libelle_territoire":"Ouest"}},
{"type":"Feature","geometry":{"type":"Polygon","coordinates":[[[2.48809,49.30693],[2.47256,49.30154],[2.47062,49.30627],[2.46572,49.30703],[2.46209,49.30262],[2.45799,49.31074],[2.45653,49.3102],[2.45843,49.30032],[2.44962,49.29468],[2.45656,49.28882],[2.46901,49.28681],[2.47333,49.28517],[2.47684,49.285],[2.47766,49.28756],[2.4855,49.2997],[2.48383,49.30351],[2.48809,49.30693]]]},"properties":{"code_territoire":"iris604090000","libelle_territoire":"Monchy-Saint-Éloi (commune non irisée)"}},
{"type":"Feature","geometry":{"type":"Polygon","coordinates":[[[3.1239,49.59596],[3.12585,49.59848],[3.12204,49.604],[3.11007,49.6105],[3.10866,49.6154],[3.10221,49.61568],[3.09787,49.61387],[3.10418,49.60766],[3.09681,49.60227],[3.10276,49.59903],[3.09909,49.59645],[3.1043,49.58775],[3.1239,49.59596]]]},"properties":{"code_territoire":"iris604100000","libelle_territoire":"Mondescourt (commune non irisée)"}},
{"type":"Feature","geometry":{"type":"Polygon","coordinates":[[[1.99365,49.21218],[1.97883,49.21571],[1.98029,49.22429],[1.98963,49.2236],[1.99215,49.22817],[1.984,49.22751],[1.98362,49.23697],[1.97426,49.23575],[1.97237,49.22684],[1.964,49.22447],[1.95852,49.22627],[1.95219,49.22516],[1.94864,49.20894],[1.95933,49.19924],[1.96119,49.19345],[1.9657,49.19315],[1.98422,49.19589],[1.98207,49.19729],[1.98908,49.20109],[1.9906,49.20577],[1.98856,49.20959],[1.99365,49.21218]]]},"properties":{"code_territoire":"iris604110000","libelle_territoire":"Monneville (commune non irisée)"}},
{"type":"Feature","geometry":{"type":"Polygon","coordinates":[[[1.77696,49.185],[1.7848,49.18582],[1.79094,49.17997],[1.79701,49.18523],[1.80281,49.18684],[1.81013,49.19762],[1.81339,49.19451],[1.81956,49.19447],[1.81459,49.19961],[1.80611,49.20586],[1.8015,49.20489],[1.79586,49.20795],[1.79117,49.20518],[1.79447,49.20288],[1.78099,49.1971],[1.78639,49.1943],[1.78071,49.1921],[1.78346,49.18718],[1.77696,49.185]]]},"properties":{"code_territoire":"iris604120000","libelle_territoire":"Montagny-en-Vexin (commune non irisée)"}},
{"type":"Feature","geometry":{"type":"Polygon","coordinates":[[[2.75907,49.11412],[2.76741,49.12465],[2.76369,49.12523],[2.76489,49.13365],[2.76058,49.13256],[2.75368,49.14005],[2.74756,49.13631],[2.74656,49.14505],[2.73796,49.13906],[2.72786,49.14015],[2.72806,49.1369],[2.72662,49.135],[2.73845,49.11887],[2.74363,49.12151],[2.75015,49.11648],[2.75517,49.11329],[2.75907,49.11412]]]},"properties":{"code_territoire":"iris604130000","libelle_territoire":"Montagny-Sainte-Félicité (commune non irisée)"}},
{"type":"Feature","geometry":{"type":"Polygon","coordinates":[[[1.74502,49.69823],[1.77126,49.71016],[1.77057,49.71436],[1.77071,49.72421],[1.76561,49.7287],[1.76771,49.73163],[1.76404,49.7325],[1.76438,49.73634],[1.74589,49.73874],[1.74289,49.73842],[1.74795,49.72573],[1.72849,49.71182],[1.72238,49.71579],[1.71481,49.71383],[1.71271,49.70499],[1.70552,49.70725],[1.68885,49.69531],[1.7052,49.6813],[1.71627,49.68354],[1.72387,49.69375],[1.73337,49.6991],[1.74348,49.70239],[1.74502,49.69823]]]},"properties":{"code_territoire":"iris603470000","libelle_territoire":"Lannoy-Cuillère (commune non irisée)"}},
{"type":"Feature","geometry":{"type":"Polygon","coordinates":[[[2.97128,49.57813],[2.95936,49.57962],[2.95248,49.57437],[2.95551,49.57178],[2.94684,49.57088],[2.95303,49.56279],[2.96948,49.56601],[2.97035,49.56926],[2.97128,49.57813]]]},"properties":{"code_territoire":"iris603480000","libelle_territoire":"Larbroye (commune non irisée)"}},
{"type":"Feature","geometry":{"type":"Polygon","coordinates":[[[2.85216,49.62448],[2.84537,49.6261],[2.84625,49.6221],[2.84014,49.6184],[2.81969,49.61832],[2.81576,49.61642],[2.81827,49.61493],[2.82626,49.60899],[2.82072,49.60459],[2.8234,49.60217],[2.80824,49.60339],[2.80661,49.59565],[2.81929,49.59492],[2.81186,49.58986],[2.82002,49.58405],[2.83566,49.58242],[2.83559,49.57779],[2.84378,49.57331],[2.84796,49.57594],[2.85227,49.57453],[2.86973,49.59013],[2.86765,49.5933],[2.87191,49.59715],[2.86427,49.59811],[2.86942,49.60295],[2.86431,49.60803],[2.87741,49.6106],[2.87617,49.61332],[2.87808,49.61671],[2.87532,49.61815],[2.87211,49.61451],[2.86708,49.61479],[2.85216,49.62448]]]},"properties":{"code_territoire":"iris603500000","libelle_territoire":"Lassigny (commune non irisée)"}},
{"type":"Feature","geometry":{"type":"Polygon","coordinates":[[[2.65643,49.54578],[2.66354,49.54551],[2.66324,49.54042],[2.66696,49.54051],[2.66914,49.53669],[2.66754,49.53417],[2.67097,49.53307],[2.67004,49.53034],[2.66448,49.53152],[2.66369,49.52958],[2.6675,49.52564],[2.65851,49.5203],[2.66597,49.5142],[2.67151,49.514],[2.68124,49.51535],[2.67959,49.5287],[2.69685,49.52956],[2.69812,49.53184],[2.69171,49.53336],[2.69019,49.53762],[2.69644,49.54373],[2.68305,49.54929],[2.67607,49.54758],[2.67386,49.55401],[2.66903,49.55307],[2.66764,49.5573],[2.65702,49.55726],[2.65369,49.55299],[2.65635,49.55301],[2.65643,49.54578]]]},"properties":{"code_territoire":"iris603510000","libelle_territoire":"Lataule (commune non irisée)"}},
{"type":"Feature","geometry":{"type":"Polygon","coordinates":[[[1.7903,49.24682],[1.7909,49.24385],[1.79511,49.23608],[1.7999,49.23619],[1.80479,49.2307],[1.81203,49.22959],[1.82336,49.23935],[1.82024,49.24146],[1.82558,49.24798],[1.81489,49.25118],[1.8032,49.2452],[1.79042,49.24694],[1.7903,49.24682]]]},"properties":{"code_territoire":"iris603520000","libelle_territoire":"Lattainville (commune non irisée)"}},
{"type":"Feature","geometry":{"type":"Polygon","coordinates":[[[2.12573,49.6835],[2.12421,49.68786],[2.11571,49.6929],[2.10543,49.69467],[2.09117,49.69109],[2.07311,49.68179],[2.07547,49.67844],[2.08239,49.67109],[2.08964,49.6716],[2.09487,49.66478],[2.11099,49.66547],[2.10527,49.67146],[2.11826,49.67172],[2.12719,49.67835],[2.12268,49.68075],[2.12573,49.6835]]]},"properties":{"code_territoire":"iris603530000","libelle_territoire":"Lavacquerie (commune non irisée)"}},
{"type":"Feature","geometry":{"type":"Polygon","coordinates":[[[2.42682,49.25894],[2.43537,49.25758],[2.4366,49.26061],[2.43609,49.26212],[2.42869,49.26536],[2.424,49.26124],[2.42682,49.25894]]]},"properties":{"code_territoire":"iris604140101","libelle_territoire":"Martinets I"}},
{"type":"Feature","geometry":{"type":"Polygon","coordinates":[[[2.42869,49.26536],[2.43609,49.26212],[2.43065,49.26772],[2.42869,49.26536]]]},"properties":{"code_territoire":"iris604140102","libelle_territoire":"Martinets II"}},
{"type":"Feature","geometry":{"type":"Polygon","coordinates":[[[2.41372,49.2551],[2.44766,49.254],[2.44356,49.25682],[2.44772,49.26164],[2.43963,49.26535],[2.4366,49.26061],[2.43537,49.25758],[2.42682,49.25894],[2.41513,49.25568],[2.41074,49.26125],[2.40771,49.26108],[2.40815,49.2592],[2.41372,49.2551]]]},"properties":{"code_territoire":"iris604140201","libelle_territoire":"Bas de la Ville"}},
{"type":"Feature","geometry":{"type":"Polygon","coordinates":[[[2.44555,49.26891],[2.44632,49.26658],[2.45148,49.26611],[2.44794,49.26547],[2.44772,49.26164],[2.44356,49.25682],[2.44766,49.254],[2.45684,49.26162],[2.46024,49.26408],[2.45612,49.26546],[2.44555,49.26891]]]},"properties":{"code_territoire":"iris604140301","libelle_territoire":"Gournay-Fonds de Montataire"}},
{"type":"Feature","geometry":{"type":"Polygon","coordinates":[[[2.02996,49.68814],[2.02402,49.69337],[2.00417,49.69356],[1.98861,49.68893],[2.0037,49.67856],[2.01197,49.6773],[2.02709,49.68064],[2.02605,49.68485],[2.02996,49.68814]]]},"properties":{"code_territoire":"iris603540000","libelle_territoire":"Laverrière (commune non irisée)"}},
{"type":"Feature","geometry":{"type":"Polygon","coordinates":[[[2.23196,49.4371],[2.22569,49.44758],[2.20173,49.44733],[2.17805,49.44152],[2.17664,49.43491],[2.15339,49.43511],[2.15374,49.43208],[2.16432,49.43207],[2.18233,49.42081],[2.19385,49.41605],[2.19708,49.41254],[2.19491,49.40927],[2.20612,49.40512],[2.20988,49.40917],[2.21559,49.40351],[2.21941,49.41962],[2.22369,49.42135],[2.23196,49.4371]]]},"properties":{"code_territoire":"iris603550000","libelle_territoire":"Laversines (commune non irisée)"}},
{"type":"Feature","geometry":{"type":"Polygon","coordinates":[[[1.92893,49.21324],[1.92127,49.20948],[1.91934,49.2122],[1.91692,49.21068],[1.90797,49.19398],[1.9105,49.19309],[1.90038,49.19558],[1.89066,49.18721],[1.89511,49.18421],[1.90029,49.18465],[1.91028,49.17772],[1.91793,49.17886],[1.92592,49.17481],[1.93199,49.17929],[1.93437,49.17354],[1.9354,49.16959],[1.94974,49.17048],[1.96196,49.17432],[1.97358,49.18386],[1.96159,49.18706],[1.9657,49.19315],[1.96119,49.19345],[1.95933,49.19924],[1.94864,49.20894],[1.94489,49.2076],[1.92893,49.21324]]]},"properties":{"code_territoire":"iris603560000","libelle_territoire":"Lavilletertre (commune non irisée)"}},
{"type":"Feature","geometry":{"type":"Polygon","coordinates":[[[2.52625,49.48143],[2.54975,49.48784],[2.55399,49.49124],[2.55004,49.49274],[2.54944,49.5054],[2.54595,49.50592],[2.54994,49.50943],[2.54402,49.51013],[2.54522,49.51403],[2.53171,49.5143],[2.52246,49.51341],[2.51676,49.50344],[2.50952,49.50014],[2.50768,49.49842],[2.51415,49.49494],[2.51697,49.4875],[2.51988,49.48871],[2.52411,49.48633],[2.52625,49.48143]]]},"properties":{"code_territoire":"iris603570000","libelle_territoire":"Léglantiers (commune non irisée)"}},
{"type":"Feature","geometry":{"type":"Polygon","coordinates":[[[2.90838,49.17502],[2.91508,49.17564],[2.92086,49.18027],[2.92755,49.18579],[2.93828,49.18706],[2.94087,49.18964],[2.93973,49.19928],[2.95274,49.20345],[2.92458,49.22026],[2.91119,49.21314],[2.902,49.2133],[2.89647,49.19858],[2.87373,49.19608],[2.87863,49.19432],[2.87956,49.18977],[2.89326,49.18527],[2.89212,49.18319],[2.90318,49.18015],[2.90838,49.17502]]]},"properties":{"code_territoire":"iris603580000","libelle_territoire":"Lévignen (commune non irisée)"}},
{"type":"Feature","geometry":{"type":"Polygon","coordinates":[[[1.94532,49.48171],[1.93807,49.48919],[1.94687,49.48914],[1.94296,49.49486],[1.93004,49.49398],[1.92886,49.49725],[1.92636,49.49805],[1.92229,49.4937],[1.91413,49.4927],[1.90955,49.4879],[1.92451,49.48647],[1.92899,49.47974],[1.93858,49.47879],[1.94532,49.48171]]]},"properties":{"code_territoire":"iris603590000","libelle_territoire":"Lhéraule (commune non irisée)"}},
{"type":"Feature","geometry":{"type":"Polygon","coordinates":[[[2.45536,49.24993],[2.45698,49.25213],[2.45749,49.25335],[2.45325,49.25633],[2.45891,49.25993],[2.45684,49.26162],[2.44766,49.254],[2.41372,49.2551],[2.40914,49.25502],[2.41692,49.25153],[2.43139,49.25196],[2.44157,49.24505],[2.45364,49.24533],[2.45536,49.24993]]]},"properties":{"code_territoire":"iris604140401","libelle_territoire":"Quartier Industriel"}},
{"type":"Feature","geometry":{"type":"Polygon","coordinates":[[[2.40771,49.26108],[2.41074,49.26125],[2.41513,49.25568],[2.42682,49.25894],[2.424,49.26124],[2.42869,49.26536],[2.43065,49.26772],[2.43609,49.26212],[2.4366,49.26061],[2.43963,49.26535],[2.44772,49.26164],[2.44794,49.26547],[2.45148,49.26611],[2.44632,49.26658],[2.44555,49.26891],[2.43535,49.28111],[2.42402,49.27845],[2.41753,49.28058],[2.41126,49.27499],[2.40451,49.27542],[2.40002,49.26793],[2.40771,49.26108]]]},"properties":{"code_territoire":"iris604140501","libelle_territoire":"Secteur Agricole"}},
{"type":"Feature","geometry":{"type":"Polygon","coordinates":[[[2.73171,49.2071],[2.73034,49.2128],[2.72179,49.21388],[2.72353,49.22071],[2.72201,49.22341],[2.71344,49.22375],[2.70314,49.2284],[2.6984,49.22808],[2.69442,49.22116],[2.68597,49.21755],[2.68906,49.21645],[2.68663,49.2138],[2.69171,49.21205],[2.69244,49.20443],[2.70931,49.20646],[2.71625,49.201],[2.73171,49.2071]]]},"properties":{"code_territoire":"iris604150000","libelle_territoire":"Montépilloy (commune non irisée)"}},
{"type":"Feature","geometry":{"type":"Polygon","coordinates":[[[2.5589,49.5357],[2.56016,49.53434],[2.5677,49.53855],[2.57384,49.53176],[2.57474,49.53368],[2.58227,49.52898],[2.58355,49.53263],[2.58833,49.52881],[2.59039,49.52714],[2.60251,49.52959],[2.59892,49.53397],[2.60554,49.53728],[2.60321,49.54358],[2.60288,49.5459],[2.59651,49.54408],[2.59322,49.54693],[2.59002,49.54498],[2.58821,49.54806],[2.58459,49.54589],[2.57141,49.54877],[2.55929,49.54092],[2.56282,49.53838],[2.5589,49.5357]]]},"properties":{"code_territoire":"iris604160000","libelle_territoire":"Montgérain (commune non irisée)"}},
{"type":"Feature","geometry":{"type":"Polygon","coordinates":[[[2.5844,49.51632],[2.58147,49.51582],[2.58302,49.51079],[2.56646,49.51175],[2.56905,49.51401],[2.56514,49.52234],[2.56309,49.51852],[2.55573,49.51858],[2.55671,49.51501],[2.54522,49.51403],[2.54402,49.51013],[2.54994,49.50943],[2.54595,49.50592],[2.54944,49.5054],[2.55004,49.49274],[2.55399,49.49124],[2.54975,49.48784],[2.55185,49.48594],[2.5558,49.49025],[2.57033,49.49497],[2.56813,49.49178],[2.57376,49.49295],[2.5828,49.49907],[2.59426,49.50112],[2.59235,49.49686],[2.59997,49.49559],[2.60141,49.49744],[2.60437,49.50138],[2.59584,49.50226],[2.59855,49.50409],[2.59566,49.50763],[2.58859,49.51128],[2.59099,49.51369],[2.5844,49.51632]]]},"properties":{"code_territoire":"iris604180000","libelle_territoire":"Montiers (commune non irisée)"}},
{"type":"Feature","geometry":{"type":"Polygon","coordinates":[[[1.77696,49.185],[1.78346,49.18718],[1.78071,49.1921],[1.78639,49.1943],[1.78099,49.1971],[1.79447,49.20288],[1.79117,49.20518],[1.79586,49.20795],[1.8015,49.20489],[1.80611,49.20586],[1.81459,49.19961],[1.82429,49.20187],[1.82442,49.21045],[1.83178,49.21685],[1.8189,49.22523],[1.81459,49.22439],[1.81203,49.22959],[1.80479,49.2307],[1.7999,49.23619],[1.79511,49.23608],[1.7909,49.24385],[1.77691,49.2457],[1.7697,49.24275],[1.76697,49.2396],[1.77122,49.23893],[1.76984,49.23529],[1.78318,49.22572],[1.77551,49.22559],[1.77557,49.22337],[1.76613,49.22128],[1.76578,49.21641],[1.77263,49.2066],[1.76587,49.19778],[1.76718,49.19019],[1.77639,49.18488],[1.77696,49.185]]]},"properties":{"code_territoire":"iris604200000","libelle_territoire":"Montjavoult (commune non irisée)"}},
{"type":"Feature","geometry":{"type":"Polygon","coordinates":[[[2.44887,49.32433],[2.45485,49.3156],[2.4688,49.32286],[2.46822,49.32749],[2.45663,49.33442],[2.4559,49.33731],[2.45024,49.33518],[2.44484,49.33298],[2.44887,49.32433]]]},"properties":{"code_territoire":"iris603600101","libelle_territoire":"Sud-Ouest"}},
{"type":"Feature","geometry":{"type":"Polygon","coordinates":[[[2.45663,49.33442],[2.46822,49.32749],[2.4688,49.32286],[2.47275,49.32538],[2.47582,49.32348],[2.47992,49.32626],[2.48481,49.33994],[2.48344,49.34369],[2.47977,49.34179],[2.46496,49.33],[2.45844,49.33439],[2.45663,49.33442]]]},"properties":{"code_territoire":"iris603600201","libelle_territoire":"Centre Est"}},
{"type":"Feature","geometry":{"type":"Polygon","coordinates":[[[2.45844,49.33439],[2.46496,49.33],[2.47977,49.34179],[2.45844,49.33439]]]},"properties":{"code_territoire":"iris603600301","libelle_territoire":"Nord-Est"}},
{"type":"Feature","geometry":{"type":"Polygon","coordinates":[[[1.89274,49.21601],[1.89712,49.21436],[1.89933,49.21674],[1.91692,49.21068],[1.91934,49.2122],[1.92127,49.20948],[1.92893,49.21324],[1.93595,49.23266],[1.93044,49.23527],[1.93252,49.23686],[1.91767,49.24192],[1.91869,49.24356],[1.8995,49.25012],[1.89498,49.25457],[1.8887,49.25991],[1.87573,49.24856],[1.8788,49.24037],[1.88625,49.23758],[1.88803,49.22655],[1.89643,49.22292],[1.89274,49.21601]]]},"properties":{"code_territoire":"iris603610000","libelle_territoire":"Liancourt-Saint-Pierre (commune non irisée)"}},
{"type":"Feature","geometry":{"type":"Polygon","coordinates":[[[2.98578,49.66926],[2.9878,49.68433],[2.99735,49.67868],[3.00233,49.67863],[3.01012,49.68538],[3.00803,49.69301],[3.00563,49.70229],[2.99696,49.70771],[2.98943,49.70844],[2.99135,49.70409],[2.97733,49.70571],[2.97381,49.69727],[2.96189,49.69342],[2.94848,49.69421],[2.95086,49.68511],[2.9477,49.68266],[2.956,49.67799],[2.96336,49.67237],[2.97078,49.6739],[2.97171,49.66395],[2.97759,49.66551],[2.97774,49.66839],[2.98578,49.66926]]]},"properties":{"code_territoire":"iris603620000","libelle_territoire":"Libermont (commune non irisée)"}},
{"type":"Feature","geometry":{"type":"Polygon","coordinates":[[[1.87346,49.17408],[1.87614,49.17505],[1.89511,49.18421],[1.89066,49.18721],[1.90038,49.19558],[1.9105,49.19309],[1.90797,49.19398],[1.91692,49.21068],[1.89933,49.21674],[1.89712,49.21436],[1.89274,49.21601],[1.88652,49.20794],[1.88089,49.20641],[1.87759,49.19606],[1.87575,49.19731],[1.87179,49.19425],[1.87113,49.18628],[1.86712,49.18572],[1.87646,49.17957],[1.87346,49.17408]]]},"properties":{"code_territoire":"iris603630000","libelle_territoire":"Lierville (commune non irisée)"}},
{"type":"Feature","geometry":{"type":"Polygon","coordinates":[[[2.46433,49.49131],[2.4687,49.48764],[2.46598,49.47858],[2.45571,49.47211],[2.4507,49.46667],[2.45645,49.4655],[2.46605,49.46346],[2.47419,49.46679],[2.48788,49.46548],[2.4918,49.46768],[2.51428,49.46143],[2.52854,49.46704],[2.5241,49.47375],[2.52937,49.47736],[2.52602,49.47917],[2.51445,49.47721],[2.51415,49.48151],[2.50177,49.48203],[2.50128,49.4779],[2.48477,49.47929],[2.47206,49.49512],[2.46433,49.49131]]]},"properties":{"code_territoire":"iris603640000","libelle_territoire":"Lieuvillers (commune non irisée)"}},
{"type":"Feature","geometry":{"type":"Polygon","coordinates":[[[2.04096,49.58049],[2.0562,49.58347],[2.05596,49.58966],[2.0677,49.60311],[2.06176,49.61065],[2.06873,49.61928],[2.07205,49.61862],[2.06731,49.62897],[2.04491,49.62136],[2.03548,49.6213],[2.0301,49.61667],[2.0217,49.62044],[2.00626,49.61443],[2.00178,49.60735],[2.00701,49.60062],[2.01058,49.6004],[2.01417,49.59271],[2.03658,49.58488],[2.04096,49.58049]]]},"properties":{"code_territoire":"iris603650000","libelle_territoire":"Lihus (commune non irisée)"}},
{"type":"Feature","geometry":{"type":"Polygon","coordinates":[[[2.6319,49.17082],[2.65107,49.18187],[2.66377,49.19959],[2.66867,49.19844],[2.66596,49.2042],[2.66507,49.20794],[2.66236,49.2063],[2.65797,49.20879],[2.66212,49.21134],[2.65367,49.20971],[2.65362,49.21412],[2.64926,49.21363],[2.63361,49.21188],[2.61294,49.19839],[2.61724,49.1978],[2.61436,49.19421],[2.61766,49.19393],[2.61785,49.18943],[2.60537,49.17852],[2.60105,49.17591],[2.60005,49.16595],[2.6004,49.16399],[2.61455,49.16677],[2.61613,49.1715],[2.6319,49.17082]]]},"properties":{"code_territoire":"iris604210000","libelle_territoire":"Mont-l'Évêque (commune non irisée)"}},
{"type":"Feature","geometry":{"type":"Polygon","coordinates":[[[2.72786,49.14015],[2.71771,49.14771],[2.71806,49.16742],[2.70296,49.16692],[2.68698,49.16685],[2.68606,49.15752],[2.70789,49.14472],[2.72806,49.1369],[2.72786,49.14015]]]},"properties":{"code_territoire":"iris604220000","libelle_territoire":"Montlognon (commune non irisée)"}},
{"type":"Feature","geometry":{"type":"Polygon","coordinates":[[[2.93339,49.4935],[2.92517,49.49487],[2.9125,49.49909],[2.90661,49.4985],[2.89935,49.48428],[2.89012,49.47125],[2.91035,49.47184],[2.90812,49.46585],[2.91976,49.47121],[2.93629,49.47005],[2.93114,49.47832],[2.93431,49.49262],[2.93339,49.4935]]]},"properties":{"code_territoire":"iris604230000","libelle_territoire":"Montmacq (commune non irisée)"}},
{"type":"Feature","geometry":{"type":"Polygon","coordinates":[[[2.29968,49.43009],[2.30353,49.41658],[2.31641,49.41402],[2.31632,49.41107],[2.33502,49.40722],[2.34704,49.40924],[2.34591,49.41561],[2.35716,49.41486],[2.35022,49.41903],[2.34301,49.41888],[2.34137,49.42607],[2.33186,49.42623],[2.33219,49.43],[2.3391,49.43338],[2.33254,49.43501],[2.33734,49.44555],[2.33053,49.44844],[2.33192,49.44573],[2.32093,49.44643],[2.3167,49.44342],[2.31125,49.44643],[2.30355,49.43515],[2.30698,49.43359],[2.29968,49.43009]]]},"properties":{"code_territoire":"iris603660000","libelle_territoire":"Litz (commune non irisée)"}},
{"type":"Feature","geometry":{"type":"Polygon","coordinates":[[[1.91869,49.24356],[1.92299,49.25042],[1.92522,49.24944],[1.93141,49.25445],[1.93516,49.25332],[1.94287,49.26635],[1.92825,49.26561],[1.92746,49.27013],[1.9232,49.27055],[1.91004,49.26265],[1.9028,49.26177],[1.89417,49.25664],[1.89498,49.25457],[1.8995,49.25012],[1.91869,49.24356]]]},"properties":{"code_territoire":"iris603670000","libelle_territoire":"Loconville (commune non irisée)"}},
{"type":"Feature","geometry":{"type":"Polygon","coordinates":[[[2.8505,49.45397],[2.84872,49.45741],[2.8612,49.45985],[2.86534,49.4553],[2.87427,49.46147],[2.87693,49.46479],[2.87431,49.46815],[2.86127,49.47921],[2.84408,49.47953],[2.84517,49.47469],[2.83047,49.46592],[2.83079,49.4621],[2.84705,49.45332],[2.8505,49.45397]]]},"properties":{"code_territoire":"iris603680000","libelle_territoire":"Longueil-Annel (commune non irisée)"}},
{"type":"Feature","geometry":{"type":"Polygon","coordinates":[[[2.67222,49.32016],[2.68903,49.31356],[2.70401,49.31426],[2.71789,49.31068],[2.72418,49.31158],[2.73621,49.33094],[2.72195,49.34834],[2.72992,49.3518],[2.73095,49.35722],[2.7236,49.37967],[2.72285,49.3797],[2.71156,49.37685],[2.70783,49.37858],[2.70771,49.37678],[2.71061,49.36559],[2.69554,49.3636],[2.70003,49.35938],[2.69843,49.34497],[2.70192,49.33522],[2.69528,49.33384],[2.69637,49.3282],[2.67609,49.32547],[2.67222,49.32016]]]},"properties":{"code_territoire":"iris603690000","libelle_territoire":"Longueil-Sainte-Marie (commune non irisée)"}},
{"type":"Feature","geometry":{"type":"Polygon","coordinates":[[[2.09388,49.2688],[2.09261,49.24203],[2.11154,49.23839],[2.11837,49.25609],[2.11256,49.26481],[2.11582,49.2667],[2.11227,49.26979],[2.10726,49.26742],[2.10349,49.26962],[2.09388,49.2688]]]},"properties":{"code_territoire":"iris603700000","libelle_territoire":"Lormaison (commune non irisée)"}},
{"type":"Feature","geometry":{"type":"Polygon","coordinates":[[[2.70583,49.4753],[2.70447,49.47331],[2.69585,49.47635],[2.6889,49.4689],[2.68268,49.4742],[2.67946,49.47096],[2.68286,49.46926],[2.68076,49.46298],[2.68592,49.46221],[2.67949,49.4596],[2.68437,49.45726],[2.69644,49.46128],[2.70179,49.4562],[2.70904,49.4556],[2.71055,49.45806],[2.70648,49.4584],[2.71048,49.46494],[2.70706,49.46548],[2.7122,49.47135],[2.71698,49.47103],[2.70583,49.4753]]]},"properties":{"code_territoire":"iris604240000","libelle_territoire":"Montmartin (commune non irisée)"}},
{"type":"Feature","geometry":{"type":"Polygon","coordinates":[[[2.26645,49.49592],[2.29121,49.50013],[2.29468,49.50761],[2.30379,49.51683],[2.30117,49.51956],[2.30535,49.52613],[2.30084,49.52654],[2.2913,49.51613],[2.28422,49.51849],[2.29302,49.52659],[2.27968,49.5304],[2.27681,49.53163],[2.27245,49.52924],[2.27141,49.52449],[2.25914,49.52301],[2.25032,49.51875],[2.24386,49.50851],[2.25085,49.50671],[2.24612,49.50176],[2.25111,49.50275],[2.24962,49.49907],[2.26645,49.49592]]]},"properties":{"code_territoire":"iris604250000","libelle_territoire":"Montreuil-sur-Brêche (commune non irisée)"}},
{"type":"Feature","geometry":{"type":"Polygon","coordinates":[[[2.19642,49.38762],[2.18737,49.38597],[2.18351,49.38143],[2.18196,49.37703],[2.18819,49.37513],[2.19613,49.37649],[2.19838,49.3747],[2.1991,49.37986],[2.2072,49.38404],[2.19642,49.38762]]]},"properties":{"code_territoire":"iris604260000","libelle_territoire":"Montreuil-sur-Thérain (commune non irisée)"}},
{"type":"Feature","geometry":{"type":"Polygon","coordinates":[[[1.98963,49.2236],[1.98029,49.22429],[1.97883,49.21571],[1.99365,49.21218],[2.01026,49.21497],[2.01754,49.21361],[2.02238,49.21843],[2.02128,49.22306],[2.01581,49.22552],[2.00584,49.22682],[1.98963,49.2236]]]},"properties":{"code_territoire":"iris604270000","libelle_territoire":"Monts (commune non irisée)"}},
{"type":"Feature","geometry":{"type":"Polygon","coordinates":[[[1.98396,49.45374],[1.99796,49.44678],[2.00245,49.44323],[2.00003,49.44168],[2.02175,49.43397],[2.03634,49.44228],[2.03417,49.44383],[2.04395,49.44839],[2.03748,49.45268],[2.01822,49.45947],[2.01997,49.46139],[2.00571,49.4639],[1.99204,49.45868],[1.98396,49.45374]]]},"properties":{"code_territoire":"iris604280000","libelle_territoire":"Le Mont-Saint-Adrien (commune non irisée)"}},
{"type":"Feature","geometry":{"type":"Polygon","coordinates":[[[1.80839,49.60682],[1.81476,49.6003],[1.81366,49.58635],[1.82622,49.57926],[1.83111,49.58054],[1.82851,49.57622],[1.84016,49.57559],[1.83889,49.57937],[1.84519,49.5805],[1.84562,49.58276],[1.85407,49.59001],[1.84488,49.59823],[1.82738,49.61042],[1.8098,49.60797],[1.80839,49.60682]]]},"properties":{"code_territoire":"iris603710000","libelle_territoire":"Loueuse (commune non irisée)"}},
{"type":"Feature","geometry":{"type":"Polygon","coordinates":[[[2.15109,49.56017],[2.14496,49.56396],[2.13541,49.56411],[2.13224,49.56639],[2.12607,49.56174],[2.12361,49.56348],[2.11796,49.5606],[2.11734,49.56248],[2.10494,49.55921],[2.10294,49.56066],[2.10241,49.55865],[2.09639,49.56147],[2.10217,49.5676],[2.09778,49.5692],[2.09159,49.56556],[2.08179,49.55306],[2.08765,49.54978],[2.09044,49.5465],[2.08732,49.54478],[2.09357,49.5402],[2.10962,49.53305],[2.11164,49.53902],[2.1228,49.5428],[2.12977,49.53841],[2.14257,49.54516],[2.14433,49.55097],[2.13759,49.55594],[2.14813,49.55619],[2.15142,49.55982],[2.15109,49.56017]]]},"properties":{"code_territoire":"iris603720000","libelle_territoire":"Luchy (commune non irisée)"}},
{"type":"Feature","geometry":{"type":"Polygon","coordinates":[[[2.88148,49.53253],[2.87075,49.53092],[2.86979,49.52184],[2.86713,49.52326],[2.86317,49.52133],[2.8644,49.5117],[2.86033,49.51004],[2.86261,49.49965],[2.86998,49.49818],[2.86572,49.49564],[2.86986,49.49302],[2.87967,49.49028],[2.88404,49.48834],[2.89047,49.49985],[2.8809,49.50997],[2.88739,49.51587],[2.88447,49.51897],[2.889,49.52235],[2.88095,49.52552],[2.87832,49.5267],[2.88148,49.53253]]]},"properties":{"code_territoire":"iris603730000","libelle_territoire":"Machemont (commune non irisée)"}},
{"type":"Feature","geometry":{"type":"Polygon","coordinates":[[[2.47648,49.5536],[2.48537,49.54822],[2.47918,49.54733],[2.47917,49.53486],[2.48224,49.53618],[2.48701,49.52996],[2.49262,49.53203],[2.50175,49.5273],[2.50339,49.5299],[2.51355,49.52663],[2.51702,49.52812],[2.52208,49.52411],[2.5352,49.52421],[2.53652,49.53321],[2.54925,49.53638],[2.54092,49.54503],[2.53455,49.54728],[2.53737,49.5564],[2.54399,49.56025],[2.53143,49.56717],[2.53513,49.57272],[2.53244,49.57536],[2.52343,49.57653],[2.51576,49.57395],[2.50776,49.57035],[2.50902,49.56552],[2.50206,49.56631],[2.50228,49.56334],[2.49867,49.56405],[2.49328,49.55837],[2.48718,49.56135],[2.48331,49.55855],[2.47648,49.5536]]]},"properties":{"code_territoire":"iris603740000","libelle_territoire":"Maignelay-Montigny (commune non irisée)"}},
{"type":"Feature","geometry":{"type":"Polygon","coordinates":[[[2.5221,49.4323],[2.51142,49.42898],[2.51509,49.42357],[2.50648,49.41581],[2.50586,49.40866],[2.50123,49.40407],[2.51338,49.40131],[2.51731,49.40016],[2.52088,49.40518],[2.53586,49.40406],[2.54201,49.40841],[2.53848,49.40946],[2.54098,49.41643],[2.53435,49.41848],[2.52636,49.42847],[2.52271,49.42835],[2.5221,49.4323]]]},"properties":{"code_territoire":"iris603750000","libelle_territoire":"Maimbeville (commune non irisée)"}},
{"type":"Feature","geometry":{"type":"Polygon","coordinates":[[[2.32927,49.19211],[2.325,49.19773],[2.31699,49.19909],[2.31501,49.20397],[2.30241,49.20788],[2.29446,49.20677],[2.29488,49.20389],[2.28656,49.2069],[2.28581,49.2028],[2.28821,49.20218],[2.28269,49.19298],[2.28412,49.18985],[2.29253,49.18886],[2.29285,49.19062],[2.30127,49.18404],[2.30575,49.18343],[2.3108,49.18675],[2.3216,49.18437],[2.32841,49.18644],[2.32927,49.19211]]]},"properties":{"code_territoire":"iris604290000","libelle_territoire":"Morangles (commune non irisée)"}},
{"type":"Feature","geometry":{"type":"Polygon","coordinates":[[[2.9003,49.3148],[2.91164,49.30369],[2.90136,49.29031],[2.89839,49.29139],[2.89687,49.28603],[2.89728,49.28528],[2.90792,49.28339],[2.91583,49.28563],[2.91643,49.29098],[2.92103,49.28919],[2.92978,49.29118],[2.94023,49.28237],[2.9497,49.28519],[2.94872,49.28126],[2.95191,49.28053],[2.9638,49.28722],[2.96365,49.29361],[2.97008,49.30268],[2.96828,49.30516],[2.97882,49.30569],[2.98032,49.31125],[2.9723,49.31202],[2.96452,49.32159],[2.96322,49.32005],[2.94127,49.32435],[2.94426,49.32673],[2.93598,49.32893],[2.93057,49.3305],[2.92985,49.33807],[2.9206,49.33459],[2.91275,49.33607],[2.90667,49.34188],[2.89334,49.33515],[2.88899,49.338],[2.88178,49.33565],[2.87983,49.3316],[2.9003,49.3148]]]},"properties":{"code_territoire":"iris604300000","libelle_territoire":"Morienval (commune non irisée)"}},
{"type":"Feature","geometry":{"type":"Polygon","coordinates":[[[2.11771,49.49845],[2.12661,49.49808],[2.13001,49.50114],[2.13397,49.512],[2.12869,49.51632],[2.13244,49.52374],[2.11304,49.53065],[2.10485,49.52701],[2.11557,49.51331],[2.114,49.51087],[2.11911,49.50929],[2.11771,49.49845]]]},"properties":{"code_territoire":"iris603760000","libelle_territoire":"Maisoncelle-Saint-Pierre (commune non irisée)"}},
{"type":"Feature","geometry":{"type":"Polygon","coordinates":[[[2.19761,49.59909],[2.20102,49.59756],[2.19718,49.58989],[2.20732,49.57942],[2.22499,49.5731],[2.23387,49.5778],[2.23168,49.58175],[2.24753,49.58686],[2.24373,49.59091],[2.24016,49.59336],[2.23483,49.59269],[2.23219,49.59639],[2.23541,49.59797],[2.22795,49.60235],[2.20028,49.6036],[2.19761,49.59909]]]},"properties":{"code_territoire":"iris603770000","libelle_territoire":"Maisoncelle-Tuilerie (commune non irisée)"}},
{"type":"Feature","geometry":{"type":"Polygon","coordinates":[[[2.84074,49.50181],[2.82888,49.51002],[2.83055,49.51398],[2.81652,49.51218],[2.80803,49.50331],[2.80992,49.50163],[2.81613,49.4946],[2.826,49.49155],[2.83276,49.49919],[2.83698,49.49827],[2.84074,49.50181]]]},"properties":{"code_territoire":"iris603780000","libelle_territoire":"Marest-sur-Matz (commune non irisée)"}},
{"type":"Feature","geometry":{"type":"Polygon","coordinates":[[[2.8235,49.55441],[2.81665,49.55873],[2.81131,49.56036],[2.80391,49.55796],[2.78469,49.56491],[2.76702,49.54911],[2.78002,49.53727],[2.79034,49.5352],[2.80549,49.53651],[2.80659,49.54134],[2.81316,49.54097],[2.81496,49.54542],[2.83289,49.54445],[2.84034,49.54676],[2.8235,49.55441]]]},"properties":{"code_territoire":"iris603790000","libelle_territoire":"Mareuil-la-Motte (commune non irisée)"}},
{"type":"Feature","geometry":{"type":"Polygon","coordinates":[[[3.10511,49.14797],[3.10538,49.14799],[3.10445,49.15072],[3.09743,49.15064],[3.08943,49.15563],[3.0845,49.15762],[3.0687,49.15153],[3.04956,49.15085],[3.05328,49.14919],[3.05001,49.14488],[3.05751,49.14274],[3.05554,49.13517],[3.04956,49.13014],[3.04165,49.13335],[3.03912,49.13189],[3.03745,49.12821],[3.04468,49.12471],[3.04385,49.12233],[3.05547,49.12761],[3.05424,49.12912],[3.06571,49.12902],[3.07656,49.12197],[3.08507,49.12135],[3.09834,49.13111],[3.09197,49.13512],[3.09409,49.14239],[3.10511,49.14797]]]},"properties":{"code_territoire":"iris603800000","libelle_territoire":"Mareuil-sur-Ourcq (commune non irisée)"}},
{"type":"Feature","geometry":{"type":"Polygon","coordinates":[[[2.84751,49.67222],[2.87,49.65878],[2.87547,49.6615],[2.87176,49.66176],[2.87116,49.66476],[2.88108,49.66272],[2.87736,49.66737],[2.88219,49.66896],[2.88405,49.66477],[2.88952,49.66718],[2.88855,49.67096],[2.87819,49.67688],[2.87431,49.68582],[2.86921,49.68337],[2.86582,49.68553],[2.85714,49.68371],[2.86217,49.67957],[2.84751,49.67222]]]},"properties":{"code_territoire":"iris603810000","libelle_territoire":"Margny-aux-Cerises (commune non irisée)"}},
{"type":"Feature","geometry":{"type":"Polygon","coordinates":[[[2.77435,49.43958],[2.77337,49.43792],[2.78851,49.43074],[2.79162,49.43222],[2.80431,49.4246],[2.80649,49.42767],[2.81625,49.42739],[2.82214,49.43029],[2.82565,49.42415],[2.8327,49.42832],[2.83468,49.42694],[2.83488,49.42711],[2.83588,49.42806],[2.82134,49.43812],[2.81575,49.43509],[2.80519,49.44247],[2.79648,49.44277],[2.79057,49.44736],[2.78443,49.44261],[2.77934,49.44409],[2.77435,49.43958]]]},"properties":{"code_territoire":"iris603820101","libelle_territoire":"Est"}},
{"type":"Feature","geometry":{"type":"MultiPolygon","coordinates":[[[[2.81437,49.41575],[2.81862,49.41783],[2.81591,49.41943],[2.81215,49.4181],[2.81419,49.41559],[2.81437,49.41575]]],[[[2.82492,49.42162],[2.83468,49.42694],[2.8327,49.42832],[2.82565,49.42415],[2.82214,49.43029],[2.81625,49.42739],[2.8134,49.42569],[2.81716,49.42203],[2.82154,49.42415],[2.82492,49.42162]]]]},"properties":{"code_territoire":"iris603820201","libelle_territoire":"Centre"}},
{"type":"Feature","geometry":{"type":"Polygon","coordinates":[[[2.81716,49.42203],[2.8134,49.42569],[2.81625,49.42739],[2.80649,49.42767],[2.80431,49.4246],[2.81215,49.4181],[2.81591,49.41943],[2.81716,49.42203]]]},"properties":{"code_territoire":"iris603820301","libelle_territoire":"Ouest"}},
{"type":"Feature","geometry":{"type":"Polygon","coordinates":[[[2.76599,49.54921],[2.76058,49.54286],[2.75964,49.53239],[2.75272,49.52817],[2.75629,49.52764],[2.76898,49.51901],[2.77737,49.51807],[2.77282,49.51548],[2.7766,49.51427],[2.77749,49.51621],[2.78653,49.51578],[2.78861,49.5183],[2.79844,49.51797],[2.80141,49.53047],[2.80762,49.53174],[2.80549,49.53651],[2.79034,49.5352],[2.78002,49.53727],[2.76702,49.54911],[2.76599,49.54921]]]},"properties":{"code_territoire":"iris603830000","libelle_territoire":"Margny-sur-Matz (commune non irisée)"}},
{"type":"Feature","geometry":{"type":"MultiPolygon","coordinates":[[[[3.10511,49.14797],[3.09409,49.14239],[3.11113,49.13169],[3.11697,49.13855],[3.10511,49.14797]]],[[[3.10538,49.14799],[3.12753,49.14505],[3.12509,49.14869],[3.13815,49.15176],[3.14835,49.16099],[3.14727,49.16278],[3.12172,49.16158],[3.11628,49.16969],[3.10815,49.16592],[3.11254,49.17569],[3.11685,49.17634],[3.11241,49.18201],[3.11586,49.18176],[3.11718,49.18946],[3.10269,49.19771],[3.09676,49.1946],[3.10047,49.19198],[3.08978,49.18651],[3.08951,49.17759],[3.08428,49.17297],[3.0889,49.1622],[3.10047,49.15462],[3.09301,49.15487],[3.08383,49.16297],[3.08471,49.15934],[3.08943,49.15563],[3.09743,49.15064],[3.10445,49.15072],[3.10538,49.14799]]]]},"properties":{"code_territoire":"iris603850000","libelle_territoire":"Marolles (commune non irisée)"}},
{"type":"Feature","geometry":{"type":"Polygon","coordinates":[[[2.82901,49.24371],[2.83812,49.24515],[2.83879,49.24732],[2.83907,49.25771],[2.83173,49.26116],[2.82912,49.26841],[2.82164,49.27355],[2.80572,49.27636],[2.80857,49.26976],[2.8023,49.27066],[2.80017,49.25615],[2.82901,49.24371]]]},"properties":{"code_territoire":"iris605430000","libelle_territoire":"Rocquemont (commune non irisée)"}},
{"type":"Feature","geometry":{"type":"Polygon","coordinates":[[[2.44944,49.6472],[2.44542,49.65304],[2.41698,49.65863],[2.41259,49.66305],[2.3884,49.65586],[2.3735,49.65622],[2.37706,49.64714],[2.38857,49.64355],[2.39621,49.63671],[2.42022,49.63274],[2.42809,49.64463],[2.43894,49.646],[2.44064,49.64378],[2.44944,49.6472]]]},"properties":{"code_territoire":"iris605440000","libelle_territoire":"Rocquencourt (commune non irisée)"}},
{"type":"Feature","geometry":{"type":"Polygon","coordinates":[[[1.78681,49.69589],[1.79286,49.69602],[1.79417,49.6993],[1.81624,49.70657],[1.82462,49.70567],[1.83799,49.70897],[1.838,49.71252],[1.84152,49.71276],[1.83776,49.71821],[1.8296,49.72014],[1.8226,49.71762],[1.82043,49.72266],[1.8049,49.72171],[1.79807,49.72819],[1.79603,49.72706],[1.78587,49.72248],[1.78018,49.72357],[1.77057,49.71436],[1.77126,49.71016],[1.77404,49.69975],[1.78681,49.69589]]]},"properties":{"code_territoire":"iris605450000","libelle_territoire":"Romescamps (commune non irisée)"}},
{"type":"Feature","geometry":{"type":"Polygon","coordinates":[[[2.75609,49.19713],[2.74944,49.19077],[2.75839,49.18453],[2.7699,49.18441],[2.76596,49.18326],[2.77036,49.18216],[2.76483,49.176],[2.76473,49.16861],[2.78988,49.173],[2.80546,49.17897],[2.80856,49.18752],[2.80868,49.19047],[2.80283,49.19106],[2.80391,49.19464],[2.79272,49.19515],[2.79079,49.19955],[2.77697,49.20117],[2.76528,49.19894],[2.76638,49.19517],[2.76211,49.19509],[2.75955,49.19948],[2.75609,49.19713]]]},"properties":{"code_territoire":"iris605460000","libelle_territoire":"Rosières (commune non irisée)"}},
{"type":"Feature","geometry":{"type":"Polygon","coordinates":[[[2.48344,49.34369],[2.48481,49.33994],[2.49255,49.3356],[2.5041,49.33588],[2.51337,49.32982],[2.51977,49.32824],[2.52454,49.32774],[2.53311,49.34247],[2.52425,49.34383],[2.50611,49.34708],[2.50376,49.34991],[2.49605,49.35008],[2.49014,49.34726],[2.48344,49.34369]]]},"properties":{"code_territoire":"iris605470000","libelle_territoire":"Rosoy (commune non irisée)"}},
{"type":"Feature","geometry":{"type":"Polygon","coordinates":[[[2.99486,49.1171],[2.98816,49.10701],[2.97325,49.1093],[2.97328,49.10103],[2.97738,49.10019],[2.97142,49.08897],[2.96912,49.08562],[2.97253,49.08535],[2.97508,49.07419],[2.98683,49.07088],[2.99118,49.084],[3.00085,49.08946],[3.00405,49.08868],[3.0024,49.09165],[3.01164,49.09648],[3.01092,49.10222],[3.00545,49.10563],[3.00621,49.11604],[2.99486,49.1171]]]},"properties":{"code_territoire":"iris605480000","libelle_territoire":"Rosoy-en-Multien (commune non irisée)"}},
{"type":"Feature","geometry":{"type":"Polygon","coordinates":[[[2.11717,49.59846],[2.09704,49.60263],[2.07605,49.59355],[2.06774,49.59734],[2.06325,49.59312],[2.06205,49.58366],[2.06964,49.5818],[2.07605,49.57509],[2.06667,49.56885],[2.08756,49.56452],[2.09163,49.56756],[2.09159,49.56556],[2.09778,49.5692],[2.10182,49.57716],[2.09866,49.57877],[2.10188,49.5824],[2.09876,49.58565],[2.10344,49.58429],[2.11257,49.58975],[2.11717,49.59846]]]},"properties":{"code_territoire":"iris605490000","libelle_territoire":"Rotangy (commune non irisée)"}},
{"type":"Feature","geometry":{"type":"Polygon","coordinates":[[[1.9767,49.61029],[1.98498,49.60362],[1.98016,49.59723],[1.98522,49.59253],[1.98281,49.58519],[1.99377,49.5874],[2.00227,49.59298],[2.00156,49.59974],[1.99922,49.60481],[1.98015,49.61192],[1.9767,49.61029]]]},"properties":{"code_territoire":"iris605500000","libelle_territoire":"Rothois (commune non irisée)"}},
{"type":"Feature","geometry":{"type":"Polygon","coordinates":[[[2.3795,49.28961],[2.37756,49.28423],[2.39157,49.29018],[2.39743,49.29028],[2.39887,49.29654],[2.40098,49.29429],[2.40867,49.2962],[2.4114,49.30082],[2.40722,49.30319],[2.39694,49.30905],[2.39665,49.30945],[2.37904,49.30485],[2.3795,49.28961]]]},"properties":{"code_territoire":"iris605510000","libelle_territoire":"Rousseloy (commune non irisée)"}},
{"type":"Feature","geometry":{"type":"Polygon","coordinates":[[[3.04907,49.55883],[3.04459,49.56576],[3.05176,49.56529],[3.05513,49.56871],[3.06268,49.56766],[3.06061,49.5701],[3.05289,49.57044],[3.05474,49.57325],[3.04844,49.57346],[3.05295,49.57721],[3.05167,49.57973],[3.03305,49.57894],[3.03071,49.5787],[3.03381,49.57122],[3.02678,49.57048],[3.02594,49.56631],[3.04437,49.55534],[3.04489,49.55856],[3.04907,49.55883]]]},"properties":{"code_territoire":"iris604310000","libelle_territoire":"Morlincourt (commune non irisée)"}},
{"type":"Feature","geometry":{"type":"MultiPolygon","coordinates":[[[[2.57293,49.09428],[2.58014,49.08984],[2.58466,49.08478],[2.58964,49.09183],[2.58796,49.09548],[2.58379,49.09407],[2.57974,49.09776],[2.57293,49.09428]]],[[[2.61005,49.09497],[2.62209,49.0948],[2.63323,49.10857],[2.63735,49.11687],[2.63383,49.12196],[2.62356,49.12421],[2.624,49.13254],[2.61169,49.14117],[2.61567,49.14628],[2.59737,49.15242],[2.58834,49.14979],[2.59086,49.14484],[2.58603,49.14018],[2.59614,49.13076],[2.59113,49.13232],[2.58642,49.13058],[2.58398,49.12162],[2.60039,49.11068],[2.59153,49.10509],[2.61005,49.09497]]]]},"properties":{"code_territoire":"iris604320000","libelle_territoire":"Mortefontaine (commune non irisée)"}},
{"type":"Feature","geometry":{"type":"Polygon","coordinates":[[[2.20661,49.25387],[2.20418,49.27017],[2.18645,49.27675],[2.18588,49.28461],[2.17877,49.28691],[2.17814,49.2755],[2.17366,49.26991],[2.17515,49.26041],[2.18249,49.24904],[2.19953,49.25223],[2.2067,49.25363],[2.20661,49.25387]]]},"properties":{"code_territoire":"iris604330000","libelle_territoire":"Mortefontaine-en-Thelle (commune non irisée)"}},
{"type":"Feature","geometry":{"type":"Polygon","coordinates":[[[2.87091,49.22493],[2.86988,49.22532],[2.85991,49.22077],[2.86473,49.21303],[2.86475,49.20864],[2.8614,49.20752],[2.86465,49.20116],[2.87373,49.19608],[2.89647,49.19858],[2.902,49.2133],[2.8982,49.21996],[2.8855,49.21859],[2.87647,49.2221],[2.87091,49.22493]]]},"properties":{"code_territoire":"iris605520000","libelle_territoire":"Rouville (commune non irisée)"}},
{"type":"Feature","geometry":{"type":"Polygon","coordinates":[[[2.59691,49.44029],[2.60515,49.43946],[2.60345,49.43697],[2.61322,49.4378],[2.62533,49.43194],[2.63907,49.44267],[2.63623,49.44683],[2.6429,49.44811],[2.6409,49.45197],[2.64419,49.45107],[2.64817,49.45734],[2.65432,49.45568],[2.66319,49.47152],[2.65744,49.47945],[2.65259,49.47403],[2.63787,49.47852],[2.6331,49.47843],[2.63303,49.47447],[2.6306,49.46634],[2.62283,49.46907],[2.59925,49.44605],[2.59691,49.44029]]]},"properties":{"code_territoire":"iris605530000","libelle_territoire":"Rouvillers (commune non irisée)"}},
{"type":"Feature","geometry":{"type":"Polygon","coordinates":[[[3.03417,49.08853],[3.03893,49.09902],[3.03722,49.10301],[3.03495,49.11016],[3.02901,49.11495],[3.03808,49.11929],[3.04083,49.12575],[3.03745,49.12821],[3.03912,49.13189],[3.00621,49.11604],[3.00545,49.10563],[3.01092,49.10222],[3.01164,49.09648],[3.0024,49.09165],[3.00405,49.08868],[3.00604,49.0864],[3.00854,49.09161],[3.0317,49.08566],[3.03417,49.08853]]]},"properties":{"code_territoire":"iris605540000","libelle_territoire":"Rouvres-en-Multien (commune non irisée)"}},
{"type":"Feature","geometry":{"type":"Polygon","coordinates":[[[2.3735,49.65622],[2.36603,49.66026],[2.36194,49.66681],[2.3553,49.66426],[2.36032,49.65796],[2.35318,49.65738],[2.35451,49.65536],[2.34753,49.65422],[2.35001,49.6521],[2.34201,49.64845],[2.34346,49.64674],[2.33398,49.6439],[2.33654,49.63778],[2.35795,49.64641],[2.36248,49.64633],[2.36204,49.64014],[2.37706,49.64714],[2.3735,49.65622]]]},"properties":{"code_territoire":"iris605550000","libelle_territoire":"Rouvroy-les-Merles (commune non irisée)"}},
{"type":"Feature","geometry":{"type":"Polygon","coordinates":[[[2.52565,49.60017],[2.54016,49.60387],[2.55916,49.60825],[2.56559,49.61197],[2.56642,49.61903],[2.54499,49.61485],[2.54129,49.6155],[2.54359,49.61909],[2.53727,49.6205],[2.54097,49.62487],[2.52928,49.62532],[2.52678,49.62963],[2.52148,49.62694],[2.49172,49.61006],[2.50487,49.60376],[2.50329,49.60051],[2.51507,49.60268],[2.51768,49.59859],[2.52565,49.60017]]]},"properties":{"code_territoire":"iris605560000","libelle_territoire":"Royaucourt (commune non irisée)"}},
{"type":"Feature","geometry":{"type":"Polygon","coordinates":[[[1.88352,49.57464],[1.88478,49.57298],[1.89294,49.57546],[1.89482,49.57389],[1.8903,49.5707],[1.89586,49.5726],[1.90848,49.56455],[1.91114,49.56638],[1.92112,49.56337],[1.94815,49.57209],[1.9448,49.58639],[1.92756,49.59973],[1.92323,49.598],[1.91772,49.5957],[1.90701,49.59729],[1.9072,49.5856],[1.89147,49.5804],[1.88352,49.57464]]]},"properties":{"code_territoire":"iris605570000","libelle_territoire":"Roy-Boissy (commune non irisée)"}},
{"type":"Feature","geometry":{"type":"Polygon","coordinates":[[[2.6487,49.57229],[2.65317,49.57007],[2.64468,49.5635],[2.65712,49.56065],[2.65702,49.55726],[2.66764,49.5573],[2.66914,49.56082],[2.67501,49.56203],[2.6821,49.55821],[2.68947,49.56304],[2.69813,49.56209],[2.70029,49.56799],[2.69401,49.57013],[2.69587,49.57439],[2.68147,49.57887],[2.6798,49.58219],[2.67689,49.57992],[2.67084,49.58147],[2.66628,49.5806],[2.66505,49.57718],[2.6487,49.57229]]]},"properties":{"code_territoire":"iris604340000","libelle_territoire":"Mortemer (commune non irisée)"}},
{"type":"Feature","geometry":{"type":"Polygon","coordinates":[[[1.88352,49.57464],[1.89147,49.5804],[1.88731,49.58717],[1.88959,49.5931],[1.87588,49.59351],[1.87582,49.59563],[1.86885,49.59447],[1.86775,49.5966],[1.85407,49.59001],[1.84562,49.58276],[1.85325,49.57987],[1.86135,49.58241],[1.86818,49.57271],[1.88039,49.57382],[1.88352,49.57464]]]},"properties":{"code_territoire":"iris604350000","libelle_territoire":"Morvillers (commune non irisée)"}},
{"type":"Feature","geometry":{"type":"Polygon","coordinates":[[[2.40286,49.58587],[2.39708,49.58978],[2.40488,49.59449],[2.40875,49.59235],[2.40607,49.59503],[2.41306,49.60289],[2.4246,49.60715],[2.41811,49.61151],[2.40691,49.60938],[2.37406,49.58546],[2.3853,49.5769],[2.38934,49.5804],[2.3925,49.57895],[2.39373,49.58556],[2.39729,49.58368],[2.40286,49.58587]]]},"properties":{"code_territoire":"iris604360000","libelle_territoire":"Mory-Montcrux (commune non irisée)"}},
{"type":"Feature","geometry":{"type":"Polygon","coordinates":[[[2.2712,49.31604],[2.25596,49.3235],[2.26031,49.32959],[2.25093,49.331],[2.24737,49.32924],[2.23807,49.33307],[2.23424,49.33863],[2.22494,49.32437],[2.25886,49.31719],[2.26388,49.31216],[2.2673,49.31363],[2.2712,49.31604]]]},"properties":{"code_territoire":"iris604370000","libelle_territoire":"Mouchy-le-Châtel (commune non irisée)"}},
{"type":"Feature","geometry":{"type":"Polygon","coordinates":[[[3.03521,49.4831],[3.04021,49.47308],[3.05384,49.46677],[3.04771,49.4597],[3.05093,49.45485],[3.04887,49.45122],[3.0579,49.4475],[3.05593,49.44414],[3.06215,49.44378],[3.06131,49.4376],[3.06443,49.43804],[3.07085,49.43848],[3.07447,49.4389],[3.07381,49.44129],[3.10051,49.43951],[3.1008,49.46057],[3.09329,49.46866],[3.07836,49.46408],[3.0763,49.47834],[3.05619,49.49778],[3.04485,49.49423],[3.04036,49.49894],[3.03548,49.49599],[3.02822,49.49193],[3.03381,49.49115],[3.03521,49.4831]]]},"properties":{"code_territoire":"iris604380000","libelle_territoire":"Moulin-sous-Touvent (commune non irisée)"}},
{"type":"Feature","geometry":{"type":"Polygon","coordinates":[[[2.7835,49.56863],[2.787,49.56949],[2.78507,49.57515],[2.79582,49.57763],[2.79213,49.58263],[2.79611,49.58585],[2.7866,49.59711],[2.78994,49.59813],[2.78788,49.60169],[2.78036,49.60452],[2.77553,49.61507],[2.77328,49.61355],[2.75965,49.61773],[2.75374,49.60191],[2.73933,49.58765],[2.7489,49.58458],[2.75684,49.58643],[2.76032,49.58152],[2.7634,49.58381],[2.77592,49.58105],[2.77607,49.5674],[2.7835,49.56863]]]},"properties":{"code_territoire":"iris605580000","libelle_territoire":"Roye-sur-Matz (commune non irisée)"}},
{"type":"Feature","geometry":{"type":"Polygon","coordinates":[[[2.2798,49.38885],[2.27815,49.39503],[2.29312,49.39946],[2.29542,49.39788],[2.29673,49.40399],[2.29828,49.40227],[2.30165,49.40427],[2.30563,49.40311],[2.30558,49.40597],[2.31513,49.4053],[2.31632,49.41107],[2.31641,49.41402],[2.30353,49.41658],[2.29968,49.43009],[2.2931,49.43704],[2.2929,49.43491],[2.2855,49.43526],[2.285,49.4303],[2.2797,49.43047],[2.27624,49.40158],[2.27255,49.40047],[2.2798,49.38885]]]},"properties":{"code_territoire":"iris605590000","libelle_territoire":"La Rue-Saint-Pierre (commune non irisée)"}},
{"type":"Feature","geometry":{"type":"Polygon","coordinates":[[[2.76006,49.251],[2.75661,49.2512],[2.7538,49.25666],[2.74848,49.25915],[2.74566,49.25713],[2.73879,49.2627],[2.73009,49.25402],[2.7278,49.25749],[2.71513,49.24748],[2.70362,49.24998],[2.67211,49.2374],[2.67517,49.23368],[2.66884,49.2322],[2.67612,49.23296],[2.68341,49.23745],[2.70314,49.2284],[2.71344,49.22375],[2.72201,49.22341],[2.72353,49.22071],[2.73953,49.22087],[2.7397,49.22325],[2.74706,49.22398],[2.74696,49.22234],[2.75919,49.22242],[2.7588,49.22526],[2.75526,49.22488],[2.75566,49.2338],[2.74957,49.23359],[2.7517,49.24517],[2.75438,49.24472],[2.76006,49.251]]]},"properties":{"code_territoire":"iris605600000","libelle_territoire":"Rully (commune non irisée)"}},
{"type":"Feature","geometry":{"type":"Polygon","coordinates":[[[2.9283,49.23307],[2.93554,49.23316],[2.95062,49.23748],[2.96067,49.23162],[2.96204,49.23642],[2.9674,49.2358],[2.96919,49.23937],[2.97406,49.23997],[2.97534,49.24652],[2.97887,49.24653],[2.98449,49.25332],[2.97972,49.2562],[2.96253,49.27068],[2.95316,49.26873],[2.94804,49.26654],[2.94321,49.26444],[2.94187,49.25963],[2.94659,49.2595],[2.93388,49.23949],[2.92543,49.23729],[2.92675,49.23374],[2.9283,49.23307]]]},"properties":{"code_territoire":"iris605610000","libelle_territoire":"Russy-Bémont (commune non irisée)"}},
{"type":"Feature","geometry":{"type":"Polygon","coordinates":[[[2.60336,49.33322],[2.58937,49.33941],[2.59301,49.34315],[2.58581,49.34587],[2.57743,49.34568],[2.58276,49.35367],[2.57677,49.36797],[2.57078,49.36998],[2.56419,49.38392],[2.55861,49.38447],[2.55101,49.3811],[2.54683,49.38272],[2.54539,49.3803],[2.54583,49.37643],[2.52963,49.36769],[2.53238,49.36398],[2.51414,49.36044],[2.51397,49.35553],[2.52301,49.34892],[2.52425,49.34383],[2.53311,49.34247],[2.5536,49.33977],[2.60332,49.33312],[2.60336,49.33322]]]},"properties":{"code_territoire":"iris605620000","libelle_territoire":"Sacy-le-Grand (commune non irisée)"}},
{"type":"Feature","geometry":{"type":"Polygon","coordinates":[[[2.2673,49.31363],[2.28126,49.30576],[2.28432,49.30369],[2.2874,49.30564],[2.30087,49.30537],[2.32317,49.31698],[2.32155,49.3204],[2.32601,49.32001],[2.32629,49.32054],[2.32405,49.32362],[2.31605,49.32557],[2.3127,49.3299],[2.30589,49.33178],[2.30335,49.33017],[2.29024,49.33585],[2.28743,49.33437],[2.28994,49.33011],[2.28245,49.32827],[2.27686,49.32324],[2.27768,49.31919],[2.2712,49.31604],[2.2673,49.31363]]]},"properties":{"code_territoire":"iris604390101","libelle_territoire":"Ouest"}},
{"type":"Feature","geometry":{"type":"Polygon","coordinates":[[[2.32601,49.32001],[2.32155,49.3204],[2.32317,49.31698],[2.30087,49.30537],[2.3083,49.30274],[2.33174,49.30853],[2.33076,49.31141],[2.33392,49.31239],[2.32601,49.32001]]]},"properties":{"code_territoire":"iris604390201","libelle_territoire":"Est"}},
{"type":"Feature","geometry":{"type":"Polygon","coordinates":[[[2.63678,49.50432],[2.6341,49.5056],[2.62674,49.50148],[2.62663,49.49744],[2.61368,49.49527],[2.60947,49.49137],[2.61209,49.48074],[2.62055,49.48002],[2.63303,49.47447],[2.6331,49.47843],[2.63787,49.47852],[2.65259,49.47403],[2.65744,49.47945],[2.66125,49.48669],[2.6599,49.48725],[2.653,49.48931],[2.65711,49.49083],[2.63867,49.49328],[2.63678,49.50432]]]},"properties":{"code_territoire":"iris604400000","libelle_territoire":"Moyenneville (commune non irisée)"}},
{"type":"Feature","geometry":{"type":"Polygon","coordinates":[[[2.64807,49.39537],[2.65102,49.39543],[2.64899,49.39857],[2.6601,49.40077],[2.66236,49.4056],[2.66341,49.40967],[2.6732,49.4153],[2.67189,49.41881],[2.66163,49.42399],[2.65194,49.42104],[2.64542,49.4221],[2.6393,49.41727],[2.63373,49.41879],[2.63081,49.41357],[2.62271,49.41534],[2.61849,49.40936],[2.61378,49.4019],[2.62068,49.39737],[2.62438,49.3974],[2.62256,49.39162],[2.63191,49.38511],[2.63383,49.38771],[2.6308,49.38983],[2.63523,49.39446],[2.64011,49.39123],[2.64807,49.39537]]]},"properties":{"code_territoire":"iris604410000","libelle_territoire":"Moyvillers (commune non irisée)"}},
{"type":"Feature","geometry":{"type":"Polygon","coordinates":[[[2.63191,49.38511],[2.62459,49.37552],[2.61709,49.37487],[2.61638,49.37279],[2.60991,49.37404],[2.60515,49.3552],[2.61433,49.35661],[2.61452,49.35427],[2.62247,49.35008],[2.63578,49.3544],[2.64383,49.37884],[2.64104,49.38285],[2.64682,49.38745],[2.64807,49.39537],[2.64011,49.39123],[2.63523,49.39446],[2.6308,49.38983],[2.63383,49.38771],[2.63191,49.38511]]]},"properties":{"code_territoire":"iris605630000","libelle_territoire":"Sacy-le-Petit (commune non irisée)"}},
{"type":"Feature","geometry":{"type":"Polygon","coordinates":[[[2.43299,49.59243],[2.43736,49.59018],[2.43379,49.5854],[2.43916,49.58388],[2.43056,49.57889],[2.44019,49.5727],[2.44715,49.57181],[2.44838,49.56841],[2.4524,49.56881],[2.45988,49.56245],[2.46667,49.56079],[2.47162,49.56379],[2.48331,49.55855],[2.48718,49.56135],[2.49578,49.57235],[2.48918,49.57833],[2.48934,49.58802],[2.46782,49.59446],[2.45841,49.58912],[2.45103,49.59133],[2.43865,49.59051],[2.45374,49.59516],[2.44563,49.60265],[2.44216,49.59947],[2.43299,49.59243]]]},"properties":{"code_territoire":"iris605640000","libelle_territoire":"Sains-Morainvillers (commune non irisée)"}},
{"type":"Feature","geometry":{"type":"Polygon","coordinates":[[[2.26777,49.58812],[2.27383,49.57534],[2.2747,49.568],[2.28022,49.56531],[2.29383,49.5664],[2.29614,49.56469],[2.30318,49.57128],[2.30716,49.57133],[2.31538,49.58278],[2.31361,49.57987],[2.31738,49.58213],[2.3202,49.5808],[2.32734,49.57642],[2.32978,49.57075],[2.33868,49.56711],[2.34197,49.5694],[2.33641,49.58879],[2.33292,49.59081],[2.32072,49.58664],[2.3108,49.58734],[2.30998,49.59042],[2.30145,49.59385],[2.30337,49.59873],[2.29269,49.60225],[2.28975,49.59591],[2.28459,49.59605],[2.26777,49.58812]]]},"properties":{"code_territoire":"iris605650000","libelle_territoire":"Saint-André-Farivillers (commune non irisée)"}},
{"type":"Feature","geometry":{"type":"Polygon","coordinates":[[[1.81225,49.65065],[1.79618,49.64791],[1.7903,49.63951],[1.7756,49.64031],[1.78865,49.62181],[1.8019,49.62755],[1.80694,49.62633],[1.82036,49.6247],[1.82624,49.62685],[1.83223,49.63429],[1.83576,49.63861],[1.8259,49.64436],[1.8185,49.64254],[1.81757,49.64568],[1.81268,49.64688],[1.81443,49.65024],[1.81458,49.65109],[1.81225,49.65065]]]},"properties":{"code_territoire":"iris605660000","libelle_territoire":"Saint-Arnoult (commune non irisée)"}},
{"type":"Feature","geometry":{"type":"Polygon","coordinates":[[[1.88952,49.40493],[1.89791,49.41267],[1.89495,49.41417],[1.90211,49.41882],[1.9036,49.42564],[1.8973,49.42823],[1.89306,49.42423],[1.88986,49.42516],[1.89081,49.42811],[1.90185,49.43247],[1.90987,49.44094],[1.89709,49.44084],[1.88967,49.44446],[1.88045,49.44401],[1.87968,49.44069],[1.88341,49.43736],[1.88191,49.42869],[1.87411,49.42049],[1.87284,49.40893],[1.88952,49.40493]]]},"properties":{"code_territoire":"iris605670000","libelle_territoire":"Saint-Aubin-en-Bray (commune non irisée)"}},
{"type":"Feature","geometry":{"type":"Polygon","coordinates":[[[2.11304,49.53065],[2.13244,49.52374],[2.14683,49.52149],[2.15648,49.53341],[2.15254,49.53586],[2.15618,49.5387],[2.15357,49.54077],[2.14639,49.53937],[2.14257,49.54516],[2.12977,49.53841],[2.1228,49.5428],[2.11164,49.53902],[2.10962,49.53305],[2.11304,49.53065]]]},"properties":{"code_territoire":"iris604420000","libelle_territoire":"Muidorge (commune non irisée)"}},
{"type":"Feature","geometry":{"type":"Polygon","coordinates":[[[2.99581,49.6619],[2.98633,49.65329],[2.98715,49.64939],[2.9817,49.64386],[2.98833,49.64157],[2.99525,49.63396],[2.99877,49.63505],[3.01116,49.64069],[3.02673,49.64908],[3.01638,49.65614],[3.00788,49.65628],[3.00907,49.66068],[2.99581,49.6619]]]},"properties":{"code_territoire":"iris604430000","libelle_territoire":"Muirancourt (commune non irisée)"}},
{"type":"Feature","geometry":{"type":"Polygon","coordinates":[[[1.8098,49.60797],[1.80594,49.61176],[1.80891,49.61315],[1.80534,49.61804],[1.80694,49.62633],[1.8019,49.62755],[1.78865,49.62181],[1.7756,49.64031],[1.77151,49.63987],[1.7702,49.63363],[1.75797,49.63395],[1.75872,49.63089],[1.78328,49.61882],[1.78741,49.61052],[1.80282,49.61152],[1.80839,49.60682],[1.8098,49.60797]]]},"properties":{"code_territoire":"iris604440000","libelle_territoire":"Mureaumont (commune non irisée)"}},
{"type":"Feature","geometry":{"type":"Polygon","coordinates":[[[3.05619,49.49778],[3.0763,49.47834],[3.07836,49.46408],[3.09329,49.46866],[3.10732,49.46821],[3.10721,49.47586],[3.12437,49.48013],[3.12367,49.48647],[3.12181,49.49382],[3.10014,49.50591],[3.09596,49.518],[3.08948,49.52182],[3.07414,49.51557],[3.07399,49.50845],[3.0583,49.5004],[3.05619,49.49778]]]},"properties":{"code_territoire":"iris604450000","libelle_territoire":"Nampcel (commune non irisée)"}},
{"type":"Feature","geometry":{"type":"Polygon","coordinates":[[[2.81353,49.11364],[2.83063,49.11725],[2.84415,49.12771],[2.84615,49.1327],[2.85766,49.13122],[2.86107,49.13578],[2.86365,49.13856],[2.85864,49.13994],[2.82229,49.15438],[2.82217,49.16446],[2.81365,49.15539],[2.8125,49.15923],[2.79663,49.15209],[2.78524,49.15505],[2.76489,49.13365],[2.76369,49.12523],[2.76741,49.12465],[2.79866,49.12374],[2.81353,49.11364]]]},"properties":{"code_territoire":"iris604460000","libelle_territoire":"Nanteuil-le-Haudouin (commune non irisée)"}},
{"type":"Feature","geometry":{"type":"Polygon","coordinates":[[[2.46675,49.40072],[2.46803,49.39723],[2.47573,49.396],[2.47755,49.40067],[2.49211,49.3988],[2.50123,49.40407],[2.50586,49.40866],[2.50648,49.41581],[2.51509,49.42357],[2.51142,49.42898],[2.50653,49.42792],[2.49498,49.41965],[2.47902,49.42256],[2.47825,49.42041],[2.47329,49.42208],[2.47319,49.40478],[2.46675,49.40072]]]},"properties":{"code_territoire":"iris605680000","libelle_territoire":"Saint-Aubin-sous-Erquery (commune non irisée)"}},
{"type":"Feature","geometry":{"type":"Polygon","coordinates":[[[2.97496,49.42116],[2.98243,49.42024],[2.99835,49.42927],[3.00105,49.44278],[3.01768,49.44387],[3.02023,49.44672],[3.023,49.44525],[3.03072,49.44769],[3.02619,49.45747],[3.01675,49.4547],[3.00682,49.46679],[2.99751,49.46778],[2.97696,49.4574],[2.98761,49.44882],[2.94153,49.45891],[2.94967,49.43734],[2.95529,49.43599],[2.95312,49.43358],[2.9642,49.43267],[2.97496,49.42116]]]},"properties":{"code_territoire":"iris605690000","libelle_territoire":"Saint-Crépin-aux-Bois (commune non irisée)"}},
{"type":"Feature","geometry":{"type":"Polygon","coordinates":[[[2.06302,49.2438],[2.07769,49.24854],[2.08061,49.24439],[2.08642,49.2454],[2.0923,49.23927],[2.09261,49.24203],[2.09388,49.2688],[2.09709,49.27665],[2.0906,49.27751],[2.08361,49.28378],[2.0732,49.28508],[2.07185,49.29613],[2.07117,49.29456],[2.06638,49.29703],[2.05636,49.29138],[2.05283,49.29386],[2.04567,49.28669],[2.0461,49.27719],[2.03584,49.27149],[2.03902,49.26916],[2.03685,49.26468],[2.0455,49.26457],[2.04398,49.25672],[2.03764,49.25392],[2.03776,49.25103],[2.03311,49.25466],[2.0301,49.24945],[2.02401,49.24766],[2.02564,49.24363],[2.04712,49.24043],[2.06302,49.2438]]]},"properties":{"code_territoire":"iris605700000","libelle_territoire":"Saint-Crépin-Ibouvillers (commune non irisée)"}},
{"type":"Feature","geometry":{"type":"Polygon","coordinates":[[[1.84488,49.59823],[1.85407,49.59001],[1.86775,49.5966],[1.86885,49.59447],[1.87161,49.60286],[1.88283,49.61479],[1.88012,49.61696],[1.87285,49.61693],[1.86557,49.62467],[1.85737,49.61758],[1.85301,49.603],[1.84488,49.59823]]]},"properties":{"code_territoire":"iris605710000","libelle_territoire":"Saint-Deniscourt (commune non irisée)"}},
{"type":"Feature","geometry":{"type":"Polygon","coordinates":[[[3.00165,49.34028],[3.0126,49.33714],[3.02058,49.34188],[3.01626,49.34281],[3.02319,49.34959],[3.0245,49.36053],[3.0287,49.36542],[3.02447,49.36713],[3.02835,49.37488],[3.02349,49.37821],[3.00985,49.37838],[2.99669,49.37102],[2.98712,49.37091],[2.9923,49.3605],[3.00881,49.35536],[2.99668,49.34987],[3.00099,49.34694],[3.00977,49.3485],[3.00165,49.34028]]]},"properties":{"code_territoire":"iris605720000","libelle_territoire":"Saint-Étienne-Roilaye (commune non irisée)"}},
{"type":"Feature","geometry":{"type":"Polygon","coordinates":[[[2.73905,49.27573],[2.74626,49.26693],[2.73879,49.2627],[2.74566,49.25713],[2.74848,49.25915],[2.7538,49.25666],[2.75661,49.2512],[2.76006,49.251],[2.7655,49.25192],[2.77486,49.24417],[2.78321,49.25074],[2.79111,49.25178],[2.79156,49.25576],[2.80017,49.25615],[2.8023,49.27066],[2.79161,49.27423],[2.77769,49.27338],[2.77767,49.27574],[2.78427,49.27606],[2.78075,49.27766],[2.78689,49.2893],[2.79603,49.29936],[2.78816,49.30261],[2.78372,49.29711],[2.7629,49.29566],[2.7533,49.28852],[2.74682,49.27507],[2.73905,49.27573]]]},"properties":{"code_territoire":"iris604470000","libelle_territoire":"Néry (commune non irisée)"}},
{"type":"Feature","geometry":{"type":"Polygon","coordinates":[[[3.05621,49.10194],[3.07656,49.12197],[3.06571,49.12902],[3.05424,49.12912],[3.05547,49.12761],[3.04385,49.12233],[3.04468,49.12471],[3.03745,49.12821],[3.04083,49.12575],[3.03808,49.11929],[3.02901,49.11495],[3.03495,49.11016],[3.03722,49.10301],[3.04682,49.10491],[3.05621,49.10194]]]},"properties":{"code_territoire":"iris604480000","libelle_territoire":"Neufchelles (commune non irisée)"}},
{"type":"Feature","geometry":{"type":"Polygon","coordinates":[[[2.63935,49.5198],[2.64886,49.51893],[2.63678,49.50432],[2.63867,49.49328],[2.65711,49.49083],[2.653,49.48931],[2.6599,49.48725],[2.66385,49.49513],[2.66895,49.4937],[2.66992,49.49771],[2.66227,49.50524],[2.66361,49.51312],[2.67151,49.514],[2.66597,49.5142],[2.65851,49.5203],[2.6675,49.52564],[2.66369,49.52958],[2.66448,49.53152],[2.67004,49.53034],[2.67097,49.53307],[2.66754,49.53417],[2.65657,49.53194],[2.65377,49.52729],[2.64663,49.52791],[2.64536,49.52126],[2.64,49.52319],[2.63935,49.5198]]]},"properties":{"code_territoire":"iris604490000","libelle_territoire":"Neufvy-sur-Aronde (commune non irisée)"}},
{"type":"Feature","geometry":{"type":"Polygon","coordinates":[[[2.24373,49.59091],[2.24753,49.58686],[2.23168,49.58175],[2.23387,49.5778],[2.23042,49.56497],[2.23593,49.56302],[2.23314,49.55764],[2.2463,49.55386],[2.25939,49.56468],[2.25685,49.57123],[2.26138,49.57398],[2.26523,49.57108],[2.27273,49.57284],[2.27383,49.57534],[2.26777,49.58812],[2.25688,49.59541],[2.25017,49.5956],[2.24373,49.59091]]]},"properties":{"code_territoire":"iris605730000","libelle_territoire":"Sainte-Eusoye (commune non irisée)"}},
{"type":"Feature","geometry":{"type":"Polygon","coordinates":[[[2.26989,49.34529],[2.28668,49.34068],[2.2996,49.34912],[2.2983,49.35997],[2.29469,49.37052],[2.28773,49.3645],[2.28637,49.36726],[2.28951,49.36878],[2.28288,49.36913],[2.28341,49.36505],[2.27875,49.36902],[2.27014,49.35984],[2.27295,49.35122],[2.26989,49.34529]]]},"properties":{"code_territoire":"iris605740000","libelle_territoire":"Saint-Félix (commune non irisée)"}},
{"type":"Feature","geometry":{"type":"Polygon","coordinates":[[[2.17877,49.28691],[2.18588,49.28461],[2.18645,49.27675],[2.20418,49.27017],[2.20459,49.27753],[2.21346,49.28373],[2.22255,49.28011],[2.23014,49.28693],[2.22342,49.28796],[2.21574,49.29578],[2.20727,49.29419],[2.20868,49.29887],[2.19759,49.304],[2.19301,49.30112],[2.17511,49.30229],[2.17093,49.29004],[2.17877,49.28691]]]},"properties":{"code_territoire":"iris605750000","libelle_territoire":"Sainte-Geneviève (commune non irisée)"}},
{"type":"Feature","geometry":{"type":"Polygon","coordinates":[[[1.98396,49.45374],[1.97186,49.45243],[1.96859,49.45415],[1.95928,49.44678],[1.95537,49.44739],[1.95452,49.4414],[1.94802,49.43833],[1.94897,49.43283],[1.95362,49.42762],[1.96201,49.42692],[1.97024,49.43734],[1.97888,49.43572],[2.00003,49.44168],[2.00245,49.44323],[1.99796,49.44678],[1.98396,49.45374]]]},"properties":{"code_territoire":"iris605760000","libelle_territoire":"Saint-Germain-la-Poterie (commune non irisée)"}},
{"type":"Feature","geometry":{"type":"Polygon","coordinates":[[[1.76598,49.46602],[1.74794,49.45982],[1.75211,49.45354],[1.73999,49.44909],[1.74434,49.44259],[1.7407,49.44054],[1.74808,49.43807],[1.74972,49.43078],[1.7801,49.42705],[1.78722,49.42829],[1.79759,49.42442],[1.78977,49.41552],[1.80191,49.41031],[1.81438,49.4167],[1.81523,49.41832],[1.80888,49.41903],[1.81179,49.4216],[1.81072,49.42915],[1.82178,49.44908],[1.79898,49.45406],[1.79953,49.45601],[1.77986,49.46416],[1.76598,49.46602]]]},"properties":{"code_territoire":"iris605770000","libelle_territoire":"Saint-Germer-de-Fly (commune non irisée)"}},
{"type":"Feature","geometry":{"type":"Polygon","coordinates":[[[2.30241,49.20788],[2.30136,49.22176],[2.29729,49.2227],[2.2922,49.23428],[2.30429,49.24461],[2.29883,49.25084],[2.30502,49.25369],[2.30073,49.25676],[2.28954,49.25439],[2.27234,49.25592],[2.26507,49.25071],[2.26791,49.236],[2.25983,49.22577],[2.25456,49.22699],[2.25456,49.22235],[2.24954,49.22144],[2.24877,49.21428],[2.2498,49.21224],[2.25732,49.21276],[2.25705,49.20843],[2.27369,49.20802],[2.2753,49.2029],[2.28055,49.20485],[2.28184,49.19958],[2.28451,49.19909],[2.28581,49.2028],[2.28656,49.2069],[2.29488,49.20389],[2.29446,49.20677],[2.30241,49.20788]]]},"properties":{"code_territoire":"iris604500000","libelle_territoire":"Neuilly-en-Thelle (commune non irisée)"}},
{"type":"Feature","geometry":{"type":"Polygon","coordinates":[[[2.3947,49.36678],[2.3905,49.36596],[2.38836,49.36991],[2.37958,49.36649],[2.38508,49.34936],[2.38018,49.34646],[2.38499,49.3421],[2.38154,49.34083],[2.38626,49.33613],[2.39511,49.33824],[2.39941,49.33676],[2.40377,49.34015],[2.41454,49.33596],[2.42328,49.33648],[2.42119,49.34308],[2.43127,49.34577],[2.42372,49.35427],[2.41461,49.35176],[2.40593,49.35398],[2.40668,49.35917],[2.39272,49.364],[2.3947,49.36678]]]},"properties":{"code_territoire":"iris604510000","libelle_territoire":"Neuilly-sous-Clermont (commune non irisée)"}},
{"type":"Feature","geometry":{"type":"Polygon","coordinates":[[[2.03824,49.19238],[2.03935,49.20256],[2.03521,49.20381],[2.03523,49.21354],[2.02238,49.21843],[2.01754,49.21361],[2.01026,49.21497],[1.99365,49.21218],[1.98856,49.20959],[1.9906,49.20577],[1.98908,49.20109],[1.98207,49.19729],[1.98422,49.19589],[1.99974,49.19279],[2.00415,49.19575],[2.02178,49.18881],[2.03357,49.1881],[2.03824,49.19238]]]},"properties":{"code_territoire":"iris604520000","libelle_territoire":"Neuville-Bosc (commune non irisée)"}},
{"type":"Feature","geometry":{"type":"Polygon","coordinates":[[[2.34828,49.3594],[2.35437,49.36088],[2.35763,49.36723],[2.37369,49.36755],[2.38069,49.37288],[2.37693,49.37301],[2.37627,49.37674],[2.371,49.37688],[2.36874,49.3809],[2.36219,49.38015],[2.3632,49.38179],[2.35652,49.37801],[2.35895,49.38091],[2.35438,49.38038],[2.34897,49.38602],[2.35152,49.39015],[2.36229,49.39041],[2.36894,49.40635],[2.37492,49.40856],[2.37281,49.41099],[2.35716,49.41486],[2.34591,49.41561],[2.34704,49.40924],[2.33502,49.40722],[2.31632,49.41107],[2.31513,49.4053],[2.30558,49.40597],[2.30563,49.40311],[2.30165,49.40427],[2.29828,49.40227],[2.29673,49.40399],[2.29542,49.39788],[2.29312,49.39946],[2.27815,49.39503],[2.2798,49.38885],[2.27645,49.38791],[2.27875,49.36902],[2.28341,49.36505],[2.28288,49.36913],[2.28951,49.36878],[2.28637,49.36726],[2.28773,49.3645],[2.29469,49.37052],[2.2983,49.35997],[2.30815,49.36755],[2.3119,49.36593],[2.32119,49.3703],[2.31937,49.37199],[2.3248,49.37266],[2.33376,49.36701],[2.3434,49.3653],[2.33829,49.36127],[2.34278,49.36444],[2.34828,49.3594]]]},"properties":{"code_territoire":"iris604540000","libelle_territoire":"La Neuville-en-Hez (commune non irisée)"}},
{"type":"Feature","geometry":{"type":"Polygon","coordinates":[[[2.76559,49.31137],[2.75474,49.3127],[2.75683,49.31123],[2.7533,49.28852],[2.7629,49.29566],[2.78372,49.29711],[2.78816,49.30261],[2.77404,49.30782],[2.76559,49.31137]]]},"properties":{"code_territoire":"iris605780000","libelle_territoire":"Saintines (commune non irisée)"}},
{"type":"Feature","geometry":{"type":"Polygon","coordinates":[[[2.84371,49.34909],[2.84739,49.32544],[2.85242,49.32883],[2.85847,49.32704],[2.87983,49.3316],[2.88178,49.33565],[2.88899,49.338],[2.89334,49.33515],[2.90667,49.34188],[2.91275,49.33607],[2.9206,49.33459],[2.92985,49.33807],[2.93057,49.3305],[2.93598,49.32893],[2.93934,49.34271],[2.92641,49.36887],[2.89238,49.36816],[2.84127,49.36734],[2.84371,49.34909]]]},"properties":{"code_territoire":"iris605790000","libelle_territoire":"Saint-Jean-aux-Bois (commune non irisée)"}},
{"type":"Feature","geometry":{"type":"Polygon","coordinates":[[[2.40853,49.53608],[2.39964,49.53486],[2.3966,49.53212],[2.39918,49.53089],[2.39431,49.53011],[2.4094,49.52071],[2.40235,49.51399],[2.4047,49.51296],[2.39373,49.50716],[2.39723,49.5006],[2.38612,49.49591],[2.38411,49.4925],[2.39118,49.49246],[2.39229,49.48967],[2.40295,49.49179],[2.40233,49.4901],[2.41221,49.48866],[2.42832,49.49524],[2.43319,49.49215],[2.44346,49.49456],[2.44093,49.50376],[2.44484,49.51093],[2.44,49.51616],[2.43516,49.52382],[2.43173,49.52429],[2.43148,49.53555],[2.42822,49.53422],[2.42763,49.5364],[2.41975,49.53779],[2.41001,49.53419],[2.40853,49.53608]]]},"properties":{"code_territoire":"iris605810000","libelle_territoire":"Saint-Just-en-Chaussée (commune non irisée)"}},
{"type":"Feature","geometry":{"type":"Polygon","coordinates":[[[2.97603,49.48919],[2.96377,49.49293],[2.94999,49.48891],[2.94313,49.48977],[2.94211,49.48762],[2.93431,49.49262],[2.93114,49.47832],[2.93629,49.47005],[2.94153,49.45891],[2.97008,49.4702],[2.97603,49.48919]]]},"properties":{"code_territoire":"iris605820000","libelle_territoire":"Saint-Léger-aux-Bois (commune non irisée)"}},
{"type":"Feature","geometry":{"type":"Polygon","coordinates":[[[2.04829,49.3854],[2.04649,49.38858],[2.03589,49.39208],[2.03064,49.39318],[2.02628,49.39967],[2.02248,49.39774],[2.01637,49.40076],[2.00624,49.39361],[2.00221,49.39117],[2.00425,49.38925],[2.01577,49.3845],[2.02048,49.38547],[2.03204,49.37415],[2.04829,49.3854]]]},"properties":{"code_territoire":"iris605830000","libelle_territoire":"Saint-Léger-en-Bray (commune non irisée)"}},
{"type":"Feature","geometry":{"type":"Polygon","coordinates":[[[2.42295,49.21365],[2.43231,49.22498],[2.44308,49.23087],[2.45364,49.24533],[2.44157,49.24505],[2.44331,49.24016],[2.43907,49.24072],[2.43677,49.23753],[2.41674,49.24234],[2.40706,49.24205],[2.40933,49.23712],[2.39705,49.24065],[2.39488,49.2367],[2.37897,49.23725],[2.37211,49.24059],[2.35936,49.23969],[2.36447,49.23321],[2.37851,49.22954],[2.38285,49.22594],[2.39517,49.22405],[2.40267,49.2167],[2.40094,49.2117],[2.40567,49.20638],[2.39781,49.20459],[2.41574,49.20566],[2.42295,49.21365]]]},"properties":{"code_territoire":"iris605840000","libelle_territoire":"Saint-Leu-d'Esserent (commune non irisée)"}},
{"type":"Feature","geometry":{"type":"Polygon","coordinates":[[[2.56068,49.46215],[2.57884,49.45823],[2.58373,49.46113],[2.5835,49.45715],[2.59067,49.45784],[2.59944,49.47397],[2.61209,49.48074],[2.60947,49.49137],[2.60266,49.49354],[2.60141,49.49744],[2.59997,49.49559],[2.59235,49.49686],[2.59426,49.50112],[2.5828,49.49907],[2.57376,49.49295],[2.56813,49.49178],[2.57033,49.49497],[2.5558,49.49025],[2.55185,49.48594],[2.5618,49.47577],[2.56068,49.46215]]]},"properties":{"code_territoire":"iris604560000","libelle_territoire":"La Neuville-Roy (commune non irisée)"}},
{"type":"Feature","geometry":{"type":"Polygon","coordinates":[[[2.18157,49.52599],[2.18707,49.51897],[2.1899,49.51862],[2.19058,49.52248],[2.19791,49.52017],[2.21018,49.5258],[2.21439,49.53522],[2.20219,49.53273],[2.19777,49.53586],[2.19827,49.54432],[2.19216,49.54701],[2.18521,49.54661],[2.18217,49.53373],[2.1847,49.52699],[2.18157,49.52599]]]},"properties":{"code_territoire":"iris604570000","libelle_territoire":"La Neuville-Saint-Pierre (commune non irisée)"}},
{"type":"Feature","geometry":{"type":"Polygon","coordinates":[[[2.00828,49.55791],[2.01062,49.55759],[2.01659,49.56314],[2.02811,49.56412],[2.02666,49.56962],[2.03233,49.57179],[2.03362,49.5781],[2.0306,49.57965],[2.02397,49.57568],[2.00421,49.57645],[1.98699,49.56514],[1.99111,49.56267],[1.99656,49.56604],[2.00698,49.56711],[2.01035,49.56313],[2.00251,49.56171],[2.00828,49.55791]]]},"properties":{"code_territoire":"iris604580000","libelle_territoire":"La Neuville-sur-Oudeuil (commune non irisée)"}},
{"type":"Feature","geometry":{"type":"Polygon","coordinates":[[[2.53171,49.5143],[2.54522,49.51403],[2.55671,49.51501],[2.55573,49.51858],[2.56309,49.51852],[2.56514,49.52234],[2.56905,49.51401],[2.56646,49.51175],[2.58302,49.51079],[2.58147,49.51582],[2.5844,49.51632],[2.58393,49.51878],[2.59412,49.51767],[2.59464,49.52202],[2.58807,49.5225],[2.58833,49.52881],[2.58355,49.53263],[2.58227,49.52898],[2.57474,49.53368],[2.57384,49.53176],[2.5677,49.53855],[2.56016,49.53434],[2.5589,49.5357],[2.55313,49.54151],[2.54092,49.54503],[2.54925,49.53638],[2.53652,49.53321],[2.5352,49.52421],[2.52594,49.51788],[2.53171,49.5143]]]},"properties":{"code_territoire":"iris605850000","libelle_territoire":"Saint-Martin-aux-Bois (commune non irisée)"}},
{"type":"Feature","geometry":{"type":"Polygon","coordinates":[[[2.07219,49.40696],[2.06431,49.41115],[2.05795,49.41084],[2.05808,49.4083],[2.03589,49.39208],[2.04649,49.38858],[2.04829,49.3854],[2.04967,49.38443],[2.05838,49.38276],[2.06885,49.38622],[2.07901,49.39898],[2.07219,49.40696]]]},"properties":{"code_territoire":"iris605860000","libelle_territoire":"Saint-Martin-le-Nœud (commune non irisée)"}},
{"type":"Feature","geometry":{"type":"Polygon","coordinates":[[[2.60336,49.33322],[2.60776,49.33871],[2.61012,49.34239],[2.60741,49.3419],[2.60757,49.34699],[2.61648,49.35121],[2.61452,49.35427],[2.61433,49.35661],[2.60515,49.3552],[2.6026,49.35472],[2.60158,49.35908],[2.58835,49.35799],[2.58581,49.34587],[2.59301,49.34315],[2.58937,49.33941],[2.60336,49.33322]]]},"properties":{"code_territoire":"iris605870000","libelle_territoire":"Saint-Martin-Longueau (commune non irisée)"}},
{"type":"Feature","geometry":{"type":"Polygon","coordinates":[[[1.89055,49.62992],[1.89275,49.62611],[1.9039,49.62251],[1.90061,49.61202],[1.92087,49.60184],[1.92323,49.598],[1.92756,49.59973],[1.9249,49.60522],[1.94692,49.60979],[1.94398,49.6183],[1.94645,49.62299],[1.94014,49.625],[1.9381,49.62952],[1.93334,49.62937],[1.925,49.62437],[1.91591,49.62664],[1.91416,49.62221],[1.90413,49.63119],[1.90058,49.63351],[1.89055,49.62992]]]},"properties":{"code_territoire":"iris605880000","libelle_territoire":"Saint-Maur (commune non irisée)"}},
{"type":"Feature","geometry":{"type":"Polygon","coordinates":[[[2.45364,49.24533],[2.44308,49.23087],[2.43231,49.22498],[2.42295,49.21365],[2.42855,49.21134],[2.44541,49.21142],[2.46307,49.20861],[2.46106,49.20256],[2.46931,49.20334],[2.48474,49.21599],[2.48601,49.21974],[2.47266,49.22191],[2.4736,49.22724],[2.48258,49.22575],[2.48754,49.23676],[2.47419,49.2407],[2.47459,49.24366],[2.4706,49.24491],[2.46555,49.24019],[2.4592,49.24191],[2.46729,49.24506],[2.4572,49.24501],[2.45536,49.24993],[2.45364,49.24533]]]},"properties":{"code_territoire":"iris605890000","libelle_territoire":"Saint-Maximin (commune non irisée)"}},
{"type":"Feature","geometry":{"type":"Polygon","coordinates":[[[1.97077,49.54108],[1.9792,49.53506],[1.97952,49.52995],[1.98301,49.52618],[1.99011,49.52549],[1.99183,49.51977],[1.99648,49.51778],[1.99498,49.5155],[2.0072,49.51519],[2.02105,49.51876],[2.0273,49.52625],[2.03065,49.52554],[2.02593,49.52886],[2.0325,49.53511],[2.01019,49.54452],[2.0074,49.55162],[2.01062,49.55759],[2.00828,49.55791],[1.99914,49.54825],[1.98707,49.54235],[1.9767,49.54382],[1.97077,49.54108]]]},"properties":{"code_territoire":"iris605900000","libelle_territoire":"Saint-Omer-en-Chaussée (commune non irisée)"}},
{"type":"Feature","geometry":{"type":"Polygon","coordinates":[[[2.72906,49.54948],[2.73017,49.55121],[2.73915,49.55006],[2.76058,49.54286],[2.76599,49.54921],[2.75434,49.55249],[2.75246,49.55712],[2.74597,49.55615],[2.72869,49.55945],[2.72453,49.55851],[2.72444,49.55283],[2.72906,49.54948]]]},"properties":{"code_territoire":"iris604590000","libelle_territoire":"La Neuville-sur-Ressons (commune non irisée)"}},
{"type":"Feature","geometry":{"type":"Polygon","coordinates":[[[1.98377,49.48427],[1.98416,49.48936],[1.98997,49.4945],[1.97822,49.5002],[1.97343,49.49461],[1.96977,49.49855],[1.95419,49.49422],[1.94687,49.48914],[1.93807,49.48919],[1.94532,49.48171],[1.94639,49.48319],[1.94777,49.4805],[1.96108,49.47972],[1.96303,49.48371],[1.98377,49.48427]]]},"properties":{"code_territoire":"iris604600000","libelle_territoire":"La Neuville-Vault (commune non irisée)"}},
{"type":"Feature","geometry":{"type":"Polygon","coordinates":[[[2.16597,49.46838],[2.15571,49.45966],[2.15341,49.45241],[2.15657,49.44829],[2.14409,49.44547],[2.14891,49.43512],[2.15339,49.43511],[2.17664,49.43491],[2.17805,49.44152],[2.18704,49.4578],[2.18884,49.46536],[2.16597,49.46838]]]},"properties":{"code_territoire":"iris604610000","libelle_territoire":"Nivillers (commune non irisée)"}},
{"type":"Feature","geometry":{"type":"Polygon","coordinates":[[[2.19759,49.304],[2.20235,49.31005],[2.22226,49.32243],[2.20764,49.33693],[2.20689,49.34226],[2.19478,49.34008],[2.19358,49.33014],[2.18288,49.3256],[2.1626,49.31043],[2.16561,49.30462],[2.16886,49.30443],[2.17511,49.30229],[2.19301,49.30112],[2.19759,49.304]]]},"properties":{"code_territoire":"iris604620000","libelle_territoire":"Noailles (commune non irisée)"}},
{"type":"Feature","geometry":{"type":"Polygon","coordinates":[[[2.45656,49.28882],[2.4433,49.28089],[2.43309,49.28393],[2.43535,49.28111],[2.44555,49.26891],[2.45612,49.26546],[2.45664,49.26804],[2.46192,49.27815],[2.46901,49.28681],[2.45656,49.28882]]]},"properties":{"code_territoire":"iris604630101","libelle_territoire":"Saulcy-Commanderie-Fonds de Nogent"}},
{"type":"Feature","geometry":{"type":"Polygon","coordinates":[[[1.94904,49.43187],[1.94619,49.42718],[1.95273,49.42335],[1.95151,49.41911],[1.96237,49.41487],[1.96773,49.42239],[1.97096,49.42236],[1.96959,49.41695],[1.98047,49.41557],[1.98847,49.41964],[2.00451,49.41699],[2.01332,49.41896],[2.01386,49.42495],[2.02175,49.43397],[2.00003,49.44168],[1.97888,49.43572],[1.97024,49.43734],[1.96201,49.42692],[1.95362,49.42762],[1.94897,49.43283],[1.94904,49.43187]]]},"properties":{"code_territoire":"iris605910000","libelle_territoire":"Saint-Paul (commune non irisée)"}},
{"type":"Feature","geometry":{"type":"Polygon","coordinates":[[[1.73999,49.44909],[1.73255,49.44046],[1.72453,49.44124],[1.72843,49.43656],[1.72265,49.43286],[1.72083,49.42423],[1.72425,49.42228],[1.71647,49.41704],[1.71397,49.40689],[1.71649,49.40334],[1.73309,49.40724],[1.74049,49.40559],[1.74549,49.40915],[1.75907,49.40994],[1.76695,49.42315],[1.77039,49.42226],[1.77308,49.42568],[1.77779,49.42492],[1.7801,49.42705],[1.74972,49.43078],[1.74808,49.43807],[1.7407,49.44054],[1.74434,49.44259],[1.73999,49.44909]]]},"properties":{"code_territoire":"iris605920000","libelle_territoire":"Saint-Pierre-es-Champs (commune non irisée)"}},
{"type":"Feature","geometry":{"type":"Polygon","coordinates":[[[3.0941,49.42098],[3.09314,49.43263],[3.10051,49.4393],[3.10051,49.43951],[3.07381,49.44129],[3.07447,49.4389],[3.07085,49.43848],[3.07023,49.43356],[3.07901,49.42953],[3.07107,49.42344],[3.07209,49.42091],[3.0941,49.42098]]]},"properties":{"code_territoire":"iris605930000","libelle_territoire":"Saint-Pierre-lès-Bitry (commune non irisée)"}},
{"type":"Feature","geometry":{"type":"Polygon","coordinates":[[[1.74488,49.53955],[1.74786,49.53745],[1.74183,49.53303],[1.74594,49.53135],[1.7403,49.52564],[1.73532,49.52495],[1.7409,49.51913],[1.7376,49.51998],[1.72153,49.51113],[1.71646,49.50377],[1.7252,49.5031],[1.72534,49.49967],[1.73976,49.49998],[1.7451,49.48887],[1.75264,49.49734],[1.74852,49.50381],[1.75631,49.5053],[1.75869,49.51109],[1.76681,49.50945],[1.76824,49.51209],[1.75484,49.51685],[1.75492,49.52176],[1.76655,49.53351],[1.77572,49.53786],[1.76962,49.54168],[1.77343,49.54562],[1.75355,49.54958],[1.74768,49.5465],[1.74488,49.53955]]]},"properties":{"code_territoire":"iris605940000","libelle_territoire":"Saint-Quentin-des-Prés (commune non irisée)"}},
{"type":"Feature","geometry":{"type":"Polygon","coordinates":[[[2.46901,49.28681],[2.46192,49.27815],[2.464,49.27632],[2.46746,49.27341],[2.47265,49.26838],[2.47416,49.2732],[2.48276,49.27873],[2.48488,49.27987],[2.47333,49.28517],[2.46901,49.28681]]]},"properties":{"code_territoire":"iris604630202","libelle_territoire":"Centre Ville"}},
{"type":"Feature","geometry":{"type":"Polygon","coordinates":[[[2.46192,49.27815],[2.45664,49.26804],[2.46132,49.27051],[2.46475,49.27211],[2.4609,49.27383],[2.464,49.27632],[2.46192,49.27815]]]},"properties":{"code_territoire":"iris604630301","libelle_territoire":"Les Coteaux"}},
{"type":"Feature","geometry":{"type":"Polygon","coordinates":[[[2.46746,49.27341],[2.464,49.27632],[2.4609,49.27383],[2.46475,49.27211],[2.46746,49.27341]]]},"properties":{"code_territoire":"iris604630302","libelle_territoire":"L'Obier"}},
{"type":"Feature","geometry":{"type":"Polygon","coordinates":[[[2.46832,49.26588],[2.46528,49.27031],[2.46132,49.27051],[2.45664,49.26804],[2.45612,49.26546],[2.46024,49.26408],[2.46832,49.26588]]]},"properties":{"code_territoire":"iris604630401","libelle_territoire":"Les Granges"}},
{"type":"Feature","geometry":{"type":"Polygon","coordinates":[[[2.47358,49.26599],[2.47265,49.26838],[2.46746,49.27341],[2.46475,49.27211],[2.46132,49.27051],[2.46528,49.27031],[2.46832,49.26588],[2.47358,49.26599]]]},"properties":{"code_territoire":"iris604630402","libelle_territoire":"Le Parc Hébert"}},
{"type":"Feature","geometry":{"type":"Polygon","coordinates":[[[2.48461,49.26891],[2.48611,49.27466],[2.48276,49.27873],[2.47416,49.2732],[2.47265,49.26838],[2.47358,49.26599],[2.48461,49.26891]]]},"properties":{"code_territoire":"iris604630501","libelle_territoire":"Carnot"}},
{"type":"Feature","geometry":{"type":"Polygon","coordinates":[[[2.48488,49.27987],[2.48276,49.27873],[2.48611,49.27466],[2.48461,49.26891],[2.48874,49.26562],[2.49559,49.27459],[2.49591,49.27484],[2.48488,49.27987]]]},"properties":{"code_territoire":"iris604630602","libelle_territoire":"Zone Industrielle"}},
{"type":"Feature","geometry":{"type":"Polygon","coordinates":[[[2.48518,49.35956],[2.49776,49.37816],[2.50204,49.37885],[2.50654,49.39425],[2.51338,49.40131],[2.50123,49.40407],[2.49211,49.3988],[2.47755,49.40067],[2.47573,49.396],[2.48078,49.3948],[2.46756,49.38063],[2.4685,49.36924],[2.47226,49.36842],[2.46916,49.36235],[2.47354,49.35911],[2.48518,49.35956]]]},"properties":{"code_territoire":"iris604640000","libelle_territoire":"Nointel (commune non irisée)"}},
{"type":"Feature","geometry":{"type":"Polygon","coordinates":[[[2.19216,49.54701],[2.19827,49.54432],[2.19777,49.53586],[2.20219,49.53273],[2.21439,49.53522],[2.22644,49.54647],[2.23124,49.54287],[2.23844,49.54256],[2.2463,49.55386],[2.23314,49.55764],[2.23313,49.55346],[2.22028,49.55039],[2.19917,49.56138],[2.19735,49.55947],[2.19393,49.56068],[2.18805,49.55117],[2.19078,49.54767],[2.19216,49.54701]]]},"properties":{"code_territoire":"iris604650000","libelle_territoire":"Noirémont (commune non irisée)"}},
{"type":"Feature","geometry":{"type":"Polygon","coordinates":[[[2.39152,49.48228],[2.39771,49.4814],[2.39659,49.47892],[2.40431,49.47159],[2.40077,49.47012],[2.40678,49.46168],[2.40515,49.45577],[2.42113,49.4602],[2.43493,49.45559],[2.44467,49.45795],[2.45009,49.45621],[2.4546,49.45991],[2.45645,49.4655],[2.4507,49.46667],[2.45571,49.47211],[2.43921,49.47869],[2.41792,49.48269],[2.41872,49.48495],[2.41409,49.48352],[2.40585,49.48542],[2.40734,49.48689],[2.4022,49.48867],[2.39413,49.4875],[2.39153,49.48259],[2.39152,49.48228]]]},"properties":{"code_territoire":"iris605950000","libelle_territoire":"Saint-Remy-en-l'Eau (commune non irisée)"}},
{"type":"Feature","geometry":{"type":"Polygon","coordinates":[[[1.76264,49.59642],[1.75465,49.60013],[1.75381,49.59789],[1.7442,49.60344],[1.73598,49.60442],[1.72751,49.59957],[1.72401,49.60193],[1.72085,49.59003],[1.72222,49.58905],[1.74381,49.58251],[1.76264,49.59642]]]},"properties":{"code_territoire":"iris605960000","libelle_territoire":"Saint-Samson-la-Poterie (commune non irisée)"}},
{"type":"Feature","geometry":{"type":"Polygon","coordinates":[[[2.77404,49.30782],[2.77942,49.31133],[2.78357,49.30858],[2.79084,49.31431],[2.8031,49.31758],[2.80295,49.3214],[2.83126,49.31803],[2.81966,49.30966],[2.8216,49.30829],[2.83943,49.32459],[2.84739,49.32544],[2.84371,49.34909],[2.75766,49.33133],[2.75444,49.32873],[2.75448,49.32274],[2.76173,49.32208],[2.77234,49.32553],[2.77336,49.31719],[2.76559,49.31137],[2.77404,49.30782]]]},"properties":{"code_territoire":"iris605970000","libelle_territoire":"Saint-Sauveur (commune non irisée)"}},
{"type":"Feature","geometry":{"type":"Polygon","coordinates":[[[2.10413,49.37704],[2.10533,49.37285],[2.11248,49.37053],[2.11042,49.36878],[2.12173,49.3651],[2.1123,49.36311],[2.10759,49.3538],[2.10343,49.35256],[2.1114,49.34728],[2.10458,49.33806],[2.10788,49.32926],[2.10977,49.3269],[2.11754,49.32657],[2.13756,49.33997],[2.14555,49.35042],[2.13012,49.36064],[2.13671,49.37079],[2.13154,49.36704],[2.12735,49.36997],[2.11947,49.36764],[2.10551,49.37763],[2.10413,49.37704]]]},"properties":{"code_territoire":"iris605980000","libelle_territoire":"Saint-Sulpice (commune non irisée)"}},
{"type":"Feature","geometry":{"type":"Polygon","coordinates":[[[1.7953,49.6815],[1.80481,49.68319],[1.80183,49.69013],[1.80899,49.69144],[1.81891,49.68235],[1.8254,49.68324],[1.86399,49.68323],[1.84906,49.70171],[1.83799,49.70897],[1.82462,49.70567],[1.81624,49.70657],[1.79417,49.6993],[1.79286,49.69602],[1.78681,49.69589],[1.7953,49.6815]]]},"properties":{"code_territoire":"iris605990000","libelle_territoire":"Saint-Thibault (commune non irisée)"}},
{"type":"Feature","geometry":{"type":"Polygon","coordinates":[[[2.7533,49.28852],[2.75683,49.31123],[2.75079,49.30932],[2.74018,49.31131],[2.74047,49.3076],[2.73173,49.30643],[2.72855,49.30194],[2.74244,49.28599],[2.73979,49.27947],[2.7437,49.27964],[2.74285,49.27661],[2.73869,49.27623],[2.73905,49.27573],[2.74682,49.27507],[2.7533,49.28852]]]},"properties":{"code_territoire":"iris606000000","libelle_territoire":"Saint-Vaast-de-Longmont (commune non irisée)"}},
{"type":"Feature","geometry":{"type":"Polygon","coordinates":[[[2.52762,49.4357],[2.52875,49.44236],[2.51902,49.4463],[2.52253,49.44976],[2.51682,49.45163],[2.51964,49.45368],[2.51197,49.45434],[2.50923,49.45713],[2.49693,49.4538],[2.49237,49.44066],[2.50167,49.43711],[2.50653,49.42792],[2.51142,49.42898],[2.5221,49.4323],[2.52743,49.43261],[2.52762,49.4357]]]},"properties":{"code_territoire":"iris604660000","libelle_territoire":"Noroy (commune non irisée)"}},
{"type":"Feature","geometry":{"type":"Polygon","coordinates":[[[2.33614,49.49487],[2.34395,49.49073],[2.34337,49.49273],[2.35601,49.48937],[2.35645,49.48222],[2.36487,49.48737],[2.37351,49.48293],[2.38214,49.48689],[2.39229,49.48967],[2.39118,49.49246],[2.38411,49.4925],[2.38612,49.49591],[2.39723,49.5006],[2.39373,49.50716],[2.38143,49.51164],[2.37029,49.51045],[2.36986,49.51328],[2.36255,49.51609],[2.34725,49.51249],[2.34163,49.51456],[2.34447,49.51718],[2.34059,49.51964],[2.33454,49.51046],[2.33855,49.50941],[2.33459,49.50248],[2.34161,49.50466],[2.33228,49.50027],[2.33745,49.49678],[2.33614,49.49487]]]},"properties":{"code_territoire":"iris604680000","libelle_territoire":"Nourard-le-Franc (commune non irisée)"}},
{"type":"Feature","geometry":{"type":"Polygon","coordinates":[[[2.20418,49.27017],[2.20661,49.25387],[2.21997,49.25543],[2.22611,49.25682],[2.228,49.2615],[2.22065,49.26563],[2.22321,49.27109],[2.23064,49.2729],[2.22598,49.27861],[2.23654,49.28223],[2.23014,49.28693],[2.22255,49.28011],[2.21346,49.28373],[2.20459,49.27753],[2.20418,49.27017]]]},"properties":{"code_territoire":"iris604690000","libelle_territoire":"Novillers (commune non irisée)"}},
{"type":"Feature","geometry":{"type":"Polygon","coordinates":[[[2.28848,49.53636],[2.28987,49.53836],[2.28213,49.54624],[2.28859,49.55962],[2.29383,49.5664],[2.28022,49.56531],[2.2747,49.568],[2.27383,49.57534],[2.27273,49.57284],[2.26523,49.57108],[2.26138,49.57398],[2.25685,49.57123],[2.25939,49.56468],[2.2463,49.55386],[2.23844,49.54256],[2.24952,49.53711],[2.23962,49.52545],[2.25284,49.52555],[2.25273,49.52738],[2.25939,49.52591],[2.25914,49.52301],[2.27141,49.52449],[2.27245,49.52924],[2.27681,49.53163],[2.27968,49.5304],[2.28848,49.53636]]]},"properties":{"code_territoire":"iris604700000","libelle_territoire":"Noyers-Saint-Martin (commune non irisée)"}},
{"type":"Feature","geometry":{"type":"Polygon","coordinates":[[[2.98624,49.5828],[2.98621,49.57751],[2.99053,49.57969],[2.98624,49.5828]]]},"properties":{"code_territoire":"iris604710301","libelle_territoire":"Beauséjour"}},
{"type":"Feature","geometry":{"type":"Polygon","coordinates":[[[2.99449,49.57886],[3.00316,49.57775],[3.00456,49.58097],[2.9992,49.58469],[2.99449,49.57886]]]},"properties":{"code_territoire":"iris604710101","libelle_territoire":"Centre Ville"}},
{"type":"Feature","geometry":{"type":"Polygon","coordinates":[[[2.37807,49.26197],[2.38161,49.26038],[2.39784,49.2603],[2.40312,49.258],[2.4055,49.26102],[2.40815,49.2592],[2.40771,49.26108],[2.40002,49.26793],[2.40451,49.27542],[2.41126,49.27499],[2.41753,49.28058],[2.42402,49.27845],[2.43535,49.28111],[2.43309,49.28393],[2.41642,49.28785],[2.40867,49.2962],[2.40098,49.29429],[2.39887,49.29654],[2.39743,49.29028],[2.39157,49.29018],[2.39248,49.28331],[2.38425,49.27964],[2.3774,49.2679],[2.37168,49.26676],[2.37807,49.26197]]]},"properties":{"code_territoire":"iris606010000","libelle_territoire":"Saint-Vaast-lès-Mello (commune non irisée)"}},
{"type":"Feature","geometry":{"type":"Polygon","coordinates":[[[1.71481,49.71383],[1.72238,49.71579],[1.72849,49.71182],[1.74795,49.72573],[1.74289,49.73842],[1.73656,49.73596],[1.73482,49.73771],[1.73567,49.73497],[1.72324,49.73017],[1.71309,49.73418],[1.71481,49.71383]]]},"properties":{"code_territoire":"iris606020000","libelle_territoire":"Saint-Valery (commune non irisée)"}},
{"type":"Feature","geometry":{"type":"Polygon","coordinates":[[[3.02878,49.60535],[3.03082,49.60257],[3.02453,49.59659],[3.02715,49.59484],[3.02038,49.58733],[3.03263,49.58317],[3.03305,49.57894],[3.05167,49.57973],[3.05295,49.57721],[3.04844,49.57346],[3.05474,49.57325],[3.05289,49.57044],[3.06061,49.5701],[3.06268,49.56766],[3.06847,49.57042],[3.06733,49.5725],[3.07081,49.57226],[3.07165,49.57563],[3.06106,49.58655],[3.05105,49.60497],[3.04369,49.60619],[3.04896,49.60337],[3.04312,49.60172],[3.03442,49.60688],[3.02878,49.60535]]]},"properties":{"code_territoire":"iris606030000","libelle_territoire":"Salency (commune non irisée)"}},
{"type":"Feature","geometry":{"type":"Polygon","coordinates":[[[1.89335,49.66131],[1.91182,49.6679],[1.90953,49.67023],[1.89986,49.67962],[1.90347,49.6846],[1.9015,49.68811],[1.88812,49.69149],[1.88105,49.69768],[1.86803,49.7042],[1.84906,49.70171],[1.86399,49.68323],[1.8254,49.68324],[1.82671,49.68041],[1.85402,49.67998],[1.84019,49.67455],[1.84257,49.66872],[1.84956,49.67597],[1.85405,49.67708],[1.85683,49.67363],[1.86133,49.67339],[1.86829,49.66799],[1.87209,49.6692],[1.87761,49.66055],[1.89335,49.66131]]]},"properties":{"code_territoire":"iris606040000","libelle_territoire":"Sarcus (commune non irisée)"}},
{"type":"Feature","geometry":{"type":"Polygon","coordinates":[[[1.90347,49.6846],[1.89986,49.67962],[1.90953,49.67023],[1.91278,49.67129],[1.91485,49.66871],[1.93557,49.67287],[1.93756,49.67643],[1.95298,49.68244],[1.94552,49.68419],[1.93758,49.69124],[1.9214,49.68646],[1.9076,49.68689],[1.90347,49.6846]]]},"properties":{"code_territoire":"iris606050000","libelle_territoire":"Sarnois (commune non irisée)"}},
{"type":"Feature","geometry":{"type":"Polygon","coordinates":[[[2.98987,49.56833],[2.99953,49.57502],[3.01324,49.5775],[3.00829,49.57777],[3.00571,49.58207],[3.0093,49.59103],[3.00583,49.59387],[3.00384,49.58549],[2.99676,49.58866],[2.99384,49.59178],[2.99303,49.58591],[2.98535,49.5905],[2.98187,49.58875],[2.98624,49.5828],[2.99053,49.57969],[2.98621,49.57751],[2.98598,49.57192],[2.9887,49.57257],[2.98987,49.56833]],[[2.99449,49.57886],[2.9992,49.58469],[3.00456,49.58097],[3.00316,49.57775],[2.99449,49.57886]]]},"properties":{"code_territoire":"iris604710201","libelle_territoire":"Ceinture Centre Ville"}},
{"type":"Feature","geometry":{"type":"Polygon","coordinates":[[[3.02715,49.59484],[3.01937,49.59453],[3.01832,49.59214],[3.01844,49.59035],[3.01352,49.58942],[3.01291,49.58511],[3.01957,49.5803],[3.03263,49.58317],[3.02038,49.58733],[3.02715,49.59484]]]},"properties":{"code_territoire":"iris604710401","libelle_territoire":"Mont Saint-Siméon"}},
{"type":"Feature","geometry":{"type":"MultiPolygon","coordinates":[[[[3.03305,49.57894],[3.03263,49.58317],[3.01957,49.5803],[3.01291,49.58511],[3.00891,49.5852],[3.0093,49.59103],[3.00571,49.58207],[3.00829,49.57777],[3.01324,49.5775],[3.03071,49.5787],[3.03305,49.57894]]],[[[3.00583,49.59387],[3.00251,49.58911],[2.99676,49.58866],[3.00384,49.58549],[3.00583,49.59387]]],[[[3.01844,49.59035],[3.01832,49.59214],[3.01463,49.59111],[3.01844,49.59035]]]]},"properties":{"code_territoire":"iris604710501","libelle_territoire":"Zone Est"}},
{"type":"Feature","geometry":{"type":"MultiPolygon","coordinates":[[[[2.98037,49.56368],[2.98598,49.57192],[2.98621,49.57751],[2.98624,49.5828],[2.98187,49.58875],[2.97128,49.57813],[2.97035,49.56926],[2.98037,49.56368]]],[[[2.97996,49.5937],[2.9812,49.59298],[2.98535,49.5905],[2.99303,49.58591],[2.99384,49.59178],[2.99676,49.58866],[3.00251,49.58911],[3.00583,49.59387],[3.0093,49.59103],[3.00891,49.5852],[3.01291,49.58511],[3.01352,49.58942],[3.01844,49.59035],[3.01463,49.59111],[3.01832,49.59214],[3.01937,49.59453],[3.02715,49.59484],[3.02453,49.59659],[3.03082,49.60257],[3.02878,49.60535],[3.00859,49.60824],[3.00494,49.59437],[3.00224,49.59941],[2.98962,49.59516],[2.97996,49.5937]]]]},"properties":{"code_territoire":"iris604710601","libelle_territoire":"Zone Nord-Ouest"}},
{"type":"Feature","geometry":{"type":"Polygon","coordinates":[[[2.14301,49.61718],[2.14725,49.62181],[2.1505,49.62383],[2.15168,49.63507],[2.14243,49.64375],[2.1339,49.64405],[2.13369,49.64579],[2.12797,49.64424],[2.12563,49.63521],[2.12193,49.63395],[2.11851,49.6334],[2.11749,49.62905],[2.12183,49.63021],[2.12455,49.62768],[2.12097,49.626],[2.12593,49.62017],[2.12882,49.62113],[2.13493,49.61946],[2.13444,49.61711],[2.14301,49.61718]]]},"properties":{"code_territoire":"iris606080000","libelle_territoire":"Le Saulchoy (commune non irisée)"}},
{"type":"Feature","geometry":{"type":"Polygon","coordinates":[[[1.99204,49.45868],[1.98679,49.46506],[1.9623,49.47843],[1.95105,49.47419],[1.9467,49.47531],[1.94007,49.47141],[1.93753,49.478],[1.9257,49.47208],[1.93259,49.46864],[1.93029,49.46372],[1.93629,49.46148],[1.93448,49.45275],[1.9383,49.45441],[1.9403,49.44962],[1.94822,49.45019],[1.95537,49.44739],[1.95928,49.44678],[1.96859,49.45415],[1.97186,49.45243],[1.98396,49.45374],[1.99204,49.45868]]]},"properties":{"code_territoire":"iris606090000","libelle_territoire":"Savignies (commune non irisée)"}},
{"type":"Feature","geometry":{"type":"Polygon","coordinates":[[[2.99157,49.54928],[2.9999,49.54888],[2.99391,49.54106],[2.99928,49.54105],[3.00228,49.54694],[3.0172,49.54327],[3.02738,49.54972],[3.0214,49.54885],[3.02022,49.55252],[3.01573,49.55231],[3.01642,49.55543],[3.00374,49.56047],[3.0043,49.56339],[3.00007,49.56335],[2.98831,49.56336],[2.97704,49.55313],[2.98153,49.54823],[2.98294,49.55286],[2.99157,49.54928]]]},"properties":{"code_territoire":"iris606100000","libelle_territoire":"Sempigny (commune non irisée)"}},
{"type":"Feature","geometry":{"type":"Polygon","coordinates":[[[1.82178,49.44908],[1.8225,49.45117],[1.82707,49.45007],[1.84002,49.46455],[1.84853,49.46697],[1.85596,49.47609],[1.85917,49.47882],[1.85397,49.48451],[1.85575,49.48919],[1.86508,49.49944],[1.86851,49.49963],[1.86888,49.51176],[1.85373,49.51261],[1.83559,49.51445],[1.83234,49.50692],[1.82333,49.50115],[1.82353,49.49769],[1.81263,49.49528],[1.81406,49.49041],[1.80932,49.46841],[1.79823,49.46556],[1.79926,49.46249],[1.80373,49.46194],[1.79953,49.45601],[1.79898,49.45406],[1.82178,49.44908]]]},"properties":{"code_territoire":"iris606110000","libelle_territoire":"Senantes (commune non irisée)"}},
{"type":"Feature","geometry":{"type":"Polygon","coordinates":[[[3.03071,49.5787],[3.01324,49.5775],[2.99953,49.57502],[2.98987,49.56833],[3.00004,49.56603],[3.00007,49.56335],[3.0043,49.56339],[3.00374,49.56047],[3.01642,49.55543],[3.01573,49.55231],[3.02022,49.55252],[3.0214,49.54885],[3.02738,49.54972],[3.03726,49.54867],[3.04437,49.55534],[3.02594,49.56631],[3.02678,49.57048],[3.03381,49.57122],[3.03071,49.5787]]]},"properties":{"code_territoire":"iris604710701","libelle_territoire":"Zone Sud"}},
{"type":"Feature","geometry":{"type":"Polygon","coordinates":[[[2.59072,49.20809],[2.57847,49.20647],[2.58145,49.20205],[2.59824,49.20212],[2.59467,49.20578],[2.59072,49.20809]]]},"properties":{"code_territoire":"iris606120101","libelle_territoire":"Centre Ville"}},
{"type":"Feature","geometry":{"type":"Polygon","coordinates":[[[2.56555,49.2581],[2.54873,49.25054],[2.55377,49.24446],[2.56764,49.24267],[2.56377,49.23659],[2.571,49.23464],[2.56661,49.23039],[2.57456,49.2259],[2.55949,49.21266],[2.5578,49.21089],[2.56511,49.20884],[2.57823,49.20654],[2.57847,49.20647],[2.59072,49.20809],[2.59568,49.21483],[2.58723,49.2308],[2.59514,49.23835],[2.61196,49.24585],[2.58279,49.24594],[2.56555,49.2581]]]},"properties":{"code_territoire":"iris606120201","libelle_territoire":"Villevert"}},
{"type":"Feature","geometry":{"type":"Polygon","coordinates":[[[2.5616,49.20356],[2.57823,49.20654],[2.56511,49.20884],[2.5616,49.20356]]]},"properties":{"code_territoire":"iris606120301","libelle_territoire":"Val d'Aunette-Gatelière"}},
{"type":"Feature","geometry":{"type":"Polygon","coordinates":[[[2.57151,49.18768],[2.58145,49.20205],[2.57847,49.20647],[2.57823,49.20654],[2.5616,49.20356],[2.56166,49.19967],[2.55641,49.19857],[2.56132,49.19525],[2.56004,49.19275],[2.56435,49.19185],[2.56029,49.18852],[2.57151,49.18768]]]},"properties":{"code_territoire":"iris606120401","libelle_territoire":"Brichebay"}},
{"type":"Feature","geometry":{"type":"Polygon","coordinates":[[[2.61294,49.19839],[2.59824,49.20212],[2.58145,49.20205],[2.57151,49.18768],[2.5826,49.18449],[2.57952,49.18003],[2.58484,49.17311],[2.60537,49.17852],[2.61785,49.18943],[2.61766,49.19393],[2.61436,49.19421],[2.61724,49.1978],[2.61294,49.19839]]]},"properties":{"code_territoire":"iris606120501","libelle_territoire":"Jardiniers"}},
{"type":"Feature","geometry":{"type":"Polygon","coordinates":[[[2.60916,49.20941],[2.59467,49.20578],[2.59824,49.20212],[2.61294,49.19839],[2.63361,49.21188],[2.60916,49.20941]]]},"properties":{"code_territoire":"iris606120601","libelle_territoire":"Zone Industrielle"}},
{"type":"Feature","geometry":{"type":"Polygon","coordinates":[[[2.59568,49.21483],[2.59072,49.20809],[2.59467,49.20578],[2.60916,49.20941],[2.60598,49.21351],[2.60101,49.21218],[2.60266,49.21417],[2.59568,49.21483]]]},"properties":{"code_territoire":"iris606120701","libelle_territoire":"Bon Secours"}},
{"type":"Feature","geometry":{"type":"Polygon","coordinates":[[[1.98171,49.26819],[1.99166,49.26067],[1.99812,49.26385],[2.00566,49.26166],[2.00337,49.25118],[2.0076,49.25116],[2.01047,49.24782],[2.02401,49.24766],[2.0301,49.24945],[2.03311,49.25466],[2.03776,49.25103],[2.03764,49.25392],[2.04398,49.25672],[2.0455,49.26457],[2.03685,49.26468],[2.02081,49.26046],[2.01985,49.26381],[2.00823,49.26614],[1.99868,49.26779],[2.00339,49.27379],[1.99036,49.2773],[1.98777,49.27245],[1.98218,49.27425],[1.98,49.27167],[1.9843,49.26959],[1.98171,49.26819]]]},"properties":{"code_territoire":"iris606130000","libelle_territoire":"Senots (commune non irisée)"}},
{"type":"Feature","geometry":{"type":"Polygon","coordinates":[[[1.83178,49.21685],[1.82442,49.21045],[1.82429,49.20187],[1.81459,49.19961],[1.81956,49.19447],[1.81339,49.19451],[1.81013,49.19762],[1.80281,49.18684],[1.79701,49.18523],[1.80308,49.18511],[1.80026,49.18041],[1.81308,49.17834],[1.81178,49.17397],[1.82682,49.17965],[1.83585,49.17641],[1.83642,49.1645],[1.84468,49.17066],[1.84889,49.17059],[1.84911,49.17709],[1.83995,49.18061],[1.8434,49.18276],[1.83923,49.1899],[1.832,49.19165],[1.8239,49.19855],[1.82839,49.20188],[1.83278,49.19909],[1.83957,49.20697],[1.84492,49.20857],[1.85043,49.21357],[1.84516,49.2168],[1.84047,49.21967],[1.84113,49.21626],[1.83178,49.21685]]]},"properties":{"code_territoire":"iris606140000","libelle_territoire":"Serans (commune non irisée)"}},
{"type":"Feature","geometry":{"type":"Polygon","coordinates":[[[2.02819,49.71088],[2.02242,49.7055],[2.02867,49.69974],[2.02567,49.70005],[2.02796,49.69467],[2.02402,49.69337],[2.02996,49.68814],[2.03589,49.68588],[2.04218,49.69022],[2.04827,49.68824],[2.06402,49.68776],[2.05869,49.69148],[2.05939,49.69733],[2.0557,49.69887],[2.04668,49.69688],[2.04655,49.7028],[2.03493,49.70512],[2.03843,49.70664],[2.03468,49.71055],[2.02819,49.71088]]]},"properties":{"code_territoire":"iris604720000","libelle_territoire":"Offoy (commune non irisée)"}},
{"type":"Feature","geometry":{"type":"Polygon","coordinates":[[[2.84829,49.09667],[2.84163,49.10494],[2.83607,49.10637],[2.83063,49.11725],[2.81353,49.11364],[2.81536,49.10621],[2.80921,49.09753],[2.82239,49.08623],[2.833,49.08305],[2.84508,49.08483],[2.84829,49.09667]]]},"properties":{"code_territoire":"iris604730000","libelle_territoire":"Ognes (commune non irisée)"}},
{"type":"Feature","geometry":{"type":"Polygon","coordinates":[[[2.89847,49.6864],[2.90296,49.68047],[2.91401,49.67562],[2.91679,49.67007],[2.93666,49.67417],[2.93474,49.67682],[2.93035,49.67672],[2.938,49.68144],[2.92884,49.68012],[2.92547,49.68301],[2.93,49.68957],[2.91376,49.70431],[2.91348,49.70973],[2.90891,49.70759],[2.91254,49.70424],[2.90566,49.69963],[2.89255,49.69882],[2.8923,49.69263],[2.89847,49.6864]]]},"properties":{"code_territoire":"iris604740000","libelle_territoire":"Ognolles (commune non irisée)"}},
{"type":"Feature","geometry":{"type":"Polygon","coordinates":[[[2.44944,49.6472],[2.44064,49.64378],[2.43894,49.646],[2.42809,49.64463],[2.42022,49.63274],[2.42746,49.62822],[2.42486,49.62296],[2.42881,49.62013],[2.42915,49.61717],[2.43681,49.61844],[2.43225,49.62842],[2.44329,49.63369],[2.44267,49.63733],[2.45265,49.641],[2.44944,49.6472]]]},"properties":{"code_territoire":"iris606150000","libelle_territoire":"Sérévillers (commune non irisée)"}},
{"type":"Feature","geometry":{"type":"Polygon","coordinates":[[[1.75953,49.36822],[1.75973,49.3533],[1.76801,49.33959],[1.77442,49.33709],[1.77078,49.326],[1.79776,49.33037],[1.79919,49.33305],[1.79449,49.33827],[1.80211,49.34626],[1.80605,49.35687],[1.8175,49.35799],[1.82318,49.36871],[1.82894,49.37024],[1.83503,49.3766],[1.83184,49.37993],[1.83324,49.38767],[1.81832,49.38842],[1.81311,49.39343],[1.80102,49.38651],[1.79537,49.37724],[1.79097,49.3801],[1.78012,49.37694],[1.75953,49.36822]]]},"properties":{"code_territoire":"iris606160000","libelle_territoire":"Sérifontaine (commune non irisée)"}},
{"type":"Feature","geometry":{"type":"Polygon","coordinates":[[[2.93984,49.60523],[2.94914,49.59909],[2.95809,49.60665],[2.97276,49.61861],[2.9841,49.62029],[2.96709,49.62176],[2.96436,49.62509],[2.95601,49.62932],[2.95084,49.62651],[2.94612,49.63048],[2.93093,49.62288],[2.94774,49.61281],[2.93984,49.60523]]]},"properties":{"code_territoire":"iris606170000","libelle_territoire":"Sermaize (commune non irisée)"}},
{"type":"Feature","geometry":{"type":"Polygon","coordinates":[[[2.83879,49.24732],[2.85797,49.2439],[2.86482,49.24843],[2.86557,49.25538],[2.87934,49.25328],[2.87936,49.2601],[2.88188,49.26928],[2.86272,49.27172],[2.85801,49.27215],[2.85773,49.26772],[2.849,49.26719],[2.85146,49.26219],[2.84757,49.25857],[2.83907,49.25771],[2.83879,49.24732]]]},"properties":{"code_territoire":"iris606180000","libelle_territoire":"Séry-Magneval (commune non irisée)"}},
{"type":"Feature","geometry":{"type":"Polygon","coordinates":[[[2.78387,49.0889],[2.80921,49.09753],[2.81536,49.10621],[2.81353,49.11364],[2.79866,49.12374],[2.76741,49.12465],[2.75907,49.11412],[2.76786,49.10489],[2.7641,49.1028],[2.78387,49.0889]]]},"properties":{"code_territoire":"iris606190000","libelle_territoire":"Silly-le-Long (commune non irisée)"}},
{"type":"Feature","geometry":{"type":"Polygon","coordinates":[[[2.16291,49.33459],[2.13369,49.32993],[2.13535,49.32805],[2.12245,49.32165],[2.12752,49.31982],[2.12261,49.31728],[2.13929,49.31313],[2.13763,49.29959],[2.1542,49.29463],[2.16094,49.29602],[2.16886,49.30443],[2.16561,49.30462],[2.1626,49.31043],[2.18288,49.3256],[2.17513,49.33642],[2.16291,49.33459]]]},"properties":{"code_territoire":"iris606200000","libelle_territoire":"Silly-Tillard (commune non irisée)"}},
{"type":"Feature","geometry":{"type":"Polygon","coordinates":[[[1.86557,49.62467],[1.85669,49.62344],[1.85482,49.62076],[1.8452,49.62761],[1.83223,49.63429],[1.82624,49.62685],[1.82036,49.6247],[1.80694,49.62633],[1.80534,49.61804],[1.80891,49.61315],[1.80594,49.61176],[1.8098,49.60797],[1.82738,49.61042],[1.84488,49.59823],[1.85301,49.603],[1.85737,49.61758],[1.86557,49.62467]]]},"properties":{"code_territoire":"iris604760000","libelle_territoire":"Omécourt (commune non irisée)"}},
{"type":"Feature","geometry":{"type":"Polygon","coordinates":[[[1.88952,49.40493],[1.89721,49.40201],[1.89259,49.39848],[1.90008,49.39785],[1.91904,49.39274],[1.92124,49.39532],[1.92816,49.40409],[1.95151,49.41911],[1.95273,49.42335],[1.94619,49.42718],[1.94904,49.43187],[1.93946,49.43038],[1.90987,49.44094],[1.90185,49.43247],[1.89081,49.42811],[1.88986,49.42516],[1.89306,49.42423],[1.8973,49.42823],[1.9036,49.42564],[1.90211,49.41882],[1.89495,49.41417],[1.89791,49.41267],[1.88952,49.40493]]]},"properties":{"code_territoire":"iris604770000","libelle_territoire":"Ons-en-Bray (commune non irisée)"}},
{"type":"Feature","geometry":{"type":"Polygon","coordinates":[[[2.89255,49.69882],[2.88352,49.71407],[2.88498,49.70951],[2.86632,49.70265],[2.87007,49.69814],[2.87725,49.69626],[2.87968,49.69017],[2.88706,49.68838],[2.88842,49.68217],[2.89847,49.6864],[2.8923,49.69263],[2.89255,49.69882]]]},"properties":{"code_territoire":"iris606210000","libelle_territoire":"Solente (commune non irisée)"}},
{"type":"Feature","geometry":{"type":"Polygon","coordinates":[[[2.04044,49.66585],[2.03461,49.67376],[2.04855,49.67804],[2.04642,49.68279],[2.05095,49.68634],[2.04827,49.68824],[2.04218,49.69022],[2.03589,49.68588],[2.02996,49.68814],[2.02605,49.68485],[2.02709,49.68064],[2.01197,49.6773],[2.0037,49.67856],[1.98861,49.68893],[1.98355,49.68388],[1.97732,49.68816],[1.96822,49.68307],[1.95429,49.68098],[1.95958,49.66617],[1.97681,49.66764],[2.00143,49.66588],[2.01441,49.6682],[2.01563,49.66449],[2.03069,49.65877],[2.04442,49.65896],[2.04044,49.66585]]]},"properties":{"code_territoire":"iris606220000","libelle_territoire":"Sommereux (commune non irisée)"}},
{"type":"Feature","geometry":{"type":"Polygon","coordinates":[[[1.83142,49.54875],[1.84679,49.54732],[1.85805,49.54148],[1.87012,49.5456],[1.88285,49.56019],[1.88039,49.57382],[1.86818,49.57271],[1.86135,49.58241],[1.85325,49.57987],[1.84562,49.58276],[1.84519,49.5805],[1.83889,49.57937],[1.84016,49.57559],[1.82851,49.57622],[1.81695,49.56572],[1.82684,49.55984],[1.83142,49.54875]]]},"properties":{"code_territoire":"iris606230000","libelle_territoire":"Songeons (commune non irisée)"}},
{"type":"Feature","geometry":{"type":"Polygon","coordinates":[[[1.77343,49.54562],[1.77368,49.54852],[1.79236,49.55448],[1.79127,49.55673],[1.7994,49.56152],[1.79931,49.56964],[1.79008,49.57465],[1.78178,49.57162],[1.78462,49.56909],[1.77812,49.5633],[1.75438,49.55153],[1.75355,49.54958],[1.77343,49.54562]]]},"properties":{"code_territoire":"iris606240000","libelle_territoire":"Sully (commune non irisée)"}},
{"type":"Feature","geometry":{"type":"Polygon","coordinates":[[[2.93032,49.57314],[2.94684,49.57088],[2.95551,49.57178],[2.95248,49.57437],[2.95936,49.57962],[2.95033,49.58889],[2.92938,49.59821],[2.9231,49.59681],[2.92781,49.59254],[2.92255,49.57871],[2.93032,49.57314]]]},"properties":{"code_territoire":"iris606250000","libelle_territoire":"Suzoy (commune non irisée)"}},
{"type":"Feature","geometry":{"type":"Polygon","coordinates":[[[2.96983,49.21041],[2.96471,49.20932],[2.96498,49.20623],[2.96002,49.20396],[2.95274,49.20345],[2.93973,49.19928],[2.94087,49.18964],[2.94828,49.19023],[2.95016,49.18725],[2.96054,49.1859],[2.97161,49.18585],[2.97174,49.18795],[2.96769,49.19195],[2.97392,49.19773],[2.96576,49.20521],[2.9721,49.20831],[2.96983,49.21041]]]},"properties":{"code_territoire":"iris604780000","libelle_territoire":"Ormoy-le-Davien (commune non irisée)"}},
{"type":"Feature","geometry":{"type":"Polygon","coordinates":[[[2.87956,49.18977],[2.87863,49.19432],[2.87373,49.19608],[2.86465,49.20116],[2.8614,49.20752],[2.86475,49.20864],[2.86473,49.21303],[2.85991,49.22077],[2.83985,49.21139],[2.83803,49.20902],[2.83404,49.20946],[2.8336,49.20576],[2.82991,49.20586],[2.81877,49.18491],[2.81854,49.17795],[2.82304,49.1806],[2.83573,49.17754],[2.84433,49.18195],[2.85038,49.19035],[2.8619,49.18703],[2.87386,49.19105],[2.87956,49.18977]]]},"properties":{"code_territoire":"iris604790000","libelle_territoire":"Ormoy-Villers (commune non irisée)"}},
{"type":"Feature","geometry":{"type":"Polygon","coordinates":[[[1.74049,49.40559],[1.72048,49.39401],[1.72869,49.39176],[1.73629,49.38368],[1.74444,49.38081],[1.74798,49.37157],[1.75953,49.36822],[1.78012,49.37694],[1.77598,49.38011],[1.76418,49.37707],[1.76112,49.37874],[1.77031,49.39708],[1.77094,49.39902],[1.7569,49.4055],[1.75245,49.40423],[1.74549,49.40915],[1.74049,49.40559]]]},"properties":{"code_territoire":"iris606260000","libelle_territoire":"Talmontiers (commune non irisée)"}},
{"type":"Feature","geometry":{"type":"Polygon","coordinates":[[[2.35685,49.61853],[2.35654,49.62142],[2.36313,49.62168],[2.36948,49.62637],[2.36796,49.62885],[2.37358,49.6306],[2.37686,49.62891],[2.37683,49.63305],[2.37985,49.63144],[2.39056,49.63623],[2.39621,49.63671],[2.38857,49.64355],[2.37706,49.64714],[2.36204,49.64014],[2.36248,49.64633],[2.35795,49.64641],[2.33654,49.63778],[2.34012,49.62904],[2.35471,49.6194],[2.35685,49.61853]]]},"properties":{"code_territoire":"iris606270000","libelle_territoire":"Tartigny (commune non irisée)"}},
{"type":"Feature","geometry":{"type":"Polygon","coordinates":[[[2.14,49.44453],[2.13653,49.43832],[2.12841,49.43845],[2.13385,49.43482],[2.12885,49.43398],[2.12549,49.42756],[2.12575,49.42055],[2.1257,49.41947],[2.12971,49.41862],[2.136,49.42274],[2.14196,49.42144],[2.14063,49.41944],[2.15863,49.40575],[2.15623,49.40433],[2.15929,49.40215],[2.16344,49.40428],[2.16625,49.40299],[2.16516,49.40584],[2.16976,49.40653],[2.18233,49.42081],[2.16432,49.43207],[2.15374,49.43208],[2.15339,49.43511],[2.14891,49.43512],[2.14409,49.44547],[2.14,49.44453]]]},"properties":{"code_territoire":"iris606280000","libelle_territoire":"Therdonne (commune non irisée)"}},
{"type":"Feature","geometry":{"type":"Polygon","coordinates":[[[1.86885,49.59447],[1.87582,49.59563],[1.87588,49.59351],[1.88959,49.5931],[1.88731,49.58717],[1.89147,49.5804],[1.9072,49.5856],[1.90701,49.59729],[1.91772,49.5957],[1.92323,49.598],[1.92087,49.60184],[1.90061,49.61202],[1.9039,49.62251],[1.89275,49.62611],[1.88078,49.62271],[1.88012,49.61696],[1.88283,49.61479],[1.87161,49.60286],[1.86885,49.59447]]]},"properties":{"code_territoire":"iris606290000","libelle_territoire":"Thérines (commune non irisée)"}},
{"type":"Feature","geometry":{"type":"Polygon","coordinates":[[[1.91074,49.33163],[1.89786,49.32065],[1.89478,49.32107],[1.89544,49.3185],[1.89137,49.31988],[1.88974,49.31111],[1.89259,49.30922],[1.88831,49.29982],[1.88306,49.29812],[1.89223,49.29015],[1.90128,49.29122],[1.9128,49.30005],[1.91698,49.31105],[1.91598,49.32109],[1.91074,49.33163]]]},"properties":{"code_territoire":"iris606300000","libelle_territoire":"Thibivillers (commune non irisée)"}},
{"type":"Feature","geometry":{"type":"Polygon","coordinates":[[[2.1862,49.5179],[2.18095,49.51706],[2.17025,49.50669],[2.17122,49.50293],[2.15736,49.4962],[2.16269,49.49045],[2.15594,49.48541],[2.15299,49.48269],[2.16526,49.47788],[2.19459,49.4871],[2.19638,49.49328],[2.2018,49.49494],[2.19806,49.49974],[2.20619,49.5074],[2.2035,49.5095],[2.19785,49.51314],[2.18884,49.51397],[2.1862,49.5179]]]},"properties":{"code_territoire":"iris604800000","libelle_territoire":"Oroër (commune non irisée)"}},
{"type":"Feature","geometry":{"type":"Polygon","coordinates":[[[2.87983,49.3316],[2.85847,49.32704],[2.85242,49.32883],[2.84739,49.32544],[2.83943,49.32459],[2.8216,49.30829],[2.82349,49.30779],[2.82964,49.30954],[2.82984,49.30657],[2.83515,49.30524],[2.83947,49.29246],[2.83585,49.28769],[2.84283,49.2886],[2.84417,49.28131],[2.84874,49.27888],[2.85393,49.28061],[2.85801,49.27215],[2.86272,49.27172],[2.85999,49.28258],[2.86358,49.28862],[2.86903,49.28919],[2.86998,49.29325],[2.87472,49.29366],[2.88416,49.30227],[2.87328,49.30243],[2.87258,49.30433],[2.8739,49.30937],[2.88384,49.31185],[2.88022,49.31902],[2.88794,49.3217],[2.89233,49.31459],[2.9003,49.3148],[2.87983,49.3316]]]},"properties":{"code_territoire":"iris604810000","libelle_territoire":"Orrouy (commune non irisée)"}},
{"type":"Feature","geometry":{"type":"Polygon","coordinates":[[[2.60005,49.16595],[2.57092,49.16758],[2.55863,49.14765],[2.56205,49.14029],[2.58603,49.14018],[2.59086,49.14484],[2.58834,49.14979],[2.59737,49.15242],[2.59233,49.16079],[2.6004,49.16399],[2.60005,49.16595]]]},"properties":{"code_territoire":"iris606310000","libelle_territoire":"Thiers-sur-Thève (commune non irisée)"}},
{"type":"Feature","geometry":{"type":"Polygon","coordinates":[[[2.87644,49.54454],[2.88366,49.55508],[2.90467,49.56572],[2.89885,49.5737],[2.89537,49.57719],[2.89125,49.57538],[2.88197,49.57846],[2.85879,49.57093],[2.8235,49.55441],[2.84034,49.54676],[2.85394,49.5467],[2.85954,49.54333],[2.85376,49.53821],[2.8607,49.53777],[2.87644,49.54454]]]},"properties":{"code_territoire":"iris606320000","libelle_territoire":"Thiescourt (commune non irisée)"}},
{"type":"Feature","geometry":{"type":"Polygon","coordinates":[[[1.9621,49.63528],[1.95697,49.63909],[1.96082,49.64036],[1.95749,49.64442],[1.95618,49.64415],[1.95823,49.64249],[1.93865,49.64236],[1.93893,49.63844],[1.92931,49.63137],[1.93334,49.62937],[1.9381,49.62952],[1.94014,49.625],[1.9621,49.63528]]]},"properties":{"code_territoire":"iris606330000","libelle_territoire":"Thieuloy-Saint-Antoine (commune non irisée)"}},
{"type":"Feature","geometry":{"type":"Polygon","coordinates":[[[2.34162,49.55033],[2.3251,49.55181],[2.31389,49.55774],[2.30428,49.55406],[2.29981,49.55748],[2.29565,49.55466],[2.28859,49.55962],[2.28213,49.54624],[2.28987,49.53836],[2.28848,49.53636],[2.30774,49.52905],[2.32117,49.52995],[2.32558,49.53521],[2.32794,49.53403],[2.34162,49.55033]]]},"properties":{"code_territoire":"iris606340000","libelle_territoire":"Thieux (commune non irisée)"}},
{"type":"Feature","geometry":{"type":"Polygon","coordinates":[[[2.41674,49.24234],[2.43677,49.23753],[2.43907,49.24072],[2.44331,49.24016],[2.44157,49.24505],[2.43139,49.25196],[2.41692,49.25153],[2.41674,49.24234]]]},"properties":{"code_territoire":"iris606350000","libelle_territoire":"Thiverny (commune non irisée)"}},
{"type":"Feature","geometry":{"type":"Polygon","coordinates":[[[2.86127,49.47921],[2.87431,49.46815],[2.88389,49.47387],[2.88497,49.46786],[2.89093,49.46778],[2.89012,49.47125],[2.89935,49.48428],[2.89306,49.48908],[2.88404,49.48834],[2.87967,49.49028],[2.87337,49.48959],[2.86127,49.47921]]]},"properties":{"code_territoire":"iris606360000","libelle_territoire":"Thourotte (commune non irisée)"}},
{"type":"Feature","geometry":{"type":"Polygon","coordinates":[[[3.03801,49.16913],[3.02267,49.17091],[3.01421,49.16952],[3.00826,49.15932],[2.99788,49.14284],[3.0196,49.14199],[3.04165,49.13335],[3.04956,49.13014],[3.05554,49.13517],[3.05751,49.14274],[3.05001,49.14488],[3.05328,49.14919],[3.04956,49.15085],[3.04567,49.15552],[3.04813,49.16271],[3.03875,49.16877],[3.03801,49.16913]]]},"properties":{"code_territoire":"iris606370000","libelle_territoire":"Thury-en-Valois (commune non irisée)"}},
{"type":"Feature","geometry":{"type":"Polygon","coordinates":[[[2.49908,49.12224],[2.50336,49.12498],[2.51351,49.12333],[2.51803,49.12776],[2.5237,49.123],[2.52817,49.12749],[2.52253,49.13144],[2.52669,49.13839],[2.53811,49.13959],[2.54199,49.14525],[2.53446,49.1497],[2.53237,49.14646],[2.53374,49.1534],[2.52367,49.15425],[2.5243,49.16051],[2.49567,49.1585],[2.49456,49.15667],[2.50015,49.15684],[2.4842,49.13872],[2.48263,49.13259],[2.47751,49.13098],[2.47535,49.12845],[2.49908,49.12224]]]},"properties":{"code_territoire":"iris604820000","libelle_territoire":"Orry-la-Ville (commune non irisée)"}},
{"type":"Feature","geometry":{"type":"Polygon","coordinates":[[[2.72645,49.588],[2.71634,49.59001],[2.70792,49.59047],[2.70644,49.58759],[2.70092,49.5889],[2.6798,49.58219],[2.68147,49.57887],[2.69587,49.57439],[2.69401,49.57013],[2.70029,49.56799],[2.69813,49.56209],[2.698,49.5603],[2.71222,49.55903],[2.71369,49.55676],[2.72453,49.55851],[2.72869,49.55945],[2.72742,49.5619],[2.73377,49.567],[2.73027,49.5686],[2.73135,49.57174],[2.72377,49.57332],[2.72645,49.588]]]},"properties":{"code_territoire":"iris604830000","libelle_territoire":"Orvillers-Sorel (commune non irisée)"}},
{"type":"Feature","geometry":{"type":"Polygon","coordinates":[[[2.04121,49.53506],[2.04451,49.53599],[2.04172,49.53832],[2.04579,49.54538],[2.04005,49.55549],[2.02811,49.56412],[2.01659,49.56314],[2.01062,49.55759],[2.0074,49.55162],[2.01019,49.54452],[2.0325,49.53511],[2.04121,49.53506]]]},"properties":{"code_territoire":"iris604840000","libelle_territoire":"Oudeuil (commune non irisée)"}},
{"type":"Feature","geometry":{"type":"Polygon","coordinates":[[[2.30815,49.36755],[2.30649,49.35916],[2.3289,49.3492],[2.32999,49.34649],[2.33992,49.34868],[2.33947,49.34602],[2.3438,49.34618],[2.34967,49.35369],[2.34545,49.35798],[2.34828,49.3594],[2.34278,49.36444],[2.33829,49.36127],[2.3434,49.3653],[2.33376,49.36701],[2.3248,49.37266],[2.31937,49.37199],[2.32119,49.3703],[2.3119,49.36593],[2.30815,49.36755]]]},"properties":{"code_territoire":"iris606380000","libelle_territoire":"Thury-sous-Clermont (commune non irisée)"}},
{"type":"Feature","geometry":{"type":"Polygon","coordinates":[[[2.08426,49.48226],[2.09561,49.47417],[2.08867,49.46919],[2.09928,49.46051],[2.09235,49.45661],[2.09902,49.45242],[2.11174,49.44246],[2.11849,49.45006],[2.13065,49.44386],[2.14,49.44453],[2.14409,49.44547],[2.15657,49.44829],[2.15341,49.45241],[2.15571,49.45966],[2.14297,49.46592],[2.13507,49.46388],[2.13132,49.46996],[2.13725,49.47004],[2.13257,49.47466],[2.12602,49.47318],[2.12321,49.47587],[2.12069,49.47383],[2.11204,49.48525],[2.11554,49.48726],[2.11268,49.4904],[2.10572,49.48631],[2.09666,49.48747],[2.09114,49.49129],[2.08612,49.48598],[2.08426,49.48226]]]},"properties":{"code_territoire":"iris606390000","libelle_territoire":"Tillé (commune non irisée)"}},
{"type":"Feature","geometry":{"type":"Polygon","coordinates":[[[1.94864,49.20894],[1.95219,49.22516],[1.95852,49.22627],[1.95418,49.22571],[1.9548,49.22771],[1.93595,49.23266],[1.92893,49.21324],[1.94489,49.2076],[1.94864,49.20894]]]},"properties":{"code_territoire":"iris606400000","libelle_territoire":"Tourly (commune non irisée)"}},
{"type":"Feature","geometry":{"type":"Polygon","coordinates":[[[2.99187,49.49305],[2.98298,49.48746],[2.97603,49.48919],[2.97008,49.4702],[2.94153,49.45891],[2.98761,49.44882],[2.97696,49.4574],[2.99751,49.46778],[3.00682,49.46679],[3.01675,49.4547],[3.02619,49.45747],[3.03072,49.44769],[3.04887,49.45122],[3.05093,49.45485],[3.04771,49.4597],[3.05384,49.46677],[3.04021,49.47308],[3.03521,49.4831],[3.0245,49.48625],[3.01313,49.48226],[3.01115,49.4789],[2.99187,49.49305]]]},"properties":{"code_territoire":"iris606410000","libelle_territoire":"Tracy-le-Mont (commune non irisée)"}},
{"type":"Feature","geometry":{"type":"Polygon","coordinates":[[[3.03548,49.49599],[3.01751,49.49921],[3.01612,49.50171],[3.01076,49.49865],[3.00333,49.50101],[2.99187,49.49305],[3.01115,49.4789],[3.01313,49.48226],[3.0245,49.48625],[3.03521,49.4831],[3.03381,49.49115],[3.02822,49.49193],[3.03548,49.49599]]]},"properties":{"code_territoire":"iris606420000","libelle_territoire":"Tracy-le-Val (commune non irisée)"}},
{"type":"Feature","geometry":{"type":"Polygon","coordinates":[[[2.16373,49.61244],[2.15212,49.59507],[2.15255,49.59023],[2.16874,49.58882],[2.17577,49.59098],[2.18744,49.59074],[2.19146,49.59786],[2.19761,49.59909],[2.20028,49.6036],[2.20269,49.61382],[2.17636,49.61294],[2.16373,49.61244]]]},"properties":{"code_territoire":"iris604850000","libelle_territoire":"Oursel-Maison (commune non irisée)"}},
{"type":"Feature","geometry":{"type":"Polygon","coordinates":[[[2.33398,49.6439],[2.34346,49.64674],[2.34201,49.64845],[2.35001,49.6521],[2.34753,49.65422],[2.35451,49.65536],[2.35318,49.65738],[2.36032,49.65796],[2.3553,49.66426],[2.35071,49.66109],[2.34977,49.66438],[2.33397,49.67067],[2.3352,49.67936],[2.31544,49.68999],[2.31614,49.68694],[2.30177,49.68105],[2.2901,49.68458],[2.29119,49.67569],[2.2953,49.67432],[2.29301,49.67009],[2.28859,49.66253],[2.29118,49.65819],[2.29497,49.65911],[2.30033,49.66037],[2.30001,49.65573],[2.30426,49.656],[2.30415,49.64747],[2.31143,49.65005],[2.3213,49.64546],[2.33206,49.64865],[2.33398,49.6439]]]},"properties":{"code_territoire":"iris604860000","libelle_territoire":"Paillart (commune non irisée)"}},
{"type":"Feature","geometry":{"type":"Polygon","coordinates":[[[1.77639,49.18488],[1.76718,49.19019],[1.76587,49.19778],[1.77263,49.2066],[1.76578,49.21641],[1.7633,49.2193],[1.75003,49.21819],[1.75135,49.22005],[1.7404,49.22283],[1.74046,49.22367],[1.73411,49.22128],[1.73368,49.21096],[1.71487,49.20744],[1.71553,49.20266],[1.72505,49.20078],[1.72588,49.19417],[1.73727,49.19479],[1.74429,49.18331],[1.7401,49.18081],[1.75486,49.17459],[1.77639,49.18488]]]},"properties":{"code_territoire":"iris604870000","libelle_territoire":"Parnes (commune non irisée)"}},
{"type":"Feature","geometry":{"type":"Polygon","coordinates":[[[2.97035,49.56926],[2.96948,49.56601],[2.95303,49.56279],[2.95311,49.55661],[2.94838,49.55572],[2.94747,49.54934],[2.95551,49.5504],[2.97127,49.54662],[2.97227,49.54839],[2.9798,49.54475],[2.98153,49.54823],[2.97704,49.55313],[2.97824,49.55821],[2.97434,49.55778],[2.98037,49.56368],[2.97035,49.56926]]]},"properties":{"code_territoire":"iris604880000","libelle_territoire":"Passel (commune non irisée)"}},
{"type":"Feature","geometry":{"type":"Polygon","coordinates":[[[2.81854,49.17795],[2.82403,49.17827],[2.81938,49.16772],[2.82217,49.16446],[2.82229,49.15438],[2.85864,49.13994],[2.86062,49.14185],[2.85731,49.16349],[2.86351,49.18282],[2.8619,49.18703],[2.85038,49.19035],[2.84433,49.18195],[2.83573,49.17754],[2.82304,49.1806],[2.81854,49.17795]]]},"properties":{"code_territoire":"iris604890000","libelle_territoire":"Péroy-les-Gombries (commune non irisée)"}},
{"type":"Feature","geometry":{"type":"Polygon","coordinates":[[[2.61321,49.55855],[2.60894,49.563],[2.60921,49.56866],[2.60343,49.57192],[2.61052,49.57764],[2.60026,49.58197],[2.59559,49.57459],[2.58889,49.57261],[2.58675,49.57729],[2.58356,49.57635],[2.58379,49.57874],[2.5783,49.57644],[2.57213,49.58179],[2.56044,49.57837],[2.55181,49.57023],[2.56091,49.56464],[2.55249,49.56157],[2.56054,49.56161],[2.56647,49.5581],[2.57141,49.54877],[2.58459,49.54589],[2.58821,49.54806],[2.59002,49.54498],[2.59322,49.54693],[2.59651,49.54408],[2.60288,49.5459],[2.60321,49.54358],[2.61077,49.54919],[2.60388,49.55314],[2.61321,49.55855]]]},"properties":{"code_territoire":"iris606430000","libelle_territoire":"Tricot (commune non irisée)"}},
{"type":"Feature","geometry":{"type":"Polygon","coordinates":[[[1.83708,49.26519],[1.83752,49.26571],[1.84292,49.27357],[1.82663,49.2773],[1.83194,49.28438],[1.82646,49.28794],[1.82878,49.29924],[1.83423,49.31896],[1.83307,49.32082],[1.82302,49.32064],[1.82066,49.32396],[1.81818,49.32181],[1.80835,49.32373],[1.8014,49.318],[1.80456,49.30201],[1.7844,49.29321],[1.79034,49.28851],[1.79758,49.28845],[1.79351,49.27428],[1.8024,49.2735],[1.82287,49.27153],[1.83708,49.26519]]]},"properties":{"code_territoire":"iris606440000","libelle_territoire":"Trie-Château (commune non irisée)"}},
{"type":"Feature","geometry":{"type":"Polygon","coordinates":[[[1.8563,49.29208],[1.82878,49.29924],[1.82646,49.28794],[1.83194,49.28438],[1.82663,49.2773],[1.84292,49.27357],[1.84822,49.27694],[1.85159,49.27576],[1.85162,49.28089],[1.86256,49.28979],[1.8563,49.29208]]]},"properties":{"code_territoire":"iris606450000","libelle_territoire":"Trie-la-Ville (commune non irisée)"}},
{"type":"Feature","geometry":{"type":"Polygon","coordinates":[[[2.08426,49.48226],[2.08612,49.48598],[2.08054,49.4874],[2.08147,49.49778],[2.07222,49.50226],[2.05991,49.49873],[2.05605,49.50816],[2.04209,49.50899],[2.04556,49.49697],[2.03988,49.49588],[2.03335,49.48654],[2.02688,49.48466],[2.02595,49.48195],[2.03113,49.47861],[2.02503,49.47798],[2.03921,49.47389],[2.04985,49.46366],[2.06012,49.46262],[2.06473,49.46051],[2.07811,49.46972],[2.08426,49.48226]]]},"properties":{"code_territoire":"iris606460000","libelle_territoire":"Troissereux (commune non irisée)"}},
{"type":"Feature","geometry":{"type":"Polygon","coordinates":[[[2.96944,49.38121],[2.97642,49.38289],[2.97749,49.38831],[2.99342,49.39549],[3.00156,49.40699],[2.9899,49.41223],[2.97903,49.40981],[2.96947,49.41117],[2.96222,49.40838],[2.95874,49.41049],[2.93015,49.41525],[2.92943,49.41227],[2.94506,49.40662],[2.93493,49.39854],[2.9411,49.39169],[2.96944,49.38121]]]},"properties":{"code_territoire":"iris606470000","libelle_territoire":"Trosly-Breuil (commune non irisée)"}},
{"type":"Feature","geometry":{"type":"Polygon","coordinates":[[[1.93753,49.478],[1.94007,49.47141],[1.9467,49.47531],[1.95105,49.47419],[1.9623,49.47843],[1.98679,49.46506],[1.99204,49.45868],[2.00571,49.4639],[2.0062,49.47359],[1.99289,49.47551],[1.99339,49.47784],[1.98953,49.47659],[1.98758,49.48388],[1.98377,49.48427],[1.96303,49.48371],[1.96108,49.47972],[1.94777,49.4805],[1.94639,49.48319],[1.94532,49.48171],[1.93858,49.47879],[1.93753,49.478]]]},"properties":{"code_territoire":"iris604900000","libelle_territoire":"Pierrefitte-en-Beauvaisis (commune non irisée)"}},
{"type":"Feature","geometry":{"type":"Polygon","coordinates":[[[2.92641,49.36887],[2.93934,49.34271],[2.93598,49.32893],[2.94426,49.32673],[2.94127,49.32435],[2.96322,49.32005],[2.96452,49.32159],[2.969,49.3265],[2.97399,49.32604],[2.99334,49.33312],[3.00165,49.34028],[3.00977,49.3485],[3.00099,49.34694],[2.99668,49.34987],[3.00881,49.35536],[2.9923,49.3605],[2.98712,49.37091],[2.97054,49.37028],[2.92641,49.36887]]]},"properties":{"code_territoire":"iris604910000","libelle_territoire":"Pierrefonds (commune non irisée)"}},
{"type":"Feature","geometry":{"type":"Polygon","coordinates":[[[2.93431,49.49262],[2.94211,49.48762],[2.94313,49.48977],[2.94999,49.48891],[2.96377,49.49293],[2.96948,49.49771],[2.96563,49.50286],[2.96302,49.50553],[2.95651,49.50512],[2.95312,49.50905],[2.95568,49.51463],[2.96799,49.51488],[2.97263,49.51826],[2.97198,49.52438],[2.96612,49.5282],[2.96574,49.53322],[2.96908,49.53215],[2.96991,49.53498],[2.94626,49.53442],[2.93111,49.51834],[2.94002,49.51585],[2.93781,49.51269],[2.94275,49.50825],[2.93836,49.50771],[2.93577,49.50345],[2.94579,49.49862],[2.93352,49.49652],[2.93339,49.4935],[2.93431,49.49262]]]},"properties":{"code_territoire":"iris604920000","libelle_territoire":"Pimprez (commune non irisée)"}},
{"type":"Feature","geometry":{"type":"Polygon","coordinates":[[[2.25688,49.59541],[2.27154,49.60646],[2.27064,49.60841],[2.26313,49.6085],[2.26891,49.61257],[2.26672,49.61165],[2.2609,49.61744],[2.25437,49.61558],[2.24875,49.61461],[2.24718,49.60914],[2.24151,49.6117],[2.22643,49.60801],[2.22795,49.60235],[2.23541,49.59797],[2.23219,49.59639],[2.23483,49.59269],[2.24016,49.59336],[2.24373,49.59091],[2.25017,49.5956],[2.25688,49.59541]]]},"properties":{"code_territoire":"iris606480000","libelle_territoire":"Troussencourt (commune non irisée)"}},
{"type":"Feature","geometry":{"type":"Polygon","coordinates":[[[2.7588,49.22526],[2.79036,49.2265],[2.81018,49.23162],[2.80879,49.23476],[2.82252,49.23584],[2.82605,49.23877],[2.82438,49.24183],[2.82751,49.24101],[2.82901,49.24371],[2.80017,49.25615],[2.79156,49.25576],[2.79111,49.25178],[2.78321,49.25074],[2.77486,49.24417],[2.7655,49.25192],[2.76006,49.251],[2.75438,49.24472],[2.7517,49.24517],[2.74957,49.23359],[2.75566,49.2338],[2.75526,49.22488],[2.7588,49.22526]]]},"properties":{"code_territoire":"iris606500000","libelle_territoire":"Trumilly (commune non irisée)"}},
{"type":"Feature","geometry":{"type":"Polygon","coordinates":[[[2.30451,49.26154],[2.29839,49.26769],[2.3013,49.27305],[2.29881,49.27821],[2.30595,49.28021],[2.30321,49.28377],[2.3082,49.28509],[2.30874,49.29042],[2.28432,49.30369],[2.28126,49.30576],[2.27143,49.30018],[2.27401,49.29573],[2.26934,49.29102],[2.24576,49.27828],[2.25922,49.27159],[2.24941,49.26574],[2.23692,49.2674],[2.23403,49.26088],[2.23634,49.25475],[2.23896,49.25216],[2.24292,49.25465],[2.26061,49.2535],[2.26507,49.25071],[2.27234,49.25592],[2.28954,49.25439],[2.30073,49.25676],[2.30451,49.26154]]]},"properties":{"code_territoire":"iris606510000","libelle_territoire":"Ully-Saint-Georges (commune non irisée)"}},
{"type":"Feature","geometry":{"type":"Polygon","coordinates":[[[2.04054,49.29404],[2.04084,49.28927],[2.04567,49.28669],[2.05283,49.29386],[2.05636,49.29138],[2.06638,49.29703],[2.07117,49.29456],[2.07185,49.29613],[2.08104,49.3077],[2.07841,49.30771],[2.0819,49.31346],[2.07761,49.31484],[2.06104,49.31741],[2.06699,49.32259],[2.06242,49.32295],[2.04977,49.31649],[2.03457,49.32207],[2.02796,49.31456],[2.03481,49.30898],[2.04054,49.29404]]]},"properties":{"code_territoire":"iris606520000","libelle_territoire":"Valdampierre (commune non irisée)"}},
{"type":"Feature","geometry":{"type":"Polygon","coordinates":[[[2.46433,49.49131],[2.45605,49.48902],[2.45076,49.49079],[2.45175,49.49725],[2.44346,49.49456],[2.43319,49.49215],[2.42832,49.49524],[2.41221,49.48866],[2.40233,49.4901],[2.40295,49.49179],[2.39229,49.48967],[2.38214,49.48689],[2.39153,49.48259],[2.39413,49.4875],[2.4022,49.48867],[2.40734,49.48689],[2.40585,49.48542],[2.41409,49.48352],[2.41872,49.48495],[2.41792,49.48269],[2.43921,49.47869],[2.45571,49.47211],[2.46598,49.47858],[2.4687,49.48764],[2.46433,49.49131]]]},"properties":{"code_territoire":"iris606530000","libelle_territoire":"Valescourt (commune non irisée)"}},
{"type":"Feature","geometry":{"type":"Polygon","coordinates":[[[2.07088,49.53702],[2.07447,49.53781],[2.06622,49.5454],[2.05238,49.5429],[2.04579,49.54538],[2.04172,49.53832],[2.04451,49.53599],[2.04121,49.53506],[2.05353,49.52847],[2.06178,49.52959],[2.07088,49.53702]]]},"properties":{"code_territoire":"iris604930000","libelle_territoire":"Pisseleu (commune non irisée)"}},
{"type":"Feature","geometry":{"type":"Polygon","coordinates":[[[2.58014,49.08984],[2.5789,49.08425],[2.58356,49.07983],[2.5903,49.0799],[2.60485,49.08713],[2.61005,49.09497],[2.59153,49.10509],[2.60039,49.11068],[2.58398,49.12162],[2.58642,49.13058],[2.59113,49.13232],[2.59614,49.13076],[2.58603,49.14018],[2.56205,49.14029],[2.55245,49.12602],[2.54207,49.12225],[2.54398,49.1201],[2.53773,49.11768],[2.54703,49.11636],[2.54991,49.12255],[2.55694,49.12373],[2.55175,49.11243],[2.55595,49.10938],[2.55793,49.09872],[2.56702,49.09409],[2.57293,49.09428],[2.57974,49.09776],[2.58379,49.09407],[2.58796,49.09548],[2.58964,49.09183],[2.58466,49.08478],[2.58014,49.08984]]]},"properties":{"code_territoire":"iris604940000","libelle_territoire":"Plailly (commune non irisée)"}},
{"type":"Feature","geometry":{"type":"Polygon","coordinates":[[[2.77545,49.5096],[2.7874,49.50433],[2.78942,49.49774],[2.79412,49.49552],[2.80992,49.50163],[2.80803,49.50331],[2.81652,49.51218],[2.80807,49.51672],[2.79844,49.51797],[2.78861,49.5183],[2.78653,49.51578],[2.77749,49.51621],[2.7766,49.51427],[2.77545,49.5096]]]},"properties":{"code_territoire":"iris606540000","libelle_territoire":"Vandélicourt (commune non irisée)"}},
{"type":"Feature","geometry":{"type":"Polygon","coordinates":[[[3.0734,49.5381],[3.10967,49.55248],[3.10931,49.55505],[3.09619,49.55978],[3.09093,49.56831],[3.07837,49.57082],[3.07714,49.56908],[3.07081,49.57226],[3.06733,49.5725],[3.06847,49.57042],[3.06268,49.56766],[3.05513,49.56871],[3.05176,49.56529],[3.04459,49.56576],[3.04907,49.55883],[3.06151,49.55562],[3.06195,49.55049],[3.0734,49.5381]]]},"properties":{"code_territoire":"iris606550000","libelle_territoire":"Varesnes (commune non irisée)"}},
{"type":"Feature","geometry":{"type":"Polygon","coordinates":[[[3.05621,49.10194],[3.04682,49.10491],[3.03722,49.10301],[3.03893,49.09902],[3.03417,49.08853],[3.05083,49.08499],[3.05847,49.08853],[3.06614,49.08519],[3.05554,49.09655],[3.05621,49.10194]]]},"properties":{"code_territoire":"iris606560000","libelle_territoire":"Varinfroy (commune non irisée)"}},
{"type":"Feature","geometry":{"type":"Polygon","coordinates":[[[2.98187,49.58875],[2.98535,49.5905],[2.9812,49.59298],[2.95033,49.58889],[2.95936,49.57962],[2.97128,49.57813],[2.98187,49.58875]]]},"properties":{"code_territoire":"iris606570000","libelle_territoire":"Vauchelles (commune non irisée)"}},
{"type":"Feature","geometry":{"type":"MultiPolygon","coordinates":[[[[2.98213,49.21685],[2.99021,49.21068],[2.99546,49.2113],[2.99957,49.21534],[2.99828,49.21898],[3.00376,49.21892],[3.00032,49.22276],[2.99272,49.22333],[2.98213,49.21685]]],[[[3.04425,49.22863],[3.04395,49.22606],[3.0484,49.22763],[3.04425,49.22863]]],[[[3.00194,49.23846],[3.00178,49.23559],[3.01637,49.23022],[3.00338,49.22424],[3.00382,49.22162],[3.01495,49.22316],[3.01417,49.21999],[3.02216,49.21616],[3.02642,49.22166],[3.03338,49.22058],[3.03177,49.22636],[3.03697,49.22224],[3.04187,49.23043],[3.03282,49.23872],[3.03371,49.24376],[3.00194,49.23846]]]]},"properties":{"code_territoire":"iris606580000","libelle_territoire":"Vauciennes (commune non irisée)"}},
{"type":"Feature","geometry":{"type":"Polygon","coordinates":[[[2.44,49.51616],[2.45274,49.52241],[2.45791,49.52162],[2.46236,49.52593],[2.46288,49.52417],[2.47012,49.52598],[2.47319,49.52439],[2.48701,49.52996],[2.48224,49.53618],[2.47917,49.53486],[2.47918,49.54733],[2.48537,49.54822],[2.47648,49.5536],[2.47013,49.54584],[2.46271,49.54765],[2.44892,49.54518],[2.44778,49.53931],[2.44672,49.54192],[2.43611,49.54408],[2.43701,49.53802],[2.43148,49.53555],[2.43173,49.52429],[2.43516,49.52382],[2.44,49.51616]]]},"properties":{"code_territoire":"iris604950000","libelle_territoire":"Plainval (commune non irisée)"}},
{"type":"Feature","geometry":{"type":"Polygon","coordinates":[[[2.42943,49.61589],[2.43659,49.60816],[2.43164,49.60666],[2.43757,49.60238],[2.43849,49.6066],[2.44414,49.60785],[2.44781,49.60289],[2.45983,49.60463],[2.47198,49.61834],[2.46554,49.61811],[2.46836,49.62037],[2.46427,49.62315],[2.44614,49.62024],[2.44076,49.61687],[2.43681,49.61844],[2.42915,49.61717],[2.42943,49.61589]]]},"properties":{"code_territoire":"iris604960000","libelle_territoire":"Plainville (commune non irisée)"}},
{"type":"Feature","geometry":{"type":"Polygon","coordinates":[[[2.32059,49.4814],[2.32185,49.48707],[2.33614,49.49487],[2.33745,49.49678],[2.33228,49.50027],[2.34161,49.50466],[2.33459,49.50248],[2.32528,49.50004],[2.31604,49.50303],[2.30634,49.49909],[2.30854,49.49263],[2.3042,49.48954],[2.30923,49.48894],[2.30427,49.48641],[2.30633,49.48346],[2.30164,49.48207],[2.30325,49.47796],[2.32059,49.4814]]]},"properties":{"code_territoire":"iris604970000","libelle_territoire":"Le Plessier-sur-Bulles (commune non irisée)"}},
{"type":"Feature","geometry":{"type":"Polygon","coordinates":[[[1.76578,49.21641],[1.76613,49.22128],[1.77557,49.22337],[1.77551,49.22559],[1.78318,49.22572],[1.76984,49.23529],[1.77122,49.23893],[1.76697,49.2396],[1.7697,49.24275],[1.75148,49.24047],[1.74584,49.22452],[1.7404,49.22283],[1.75135,49.22005],[1.75003,49.21819],[1.7633,49.2193],[1.76578,49.21641]]]},"properties":{"code_territoire":"iris606590000","libelle_territoire":"Vaudancourt (commune non irisée)"}},
{"type":"Feature","geometry":{"type":"Polygon","coordinates":[[[1.88924,49.32812],[1.88473,49.33354],[1.88829,49.33974],[1.88207,49.34896],[1.86343,49.35444],[1.86618,49.35886],[1.86413,49.36633],[1.85427,49.36243],[1.85564,49.35904],[1.84249,49.34067],[1.84541,49.33736],[1.85253,49.33828],[1.85122,49.33438],[1.85959,49.33058],[1.85681,49.32862],[1.86489,49.32202],[1.86777,49.32695],[1.87696,49.33161],[1.88003,49.3288],[1.88924,49.32812]]]},"properties":{"code_territoire":"iris606600000","libelle_territoire":"Le Vaumain (commune non irisée)"}},
{"type":"Feature","geometry":{"type":"Polygon","coordinates":[[[2.96438,49.23189],[3.00178,49.23559],[3.00194,49.23846],[2.98991,49.24444],[2.98449,49.25332],[2.97887,49.24653],[2.97534,49.24652],[2.97406,49.23997],[2.96919,49.23937],[2.9674,49.2358],[2.96204,49.23642],[2.96067,49.23162],[2.96438,49.23189]]]},"properties":{"code_territoire":"iris606610000","libelle_territoire":"Vaumoise (commune non irisée)"}},
{"type":"Feature","geometry":{"type":"Polygon","coordinates":[[[1.92571,49.36191],[1.93563,49.36782],[1.93312,49.36707],[1.93153,49.37],[1.94012,49.37519],[1.93773,49.37764],[1.94706,49.38471],[1.94154,49.38709],[1.93592,49.38851],[1.93517,49.39356],[1.92781,49.39029],[1.92124,49.39532],[1.91904,49.39274],[1.90008,49.39785],[1.89233,49.38461],[1.88746,49.38579],[1.88534,49.36993],[1.89607,49.36962],[1.90754,49.3749],[1.91418,49.37034],[1.92202,49.37004],[1.92571,49.36191]]]},"properties":{"code_territoire":"iris606620000","libelle_territoire":"Le Vauroux (commune non irisée)"}},
{"type":"Feature","geometry":{"type":"Polygon","coordinates":[[[2.18704,49.4578],[2.20463,49.46195],[2.201,49.47346],[2.21244,49.47505],[2.21303,49.47775],[2.2063,49.47814],[2.19459,49.4871],[2.16526,49.47788],[2.16597,49.46838],[2.18884,49.46536],[2.18704,49.4578]]]},"properties":{"code_territoire":"iris606630000","libelle_territoire":"Velennes (commune non irisée)"}},
{"type":"Feature","geometry":{"type":"Polygon","coordinates":[[[2.30337,49.59873],[2.30531,49.60321],[2.30782,49.60172],[2.31369,49.60705],[2.31701,49.61388],[2.33419,49.62212],[2.33101,49.62599],[2.32584,49.624],[2.31004,49.62849],[2.2996,49.62452],[2.29115,49.62528],[2.26891,49.61257],[2.26313,49.6085],[2.27064,49.60841],[2.27154,49.60646],[2.25688,49.59541],[2.26777,49.58812],[2.28459,49.59605],[2.28975,49.59591],[2.29269,49.60225],[2.30337,49.59873]]]},"properties":{"code_territoire":"iris606640000","libelle_territoire":"Vendeuil-Caply (commune non irisée)"}},
{"type":"Feature","geometry":{"type":"Polygon","coordinates":[[[2.47206,49.49512],[2.47257,49.49844],[2.47027,49.50299],[2.47328,49.50368],[2.47499,49.51636],[2.47823,49.5165],[2.47319,49.52439],[2.47012,49.52598],[2.46288,49.52417],[2.46236,49.52593],[2.45791,49.52162],[2.45274,49.52241],[2.44,49.51616],[2.44484,49.51093],[2.44093,49.50376],[2.44346,49.49456],[2.45175,49.49725],[2.45076,49.49079],[2.45605,49.48902],[2.46433,49.49131],[2.47206,49.49512]]]},"properties":{"code_territoire":"iris604980000","libelle_territoire":"Le Plessier-sur-Saint-Just (commune non irisée)"}},
{"type":"Feature","geometry":{"type":"Polygon","coordinates":[[[2.85227,49.57453],[2.84796,49.57594],[2.84378,49.57331],[2.83559,49.57779],[2.83566,49.58242],[2.82002,49.58405],[2.81186,49.58986],[2.80414,49.58325],[2.8146,49.57909],[2.81761,49.57475],[2.81295,49.56345],[2.81665,49.55873],[2.8235,49.55441],[2.85879,49.57093],[2.85227,49.57453]]]},"properties":{"code_territoire":"iris604990000","libelle_territoire":"Plessis-de-Roye (commune non irisée)"}},
{"type":"Feature","geometry":{"type":"Polygon","coordinates":[[[2.75015,49.11648],[2.7334,49.10636],[2.74002,49.10237],[2.73765,49.10105],[2.73652,49.10041],[2.76872,49.08313],[2.78913,49.083],[2.78387,49.0889],[2.7641,49.1028],[2.76786,49.10489],[2.75907,49.11412],[2.75517,49.11329],[2.75015,49.11648]]]},"properties":{"code_territoire":"iris605000000","libelle_territoire":"Le Plessis-Belleville (commune non irisée)"}},
{"type":"Feature","geometry":{"type":"Polygon","coordinates":[[[2.75373,49.41095],[2.76974,49.41274],[2.76969,49.40871],[2.79509,49.40348],[2.79929,49.41134],[2.80777,49.41312],[2.81419,49.41559],[2.81215,49.4181],[2.80431,49.4246],[2.79162,49.43222],[2.78851,49.43074],[2.77337,49.43792],[2.75373,49.41095]]]},"properties":{"code_territoire":"iris606650000","libelle_territoire":"Venette (commune non irisée)"}},
{"type":"Feature","geometry":{"type":"Polygon","coordinates":[[[2.71107,49.10956],[2.68711,49.11851],[2.66377,49.1217],[2.66464,49.11871],[2.66013,49.11785],[2.64829,49.11674],[2.64089,49.11992],[2.63735,49.11687],[2.63323,49.10857],[2.63654,49.10716],[2.63543,49.10199],[2.64114,49.09907],[2.65048,49.10087],[2.66133,49.09677],[2.66293,49.09355],[2.67314,49.09109],[2.67815,49.08608],[2.70375,49.096],[2.71107,49.10956]]]},"properties":{"code_territoire":"iris606660000","libelle_territoire":"Ver-sur-Launette (commune non irisée)"}},
{"type":"Feature","geometry":{"type":"Polygon","coordinates":[[[2.73621,49.33094],[2.72418,49.31158],[2.71789,49.31068],[2.70401,49.31426],[2.70336,49.30487],[2.71031,49.30024],[2.70772,49.29188],[2.71333,49.28924],[2.72149,49.29093],[2.70648,49.28012],[2.70658,49.27254],[2.71714,49.27087],[2.71834,49.27675],[2.72638,49.27465],[2.73869,49.27623],[2.74285,49.27661],[2.7437,49.27964],[2.73979,49.27947],[2.74244,49.28599],[2.72855,49.30194],[2.73173,49.30643],[2.74047,49.3076],[2.74018,49.31131],[2.75079,49.30932],[2.75683,49.31123],[2.75474,49.3127],[2.76559,49.31137],[2.77336,49.31719],[2.77234,49.32553],[2.76173,49.32208],[2.75448,49.32274],[2.75444,49.32873],[2.74847,49.33586],[2.75647,49.34387],[2.74624,49.34326],[2.73621,49.33094]]]},"properties":{"code_territoire":"iris606670000","libelle_territoire":"Verberie (commune non irisée)"}},
{"type":"Feature","geometry":{"type":"Polygon","coordinates":[[[2.05353,49.52847],[2.05576,49.52717],[2.04209,49.50899],[2.05605,49.50816],[2.05991,49.49873],[2.07222,49.50226],[2.08147,49.49778],[2.08054,49.4874],[2.08612,49.48598],[2.09114,49.49129],[2.09666,49.48747],[2.10572,49.48631],[2.11268,49.4904],[2.11771,49.49845],[2.11911,49.50929],[2.114,49.51087],[2.10379,49.51235],[2.10197,49.50919],[2.09505,49.51335],[2.0881,49.50777],[2.08406,49.50842],[2.08252,49.50415],[2.07804,49.50589],[2.08111,49.50776],[2.07508,49.51317],[2.07841,49.51759],[2.0735,49.51877],[2.07587,49.52894],[2.06758,49.52839],[2.07088,49.53702],[2.06178,49.52959],[2.05353,49.52847]]]},"properties":{"code_territoire":"iris606680000","libelle_territoire":"Verderel-lès-Sauqueuse (commune non irisée)"}},
{"type":"Feature","geometry":{"type":"Polygon","coordinates":[[[2.48337,49.31849],[2.51337,49.32982],[2.5041,49.33588],[2.49255,49.3356],[2.48481,49.33994],[2.47992,49.32626],[2.47582,49.32348],[2.48337,49.31849]]]},"properties":{"code_territoire":"iris606690000","libelle_territoire":"Verderonne (commune non irisée)"}},
{"type":"Feature","geometry":{"type":"Polygon","coordinates":[[[2.51064,49.2887],[2.51006,49.28098],[2.49591,49.27484],[2.49559,49.27459],[2.49881,49.27019],[2.4953,49.26547],[2.51232,49.25583],[2.53157,49.24712],[2.53087,49.24273],[2.54873,49.25054],[2.56555,49.2581],[2.56085,49.26152],[2.57403,49.27717],[2.55071,49.29333],[2.54796,49.30075],[2.53954,49.30182],[2.52606,49.29893],[2.51536,49.29484],[2.51064,49.2887]]]},"properties":{"code_territoire":"iris606700000","libelle_territoire":"Verneuil-en-Halatte (commune non irisée)"}},
{"type":"Feature","geometry":{"type":"Polygon","coordinates":[[[2.94153,49.45891],[2.93629,49.47005],[2.91976,49.47121],[2.90812,49.46585],[2.91035,49.47184],[2.89012,49.47125],[2.89093,49.46778],[2.88497,49.46786],[2.88389,49.47387],[2.87431,49.46815],[2.87693,49.46479],[2.87427,49.46147],[2.88385,49.45773],[2.90242,49.45654],[2.90892,49.44977],[2.94153,49.45891]]]},"properties":{"code_territoire":"iris605010000","libelle_territoire":"Le Plessis-Brion (commune non irisée)"}},
{"type":"Feature","geometry":{"type":"Polygon","coordinates":[[[3.05966,49.67084],[3.06436,49.67137],[3.07783,49.6826],[3.07854,49.69024],[3.07029,49.69385],[3.06718,49.69272],[3.06628,49.69608],[3.06135,49.6956],[3.05987,49.692],[3.0564,49.67558],[3.05543,49.66984],[3.05966,49.67084]]]},"properties":{"code_territoire":"iris605020000","libelle_territoire":"Le Plessis-Patte-d'Oie (commune non irisée)"}},
{"type":"Feature","geometry":{"type":"Polygon","coordinates":[[[2.56255,49.58831],[2.56412,49.58439],[2.57213,49.58179],[2.5783,49.57644],[2.58379,49.57874],[2.58356,49.57635],[2.58675,49.57729],[2.58889,49.57261],[2.59559,49.57459],[2.60026,49.58197],[2.58178,49.59932],[2.57794,49.59626],[2.57556,49.59931],[2.5718,49.59714],[2.57149,49.59294],[2.56255,49.58831]]]},"properties":{"code_territoire":"iris605030000","libelle_territoire":"Le Ployron (commune non irisée)"}},
{"type":"Feature","geometry":{"type":"Polygon","coordinates":[[[2.80856,49.18752],[2.80546,49.17897],[2.78988,49.173],[2.76473,49.16861],[2.7561,49.16745],[2.7492,49.16034],[2.75259,49.15733],[2.74656,49.14505],[2.74756,49.13631],[2.75368,49.14005],[2.76058,49.13256],[2.76489,49.13365],[2.78524,49.15505],[2.79663,49.15209],[2.8125,49.15923],[2.81365,49.15539],[2.82217,49.16446],[2.81938,49.16772],[2.82403,49.17827],[2.81854,49.17795],[2.81877,49.18491],[2.80856,49.18752]]]},"properties":{"code_territoire":"iris606710000","libelle_territoire":"Versigny (commune non irisée)"}},
{"type":"Feature","geometry":{"type":"Polygon","coordinates":[[[3.02749,49.2717],[3.01037,49.2762],[3.00026,49.27451],[2.99105,49.26173],[2.97972,49.2562],[2.98449,49.25332],[2.98991,49.24444],[3.00194,49.23846],[3.03371,49.24376],[3.03189,49.25452],[3.02572,49.25937],[3.03112,49.2668],[3.02721,49.26793],[3.02749,49.2717]]]},"properties":{"code_territoire":"iris606720000","libelle_territoire":"Vez (commune non irisée)"}},
{"type":"Feature","geometry":{"type":"Polygon","coordinates":[[[2.12882,49.62113],[2.11364,49.61146],[2.10953,49.61015],[2.10838,49.6044],[2.11736,49.60426],[2.11729,49.60244],[2.13645,49.59993],[2.13567,49.60663],[2.14862,49.60598],[2.14888,49.61177],[2.14301,49.61718],[2.13444,49.61711],[2.13493,49.61946],[2.12882,49.62113]]]},"properties":{"code_territoire":"iris606730000","libelle_territoire":"Viefvillers (commune non irisée)"}},
{"type":"Feature","geometry":{"type":"Polygon","coordinates":[[[2.96944,49.38121],[2.9411,49.39169],[2.93493,49.39854],[2.94506,49.40662],[2.92943,49.41227],[2.92162,49.41195],[2.92091,49.40403],[2.91548,49.40358],[2.90147,49.39419],[2.88533,49.39047],[2.89238,49.36816],[2.92641,49.36887],[2.97054,49.37028],[2.96944,49.38121]]]},"properties":{"code_territoire":"iris606740000","libelle_territoire":"Vieux-Moulin (commune non irisée)"}},
{"type":"Feature","geometry":{"type":"Polygon","coordinates":[[[2.79412,49.49552],[2.78942,49.49774],[2.7874,49.50433],[2.77545,49.5096],[2.76331,49.50852],[2.75939,49.5053],[2.76935,49.49323],[2.76772,49.4856],[2.77441,49.48509],[2.78386,49.47917],[2.78104,49.48602],[2.79503,49.49282],[2.79412,49.49552]]]},"properties":{"code_territoire":"iris606750000","libelle_territoire":"Vignemont (commune non irisée)"}},
{"type":"Feature","geometry":{"type":"Polygon","coordinates":[[[2.92335,49.54202],[2.94747,49.54934],[2.94838,49.55572],[2.95311,49.55661],[2.95303,49.56279],[2.94684,49.57088],[2.93032,49.57314],[2.93303,49.57096],[2.92595,49.56788],[2.92913,49.56311],[2.92386,49.56274],[2.91469,49.55051],[2.91582,49.54195],[2.92335,49.54202]]]},"properties":{"code_territoire":"iris606760000","libelle_territoire":"Ville (commune non irisée)"}},
{"type":"Feature","geometry":{"type":"Polygon","coordinates":[[[2.18288,49.3256],[2.19358,49.33014],[2.19478,49.34008],[2.20689,49.34226],[2.20596,49.3469],[2.20987,49.34851],[2.20438,49.35254],[2.21735,49.3581],[2.19861,49.35626],[2.18291,49.36639],[2.18152,49.37117],[2.17822,49.36703],[2.16582,49.36841],[2.16374,49.36605],[2.17115,49.36402],[2.16825,49.35782],[2.17303,49.3511],[2.16647,49.34788],[2.16082,49.34924],[2.15701,49.34746],[2.16076,49.34056],[2.16291,49.33459],[2.17513,49.33642],[2.18288,49.3256]]]},"properties":{"code_territoire":"iris605040000","libelle_territoire":"Ponchon (commune non irisée)"}},
{"type":"Feature","geometry":{"type":"Polygon","coordinates":[[[2.5243,49.16051],[2.52367,49.15425],[2.53374,49.1534],[2.53237,49.14646],[2.53446,49.1497],[2.54199,49.14525],[2.54996,49.13992],[2.55498,49.14284],[2.56205,49.14029],[2.55863,49.14765],[2.57092,49.16758],[2.60005,49.16595],[2.60105,49.17591],[2.60537,49.17852],[2.58484,49.17311],[2.57952,49.18003],[2.5826,49.18449],[2.57151,49.18768],[2.56029,49.18852],[2.55295,49.17459],[2.53906,49.169],[2.52613,49.17257],[2.5243,49.16051]]]},"properties":{"code_territoire":"iris605050000","libelle_territoire":"Pontarmé (commune non irisée)"}},
{"type":"Feature","geometry":{"type":"Polygon","coordinates":[[[1.88525,49.46662],[1.89189,49.48109],[1.88927,49.48432],[1.8878,49.49194],[1.88021,49.49363],[1.87301,49.49883],[1.86508,49.49944],[1.85575,49.48919],[1.85397,49.48451],[1.85917,49.47882],[1.85596,49.47609],[1.86224,49.47332],[1.86116,49.47057],[1.86619,49.47205],[1.86754,49.46973],[1.88525,49.46662]]]},"properties":{"code_territoire":"iris606770000","libelle_territoire":"Villembray (commune non irisée)"}},
{"type":"Feature","geometry":{"type":"Polygon","coordinates":[[[2.08747,49.23358],[2.0923,49.23927],[2.08642,49.2454],[2.08061,49.24439],[2.07769,49.24854],[2.06302,49.2438],[2.06846,49.24114],[2.0637,49.23817],[2.06854,49.23081],[2.06372,49.22563],[2.06008,49.22682],[2.05607,49.22445],[2.05627,49.22091],[2.06507,49.21852],[2.07391,49.21823],[2.08017,49.22106],[2.07712,49.23155],[2.08747,49.23358]]]},"properties":{"code_territoire":"iris606780000","libelle_territoire":"Villeneuve-les-Sablons (commune non irisée)"}},
{"type":"Feature","geometry":{"type":"Polygon","coordinates":[[[3.08471,49.15934],[3.05667,49.16793],[3.04917,49.17294],[3.03875,49.16877],[3.04813,49.16271],[3.04567,49.15552],[3.04956,49.15085],[3.0687,49.15153],[3.0845,49.15762],[3.08943,49.15563],[3.08471,49.15934]]]},"properties":{"code_territoire":"iris606790000","libelle_territoire":"La Villeneuve-sous-Thury (commune non irisée)"}},
{"type":"Feature","geometry":{"type":"Polygon","coordinates":[[[2.7021,49.26732],[2.70658,49.27254],[2.70648,49.28012],[2.72149,49.29093],[2.71333,49.28924],[2.70772,49.29188],[2.70055,49.29203],[2.69747,49.29096],[2.69736,49.28561],[2.70093,49.27866],[2.68033,49.28239],[2.67477,49.27935],[2.66836,49.28235],[2.66681,49.27816],[2.6354,49.27812],[2.63935,49.27366],[2.65118,49.27169],[2.65129,49.26716],[2.66538,49.25955],[2.6884,49.26924],[2.7021,49.26732]]]},"properties":{"code_territoire":"iris606800000","libelle_territoire":"Villeneuve-sur-Verberie (commune non irisée)"}},
{"type":"Feature","geometry":{"type":"Polygon","coordinates":[[[1.94154,49.38709],[1.94676,49.39292],[1.96159,49.38679],[1.97105,49.39187],[1.97033,49.40003],[1.97567,49.39963],[1.98478,49.40775],[1.97838,49.41386],[1.98047,49.41557],[1.96959,49.41695],[1.97096,49.42236],[1.96773,49.42239],[1.96237,49.41487],[1.95151,49.41911],[1.92816,49.40409],[1.92124,49.39532],[1.92781,49.39029],[1.93517,49.39356],[1.93592,49.38851],[1.94154,49.38709]]]},"properties":{"code_territoire":"iris606810000","libelle_territoire":"Villers-Saint-Barthélemy (commune non irisée)"}},
{"type":"Feature","geometry":{"type":"Polygon","coordinates":[[[2.65979,49.23254],[2.65816,49.25345],[2.66624,49.25745],[2.66538,49.25955],[2.65129,49.26716],[2.65118,49.27169],[2.63935,49.27366],[2.6354,49.27812],[2.62217,49.27779],[2.60717,49.27753],[2.61714,49.27044],[2.61996,49.25887],[2.61196,49.24585],[2.62236,49.24578],[2.62187,49.23736],[2.62884,49.23166],[2.63339,49.23206],[2.63777,49.2263],[2.64633,49.23042],[2.65673,49.23062],[2.65979,49.23254]]]},"properties":{"code_territoire":"iris606820000","libelle_territoire":"Villers-Saint-Frambourg-Ognon (commune non irisée)"}},
{"type":"Feature","geometry":{"type":"Polygon","coordinates":[[[2.98987,49.56833],[2.9887,49.57257],[2.98598,49.57192],[2.98037,49.56368],[2.97434,49.55778],[2.97824,49.55821],[2.97704,49.55313],[2.98831,49.56336],[3.00007,49.56335],[3.00004,49.56603],[2.98987,49.56833]]]},"properties":{"code_territoire":"iris605060000","libelle_territoire":"Pont-l'Évêque (commune non irisée)"}},
{"type":"Feature","geometry":{"type":"Polygon","coordinates":[[[3.04437,49.55534],[3.03726,49.54867],[3.02738,49.54972],[3.0172,49.54327],[3.02944,49.53571],[3.03526,49.53774],[3.04638,49.53612],[3.04975,49.53079],[3.06313,49.52966],[3.06393,49.53526],[3.06018,49.5373],[3.06875,49.53927],[3.074,49.53594],[3.0734,49.5381],[3.06195,49.55049],[3.06151,49.55562],[3.04907,49.55883],[3.04489,49.55856],[3.04437,49.55534]]]},"properties":{"code_territoire":"iris605070000","libelle_territoire":"Pontoise-lès-Noyon (commune non irisée)"}},
{"type":"Feature","geometry":{"type":"Polygon","coordinates":[[[2.62217,49.27779],[2.6354,49.27812],[2.66681,49.27816],[2.66836,49.28235],[2.66593,49.28385],[2.672,49.29853],[2.68596,49.30657],[2.68903,49.31356],[2.67222,49.32016],[2.65349,49.32353],[2.62844,49.31707],[2.61926,49.30509],[2.61101,49.30418],[2.61265,49.29519],[2.62355,49.2855],[2.62217,49.27779]]]},"properties":{"code_territoire":"iris605080000","libelle_territoire":"Pontpoint (commune non irisée)"}},
{"type":"Feature","geometry":{"type":"Polygon","coordinates":[[[2.86107,49.13578],[2.87467,49.13582],[2.87509,49.13239],[2.88767,49.13192],[2.89232,49.12878],[2.91136,49.12683],[2.93572,49.14016],[2.93299,49.14372],[2.92864,49.14301],[2.92429,49.15004],[2.91658,49.15236],[2.90896,49.1521],[2.90426,49.15479],[2.88955,49.15302],[2.88428,49.15065],[2.88386,49.14304],[2.87711,49.14436],[2.87247,49.14089],[2.86062,49.14185],[2.85864,49.13994],[2.86365,49.13856],[2.86107,49.13578]]]},"properties":{"code_territoire":"iris606830000","libelle_territoire":"Villers-Saint-Genest (commune non irisée)"}},
{"type":"Feature","geometry":{"type":"Polygon","coordinates":[[[2.51064,49.2887],[2.49596,49.30212],[2.49593,49.29106],[2.47766,49.28756],[2.47684,49.285],[2.47333,49.28517],[2.48488,49.27987],[2.49591,49.27484],[2.51006,49.28098],[2.51064,49.2887]]]},"properties":{"code_territoire":"iris606840102","libelle_territoire":"Sud"}},
{"type":"Feature","geometry":{"type":"Polygon","coordinates":[[[2.47766,49.28756],[2.49593,49.29106],[2.49596,49.30212],[2.49619,49.30289],[2.4855,49.2997],[2.47766,49.28756]]]},"properties":{"code_territoire":"iris606840201","libelle_territoire":"Nord"}},
{"type":"Feature","geometry":{"type":"Polygon","coordinates":[[[2.18152,49.37117],[2.18291,49.36639],[2.19861,49.35626],[2.21735,49.3581],[2.22292,49.35908],[2.22596,49.36334],[2.23445,49.36264],[2.23855,49.36624],[2.23705,49.36921],[2.23157,49.36985],[2.22617,49.37593],[2.21937,49.37691],[2.22122,49.37881],[2.21255,49.38399],[2.2072,49.38404],[2.1991,49.37986],[2.19838,49.3747],[2.19613,49.37649],[2.18819,49.37513],[2.18152,49.37117]]]},"properties":{"code_territoire":"iris606850000","libelle_territoire":"Villers-Saint-Sépulcre (commune non irisée)"}},
{"type":"Feature","geometry":{"type":"Polygon","coordinates":[[[2.39781,49.20459],[2.40567,49.20638],[2.40094,49.2117],[2.40267,49.2167],[2.39517,49.22405],[2.38285,49.22594],[2.37851,49.22954],[2.36447,49.23321],[2.35988,49.23088],[2.36146,49.22858],[2.37474,49.21874],[2.38315,49.21141],[2.38508,49.20487],[2.39132,49.20433],[2.39781,49.20459]]]},"properties":{"code_territoire":"iris606860000","libelle_territoire":"Villers-sous-Saint-Leu (commune non irisée)"}},
{"type":"Feature","geometry":{"type":"Polygon","coordinates":[[[1.78899,49.49043],[1.77914,49.49085],[1.77196,49.48497],[1.77629,49.48267],[1.77266,49.4781],[1.77656,49.47312],[1.76598,49.46602],[1.77986,49.46416],[1.79953,49.45601],[1.80373,49.46194],[1.79926,49.46249],[1.79823,49.46556],[1.80932,49.46841],[1.81406,49.49041],[1.8065,49.49133],[1.80573,49.49439],[1.78899,49.49043]]]},"properties":{"code_territoire":"iris606870000","libelle_territoire":"Villers-sur-Auchy (commune non irisée)"}},
{"type":"Feature","geometry":{"type":"Polygon","coordinates":[[[2.60776,49.33871],[2.60336,49.33322],[2.60332,49.33312],[2.60316,49.33171],[2.60405,49.31053],[2.60437,49.30335],[2.61101,49.30418],[2.61926,49.30509],[2.62844,49.31707],[2.65349,49.32353],[2.64883,49.32668],[2.63912,49.32777],[2.62962,49.32583],[2.62444,49.332],[2.6182,49.33035],[2.60776,49.33871]]]},"properties":{"code_territoire":"iris605090101","libelle_territoire":"Sarron"}},
{"type":"Feature","geometry":{"type":"Polygon","coordinates":[[[2.58013,49.30332],[2.60437,49.30335],[2.60405,49.31053],[2.578,49.30638],[2.57661,49.30352],[2.58013,49.30332]]]},"properties":{"code_territoire":"iris605090201","libelle_territoire":"Pasteur"}},
{"type":"Feature","geometry":{"type":"Polygon","coordinates":[[[2.58482,49.29365],[2.59795,49.29845],[2.6027,49.29798],[2.60374,49.2916],[2.60479,49.29351],[2.60437,49.30335],[2.58013,49.30332],[2.58482,49.29365]]]},"properties":{"code_territoire":"iris605090301","libelle_territoire":"Boilet"}},
{"type":"Feature","geometry":{"type":"Polygon","coordinates":[[[1.97952,49.52995],[1.9792,49.53506],[1.97077,49.54108],[1.94322,49.54311],[1.94283,49.53288],[1.94621,49.53091],[1.9674,49.52362],[1.9752,49.52975],[1.97952,49.52995]]]},"properties":{"code_territoire":"iris606880000","libelle_territoire":"Villers-sur-Bonnières (commune non irisée)"}},
{"type":"Feature","geometry":{"type":"Polygon","coordinates":[[[2.826,49.49155],[2.81613,49.4946],[2.80992,49.50163],[2.79412,49.49552],[2.79503,49.49282],[2.78104,49.48602],[2.78386,49.47917],[2.79262,49.47431],[2.80038,49.47161],[2.80589,49.4728],[2.81566,49.47816],[2.81458,49.48124],[2.82731,49.4812],[2.826,49.49155]]]},"properties":{"code_territoire":"iris606890000","libelle_territoire":"Villers-sur-Coudun (commune non irisée)"}},
{"type":"Feature","geometry":{"type":"Polygon","coordinates":[[[1.72222,49.58905],[1.72008,49.58168],[1.70664,49.57981],[1.69749,49.58265],[1.69039,49.57995],[1.70082,49.57968],[1.69445,49.57504],[1.69769,49.57228],[1.70323,49.5778],[1.71403,49.57765],[1.73,49.5614],[1.73444,49.55689],[1.74287,49.56116],[1.75334,49.57107],[1.75247,49.57352],[1.74381,49.58251],[1.72222,49.58905]]]},"properties":{"code_territoire":"iris606910000","libelle_territoire":"Villers-Vermont (commune non irisée)"}},
{"type":"Feature","geometry":{"type":"Polygon","coordinates":[[[2.20887,49.63425],[2.20866,49.63016],[2.21219,49.63487],[2.23269,49.63253],[2.24154,49.63431],[2.24913,49.6367],[2.24814,49.6413],[2.25408,49.64395],[2.24753,49.64959],[2.23946,49.65021],[2.23478,49.65371],[2.2201,49.64976],[2.2133,49.64359],[2.20839,49.64535],[2.20687,49.64007],[2.21201,49.63811],[2.20887,49.63425]]]},"properties":{"code_territoire":"iris606920000","libelle_territoire":"Villers-Vicomte (commune non irisée)"}},
{"type":"Feature","geometry":{"type":"Polygon","coordinates":[[[3.10856,49.66443],[3.11732,49.66683],[3.12096,49.66022],[3.1278,49.66185],[3.12418,49.67689],[3.11435,49.68374],[3.12205,49.68827],[3.12636,49.69667],[3.11832,49.70597],[3.09666,49.70582],[3.09287,49.69983],[3.09992,49.6987],[3.10688,49.68862],[3.09906,49.68419],[3.10856,49.66443]]]},"properties":{"code_territoire":"iris606930000","libelle_territoire":"Villeselve (commune non irisée)"}},
{"type":"Feature","geometry":{"type":"Polygon","coordinates":[[[2.07902,49.33268],[2.06906,49.33358],[2.06668,49.33593],[2.06309,49.33549],[2.06287,49.33214],[2.05111,49.3362],[2.05506,49.33878],[2.05248,49.34158],[2.05566,49.34479],[2.04787,49.34245],[2.04237,49.34468],[2.03479,49.34359],[2.0342,49.34755],[2.02519,49.35261],[2.0201,49.3565],[2.01556,49.35583],[2.01456,49.35846],[2,49.36035],[1.99728,49.35168],[2.00416,49.34725],[1.9968,49.34159],[1.99403,49.33667],[2.00185,49.33133],[2.02269,49.33475],[2.02341,49.32744],[2.03457,49.32207],[2.04977,49.31649],[2.06242,49.32295],[2.07902,49.33268]]]},"properties":{"code_territoire":"iris606940000","libelle_territoire":"Les Hauts-Talican (commune non irisée)"}},
{"type":"Feature","geometry":{"type":"Polygon","coordinates":[[[2.59473,49.27728],[2.60423,49.28904],[2.60479,49.29351],[2.60374,49.2916],[2.6027,49.29798],[2.59795,49.29845],[2.58482,49.29365],[2.58571,49.27858],[2.59473,49.27728]]]},"properties":{"code_territoire":"iris605090401","libelle_territoire":"Terriers"}},
{"type":"Feature","geometry":{"type":"Polygon","coordinates":[[[2.61101,49.30418],[2.60437,49.30335],[2.60479,49.29351],[2.60423,49.28904],[2.59473,49.27728],[2.60717,49.27753],[2.62217,49.27779],[2.62355,49.2855],[2.61265,49.29519],[2.61101,49.30418]]]},"properties":{"code_territoire":"iris605090501","libelle_territoire":"Montignette"}},
{"type":"Feature","geometry":{"type":"Polygon","coordinates":[[[1.91598,49.32109],[1.92782,49.32611],[1.93237,49.32824],[1.93101,49.33351],[1.93586,49.33262],[1.94559,49.33935],[1.93673,49.33848],[1.93887,49.34289],[1.93334,49.35159],[1.91829,49.34714],[1.90616,49.33963],[1.91391,49.33622],[1.90981,49.33279],[1.91074,49.33163],[1.91598,49.32109]]]},"properties":{"code_territoire":"iris605100000","libelle_territoire":"Porcheux (commune non irisée)"}},
{"type":"Feature","geometry":{"type":"Polygon","coordinates":[[[2.97996,49.5937],[2.95809,49.60665],[2.94914,49.59909],[2.93984,49.60523],[2.92938,49.59821],[2.95033,49.58889],[2.9812,49.59298],[2.97996,49.5937]]]},"properties":{"code_territoire":"iris605110000","libelle_territoire":"Porquéricourt (commune non irisée)"}},
{"type":"Feature","geometry":{"type":"Polygon","coordinates":[[[2.46653,49.19829],[2.47942,49.19901],[2.501,49.1946],[2.52469,49.19657],[2.53005,49.19971],[2.52645,49.20097],[2.52828,49.20687],[2.52546,49.2096],[2.52809,49.21048],[2.52621,49.21286],[2.48474,49.21599],[2.46931,49.20334],[2.46653,49.19829]]]},"properties":{"code_territoire":"iris606950000","libelle_territoire":"Vineuil-Saint-Firmin (commune non irisée)"}},
{"type":"Feature","geometry":{"type":"Polygon","coordinates":[[[1.87471,49.52199],[1.87553,49.52406],[1.88592,49.5219],[1.8894,49.52426],[1.88698,49.52586],[1.89166,49.52421],[1.90381,49.54148],[1.9052,49.54012],[1.91005,49.54478],[1.90691,49.5496],[1.90203,49.54666],[1.89827,49.55052],[1.8953,49.54913],[1.87889,49.53886],[1.87232,49.52265],[1.87471,49.52199]]]},"properties":{"code_territoire":"iris606970000","libelle_territoire":"Vrocourt (commune non irisée)"}},
{"type":"Feature","geometry":{"type":"Polygon","coordinates":[[[2.62456,49.5253],[2.61724,49.52033],[2.61853,49.51521],[2.61101,49.50914],[2.60815,49.51125],[2.59566,49.50763],[2.59855,49.50409],[2.59584,49.50226],[2.60437,49.50138],[2.60141,49.49744],[2.60266,49.49354],[2.60947,49.49137],[2.61368,49.49527],[2.62663,49.49744],[2.62674,49.50148],[2.6341,49.5056],[2.63678,49.50432],[2.64886,49.51893],[2.63935,49.5198],[2.62456,49.5253]]]},"properties":{"code_territoire":"iris606980000","libelle_territoire":"Wacquemoulin (commune non irisée)"}},
{"type":"Feature","geometry":{"type":"Polygon","coordinates":[[[1.82044,49.52661],[1.82826,49.51617],[1.835,49.51718],[1.83559,49.51445],[1.85373,49.51261],[1.85556,49.51795],[1.86451,49.51743],[1.86627,49.52063],[1.86001,49.52662],[1.86085,49.53008],[1.85622,49.53158],[1.85445,49.52944],[1.84601,49.531],[1.83029,49.52929],[1.82044,49.52661]]]},"properties":{"code_territoire":"iris606990000","libelle_territoire":"Wambez (commune non irisée)"}},
{"type":"Feature","geometry":{"type":"Polygon","coordinates":[[[2.1928,49.39313],[2.18958,49.39519],[2.17876,49.3924],[2.1664,49.39445],[2.16976,49.40653],[2.16516,49.40584],[2.16625,49.40299],[2.16344,49.40428],[2.15929,49.40215],[2.14663,49.39988],[2.14002,49.4019],[2.13768,49.39664],[2.12147,49.39571],[2.12044,49.39227],[2.12753,49.39158],[2.12679,49.3881],[2.13148,49.38999],[2.13576,49.38718],[2.13672,49.3808],[2.13362,49.37858],[2.1372,49.37417],[2.12735,49.36997],[2.13154,49.36704],[2.13671,49.37079],[2.13665,49.37333],[2.14313,49.37497],[2.16196,49.3687],[2.17017,49.37886],[2.1703,49.37595],[2.17605,49.37625],[2.18152,49.37117],[2.18819,49.37513],[2.18196,49.37703],[2.18351,49.38143],[2.18737,49.38597],[2.19642,49.38762],[2.1928,49.39313]]]},"properties":{"code_territoire":"iris607000000","libelle_territoire":"Warluis (commune non irisée)"}},
{"type":"Feature","geometry":{"type":"Polygon","coordinates":[[[2.03685,49.26468],[2.03902,49.26916],[2.03584,49.27149],[2.0461,49.27719],[2.04567,49.28669],[2.04084,49.28927],[2.04054,49.29404],[2.03602,49.29502],[2.0312,49.27583],[2.02761,49.27275],[2.02139,49.2727],[2.01822,49.26847],[2.01243,49.27236],[2.00761,49.27048],[2.00823,49.26614],[2.01985,49.26381],[2.02081,49.26046],[2.03685,49.26468]]]},"properties":{"code_territoire":"iris605120000","libelle_territoire":"Pouilly (commune non irisée)"}},
{"type":"Feature","geometry":{"type":"Polygon","coordinates":[[[2.37474,49.21874],[2.33922,49.21484],[2.33921,49.21061],[2.3339,49.21088],[2.33166,49.20028],[2.33564,49.19705],[2.34632,49.1928],[2.363,49.19221],[2.37086,49.18541],[2.37551,49.18522],[2.38195,49.19396],[2.39132,49.20433],[2.38508,49.20487],[2.38315,49.21141],[2.37474,49.21874]]]},"properties":{"code_territoire":"iris605130000","libelle_territoire":"Précy-sur-Oise (commune non irisée)"}},
{"type":"Feature","geometry":{"type":"Polygon","coordinates":[[[1.99758,49.62575],[1.97828,49.61954],[1.97597,49.61345],[1.98015,49.61192],[1.99922,49.60481],[2.00156,49.59974],[2.00701,49.60062],[2.00178,49.60735],[2.00626,49.61443],[2.0217,49.62044],[2.017,49.62221],[2.02162,49.62643],[2.01111,49.63251],[1.99758,49.62575]]]},"properties":{"code_territoire":"iris605140000","libelle_territoire":"Prévillers (commune non irisée)"}},
{"type":"Feature","geometry":{"type":"Polygon","coordinates":[[[2.36193,49.56788],[2.35583,49.56669],[2.35694,49.56063],[2.3511,49.55224],[2.34162,49.55033],[2.32794,49.53403],[2.34645,49.52857],[2.36095,49.53561],[2.37193,49.5369],[2.37638,49.53418],[2.38258,49.53725],[2.3851,49.54151],[2.37902,49.54267],[2.38581,49.55022],[2.37842,49.55289],[2.38182,49.55516],[2.38342,49.55673],[2.37072,49.56257],[2.37442,49.56637],[2.36193,49.56788]]]},"properties":{"code_territoire":"iris607010000","libelle_territoire":"Wavignies (commune non irisée)"}},
{"type":"Feature","geometry":{"type":"Polygon","coordinates":[[[2.50329,49.60051],[2.50487,49.60376],[2.49172,49.61006],[2.52148,49.62694],[2.50474,49.63511],[2.50521,49.63958],[2.48841,49.63139],[2.48689,49.6262],[2.47786,49.62066],[2.47198,49.61834],[2.45983,49.60463],[2.44781,49.60289],[2.44414,49.60785],[2.43849,49.6066],[2.43757,49.60238],[2.43637,49.60037],[2.44216,49.59947],[2.44563,49.60265],[2.45374,49.59516],[2.43865,49.59051],[2.45103,49.59133],[2.45841,49.58912],[2.46782,49.59446],[2.48934,49.58802],[2.49722,49.58762],[2.49867,49.59721],[2.50145,49.5964],[2.50329,49.60051]]]},"properties":{"code_territoire":"iris607020000","libelle_territoire":"Welles-Pérennes (commune non irisée)"}},
{"type":"Feature","geometry":{"type":"Polygon","coordinates":[[[2.01637,49.40076],[2.02248,49.39774],[2.02628,49.39967],[2.03064,49.39318],[2.03589,49.39208],[2.05808,49.4083],[2.05795,49.41084],[2.06431,49.41115],[2.06592,49.41818],[2.06193,49.41942],[2.05632,49.41591],[2.05757,49.42122],[2.05346,49.41848],[2.05038,49.42091],[2.04412,49.41828],[2.03938,49.41934],[2.02835,49.40918],[2.02134,49.40873],[2.01637,49.40076]]]},"properties":{"code_territoire":"iris607030000","libelle_territoire":"Aux Marais (commune non irisée)"}},
{"type":"Feature","geometry":{"type":"Polygon","coordinates":[[[2.52602,49.47917],[2.52937,49.47736],[2.5241,49.47375],[2.52854,49.46704],[2.51428,49.46143],[2.50923,49.45713],[2.51197,49.45434],[2.51964,49.45368],[2.51682,49.45163],[2.52253,49.44976],[2.52623,49.45381],[2.52268,49.45528],[2.53031,49.45491],[2.53332,49.45851],[2.54108,49.45281],[2.55138,49.45558],[2.56068,49.46215],[2.5618,49.47577],[2.55185,49.48594],[2.54975,49.48784],[2.52625,49.48143],[2.52602,49.47917]]]},"properties":{"code_territoire":"iris605150000","libelle_territoire":"Pronleroy (commune non irisée)"}},
{"type":"Feature","geometry":{"type":"Polygon","coordinates":[[[1.74549,49.40915],[1.75245,49.40423],[1.7569,49.4055],[1.77094,49.39902],[1.77031,49.39708],[1.77309,49.39915],[1.77768,49.39722],[1.80427,49.40211],[1.80636,49.40703],[1.80191,49.41031],[1.78977,49.41552],[1.79759,49.42442],[1.78722,49.42829],[1.7801,49.42705],[1.77779,49.42492],[1.77308,49.42568],[1.77039,49.42226],[1.76695,49.42315],[1.75907,49.40994],[1.74549,49.40915]]]},"properties":{"code_territoire":"iris605160000","libelle_territoire":"Puiseux-en-Bray (commune non irisée)"}},
{"type":"Feature","geometry":{"type":"Polygon","coordinates":[[[2.24877,49.21428],[2.24954,49.22144],[2.23613,49.22583],[2.23408,49.23488],[2.22137,49.23325],[2.22564,49.22823],[2.21962,49.22528],[2.22462,49.22268],[2.216,49.22266],[2.21419,49.21344],[2.22367,49.20533],[2.22737,49.20778],[2.23064,49.20521],[2.2393,49.20621],[2.24877,49.21428]]]},"properties":{"code_territoire":"iris605170000","libelle_territoire":"Puiseux-le-Hauberger (commune non irisée)"}},
{"type":"Feature","geometry":{"type":"Polygon","coordinates":[[[2.18859,49.5709],[2.19983,49.57354],[2.20364,49.57904],[2.20732,49.57942],[2.19718,49.58989],[2.20102,49.59756],[2.19761,49.59909],[2.19146,49.59786],[2.18744,49.59074],[2.17577,49.59098],[2.17381,49.57871],[2.17716,49.57564],[2.18859,49.5709]]]},"properties":{"code_territoire":"iris605180000","libelle_territoire":"Puits-la-Vallée (commune non irisée)"}},
{"type":"Feature","geometry":{"type":"Polygon","coordinates":[[[3.04272,49.63912],[3.03728,49.63155],[3.03793,49.62635],[3.0462,49.62406],[3.04719,49.62137],[3.05451,49.62068],[3.06899,49.62162],[3.06912,49.63862],[3.06586,49.64372],[3.06054,49.64575],[3.05195,49.64117],[3.04566,49.64328],[3.04272,49.63912]]]},"properties":{"code_territoire":"iris605190000","libelle_territoire":"Quesmy (commune non irisée)"}},
{"type":"Feature","geometry":{"type":"Polygon","coordinates":[[[2.30634,49.49909],[2.31604,49.50303],[2.32528,49.50004],[2.33459,49.50248],[2.33855,49.50941],[2.33454,49.51046],[2.31593,49.51737],[2.30848,49.52371],[2.30896,49.5273],[2.30535,49.52613],[2.30117,49.51956],[2.30379,49.51683],[2.29468,49.50761],[2.30634,49.49909]]]},"properties":{"code_territoire":"iris605200000","libelle_territoire":"Le Quesnel-Aubry (commune non irisée)"}},
{"type":"Feature","geometry":{"type":"Polygon","coordinates":[[[1.76771,49.73163],[1.77286,49.73088],[1.77355,49.73352],[1.78219,49.73517],[1.79603,49.72706],[1.79807,49.72819],[1.79637,49.73629],[1.78512,49.75122],[1.78994,49.75376],[1.79402,49.75472],[1.79089,49.75761],[1.76423,49.75673],[1.74976,49.76386],[1.73882,49.74926],[1.74589,49.73874],[1.76438,49.73634],[1.76404,49.7325],[1.76771,49.73163]]]},"properties":{"code_territoire":"iris605210000","libelle_territoire":"Quincampoix-Fleuzy (commune non irisée)"}},
{"type":"Feature","geometry":{"type":"Polygon","coordinates":[[[2.39809,49.5483],[2.40853,49.53608],[2.41001,49.53419],[2.41975,49.53779],[2.42763,49.5364],[2.42822,49.53422],[2.43148,49.53555],[2.43701,49.53802],[2.43611,49.54408],[2.43616,49.5566],[2.4096,49.55907],[2.41099,49.55764],[2.39532,49.5516],[2.39809,49.5483]]]},"properties":{"code_territoire":"iris605220000","libelle_territoire":"Quinquempoix (commune non irisée)"}},
{"type":"Feature","geometry":{"type":"Polygon","coordinates":[[[2.02134,49.40873],[2.01332,49.41896],[2.00451,49.41699],[1.98847,49.41964],[1.98047,49.41557],[1.97838,49.41386],[1.98478,49.40775],[1.97567,49.39963],[1.97394,49.39637],[1.98177,49.39462],[1.99587,49.40005],[2.00624,49.39361],[2.01637,49.40076],[2.02134,49.40873]]]},"properties":{"code_territoire":"iris605230000","libelle_territoire":"Rainvillers (commune non irisée)"}},
{"type":"Feature","geometry":{"type":"Polygon","coordinates":[[[2.45024,49.33518],[2.44535,49.34256],[2.44141,49.34024],[2.44048,49.34813],[2.43127,49.34577],[2.42119,49.34308],[2.42328,49.33648],[2.42938,49.33276],[2.42328,49.3317],[2.42176,49.32678],[2.43238,49.32099],[2.44887,49.32433],[2.44484,49.33298],[2.45024,49.33518]]]},"properties":{"code_territoire":"iris605240000","libelle_territoire":"Rantigny (commune non irisée)"}},
{"type":"Feature","geometry":{"type":"Polygon","coordinates":[[[2.73879,49.2627],[2.74626,49.26693],[2.73905,49.27573],[2.73869,49.27623],[2.72638,49.27465],[2.71834,49.27675],[2.71714,49.27087],[2.70658,49.27254],[2.7021,49.26732],[2.70193,49.26177],[2.69653,49.26023],[2.70362,49.24998],[2.71513,49.24748],[2.7278,49.25749],[2.73009,49.25402],[2.73879,49.2627]]]},"properties":{"code_territoire":"iris605250000","libelle_territoire":"Raray (commune non irisée)"}},
{"type":"Feature","geometry":{"type":"Polygon","coordinates":[[[2.5352,49.52421],[2.52208,49.52411],[2.51702,49.52812],[2.51355,49.52663],[2.50339,49.5299],[2.50175,49.5273],[2.49262,49.53203],[2.48701,49.52996],[2.47319,49.52439],[2.47823,49.5165],[2.47499,49.51636],[2.47328,49.50368],[2.47027,49.50299],[2.47257,49.49844],[2.49564,49.49586],[2.50031,49.5009],[2.50952,49.50014],[2.51676,49.50344],[2.52246,49.51341],[2.53171,49.5143],[2.52594,49.51788],[2.5352,49.52421]]]},"properties":{"code_territoire":"iris605260000","libelle_territoire":"Ravenel (commune non irisée)"}},
{"type":"Feature","geometry":{"type":"Polygon","coordinates":[[[2.90144,49.08534],[2.92329,49.07759],[2.93346,49.0816],[2.93406,49.07906],[2.94063,49.07715],[2.94582,49.08832],[2.94603,49.09356],[2.94181,49.09321],[2.94155,49.09079],[2.92999,49.09517],[2.93279,49.09857],[2.93631,49.09706],[2.94217,49.09964],[2.93643,49.10301],[2.93833,49.10481],[2.93095,49.11025],[2.92675,49.10937],[2.92818,49.10642],[2.91816,49.09906],[2.90204,49.10133],[2.90613,49.0985],[2.90476,49.09411],[2.89608,49.08799],[2.90144,49.08534]]]},"properties":{"code_territoire":"iris605270000","libelle_territoire":"Réez-Fosse-Martin (commune non irisée)"}},
{"type":"Feature","geometry":{"type":"Polygon","coordinates":[[[1.85365,49.25704],[1.85334,49.25407],[1.83568,49.24499],[1.83833,49.22933],[1.84776,49.22219],[1.86632,49.22883],[1.86281,49.23173],[1.87505,49.23703],[1.88625,49.23758],[1.8788,49.24037],[1.87573,49.24856],[1.87688,49.25322],[1.85365,49.25704]]]},"properties":{"code_territoire":"iris605280000","libelle_territoire":"Reilly (commune non irisée)"}},
{"type":"Feature","geometry":{"type":"Polygon","coordinates":[[[2.47902,49.42256],[2.49498,49.41965],[2.50653,49.42792],[2.50167,49.43711],[2.49237,49.44066],[2.48533,49.43386],[2.48241,49.4344],[2.47902,49.42256]]]},"properties":{"code_territoire":"iris605290000","libelle_territoire":"Rémécourt (commune non irisée)"}},
{"type":"Feature","geometry":{"type":"Polygon","coordinates":[[[2.27437,49.43743],[2.28072,49.43444],[2.2797,49.43047],[2.285,49.4303],[2.2855,49.43526],[2.2929,49.43491],[2.2931,49.43704],[2.29968,49.43009],[2.30698,49.43359],[2.30355,49.43515],[2.31125,49.44643],[2.3167,49.44342],[2.32093,49.44643],[2.2955,49.4637],[2.28001,49.45976],[2.27801,49.46217],[2.26118,49.45857],[2.27653,49.44381],[2.27243,49.44061],[2.27437,49.43743]]]},"properties":{"code_territoire":"iris605300000","libelle_territoire":"Rémérangles (commune non irisée)"}},
{"type":"Feature","geometry":{"type":"Polygon","coordinates":[[[2.71698,49.47103],[2.7122,49.47135],[2.70706,49.46548],[2.71048,49.46494],[2.70648,49.4584],[2.71055,49.45806],[2.70904,49.4556],[2.70179,49.4562],[2.69761,49.44935],[2.69127,49.44679],[2.69339,49.44515],[2.68113,49.43958],[2.67336,49.44122],[2.67306,49.43829],[2.65943,49.43367],[2.6583,49.42674],[2.66163,49.42399],[2.67189,49.41881],[2.6732,49.4153],[2.69067,49.41535],[2.69445,49.41115],[2.69925,49.4138],[2.71638,49.41559],[2.72592,49.41225],[2.72765,49.41362],[2.73791,49.42036],[2.7391,49.42826],[2.72538,49.43339],[2.72763,49.43905],[2.72216,49.4469],[2.7312,49.45398],[2.72595,49.46546],[2.71698,49.47103]]]},"properties":{"code_territoire":"iris605310000","libelle_territoire":"Remy (commune non irisée)"}},
{"type":"Feature","geometry":{"type":"Polygon","coordinates":[[[2.70324,49.52882],[2.70883,49.51936],[2.72025,49.51739],[2.72768,49.52569],[2.74228,49.52308],[2.75629,49.52764],[2.75272,49.52817],[2.75964,49.53239],[2.76058,49.54286],[2.73915,49.55006],[2.73017,49.55121],[2.72906,49.54948],[2.72285,49.54191],[2.71404,49.54229],[2.71047,49.53681],[2.71326,49.5374],[2.71279,49.53537],[2.70324,49.52882]]]},"properties":{"code_territoire":"iris605330000","libelle_territoire":"Ressons-sur-Matz (commune non irisée)"}},
{"type":"Feature","geometry":{"type":"Polygon","coordinates":[[[2.95874,49.41049],[2.95911,49.41798],[2.97496,49.42116],[2.9642,49.43267],[2.95312,49.43358],[2.95529,49.43599],[2.94967,49.43734],[2.94153,49.45891],[2.9294,49.44168],[2.93427,49.44061],[2.93355,49.43613],[2.91872,49.42456],[2.9218,49.41889],[2.93015,49.41525],[2.95874,49.41049]]]},"properties":{"code_territoire":"iris605340000","libelle_territoire":"Rethondes (commune non irisée)"}},
{"type":"Feature","geometry":{"type":"Polygon","coordinates":[[[2.1862,49.5179],[2.18884,49.51397],[2.19785,49.51314],[2.2035,49.5095],[2.20701,49.51115],[2.2179,49.50655],[2.22032,49.50828],[2.22987,49.50034],[2.23761,49.50251],[2.24386,49.50851],[2.25032,49.51875],[2.25914,49.52301],[2.25939,49.52591],[2.25273,49.52738],[2.25284,49.52555],[2.23962,49.52545],[2.24952,49.53711],[2.23844,49.54256],[2.23124,49.54287],[2.22644,49.54647],[2.21439,49.53522],[2.21018,49.5258],[2.19791,49.52017],[2.19058,49.52248],[2.1899,49.51862],[2.18707,49.51897],[2.1862,49.5179]]]},"properties":{"code_territoire":"iris605350000","libelle_territoire":"Reuil-sur-Brêche (commune non irisée)"}},
{"type":"Feature","geometry":{"type":"Polygon","coordinates":[[[2.70055,49.29203],[2.70772,49.29188],[2.71031,49.30024],[2.70336,49.30487],[2.70401,49.31426],[2.68903,49.31356],[2.68596,49.30657],[2.70055,49.29203]]]},"properties":{"code_territoire":"iris605360000","libelle_territoire":"Rhuis (commune non irisée)"}},
{"type":"Feature","geometry":{"type":"Polygon","coordinates":[[[2.88095,49.52552],[2.88626,49.52943],[2.89902,49.52386],[2.91212,49.50585],[2.9189,49.50497],[2.91949,49.4996],[2.92616,49.49886],[2.92517,49.49487],[2.93339,49.4935],[2.93352,49.49652],[2.94579,49.49862],[2.93577,49.50345],[2.93836,49.50771],[2.94275,49.50825],[2.93781,49.51269],[2.94002,49.51585],[2.93111,49.51834],[2.94626,49.53442],[2.92602,49.53922],[2.92335,49.54202],[2.91582,49.54195],[2.89181,49.54018],[2.89231,49.5372],[2.88714,49.53548],[2.89268,49.53247],[2.88785,49.53033],[2.88148,49.53253],[2.87832,49.5267],[2.88095,49.52552]]]},"properties":{"code_territoire":"iris605370000","libelle_territoire":"Ribécourt-Dreslincourt (commune non irisée)"}},
{"type":"Feature","geometry":{"type":"Polygon","coordinates":[[[2.7835,49.56863],[2.77607,49.5674],[2.7556,49.56376],[2.75363,49.56808],[2.74208,49.56923],[2.73654,49.56526],[2.73377,49.567],[2.72742,49.5619],[2.72869,49.55945],[2.74597,49.55615],[2.75246,49.55712],[2.75434,49.55249],[2.76599,49.54921],[2.76702,49.54911],[2.78469,49.56491],[2.7835,49.56863]]]},"properties":{"code_territoire":"iris605380000","libelle_territoire":"Ricquebourg (commune non irisée)"}},
{"type":"Feature","geometry":{"type":"Polygon","coordinates":[[[2.52606,49.29893],[2.52324,49.3069],[2.51462,49.30879],[2.50777,49.30217],[2.50152,49.30518],[2.49619,49.30289],[2.49596,49.30212],[2.51064,49.2887],[2.51536,49.29484],[2.52606,49.29893]]]},"properties":{"code_territoire":"iris605390000","libelle_territoire":"Rieux (commune non irisée)"}},
{"type":"Feature","geometry":{"type":"Polygon","coordinates":[[[2.75647,49.34387],[2.758,49.34423],[2.74505,49.35731],[2.74099,49.35889],[2.73095,49.35722],[2.72992,49.3518],[2.72195,49.34834],[2.73621,49.33094],[2.74624,49.34326],[2.75647,49.34387]]]},"properties":{"code_territoire":"iris605400000","libelle_territoire":"Rivecourt (commune non irisée)"}},
{"type":"Feature","geometry":{"type":"Polygon","coordinates":[[[2.68596,49.30657],[2.672,49.29853],[2.66593,49.28385],[2.66836,49.28235],[2.67477,49.27935],[2.68033,49.28239],[2.70093,49.27866],[2.69736,49.28561],[2.69747,49.29096],[2.70055,49.29203],[2.68596,49.30657]]]},"properties":{"code_territoire":"iris605410000","libelle_territoire":"Roberval (commune non irisée)"}},
{"type":"Feature","geometry":{"type":"Polygon","coordinates":[[[2.21559,49.40351],[2.20988,49.40917],[2.20612,49.40512],[2.19491,49.40927],[2.19708,49.41254],[2.19385,49.41605],[2.18233,49.42081],[2.16976,49.40653],[2.1664,49.39445],[2.17876,49.3924],[2.18958,49.39519],[2.1928,49.39313],[2.19663,49.39195],[2.20922,49.40015],[2.21375,49.3978],[2.21197,49.40104],[2.21559,49.40351]]]},"properties":{"code_territoire":"iris605420000","libelle_territoire":"Rochy-Condé (commune non irisée)"}}
]}