{"type":"FeatureCollection", "features": [
{"type":"Feature","geometry":{"type":"Polygon","coordinates":[[[1.84066,50.10428],[1.83827,50.11086],[1.8261,50.11395],[1.84029,50.10007],[1.84066,50.10428]]]},"properties":{"code_territoire":"iris800010101","libelle_territoire":"Centre Ville Émonville"}},
{"type":"Feature","geometry":{"type":"Polygon","coordinates":[[[1.8261,50.11395],[1.82591,50.11404],[1.82416,50.11279],[1.82926,50.10097],[1.83924,50.09897],[1.84029,50.10007],[1.8261,50.11395]]]},"properties":{"code_territoire":"iris800010102","libelle_territoire":"Centre Ville-Saint-Vulfran"}},
{"type":"Feature","geometry":{"type":"Polygon","coordinates":[[[1.82082,50.08646],[1.82301,50.0906],[1.83599,50.09239],[1.83924,50.09897],[1.82926,50.10097],[1.82416,50.11279],[1.80557,50.11245],[1.80214,50.11368],[1.80358,50.11923],[1.79395,50.12014],[1.79453,50.11633],[1.7896,50.10608],[1.79156,50.10267],[1.79765,50.10136],[1.80551,50.09152],[1.82082,50.08646]]]},"properties":{"code_territoire":"iris800010201","libelle_territoire":"La Gare-Rouvroy-La Portelette"}},
{"type":"Feature","geometry":{"type":"Polygon","coordinates":[[[1.79395,50.12014],[1.80358,50.11923],[1.80214,50.11368],[1.80557,50.11245],[1.82416,50.11279],[1.82591,50.11404],[1.83618,50.12013],[1.82984,50.12122],[1.82968,50.12424],[1.83575,50.13202],[1.84377,50.13441],[1.83495,50.14021],[1.83173,50.13617],[1.82189,50.13533],[1.81886,50.14225],[1.81178,50.14312],[1.80881,50.12539],[1.80481,50.12188],[1.79564,50.12227],[1.79395,50.12014]]]},"properties":{"code_territoire":"iris800010301","libelle_territoire":"Faubourg de Menchecourt"}},
{"type":"Feature","geometry":{"type":"Polygon","coordinates":[[[1.84377,50.13441],[1.83575,50.13202],[1.82968,50.12424],[1.82984,50.12122],[1.83618,50.12013],[1.82591,50.11404],[1.8261,50.11395],[1.83827,50.11086],[1.84066,50.10428],[1.84174,50.10428],[1.86728,50.11165],[1.86887,50.11277],[1.86069,50.1188],[1.8628,50.12107],[1.85966,50.11965],[1.8582,50.12212],[1.84796,50.12779],[1.84377,50.13441]]]},"properties":{"code_territoire":"iris800010401","libelle_territoire":"Faubourg de la Bouvaque"}},
{"type":"Feature","geometry":{"type":"Polygon","coordinates":[[[1.86728,50.11165],[1.84174,50.10428],[1.84347,50.1009],[1.85355,50.10098],[1.86678,50.0972],[1.86728,50.11165]]]},"properties":{"code_territoire":"iris800010501","libelle_territoire":"La Porte au Bois"}},
{"type":"Feature","geometry":{"type":"Polygon","coordinates":[[[1.84998,50.08272],[1.84291,50.09317],[1.85289,50.09375],[1.85652,50.09822],[1.85355,50.10098],[1.84347,50.1009],[1.84174,50.10428],[1.84066,50.10428],[1.84029,50.10007],[1.83924,50.09897],[1.83599,50.09239],[1.82301,50.0906],[1.82082,50.08646],[1.8305,50.08324],[1.83629,50.07711],[1.83971,50.07807],[1.84998,50.08272]]]},"properties":{"code_territoire":"iris800010502","libelle_territoire":"Delique-Saint-Gilles"}},
{"type":"Feature","geometry":{"type":"Polygon","coordinates":[[[1.86678,50.0972],[1.85355,50.10098],[1.85652,50.09822],[1.85289,50.09375],[1.84291,50.09317],[1.84998,50.08272],[1.85661,50.08459],[1.8611,50.08284],[1.8742,50.09374],[1.86678,50.0972]]]},"properties":{"code_territoire":"iris800010503","libelle_territoire":"Ponthieu-Bagatelle"}},
{"type":"Feature","geometry":{"type":"Polygon","coordinates":[[[2.79864,49.8497],[2.79986,49.83349],[2.80021,49.83141],[2.81213,49.83221],[2.81127,49.82758],[2.81991,49.82407],[2.8244,49.8251],[2.82837,49.83154],[2.831,49.82782],[2.84764,49.83437],[2.85456,49.84149],[2.84825,49.84222],[2.84948,49.84581],[2.83387,49.84786],[2.84076,49.8576],[2.83313,49.85834],[2.81903,49.85837],[2.81943,49.85466],[2.81488,49.85272],[2.81047,49.85101],[2.79918,49.85339],[2.79864,49.8497]]]},"properties":{"code_territoire":"iris800020000","libelle_territoire":"Ablaincourt-Pressoir (commune non irisée)"}},
{"type":"Feature","geometry":{"type":"Polygon","coordinates":[[[2.52778,50.08803],[2.51432,50.07687],[2.518,50.07207],[2.51336,50.06531],[2.51405,50.05776],[2.53502,50.05462],[2.55041,50.07208],[2.54259,50.08735],[2.52778,50.08803]]]},"properties":{"code_territoire":"iris800030000","libelle_territoire":"Acheux-en-Amiénois (commune non irisée)"}},
{"type":"Feature","geometry":{"type":"Polygon","coordinates":[[[1.66028,50.08881],[1.66614,50.08832],[1.66821,50.08379],[1.65971,50.08018],[1.6657,50.07458],[1.65378,50.06739],[1.65222,50.05951],[1.65677,50.0566],[1.63925,50.04571],[1.6434,50.04185],[1.63738,50.03937],[1.6487,50.03657],[1.67695,50.05095],[1.67583,50.05369],[1.69116,50.0592],[1.69146,50.0714],[1.69901,50.08238],[1.69955,50.08436],[1.69783,50.08281],[1.6867,50.0875],[1.67181,50.08594],[1.68067,50.09088],[1.66464,50.09707],[1.65696,50.09046],[1.66028,50.08881]]]},"properties":{"code_territoire":"iris800040000","libelle_territoire":"Acheux-en-Vimeu (commune non irisée)"}},
{"type":"Feature","geometry":{"type":"Polygon","coordinates":[[[2.11326,50.18218],[2.10331,50.18428],[2.09832,50.17836],[2.10239,50.17671],[2.10039,50.1721],[2.09599,50.17254],[2.09361,50.1668],[2.10287,50.15834],[2.11871,50.16799],[2.12205,50.17339],[2.11605,50.17584],[2.11565,50.1824],[2.11326,50.18218]]]},"properties":{"code_territoire":"iris800050000","libelle_territoire":"Agenville (commune non irisée)"}},
{"type":"Feature","geometry":{"type":"Polygon","coordinates":[[[1.91382,50.16641],[1.91219,50.16328],[1.92091,50.16397],[1.93429,50.16688],[1.9322,50.16975],[1.94006,50.17257],[1.93483,50.18201],[1.94042,50.18517],[1.9387,50.19007],[1.94185,50.19211],[1.9355,50.19446],[1.92079,50.19403],[1.9103,50.18724],[1.91004,50.1834],[1.90005,50.1797],[1.91258,50.17379],[1.91382,50.16641]]]},"properties":{"code_territoire":"iris800060000","libelle_territoire":"Agenvillers (commune non irisée)"}},
{"type":"Feature","geometry":{"type":"Polygon","coordinates":[[[1.6487,50.03657],[1.63738,50.03937],[1.6434,50.04185],[1.63925,50.04571],[1.62239,50.04707],[1.60941,50.0456],[1.60392,50.04887],[1.59089,50.04629],[1.57784,50.05039],[1.5697,50.03997],[1.58372,50.03549],[1.58213,50.03009],[1.5858,50.02966],[1.58934,50.03188],[1.59717,50.02846],[1.60325,50.02089],[1.60806,50.02071],[1.61172,50.02416],[1.62719,50.02293],[1.64101,50.03404],[1.65013,50.03242],[1.6487,50.03657]]]},"properties":{"code_territoire":"iris800080000","libelle_territoire":"Aigneville (commune non irisée)"}},
{"type":"Feature","geometry":{"type":"Polygon","coordinates":[[[1.99617,50.05964],[2.00133,50.06182],[1.9991,50.06683],[2.00256,50.06882],[1.99921,50.07041],[2.00366,50.07515],[2.01221,50.0774],[2.01579,50.07399],[2.02337,50.07332],[2.02414,50.08017],[2.02801,50.08129],[2.0197,50.09085],[2.02923,50.09646],[2.02781,50.09664],[2.02336,50.09419],[2.0182,50.09722],[2.00016,50.09412],[1.98907,50.09644],[1.98147,50.09074],[1.97841,50.09306],[1.96817,50.09096],[1.96452,50.08752],[1.96808,50.0869],[1.96581,50.07868],[1.97063,50.07775],[1.9685,50.07564],[1.98743,50.06256],[1.99617,50.05964]]]},"properties":{"code_territoire":"iris800090000","libelle_territoire":"Ailly-le-Haut-Clocher (commune non irisée)"}},
{"type":"Feature","geometry":{"type":"Polygon","coordinates":[[[2.28277,49.72994],[2.29481,49.72518],[2.32318,49.73452],[2.3364,49.73329],[2.34195,49.73825],[2.36664,49.73328],[2.3788,49.73278],[2.37859,49.73542],[2.38694,49.73755],[2.38425,49.74246],[2.39993,49.74334],[2.40218,49.74142],[2.41062,49.74385],[2.42936,49.755],[2.41225,49.75322],[2.40379,49.75493],[2.40547,49.75849],[2.40187,49.7582],[2.40145,49.76279],[2.39217,49.76113],[2.39339,49.76643],[2.37197,49.76745],[2.37099,49.77231],[2.36789,49.77339],[2.35828,49.76455],[2.35013,49.752],[2.31985,49.75626],[2.28587,49.74957],[2.2782,49.74824],[2.28104,49.74379],[2.27577,49.74154],[2.27575,49.73719],[2.27642,49.73314],[2.28277,49.72994]]]},"properties":{"code_territoire":"iris800100000","libelle_territoire":"Ailly-sur-Noye (commune non irisée)"}},
{"type":"Feature","geometry":{"type":"Polygon","coordinates":[[[2.18338,49.9419],[2.18017,49.93878],[2.18846,49.93279],[2.18748,49.92832],[2.18475,49.92521],[2.17167,49.92657],[2.16448,49.92343],[2.15789,49.91649],[2.16354,49.914],[2.15724,49.90946],[2.16295,49.90317],[2.15519,49.89902],[2.15129,49.9007],[2.15361,49.89515],[2.16677,49.88997],[2.17632,49.8954],[2.18788,49.89377],[2.19985,49.89451],[2.20082,49.89876],[2.19526,49.9037],[2.21154,49.90452],[2.21096,49.90685],[2.21888,49.90986],[2.21026,49.91382],[2.22062,49.92422],[2.21651,49.92683],[2.18338,49.9419]]]},"properties":{"code_territoire":"iris800110000","libelle_territoire":"Ailly-sur-Somme (commune non irisée)"}},
{"type":"Feature","geometry":{"type":"Polygon","coordinates":[[[1.9354,49.99895],[1.91992,49.99143],[1.91633,49.99403],[1.90384,49.9906],[1.90628,49.98778],[1.90085,49.98543],[1.90058,49.98174],[1.90384,49.97998],[1.89839,49.97833],[1.90233,49.97222],[1.91156,49.96765],[1.91186,49.96289],[1.92041,49.96249],[1.92035,49.95861],[1.91259,49.95275],[1.9182,49.95074],[1.92382,49.95283],[1.93242,49.94846],[1.94409,49.94902],[1.94542,49.94352],[1.94832,49.94367],[1.96305,49.94319],[1.9601,49.94655],[1.96637,49.94974],[1.96824,49.95552],[1.97103,49.95443],[1.97212,49.97027],[1.99091,49.97163],[2.00158,49.97576],[2.00376,49.98341],[1.98878,49.98452],[1.97748,49.9906],[1.96431,49.98061],[1.95884,49.98052],[1.94645,49.98765],[1.95239,49.9963],[1.9357,49.99649],[1.93546,49.99841],[1.9354,49.99895]]]},"properties":{"code_territoire":"iris800130000","libelle_territoire":"Airaines (commune non irisée)"}},
{"type":"Feature","geometry":{"type":"Polygon","coordinates":[[[3.01269,49.98998],[3.01909,49.99077],[3.01424,49.98389],[3.02093,49.98436],[3.01937,49.97929],[3.02446,49.97543],[3.04362,49.97813],[3.04579,49.98256],[3.03298,49.99151],[3.03405,49.99532],[3.02948,49.99863],[3.02413,49.99546],[3.01409,49.99594],[3.01269,49.98998]]]},"properties":{"code_territoire":"iris800140000","libelle_territoire":"Aizecourt-le-Bas (commune non irisée)"}},
{"type":"Feature","geometry":{"type":"Polygon","coordinates":[[[2.96445,49.95954],[2.97209,49.95575],[2.98114,49.96041],[2.98836,49.95822],[2.99231,49.96012],[2.99396,49.97006],[3.00241,49.97349],[3.0003,49.9803],[2.96517,49.96667],[2.96445,49.95954]]]},"properties":{"code_territoire":"iris800150000","libelle_territoire":"Aizecourt-le-Haut (commune non irisée)"}},
{"type":"Feature","geometry":{"type":"Polygon","coordinates":[[[2.6572,49.99332],[2.64815,49.99954],[2.64117,49.99722],[2.63881,49.98866],[2.64257,49.98226],[2.64726,49.98287],[2.6572,49.99332]]]},"properties":{"code_territoire":"iris800160101","libelle_territoire":"Quartier 1"}},
{"type":"Feature","geometry":{"type":"Polygon","coordinates":[[[2.67569,50.01279],[2.65801,50.00458],[2.64642,50.00413],[2.61342,49.99142],[2.61078,49.99064],[2.61905,49.9902],[2.62453,49.98679],[2.62731,49.99048],[2.63271,49.98912],[2.63506,49.9937],[2.63881,49.98866],[2.64117,49.99722],[2.64815,49.99954],[2.6572,49.99332],[2.66896,49.99513],[2.68444,49.9949],[2.67991,49.99599],[2.68306,50.00061],[2.67523,50.00041],[2.67421,50.00263],[2.686,50.00466],[2.69219,50.01068],[2.67795,50.01058],[2.67569,50.01279]]]},"properties":{"code_territoire":"iris800160201","libelle_territoire":"Quartier 2"}},
{"type":"Feature","geometry":{"type":"Polygon","coordinates":[[[2.61342,49.99142],[2.64642,50.00413],[2.65801,50.00458],[2.67569,50.01279],[2.67775,50.01976],[2.66824,50.01668],[2.66476,50.01783],[2.66637,50.02138],[2.66317,50.0185],[2.64812,50.01633],[2.64694,50.02084],[2.64174,50.0209],[2.64136,50.02308],[2.63162,50.02571],[2.6284,50.02332],[2.63246,50.02216],[2.63275,50.01541],[2.62557,50.00924],[2.61653,50.00938],[2.62113,49.9973],[2.61342,49.99142]]]},"properties":{"code_territoire":"iris800160301","libelle_territoire":"Quartier 3"}},
{"type":"Feature","geometry":{"type":"Polygon","coordinates":[[[2.94043,49.98317],[2.92303,49.96712],[2.91607,49.96747],[2.91372,49.95877],[2.90759,49.95418],[2.91577,49.94962],[2.93115,49.94565],[2.92718,49.9536],[2.93106,49.95849],[2.93877,49.95275],[2.9546,49.95479],[2.95438,49.95214],[2.96445,49.95954],[2.96517,49.96667],[2.95263,49.97167],[2.94043,49.98317]]]},"properties":{"code_territoire":"iris800170000","libelle_territoire":"Allaines (commune non irisée)"}},
{"type":"Feature","geometry":{"type":"Polygon","coordinates":[[[1.49157,50.09555],[1.48597,50.08357],[1.47672,50.07898],[1.48125,50.07652],[1.47907,50.07538],[1.4818,50.07314],[1.50606,50.08921],[1.50664,50.09005],[1.49769,50.09831],[1.49157,50.09555]]]},"properties":{"code_territoire":"iris800180000","libelle_territoire":"Allenay (commune non irisée)"}},
{"type":"Feature","geometry":{"type":"Polygon","coordinates":[[[1.85913,49.97648],[1.86455,49.97111],[1.86341,49.96225],[1.8622,49.95352],[1.8569,49.95026],[1.8649,49.9463],[1.86244,49.94552],[1.86984,49.93832],[1.88419,49.93786],[1.88669,49.94047],[1.91259,49.95275],[1.92035,49.95861],[1.92041,49.96249],[1.91186,49.96289],[1.91156,49.96765],[1.90233,49.97222],[1.89839,49.97833],[1.87907,49.97473],[1.87874,49.97719],[1.86781,49.97625],[1.86306,49.97935],[1.85913,49.97648]]]},"properties":{"code_territoire":"iris800190000","libelle_territoire":"Allery (commune non irisée)"}},
{"type":"Feature","geometry":{"type":"Polygon","coordinates":[[[2.35441,49.92458],[2.35472,49.92784],[2.3655,49.92811],[2.38525,49.92144],[2.38115,49.92472],[2.39585,49.93168],[2.39025,49.93273],[2.39599,49.94473],[2.38981,49.95202],[2.38652,49.95598],[2.37942,49.9554],[2.37516,49.96029],[2.37174,49.95683],[2.37547,49.95353],[2.36618,49.94573],[2.36196,49.94692],[2.35399,49.94046],[2.34735,49.94348],[2.33577,49.93799],[2.3288,49.93889],[2.32608,49.93539],[2.33284,49.9339],[2.33043,49.93083],[2.33994,49.92844],[2.35441,49.92458]]]},"properties":{"code_territoire":"iris800200000","libelle_territoire":"Allonville (commune non irisée)"}},
{"type":"Feature","geometry":{"type":"Polygon","coordinates":[[[2.31873,49.87303],[2.31447,49.87546],[2.30652,49.87439],[2.30723,49.87094],[2.31992,49.87143],[2.31873,49.87303]]]},"properties":{"code_territoire":"iris800210802","libelle_territoire":"Sud-Est 2"}},
{"type":"Feature","geometry":{"type":"Polygon","coordinates":[[[2.25629,49.91893],[2.25741,49.91845],[2.26581,49.91602],[2.2673,49.92017],[2.28187,49.92899],[2.2888,49.92401],[2.28053,49.94095],[2.27637,49.95058],[2.26472,49.94477],[2.26661,49.94256],[2.261,49.93998],[2.2657,49.93749],[2.24255,49.92327],[2.25629,49.91893]]]},"properties":{"code_territoire":"iris800210101","libelle_territoire":"Longpré"}},
{"type":"Feature","geometry":{"type":"Polygon","coordinates":[[[2.23527,49.91322],[2.24054,49.91198],[2.24779,49.91222],[2.2479,49.91436],[2.25076,49.91625],[2.25725,49.91718],[2.25741,49.91845],[2.25629,49.91893],[2.2547,49.91879],[2.24074,49.91873],[2.23771,49.91733],[2.24064,49.91495],[2.23527,49.91322]]]},"properties":{"code_territoire":"iris800210201","libelle_territoire":"Étouvie 1"}},
{"type":"Feature","geometry":{"type":"Polygon","coordinates":[[[2.25257,49.9144],[2.25076,49.91625],[2.2479,49.91436],[2.25257,49.9144]]]},"properties":{"code_territoire":"iris800210202","libelle_territoire":"Étouvie 2"}},
{"type":"Feature","geometry":{"type":"Polygon","coordinates":[[[2.25725,49.91718],[2.25076,49.91625],[2.25257,49.9144],[2.25782,49.91538],[2.25725,49.91718]]]},"properties":{"code_territoire":"iris800210203","libelle_territoire":"Étouvie 3"}},
{"type":"Feature","geometry":{"type":"Polygon","coordinates":[[[2.2479,49.91436],[2.24779,49.91222],[2.24054,49.91198],[2.25213,49.90938],[2.25782,49.91538],[2.25257,49.9144],[2.2479,49.91436]]]},"properties":{"code_territoire":"iris800210204","libelle_territoire":"Étouvie 4"}},
{"type":"Feature","geometry":{"type":"Polygon","coordinates":[[[2.22684,49.89976],[2.2674,49.90452],[2.27123,49.90585],[2.26476,49.90787],[2.26513,49.91395],[2.26581,49.91602],[2.25741,49.91845],[2.25725,49.91718],[2.25782,49.91538],[2.25213,49.90938],[2.24054,49.91198],[2.23527,49.91322],[2.22691,49.90603],[2.22357,49.90261],[2.22684,49.89976]]]},"properties":{"code_territoire":"iris800210301","libelle_territoire":"Montières"}},
{"type":"Feature","geometry":{"type":"Polygon","coordinates":[[[2.25334,49.89007],[2.26449,49.89744],[2.27127,49.89713],[2.27192,49.89782],[2.2674,49.90452],[2.22684,49.89976],[2.22921,49.89593],[2.25334,49.89007]]]},"properties":{"code_territoire":"iris800210401","libelle_territoire":"Renancourt"}},
{"type":"Feature","geometry":{"type":"Polygon","coordinates":[[[2.25913,49.88192],[2.27863,49.88647],[2.2786,49.88666],[2.27705,49.89073],[2.28188,49.89332],[2.28208,49.89371],[2.27127,49.89713],[2.26449,49.89744],[2.25334,49.89007],[2.25706,49.88708],[2.25336,49.8807],[2.25913,49.88192]]]},"properties":{"code_territoire":"iris800210501","libelle_territoire":"Petit Saint-Jean"}},
{"type":"Feature","geometry":{"type":"Polygon","coordinates":[[[2.28188,49.89332],[2.27705,49.89073],[2.2786,49.88666],[2.2788,49.88674],[2.28252,49.89047],[2.2886,49.88923],[2.29017,49.8902],[2.28751,49.89151],[2.28188,49.89332]]]},"properties":{"code_territoire":"iris800210602","libelle_territoire":"Saint-Honoré-Jeanne d'Arc 2"}},
{"type":"Feature","geometry":{"type":"Polygon","coordinates":[[[2.2886,49.88923],[2.28252,49.89047],[2.2788,49.88674],[2.28435,49.88748],[2.2886,49.88923]]]},"properties":{"code_territoire":"iris800210603","libelle_territoire":"Saint-Honoré-Jeanne d'Arc 3"}},
{"type":"Feature","geometry":{"type":"Polygon","coordinates":[[[2.28495,49.88163],[2.28927,49.88799],[2.28435,49.88748],[2.2788,49.88674],[2.2786,49.88666],[2.27863,49.88647],[2.28258,49.88337],[2.28495,49.88163]]]},"properties":{"code_territoire":"iris800210604","libelle_territoire":"Saint-Honoré-Jeanne d'Arc 4"}},
{"type":"Feature","geometry":{"type":"Polygon","coordinates":[[[2.29301,49.88641],[2.29503,49.88909],[2.29017,49.8902],[2.2886,49.88923],[2.28435,49.88748],[2.28927,49.88799],[2.28495,49.88163],[2.29082,49.87978],[2.29301,49.88641]]]},"properties":{"code_territoire":"iris800210605","libelle_territoire":"Saint-Honoré-Jeanne d'Arc 5"}},
{"type":"Feature","geometry":{"type":"Polygon","coordinates":[[[2.27419,49.87484],[2.28258,49.88337],[2.27863,49.88647],[2.25913,49.88192],[2.25773,49.87796],[2.26099,49.87697],[2.25574,49.87692],[2.25195,49.8733],[2.24804,49.86994],[2.25153,49.86846],[2.2598,49.87452],[2.27227,49.87475],[2.27419,49.87484]]]},"properties":{"code_territoire":"iris800210606","libelle_territoire":"Saint-Honoré-Jeanne d'Arc 1"}},
{"type":"Feature","geometry":{"type":"Polygon","coordinates":[[[2.30834,49.86655],[2.30723,49.87094],[2.30652,49.87439],[2.30525,49.87875],[2.29822,49.8791],[2.29082,49.87978],[2.28917,49.87393],[2.28189,49.8755],[2.27833,49.86695],[2.28687,49.86359],[2.30084,49.87119],[2.30444,49.8676],[2.2958,49.8624],[2.30437,49.85942],[2.31029,49.85972],[2.30834,49.86655]]]},"properties":{"code_territoire":"iris800210701","libelle_territoire":"Plein Sud 1"}},
{"type":"Feature","geometry":{"type":"Polygon","coordinates":[[[2.28189,49.8755],[2.28917,49.87393],[2.29082,49.87978],[2.28495,49.88163],[2.28258,49.88337],[2.27419,49.87484],[2.28189,49.8755]]]},"properties":{"code_territoire":"iris800210702","libelle_territoire":"Plein Sud 2"}},
{"type":"Feature","geometry":{"type":"Polygon","coordinates":[[[2.31341,49.88083],[2.30525,49.87875],[2.30652,49.87439],[2.31447,49.87546],[2.31873,49.87303],[2.31826,49.87455],[2.31733,49.87701],[2.31341,49.88083]]]},"properties":{"code_territoire":"iris800210801","libelle_territoire":"Sud-Est 1"}},
{"type":"Feature","geometry":{"type":"Polygon","coordinates":[[[2.31733,49.87701],[2.31826,49.87455],[2.32688,49.87695],[2.32183,49.88018],[2.31733,49.87701]]]},"properties":{"code_territoire":"iris800210803","libelle_territoire":"Sud-Est 3"}},
{"type":"Feature","geometry":{"type":"Polygon","coordinates":[[[2.31992,49.87143],[2.32956,49.8753],[2.32688,49.87695],[2.31826,49.87455],[2.31873,49.87303],[2.31992,49.87143]]]},"properties":{"code_territoire":"iris800210804","libelle_territoire":"Sud-Est 4"}},
{"type":"Feature","geometry":{"type":"Polygon","coordinates":[[[2.32668,49.85877],[2.31992,49.87143],[2.30723,49.87094],[2.30834,49.86655],[2.31372,49.86521],[2.31574,49.85934],[2.31204,49.85312],[2.3162,49.85318],[2.3125,49.85137],[2.3199,49.84684],[2.32668,49.85877]]]},"properties":{"code_territoire":"iris800210805","libelle_territoire":"Sud-Est 5"}},
{"type":"Feature","geometry":{"type":"Polygon","coordinates":[[[2.33919,49.86365],[2.33777,49.86487],[2.32956,49.8753],[2.31992,49.87143],[2.32668,49.85877],[2.33919,49.86365]]]},"properties":{"code_territoire":"iris800210901","libelle_territoire":"Amiens-Val d'Avre 1"}},
{"type":"Feature","geometry":{"type":"Polygon","coordinates":[[[2.32956,49.8753],[2.33777,49.86487],[2.34037,49.86602],[2.33493,49.87731],[2.33152,49.87723],[2.32956,49.8753]]]},"properties":{"code_territoire":"iris800210902","libelle_territoire":"Amiens-Val d'Avre 2"}},
{"type":"Feature","geometry":{"type":"Polygon","coordinates":[[[2.34418,49.8766],[2.33183,49.88061],[2.33152,49.87723],[2.33493,49.87731],[2.34037,49.86602],[2.33777,49.86487],[2.33919,49.86365],[2.3458,49.86601],[2.34121,49.87121],[2.34418,49.8766]]]},"properties":{"code_territoire":"iris800210903","libelle_territoire":"Amiens-Val d'Avre 3"}},
{"type":"Feature","geometry":{"type":"Polygon","coordinates":[[[2.30805,49.89006],[2.31118,49.88891],[2.31684,49.88665],[2.32345,49.88401],[2.32702,49.88657],[2.30805,49.89006]]]},"properties":{"code_territoire":"iris800211001","libelle_territoire":"Saint-Acheul 1"}},
{"type":"Feature","geometry":{"type":"Polygon","coordinates":[[[2.31668,49.8859],[2.319,49.88228],[2.31341,49.88083],[2.31733,49.87701],[2.32183,49.88018],[2.32688,49.87695],[2.32956,49.8753],[2.33152,49.87723],[2.33183,49.88061],[2.32345,49.88401],[2.31684,49.88665],[2.31668,49.8859]]]},"properties":{"code_territoire":"iris800211002","libelle_territoire":"Saint-Acheul 2"}},
{"type":"Feature","geometry":{"type":"Polygon","coordinates":[[[2.33582,49.88733],[2.33009,49.88511],[2.32702,49.88657],[2.32345,49.88401],[2.33183,49.88061],[2.34418,49.8766],[2.34318,49.88028],[2.33937,49.88084],[2.33582,49.88733]]]},"properties":{"code_territoire":"iris800211003","libelle_territoire":"Saint-Acheul 3"}},
{"type":"Feature","geometry":{"type":"Polygon","coordinates":[[[2.30525,49.87875],[2.31341,49.88083],[2.31199,49.88334],[2.30728,49.88357],[2.30698,49.88875],[2.31118,49.88891],[2.30805,49.89006],[2.30628,49.89061],[2.30299,49.88878],[2.30369,49.88589],[2.30525,49.87875]]]},"properties":{"code_territoire":"iris800211101","libelle_territoire":"Sainte-Anne-Faubourg Noyon 1"}},
{"type":"Feature","geometry":{"type":"Polygon","coordinates":[[[2.31684,49.88665],[2.31118,49.88891],[2.30698,49.88875],[2.30728,49.88357],[2.31199,49.88334],[2.31668,49.8859],[2.31684,49.88665]]]},"properties":{"code_territoire":"iris800211102","libelle_territoire":"Sainte-Anne-Faubourg Noyon 2"}},
{"type":"Feature","geometry":{"type":"Polygon","coordinates":[[[2.31668,49.8859],[2.31199,49.88334],[2.31341,49.88083],[2.319,49.88228],[2.31668,49.8859]]]},"properties":{"code_territoire":"iris800211103","libelle_territoire":"Sainte-Anne-Faubourg Noyon 3"}},
{"type":"Feature","geometry":{"type":"Polygon","coordinates":[[[2.30369,49.88589],[2.30299,49.88878],[2.29503,49.88909],[2.29301,49.88641],[2.29896,49.88307],[2.29952,49.88582],[2.30369,49.88589]]]},"properties":{"code_territoire":"iris800211201","libelle_territoire":"Henriville 1"}},
{"type":"Feature","geometry":{"type":"Polygon","coordinates":[[[2.29822,49.8791],[2.29896,49.88307],[2.29301,49.88641],[2.29082,49.87978],[2.29822,49.8791]]]},"properties":{"code_territoire":"iris800211202","libelle_territoire":"Henriville 2"}},
{"type":"Feature","geometry":{"type":"Polygon","coordinates":[[[2.29896,49.88307],[2.29822,49.8791],[2.30525,49.87875],[2.30369,49.88589],[2.29952,49.88582],[2.29896,49.88307]]]},"properties":{"code_territoire":"iris800211203","libelle_territoire":"Henriville 3"}},
{"type":"Feature","geometry":{"type":"Polygon","coordinates":[[[2.29017,49.8902],[2.29503,49.88909],[2.29746,49.89431],[2.29173,49.89483],[2.28751,49.89151],[2.29017,49.8902]]]},"properties":{"code_territoire":"iris800211301","libelle_territoire":"Centre Ville 1"}},
{"type":"Feature","geometry":{"type":"Polygon","coordinates":[[[2.29503,49.88909],[2.30299,49.88878],[2.30628,49.89061],[2.30914,49.89454],[2.3044,49.89332],[2.29773,49.89605],[2.29746,49.89431],[2.29503,49.88909]]]},"properties":{"code_territoire":"iris800211302","libelle_territoire":"Centre Ville 2"}},
{"type":"Feature","geometry":{"type":"Polygon","coordinates":[[[2.31228,49.89637],[2.31084,49.89682],[2.30973,49.89532],[2.30914,49.89454],[2.30628,49.89061],[2.30805,49.89006],[2.32702,49.88657],[2.33009,49.88511],[2.33582,49.88733],[2.33485,49.89075],[2.33081,49.89118],[2.31228,49.89637]]]},"properties":{"code_territoire":"iris800211401","libelle_territoire":"Amiens II-La Vallée"}},
{"type":"Feature","geometry":{"type":"Polygon","coordinates":[[[2.30088,49.90223],[2.30719,49.9037],[2.30362,49.90781],[2.30187,49.90758],[2.29988,49.90207],[2.30088,49.90223]]]},"properties":{"code_territoire":"iris800211501","libelle_territoire":"Saint-Pierre 1"}},
{"type":"Feature","geometry":{"type":"Polygon","coordinates":[[[2.30362,49.90781],[2.30719,49.9037],[2.31804,49.9068],[2.31535,49.91066],[2.31175,49.90796],[2.30447,49.90851],[2.30362,49.90781]]]},"properties":{"code_territoire":"iris800211502","libelle_territoire":"Saint-Pierre 2"}},
{"type":"Feature","geometry":{"type":"Polygon","coordinates":[[[2.31084,49.89682],[2.31804,49.9068],[2.30719,49.9037],[2.30088,49.90223],[2.30973,49.89532],[2.31084,49.89682]]]},"properties":{"code_territoire":"iris800211503","libelle_territoire":"Saint-Pierre 3"}},
{"type":"Feature","geometry":{"type":"Polygon","coordinates":[[[2.32084,49.90752],[2.31804,49.9068],[2.31084,49.89682],[2.31228,49.89637],[2.32018,49.89935],[2.32084,49.90752]]]},"properties":{"code_territoire":"iris800211504","libelle_territoire":"Saint-Pierre 4"}},
{"type":"Feature","geometry":{"type":"Polygon","coordinates":[[[2.29988,49.90207],[2.29943,49.90163],[2.29773,49.89605],[2.3044,49.89332],[2.30914,49.89454],[2.30973,49.89532],[2.30088,49.90223],[2.29988,49.90207]]]},"properties":{"code_territoire":"iris800211601","libelle_territoire":"Saint-Leu"}},
{"type":"Feature","geometry":{"type":"Polygon","coordinates":[[[2.29746,49.89431],[2.29773,49.89605],[2.29943,49.90163],[2.29633,49.90176],[2.29533,49.89818],[2.29071,49.89892],[2.29173,49.89483],[2.29746,49.89431]]]},"properties":{"code_territoire":"iris800211701","libelle_territoire":"Saint-Germain"}},
{"type":"Feature","geometry":{"type":"Polygon","coordinates":[[[2.28259,49.90037],[2.28307,49.89813],[2.28208,49.89371],[2.28188,49.89332],[2.28751,49.89151],[2.29173,49.89483],[2.29071,49.89892],[2.28421,49.90161],[2.28259,49.90037]]]},"properties":{"code_territoire":"iris800211801","libelle_territoire":"Saint-Jacques-Saint-Roch 1"}},
{"type":"Feature","geometry":{"type":"Polygon","coordinates":[[[2.27127,49.89713],[2.28208,49.89371],[2.28307,49.89813],[2.27192,49.89782],[2.27127,49.89713]]]},"properties":{"code_territoire":"iris800211802","libelle_territoire":"Saint-Jacques-Saint-Roch 2"}},
{"type":"Feature","geometry":{"type":"Polygon","coordinates":[[[2.2674,49.90452],[2.27192,49.89782],[2.28307,49.89813],[2.28259,49.90037],[2.27123,49.90585],[2.2674,49.90452]]]},"properties":{"code_territoire":"iris800211901","libelle_territoire":"Faubourg de Hem 1"}},
{"type":"Feature","geometry":{"type":"Polygon","coordinates":[[[2.28421,49.90161],[2.28643,49.90327],[2.28094,49.9079],[2.26513,49.91395],[2.26476,49.90787],[2.27123,49.90585],[2.28259,49.90037],[2.28421,49.90161]]]},"properties":{"code_territoire":"iris800211902","libelle_territoire":"Faubourg de Hem 2"}},
{"type":"Feature","geometry":{"type":"Polygon","coordinates":[[[2.26513,49.91395],[2.28094,49.9079],[2.28643,49.90327],[2.28421,49.90161],[2.29071,49.89892],[2.29533,49.89818],[2.29633,49.90176],[2.28716,49.90502],[2.27963,49.91489],[2.2673,49.92017],[2.26581,49.91602],[2.26513,49.91395]]]},"properties":{"code_territoire":"iris800212001","libelle_territoire":"Saint-Maurice 1"}},
{"type":"Feature","geometry":{"type":"Polygon","coordinates":[[[2.28716,49.90502],[2.29633,49.90176],[2.29943,49.90163],[2.29988,49.90207],[2.30187,49.90758],[2.29978,49.90842],[2.29158,49.9086],[2.28716,49.90502]]]},"properties":{"code_territoire":"iris800212002","libelle_territoire":"Saint-Maurice 2"}},
{"type":"Feature","geometry":{"type":"Polygon","coordinates":[[[2.29319,49.91743],[2.2888,49.92401],[2.28187,49.92899],[2.2673,49.92017],[2.27963,49.91489],[2.28716,49.90502],[2.29158,49.9086],[2.29978,49.90842],[2.29618,49.91166],[2.29439,49.91548],[2.29319,49.91743]]]},"properties":{"code_territoire":"iris800212003","libelle_territoire":"Saint-Maurice 3"}},
{"type":"Feature","geometry":{"type":"Polygon","coordinates":[[[2.28053,49.94095],[2.2888,49.92401],[2.29319,49.91743],[2.2921,49.92185],[2.29682,49.92348],[2.30039,49.92347],[2.29921,49.91979],[2.30388,49.91826],[2.30614,49.9287],[2.29934,49.92836],[2.29566,49.9387],[2.28853,49.94389],[2.28053,49.94095]]]},"properties":{"code_territoire":"iris800212101","libelle_territoire":"Saint-Ladre 1"}},
{"type":"Feature","geometry":{"type":"Polygon","coordinates":[[[2.29439,49.91548],[2.30218,49.91532],[2.30388,49.91826],[2.29921,49.91979],[2.30039,49.92347],[2.29682,49.92348],[2.2921,49.92185],[2.29319,49.91743],[2.29439,49.91548]]]},"properties":{"code_territoire":"iris800212102","libelle_territoire":"Saint-Ladre 2"}},
{"type":"Feature","geometry":{"type":"Polygon","coordinates":[[[2.30252,49.91364],[2.30218,49.91532],[2.29439,49.91548],[2.29618,49.91166],[2.30254,49.91164],[2.30252,49.91364]]]},"properties":{"code_territoire":"iris800212201","libelle_territoire":"Amiens Nord 1"}},
{"type":"Feature","geometry":{"type":"Polygon","coordinates":[[[2.30447,49.90851],[2.30437,49.91164],[2.30254,49.91164],[2.29618,49.91166],[2.29978,49.90842],[2.30187,49.90758],[2.30362,49.90781],[2.30447,49.90851]]]},"properties":{"code_territoire":"iris800212202","libelle_territoire":"Amiens Nord 2"}},
{"type":"Feature","geometry":{"type":"Polygon","coordinates":[[[2.30574,49.91166],[2.30437,49.91164],[2.30447,49.90851],[2.31175,49.90796],[2.31535,49.91066],[2.30574,49.91166]]]},"properties":{"code_territoire":"iris800212203","libelle_territoire":"Amiens Nord 3"}},
{"type":"Feature","geometry":{"type":"Polygon","coordinates":[[[2.31535,49.91066],[2.317,49.91243],[2.31059,49.91526],[2.30463,49.91362],[2.30574,49.91166],[2.31535,49.91066]]]},"properties":{"code_territoire":"iris800212204","libelle_territoire":"Amiens Nord 4"}},
{"type":"Feature","geometry":{"type":"Polygon","coordinates":[[[2.30254,49.91164],[2.30437,49.91164],[2.30574,49.91166],[2.30463,49.91362],[2.30252,49.91364],[2.30254,49.91164]]]},"properties":{"code_territoire":"iris800212205","libelle_territoire":"Amiens Nord 5"}},
{"type":"Feature","geometry":{"type":"Polygon","coordinates":[[[2.30614,49.9287],[2.30388,49.91826],[2.30218,49.91532],[2.30252,49.91364],[2.30463,49.91362],[2.31059,49.91526],[2.317,49.91243],[2.31954,49.91482],[2.3322,49.91296],[2.33506,49.91854],[2.33174,49.92327],[2.33994,49.92844],[2.33043,49.93083],[2.33284,49.9339],[2.32608,49.93539],[2.3225,49.9308],[2.30614,49.9287]]]},"properties":{"code_territoire":"iris800212206","libelle_territoire":"Amiens Nord 6"}},
{"type":"Feature","geometry":{"type":"Polygon","coordinates":[[[2.3261,49.90899],[2.31954,49.91482],[2.317,49.91243],[2.31535,49.91066],[2.31804,49.9068],[2.32084,49.90752],[2.3261,49.90899]]]},"properties":{"code_territoire":"iris800212301","libelle_territoire":"Marivaux 1"}},
{"type":"Feature","geometry":{"type":"Polygon","coordinates":[[[2.3322,49.91296],[2.31954,49.91482],[2.3261,49.90899],[2.33345,49.91098],[2.3322,49.91296]]]},"properties":{"code_territoire":"iris800212302","libelle_territoire":"Marivaux 2"}},
{"type":"Feature","geometry":{"type":"Polygon","coordinates":[[[1.76365,49.90742],[1.76005,49.9024],[1.76483,49.90024],[1.76373,49.88913],[1.76298,49.88498],[1.78627,49.87813],[1.78446,49.87523],[1.78967,49.87358],[1.79923,49.87171],[1.8014,49.88298],[1.81143,49.88697],[1.80518,49.89219],[1.80935,49.89439],[1.80291,49.89761],[1.80962,49.8987],[1.80683,49.90043],[1.80363,49.90227],[1.79481,49.89905],[1.78499,49.9041],[1.77919,49.90278],[1.76777,49.91011],[1.76365,49.90742]]]},"properties":{"code_territoire":"iris800220000","libelle_territoire":"Andainville (commune non irisée)"}},
{"type":"Feature","geometry":{"type":"Polygon","coordinates":[[[2.68501,49.70955],[2.69121,49.70659],[2.69011,49.69991],[2.69734,49.69894],[2.71051,49.69798],[2.71031,49.70136],[2.72012,49.71016],[2.72313,49.70919],[2.73195,49.72233],[2.71091,49.73108],[2.70314,49.73425],[2.69408,49.72707],[2.69719,49.72349],[2.68501,49.70955]]]},"properties":{"code_territoire":"iris800230000","libelle_territoire":"Andechy (commune non irisée)"}},
{"type":"Feature","geometry":{"type":"Polygon","coordinates":[[[2.27276,49.96002],[2.24639,49.95793],[2.24,49.95304],[2.22608,49.94429],[2.21959,49.93317],[2.21371,49.93426],[2.222,49.92531],[2.2547,49.91879],[2.25629,49.91893],[2.24255,49.92327],[2.2657,49.93749],[2.261,49.93998],[2.26661,49.94256],[2.26472,49.94477],[2.27637,49.95058],[2.27625,49.95106],[2.2718,49.95197],[2.27276,49.96002]]]},"properties":{"code_territoire":"iris800240000","libelle_territoire":"Argœuves (commune non irisée)"}},
{"type":"Feature","geometry":{"type":"Polygon","coordinates":[[[1.85236,50.34125],[1.84082,50.34667],[1.83224,50.34472],[1.80478,50.35961],[1.79034,50.34508],[1.80416,50.33726],[1.81018,50.33544],[1.80114,50.33126],[1.81269,50.32668],[1.8044,50.31852],[1.80764,50.31713],[1.81645,50.31959],[1.81487,50.31556],[1.82192,50.31395],[1.82286,50.30962],[1.83604,50.31597],[1.83408,50.31788],[1.82784,50.325],[1.82171,50.32229],[1.82257,50.32782],[1.84189,50.33972],[1.84447,50.33817],[1.85236,50.34125]]]},"properties":{"code_territoire":"iris800250000","libelle_territoire":"Argoules (commune non irisée)"}},
{"type":"Feature","geometry":{"type":"Polygon","coordinates":[[[1.79597,49.86952],[1.80227,49.86513],[1.814,49.87387],[1.82324,49.87996],[1.81249,49.88739],[1.81143,49.88697],[1.8014,49.88298],[1.79923,49.87171],[1.78967,49.87358],[1.79597,49.86952]]]},"properties":{"code_territoire":"iris800260000","libelle_territoire":"Arguel (commune non irisée)"}},
{"type":"Feature","geometry":{"type":"Polygon","coordinates":[[[2.70842,49.66947],[2.716,49.66907],[2.72459,49.67053],[2.7188,49.67474],[2.72559,49.67736],[2.72331,49.68123],[2.71682,49.68054],[2.71389,49.68767],[2.70897,49.68763],[2.70595,49.68298],[2.70309,49.67216],[2.70842,49.66947]]]},"properties":{"code_territoire":"iris800270000","libelle_territoire":"Armancourt (commune non irisée)"}},
{"type":"Feature","geometry":{"type":"Polygon","coordinates":[[[2.44906,50.08936],[2.45504,50.08587],[2.4591,50.07705],[2.4596,50.06254],[2.47775,50.05627],[2.4973,50.06496],[2.50171,50.06799],[2.49721,50.07104],[2.50614,50.07478],[2.50025,50.07901],[2.47923,50.08743],[2.47297,50.08059],[2.46683,50.0832],[2.46098,50.08099],[2.45147,50.0895],[2.45317,50.0936],[2.44906,50.08936]]]},"properties":{"code_territoire":"iris800280000","libelle_territoire":"Arquèves (commune non irisée)"}},
{"type":"Feature","geometry":{"type":"Polygon","coordinates":[[[1.63646,50.13942],[1.63651,50.14448],[1.63672,50.14708],[1.62567,50.14835],[1.62723,50.15249],[1.61882,50.14434],[1.60934,50.14616],[1.59973,50.14182],[1.59472,50.12446],[1.60603,50.11136],[1.61692,50.1085],[1.62604,50.11071],[1.62463,50.1123],[1.64157,50.11868],[1.64445,50.12711],[1.63778,50.12966],[1.64443,50.13505],[1.63646,50.13942]]]},"properties":{"code_territoire":"iris800290000","libelle_territoire":"Arrest (commune non irisée)"}},
{"type":"Feature","geometry":{"type":"Polygon","coordinates":[[[1.72871,50.29632],[1.69586,50.28232],[1.70294,50.26588],[1.71668,50.27105],[1.72587,50.27367],[1.74192,50.27342],[1.74522,50.29647],[1.73224,50.29454],[1.7316,50.29736],[1.72907,50.29656],[1.72871,50.29632]]]},"properties":{"code_territoire":"iris800300000","libelle_territoire":"Arry (commune non irisée)"}},
{"type":"Feature","geometry":{"type":"Polygon","coordinates":[[[2.63819,49.76148],[2.62023,49.74015],[2.62135,49.73416],[2.61345,49.73016],[2.62598,49.72429],[2.61562,49.70734],[2.60842,49.70701],[2.61195,49.70088],[2.62456,49.70187],[2.62643,49.70371],[2.63147,49.70207],[2.64053,49.70893],[2.63706,49.71195],[2.64083,49.71244],[2.64481,49.72168],[2.64871,49.72123],[2.64326,49.72533],[2.65932,49.73574],[2.66429,49.74399],[2.65503,49.74987],[2.65854,49.75268],[2.64315,49.75933],[2.63819,49.76148]]]},"properties":{"code_territoire":"iris800310000","libelle_territoire":"Arvillers (commune non irisée)"}},
{"type":"Feature","geometry":{"type":"Polygon","coordinates":[[[2.59021,49.63754],[2.58025,49.63113],[2.58627,49.62827],[2.5767,49.62546],[2.5721,49.61944],[2.58141,49.62122],[2.58673,49.6124],[2.59319,49.61177],[2.60916,49.60768],[2.61586,49.61237],[2.62604,49.61094],[2.6187,49.61661],[2.6197,49.62245],[2.61078,49.63098],[2.61229,49.63395],[2.59497,49.63942],[2.59021,49.63754]]]},"properties":{"code_territoire":"iris800320000","libelle_territoire":"Assainvillers (commune non irisée)"}},
{"type":"Feature","geometry":{"type":"Polygon","coordinates":[[[2.83415,49.90998],[2.81783,49.893],[2.82384,49.89019],[2.83516,49.88878],[2.83366,49.88648],[2.83847,49.8848],[2.85513,49.89434],[2.86601,49.89629],[2.86652,49.90127],[2.85925,49.90177],[2.84821,49.91031],[2.83415,49.90998]]]},"properties":{"code_territoire":"iris800330000","libelle_territoire":"Assevillers (commune non irisée)"}},
{"type":"Feature","geometry":{"type":"Polygon","coordinates":[[[2.99956,49.83873],[3.0087,49.83869],[3.00718,49.84372],[2.99468,49.84651],[2.99972,49.84704],[2.99293,49.85324],[3.00016,49.85937],[3.00056,49.86303],[2.99655,49.86153],[2.99052,49.87061],[2.97858,49.86979],[2.98067,49.87732],[2.96602,49.87711],[2.95073,49.86826],[2.94685,49.86506],[2.95472,49.8631],[2.95489,49.85764],[2.94865,49.85582],[2.96052,49.84918],[2.97074,49.85215],[2.98322,49.8345],[2.98917,49.8331],[2.98962,49.83704],[2.99956,49.83873]]]},"properties":{"code_territoire":"iris800340000","libelle_territoire":"Athies (commune non irisée)"}},
{"type":"Feature","geometry":{"type":"Polygon","coordinates":[[[2.56198,49.82715],[2.56512,49.82771],[2.54515,49.85296],[2.53542,49.85155],[2.53848,49.84405],[2.52825,49.83936],[2.53148,49.8358],[2.5368,49.83928],[2.54408,49.83424],[2.53759,49.82814],[2.54092,49.82916],[2.54192,49.8254],[2.56198,49.82715]]]},"properties":{"code_territoire":"iris800350000","libelle_territoire":"Aubercourt (commune non irisée)"}},
{"type":"Feature","geometry":{"type":"Polygon","coordinates":[[[2.48431,49.87285],[2.49176,49.87278],[2.48663,49.88546],[2.48738,49.89217],[2.49387,49.89604],[2.492,49.90128],[2.48605,49.90155],[2.47781,49.90667],[2.46118,49.9085],[2.4561,49.90264],[2.46,49.89407],[2.45207,49.88643],[2.4501,49.88228],[2.45531,49.86946],[2.47794,49.86983],[2.47923,49.87263],[2.48431,49.87285]]]},"properties":{"code_territoire":"iris800360000","libelle_territoire":"Aubigny (commune non irisée)"}},
{"type":"Feature","geometry":{"type":"Polygon","coordinates":[[[2.46078,49.70375],[2.46018,49.69792],[2.46525,49.69638],[2.47991,49.69932],[2.48101,49.69575],[2.48539,49.69764],[2.48442,49.70091],[2.49593,49.70546],[2.49735,49.70725],[2.48757,49.72594],[2.48352,49.71926],[2.4709,49.71636],[2.46078,49.70375]]]},"properties":{"code_territoire":"iris800370000","libelle_territoire":"Aubvillers (commune non irisée)"}},
{"type":"Feature","geometry":{"type":"Polygon","coordinates":[[[2.6447,50.07032],[2.65194,50.08257],[2.64233,50.08784],[2.64775,50.09451],[2.63588,50.1002],[2.61686,50.08451],[2.61525,50.07609],[2.63132,50.06677],[2.6447,50.07032]]]},"properties":{"code_territoire":"iris800380000","libelle_territoire":"Auchonvillers (commune non irisée)"}},
{"type":"Feature","geometry":{"type":"Polygon","coordinates":[[[1.46576,50.09714],[1.46503,50.10257],[1.4542,50.11009],[1.44375,50.10024],[1.42104,50.0889],[1.4321,50.07971],[1.44358,50.08435],[1.4508,50.07858],[1.45955,50.08101],[1.46576,50.09714]]]},"properties":{"code_territoire":"iris800390000","libelle_territoire":"Ault (commune non irisée)"}},
{"type":"Feature","geometry":{"type":"Polygon","coordinates":[[[1.76777,49.91011],[1.77602,49.91165],[1.7816,49.91685],[1.78719,49.91462],[1.79247,49.91847],[1.79003,49.91954],[1.79546,49.92034],[1.78573,49.93728],[1.78521,49.93788],[1.77597,49.92673],[1.77085,49.92923],[1.76596,49.92579],[1.76398,49.92895],[1.75635,49.92703],[1.751,49.92073],[1.75079,49.91632],[1.76365,49.90742],[1.76777,49.91011]]]},"properties":{"code_territoire":"iris800400000","libelle_territoire":"Aumâtre (commune non irisée)"}},
{"type":"Feature","geometry":{"type":"Polygon","coordinates":[[[1.91438,49.88812],[1.91224,49.87029],[1.92011,49.86983],[1.92942,49.86373],[1.93407,49.8681],[1.92748,49.87066],[1.93258,49.87511],[1.92758,49.87798],[1.93433,49.88164],[1.93866,49.89294],[1.93253,49.88846],[1.92199,49.88901],[1.91928,49.8865],[1.91438,49.88812]]]},"properties":{"code_territoire":"iris800410000","libelle_territoire":"Aumont (commune non irisée)"}},
{"type":"Feature","geometry":{"type":"Polygon","coordinates":[[[2.20388,50.14508],[2.20902,50.12622],[2.22172,50.12114],[2.23849,50.13279],[2.24067,50.13018],[2.2462,50.13621],[2.25328,50.13719],[2.24837,50.14279],[2.25916,50.14205],[2.26895,50.15227],[2.26748,50.15557],[2.25808,50.15156],[2.25595,50.15365],[2.25219,50.15111],[2.24496,50.15273],[2.24209,50.15064],[2.23953,50.15239],[2.22644,50.1438],[2.20388,50.14508]]]},"properties":{"code_territoire":"iris800420000","libelle_territoire":"Autheux (commune non irisée)"}},
{"type":"Feature","geometry":{"type":"Polygon","coordinates":[[[2.46956,50.13408],[2.46862,50.12758],[2.4624,50.12527],[2.47287,50.12208],[2.46979,50.11561],[2.47572,50.11337],[2.4728,50.1073],[2.48913,50.10147],[2.49902,50.10193],[2.49774,50.10516],[2.50506,50.10722],[2.51228,50.10665],[2.52031,50.10071],[2.52392,50.10213],[2.52046,50.10757],[2.52454,50.11063],[2.5078,50.11934],[2.50224,50.12456],[2.49973,50.13481],[2.49193,50.13453],[2.49123,50.13784],[2.48203,50.13827],[2.46956,50.13408]]]},"properties":{"code_territoire":"iris800430000","libelle_territoire":"Authie (commune non irisée)"}},
{"type":"Feature","geometry":{"type":"Polygon","coordinates":[[[2.39037,50.15529],[2.3709,50.14574],[2.36673,50.13947],[2.36781,50.11828],[2.37534,50.11573],[2.37827,50.11641],[2.3762,50.11934],[2.37992,50.1194],[2.37891,50.12378],[2.3873,50.13623],[2.38245,50.13953],[2.38951,50.13988],[2.39367,50.1468],[2.38833,50.15347],[2.39037,50.15529]]]},"properties":{"code_territoire":"iris800440000","libelle_territoire":"Authieule (commune non irisée)"}},
{"type":"Feature","geometry":{"type":"Polygon","coordinates":[[[2.66498,50.05246],[2.66647,50.03848],[2.66467,50.03311],[2.67247,50.03281],[2.678,50.04037],[2.68867,50.04012],[2.69513,50.04665],[2.67437,50.05875],[2.6724,50.0568],[2.6684,50.05864],[2.66498,50.05246]]]},"properties":{"code_territoire":"iris800450000","libelle_territoire":"Authuille (commune non irisée)"}},
{"type":"Feature","geometry":{"type":"Polygon","coordinates":[[[1.93866,49.89294],[1.94057,49.90302],[1.94991,49.9134],[1.93749,49.92006],[1.92211,49.91884],[1.93571,49.90767],[1.91867,49.90183],[1.9147,49.88871],[1.91438,49.88812],[1.91928,49.8865],[1.92199,49.88901],[1.93253,49.88846],[1.93866,49.89294]]]},"properties":{"code_territoire":"iris800460000","libelle_territoire":"Avelesges (commune non irisée)"}},
{"type":"Feature","geometry":{"type":"Polygon","coordinates":[[[2.64136,50.02308],[2.64174,50.0209],[2.64694,50.02084],[2.64812,50.01633],[2.66317,50.0185],[2.66637,50.02138],[2.66476,50.01783],[2.66824,50.01668],[2.67775,50.01976],[2.68189,50.02328],[2.67839,50.02986],[2.68867,50.04012],[2.678,50.04037],[2.67247,50.03281],[2.66467,50.03311],[2.66647,50.03848],[2.65746,50.033],[2.65582,50.03707],[2.66168,50.04682],[2.65465,50.05054],[2.64341,50.04825],[2.64376,50.03275],[2.64947,50.03267],[2.64681,50.02449],[2.64073,50.02581],[2.64136,50.02308]]]},"properties":{"code_territoire":"iris800470000","libelle_territoire":"Aveluy (commune non irisée)"}},
{"type":"Feature","geometry":{"type":"Polygon","coordinates":[[[1.84887,49.89418],[1.84888,49.89027],[1.85283,49.88917],[1.84065,49.88308],[1.84356,49.87715],[1.8485,49.8763],[1.8903,49.89561],[1.88821,49.89812],[1.86779,49.90921],[1.85211,49.90034],[1.84887,49.89418]]]},"properties":{"code_territoire":"iris800480000","libelle_territoire":"Avesnes-Chaussoy (commune non irisée)"}},
{"type":"Feature","geometry":{"type":"Polygon","coordinates":[[[2.52678,49.62963],[2.52928,49.62532],[2.54097,49.62487],[2.53727,49.6205],[2.54359,49.61909],[2.54129,49.6155],[2.5665,49.61893],[2.57337,49.62515],[2.57257,49.62899],[2.56175,49.62962],[2.5598,49.63602],[2.55807,49.63396],[2.55657,49.63677],[2.54907,49.63523],[2.52678,49.62963]]]},"properties":{"code_territoire":"iris800490000","libelle_territoire":"Ayencourt (commune non irisée)"}},
{"type":"Feature","geometry":{"type":"Polygon","coordinates":[[[2.15813,49.82312],[2.16541,49.81737],[2.17022,49.82016],[2.1802,49.82501],[2.20101,49.82777],[2.2299,49.82437],[2.23177,49.8268],[2.23176,49.83249],[2.22677,49.83186],[2.22658,49.83393],[2.20391,49.8401],[2.18465,49.83748],[2.16146,49.82922],[2.16371,49.82717],[2.15813,49.82312]]]},"properties":{"code_territoire":"iris800500000","libelle_territoire":"Bacouel-sur-Selle (commune non irisée)"}},
{"type":"Feature","geometry":{"type":"Polygon","coordinates":[[[1.89118,50.01854],[1.89093,50.02267],[1.87859,50.02706],[1.87942,50.02975],[1.8718,50.03648],[1.87953,50.04085],[1.87867,50.04357],[1.86376,50.03704],[1.85759,50.04411],[1.85005,50.04464],[1.84059,50.041],[1.83698,50.04387],[1.82759,50.0385],[1.82061,50.03866],[1.82019,50.03375],[1.82071,50.0291],[1.82495,50.02919],[1.82459,50.02213],[1.83548,50.01156],[1.84557,50.01062],[1.85062,50.01469],[1.85721,50.01059],[1.86209,50.01115],[1.86227,50.00633],[1.87208,50.00524],[1.89118,50.01854]]]},"properties":{"code_territoire":"iris800510000","libelle_territoire":"Bailleul (commune non irisée)"}},
{"type":"Feature","geometry":{"type":"Polygon","coordinates":[[[2.53654,49.99751],[2.52412,49.99681],[2.5196,50.00097],[2.50096,50.00014],[2.49285,49.99598],[2.49657,49.98841],[2.4913,49.9871],[2.49144,49.9868],[2.49217,49.98525],[2.49854,49.98633],[2.51256,49.97719],[2.51793,49.98278],[2.5287,49.98547],[2.53168,49.98984],[2.53654,49.99751]]]},"properties":{"code_territoire":"iris800520000","libelle_territoire":"Baizieux (commune non irisée)"}},
{"type":"Feature","geometry":{"type":"Polygon","coordinates":[[[2.87287,49.71882],[2.86724,49.71641],[2.86752,49.71944],[2.85485,49.71868],[2.85526,49.71592],[2.85069,49.71529],[2.84796,49.71492],[2.85073,49.70496],[2.85658,49.70604],[2.85702,49.70336],[2.86632,49.70265],[2.88498,49.70951],[2.88211,49.71381],[2.87879,49.713],[2.87287,49.71882]]]},"properties":{"code_territoire":"iris800530000","libelle_territoire":"Balâtre (commune non irisée)"}},
{"type":"Feature","geometry":{"type":"Polygon","coordinates":[[[2.89561,49.88267],[2.89422,49.88502],[2.90557,49.88842],[2.90763,49.89509],[2.9126,49.8923],[2.92184,49.89394],[2.91517,49.89637],[2.91342,49.90421],[2.91081,49.911],[2.88743,49.91052],[2.87981,49.90418],[2.8757,49.90447],[2.87461,49.90009],[2.86652,49.90127],[2.86601,49.89629],[2.88168,49.88802],[2.88097,49.88205],[2.89561,49.88267]]]},"properties":{"code_territoire":"iris800540000","libelle_territoire":"Barleux (commune non irisée)"}},
{"type":"Feature","geometry":{"type":"Polygon","coordinates":[[[2.27119,50.18969],[2.27421,50.18836],[2.28948,50.19755],[2.3047,50.19985],[2.30665,50.20485],[2.30168,50.21308],[2.29881,50.21194],[2.28599,50.22222],[2.26986,50.22901],[2.2531,50.21486],[2.25796,50.21109],[2.2504,50.19742],[2.2514,50.19377],[2.24096,50.19005],[2.24664,50.18686],[2.2429,50.18489],[2.25126,50.18514],[2.26336,50.19138],[2.27119,50.18969]]]},"properties":{"code_territoire":"iris800550000","libelle_territoire":"Barly (commune non irisée)"}},
{"type":"Feature","geometry":{"type":"Polygon","coordinates":[[[2.40425,50.01424],[2.42777,50.00404],[2.43261,50.00722],[2.44167,50.0051],[2.44064,49.99709],[2.45266,49.99138],[2.45044,49.98303],[2.47541,49.98304],[2.49144,49.9868],[2.4913,49.9871],[2.48939,49.99118],[2.48674,49.98921],[2.47033,49.99219],[2.4679,49.99541],[2.46195,49.99442],[2.46575,49.99824],[2.45857,50.00253],[2.46477,50.0097],[2.45732,50.00977],[2.43952,50.01796],[2.43785,50.01446],[2.43563,50.01658],[2.42607,50.01468],[2.42018,50.01051],[2.41304,50.01191],[2.41696,50.01523],[2.41004,50.01899],[2.40425,50.01424]]]},"properties":{"code_territoire":"iris800560000","libelle_territoire":"Bavelincourt (commune non irisée)"}},
{"type":"Feature","geometry":{"type":"Polygon","coordinates":[[[2.56995,50.12238],[2.58681,50.13725],[2.57807,50.13982],[2.56846,50.13585],[2.55902,50.12889],[2.56995,50.12238]]]},"properties":{"code_territoire":"iris800570000","libelle_territoire":"Bayencourt (commune non irisée)"}},
{"type":"Feature","geometry":{"type":"Polygon","coordinates":[[[2.60673,49.85698],[2.61064,49.85236],[2.62207,49.85032],[2.64559,49.85235],[2.6554,49.8614],[2.65097,49.86133],[2.65138,49.87263],[2.64678,49.87256],[2.64727,49.87451],[2.63624,49.87253],[2.63644,49.87764],[2.6182,49.8802],[2.61851,49.87814],[2.61138,49.87734],[2.61148,49.86531],[2.60673,49.85698]]]},"properties":{"code_territoire":"iris800580000","libelle_territoire":"Bayonvillers (commune non irisée)"}},
{"type":"Feature","geometry":{"type":"Polygon","coordinates":[[[2.75179,50.03999],[2.7478,50.03678],[2.75353,50.03595],[2.74793,50.02457],[2.75861,50.02387],[2.75881,50.02005],[2.76336,50.01894],[2.77207,50.02247],[2.77591,50.02081],[2.77603,50.0137],[2.78077,50.01493],[2.78253,50.02144],[2.78349,50.03334],[2.77675,50.04361],[2.76339,50.03832],[2.75179,50.03999]]]},"properties":{"code_territoire":"iris800590000","libelle_territoire":"Bazentin (commune non irisée)"}},
{"type":"Feature","geometry":{"type":"Polygon","coordinates":[[[2.17887,50.18441],[2.18885,50.18722],[2.19761,50.1998],[2.18993,50.2041],[2.18695,50.21008],[2.17959,50.21085],[2.17733,50.20781],[2.16774,50.19262],[2.17268,50.19151],[2.17183,50.18601],[2.17887,50.18441]]]},"properties":{"code_territoire":"iris800600000","libelle_territoire":"Béalcourt (commune non irisée)"}},
{"type":"Feature","geometry":{"type":"Polygon","coordinates":[[[1.7627,49.83261],[1.75437,49.81718],[1.7611,49.81329],[1.76015,49.80825],[1.75214,49.80595],[1.75799,49.80297],[1.75708,49.79717],[1.78537,49.80942],[1.78528,49.81973],[1.79002,49.82383],[1.78713,49.83163],[1.77821,49.83045],[1.76996,49.83485],[1.7627,49.83261]]]},"properties":{"code_territoire":"iris800610000","libelle_territoire":"Beaucamps-le-Jeune (commune non irisée)"}},
{"type":"Feature","geometry":{"type":"Polygon","coordinates":[[[1.7911,49.85143],[1.78058,49.85674],[1.77699,49.85662],[1.75744,49.84916],[1.76209,49.84697],[1.76504,49.84339],[1.76173,49.84112],[1.7627,49.83261],[1.76996,49.83485],[1.77821,49.83045],[1.78713,49.83163],[1.78421,49.8359],[1.79871,49.84602],[1.7911,49.85143]]]},"properties":{"code_territoire":"iris800620000","libelle_territoire":"Beaucamps-le-Vieux (commune non irisée)"}},
{"type":"Feature","geometry":{"type":"Polygon","coordinates":[[[1.51572,50.03424],[1.49555,50.02134],[1.49802,50.01962],[1.51631,50.0121],[1.51663,50.00634],[1.52308,50.00355],[1.5251,49.99861],[1.54167,50.01183],[1.54572,50.01105],[1.54596,50.01989],[1.52819,50.02318],[1.52824,50.02586],[1.53525,50.02388],[1.53908,50.0267],[1.5311,50.03449],[1.51891,50.03242],[1.51572,50.03424]]]},"properties":{"code_territoire":"iris800630000","libelle_territoire":"Beauchamps (commune non irisée)"}},
{"type":"Feature","geometry":{"type":"Polygon","coordinates":[[[2.56957,49.79894],[2.56467,49.79307],[2.57959,49.78505],[2.59129,49.78173],[2.61014,49.79845],[2.60206,49.79783],[2.59682,49.80733],[2.5876,49.8129],[2.5736,49.8082],[2.57251,49.80404],[2.57605,49.80226],[2.56634,49.80067],[2.56957,49.79894]]]},"properties":{"code_territoire":"iris800640000","libelle_territoire":"Beaucourt-en-Santerre (commune non irisée)"}},
{"type":"Feature","geometry":{"type":"Polygon","coordinates":[[[2.67857,50.0741],[2.67885,50.07425],[2.69163,50.0764],[2.69528,50.08152],[2.70373,50.0807],[2.69075,50.09304],[2.67215,50.09366],[2.6678,50.0881],[2.67362,50.0845],[2.67857,50.0741]]]},"properties":{"code_territoire":"iris800650000","libelle_territoire":"Beaucourt-sur-l'Ancre (commune non irisée)"}},
{"type":"Feature","geometry":{"type":"Polygon","coordinates":[[[2.45044,49.98303],[2.45266,49.99138],[2.44064,49.99709],[2.44167,50.0051],[2.43261,50.00722],[2.42777,50.00404],[2.40425,50.01424],[2.39819,50.01459],[2.39591,50.01219],[2.4087,50.00524],[2.40604,50.00029],[2.41043,49.99788],[2.43583,49.98931],[2.44753,49.98149],[2.45044,49.98303]]]},"properties":{"code_territoire":"iris800660000","libelle_territoire":"Beaucourt-sur-l'Hallue (commune non irisée)"}},
{"type":"Feature","geometry":{"type":"Polygon","coordinates":[[[2.6471,49.79236],[2.64423,49.7727],[2.64979,49.77299],[2.66022,49.77411],[2.68089,49.77034],[2.67483,49.77272],[2.6808,49.77934],[2.67441,49.78302],[2.67785,49.78703],[2.6743,49.79019],[2.66683,49.78614],[2.66371,49.7946],[2.66034,49.79559],[2.66149,49.79252],[2.6471,49.79236]]]},"properties":{"code_territoire":"iris800670000","libelle_territoire":"Beaufort-en-Santerre (commune non irisée)"}},
{"type":"Feature","geometry":{"type":"Polygon","coordinates":[[[2.1328,50.13091],[2.1371,50.14],[2.14438,50.13859],[2.14572,50.14431],[2.13708,50.14674],[2.12732,50.14253],[2.10543,50.14385],[2.08334,50.13229],[2.07977,50.13358],[2.07763,50.13128],[2.08316,50.12462],[2.08066,50.122],[2.09078,50.1209],[2.09265,50.12526],[2.09685,50.12378],[2.11781,50.13097],[2.12083,50.13548],[2.1328,50.13091]]]},"properties":{"code_territoire":"iris800680000","libelle_territoire":"Beaumetz (commune non irisée)"}},
{"type":"Feature","geometry":{"type":"Polygon","coordinates":[[[2.64775,50.09451],[2.64233,50.08784],[2.65194,50.08257],[2.6447,50.07032],[2.64583,50.06453],[2.6511,50.06496],[2.6547,50.05211],[2.66498,50.05246],[2.6684,50.05864],[2.66779,50.06432],[2.67316,50.06532],[2.67857,50.0741],[2.67362,50.0845],[2.6678,50.0881],[2.67215,50.09366],[2.66864,50.09745],[2.65654,50.10052],[2.64775,50.09451]]]},"properties":{"code_territoire":"iris800690000","libelle_territoire":"Beaumont-Hamel (commune non irisée)"}},
{"type":"Feature","geometry":{"type":"Polygon","coordinates":[[[2.36929,50.09892],[2.36616,50.09629],[2.34968,50.09793],[2.32775,50.08772],[2.33421,50.08169],[2.33802,50.08065],[2.34409,50.06805],[2.35018,50.05603],[2.36429,50.06129],[2.38207,50.04855],[2.38383,50.06258],[2.36943,50.06532],[2.3817,50.0712],[2.41248,50.07361],[2.4111,50.07648],[2.42893,50.08637],[2.43011,50.08841],[2.41871,50.08784],[2.41438,50.10049],[2.40173,50.10139],[2.40349,50.10578],[2.39728,50.10653],[2.39693,50.09787],[2.38463,50.08999],[2.36929,50.09892]]]},"properties":{"code_territoire":"iris800700000","libelle_territoire":"Beauquesne (commune non irisée)"}},
{"type":"Feature","geometry":{"type":"Polygon","coordinates":[[[2.2901,50.12186],[2.30027,50.11426],[2.29439,50.11278],[2.30079,50.10234],[2.29531,50.09491],[2.31151,50.07983],[2.321,50.07652],[2.31289,50.0685],[2.32449,50.07017],[2.32202,50.07229],[2.33421,50.08169],[2.32775,50.08772],[2.34968,50.09793],[2.36616,50.09629],[2.36929,50.09892],[2.37226,50.10201],[2.35265,50.11559],[2.36414,50.12351],[2.35753,50.13176],[2.34537,50.13647],[2.33828,50.13224],[2.33309,50.13463],[2.2901,50.12186]]]},"properties":{"code_territoire":"iris800710000","libelle_territoire":"Beauval (commune non irisée)"}},
{"type":"Feature","geometry":{"type":"Polygon","coordinates":[[[2.66896,49.99513],[2.67363,49.99369],[2.67832,49.98598],[2.69189,49.98156],[2.69673,49.98835],[2.69188,49.99155],[2.69402,49.99971],[2.70437,50.0056],[2.70304,50.00951],[2.70124,50.01155],[2.69485,50.00808],[2.69219,50.01068],[2.686,50.00466],[2.67421,50.00263],[2.67523,50.00041],[2.68306,50.00061],[2.67991,49.99599],[2.68444,49.9949],[2.66896,49.99513]]]},"properties":{"code_territoire":"iris800730000","libelle_territoire":"Bécordel-Bécourt (commune non irisée)"}},
{"type":"Feature","geometry":{"type":"Polygon","coordinates":[[[2.6009,49.68992],[2.6007,49.68259],[2.60473,49.68399],[2.60877,49.67638],[2.61569,49.6761],[2.62031,49.67983],[2.63198,49.67716],[2.63532,49.68438],[2.64049,49.68143],[2.64322,49.697],[2.6312,49.69564],[2.62456,49.70187],[2.61195,49.70088],[2.6009,49.68992]]]},"properties":{"code_territoire":"iris800740000","libelle_territoire":"Becquigny (commune non irisée)"}},
{"type":"Feature","geometry":{"type":"Polygon","coordinates":[[[1.7348,50.05105],[1.73687,50.04837],[1.74267,50.04863],[1.73587,50.04549],[1.74125,50.04062],[1.74289,50.03916],[1.74634,50.04319],[1.75487,50.04043],[1.75829,50.03483],[1.76484,50.0328],[1.7749,50.03617],[1.78204,50.04164],[1.77788,50.04405],[1.78133,50.05064],[1.79427,50.05828],[1.78681,50.05997],[1.78856,50.06244],[1.784,50.06518],[1.7595,50.06388],[1.7579,50.06164],[1.74463,50.06203],[1.74344,50.06435],[1.73939,50.06412],[1.74043,50.06183],[1.73364,50.06438],[1.73794,50.05528],[1.73302,50.05342],[1.7348,50.05105]]]},"properties":{"code_territoire":"iris800760000","libelle_territoire":"Béhen (commune non irisée)"}},
{"type":"Feature","geometry":{"type":"Polygon","coordinates":[[[2.49217,49.98525],[2.49144,49.9868],[2.47541,49.98304],[2.45044,49.98303],[2.44753,49.98149],[2.44517,49.97443],[2.44318,49.96949],[2.45682,49.96567],[2.46246,49.95902],[2.47204,49.96061],[2.48261,49.9622],[2.48328,49.96941],[2.48759,49.97139],[2.48895,49.97748],[2.49479,49.97965],[2.49217,49.98525]]]},"properties":{"code_territoire":"iris800770000","libelle_territoire":"Béhencourt (commune non irisée)"}},
{"type":"Feature","geometry":{"type":"Polygon","coordinates":[[[1.92989,50.08132],[1.9331,50.08418],[1.92872,50.08456],[1.93313,50.09085],[1.93165,50.09817],[1.92363,50.09988],[1.92254,50.1067],[1.91131,50.10748],[1.90499,50.10686],[1.89661,50.09403],[1.89301,50.09532],[1.89586,50.09192],[1.8911,50.08778],[1.89068,50.08694],[1.89527,50.0873],[1.89106,50.08256],[1.90318,50.07867],[1.90702,50.08513],[1.92989,50.08132]]]},"properties":{"code_territoire":"iris800780000","libelle_territoire":"Bellancourt (commune non irisée)"}},
{"type":"Feature","geometry":{"type":"Polygon","coordinates":[[[2.09774,49.71765],[2.08674,49.70845],[2.09381,49.7069],[2.09524,49.70101],[2.09087,49.69597],[2.09525,49.69285],[2.11168,49.69391],[2.12421,49.68786],[2.14018,49.69115],[2.14696,49.69875],[2.13325,49.69955],[2.13408,49.7027],[2.12145,49.70408],[2.12222,49.70851],[2.11594,49.71979],[2.10889,49.7208],[2.09774,49.71765]]]},"properties":{"code_territoire":"iris800790000","libelle_territoire":"Belleuse (commune non irisée)"}},
{"type":"Feature","geometry":{"type":"Polygon","coordinates":[[[2.84256,49.87543],[2.8673,49.87575],[2.87896,49.87591],[2.88097,49.88205],[2.88168,49.88802],[2.86601,49.89629],[2.85513,49.89434],[2.83847,49.8848],[2.83771,49.87975],[2.84256,49.87543]]]},"properties":{"code_territoire":"iris800800000","libelle_territoire":"Belloy-en-Santerre (commune non irisée)"}},
{"type":"Feature","geometry":{"type":"Polygon","coordinates":[[[1.90546,49.91686],[1.89808,49.91095],[1.89797,49.90223],[1.88821,49.89812],[1.8903,49.89561],[1.89643,49.89194],[1.91077,49.88751],[1.9147,49.88871],[1.91867,49.90183],[1.93571,49.90767],[1.92211,49.91884],[1.92002,49.92494],[1.90546,49.91686]]]},"properties":{"code_territoire":"iris800810000","libelle_territoire":"Belloy-Saint-Léonard (commune non irisée)"}},
{"type":"Feature","geometry":{"type":"Polygon","coordinates":[[[2.12733,49.9539],[2.14952,49.96647],[2.15175,49.96445],[2.15541,49.97366],[2.17082,49.98748],[2.15802,49.99427],[2.16118,49.99686],[2.15539,49.99856],[2.15323,49.99681],[2.14734,50.00202],[2.11874,50.00168],[2.11099,50.00128],[2.11633,49.99702],[2.12551,49.99041],[2.1258,49.98157],[2.12036,49.97802],[2.12195,49.97177],[2.11152,49.96364],[2.12546,49.95284],[2.12733,49.9539]]]},"properties":{"code_territoire":"iris800820000","libelle_territoire":"Belloy-sur-Somme (commune non irisée)"}},
{"type":"Feature","geometry":{"type":"Polygon","coordinates":[[[2.0433,49.75584],[2.02791,49.75355],[2.0261,49.75574],[2.01777,49.75529],[2.00071,49.75155],[2.0016,49.74925],[2.01336,49.74422],[2.0101,49.73871],[2.01604,49.73065],[2.02318,49.73187],[2.02282,49.736],[2.03699,49.73035],[2.05187,49.74367],[2.0433,49.75584]]]},"properties":{"code_territoire":"iris800830000","libelle_territoire":"Bergicourt (commune non irisée)"}},
{"type":"Feature","geometry":{"type":"Polygon","coordinates":[[[1.72726,49.91061],[1.72383,49.90546],[1.72641,49.90366],[1.71786,49.89986],[1.72157,49.8965],[1.73072,49.89389],[1.73352,49.89577],[1.74092,49.8914],[1.7608,49.88699],[1.76373,49.88913],[1.76483,49.90024],[1.76005,49.9024],[1.75652,49.90409],[1.74304,49.89937],[1.72726,49.91061]]]},"properties":{"code_territoire":"iris800840000","libelle_territoire":"Bermesnil (commune non irisée)"}},
{"type":"Feature","geometry":{"type":"Polygon","coordinates":[[[2.07972,50.19366],[2.08021,50.18916],[2.08836,50.18772],[2.08558,50.18474],[2.0937,50.18229],[2.09854,50.18214],[2.09475,50.18701],[2.10331,50.18428],[2.11326,50.18218],[2.1148,50.18728],[2.10692,50.19069],[2.11456,50.20318],[2.10341,50.20822],[2.10309,50.20539],[2.09647,50.20581],[2.09458,50.20842],[2.09366,50.20178],[2.08592,50.20096],[2.07972,50.19366]]]},"properties":{"code_territoire":"iris800850000","libelle_territoire":"Bernâtre (commune non irisée)"}},
{"type":"Feature","geometry":{"type":"Polygon","coordinates":[[[2.1929,50.15676],[2.18158,50.15852],[2.17966,50.15106],[2.1672,50.15121],[2.16121,50.14785],[2.15616,50.153],[2.14572,50.14431],[2.14438,50.13859],[2.1371,50.14],[2.1328,50.13091],[2.13792,50.12483],[2.14432,50.1298],[2.15488,50.1249],[2.15231,50.11955],[2.15314,50.11572],[2.15316,50.11892],[2.1611,50.1206],[2.1621,50.11474],[2.15717,50.11204],[2.16075,50.11071],[2.16481,50.1134],[2.17287,50.11904],[2.17451,50.11631],[2.18133,50.11839],[2.19929,50.11663],[2.20902,50.12622],[2.20388,50.14508],[2.20065,50.14742],[2.20648,50.15596],[2.1929,50.15676]]]},"properties":{"code_territoire":"iris800860000","libelle_territoire":"Bernaville (commune non irisée)"}},
{"type":"Feature","geometry":{"type":"Polygon","coordinates":[[[1.71668,50.27105],[1.72236,50.26929],[1.71293,50.26456],[1.71605,50.2576],[1.72434,50.25532],[1.72423,50.25789],[1.73376,50.25738],[1.73419,50.25004],[1.74615,50.25514],[1.75772,50.24907],[1.76793,50.25078],[1.77435,50.25166],[1.76768,50.26232],[1.77778,50.26357],[1.78739,50.26108],[1.79238,50.26584],[1.79153,50.26931],[1.77508,50.2706],[1.77216,50.27531],[1.76934,50.27809],[1.75289,50.27182],[1.75099,50.27399],[1.74273,50.27168],[1.74192,50.27342],[1.72587,50.27367],[1.71668,50.27105]]]},"properties":{"code_territoire":"iris800870000","libelle_territoire":"Bernay-en-Ponthieu (commune non irisée)"}},
{"type":"Feature","geometry":{"type":"Polygon","coordinates":[[[3.08847,49.90407],[3.09745,49.90045],[3.09441,49.89636],[3.09721,49.89413],[3.10984,49.89001],[3.11738,49.8909],[3.11617,49.89606],[3.12389,49.90088],[3.11792,49.90209],[3.12086,49.90461],[3.11481,49.90833],[3.12142,49.90904],[3.11756,49.91393],[3.1112,49.9158],[3.10682,49.92268],[3.09121,49.92635],[3.0847,49.924],[3.07989,49.91614],[3.07747,49.912],[3.08847,49.90407]]]},"properties":{"code_territoire":"iris800880000","libelle_territoire":"Bernes (commune non irisée)"}},
{"type":"Feature","geometry":{"type":"Polygon","coordinates":[[[2.16782,50.10201],[2.16118,50.10037],[2.15612,50.095],[2.16044,50.08954],[2.15106,50.08624],[2.17116,50.0779],[2.1715,50.0755],[2.17623,50.07446],[2.19115,50.08212],[2.19103,50.09216],[2.181,50.0953],[2.18319,50.10216],[2.17857,50.10329],[2.17652,50.09843],[2.17222,50.10285],[2.16782,50.10201]]]},"properties":{"code_territoire":"iris800890000","libelle_territoire":"Berneuil (commune non irisée)"}},
{"type":"Feature","geometry":{"type":"Polygon","coordinates":[[[2.8673,49.87575],[2.84256,49.87543],[2.83681,49.87517],[2.83313,49.85834],[2.84076,49.8576],[2.86284,49.8575],[2.86467,49.85992],[2.8673,49.87575]]]},"properties":{"code_territoire":"iris800900000","libelle_territoire":"Berny-en-Santerre (commune non irisée)"}},
{"type":"Feature","geometry":{"type":"Polygon","coordinates":[[[2.27625,49.95106],[2.30538,49.96105],[2.30212,49.96811],[2.30478,49.9688],[2.30147,49.96969],[2.3085,49.9818],[2.3163,49.98232],[2.31547,49.98705],[2.31435,49.99018],[2.3046,49.99125],[2.29703,49.99],[2.28816,49.99386],[2.28855,49.98826],[2.27512,49.97762],[2.27344,49.972],[2.27276,49.96002],[2.2718,49.95197],[2.27625,49.95106]]]},"properties":{"code_territoire":"iris800920000","libelle_territoire":"Bertangles (commune non irisée)"}},
{"type":"Feature","geometry":{"type":"Polygon","coordinates":[[[2.17813,50.03473],[2.16823,50.04206],[2.16704,50.05706],[2.15006,50.05152],[2.151,50.04817],[2.13657,50.04541],[2.13579,50.03947],[2.14325,50.03999],[2.15646,50.02961],[2.17813,50.03473]]]},"properties":{"code_territoire":"iris800930000","libelle_territoire":"Berteaucourt-les-Dames (commune non irisée)"}},
{"type":"Feature","geometry":{"type":"Polygon","coordinates":[[[2.45657,49.83117],[2.44961,49.81174],[2.45294,49.81045],[2.46078,49.80893],[2.47925,49.8175],[2.46581,49.82316],[2.46178,49.8285],[2.4663,49.83272],[2.46314,49.83508],[2.45657,49.83117]]]},"properties":{"code_territoire":"iris800940000","libelle_territoire":"Berteaucourt-lès-Thennes (commune non irisée)"}},
{"type":"Feature","geometry":{"type":"Polygon","coordinates":[[[2.55585,50.1183],[2.55625,50.10499],[2.54963,50.09658],[2.55133,50.08795],[2.55823,50.08184],[2.5688,50.08316],[2.5796,50.0915],[2.57989,50.0962],[2.5703,50.10579],[2.57645,50.10979],[2.57604,50.11335],[2.56943,50.12036],[2.56608,50.11862],[2.5607,50.1216],[2.55585,50.1183]]]},"properties":{"code_territoire":"iris800950000","libelle_territoire":"Bertrancourt (commune non irisée)"}},
{"type":"Feature","geometry":{"type":"Polygon","coordinates":[[[1.49015,50.06877],[1.50572,50.06622],[1.51198,50.07082],[1.50606,50.08921],[1.4818,50.07314],[1.49015,50.06877]]]},"properties":{"code_territoire":"iris800960000","libelle_territoire":"Béthencourt-sur-Mer (commune non irisée)"}},
{"type":"Feature","geometry":{"type":"Polygon","coordinates":[[[2.9749,49.78749],[2.97305,49.79422],[2.96474,49.80138],[2.95372,49.80068],[2.94574,49.79466],[2.93634,49.79397],[2.93774,49.78994],[2.94206,49.7889],[2.94985,49.78943],[2.95398,49.78619],[2.96667,49.78799],[2.96894,49.78359],[2.9749,49.78749]]]},"properties":{"code_territoire":"iris800970000","libelle_territoire":"Béthencourt-sur-Somme (commune non irisée)"}},
{"type":"Feature","geometry":{"type":"Polygon","coordinates":[[[1.88682,49.8159],[1.87342,49.81214],[1.86464,49.80675],[1.87093,49.7936],[1.88012,49.78972],[1.89152,49.7976],[1.89187,49.80628],[1.90094,49.80957],[1.88682,49.8159]]]},"properties":{"code_territoire":"iris800980000","libelle_territoire":"Bettembos (commune non irisée)"}},
{"type":"Feature","geometry":{"type":"Polygon","coordinates":[[[1.95239,49.9963],[1.94645,49.98765],[1.95884,49.98052],[1.96431,49.98061],[1.97748,49.9906],[1.98878,49.98452],[2.00376,49.98341],[2.00814,49.98381],[1.99959,50.00184],[1.99206,50.0042],[1.98696,49.99913],[1.98092,50.00131],[1.98268,50.0028],[1.96283,50.00374],[1.95512,50.00099],[1.95239,49.9963]]]},"properties":{"code_territoire":"iris800990000","libelle_territoire":"Bettencourt-Rivière (commune non irisée)"}},
{"type":"Feature","geometry":{"type":"Polygon","coordinates":[[[2.11874,50.00168],[2.14734,50.00202],[2.14606,50.01039],[2.1348,50.02153],[2.11655,50.03944],[2.10065,50.02704],[2.09589,50.0208],[2.12453,50.00308],[2.11874,50.00168]]]},"properties":{"code_territoire":"iris801000000","libelle_territoire":"Bettencourt-Saint-Ouen (commune non irisée)"}},
{"type":"Feature","geometry":{"type":"Polygon","coordinates":[[[2.79488,49.66453],[2.78879,49.6617],[2.77523,49.66677],[2.77256,49.66065],[2.76576,49.66331],[2.76366,49.65906],[2.75999,49.65121],[2.75307,49.65247],[2.75232,49.64811],[2.75982,49.64663],[2.7573,49.63812],[2.74701,49.62788],[2.7562,49.62507],[2.75726,49.62109],[2.75758,49.61814],[2.76607,49.61538],[2.77328,49.61355],[2.77716,49.61536],[2.78651,49.61209],[2.79753,49.61773],[2.79625,49.62853],[2.78922,49.64016],[2.7947,49.64968],[2.79354,49.65573],[2.80242,49.65877],[2.79686,49.66058],[2.80018,49.66119],[2.79488,49.66453]]]},"properties":{"code_territoire":"iris801010000","libelle_territoire":"Beuvraignes (commune non irisée)"}},
{"type":"Feature","geometry":{"type":"Polygon","coordinates":[[[2.92529,49.9174],[2.92951,49.91849],[2.92708,49.91977],[2.91793,49.92201],[2.90709,49.93419],[2.89493,49.94046],[2.88036,49.92892],[2.88436,49.92749],[2.88275,49.91962],[2.88743,49.91052],[2.91081,49.911],[2.91425,49.91596],[2.92529,49.9174]]]},"properties":{"code_territoire":"iris801020000","libelle_territoire":"Biaches (commune non irisée)"}},
{"type":"Feature","geometry":{"type":"Polygon","coordinates":[[[2.88352,49.71407],[2.89414,49.71404],[2.89583,49.7207],[2.89212,49.7208],[2.89233,49.72527],[2.89196,49.72839],[2.88349,49.73185],[2.87161,49.7246],[2.87287,49.71882],[2.87879,49.713],[2.88211,49.71381],[2.88352,49.71407]]]},"properties":{"code_territoire":"iris801030000","libelle_territoire":"Biarre (commune non irisée)"}},
{"type":"Feature","geometry":{"type":"Polygon","coordinates":[[[1.68376,49.96594],[1.68927,49.96493],[1.70368,49.9805],[1.70847,49.98395],[1.70034,49.98732],[1.69395,49.983],[1.68937,49.98516],[1.68687,49.98276],[1.69064,49.98077],[1.68031,49.97037],[1.68376,49.96594]]]},"properties":{"code_territoire":"iris801040000","libelle_territoire":"Biencourt (commune non irisée)"}},
{"type":"Feature","geometry":{"type":"Polygon","coordinates":[[[2.88472,49.74349],[2.87893,49.73914],[2.88223,49.73295],[2.88349,49.73185],[2.89196,49.72839],[2.89233,49.72527],[2.90238,49.72929],[2.90498,49.72779],[2.90776,49.73284],[2.91501,49.73205],[2.91773,49.73761],[2.91244,49.74426],[2.91762,49.74541],[2.9149,49.75015],[2.89991,49.74631],[2.88916,49.74785],[2.88472,49.74349]]]},"properties":{"code_territoire":"iris801050000","libelle_territoire":"Billancourt (commune non irisée)"}},
{"type":"Feature","geometry":{"type":"Polygon","coordinates":[[[2.01922,49.78585],[2.00777,49.78308],[2.01411,49.78131],[2.01115,49.77894],[2.00037,49.77742],[1.9971,49.77196],[1.99378,49.77279],[1.99395,49.77013],[1.97786,49.76418],[1.98529,49.75628],[1.98411,49.74947],[2.0016,49.74925],[2.00071,49.75155],[2.01777,49.75529],[2.01794,49.77158],[2.02253,49.77117],[2.03093,49.78532],[2.01922,49.78585]]]},"properties":{"code_territoire":"iris801060000","libelle_territoire":"Blangy-sous-Poix (commune non irisée)"}},
{"type":"Feature","geometry":{"type":"Polygon","coordinates":[[[2.42088,49.85605],[2.42389,49.85707],[2.42972,49.85687],[2.4359,49.85517],[2.43499,49.85637],[2.44294,49.85654],[2.44456,49.85106],[2.46113,49.85422],[2.46054,49.85819],[2.45531,49.86946],[2.4501,49.88228],[2.45207,49.88643],[2.44782,49.88314],[2.4326,49.88508],[2.41106,49.88525],[2.40478,49.88465],[2.40148,49.87324],[2.40708,49.86861],[2.39668,49.86484],[2.39597,49.85983],[2.42088,49.85605]]]},"properties":{"code_territoire":"iris801070000","libelle_territoire":"Blangy-Tronville (commune non irisée)"}},
{"type":"Feature","geometry":{"type":"Polygon","coordinates":[[[2.20648,50.15596],[2.20065,50.14742],[2.20388,50.14508],[2.22644,50.1438],[2.23953,50.15239],[2.24209,50.15064],[2.24496,50.15273],[2.22937,50.16523],[2.22365,50.16317],[2.21999,50.16419],[2.20648,50.15596]]]},"properties":{"code_territoire":"iris801080000","libelle_territoire":"Boisbergues (commune non irisée)"}},
{"type":"Feature","geometry":{"type":"Polygon","coordinates":[[[2.00328,50.27055],[1.97775,50.28199],[1.96714,50.2827],[1.96002,50.29065],[1.95374,50.28963],[1.95224,50.28569],[1.94567,50.28792],[1.93908,50.28387],[1.93823,50.27841],[1.9423,50.2818],[1.95031,50.28159],[1.94576,50.27653],[1.95252,50.27077],[1.95173,50.26508],[1.95932,50.26248],[1.95616,50.26004],[1.96535,50.25509],[1.96497,50.25156],[1.96686,50.25374],[1.97438,50.24904],[1.98313,50.24494],[1.98436,50.2487],[1.99642,50.25566],[1.99895,50.25779],[1.9945,50.25844],[2.0042,50.26469],[2,50.26708],[2.00328,50.27055]]]},"properties":{"code_territoire":"iris801090000","libelle_territoire":"Le Boisle (commune non irisée)"}},
{"type":"Feature","geometry":{"type":"Polygon","coordinates":[[[1.63646,50.13942],[1.659,50.13704],[1.66223,50.13462],[1.67583,50.14023],[1.68137,50.14613],[1.69165,50.13772],[1.70115,50.1429],[1.69292,50.14944],[1.70449,50.15397],[1.7119,50.16304],[1.69462,50.17244],[1.68381,50.18301],[1.67357,50.17428],[1.65774,50.17528],[1.64995,50.17642],[1.64498,50.17053],[1.65198,50.16399],[1.64687,50.15781],[1.65229,50.15261],[1.65117,50.14431],[1.63651,50.14448],[1.63646,50.13942]]]},"properties":{"code_territoire":"iris801100000","libelle_territoire":"Boismont (commune non irisée)"}},
{"type":"Feature","geometry":{"type":"Polygon","coordinates":[[[2.49744,49.9552],[2.49612,49.95049],[2.4896,49.94756],[2.495,49.94049],[2.49262,49.93222],[2.49447,49.93372],[2.49895,49.92749],[2.50725,49.92505],[2.52617,49.94053],[2.52274,49.94675],[2.51341,49.94906],[2.51478,49.95807],[2.51012,49.9615],[2.49736,49.95781],[2.49744,49.9552]]]},"properties":{"code_territoire":"iris801120000","libelle_territoire":"Bonnay (commune non irisée)"}},
{"type":"Feature","geometry":{"type":"Polygon","coordinates":[[[2.23111,50.07204],[2.26029,50.0683],[2.26301,50.05994],[2.2705,50.05916],[2.29421,50.07032],[2.28165,50.07323],[2.28272,50.07706],[2.27815,50.07929],[2.28146,50.09152],[2.25475,50.09607],[2.24709,50.09416],[2.24707,50.09117],[2.23777,50.08755],[2.23111,50.07204]]]},"properties":{"code_territoire":"iris801130000","libelle_territoire":"Bonneville (commune non irisée)"}},
{"type":"Feature","geometry":{"type":"Polygon","coordinates":[[[2.18381,49.72893],[2.18991,49.72475],[2.19775,49.72841],[2.20519,49.72454],[2.21325,49.72695],[2.21439,49.722],[2.21657,49.72486],[2.21651,49.7229],[2.22925,49.72596],[2.23069,49.72144],[2.2396,49.7245],[2.23636,49.73735],[2.23058,49.74848],[2.21508,49.75329],[2.19724,49.75095],[2.19052,49.74541],[2.18794,49.73559],[2.18467,49.73576],[2.19091,49.7316],[2.18291,49.72939],[2.18381,49.72893]]]},"properties":{"code_territoire":"iris801140000","libelle_territoire":"Bosquel (commune non irisée)"}},
{"type":"Feature","geometry":{"type":"Polygon","coordinates":[[[2.90003,49.99271],[2.90795,49.97836],[2.9066,49.97234],[2.91429,49.97366],[2.91607,49.96747],[2.92303,49.96712],[2.94043,49.98317],[2.93764,49.9862],[2.94159,49.98977],[2.93492,49.98943],[2.93199,49.99514],[2.93406,49.99979],[2.93919,50.00113],[2.93811,50.01005],[2.94153,50.01135],[2.9322,50.01832],[2.93207,50.01837],[2.92587,50.01956],[2.92623,50.01652],[2.9221,50.01447],[2.91918,50.0163],[2.9139,50.01168],[2.92043,50.00459],[2.91365,50.00327],[2.91389,49.99892],[2.90003,49.99271]]]},"properties":{"code_territoire":"iris801150000","libelle_territoire":"Bouchavesnes-Bergen (commune non irisée)"}},
{"type":"Feature","geometry":{"type":"Polygon","coordinates":[[[2.65854,49.75268],[2.65503,49.74987],[2.66429,49.74399],[2.65932,49.73574],[2.66561,49.73194],[2.66906,49.73781],[2.68987,49.73223],[2.69592,49.7372],[2.69051,49.73941],[2.69841,49.74523],[2.69404,49.74597],[2.69997,49.75314],[2.6904,49.75932],[2.68108,49.7529],[2.67516,49.7573],[2.67293,49.75204],[2.65854,49.75268]]]},"properties":{"code_territoire":"iris801160000","libelle_territoire":"Bouchoir (commune non irisée)"}},
{"type":"Feature","geometry":{"type":"Polygon","coordinates":[[[2.01362,50.05088],[2.01053,50.03686],[2.00567,50.0349],[2.02963,50.03258],[2.02983,50.02589],[2.04774,50.03922],[2.0319,50.05101],[2.02331,50.04855],[2.01362,50.05088]]]},"properties":{"code_territoire":"iris801170000","libelle_territoire":"Bouchon (commune non irisée)"}},
{"type":"Feature","geometry":{"type":"Polygon","coordinates":[[[1.99642,50.25566],[2.00589,50.25243],[2.01378,50.25411],[2.0262,50.24744],[2.02766,50.24972],[2.04155,50.24677],[2.04498,50.25738],[2.03405,50.26037],[2.03813,50.2642],[2.03754,50.26683],[2.03213,50.26566],[2.02694,50.26965],[2.01444,50.26729],[2.00328,50.27055],[2,50.26708],[2.0042,50.26469],[1.9945,50.25844],[1.99895,50.25779],[1.99642,50.25566]]]},"properties":{"code_territoire":"iris801180000","libelle_territoire":"Boufflers (commune non irisée)"}},
{"type":"Feature","geometry":{"type":"Polygon","coordinates":[[[2.06978,49.86074],[2.06628,49.866],[2.0732,49.87061],[2.06859,49.87128],[2.06941,49.8774],[2.06201,49.87702],[2.064,49.87942],[2.05889,49.88285],[2.063,49.88606],[2.06003,49.88632],[2.05828,49.88641],[2.04798,49.88641],[2.04169,49.88336],[2.03007,49.866],[2.033,49.86526],[2.01996,49.85954],[2.01869,49.85353],[2.02407,49.855],[2.0223,49.84735],[2.02884,49.84477],[2.04445,49.84595],[2.06338,49.85787],[2.06978,49.86074]]]},"properties":{"code_territoire":"iris801190000","libelle_territoire":"Bougainville (commune non irisée)"}},
{"type":"Feature","geometry":{"type":"Polygon","coordinates":[[[1.62186,49.98291],[1.60065,49.97852],[1.59037,49.9775],[1.58531,49.97047],[1.60355,49.95707],[1.61861,49.9492],[1.62939,49.9478],[1.62804,49.94474],[1.64302,49.94332],[1.64167,49.93972],[1.65336,49.93506],[1.65447,49.93538],[1.67507,49.94231],[1.66833,49.94223],[1.67157,49.94877],[1.65851,49.95596],[1.66083,49.95788],[1.65674,49.9601],[1.63951,49.97058],[1.64197,49.97314],[1.6355,49.97503],[1.63798,49.97831],[1.62242,49.98028],[1.62186,49.98291]]]},"properties":{"code_territoire":"iris801200000","libelle_territoire":"Bouillancourt-en-Séry (commune non irisée)"}},
{"type":"Feature","geometry":{"type":"Polygon","coordinates":[[[2.51509,49.69104],[2.53346,49.69015],[2.5351,49.68737],[2.53662,49.69246],[2.54558,49.69428],[2.54585,49.70311],[2.54166,49.70414],[2.53837,49.70036],[2.5334,49.70428],[2.53551,49.70558],[2.52036,49.7019],[2.51163,49.70403],[2.50361,49.69953],[2.51509,49.69104]]]},"properties":{"code_territoire":"iris801210000","libelle_territoire":"Bouillancourt-la-Bataille (commune non irisée)"}},
{"type":"Feature","geometry":{"type":"Polygon","coordinates":[[[2.36193,50.20705],[2.35491,50.2075],[2.36009,50.21457],[2.35342,50.21728],[2.33321,50.23905],[2.31464,50.23488],[2.31638,50.23147],[2.32106,50.23291],[2.33145,50.22255],[2.33203,50.21594],[2.32716,50.21315],[2.32837,50.20678],[2.32302,50.20033],[2.34916,50.20082],[2.35495,50.19712],[2.36279,50.20586],[2.36193,50.20705]]]},"properties":{"code_territoire":"iris801220000","libelle_territoire":"Bouquemaison (commune non irisée)"}},
{"type":"Feature","geometry":{"type":"Polygon","coordinates":[[[2.11099,50.00128],[2.10006,49.99961],[2.0968,50.00149],[2.05783,49.99424],[2.05963,49.98763],[2.07367,49.97919],[2.08919,49.9751],[2.10142,49.98844],[2.11378,49.9915],[2.11633,49.99702],[2.11099,50.00128]]]},"properties":{"code_territoire":"iris801230000","libelle_territoire":"Bourdon (commune non irisée)"}},
{"type":"Feature","geometry":{"type":"Polygon","coordinates":[[[1.49769,50.09831],[1.50664,50.09005],[1.51401,50.09333],[1.52497,50.09086],[1.54655,50.10123],[1.53569,50.11796],[1.52505,50.12601],[1.50874,50.11484],[1.49769,50.09831]]]},"properties":{"code_territoire":"iris801240000","libelle_territoire":"Bourseville (commune non irisée)"}},
{"type":"Feature","geometry":{"type":"Polygon","coordinates":[[[2.56951,49.71],[2.56703,49.71421],[2.56095,49.70744],[2.56454,49.69833],[2.55706,49.69449],[2.56195,49.68989],[2.56631,49.68822],[2.57967,49.69024],[2.58582,49.69286],[2.58531,49.69581],[2.58255,49.70007],[2.58964,49.70585],[2.57578,49.70617],[2.56951,49.71]]]},"properties":{"code_territoire":"iris801250000","libelle_territoire":"Boussicourt (commune non irisée)"}},
{"type":"Feature","geometry":{"type":"Polygon","coordinates":[[[1.57448,49.97333],[1.5777,49.9633],[1.58546,49.96096],[1.59197,49.95083],[1.60352,49.94283],[1.61274,49.94125],[1.6134,49.93879],[1.61624,49.94002],[1.62255,49.93472],[1.64759,49.92859],[1.65336,49.93506],[1.64167,49.93972],[1.64302,49.94332],[1.62804,49.94474],[1.62939,49.9478],[1.61861,49.9492],[1.60355,49.95707],[1.58531,49.97047],[1.59037,49.9775],[1.5793,49.97895],[1.57448,49.97333]]]},"properties":{"code_territoire":"iris801260000","libelle_territoire":"Bouttencourt (commune non irisée)"}},
{"type":"Feature","geometry":{"type":"Polygon","coordinates":[[[1.49802,50.01962],[1.49555,50.02134],[1.51572,50.03424],[1.51056,50.04274],[1.51568,50.04228],[1.51755,50.04734],[1.50746,50.04972],[1.50496,50.05175],[1.48384,50.04759],[1.48667,50.04332],[1.47339,50.03364],[1.49173,50.01805],[1.49802,50.01962]]]},"properties":{"code_territoire":"iris801270000","libelle_territoire":"Bouvaincourt-sur-Bresle (commune non irisée)"}},
{"type":"Feature","geometry":{"type":"Polygon","coordinates":[[[3.03259,49.89751],[3.03677,49.89191],[3.03386,49.88906],[3.04328,49.88207],[3.04815,49.88429],[3.05085,49.88151],[3.05445,49.89603],[3.03259,49.89751]]]},"properties":{"code_territoire":"iris801280000","libelle_territoire":"Bouvincourt-en-Vermandois (commune non irisée)"}},
{"type":"Feature","geometry":{"type":"Polygon","coordinates":[[[2.62595,50.03652],[2.61018,50.03727],[2.60603,50.0417],[2.59202,50.03682],[2.59881,50.03245],[2.59413,50.02708],[2.59998,50.0143],[2.5978,50.01265],[2.58985,50.01546],[2.59188,50.00997],[2.59855,50.00646],[2.60873,50.00584],[2.60902,50.00811],[2.61653,50.00938],[2.62557,50.00924],[2.63275,50.01541],[2.63246,50.02216],[2.6284,50.02332],[2.63162,50.02571],[2.62595,50.03652]]]},"properties":{"code_territoire":"iris801290000","libelle_territoire":"Bouzincourt (commune non irisée)"}},
{"type":"Feature","geometry":{"type":"Polygon","coordinates":[[[2.16677,49.88997],[2.15361,49.89515],[2.15129,49.9007],[2.1417,49.9067],[2.13596,49.90099],[2.12373,49.89675],[2.11792,49.88574],[2.12315,49.87791],[2.13274,49.88067],[2.14621,49.87764],[2.1578,49.8796],[2.16677,49.88997]]]},"properties":{"code_territoire":"iris801300000","libelle_territoire":"Bovelles (commune non irisée)"}},
{"type":"Feature","geometry":{"type":"Polygon","coordinates":[[[2.34767,49.8625],[2.35057,49.8587],[2.34792,49.85818],[2.35567,49.85551],[2.35801,49.85104],[2.34615,49.84237],[2.34092,49.84206],[2.33536,49.83544],[2.33578,49.83108],[2.34021,49.83202],[2.34379,49.8294],[2.33876,49.82571],[2.34621,49.82119],[2.34322,49.81851],[2.35047,49.81056],[2.35393,49.81482],[2.37429,49.82111],[2.37825,49.82904],[2.3845,49.82965],[2.38953,49.82462],[2.39509,49.82544],[2.39549,49.82887],[2.40343,49.82715],[2.40448,49.83137],[2.41955,49.82756],[2.44006,49.83595],[2.43862,49.8382],[2.44119,49.84525],[2.41596,49.85343],[2.42507,49.85648],[2.42088,49.85605],[2.39597,49.85983],[2.3707,49.86588],[2.36225,49.86792],[2.35675,49.86274],[2.35081,49.86458],[2.34767,49.8625]]]},"properties":{"code_territoire":"iris801310000","libelle_territoire":"Boves (commune non irisée)"}},
{"type":"Feature","geometry":{"type":"Polygon","coordinates":[[[2.48757,49.72594],[2.49735,49.70725],[2.50671,49.712],[2.50519,49.71522],[2.52118,49.73007],[2.50879,49.73809],[2.50887,49.75043],[2.50187,49.74516],[2.47929,49.74057],[2.47585,49.7355],[2.48757,49.72594]]]},"properties":{"code_territoire":"iris801320000","libelle_territoire":"Braches (commune non irisée)"}},
{"type":"Feature","geometry":{"type":"Polygon","coordinates":[[[1.94782,50.24489],[1.95344,50.23617],[1.94314,50.2228],[1.93791,50.21667],[1.93777,50.21453],[1.93003,50.2143],[1.92556,50.2112],[1.93005,50.20479],[1.93843,50.20629],[1.9429,50.19913],[1.95487,50.20276],[1.95449,50.20098],[1.959,50.20163],[1.96446,50.21108],[1.97297,50.2159],[1.96891,50.22068],[1.98734,50.23064],[1.98478,50.23206],[1.98919,50.23538],[1.9777,50.23579],[1.98285,50.23971],[1.97787,50.23918],[1.97048,50.24435],[1.97438,50.24904],[1.96686,50.25374],[1.96497,50.25156],[1.96106,50.24784],[1.94782,50.24489]]]},"properties":{"code_territoire":"iris801330000","libelle_territoire":"Brailly-Cornehotte (commune non irisée)"}},
{"type":"Feature","geometry":{"type":"Polygon","coordinates":[[[2.0637,49.72753],[2.05854,49.72898],[2.06491,49.73266],[2.05099,49.73882],[2.05551,49.74428],[2.05187,49.74367],[2.03699,49.73035],[2.04626,49.72159],[2.05025,49.7219],[2.04838,49.72579],[2.05357,49.72453],[2.0637,49.72753]]]},"properties":{"code_territoire":"iris801340000","libelle_territoire":"Brassy (commune non irisée)"}},
{"type":"Feature","geometry":{"type":"Polygon","coordinates":[[[1.85759,50.04411],[1.87216,50.05396],[1.87334,50.05717],[1.86647,50.06173],[1.85153,50.06388],[1.85261,50.0601],[1.84326,50.06144],[1.83006,50.05272],[1.82391,50.04664],[1.82759,50.0385],[1.83698,50.04387],[1.84059,50.041],[1.85005,50.04464],[1.85759,50.04411]]]},"properties":{"code_territoire":"iris801350000","libelle_territoire":"Bray-lès-Mareuil (commune non irisée)"}},
{"type":"Feature","geometry":{"type":"Polygon","coordinates":[[[2.74671,49.94259],[2.74222,49.95422],[2.74647,49.95451],[2.74554,49.9741],[2.73089,49.97986],[2.73078,49.97777],[2.72178,49.97827],[2.71147,49.97293],[2.70641,49.97289],[2.7033,49.97796],[2.6989,49.97549],[2.69972,49.9729],[2.69133,49.9702],[2.69479,49.9673],[2.68851,49.96101],[2.69665,49.94946],[2.7081,49.94355],[2.7022,49.93808],[2.70923,49.93632],[2.7063,49.93065],[2.70923,49.91601],[2.71451,49.93708],[2.7254,49.93471],[2.73735,49.92779],[2.74683,49.93672],[2.74671,49.94259]]]},"properties":{"code_territoire":"iris801360000","libelle_territoire":"Bray-sur-Somme (commune non irisée)"}},
{"type":"Feature","geometry":{"type":"Polygon","coordinates":[[[2.17362,49.94471],[2.17134,49.94128],[2.16507,49.94219],[2.15263,49.93663],[2.14208,49.92616],[2.1488,49.9258],[2.14618,49.91974],[2.15184,49.91792],[2.15724,49.90946],[2.16354,49.914],[2.15789,49.91649],[2.16448,49.92343],[2.17167,49.92657],[2.18475,49.92521],[2.18748,49.92832],[2.18846,49.93279],[2.18017,49.93878],[2.17362,49.94471]]]},"properties":{"code_territoire":"iris801370000","libelle_territoire":"Breilly (commune non irisée)"}},
{"type":"Feature","geometry":{"type":"Polygon","coordinates":[[[2.53168,49.98984],[2.55327,49.98154],[2.55635,49.97646],[2.56052,49.97713],[2.56226,49.9881],[2.56576,49.98915],[2.56604,49.99297],[2.54452,50.00076],[2.53654,49.99751],[2.53168,49.98984]]]},"properties":{"code_territoire":"iris801380000","libelle_territoire":"Bresle (commune non irisée)"}},
{"type":"Feature","geometry":{"type":"Polygon","coordinates":[[[2.9609,49.73381],[2.96162,49.73865],[2.95135,49.74674],[2.94399,49.74434],[2.94088,49.73666],[2.93345,49.73586],[2.93368,49.73254],[2.93566,49.73091],[2.94052,49.73317],[2.94522,49.72929],[2.9609,49.73381]]]},"properties":{"code_territoire":"iris801390000","libelle_territoire":"Breuil (commune non irisée)"}},
{"type":"Feature","geometry":{"type":"Polygon","coordinates":[[[2.38527,50.22534],[2.37984,50.22496],[2.37898,50.21825],[2.37614,50.21977],[2.37274,50.21762],[2.37296,50.21123],[2.36804,50.20787],[2.38957,50.20968],[2.39274,50.21227],[2.38527,50.22534]]]},"properties":{"code_territoire":"iris801400000","libelle_territoire":"Brévillers (commune non irisée)"}},
{"type":"Feature","geometry":{"type":"Polygon","coordinates":[[[2.93601,49.89587],[2.93315,49.88694],[2.92583,49.88456],[2.92345,49.87639],[2.92863,49.87631],[2.92963,49.87275],[2.92647,49.86654],[2.9206,49.8654],[2.92272,49.8622],[2.94429,49.86459],[2.95073,49.86826],[2.96602,49.87711],[2.96646,49.88133],[2.9503,49.88654],[2.94577,49.89087],[2.94613,49.89879],[2.93759,49.9009],[2.93601,49.89587]]]},"properties":{"code_territoire":"iris801410000","libelle_territoire":"Brie (commune non irisée)"}},
{"type":"Feature","geometry":{"type":"Polygon","coordinates":[[[2.09459,49.8847],[2.0922,49.89373],[2.10248,49.90207],[2.08063,49.90999],[2.07119,49.89904],[2.08091,49.89757],[2.08019,49.89582],[2.06003,49.88632],[2.063,49.88606],[2.05889,49.88285],[2.064,49.87942],[2.06201,49.87702],[2.06941,49.8774],[2.06859,49.87128],[2.0732,49.87061],[2.06628,49.866],[2.06978,49.86074],[2.08031,49.86714],[2.08239,49.87873],[2.08739,49.87764],[2.09459,49.8847]]]},"properties":{"code_territoire":"iris801420000","libelle_territoire":"Briquemesnil-Floxicourt (commune non irisée)"}},
{"type":"Feature","geometry":{"type":"Polygon","coordinates":[[[1.82574,49.86256],[1.81823,49.85378],[1.79871,49.84602],[1.80502,49.84345],[1.81244,49.84623],[1.82437,49.84183],[1.83483,49.86034],[1.82574,49.86256]]]},"properties":{"code_territoire":"iris801430000","libelle_territoire":"Brocourt (commune non irisée)"}},
{"type":"Feature","geometry":{"type":"Polygon","coordinates":[[[3.08337,49.71273],[3.08473,49.70639],[3.07799,49.69358],[3.08357,49.69046],[3.09666,49.70582],[3.1208,49.70572],[3.12306,49.70812],[3.11772,49.7136],[3.11922,49.71824],[3.11297,49.72077],[3.11359,49.72728],[3.10551,49.72885],[3.10066,49.73543],[3.08751,49.73796],[3.08164,49.71943],[3.08337,49.71273]]]},"properties":{"code_territoire":"iris801440000","libelle_territoire":"Brouchy (commune non irisée)"}},
{"type":"Feature","geometry":{"type":"Polygon","coordinates":[[[2.08511,50.05703],[2.09076,50.0603],[2.07932,50.06019],[2.07294,50.06648],[2.06616,50.0672],[2.0703,50.07397],[2.06662,50.07906],[2.05592,50.08313],[2.04113,50.08246],[2.03113,50.07958],[2.02801,50.08129],[2.02414,50.08017],[2.02337,50.07332],[2.02655,50.07069],[2.03793,50.07045],[2.03638,50.06593],[2.0567,50.06197],[2.06567,50.0632],[2.07256,50.05807],[2.08262,50.05958],[2.08511,50.05703]]]},"properties":{"code_territoire":"iris801450000","libelle_territoire":"Brucamps (commune non irisée)"}},
{"type":"Feature","geometry":{"type":"Polygon","coordinates":[[[1.49262,50.13839],[1.48418,50.13098],[1.48855,50.12705],[1.50621,50.13805],[1.50988,50.13582],[1.51492,50.13817],[1.52259,50.13077],[1.5213,50.1278],[1.52512,50.13018],[1.52505,50.12601],[1.53569,50.11796],[1.54169,50.12005],[1.54077,50.12624],[1.54121,50.12768],[1.53696,50.12936],[1.54082,50.13138],[1.53649,50.1341],[1.53937,50.13561],[1.52653,50.15445],[1.49262,50.13839]]]},"properties":{"code_territoire":"iris801460000","libelle_territoire":"Brutelles (commune non irisée)"}},
{"type":"Feature","geometry":{"type":"Polygon","coordinates":[[[1.96817,50.09096],[1.96175,50.09487],[1.95853,50.1077],[1.94131,50.11176],[1.93322,50.1123],[1.9305,50.10983],[1.92807,50.113],[1.92254,50.1067],[1.92363,50.09988],[1.93165,50.09817],[1.93313,50.09085],[1.92872,50.08456],[1.9331,50.08418],[1.95662,50.08216],[1.95729,50.08568],[1.96452,50.08752],[1.96817,50.09096]]]},"properties":{"code_territoire":"iris801470000","libelle_territoire":"Buigny-l'Abbé (commune non irisée)"}},
{"type":"Feature","geometry":{"type":"Polygon","coordinates":[[[1.55318,50.02203],[1.55612,50.0192],[1.55002,50.01063],[1.56347,50.01104],[1.56879,50.00316],[1.57114,50.00094],[1.57979,50.00475],[1.57209,50.02169],[1.58124,50.02272],[1.5858,50.02966],[1.58213,50.03009],[1.58372,50.03549],[1.56638,50.03309],[1.56658,50.02954],[1.55318,50.02203]]]},"properties":{"code_territoire":"iris801480000","libelle_territoire":"Buigny-lès-Gamaches (commune non irisée)"}},
{"type":"Feature","geometry":{"type":"Polygon","coordinates":[[[1.84509,50.16066],[1.83306,50.15995],[1.82511,50.16522],[1.82497,50.1612],[1.81255,50.1672],[1.80778,50.16097],[1.79289,50.16253],[1.78806,50.15993],[1.79384,50.15243],[1.79715,50.15047],[1.80109,50.15395],[1.8107,50.15038],[1.81178,50.14312],[1.81886,50.14225],[1.82189,50.13533],[1.83173,50.13617],[1.83495,50.14021],[1.8431,50.15533],[1.84865,50.15584],[1.84509,50.16066]]]},"properties":{"code_territoire":"iris801490000","libelle_territoire":"Buigny-Saint-Maclou (commune non irisée)"}},
{"type":"Feature","geometry":{"type":"Polygon","coordinates":[[[3.02529,49.9536],[3.01556,49.94658],[3.00252,49.94331],[2.99049,49.9372],[2.99262,49.93439],[2.98733,49.93207],[2.98121,49.917],[3.00694,49.91901],[3.03137,49.9296],[3.02233,49.93712],[3.02638,49.93892],[3.02364,49.94455],[3.03297,49.95608],[3.02972,49.95814],[3.02529,49.9536]]]},"properties":{"code_territoire":"iris801500000","libelle_territoire":"Buire-Courcelles (commune non irisée)"}},
{"type":"Feature","geometry":{"type":"Polygon","coordinates":[[[2.58878,49.9909],[2.5839,49.99106],[2.5861,49.98345],[2.57869,49.98126],[2.58375,49.96025],[2.58483,49.95962],[2.59516,49.96091],[2.60644,49.96728],[2.61048,49.96786],[2.6029,49.98198],[2.60647,49.98354],[2.59876,49.98714],[2.60318,49.98843],[2.58878,49.9909]]]},"properties":{"code_territoire":"iris801510000","libelle_territoire":"Buire-sur-l'Ancre (commune non irisée)"}},
{"type":"Feature","geometry":{"type":"Polygon","coordinates":[[[2.69928,49.62624],[2.70222,49.62385],[2.71098,49.62623],[2.72044,49.62129],[2.7255,49.62501],[2.73545,49.64211],[2.72351,49.64776],[2.72653,49.64938],[2.71718,49.65328],[2.69863,49.64943],[2.69429,49.64527],[2.69706,49.63926],[2.69365,49.63573],[2.70466,49.63057],[2.69928,49.62624]]]},"properties":{"code_territoire":"iris801520000","libelle_territoire":"Bus-la-Mésière (commune non irisée)"}},
{"type":"Feature","geometry":{"type":"Polygon","coordinates":[[[2.55133,50.08795],[2.54963,50.09658],[2.55625,50.10499],[2.55585,50.1183],[2.54813,50.1241],[2.54292,50.1188],[2.53229,50.11516],[2.52454,50.11063],[2.52046,50.10757],[2.52392,50.10213],[2.52997,50.09466],[2.52778,50.08803],[2.54259,50.08735],[2.55133,50.08795]]]},"properties":{"code_territoire":"iris801530000","libelle_territoire":"Bus-lès-Artois (commune non irisée)"}},
{"type":"Feature","geometry":{"type":"Polygon","coordinates":[[[2.95438,49.95214],[2.95418,49.93742],[2.95757,49.93417],[2.97296,49.93689],[2.9775,49.93535],[2.98603,49.93868],[2.99049,49.9372],[3.00252,49.94331],[2.99612,49.95121],[2.99157,49.95019],[2.98836,49.95822],[2.98114,49.96041],[2.97209,49.95575],[2.96445,49.95954],[2.95438,49.95214]]]},"properties":{"code_territoire":"iris801540000","libelle_territoire":"Bussu (commune non irisée)"}},
{"type":"Feature","geometry":{"type":"Polygon","coordinates":[[[2.00213,50.12613],[1.98829,50.12106],[1.98231,50.11253],[1.98627,50.10882],[1.99361,50.10791],[1.99421,50.1007],[2.00016,50.09412],[2.0182,50.09722],[2.02336,50.09419],[2.02781,50.09664],[2.02409,50.09803],[2.02432,50.10355],[2.03024,50.11661],[2.02638,50.12022],[2.00213,50.12613]]]},"properties":{"code_territoire":"iris801550000","libelle_territoire":"Bussus-lès-Yaucourt (commune non irisée)"}},
{"type":"Feature","geometry":{"type":"Polygon","coordinates":[[[2.38988,49.91613],[2.39684,49.8989],[2.40612,49.89904],[2.41334,49.89885],[2.41343,49.90196],[2.43971,49.90006],[2.42979,49.92221],[2.41818,49.92624],[2.40819,49.92285],[2.40613,49.92498],[2.38775,49.92154],[2.38988,49.91613]]]},"properties":{"code_territoire":"iris801560000","libelle_territoire":"Bussy-lès-Daours (commune non irisée)"}},
{"type":"Feature","geometry":{"type":"Polygon","coordinates":[[[2.01023,49.82562],[1.99734,49.80937],[2.00127,49.80723],[1.99139,49.80247],[1.9989,49.79673],[2.007,49.79793],[2.00399,49.80037],[2.01138,49.81003],[2.03243,49.82477],[2.02977,49.83406],[2.02471,49.83492],[2.01023,49.82562]]]},"properties":{"code_territoire":"iris801570000","libelle_territoire":"Bussy-lès-Poix (commune non irisée)"}},
{"type":"Feature","geometry":{"type":"Polygon","coordinates":[[[2.96162,49.73865],[2.9609,49.73381],[2.96644,49.72687],[2.9643,49.72365],[2.97955,49.71439],[2.97581,49.72093],[2.97949,49.72791],[2.97203,49.73559],[2.96162,49.73865]]]},"properties":{"code_territoire":"iris801580000","libelle_territoire":"Buverchy (commune non irisée)"}},
{"type":"Feature","geometry":{"type":"Polygon","coordinates":[[[2.49791,49.85138],[2.49763,49.86114],[2.486,49.85877],[2.48898,49.86853],[2.48431,49.87285],[2.47923,49.87263],[2.47794,49.86983],[2.45531,49.86946],[2.46054,49.85819],[2.46414,49.85817],[2.4727,49.8392],[2.4773,49.84067],[2.47617,49.84408],[2.49197,49.84709],[2.49791,49.85138]]]},"properties":{"code_territoire":"iris801590000","libelle_territoire":"Cachy (commune non irisée)"}},
{"type":"Feature","geometry":{"type":"Polygon","coordinates":[[[2.33919,49.86365],[2.32668,49.85877],[2.3199,49.84684],[2.32503,49.83849],[2.33536,49.83544],[2.34092,49.84206],[2.34615,49.84237],[2.35801,49.85104],[2.35567,49.85551],[2.34792,49.85818],[2.35057,49.8587],[2.34767,49.8625],[2.3458,49.86601],[2.33919,49.86365]]]},"properties":{"code_territoire":"iris801600000","libelle_territoire":"Cagny (commune non irisée)"}},
{"type":"Feature","geometry":{"type":"Polygon","coordinates":[[[1.70113,50.11964],[1.71192,50.11113],[1.71883,50.10883],[1.72478,50.11292],[1.7297,50.10669],[1.74137,50.10634],[1.74639,50.10635],[1.74487,50.11086],[1.74827,50.11325],[1.74243,50.11679],[1.73975,50.12713],[1.74402,50.12566],[1.75291,50.12857],[1.75251,50.13323],[1.74486,50.13722],[1.73503,50.1291],[1.71997,50.13118],[1.71635,50.12665],[1.71063,50.12857],[1.70113,50.11964]]]},"properties":{"code_territoire":"iris801610000","libelle_territoire":"Cahon (commune non irisée)"}},
{"type":"Feature","geometry":{"type":"Polygon","coordinates":[[[2.66371,49.7946],[2.66826,49.79987],[2.66567,49.8017],[2.67552,49.80751],[2.67187,49.8077],[2.67493,49.81221],[2.67247,49.8165],[2.67605,49.81752],[2.66394,49.82187],[2.65902,49.82076],[2.64879,49.83023],[2.64194,49.82642],[2.621,49.82587],[2.61751,49.81613],[2.62476,49.81219],[2.61947,49.81133],[2.62244,49.80329],[2.63394,49.79586],[2.6471,49.79236],[2.66149,49.79252],[2.66034,49.79559],[2.66371,49.7946]]]},"properties":{"code_territoire":"iris801620000","libelle_territoire":"Caix (commune non irisée)"}},
{"type":"Feature","geometry":{"type":"Polygon","coordinates":[[[1.76544,50.08609],[1.79156,50.10267],[1.7896,50.10608],[1.79453,50.11633],[1.75289,50.13361],[1.75251,50.13323],[1.75291,50.12857],[1.74402,50.12566],[1.73975,50.12713],[1.74243,50.11679],[1.74827,50.11325],[1.74487,50.11086],[1.74639,50.10635],[1.74137,50.10634],[1.74408,50.09852],[1.74812,50.09907],[1.74642,50.08915],[1.74964,50.08813],[1.75781,50.08998],[1.76544,50.08609]]]},"properties":{"code_territoire":"iris801630000","libelle_territoire":"Cambron (commune non irisée)"}},
{"type":"Feature","geometry":{"type":"Polygon","coordinates":[[[2.38525,49.92144],[2.3655,49.92811],[2.35472,49.92784],[2.35441,49.92458],[2.36679,49.92041],[2.35648,49.91748],[2.35378,49.90452],[2.34955,49.90531],[2.34966,49.90124],[2.33992,49.90114],[2.33081,49.89118],[2.33485,49.89075],[2.33582,49.88733],[2.33937,49.88084],[2.34318,49.88028],[2.35174,49.87836],[2.36202,49.88282],[2.38202,49.88489],[2.37544,49.88784],[2.38317,49.8944],[2.39067,49.91044],[2.38524,49.91475],[2.38988,49.91613],[2.38775,49.92154],[2.38525,49.92144]]]},"properties":{"code_territoire":"iris801640000","libelle_territoire":"Camon (commune non irisée)"}},
{"type":"Feature","geometry":{"type":"Polygon","coordinates":[[[1.95678,49.8934],[1.94715,49.87841],[1.95183,49.87468],[1.95595,49.87569],[1.95868,49.8717],[1.9743,49.8742],[1.98161,49.87627],[1.98225,49.8848],[1.96871,49.89259],[1.97299,49.89352],[1.96722,49.89722],[1.95678,49.8934]]]},"properties":{"code_territoire":"iris801650000","libelle_territoire":"Camps-en-Amiénois (commune non irisée)"}},
{"type":"Feature","geometry":{"type":"Polygon","coordinates":[[[2.20302,50.0607],[2.2068,50.05988],[2.20857,50.05363],[2.20347,50.05234],[2.21079,50.05129],[2.20979,50.04481],[2.21646,50.05144],[2.22143,50.05043],[2.22119,50.0477],[2.22651,50.05183],[2.23089,50.04738],[2.24362,50.0492],[2.25442,50.05103],[2.26244,50.05367],[2.26301,50.05994],[2.26029,50.0683],[2.23111,50.07204],[2.20794,50.07877],[2.20302,50.0607]]]},"properties":{"code_territoire":"iris801660000","libelle_territoire":"Canaples (commune non irisée)"}},
{"type":"Feature","geometry":{"type":"Polygon","coordinates":[[[1.84874,50.20117],[1.85056,50.19988],[1.85718,50.19407],[1.85059,50.17919],[1.86183,50.17748],[1.8807,50.1758],[1.88176,50.17811],[1.90005,50.1797],[1.8918,50.18285],[1.8957,50.18537],[1.89115,50.18828],[1.89813,50.19033],[1.88479,50.2003],[1.87649,50.20027],[1.87513,50.19342],[1.86068,50.19319],[1.85758,50.19622],[1.86753,50.2016],[1.85914,50.20062],[1.85236,50.20423],[1.84874,50.20117]]]},"properties":{"code_territoire":"iris801670000","libelle_territoire":"Canchy (commune non irisée)"}},
{"type":"Feature","geometry":{"type":"Polygon","coordinates":[[[2.24603,50.0984],[2.24293,50.09611],[2.24709,50.09416],[2.25475,50.09607],[2.28146,50.09152],[2.27815,50.07929],[2.28272,50.07706],[2.28165,50.07323],[2.29421,50.07032],[2.30355,50.0728],[2.30973,50.06673],[2.31289,50.0685],[2.321,50.07652],[2.31151,50.07983],[2.29531,50.09491],[2.30079,50.10234],[2.29439,50.11278],[2.30027,50.11426],[2.2901,50.12186],[2.28618,50.12501],[2.29076,50.12589],[2.28797,50.13105],[2.27921,50.13108],[2.28289,50.12641],[2.27958,50.12332],[2.26223,50.12178],[2.25789,50.12056],[2.2565,50.12495],[2.24809,50.12266],[2.25122,50.11759],[2.24547,50.11526],[2.25017,50.11168],[2.24711,50.10925],[2.25301,50.10724],[2.24353,50.10429],[2.25147,50.10132],[2.24603,50.0984]]]},"properties":{"code_territoire":"iris801680000","libelle_territoire":"Candas (commune non irisée)"}},
{"type":"Feature","geometry":{"type":"Polygon","coordinates":[[[1.74286,49.93701],[1.74881,49.93743],[1.75059,49.93011],[1.75635,49.92703],[1.76398,49.92895],[1.76596,49.92579],[1.77085,49.92923],[1.77597,49.92673],[1.78521,49.93788],[1.77917,49.94066],[1.76779,49.94665],[1.74285,49.93703],[1.74286,49.93701]]]},"properties":{"code_territoire":"iris801690000","libelle_territoire":"Cannessières (commune non irisée)"}},
{"type":"Feature","geometry":{"type":"Polygon","coordinates":[[[2.4855,49.6535],[2.49518,49.65453],[2.4989,49.66136],[2.50906,49.66478],[2.50276,49.66796],[2.5091,49.67093],[2.50733,49.67268],[2.50297,49.67484],[2.49214,49.67173],[2.48807,49.67547],[2.47452,49.67077],[2.47006,49.66076],[2.48042,49.66167],[2.4855,49.6535]]]},"properties":{"code_territoire":"iris801700000","libelle_territoire":"Cantigny (commune non irisée)"}},
{"type":"Feature","geometry":{"type":"Polygon","coordinates":[[[1.89152,50.11611],[1.89948,50.12302],[1.893,50.12553],[1.89431,50.1309],[1.88639,50.13033],[1.89534,50.13949],[1.90278,50.14078],[1.89354,50.14958],[1.88958,50.14814],[1.88515,50.14652],[1.88718,50.14299],[1.87972,50.14105],[1.88069,50.13581],[1.86255,50.12904],[1.8582,50.12212],[1.85966,50.11965],[1.8628,50.12107],[1.86069,50.1188],[1.86887,50.11277],[1.89152,50.11611]]]},"properties":{"code_territoire":"iris801710000","libelle_territoire":"Caours (commune non irisée)"}},
{"type":"Feature","geometry":{"type":"Polygon","coordinates":[[[2.77732,49.94253],[2.76675,49.94556],[2.75467,49.94097],[2.74671,49.94259],[2.74683,49.93672],[2.73735,49.92779],[2.73326,49.9228],[2.73912,49.9218],[2.73549,49.91765],[2.73925,49.91442],[2.74625,49.90811],[2.76469,49.9089],[2.76659,49.90657],[2.77251,49.90945],[2.77108,49.91185],[2.77859,49.91376],[2.79348,49.92792],[2.79281,49.93198],[2.77732,49.94253]]]},"properties":{"code_territoire":"iris801720000","libelle_territoire":"Cappy (commune non irisée)"}},
{"type":"Feature","geometry":{"type":"Polygon","coordinates":[[[2.3288,49.93889],[2.33577,49.93799],[2.34735,49.94348],[2.35399,49.94046],[2.36196,49.94692],[2.36618,49.94573],[2.37547,49.95353],[2.37174,49.95683],[2.37516,49.96029],[2.37942,49.9554],[2.38652,49.95598],[2.38418,49.96514],[2.37547,49.96094],[2.36954,49.96268],[2.34514,49.96018],[2.33321,49.94465],[2.3288,49.93889]]]},"properties":{"code_territoire":"iris801730000","libelle_territoire":"Cardonnette (commune non irisée)"}},
{"type":"Feature","geometry":{"type":"Polygon","coordinates":[[[2.47295,49.63556],[2.47327,49.6319],[2.4636,49.62758],[2.47786,49.62066],[2.48689,49.6262],[2.48841,49.63139],[2.50521,49.63958],[2.50595,49.64017],[2.47295,49.63556]]]},"properties":{"code_territoire":"iris801740000","libelle_territoire":"Le Cardonnois (commune non irisée)"}},
{"type":"Feature","geometry":{"type":"Polygon","coordinates":[[[2.80395,49.7167],[2.80158,49.70501],[2.81,49.69624],[2.80674,49.69247],[2.8111,49.69072],[2.81297,49.6931],[2.82533,49.69153],[2.83309,49.6956],[2.83828,49.70142],[2.83732,49.70873],[2.83246,49.70875],[2.83043,49.71028],[2.83404,49.7119],[2.82987,49.71419],[2.8226,49.7184],[2.82187,49.71533],[2.80395,49.7167]]]},"properties":{"code_territoire":"iris801760000","libelle_territoire":"Carrépuis (commune non irisée)"}},
{"type":"Feature","geometry":{"type":"Polygon","coordinates":[[[3.05445,49.89603],[3.05627,49.89763],[3.05963,49.90499],[3.05365,49.91224],[3.04688,49.91332],[3.04861,49.91567],[3.05125,49.91742],[3.04115,49.91873],[3.04338,49.92048],[3.03137,49.9296],[3.00694,49.91901],[2.98121,49.917],[2.97177,49.91569],[2.97341,49.91095],[2.97617,49.90427],[2.98669,49.90461],[2.98604,49.89413],[2.98873,49.8969],[2.99422,49.89555],[2.99457,49.89252],[3.02077,49.89297],[3.02118,49.89755],[3.03259,49.89751],[3.05445,49.89603]]]},"properties":{"code_territoire":"iris801770000","libelle_territoire":"Cartigny (commune non irisée)"}},
{"type":"Feature","geometry":{"type":"Polygon","coordinates":[[[1.911,49.80019],[1.89621,49.79293],[1.89152,49.7976],[1.88012,49.78972],[1.88646,49.77548],[1.9003,49.77495],[1.90316,49.77242],[1.91052,49.77505],[1.90964,49.78139],[1.91349,49.78164],[1.9181,49.78966],[1.91484,49.79849],[1.911,49.80019]]]},"properties":{"code_territoire":"iris801790000","libelle_territoire":"Caulières (commune non irisée)"}},
{"type":"Feature","geometry":{"type":"Polygon","coordinates":[[[2.08063,49.90999],[2.10248,49.90207],[2.1087,49.90183],[2.10815,49.90411],[2.09015,49.91256],[2.09184,49.91741],[2.08589,49.92848],[2.08172,49.92511],[2.0606,49.93291],[2.05495,49.93036],[2.05288,49.9162],[2.05976,49.91665],[2.08063,49.90999]]]},"properties":{"code_territoire":"iris801800000","libelle_territoire":"Cavillon (commune non irisée)"}},
{"type":"Feature","geometry":{"type":"Polygon","coordinates":[[[2.5876,49.8129],[2.59682,49.80733],[2.60206,49.79783],[2.61014,49.79845],[2.62244,49.80329],[2.61947,49.81133],[2.62476,49.81219],[2.61751,49.81613],[2.621,49.82587],[2.61315,49.82548],[2.60348,49.82195],[2.59932,49.82598],[2.5901,49.82634],[2.58288,49.82639],[2.59749,49.82344],[2.59134,49.81983],[2.59252,49.81283],[2.59002,49.81463],[2.5876,49.8129]]]},"properties":{"code_territoire":"iris801810000","libelle_territoire":"Cayeux-en-Santerre (commune non irisée)"}},
{"type":"Feature","geometry":{"type":"Polygon","coordinates":[[[1.52653,50.15445],[1.53939,50.15994],[1.5347,50.15953],[1.53598,50.17357],[1.54306,50.17674],[1.54269,50.18261],[1.54811,50.1833],[1.55119,50.18768],[1.54787,50.1904],[1.55942,50.20477],[1.5571,50.20965],[1.56683,50.21485],[1.56538,50.21668],[1.57198,50.21716],[1.56187,50.21662],[1.54355,50.21348],[1.51951,50.20548],[1.53475,50.21146],[1.52799,50.21007],[1.53213,50.21212],[1.53377,50.21217],[1.53375,50.21241],[1.53543,50.21268],[1.5345,50.2121],[1.5375,50.21294],[1.54116,50.21316],[1.53893,50.2134],[1.5421,50.21383],[1.54035,50.21387],[1.53378,50.21263],[1.53978,50.21399],[1.54263,50.21399],[1.54033,50.21418],[1.53518,50.21339],[1.53246,50.21241],[1.52726,50.20997],[1.52933,50.2113],[1.51249,50.20201],[1.51871,50.20661],[1.50428,50.19662],[1.48239,50.17093],[1.46823,50.13904],[1.47937,50.15122],[1.483,50.14003],[1.48845,50.13707],[1.49262,50.13839],[1.52653,50.15445]]]},"properties":{"code_territoire":"iris801820000","libelle_territoire":"Cayeux-sur-Mer (commune non irisée)"}},
{"type":"Feature","geometry":{"type":"Polygon","coordinates":[[[1.73498,49.95564],[1.74121,49.9655],[1.7448,49.96366],[1.75534,49.96686],[1.7521,49.97068],[1.75647,49.973],[1.74083,49.99056],[1.71828,49.97641],[1.72643,49.97216],[1.72326,49.96071],[1.72772,49.96065],[1.72885,49.95639],[1.73498,49.95564]]]},"properties":{"code_territoire":"iris801830000","libelle_territoire":"Cerisy-Buleux (commune non irisée)"}},
{"type":"Feature","geometry":{"type":"Polygon","coordinates":[[[2.60426,49.90372],[2.59678,49.9023],[2.6013,49.89945],[2.59741,49.89939],[2.59471,49.89136],[2.60084,49.89067],[2.59563,49.88457],[2.60693,49.88667],[2.60312,49.8842],[2.60905,49.88201],[2.60593,49.87777],[2.61138,49.87734],[2.61851,49.87814],[2.6182,49.8802],[2.63644,49.87764],[2.64273,49.89966],[2.64974,49.90182],[2.64303,49.91166],[2.63381,49.91475],[2.6167,49.91299],[2.60977,49.90935],[2.61216,49.90497],[2.60426,49.90372]]]},"properties":{"code_territoire":"iris801840000","libelle_territoire":"Cerisy (commune non irisée)"}},
{"type":"Feature","geometry":{"type":"Polygon","coordinates":[[[2.82987,49.71419],[2.83404,49.7119],[2.83043,49.71028],[2.83246,49.70875],[2.83732,49.70873],[2.83828,49.70142],[2.83309,49.6956],[2.84189,49.69448],[2.83869,49.69024],[2.85688,49.68289],[2.87431,49.68582],[2.87967,49.67565],[2.88823,49.671],[2.89171,49.6729],[2.88774,49.68772],[2.87968,49.69017],[2.87725,49.69626],[2.87007,49.69814],[2.86632,49.70265],[2.85702,49.70336],[2.85658,49.70604],[2.85073,49.70496],[2.84796,49.71492],[2.85069,49.71529],[2.84677,49.7192],[2.84477,49.71792],[2.84145,49.72145],[2.82987,49.71419]]]},"properties":{"code_territoire":"iris801850000","libelle_territoire":"Champien (commune non irisée)"}},
{"type":"Feature","geometry":{"type":"Polygon","coordinates":[[[2.78127,49.80914],[2.7907,49.80769],[2.78674,49.80504],[2.79405,49.80085],[2.80226,49.80469],[2.81161,49.80389],[2.81733,49.80949],[2.82378,49.80899],[2.82733,49.81154],[2.82262,49.81246],[2.8244,49.8251],[2.81991,49.82407],[2.81127,49.82758],[2.81213,49.83221],[2.80021,49.83141],[2.79986,49.83349],[2.78907,49.8321],[2.78872,49.82926],[2.78189,49.82839],[2.77999,49.82023],[2.77565,49.82112],[2.78324,49.81326],[2.78104,49.81062],[2.78127,49.80914]]]},"properties":{"code_territoire":"iris801860000","libelle_territoire":"Chaulnes (commune non irisée)"}},
{"type":"Feature","geometry":{"type":"Polygon","coordinates":[[[2.17082,49.98748],[2.15541,49.97366],[2.15175,49.96445],[2.14952,49.96647],[2.12733,49.9539],[2.13912,49.9484],[2.14173,49.95028],[2.15131,49.94664],[2.1648,49.94955],[2.17362,49.94471],[2.18017,49.93878],[2.18338,49.9419],[2.19007,49.95256],[2.19349,49.9514],[2.19547,49.95532],[2.20197,49.95585],[2.20022,49.9605],[2.18534,49.95427],[2.1924,49.96206],[2.19666,49.96095],[2.19884,49.96358],[2.18217,49.96573],[2.18109,49.97107],[2.19224,49.97241],[2.1878,49.97682],[2.17711,49.97794],[2.1794,49.97983],[2.17296,49.98309],[2.17498,49.9853],[2.17082,49.98748]]]},"properties":{"code_territoire":"iris801870000","libelle_territoire":"La Chaussée-Tirancourt (commune non irisée)"}},
{"type":"Feature","geometry":{"type":"Polygon","coordinates":[[[2.36664,49.73328],[2.34195,49.73825],[2.3364,49.73329],[2.32318,49.73452],[2.29481,49.72518],[2.29622,49.71103],[2.30211,49.71213],[2.31079,49.70814],[2.35624,49.7099],[2.35078,49.72699],[2.35204,49.72927],[2.36607,49.7301],[2.36664,49.73328]]]},"properties":{"code_territoire":"iris801880000","libelle_territoire":"Chaussoy-Epagny (commune non irisée)"}},
{"type":"Feature","geometry":{"type":"Polygon","coordinates":[[[2.75185,49.7562],[2.75052,49.75399],[2.75827,49.75159],[2.75521,49.74928],[2.76226,49.74703],[2.76669,49.75279],[2.77242,49.75176],[2.77732,49.75733],[2.77111,49.76306],[2.76072,49.75985],[2.75544,49.76084],[2.75185,49.7562]]]},"properties":{"code_territoire":"iris801890000","libelle_territoire":"La Chavatte (commune non irisée)"}},
{"type":"Feature","geometry":{"type":"Polygon","coordinates":[[[1.62425,50.06814],[1.62032,50.0636],[1.62748,50.05695],[1.62239,50.04707],[1.63925,50.04571],[1.65677,50.0566],[1.65222,50.05951],[1.65378,50.06739],[1.6657,50.07458],[1.65971,50.08018],[1.66821,50.08379],[1.66614,50.08832],[1.66028,50.08881],[1.64929,50.08184],[1.65102,50.07928],[1.64058,50.07023],[1.62425,50.06814]]]},"properties":{"code_territoire":"iris801900000","libelle_territoire":"Chépy (commune non irisée)"}},
{"type":"Feature","geometry":{"type":"Polygon","coordinates":[[[2.78388,49.7805],[2.77759,49.78176],[2.77472,49.78759],[2.77837,49.78781],[2.78127,49.80914],[2.78104,49.81062],[2.7635,49.81416],[2.76018,49.80917],[2.75708,49.80552],[2.76367,49.78105],[2.76497,49.77832],[2.77768,49.77986],[2.78388,49.7805]]]},"properties":{"code_territoire":"iris801910000","libelle_territoire":"Chilly (commune non irisée)"}},
{"type":"Feature","geometry":{"type":"Polygon","coordinates":[[[2.63038,49.93568],[2.63998,49.92824],[2.63718,49.92066],[2.63179,49.91775],[2.63381,49.91475],[2.64303,49.91166],[2.64974,49.90182],[2.65821,49.89667],[2.66697,49.90167],[2.66855,49.90735],[2.66325,49.92011],[2.66606,49.92188],[2.66305,49.92195],[2.66497,49.92577],[2.66077,49.92624],[2.6637,49.9315],[2.66063,49.93257],[2.65792,49.92892],[2.6501,49.93411],[2.64526,49.93249],[2.64259,49.93642],[2.63038,49.93568]]]},"properties":{"code_territoire":"iris801920000","libelle_territoire":"Chipilly (commune non irisée)"}},
{"type":"Feature","geometry":{"type":"Polygon","coordinates":[[[2.39052,49.72101],[2.39008,49.72613],[2.38235,49.72405],[2.3803,49.72854],[2.36607,49.7301],[2.35204,49.72927],[2.35078,49.72699],[2.35624,49.7099],[2.35732,49.70405],[2.37623,49.69765],[2.37744,49.69831],[2.39006,49.70557],[2.39052,49.72101]]]},"properties":{"code_territoire":"iris801930000","libelle_territoire":"Chirmont (commune non irisée)"}},
{"type":"Feature","geometry":{"type":"Polygon","coordinates":[[[2.7454,49.88525],[2.74484,49.88832],[2.74945,49.8853],[2.75624,49.88648],[2.75618,49.88889],[2.76414,49.88896],[2.76576,49.89372],[2.7619,49.8946],[2.76606,49.89797],[2.76659,49.90657],[2.76469,49.9089],[2.74625,49.90811],[2.73925,49.91442],[2.73767,49.89218],[2.74275,49.88979],[2.74011,49.88777],[2.73918,49.88411],[2.7455,49.88439],[2.7454,49.88525]]]},"properties":{"code_territoire":"iris801940000","libelle_territoire":"Chuignes (commune non irisée)"}},
{"type":"Feature","geometry":{"type":"Polygon","coordinates":[[[2.71378,49.90711],[2.70927,49.90217],[2.71495,49.90027],[2.71204,49.89549],[2.71952,49.89098],[2.72528,49.89324],[2.72866,49.88965],[2.72655,49.88627],[2.73715,49.88709],[2.74011,49.88777],[2.74275,49.88979],[2.73767,49.89218],[2.73925,49.91442],[2.73549,49.91765],[2.72936,49.91957],[2.72446,49.91176],[2.71378,49.90711]]]},"properties":{"code_territoire":"iris801950000","libelle_territoire":"Chuignolles (commune non irisée)"}},
{"type":"Feature","geometry":{"type":"Polygon","coordinates":[[[1.79803,49.98774],[1.79319,49.98013],[1.79542,49.97827],[1.80154,49.97277],[1.80444,49.96932],[1.81118,49.97104],[1.81383,49.96597],[1.82656,49.96568],[1.83344,49.96632],[1.83187,49.97675],[1.83581,49.97654],[1.83736,49.98104],[1.82884,49.99138],[1.81295,49.99177],[1.80682,49.98753],[1.8022,49.98984],[1.79803,49.98774]]]},"properties":{"code_territoire":"iris801960000","libelle_territoire":"Citerne (commune non irisée)"}},
{"type":"Feature","geometry":{"type":"Polygon","coordinates":[[[2.90386,49.84188],[2.91266,49.83458],[2.92156,49.83531],[2.92749,49.83227],[2.92901,49.83219],[2.92612,49.84812],[2.90386,49.84188]]]},"properties":{"code_territoire":"iris801970000","libelle_territoire":"Cizancourt (commune non irisée)"}},
{"type":"Feature","geometry":{"type":"Polygon","coordinates":[[[2.19785,49.85768],[2.18229,49.86272],[2.18565,49.86716],[2.16802,49.85953],[2.15295,49.86688],[2.13563,49.85295],[2.15448,49.84818],[2.15586,49.84569],[2.17105,49.84596],[2.18272,49.84198],[2.19467,49.85081],[2.19045,49.85398],[2.19785,49.85768]]]},"properties":{"code_territoire":"iris801980000","libelle_territoire":"Clairy-Saulchoix (commune non irisée)"}},
{"type":"Feature","geometry":{"type":"Polygon","coordinates":[[[2.87086,49.93548],[2.88036,49.92892],[2.89493,49.94046],[2.90932,49.94171],[2.90874,49.94727],[2.91577,49.94962],[2.90759,49.95418],[2.91372,49.95877],[2.91607,49.96747],[2.91429,49.97366],[2.9066,49.97234],[2.90795,49.97836],[2.90003,49.99271],[2.89101,49.99415],[2.88417,49.98886],[2.87891,49.99062],[2.87178,49.98726],[2.87174,49.97436],[2.85535,49.96448],[2.85331,49.96212],[2.85744,49.95827],[2.85365,49.95138],[2.87567,49.94784],[2.86905,49.93929],[2.87086,49.93548]]]},"properties":{"code_territoire":"iris801990000","libelle_territoire":"Cléry-sur-Somme (commune non irisée)"}},
{"type":"Feature","geometry":{"type":"Polygon","coordinates":[[[1.92937,50.04709],[1.94191,50.04189],[1.96605,50.03933],[1.97743,50.04232],[1.98077,50.05026],[1.97675,50.05181],[1.97805,50.05499],[1.98243,50.06076],[1.98794,50.05824],[1.98743,50.06256],[1.9685,50.07564],[1.97063,50.07775],[1.96581,50.07868],[1.95987,50.07222],[1.96446,50.07079],[1.96279,50.06825],[1.94484,50.06005],[1.9417,50.06147],[1.92807,50.04925],[1.92937,50.04709]]]},"properties":{"code_territoire":"iris802000000","libelle_territoire":"Cocquerel (commune non irisée)"}},
{"type":"Feature","geometry":{"type":"Polygon","coordinates":[[[2.55585,50.1183],[2.5607,50.1216],[2.56608,50.11862],[2.56943,50.12036],[2.56995,50.12238],[2.55902,50.12889],[2.56846,50.13585],[2.5573,50.14258],[2.55257,50.14252],[2.54607,50.13554],[2.54453,50.12661],[2.54813,50.1241],[2.55585,50.1183]]]},"properties":{"code_territoire":"iris802010000","libelle_territoire":"Coigneux (commune non irisée)"}},
{"type":"Feature","geometry":{"type":"Polygon","coordinates":[[[2.33178,49.98436],[2.32353,49.98492],[2.32017,49.97053],[2.32639,49.96966],[2.31465,49.95755],[2.32814,49.95176],[2.32679,49.94602],[2.33321,49.94465],[2.34514,49.96018],[2.35043,49.96704],[2.33911,49.979],[2.33257,49.98025],[2.33178,49.98436]]]},"properties":{"code_territoire":"iris802020000","libelle_territoire":"Coisy (commune non irisée)"}},
{"type":"Feature","geometry":{"type":"Polygon","coordinates":[[[2.58351,50.098],[2.60378,50.09225],[2.61986,50.09625],[2.62573,50.09499],[2.63093,50.10537],[2.62828,50.10935],[2.62022,50.11104],[2.59321,50.10664],[2.59409,50.1011],[2.58351,50.098]]]},"properties":{"code_territoire":"iris802030000","libelle_territoire":"Colincamps (commune non irisée)"}},
{"type":"Feature","geometry":{"type":"Polygon","coordinates":[[[2.84351,50.00228],[2.85944,50.00215],[2.85962,49.99862],[2.86471,50.00073],[2.8851,49.99178],[2.89105,49.99474],[2.88553,49.99691],[2.89631,50.00407],[2.8932,50.00758],[2.89802,50.00644],[2.90701,50.01453],[2.90257,50.02013],[2.89698,50.02137],[2.89588,50.01953],[2.89159,50.02226],[2.88435,50.0204],[2.87862,50.02452],[2.87517,50.01984],[2.86844,50.02295],[2.86369,50.01993],[2.86045,50.02421],[2.85655,50.02404],[2.84472,50.01212],[2.8475,50.01007],[2.84351,50.00228]]]},"properties":{"code_territoire":"iris802040000","libelle_territoire":"Combles (commune non irisée)"}},
{"type":"Feature","geometry":{"type":"Polygon","coordinates":[[[2.00814,49.98381],[2.01643,49.98709],[2.03247,49.98789],[2.04356,49.9939],[2.04785,49.99715],[2.04054,50.00825],[2.04692,50.01058],[2.016,50.02333],[2.0062,50.02351],[2.0082,50.0184],[1.99959,50.00184],[2.00814,49.98381]]]},"properties":{"code_territoire":"iris802050000","libelle_territoire":"Condé-Folie (commune non irisée)"}},
{"type":"Feature","geometry":{"type":"Polygon","coordinates":[[[2.71735,50.01509],[2.72078,50.01912],[2.73257,50.01899],[2.73798,50.00953],[2.74158,50.01227],[2.74084,50.01832],[2.74585,50.0174],[2.74793,50.02457],[2.75353,50.03595],[2.7478,50.03678],[2.75179,50.03999],[2.74247,50.04821],[2.73888,50.04616],[2.72781,50.03899],[2.72636,50.02957],[2.71759,50.02616],[2.71419,50.02422],[2.71735,50.01509]]]},"properties":{"code_territoire":"iris802060000","libelle_territoire":"Contalmaison (commune non irisée)"}},
{"type":"Feature","geometry":{"type":"Polygon","coordinates":[[[2.43698,50.03257],[2.43952,50.01796],[2.45732,50.00977],[2.46477,50.0097],[2.45857,50.00253],[2.46575,49.99824],[2.46195,49.99442],[2.4679,49.99541],[2.47033,49.99219],[2.48674,49.98921],[2.48939,49.99118],[2.4913,49.9871],[2.49657,49.98841],[2.49285,49.99598],[2.48204,50.00578],[2.48121,50.02495],[2.47565,50.02536],[2.46306,50.02224],[2.44858,50.02326],[2.43698,50.03257]]]},"properties":{"code_territoire":"iris802070000","libelle_territoire":"Contay (commune non irisée)"}},
{"type":"Feature","geometry":{"type":"Polygon","coordinates":[[[2.0497,50.16937],[2.06182,50.1705],[2.07028,50.16422],[2.07186,50.17036],[2.07953,50.16899],[2.09325,50.17726],[2.0937,50.18229],[2.08558,50.18474],[2.08836,50.18772],[2.08021,50.18916],[2.07972,50.19366],[2.07671,50.1874],[2.06611,50.18441],[2.05367,50.19116],[2.04854,50.18862],[2.04397,50.19125],[2.03888,50.18837],[2.04723,50.18132],[2.0497,50.16937]]]},"properties":{"code_territoire":"iris802080000","libelle_territoire":"Conteville (commune non irisée)"}},
{"type":"Feature","geometry":{"type":"Polygon","coordinates":[[[1.85785,49.86201],[1.8622,49.85964],[1.89643,49.89194],[1.8903,49.89561],[1.8485,49.8763],[1.84443,49.87314],[1.85049,49.86861],[1.84868,49.86527],[1.85785,49.86201]]]},"properties":{"code_territoire":"iris802590000","libelle_territoire":"Dromesnil (commune non irisée)"}},
{"type":"Feature","geometry":{"type":"Polygon","coordinates":[[[2.12086,49.76125],[2.12033,49.76685],[2.11436,49.76971],[2.09257,49.75251],[2.08073,49.754],[2.06728,49.7463],[2.05551,49.74428],[2.05099,49.73882],[2.06491,49.73266],[2.05854,49.72898],[2.0637,49.72753],[2.06978,49.7302],[2.07988,49.72883],[2.08175,49.73173],[2.08736,49.73078],[2.1126,49.747],[2.12086,49.76125]]]},"properties":{"code_territoire":"iris802100000","libelle_territoire":"Contre (commune non irisée)"}},
{"type":"Feature","geometry":{"type":"Polygon","coordinates":[[[2.18291,49.72939],[2.17984,49.73054],[2.18088,49.73976],[2.16595,49.74077],[2.16637,49.74905],[2.15943,49.75126],[2.16185,49.7549],[2.15524,49.75641],[2.16304,49.76536],[2.16681,49.76535],[2.16715,49.77406],[2.15473,49.77814],[2.14088,49.78873],[2.12497,49.78498],[2.11942,49.78779],[2.11149,49.78177],[2.11436,49.76971],[2.12033,49.76685],[2.12086,49.76125],[2.13293,49.75251],[2.133,49.74377],[2.13826,49.73941],[2.13189,49.72676],[2.11594,49.71979],[2.12222,49.70851],[2.14186,49.71639],[2.16494,49.72002],[2.18168,49.72747],[2.18381,49.72893],[2.18291,49.72939]]]},"properties":{"code_territoire":"iris802110000","libelle_territoire":"Conty (commune non irisée)"}},
{"type":"Feature","geometry":{"type":"Polygon","coordinates":[[[2.53248,49.92319],[2.52672,49.92545],[2.53837,49.93559],[2.53766,49.93775],[2.52904,49.93832],[2.52705,49.93612],[2.52446,49.93739],[2.52833,49.9392],[2.52617,49.94053],[2.50725,49.92505],[2.49895,49.92749],[2.49447,49.93372],[2.49262,49.93222],[2.495,49.94049],[2.48169,49.94193],[2.47681,49.93878],[2.47827,49.93296],[2.4656,49.93334],[2.4609,49.93236],[2.46069,49.92378],[2.45652,49.92378],[2.46268,49.92092],[2.46291,49.91724],[2.45719,49.91369],[2.46118,49.9085],[2.47781,49.90667],[2.48605,49.90155],[2.492,49.90128],[2.51643,49.90318],[2.52795,49.91834],[2.53248,49.92319]]]},"properties":{"code_territoire":"iris802120000","libelle_territoire":"Corbie (commune non irisée)"}},
{"type":"Feature","geometry":{"type":"Polygon","coordinates":[[[1.8582,50.12212],[1.86255,50.12904],[1.88069,50.13581],[1.87972,50.14105],[1.88718,50.14299],[1.88515,50.14652],[1.88958,50.14814],[1.88709,50.1523],[1.87913,50.15368],[1.88374,50.15502],[1.88685,50.162],[1.86253,50.16311],[1.85569,50.15967],[1.85024,50.16183],[1.85264,50.16717],[1.84546,50.16848],[1.84509,50.16066],[1.84865,50.15584],[1.8431,50.15533],[1.83495,50.14021],[1.84377,50.13441],[1.84796,50.12779],[1.8582,50.12212]]]},"properties":{"code_territoire":"iris802600000","libelle_territoire":"Drucat (commune non irisée)"}},
{"type":"Feature","geometry":{"type":"Polygon","coordinates":[[[2.25286,49.85109],[2.25402,49.84112],[2.26239,49.83936],[2.2598,49.83533],[2.26416,49.83439],[2.26097,49.83338],[2.26038,49.83001],[2.27239,49.8301],[2.27501,49.8275],[2.27597,49.83669],[2.30462,49.85172],[2.30437,49.85942],[2.2958,49.8624],[2.30444,49.8676],[2.30084,49.87119],[2.28687,49.86359],[2.27833,49.86695],[2.28189,49.8755],[2.27419,49.87484],[2.27227,49.87475],[2.25597,49.85684],[2.25286,49.85109]]]},"properties":{"code_territoire":"iris802610000","libelle_territoire":"Dury (commune non irisée)"}},
{"type":"Feature","geometry":{"type":"Polygon","coordinates":[[[1.90318,50.07867],[1.89106,50.08256],[1.89527,50.0873],[1.89068,50.08694],[1.8833,50.08201],[1.88695,50.08052],[1.8832,50.06902],[1.87562,50.06696],[1.87227,50.06167],[1.86661,50.06227],[1.86647,50.06173],[1.87334,50.05717],[1.87216,50.05396],[1.8785,50.0583],[1.88271,50.05552],[1.88426,50.05965],[1.89235,50.05589],[1.90239,50.06731],[1.90318,50.07867]]]},"properties":{"code_territoire":"iris802620000","libelle_territoire":"Eaucourt-sur-Somme (commune non irisée)"}},
{"type":"Feature","geometry":{"type":"Polygon","coordinates":[[[2.72331,49.68123],[2.74187,49.68539],[2.74038,49.69541],[2.73262,49.69359],[2.7241,49.69635],[2.72084,49.69448],[2.72274,49.699],[2.71579,49.70079],[2.71051,49.69798],[2.69734,49.69894],[2.69039,49.69097],[2.69624,49.69061],[2.69578,49.68481],[2.70595,49.68298],[2.70897,49.68763],[2.71389,49.68767],[2.71682,49.68054],[2.72331,49.68123]]]},"properties":{"code_territoire":"iris802630000","libelle_territoire":"L'Échelle-Saint-Aurin (commune non irisée)"}},
{"type":"Feature","geometry":{"type":"Polygon","coordinates":[[[2.32554,49.7918],[2.33164,49.79185],[2.338,49.79841],[2.36436,49.79053],[2.37826,49.79245],[2.39019,49.80262],[2.38906,49.80974],[2.39475,49.81376],[2.39509,49.82544],[2.38953,49.82462],[2.3845,49.82965],[2.37825,49.82904],[2.37429,49.82111],[2.35393,49.81482],[2.35047,49.81056],[2.35075,49.80759],[2.34125,49.80868],[2.34186,49.8018],[2.33286,49.80007],[2.32496,49.7943],[2.32554,49.7918]]]},"properties":{"code_territoire":"iris802130000","libelle_territoire":"Cottenchy (commune non irisée)"}},
{"type":"Feature","geometry":{"type":"Polygon","coordinates":[[[2.44542,49.65304],[2.44879,49.66313],[2.45264,49.66651],[2.44065,49.67502],[2.44315,49.67685],[2.43492,49.68879],[2.4219,49.68376],[2.40506,49.68069],[2.39647,49.67132],[2.39824,49.66231],[2.40226,49.66064],[2.41259,49.66305],[2.41698,49.65863],[2.44542,49.65304]]]},"properties":{"code_territoire":"iris802140000","libelle_territoire":"Coullemelle (commune non irisée)"}},
{"type":"Feature","geometry":{"type":"Polygon","coordinates":[[[2.04723,50.18132],[2.01194,50.16712],[2.01529,50.1577],[2.00914,50.15362],[2.00147,50.15392],[1.98614,50.14376],[1.98766,50.13417],[2.00465,50.13009],[2.00811,50.13417],[2.02999,50.14128],[2.01699,50.15988],[2.03235,50.1579],[2.03226,50.16192],[2.04287,50.16083],[2.04141,50.16442],[2.04566,50.16568],[2.0501,50.16336],[2.0497,50.16937],[2.04723,50.18132]]]},"properties":{"code_territoire":"iris802150000","libelle_territoire":"Coulonvillers (commune non irisée)"}},
{"type":"Feature","geometry":{"type":"Polygon","coordinates":[[[2.73888,50.04616],[2.74247,50.04821],[2.76402,50.0607],[2.76038,50.06964],[2.74691,50.06775],[2.74511,50.07016],[2.7364,50.0681],[2.72758,50.06353],[2.72499,50.05644],[2.72838,50.05058],[2.73888,50.04616]]]},"properties":{"code_territoire":"iris802160000","libelle_territoire":"Courcelette (commune non irisée)"}},
{"type":"Feature","geometry":{"type":"Polygon","coordinates":[[[2.58351,50.098],[2.59409,50.1011],[2.59321,50.10664],[2.59149,50.11249],[2.57604,50.11335],[2.57645,50.10979],[2.5703,50.10579],[2.57989,50.0962],[2.58351,50.098]]]},"properties":{"code_territoire":"iris802170000","libelle_territoire":"Courcelles-au-Bois (commune non irisée)"}},
{"type":"Feature","geometry":{"type":"Polygon","coordinates":[[[2.03243,49.82477],[2.01138,49.81003],[2.01829,49.80418],[2.02777,49.8086],[2.03223,49.8047],[2.03753,49.80812],[2.04146,49.80731],[2.04707,49.79934],[2.04109,49.79439],[2.04668,49.79113],[2.05008,49.79225],[2.06707,49.80078],[2.05848,49.80885],[2.06342,49.81146],[2.05686,49.81703],[2.05043,49.81497],[2.05421,49.81932],[2.05132,49.82449],[2.03999,49.81963],[2.03243,49.82477]]]},"properties":{"code_territoire":"iris802180000","libelle_territoire":"Courcelles-sous-Moyencourt (commune non irisée)"}},
{"type":"Feature","geometry":{"type":"Polygon","coordinates":[[[2.04754,49.71904],[2.07436,49.71999],[2.07524,49.71282],[2.08028,49.71405],[2.08674,49.70845],[2.09774,49.71765],[2.08562,49.72807],[2.08736,49.73078],[2.08175,49.73173],[2.07988,49.72883],[2.06978,49.7302],[2.0637,49.72753],[2.05357,49.72453],[2.04838,49.72579],[2.05025,49.7219],[2.04626,49.72159],[2.04754,49.71904]]]},"properties":{"code_territoire":"iris802190000","libelle_territoire":"Courcelles-sous-Thoix (commune non irisée)"}},
{"type":"Feature","geometry":{"type":"Polygon","coordinates":[[[2.53561,49.65097],[2.54779,49.65674],[2.54929,49.66126],[2.55592,49.65989],[2.5568,49.66409],[2.56289,49.66549],[2.56137,49.66783],[2.56745,49.6681],[2.56649,49.67456],[2.54993,49.67065],[2.54619,49.67576],[2.53572,49.67336],[2.53911,49.66608],[2.53269,49.66719],[2.53005,49.66027],[2.5231,49.65828],[2.528,49.65778],[2.52501,49.65492],[2.53561,49.65097]]]},"properties":{"code_territoire":"iris802200000","libelle_territoire":"Courtemanche (commune non irisée)"}},
{"type":"Feature","geometry":{"type":"Polygon","coordinates":[[[2.03933,50.13865],[2.06412,50.13969],[2.0732,50.14812],[2.07179,50.15335],[2.07685,50.15566],[2.07028,50.16422],[2.06182,50.1705],[2.0497,50.16937],[2.0501,50.16336],[2.04566,50.16568],[2.04141,50.16442],[2.04287,50.16083],[2.03226,50.16192],[2.03235,50.1579],[2.01699,50.15988],[2.02999,50.14128],[2.03322,50.13671],[2.03933,50.13865]]]},"properties":{"code_territoire":"iris802210000","libelle_territoire":"Cramont (commune non irisée)"}},
{"type":"Feature","geometry":{"type":"Polygon","coordinates":[[[1.76767,50.23697],[1.78757,50.23642],[1.7864,50.22793],[1.80876,50.2259],[1.80842,50.22375],[1.81371,50.22325],[1.81132,50.21662],[1.79026,50.21565],[1.79974,50.21051],[1.82155,50.21203],[1.83791,50.21335],[1.83812,50.20733],[1.84874,50.20117],[1.85236,50.20423],[1.85914,50.20062],[1.86753,50.2016],[1.89209,50.2193],[1.89548,50.22016],[1.90263,50.21228],[1.91359,50.21716],[1.91002,50.22875],[1.91089,50.23419],[1.90061,50.23896],[1.90732,50.24531],[1.89633,50.25088],[1.90831,50.25945],[1.89661,50.26235],[1.89629,50.26763],[1.88527,50.27529],[1.88214,50.27381],[1.88098,50.27892],[1.87503,50.2808],[1.87363,50.27802],[1.86613,50.28007],[1.86375,50.27824],[1.86482,50.27508],[1.85855,50.26912],[1.8548,50.26697],[1.8519,50.27023],[1.84805,50.2617],[1.82122,50.26268],[1.81964,50.26627],[1.81358,50.26072],[1.80775,50.26258],[1.80253,50.2668],[1.79491,50.26495],[1.79628,50.26997],[1.78658,50.27305],[1.77216,50.27531],[1.77508,50.2706],[1.79153,50.26931],[1.79238,50.26584],[1.78739,50.26108],[1.77778,50.26357],[1.76768,50.26232],[1.77435,50.25166],[1.76793,50.25078],[1.76613,50.24713],[1.77461,50.24407],[1.77314,50.24148],[1.76724,50.24203],[1.76767,50.23697]]]},"properties":{"code_territoire":"iris802220000","libelle_territoire":"Crécy-en-Ponthieu (commune non irisée)"}},
{"type":"Feature","geometry":{"type":"Polygon","coordinates":[[[2.80399,49.74144],[2.80287,49.73875],[2.83015,49.73369],[2.83191,49.73667],[2.83852,49.74822],[2.83615,49.75098],[2.83185,49.75286],[2.82652,49.7476],[2.82347,49.7493],[2.81709,49.74537],[2.81201,49.74679],[2.80964,49.74191],[2.80399,49.74144]]]},"properties":{"code_territoire":"iris802230000","libelle_territoire":"Crémery (commune non irisée)"}},
{"type":"Feature","geometry":{"type":"Polygon","coordinates":[[[2.91773,49.73761],[2.91501,49.73205],[2.90776,49.73284],[2.90498,49.72779],[2.90238,49.72929],[2.89233,49.72527],[2.89212,49.7208],[2.89583,49.7207],[2.89414,49.71404],[2.88352,49.71407],[2.89197,49.69876],[2.90566,49.69963],[2.91254,49.70424],[2.90891,49.70759],[2.91348,49.70973],[2.93059,49.71904],[2.92773,49.73074],[2.92243,49.73771],[2.91929,49.73591],[2.91773,49.73761]]]},"properties":{"code_territoire":"iris802240000","libelle_territoire":"Cressy-Omencourt (commune non irisée)"}},
{"type":"Feature","geometry":{"type":"Polygon","coordinates":[[[2.18465,49.83748],[2.18272,49.84198],[2.17105,49.84596],[2.15586,49.84569],[2.14375,49.83996],[2.14662,49.83875],[2.13716,49.82636],[2.15813,49.82312],[2.16371,49.82717],[2.16146,49.82922],[2.18465,49.83748]]]},"properties":{"code_territoire":"iris802250000","libelle_territoire":"Creuse (commune non irisée)"}},
{"type":"Feature","geometry":{"type":"Polygon","coordinates":[[[2.98917,49.8331],[2.98349,49.8281],[2.97908,49.82425],[2.98009,49.81407],[2.98166,49.80888],[2.99149,49.81062],[3.0027,49.80506],[3.02015,49.80783],[3.0245,49.81238],[3.02114,49.81308],[3.02575,49.8156],[3.01977,49.81887],[3.01676,49.82598],[2.99956,49.83873],[2.98962,49.83704],[2.98917,49.8331]]]},"properties":{"code_territoire":"iris802260000","libelle_territoire":"Croix-Moligneaux (commune non irisée)"}},
{"type":"Feature","geometry":{"type":"Polygon","coordinates":[[[2.007,49.79793],[1.9989,49.79673],[1.99139,49.80247],[1.98491,49.80391],[1.98424,49.80837],[1.97257,49.81122],[1.97268,49.81426],[1.96079,49.80779],[1.95473,49.81053],[1.95016,49.80637],[1.96675,49.79897],[1.97384,49.78468],[1.98203,49.78607],[1.99281,49.77803],[2.00037,49.77742],[2.01115,49.77894],[2.01411,49.78131],[2.00777,49.78308],[2.01922,49.78585],[2.01494,49.78686],[2.007,49.79793]]]},"properties":{"code_territoire":"iris802270000","libelle_territoire":"Croixrault (commune non irisée)"}},
{"type":"Feature","geometry":{"type":"Polygon","coordinates":[[[1.62283,50.27692],[1.6241,50.27128],[1.61748,50.26995],[1.62087,50.26317],[1.61369,50.26377],[1.61269,50.25781],[1.59478,50.25777],[1.59357,50.24578],[1.61437,50.22184],[1.62308,50.21443],[1.62748,50.2138],[1.63249,50.21808],[1.63037,50.21572],[1.63428,50.21498],[1.64364,50.21823],[1.64114,50.22358],[1.64514,50.23679],[1.65177,50.24245],[1.65,50.24768],[1.64295,50.24953],[1.63962,50.25661],[1.64312,50.25912],[1.63824,50.26072],[1.64141,50.26417],[1.63765,50.26428],[1.6349,50.27226],[1.62994,50.27443],[1.63107,50.27868],[1.62705,50.28002],[1.62283,50.27692]]]},"properties":{"code_territoire":"iris802280000","libelle_territoire":"Le Crotoy (commune non irisée)"}},
{"type":"Feature","geometry":{"type":"Polygon","coordinates":[[[2.09437,49.94414],[2.10116,49.94161],[2.10631,49.94686],[2.1121,49.94715],[2.11037,49.94421],[2.11738,49.94272],[2.12467,49.94551],[2.1283,49.94991],[2.12546,49.95284],[2.11152,49.96364],[2.08919,49.9751],[2.07367,49.97919],[2.06009,49.97096],[2.05941,49.96767],[2.07176,49.9607],[2.06853,49.95767],[2.08497,49.955],[2.08191,49.95131],[2.08703,49.94985],[2.0865,49.94633],[2.09437,49.94414]]]},"properties":{"code_territoire":"iris802290000","libelle_territoire":"Crouy-Saint-Pierre (commune non irisée)"}},
{"type":"Feature","geometry":{"type":"Polygon","coordinates":[[[2.79281,49.93198],[2.79105,49.93398],[2.80425,49.93165],[2.80612,49.93825],[2.80118,49.94533],[2.80575,49.95131],[2.80056,49.95908],[2.80714,49.96229],[2.78922,49.96864],[2.7779,49.96825],[2.7754,49.96582],[2.77951,49.96286],[2.77204,49.95488],[2.77818,49.95524],[2.7748,49.95175],[2.78743,49.94919],[2.78805,49.94498],[2.77732,49.94253],[2.79281,49.93198]]]},"properties":{"code_territoire":"iris802640000","libelle_territoire":"Éclusier-Vaux (commune non irisée)"}},
{"type":"Feature","geometry":{"type":"Polygon","coordinates":[[[1.55185,50.0459],[1.5454,50.03993],[1.5432,50.04143],[1.5311,50.03449],[1.53908,50.0267],[1.53525,50.02388],[1.52824,50.02586],[1.52819,50.02318],[1.54596,50.01989],[1.55318,50.02203],[1.56658,50.02954],[1.56638,50.03309],[1.58372,50.03549],[1.5697,50.03997],[1.55185,50.0459]]]},"properties":{"code_territoire":"iris802650000","libelle_territoire":"Embreville (commune non irisée)"}},
{"type":"Feature","geometry":{"type":"Polygon","coordinates":[[[2.58518,50.04537],[2.59131,50.04312],[2.59202,50.03682],[2.60603,50.0417],[2.61018,50.03727],[2.62595,50.03652],[2.61668,50.05183],[2.62723,50.05789],[2.63132,50.06677],[2.61525,50.07609],[2.59009,50.06076],[2.5845,50.05377],[2.58753,50.04917],[2.58518,50.04537]]]},"properties":{"code_territoire":"iris802660000","libelle_territoire":"Englebelmer (commune non irisée)"}},
{"type":"Feature","geometry":{"type":"Polygon","coordinates":[[[2.98917,49.8331],[2.98322,49.8345],[2.97074,49.85215],[2.96052,49.84918],[2.94865,49.85582],[2.94733,49.84784],[2.93238,49.84407],[2.93283,49.84042],[2.92893,49.84],[2.92936,49.83215],[2.92974,49.83044],[2.94009,49.83049],[2.94633,49.8348],[2.95984,49.83644],[2.96273,49.83352],[2.96779,49.83427],[2.97037,49.82881],[2.97744,49.8317],[2.98349,49.8281],[2.98917,49.8331]]]},"properties":{"code_territoire":"iris802670000","libelle_territoire":"Ennemain (commune non irisée)"}},
{"type":"Feature","geometry":{"type":"Polygon","coordinates":[[[1.8742,50.09374],[1.8611,50.08284],[1.85661,50.08459],[1.84998,50.08272],[1.83971,50.07807],[1.84112,50.07391],[1.85295,50.06635],[1.85707,50.0682],[1.86661,50.06227],[1.87227,50.06167],[1.87562,50.06696],[1.8832,50.06902],[1.88695,50.08052],[1.8833,50.08201],[1.89068,50.08694],[1.8911,50.08778],[1.8742,50.09374]]]},"properties":{"code_territoire":"iris802680000","libelle_territoire":"Épagne-Épagnette (commune non irisée)"}},
{"type":"Feature","geometry":{"type":"Polygon","coordinates":[[[1.83038,49.91639],[1.84366,49.91091],[1.84205,49.90674],[1.85211,49.90034],[1.86779,49.90921],[1.87825,49.91771],[1.87344,49.92279],[1.86517,49.92447],[1.84114,49.91814],[1.83525,49.91968],[1.83038,49.91639]]]},"properties":{"code_territoire":"iris802690000","libelle_territoire":"Épaumesnil (commune non irisée)"}},
{"type":"Feature","geometry":{"type":"Polygon","coordinates":[[[2.16373,50.11132],[2.16481,50.1134],[2.16075,50.11071],[2.15717,50.11204],[2.1621,50.11474],[2.1611,50.1206],[2.15316,50.11892],[2.15314,50.11572],[2.15231,50.11955],[2.15077,50.11434],[2.14265,50.10784],[2.14913,50.10777],[2.14441,50.10455],[2.14909,50.10045],[2.15563,50.10548],[2.15764,50.10385],[2.16373,50.11132]]]},"properties":{"code_territoire":"iris802700000","libelle_territoire":"Épécamps (commune non irisée)"}},
{"type":"Feature","geometry":{"type":"Polygon","coordinates":[[[3.1557,49.99163],[3.16571,49.99898],[3.16544,50.0048],[3.17084,50.00784],[3.17038,50.0179],[3.16707,50.02107],[3.15834,50.01822],[3.15096,50.02075],[3.14716,50.01848],[3.14988,50.02732],[3.12364,50.02441],[3.10477,50.02049],[3.0978,50.00679],[3.09483,50.0037],[3.09727,49.99599],[3.11654,49.98605],[3.13381,49.98936],[3.13834,49.98591],[3.14916,49.99487],[3.1557,49.99163]]]},"properties":{"code_territoire":"iris802710000","libelle_territoire":"Épehy (commune non irisée)"}},
{"type":"Feature","geometry":{"type":"Polygon","coordinates":[[[2.92749,49.83227],[2.92812,49.82928],[2.91321,49.82022],[2.91035,49.81185],[2.92705,49.81377],[2.92597,49.81017],[2.93285,49.81003],[2.93756,49.8169],[2.94937,49.82024],[2.94808,49.82317],[2.92974,49.83044],[2.92936,49.83215],[2.92901,49.83219],[2.92749,49.83227]]]},"properties":{"code_territoire":"iris802720000","libelle_territoire":"Épénancourt (commune non irisée)"}},
{"type":"Feature","geometry":{"type":"Polygon","coordinates":[[[1.94544,49.7675],[1.95363,49.77235],[1.97384,49.78055],[1.97011,49.78364],[1.97384,49.78468],[1.96675,49.79897],[1.95016,49.80637],[1.94353,49.8073],[1.94484,49.80026],[1.93925,49.7979],[1.93217,49.79886],[1.93121,49.79596],[1.91815,49.80008],[1.91484,49.79849],[1.9181,49.78966],[1.91349,49.78164],[1.90964,49.78139],[1.91052,49.77505],[1.91098,49.77323],[1.91978,49.76813],[1.92225,49.76265],[1.94544,49.7675]]]},"properties":{"code_territoire":"iris802730000","libelle_territoire":"Éplessier (commune non irisée)"}},
{"type":"Feature","geometry":{"type":"Polygon","coordinates":[[[2.88915,49.80064],[2.87577,49.79659],[2.87696,49.79307],[2.8719,49.79417],[2.8658,49.78679],[2.86006,49.7879],[2.86108,49.78375],[2.85042,49.78819],[2.8445,49.78183],[2.83927,49.78401],[2.8352,49.78031],[2.83792,49.77155],[2.85195,49.77031],[2.85426,49.7722],[2.85787,49.76972],[2.86038,49.77148],[2.86643,49.76407],[2.88014,49.76015],[2.88773,49.77162],[2.89252,49.77321],[2.88721,49.77806],[2.89426,49.78287],[2.89193,49.78986],[2.88915,49.80064]]]},"properties":{"code_territoire":"iris802300000","libelle_territoire":"Curchy (commune non irisée)"}},
{"type":"Feature","geometry":{"type":"Polygon","coordinates":[[[2.80396,49.98212],[2.8072,49.976],[2.80284,49.9683],[2.78922,49.96864],[2.80714,49.96229],[2.81237,49.96016],[2.81959,49.94782],[2.82437,49.95321],[2.83111,49.96734],[2.83469,49.96512],[2.83799,49.96777],[2.83622,49.98077],[2.83481,49.97861],[2.82522,49.98094],[2.81131,49.97973],[2.80396,49.98212]]]},"properties":{"code_territoire":"iris802310000","libelle_territoire":"Curlu (commune non irisée)"}},
{"type":"Feature","geometry":{"type":"Polygon","coordinates":[[[2.74339,49.7176],[2.75012,49.7238],[2.74945,49.72795],[2.75711,49.72901],[2.75752,49.7332],[2.7528,49.74024],[2.74737,49.74291],[2.73653,49.73739],[2.7194,49.73767],[2.71091,49.73108],[2.73195,49.72233],[2.74339,49.7176]]]},"properties":{"code_territoire":"iris802320000","libelle_territoire":"Damery (commune non irisée)"}},
{"type":"Feature","geometry":{"type":"Polygon","coordinates":[[[2.72653,49.64938],[2.73451,49.6498],[2.74441,49.66044],[2.74882,49.65817],[2.74953,49.66054],[2.74946,49.66744],[2.74239,49.66586],[2.74433,49.67214],[2.73894,49.67147],[2.7411,49.68022],[2.74187,49.68539],[2.72331,49.68123],[2.72559,49.67736],[2.7188,49.67474],[2.72459,49.67053],[2.716,49.66907],[2.71718,49.65328],[2.72653,49.64938]]]},"properties":{"code_territoire":"iris802330000","libelle_territoire":"Dancourt-Popincourt (commune non irisée)"}},
{"type":"Feature","geometry":{"type":"Polygon","coordinates":[[[2.42979,49.92221],[2.43971,49.90006],[2.41343,49.90196],[2.41334,49.89885],[2.40612,49.89904],[2.40598,49.89416],[2.41497,49.88625],[2.43547,49.88669],[2.43393,49.89135],[2.43918,49.8916],[2.43905,49.8957],[2.44466,49.90002],[2.45326,49.9014],[2.44884,49.88615],[2.4326,49.88508],[2.44782,49.88314],[2.45207,49.88643],[2.46,49.89407],[2.4561,49.90264],[2.46118,49.9085],[2.45719,49.91369],[2.46291,49.91724],[2.46268,49.92092],[2.45652,49.92378],[2.42979,49.92221]]]},"properties":{"code_territoire":"iris802340000","libelle_territoire":"Daours (commune non irisée)"}},
{"type":"Feature","geometry":{"type":"Polygon","coordinates":[[[1.51755,50.04734],[1.51568,50.04228],[1.51056,50.04274],[1.51572,50.03424],[1.51891,50.03242],[1.5311,50.03449],[1.5432,50.04143],[1.5454,50.03993],[1.55185,50.0459],[1.54076,50.04968],[1.52751,50.05194],[1.52158,50.05168],[1.51755,50.04734]]]},"properties":{"code_territoire":"iris802350000","libelle_territoire":"Dargnies (commune non irisée)"}},
{"type":"Feature","geometry":{"type":"Polygon","coordinates":[[[2.56951,49.71],[2.57578,49.70617],[2.58964,49.70585],[2.58255,49.70007],[2.58531,49.69581],[2.6009,49.68992],[2.61195,49.70088],[2.60842,49.70701],[2.61562,49.70734],[2.62598,49.72429],[2.61345,49.73016],[2.6032,49.73087],[2.60076,49.73373],[2.58578,49.73151],[2.58163,49.72799],[2.57472,49.72758],[2.57879,49.72483],[2.57086,49.72159],[2.57679,49.71821],[2.57156,49.71611],[2.56951,49.71]]]},"properties":{"code_territoire":"iris802360000","libelle_territoire":"Davenescourt (commune non irisée)"}},
{"type":"Feature","geometry":{"type":"Polygon","coordinates":[[[3.06901,49.74275],[3.06522,49.74677],[3.06123,49.74434],[3.03917,49.74852],[3.03634,49.74941],[3.03513,49.74554],[3.02828,49.74848],[3.03025,49.74004],[3.04034,49.73518],[3.04077,49.723],[3.04327,49.72597],[3.05859,49.72525],[3.06873,49.74015],[3.06901,49.74275]]]},"properties":{"code_territoire":"iris802740000","libelle_territoire":"Eppeville (commune non irisée)"}},
{"type":"Feature","geometry":{"type":"Polygon","coordinates":[[[3.02514,50.01686],[3.02509,50.03716],[3.03069,50.04077],[3.02621,50.04177],[3.02845,50.05198],[3.02506,50.05461],[3.01476,50.05921],[3.00641,50.05474],[3.00539,50.04736],[2.99963,50.0421],[3.00306,50.04142],[3.00201,50.03719],[2.99528,50.02953],[3.00656,50.02399],[3.00398,50.01703],[3.01109,50.01166],[3.02368,50.01523],[3.02514,50.01686]]]},"properties":{"code_territoire":"iris802750000","libelle_territoire":"Équancourt (commune non irisée)"}},
{"type":"Feature","geometry":{"type":"Polygon","coordinates":[[[1.93247,49.7215],[1.93326,49.72001],[1.94876,49.7007],[1.97168,49.72021],[1.96772,49.73065],[1.97218,49.73282],[1.96794,49.73878],[1.97706,49.74203],[1.98017,49.74656],[1.96517,49.74569],[1.96685,49.74989],[1.96271,49.75433],[1.95749,49.74817],[1.94378,49.74802],[1.94839,49.74172],[1.94495,49.73997],[1.94928,49.73847],[1.94456,49.73643],[1.94464,49.72299],[1.93247,49.7215]]]},"properties":{"code_territoire":"iris802760000","libelle_territoire":"Équennes-Éramecourt (commune non irisée)"}},
{"type":"Feature","geometry":{"type":"Polygon","coordinates":[[[2.69592,49.7372],[2.68987,49.73223],[2.66906,49.73781],[2.66561,49.73194],[2.65932,49.73574],[2.64326,49.72533],[2.64871,49.72123],[2.64481,49.72168],[2.64083,49.71244],[2.64931,49.71391],[2.65134,49.71751],[2.66321,49.71535],[2.6703,49.71527],[2.67279,49.71086],[2.68501,49.70955],[2.69719,49.72349],[2.69408,49.72707],[2.70314,49.73425],[2.69592,49.7372]]]},"properties":{"code_territoire":"iris802780000","libelle_territoire":"Erches (commune non irisée)"}},
{"type":"Feature","geometry":{"type":"Polygon","coordinates":[[[2.98217,49.70423],[2.98409,49.70971],[2.97769,49.70961],[2.97955,49.71439],[2.9643,49.72365],[2.95632,49.7139],[2.94157,49.71408],[2.93841,49.71944],[2.93059,49.71904],[2.91348,49.70973],[2.91376,49.70431],[2.93,49.68957],[2.92547,49.68301],[2.92884,49.68012],[2.938,49.68144],[2.93035,49.67672],[2.94011,49.68045],[2.94324,49.67395],[2.94861,49.67506],[2.95531,49.66516],[2.95225,49.6781],[2.956,49.67799],[2.9477,49.68266],[2.95086,49.68511],[2.94848,49.69421],[2.96189,49.69342],[2.97429,49.6975],[2.97733,49.70571],[2.98217,49.70423]]]},"properties":{"code_territoire":"iris802790000","libelle_territoire":"Ercheu (commune non irisée)"}},
{"type":"Feature","geometry":{"type":"Polygon","coordinates":[[[1.71196,50.03154],[1.71524,50.03359],[1.7237,50.03046],[1.72329,50.03228],[1.73432,50.03143],[1.74125,50.04062],[1.73587,50.04549],[1.74267,50.04863],[1.73687,50.04837],[1.7348,50.05105],[1.72836,50.04861],[1.7207,50.05208],[1.70464,50.04063],[1.71196,50.03154]]]},"properties":{"code_territoire":"iris802800000","libelle_territoire":"Ercourt (commune non irisée)"}},
{"type":"Feature","geometry":{"type":"Polygon","coordinates":[[[2.04113,50.08246],[2.04223,50.08851],[2.03269,50.09827],[2.02923,50.09646],[2.0197,50.09085],[2.02801,50.08129],[2.03113,50.07958],[2.04113,50.08246]]]},"properties":{"code_territoire":"iris802810000","libelle_territoire":"Ergnies (commune non irisée)"}},
{"type":"Feature","geometry":{"type":"Polygon","coordinates":[[[1.89235,50.05589],[1.88426,50.05965],[1.88271,50.05552],[1.8785,50.0583],[1.87216,50.05396],[1.85759,50.04411],[1.86376,50.03704],[1.87867,50.04357],[1.87953,50.04085],[1.8718,50.03648],[1.87942,50.02975],[1.8856,50.03726],[1.88531,50.04407],[1.89286,50.04798],[1.89638,50.05437],[1.89235,50.05589]]]},"properties":{"code_territoire":"iris802820000","libelle_territoire":"Érondelle (commune non irisée)"}},
{"type":"Feature","geometry":{"type":"Polygon","coordinates":[[[2.37282,49.69547],[2.3701,49.69013],[2.37455,49.69002],[2.37753,49.68543],[2.38042,49.68694],[2.39692,49.68018],[2.40267,49.68265],[2.40506,49.68069],[2.4219,49.68376],[2.42424,49.68645],[2.42033,49.68908],[2.42496,49.69058],[2.42036,49.69597],[2.41683,49.69542],[2.42033,49.69782],[2.41354,49.70041],[2.39631,49.69551],[2.3954,49.69878],[2.39012,49.69771],[2.38944,49.69982],[2.38129,49.69535],[2.37744,49.69831],[2.37623,49.69765],[2.37282,49.69547]]]},"properties":{"code_territoire":"iris802830000","libelle_territoire":"Esclainvillers (commune non irisée)"}},
{"type":"Feature","geometry":{"type":"Polygon","coordinates":[[[2.99234,49.70802],[3.005,49.70306],[3.00582,49.69343],[3.01558,49.69304],[3.01638,49.6853],[3.02824,49.67993],[3.04023,49.69251],[3.04047,49.69696],[3.05546,49.69359],[3.0596,49.70208],[3.05237,49.71394],[3.04077,49.723],[3.04034,49.73518],[3.03025,49.74004],[3.01744,49.74196],[3.01365,49.73198],[2.99487,49.72293],[2.99234,49.70802]]]},"properties":{"code_territoire":"iris802840000","libelle_territoire":"Esmery-Hallon (commune non irisée)"}},
{"type":"Feature","geometry":{"type":"Polygon","coordinates":[[[2.56634,49.80067],[2.56094,49.80579],[2.5683,49.8066],[2.56884,49.81189],[2.56527,49.81172],[2.56956,49.81495],[2.56288,49.81489],[2.56519,49.82234],[2.56198,49.82715],[2.54192,49.8254],[2.54092,49.82916],[2.53759,49.82814],[2.54408,49.83424],[2.5368,49.83928],[2.53148,49.8358],[2.52825,49.83936],[2.52507,49.83898],[2.52581,49.84477],[2.51972,49.84385],[2.52485,49.82844],[2.51623,49.81663],[2.51365,49.80597],[2.51831,49.80437],[2.51702,49.80222],[2.52079,49.80084],[2.52409,49.80467],[2.54128,49.79899],[2.55051,49.80473],[2.56957,49.79894],[2.56634,49.80067]]]},"properties":{"code_territoire":"iris802370000","libelle_territoire":"Démuin (commune non irisée)"}},
{"type":"Feature","geometry":{"type":"Polygon","coordinates":[[[2.60318,49.98843],[2.59876,49.98714],[2.60647,49.98354],[2.6029,49.98198],[2.61048,49.96786],[2.60644,49.96728],[2.61399,49.96574],[2.62304,49.96942],[2.62703,49.96528],[2.63651,49.97096],[2.64826,49.97603],[2.64726,49.98287],[2.64257,49.98226],[2.63881,49.98866],[2.63506,49.9937],[2.63271,49.98912],[2.62731,49.99048],[2.62453,49.98679],[2.61905,49.9902],[2.61078,49.99064],[2.60318,49.98843]]]},"properties":{"code_territoire":"iris802380000","libelle_territoire":"Dernancourt (commune non irisée)"}},
{"type":"Feature","geometry":{"type":"Polygon","coordinates":[[[3.00718,49.84372],[3.01116,49.84281],[3.01968,49.84372],[3.02003,49.85843],[3.00016,49.85937],[2.99293,49.85324],[2.99972,49.84704],[2.99468,49.84651],[3.00718,49.84372]]]},"properties":{"code_territoire":"iris802390000","libelle_territoire":"Devise (commune non irisée)"}},
{"type":"Feature","geometry":{"type":"Polygon","coordinates":[[[2.94558,49.9114],[2.94589,49.90929],[2.95308,49.91274],[2.96185,49.91077],[2.96663,49.90598],[2.97341,49.91095],[2.97177,49.91569],[2.98121,49.917],[2.98733,49.93207],[2.99262,49.93439],[2.99049,49.9372],[2.98603,49.93868],[2.9775,49.93535],[2.97296,49.93689],[2.95757,49.93417],[2.94489,49.93191],[2.93395,49.926],[2.93846,49.91523],[2.9449,49.91466],[2.94558,49.9114]]]},"properties":{"code_territoire":"iris802400000","libelle_territoire":"Doingt (commune non irisée)"}},
{"type":"Feature","geometry":{"type":"Polygon","coordinates":[[[2.07344,50.0791],[2.09772,50.06521],[2.10644,50.05414],[2.11299,50.05463],[2.12907,50.06475],[2.13601,50.05823],[2.14141,50.06157],[2.14501,50.05886],[2.15077,50.06072],[2.16097,50.06507],[2.16403,50.07201],[2.1715,50.0755],[2.17116,50.0779],[2.15106,50.08624],[2.13717,50.08335],[2.13959,50.08654],[2.13297,50.08944],[2.13632,50.09832],[2.12956,50.10501],[2.12165,50.10309],[2.12728,50.09975],[2.12582,50.09746],[2.116,50.09667],[2.12232,50.08836],[2.12038,50.08515],[2.11577,50.08908],[2.10164,50.08845],[2.08844,50.08254],[2.0806,50.08487],[2.0719,50.08115],[2.07344,50.0791]]]},"properties":{"code_territoire":"iris802410000","libelle_territoire":"Domart-en-Ponthieu (commune non irisée)"}},
{"type":"Feature","geometry":{"type":"Polygon","coordinates":[[[2.28534,49.76015],[2.27503,49.75318],[2.26224,49.7503],[2.23326,49.75669],[2.23058,49.74848],[2.23636,49.73735],[2.24349,49.73477],[2.25372,49.73877],[2.26278,49.73602],[2.27575,49.73719],[2.27577,49.74154],[2.28104,49.74379],[2.2782,49.74824],[2.28587,49.74957],[2.28907,49.76018],[2.28534,49.76015]]]},"properties":{"code_territoire":"iris802850000","libelle_territoire":"Essertaux (commune non irisée)"}},
{"type":"Feature","geometry":{"type":"Polygon","coordinates":[[[1.63651,50.14448],[1.65117,50.14431],[1.65229,50.15261],[1.64687,50.15781],[1.65198,50.16399],[1.64498,50.17053],[1.63928,50.16532],[1.61048,50.15747],[1.60834,50.15277],[1.59496,50.14457],[1.59973,50.14182],[1.60934,50.14616],[1.61882,50.14434],[1.62723,50.15249],[1.62567,50.14835],[1.63672,50.14708],[1.63651,50.14448]]]},"properties":{"code_territoire":"iris802870000","libelle_territoire":"Estrébœuf (commune non irisée)"}},
{"type":"Feature","geometry":{"type":"Polygon","coordinates":[[[2.81488,49.85272],[2.81943,49.85466],[2.81903,49.85837],[2.83313,49.85834],[2.83681,49.87517],[2.84256,49.87543],[2.83771,49.87975],[2.83847,49.8848],[2.83366,49.88648],[2.83516,49.88878],[2.82384,49.89019],[2.81579,49.88069],[2.81084,49.88137],[2.80375,49.87487],[2.80825,49.87001],[2.80558,49.86411],[2.81488,49.85272]]]},"properties":{"code_territoire":"iris802880000","libelle_territoire":"Estrées-Deniécourt (commune non irisée)"}},
{"type":"Feature","geometry":{"type":"Polygon","coordinates":[[[1.96497,50.25156],[1.96535,50.25509],[1.95616,50.26004],[1.95932,50.26248],[1.95173,50.26508],[1.95252,50.27077],[1.94576,50.27653],[1.95031,50.28159],[1.9423,50.2818],[1.93823,50.27841],[1.92454,50.27179],[1.92623,50.26981],[1.91565,50.26142],[1.90831,50.25945],[1.89633,50.25088],[1.90732,50.24531],[1.91604,50.23973],[1.92157,50.24433],[1.92532,50.24148],[1.93253,50.24826],[1.94782,50.24489],[1.96106,50.24784],[1.96497,50.25156]]]},"properties":{"code_territoire":"iris802900000","libelle_territoire":"Estrées-lès-Crécy (commune non irisée)"}},
{"type":"Feature","geometry":{"type":"Polygon","coordinates":[[[2.36436,49.79053],[2.338,49.79841],[2.33164,49.79185],[2.32554,49.7918],[2.31323,49.77887],[2.31626,49.77463],[2.3294,49.77488],[2.33622,49.7699],[2.34411,49.7728],[2.33867,49.77688],[2.35123,49.77736],[2.34925,49.78229],[2.35319,49.78135],[2.36174,49.78805],[2.36392,49.78653],[2.36769,49.78921],[2.36436,49.79053]]]},"properties":{"code_territoire":"iris802910000","libelle_territoire":"Estrées-sur-Noye (commune non irisée)"}},
{"type":"Feature","geometry":{"type":"Polygon","coordinates":[[[2.83244,49.76647],[2.83376,49.76143],[2.84189,49.75744],[2.83615,49.75098],[2.83852,49.74822],[2.85084,49.74798],[2.86366,49.75723],[2.86643,49.76407],[2.86038,49.77148],[2.85787,49.76972],[2.85426,49.7722],[2.85195,49.77031],[2.83792,49.77155],[2.83244,49.76647]]]},"properties":{"code_territoire":"iris802920000","libelle_territoire":"Étalon (commune non irisée)"}},
{"type":"Feature","geometry":{"type":"Polygon","coordinates":[[[2.63198,49.67716],[2.62031,49.67983],[2.61569,49.6761],[2.60877,49.67638],[2.59237,49.66872],[2.58273,49.66876],[2.58724,49.65474],[2.5993,49.65456],[2.59973,49.65155],[2.60632,49.6496],[2.6251,49.65667],[2.63134,49.65479],[2.63582,49.66042],[2.63257,49.66359],[2.63656,49.66692],[2.6284,49.67076],[2.63198,49.67716]]]},"properties":{"code_territoire":"iris802930000","libelle_territoire":"Ételfay (commune non irisée)"}},
{"type":"Feature","geometry":{"type":"Polygon","coordinates":[[[2.92978,49.89714],[2.92184,49.89394],[2.9126,49.8923],[2.90763,49.89509],[2.90557,49.88842],[2.89422,49.88502],[2.89561,49.88267],[2.89882,49.87665],[2.92345,49.87639],[2.92583,49.88456],[2.93315,49.88694],[2.93601,49.89587],[2.92978,49.89714]]]},"properties":{"code_territoire":"iris802940000","libelle_territoire":"Éterpigny (commune non irisée)"}},
{"type":"Feature","geometry":{"type":"Polygon","coordinates":[[[2.67988,49.88794],[2.69098,49.88658],[2.68766,49.88998],[2.69843,49.8941],[2.69407,49.89751],[2.70255,49.90621],[2.69328,49.91009],[2.68816,49.91706],[2.69181,49.91798],[2.70318,49.9121],[2.70863,49.91221],[2.70893,49.91555],[2.70923,49.91601],[2.7063,49.93065],[2.70923,49.93632],[2.7022,49.93808],[2.7081,49.94355],[2.69665,49.94946],[2.68851,49.96101],[2.67856,49.95892],[2.67283,49.94093],[2.66025,49.93616],[2.66648,49.93307],[2.6637,49.9315],[2.66077,49.92624],[2.66497,49.92577],[2.66305,49.92195],[2.66606,49.92188],[2.66325,49.92011],[2.66855,49.90735],[2.66697,49.90167],[2.67158,49.89877],[2.67139,49.89349],[2.67988,49.88794]]]},"properties":{"code_territoire":"iris802950000","libelle_territoire":"Étinehem-Méricourt (commune non irisée)"}},
{"type":"Feature","geometry":{"type":"Polygon","coordinates":[[[2.51702,49.80222],[2.51831,49.80437],[2.51365,49.80597],[2.51623,49.81663],[2.51067,49.81741],[2.50282,49.81364],[2.49639,49.82125],[2.49835,49.83848],[2.49197,49.84709],[2.47617,49.84408],[2.4773,49.84067],[2.4727,49.8392],[2.4644,49.83943],[2.46314,49.83508],[2.4663,49.83272],[2.46178,49.8285],[2.46581,49.82316],[2.47925,49.8175],[2.49339,49.81454],[2.49206,49.81111],[2.49942,49.80652],[2.503,49.80859],[2.51599,49.80082],[2.51702,49.80222]]]},"properties":{"code_territoire":"iris802420000","libelle_territoire":"Domart-sur-la-Luce (commune non irisée)"}},
{"type":"Feature","geometry":{"type":"Polygon","coordinates":[[[2.13452,50.11896],[2.13807,50.11034],[2.14265,50.11418],[2.15077,50.11434],[2.15231,50.11955],[2.15488,50.1249],[2.14432,50.1298],[2.13792,50.12483],[2.13452,50.11896]]]},"properties":{"code_territoire":"iris802430000","libelle_territoire":"Domesmont (commune non irisée)"}},
{"type":"Feature","geometry":{"type":"Polygon","coordinates":[[[1.84526,50.31472],[1.85673,50.3234],[1.86262,50.31793],[1.86959,50.32239],[1.86897,50.32593],[1.87552,50.32282],[1.87214,50.32485],[1.87558,50.32687],[1.87254,50.33427],[1.86465,50.3374],[1.85919,50.33506],[1.85847,50.33867],[1.85236,50.34125],[1.84447,50.33817],[1.84189,50.33972],[1.82257,50.32782],[1.82171,50.32229],[1.82784,50.325],[1.83408,50.31788],[1.84261,50.32235],[1.84197,50.31568],[1.84526,50.31472]]]},"properties":{"code_territoire":"iris802440000","libelle_territoire":"Dominois (commune non irisée)"}},
{"type":"Feature","geometry":{"type":"Polygon","coordinates":[[[2.06412,50.13969],[2.07539,50.14291],[2.07977,50.13358],[2.08334,50.13229],[2.10543,50.14385],[2.10138,50.14918],[2.10618,50.15345],[2.10287,50.15834],[2.09361,50.1668],[2.09599,50.17254],[2.10039,50.1721],[2.10239,50.17671],[2.09832,50.17836],[2.10331,50.18428],[2.09475,50.18701],[2.09854,50.18214],[2.0937,50.18229],[2.09325,50.17726],[2.07953,50.16899],[2.07186,50.17036],[2.07028,50.16422],[2.07685,50.15566],[2.07179,50.15335],[2.0732,50.14812],[2.06412,50.13969]]]},"properties":{"code_territoire":"iris802450000","libelle_territoire":"Domléger-Longvillers (commune non irisée)"}},
{"type":"Feature","geometry":{"type":"Polygon","coordinates":[[[2.40461,49.77981],[2.41037,49.78156],[2.41699,49.77944],[2.42123,49.78627],[2.41088,49.79545],[2.41492,49.80699],[2.39475,49.81376],[2.38906,49.80974],[2.39019,49.80262],[2.37826,49.79245],[2.38866,49.78609],[2.40024,49.78423],[2.40461,49.77981]]]},"properties":{"code_territoire":"iris802460000","libelle_territoire":"Dommartin (commune non irisée)"}},
{"type":"Feature","geometry":{"type":"Polygon","coordinates":[[[2.82394,49.92376],[2.79348,49.92792],[2.77859,49.91376],[2.7799,49.90764],[2.78996,49.90158],[2.78788,49.89527],[2.79088,49.89324],[2.80074,49.89663],[2.81418,49.89076],[2.81783,49.893],[2.83415,49.90998],[2.82394,49.92376]]]},"properties":{"code_territoire":"iris802470000","libelle_territoire":"Dompierre-Becquincourt (commune non irisée)"}},
{"type":"Feature","geometry":{"type":"Polygon","coordinates":[[[2.0062,50.02351],[2.016,50.02333],[2.04692,50.01058],[2.04838,50.00894],[2.05679,50.01049],[2.06524,50.008],[2.06649,50.01134],[2.05011,50.01744],[2.06504,50.032],[2.06325,50.03435],[2.06698,50.03572],[2.0634,50.03976],[2.04774,50.03922],[2.02983,50.02589],[2.02963,50.03258],[2.00567,50.0349],[1.99901,50.0279],[2.0062,50.02351]]]},"properties":{"code_territoire":"iris802960000","libelle_territoire":"L'Étoile (commune non irisée)"}},
{"type":"Feature","geometry":{"type":"Polygon","coordinates":[[[1.86779,49.90921],[1.88821,49.89812],[1.89797,49.90223],[1.89808,49.91095],[1.90546,49.91686],[1.89529,49.92405],[1.87825,49.91771],[1.86779,49.90921]]]},"properties":{"code_territoire":"iris802970000","libelle_territoire":"Étréjust (commune non irisée)"}},
{"type":"Feature","geometry":{"type":"Polygon","coordinates":[[[2.99768,50.01669],[2.99856,50.01852],[3.00398,50.01703],[3.00656,50.02399],[2.99528,50.02953],[3.00201,50.03719],[3.00306,50.04142],[2.99963,50.0421],[3.00539,50.04736],[3.00641,50.05474],[2.99657,50.04953],[2.99277,50.05106],[2.97767,50.04665],[2.97178,50.04155],[2.9622,50.03788],[2.96466,50.03613],[2.95713,50.03125],[2.95208,50.02135],[2.95561,50.01742],[2.97529,50.01031],[2.97611,50.0125],[2.97982,50.01137],[2.98739,50.01556],[2.99156,50.0142],[2.99768,50.01669]]]},"properties":{"code_territoire":"iris802980000","libelle_territoire":"Étricourt-Manancourt (commune non irisée)"}},
{"type":"Feature","geometry":{"type":"Polygon","coordinates":[[[2.37623,49.69765],[2.35732,49.70405],[2.35624,49.7099],[2.31079,49.70814],[2.31038,49.70141],[2.31747,49.70235],[2.31544,49.68999],[2.33189,49.68169],[2.33396,49.6857],[2.34889,49.68156],[2.36391,49.68819],[2.3632,49.69357],[2.37282,49.69547],[2.37623,49.69765]]]},"properties":{"code_territoire":"iris802990000","libelle_territoire":"La Faloise (commune non irisée)"}},
{"type":"Feature","geometry":{"type":"Polygon","coordinates":[[[2.94808,49.82317],[2.95779,49.81713],[2.95706,49.8078],[2.97601,49.80809],[2.97311,49.81098],[2.98009,49.81407],[2.97908,49.82425],[2.98349,49.8281],[2.97744,49.8317],[2.97037,49.82881],[2.96779,49.83427],[2.96273,49.83352],[2.95984,49.83644],[2.94633,49.8348],[2.94009,49.83049],[2.92974,49.83044],[2.94808,49.82317]]]},"properties":{"code_territoire":"iris803000000","libelle_territoire":"Falvy (commune non irisée)"}},
{"type":"Feature","geometry":{"type":"Polygon","coordinates":[[[2.0433,49.75584],[2.0466,49.77507],[2.03463,49.77917],[2.034,49.78646],[2.03093,49.78532],[2.02253,49.77117],[2.01794,49.77158],[2.01777,49.75529],[2.0261,49.75574],[2.02791,49.75355],[2.0433,49.75584]]]},"properties":{"code_territoire":"iris803010000","libelle_territoire":"Famechon (commune non irisée)"}},
{"type":"Feature","geometry":{"type":"Polygon","coordinates":[[[2.63582,49.66042],[2.63134,49.65479],[2.6251,49.65667],[2.60632,49.6496],[2.59973,49.65155],[2.59701,49.64771],[2.5913,49.6476],[2.59399,49.64383],[2.58719,49.64123],[2.59219,49.63897],[2.59021,49.63754],[2.59497,49.63942],[2.61229,49.63395],[2.61725,49.63307],[2.61968,49.63665],[2.6348,49.64226],[2.63618,49.64024],[2.64649,49.64667],[2.64908,49.64823],[2.64302,49.65314],[2.63582,49.66042]]]},"properties":{"code_territoire":"iris803020000","libelle_territoire":"Faverolles (commune non irisée)"}},
{"type":"Feature","geometry":{"type":"Polygon","coordinates":[[[1.65,50.24768],[1.65177,50.24245],[1.64514,50.23679],[1.64114,50.22358],[1.64364,50.21823],[1.63428,50.21498],[1.642,50.21303],[1.65195,50.21679],[1.66261,50.21425],[1.67359,50.22005],[1.67534,50.2173],[1.68201,50.21687],[1.68343,50.22755],[1.69474,50.23518],[1.69963,50.2454],[1.6968,50.25184],[1.69003,50.2547],[1.68269,50.25207],[1.66013,50.25288],[1.65,50.24768]]]},"properties":{"code_territoire":"iris803030000","libelle_territoire":"Favières (commune non irisée)"}},
{"type":"Feature","geometry":{"type":"Polygon","coordinates":[[[1.88098,50.27892],[1.88214,50.27381],[1.88527,50.27529],[1.89629,50.26763],[1.89661,50.26235],[1.90831,50.25945],[1.91565,50.26142],[1.92623,50.26981],[1.92454,50.27179],[1.93823,50.27841],[1.93908,50.28387],[1.94567,50.28792],[1.94348,50.29336],[1.93163,50.29918],[1.95759,50.3127],[1.96336,50.31164],[1.96016,50.31513],[1.96403,50.3215],[1.95459,50.32881],[1.94629,50.33171],[1.93832,50.33039],[1.9233,50.32031],[1.91831,50.31183],[1.89896,50.31333],[1.89397,50.29343],[1.88584,50.2889],[1.89096,50.28586],[1.88098,50.27892]]]},"properties":{"code_territoire":"iris802480000","libelle_territoire":"Dompierre-sur-Authie (commune non irisée)"}},
{"type":"Feature","geometry":{"type":"Polygon","coordinates":[[[2.07416,50.10553],[2.07231,50.12262],[2.06392,50.12277],[2.05289,50.12988],[2.05157,50.13406],[2.04309,50.13307],[2.04178,50.11853],[2.03024,50.11661],[2.02432,50.10355],[2.02409,50.09803],[2.02781,50.09664],[2.02923,50.09646],[2.03269,50.09827],[2.04139,50.10649],[2.05188,50.10323],[2.05542,50.105],[2.06118,50.09664],[2.06993,50.10092],[2.07416,50.10553]]]},"properties":{"code_territoire":"iris802490000","libelle_territoire":"Domqueur (commune non irisée)"}},
{"type":"Feature","geometry":{"type":"Polygon","coordinates":[[[1.90005,50.1797],[1.91004,50.1834],[1.9103,50.18724],[1.92079,50.19403],[1.9355,50.19446],[1.9326,50.19639],[1.9429,50.19913],[1.93843,50.20629],[1.93005,50.20479],[1.92556,50.2112],[1.93003,50.2143],[1.93777,50.21453],[1.93791,50.21667],[1.91809,50.21904],[1.91359,50.21716],[1.90263,50.21228],[1.89548,50.22016],[1.89209,50.2193],[1.86753,50.2016],[1.85758,50.19622],[1.86068,50.19319],[1.87513,50.19342],[1.87649,50.20027],[1.88479,50.2003],[1.89813,50.19033],[1.89115,50.18828],[1.8957,50.18537],[1.8918,50.18285],[1.90005,50.1797]]]},"properties":{"code_territoire":"iris802500000","libelle_territoire":"Domvast (commune non irisée)"}},
{"type":"Feature","geometry":{"type":"Polygon","coordinates":[[[1.74521,50.00933],[1.75032,50.00478],[1.74648,50.00159],[1.74814,49.99346],[1.76077,49.98769],[1.76212,49.99003],[1.76768,49.98922],[1.77189,49.99051],[1.77186,49.99561],[1.77693,49.99534],[1.77778,49.99965],[1.78656,50.00384],[1.78028,50.00947],[1.77999,50.01212],[1.76085,50.00843],[1.75759,50.01064],[1.74521,50.00933]]]},"properties":{"code_territoire":"iris802510000","libelle_territoire":"Doudelainville (commune non irisée)"}},
{"type":"Feature","geometry":{"type":"Polygon","coordinates":[[[2.78305,49.88774],[2.79081,49.88286],[2.78918,49.88115],[2.80425,49.8769],[2.80375,49.87487],[2.81084,49.88137],[2.81579,49.88069],[2.82384,49.89019],[2.81783,49.893],[2.81418,49.89076],[2.80074,49.89663],[2.79088,49.89324],[2.78788,49.89527],[2.78305,49.88774]]]},"properties":{"code_territoire":"iris803040000","libelle_territoire":"Fay (commune non irisée)"}},
{"type":"Feature","geometry":{"type":"Polygon","coordinates":[[[2.1578,49.8796],[2.16905,49.87984],[2.17507,49.8755],[2.18385,49.87852],[2.18709,49.87673],[2.19408,49.87762],[2.19896,49.88737],[2.18647,49.88211],[2.19033,49.88846],[2.18788,49.89377],[2.17632,49.8954],[2.16677,49.88997],[2.1578,49.8796]]]},"properties":{"code_territoire":"iris803050000","libelle_territoire":"Ferrières (commune non irisée)"}},
{"type":"Feature","geometry":{"type":"Polygon","coordinates":[[[2.67007,49.64083],[2.68871,49.62544],[2.69928,49.62624],[2.70466,49.63057],[2.69365,49.63573],[2.69706,49.63926],[2.69429,49.64527],[2.69863,49.64943],[2.69697,49.65305],[2.68814,49.65314],[2.68697,49.66053],[2.68047,49.66046],[2.68111,49.64783],[2.66733,49.64574],[2.66981,49.64163],[2.67007,49.64083]]]},"properties":{"code_territoire":"iris803060000","libelle_territoire":"Fescamps (commune non irisée)"}},
{"type":"Feature","geometry":{"type":"Polygon","coordinates":[[[2.83179,49.93264],[2.84381,49.93486],[2.8525,49.93299],[2.86728,49.93207],[2.87086,49.93548],[2.86905,49.93929],[2.87567,49.94784],[2.85365,49.95138],[2.8283,49.94689],[2.82416,49.94591],[2.82978,49.94226],[2.83179,49.93264]]]},"properties":{"code_territoire":"iris803070000","libelle_territoire":"Feuillères (commune non irisée)"}},
{"type":"Feature","geometry":{"type":"Polygon","coordinates":[[[1.58842,50.07288],[1.5894,50.06883],[1.58534,50.06866],[1.57784,50.05039],[1.59089,50.04629],[1.60392,50.04887],[1.60941,50.0456],[1.62239,50.04707],[1.62748,50.05695],[1.62032,50.0636],[1.62425,50.06814],[1.61147,50.0713],[1.60718,50.06859],[1.60195,50.07009],[1.60153,50.07407],[1.58842,50.07288]]]},"properties":{"code_territoire":"iris803080000","libelle_territoire":"Feuquières-en-Vimeu (commune non irisée)"}},
{"type":"Feature","geometry":{"type":"Polygon","coordinates":[[[2.19758,50.10775],[2.21177,50.1108],[2.22211,50.09865],[2.23044,50.09944],[2.22954,50.09718],[2.23387,50.09613],[2.23875,50.10039],[2.24603,50.0984],[2.25147,50.10132],[2.24353,50.10429],[2.25301,50.10724],[2.24711,50.10925],[2.25017,50.11168],[2.24547,50.11526],[2.25122,50.11759],[2.24809,50.12266],[2.2565,50.12495],[2.25789,50.12056],[2.26223,50.12178],[2.25856,50.12562],[2.26798,50.12534],[2.26465,50.12973],[2.27513,50.13408],[2.26881,50.1354],[2.25769,50.13887],[2.25916,50.14205],[2.24837,50.14279],[2.25328,50.13719],[2.2462,50.13621],[2.24067,50.13018],[2.23849,50.13279],[2.22172,50.12114],[2.20902,50.12622],[2.19929,50.11663],[2.19758,50.10775]]]},"properties":{"code_territoire":"iris803100000","libelle_territoire":"Fienvillers (commune non irisée)"}},
{"type":"Feature","geometry":{"type":"Polygon","coordinates":[[[2.60877,49.67638],[2.60473,49.68399],[2.6007,49.68259],[2.6009,49.68992],[2.58531,49.69581],[2.58582,49.69286],[2.57967,49.69024],[2.56631,49.68822],[2.56947,49.6752],[2.56649,49.67456],[2.56745,49.6681],[2.56736,49.66555],[2.57191,49.66608],[2.57379,49.66989],[2.58273,49.66876],[2.59237,49.66872],[2.60877,49.67638]]]},"properties":{"code_territoire":"iris803110000","libelle_territoire":"Fignières (commune non irisée)"}},
{"type":"Feature","geometry":{"type":"Polygon","coordinates":[[[3.02514,50.01686],[3.0339,50.03319],[3.05774,50.03135],[3.05867,50.03858],[3.06803,50.04083],[3.05973,50.0465],[3.06167,50.04947],[3.04556,50.05519],[3.03294,50.05512],[3.0344,50.05841],[3.02506,50.05461],[3.02845,50.05198],[3.02621,50.04177],[3.03069,50.04077],[3.02509,50.03716],[3.02514,50.01686]]]},"properties":{"code_territoire":"iris803120000","libelle_territoire":"Fins (commune non irisée)"}},
{"type":"Feature","geometry":{"type":"Polygon","coordinates":[[[2.84821,49.91031],[2.85925,49.90177],[2.86652,49.90127],[2.87461,49.90009],[2.8757,49.90447],[2.87981,49.90418],[2.88743,49.91052],[2.88275,49.91962],[2.88436,49.92749],[2.88036,49.92892],[2.87086,49.93548],[2.86728,49.93207],[2.8525,49.93299],[2.8555,49.9207],[2.85165,49.92085],[2.84821,49.91031]]]},"properties":{"code_territoire":"iris803130000","libelle_territoire":"Flaucourt (commune non irisée)"}},
{"type":"Feature","geometry":{"type":"Polygon","coordinates":[[[2.79478,50.05047],[2.79974,50.04335],[2.81553,50.03583],[2.81742,50.03869],[2.83238,50.0364],[2.83343,50.04014],[2.8363,50.04733],[2.83088,50.05142],[2.83479,50.05363],[2.8281,50.05565],[2.83397,50.06124],[2.83108,50.06296],[2.82217,50.06758],[2.82123,50.06247],[2.81516,50.06257],[2.81128,50.05795],[2.80724,50.06261],[2.79478,50.05047]]]},"properties":{"code_territoire":"iris803140000","libelle_territoire":"Flers (commune non irisée)"}},
{"type":"Feature","geometry":{"type":"Polygon","coordinates":[[[2.2396,49.7245],[2.24901,49.71679],[2.26004,49.72514],[2.26549,49.71938],[2.28277,49.72994],[2.27642,49.73314],[2.27575,49.73719],[2.26278,49.73602],[2.25372,49.73877],[2.24349,49.73477],[2.23636,49.73735],[2.2396,49.7245]]]},"properties":{"code_territoire":"iris803150000","libelle_territoire":"Flers-sur-Noye (commune non irisée)"}},
{"type":"Feature","geometry":{"type":"Polygon","coordinates":[[[2.23037,50.02156],[2.22183,50.00624],[2.22599,49.99854],[2.22229,49.99677],[2.22654,49.99389],[2.21753,49.98917],[2.22024,49.98679],[2.22662,49.98995],[2.24112,49.991],[2.25025,49.98358],[2.2685,49.97794],[2.2699,49.97263],[2.27344,49.972],[2.27512,49.97762],[2.28855,49.98826],[2.28816,49.99386],[2.28397,49.99595],[2.29208,50.00409],[2.29515,50.00803],[2.28809,50.01442],[2.29512,50.02066],[2.29841,50.01852],[2.30267,50.02246],[2.29795,50.02461],[2.27246,50.02128],[2.25711,50.02417],[2.24484,50.02527],[2.23646,50.02592],[2.23037,50.02156]]]},"properties":{"code_territoire":"iris803160000","libelle_territoire":"Flesselles (commune non irisée)"}},
{"type":"Feature","geometry":{"type":"Polygon","coordinates":[[[3.03475,49.80723],[3.03525,49.79812],[3.02958,49.79108],[3.04871,49.78488],[3.04805,49.77909],[3.05067,49.78109],[3.05312,49.77841],[3.05725,49.78351],[3.06133,49.78125],[3.06687,49.78467],[3.07286,49.7841],[3.07313,49.78889],[3.07818,49.78825],[3.08597,49.79201],[3.08293,49.79741],[3.08779,49.80339],[3.08008,49.81008],[3.05546,49.80785],[3.04512,49.81275],[3.041,49.80819],[3.03944,49.80974],[3.03475,49.80723]]]},"properties":{"code_territoire":"iris802520000","libelle_territoire":"Douilly (commune non irisée)"}},
{"type":"Feature","geometry":{"type":"Polygon","coordinates":[[[2.31803,50.15947],[2.3188,50.15696],[2.3274,50.157],[2.3313,50.15427],[2.33986,50.15428],[2.34219,50.15796],[2.3421,50.16058],[2.32962,50.16199],[2.33532,50.17029],[2.33184,50.17173],[2.32686,50.17582],[2.31175,50.17094],[2.30634,50.17218],[2.30122,50.17028],[2.30091,50.16516],[2.31803,50.15947]]]},"properties":{"code_territoire":"iris802530101","libelle_territoire":"Nord-Ouest"}},
{"type":"Feature","geometry":{"type":"Polygon","coordinates":[[[2.35808,50.17918],[2.33893,50.18109],[2.33184,50.17173],[2.33532,50.17029],[2.32962,50.16199],[2.3421,50.16058],[2.34219,50.15796],[2.34634,50.15546],[2.35017,50.15823],[2.3548,50.15191],[2.36519,50.14788],[2.38772,50.15727],[2.39918,50.15735],[2.40283,50.16474],[2.39361,50.16554],[2.39137,50.16899],[2.38229,50.16948],[2.37441,50.17489],[2.36961,50.1733],[2.36814,50.17642],[2.35808,50.17918]]]},"properties":{"code_territoire":"iris802530201","libelle_territoire":"Nord-Est"}},
{"type":"Feature","geometry":{"type":"MultiPolygon","coordinates":[[[[2.39037,50.15529],[2.39918,50.15735],[2.38772,50.15727],[2.36519,50.14788],[2.3548,50.15191],[2.35017,50.15823],[2.34634,50.15546],[2.34219,50.15796],[2.33986,50.15428],[2.3313,50.15427],[2.32533,50.15121],[2.3341,50.13874],[2.33309,50.13463],[2.33828,50.13224],[2.34537,50.13647],[2.35753,50.13176],[2.36414,50.12351],[2.35265,50.11559],[2.37226,50.10201],[2.38038,50.10386],[2.3754,50.10935],[2.37992,50.1194],[2.3762,50.11934],[2.37827,50.11641],[2.37534,50.11573],[2.36781,50.11828],[2.36673,50.13947],[2.3709,50.14574],[2.39037,50.15529]]],[[[2.30552,50.17445],[2.30634,50.17218],[2.31175,50.17094],[2.32686,50.17582],[2.33184,50.17173],[2.33893,50.18109],[2.35808,50.17918],[2.35287,50.18115],[2.35097,50.18892],[2.35609,50.19167],[2.35495,50.19712],[2.34916,50.20082],[2.32302,50.20033],[2.30935,50.19776],[2.30139,50.18674],[2.3012,50.17801],[2.30552,50.17445]]]]},"properties":{"code_territoire":"iris802530301","libelle_territoire":"Sud"}},
{"type":"Feature","geometry":{"type":"Polygon","coordinates":[[[2.08736,49.73078],[2.08562,49.72807],[2.09774,49.71765],[2.10889,49.7208],[2.11594,49.71979],[2.13189,49.72676],[2.13826,49.73941],[2.133,49.74377],[2.13293,49.75251],[2.12086,49.76125],[2.1126,49.747],[2.08736,49.73078]]]},"properties":{"code_territoire":"iris803170000","libelle_territoire":"Fleury (commune non irisée)"}},
{"type":"Feature","geometry":{"type":"Polygon","coordinates":[[[2.09985,50.02825],[2.09108,50.02362],[2.0911,50.0207],[2.07925,50.01821],[2.07896,50.02167],[2.07046,50.02502],[2.0768,50.02847],[2.07346,50.03044],[2.06854,50.02738],[2.06504,50.032],[2.05011,50.01744],[2.06649,50.01134],[2.06524,50.008],[2.05679,50.01049],[2.04838,50.00894],[2.05,49.9986],[2.05783,49.99424],[2.0968,50.00149],[2.10006,49.99961],[2.11099,50.00128],[2.11874,50.00168],[2.12453,50.00308],[2.09589,50.0208],[2.10065,50.02704],[2.09985,50.02825]]]},"properties":{"code_territoire":"iris803180000","libelle_territoire":"Flixecourt (commune non irisée)"}},
{"type":"Feature","geometry":{"type":"Polygon","coordinates":[[[2.06338,49.85787],[2.06639,49.85073],[2.07496,49.84624],[2.10136,49.85011],[2.10678,49.85723],[2.10173,49.86568],[2.10061,49.87086],[2.08613,49.87543],[2.08739,49.87764],[2.08239,49.87873],[2.08031,49.86714],[2.06978,49.86074],[2.06338,49.85787]]]},"properties":{"code_territoire":"iris803190000","libelle_territoire":"Fluy (commune non irisée)"}},
{"type":"Feature","geometry":{"type":"Polygon","coordinates":[[[2.64315,49.75933],[2.65854,49.75268],[2.67293,49.75204],[2.67516,49.7573],[2.68108,49.7529],[2.6904,49.75932],[2.69357,49.76029],[2.68687,49.76164],[2.68788,49.76438],[2.68791,49.76798],[2.68089,49.77034],[2.66022,49.77411],[2.64979,49.77299],[2.64315,49.75933]]]},"properties":{"code_territoire":"iris803200000","libelle_territoire":"Folies (commune non irisée)"}},
{"type":"Feature","geometry":{"type":"Polygon","coordinates":[[[2.37753,49.68543],[2.37455,49.69002],[2.3701,49.69013],[2.37282,49.69547],[2.3632,49.69357],[2.36391,49.68819],[2.34889,49.68156],[2.33396,49.6857],[2.33189,49.68169],[2.3352,49.67936],[2.33397,49.67067],[2.34977,49.66438],[2.35071,49.66109],[2.36194,49.66681],[2.36144,49.66907],[2.36839,49.66912],[2.36726,49.67361],[2.37617,49.67994],[2.37753,49.68543]]]},"properties":{"code_territoire":"iris803210000","libelle_territoire":"Folleville (commune non irisée)"}},
{"type":"Feature","geometry":{"type":"Polygon","coordinates":[[[2.83792,49.77155],[2.8352,49.78031],[2.83927,49.78401],[2.83295,49.78712],[2.82237,49.78664],[2.79987,49.78099],[2.79971,49.78047],[2.80537,49.76983],[2.80295,49.76869],[2.80785,49.76622],[2.83244,49.76647],[2.83792,49.77155]]]},"properties":{"code_territoire":"iris803220000","libelle_territoire":"Fonches-Fonchette (commune non irisée)"}},
{"type":"Feature","geometry":{"type":"Polygon","coordinates":[[[1.78573,49.93728],[1.79531,49.9369],[1.81404,49.92749],[1.82166,49.9347],[1.8304,49.9449],[1.82493,49.94915],[1.80981,49.95914],[1.80564,49.95951],[1.80936,49.95249],[1.80456,49.95083],[1.7992,49.95105],[1.79728,49.95603],[1.78787,49.95454],[1.77748,49.95007],[1.77917,49.94066],[1.78521,49.93788],[1.78573,49.93728]]]},"properties":{"code_territoire":"iris803240000","libelle_territoire":"Fontaine-le-Sec (commune non irisée)"}},
{"type":"Feature","geometry":{"type":"Polygon","coordinates":[[[2.78788,49.89527],[2.78996,49.90158],[2.7799,49.90764],[2.77859,49.91376],[2.77108,49.91185],[2.77251,49.90945],[2.76659,49.90657],[2.76606,49.89797],[2.7619,49.8946],[2.76576,49.89372],[2.76414,49.88896],[2.77009,49.89144],[2.77963,49.89088],[2.77862,49.88671],[2.78305,49.88774],[2.78788,49.89527]]]},"properties":{"code_territoire":"iris803250000","libelle_territoire":"Fontaine-lès-Cappy (commune non irisée)"}},
{"type":"Feature","geometry":{"type":"Polygon","coordinates":[[[2.47295,49.63556],[2.50595,49.64017],[2.50732,49.64958],[2.51519,49.65302],[2.52248,49.65153],[2.52501,49.65492],[2.528,49.65778],[2.5231,49.65828],[2.53005,49.66027],[2.53269,49.66719],[2.53911,49.66608],[2.53572,49.67336],[2.52759,49.67598],[2.5151,49.67321],[2.50733,49.67268],[2.5091,49.67093],[2.50276,49.66796],[2.50906,49.66478],[2.4989,49.66136],[2.49518,49.65453],[2.4855,49.6535],[2.48449,49.64768],[2.47229,49.64433],[2.46534,49.63811],[2.47295,49.63556]]]},"properties":{"code_territoire":"iris803260000","libelle_territoire":"Fontaine-sous-Montdidier (commune non irisée)"}},
{"type":"Feature","geometry":{"type":"Polygon","coordinates":[[[1.94782,50.24489],[1.93253,50.24826],[1.92532,50.24148],[1.92157,50.24433],[1.91604,50.23973],[1.90732,50.24531],[1.90061,50.23896],[1.91089,50.23419],[1.91002,50.22875],[1.91522,50.22655],[1.9261,50.2324],[1.94314,50.2228],[1.95344,50.23617],[1.94782,50.24489]]]},"properties":{"code_territoire":"iris803270000","libelle_territoire":"Fontaine-sur-Maye (commune non irisée)"}},
{"type":"Feature","geometry":{"type":"Polygon","coordinates":[[[1.93546,49.99841],[1.95409,50.00257],[1.95465,50.0073],[1.96467,50.00975],[1.97479,50.0216],[1.9585,50.0332],[1.96605,50.03933],[1.94191,50.04189],[1.92937,50.04709],[1.91565,50.05004],[1.919,50.0405],[1.91559,50.03349],[1.91035,50.03249],[1.90932,50.02266],[1.91616,50.02179],[1.91991,50.01728],[1.92735,50.01813],[1.92564,50.01231],[1.93303,50.00886],[1.93505,50.00249],[1.9354,49.99895],[1.93546,49.99841]]]},"properties":{"code_territoire":"iris803280000","libelle_territoire":"Fontaine-sur-Somme (commune non irisée)"}},
{"type":"Feature","geometry":{"type":"Polygon","coordinates":[[[2.54259,50.08735],[2.55041,50.07208],[2.53502,50.05462],[2.5452,50.04535],[2.5464,50.0498],[2.57093,50.04945],[2.56767,50.05479],[2.5686,50.07458],[2.57809,50.07479],[2.5688,50.08316],[2.55823,50.08184],[2.55133,50.08795],[2.54259,50.08735]]]},"properties":{"code_territoire":"iris803290000","libelle_territoire":"Forceville (commune non irisée)"}},
{"type":"Feature","geometry":{"type":"Polygon","coordinates":[[[1.78628,49.9588],[1.78787,49.95454],[1.79728,49.95603],[1.7992,49.95105],[1.80456,49.95083],[1.80936,49.95249],[1.80564,49.95951],[1.80981,49.95914],[1.81383,49.96597],[1.81118,49.97104],[1.80444,49.96932],[1.80154,49.97277],[1.78757,49.96615],[1.78628,49.9588]]]},"properties":{"code_territoire":"iris803300000","libelle_territoire":"Forceville-en-Vimeu (commune non irisée)"}},
{"type":"Feature","geometry":{"type":"Polygon","coordinates":[[[1.82155,50.21203],[1.81741,50.19795],[1.8229,50.1963],[1.82773,50.19815],[1.843,50.194],[1.85056,50.19988],[1.84874,50.20117],[1.83812,50.20733],[1.83791,50.21335],[1.82155,50.21203]]]},"properties":{"code_territoire":"iris803310000","libelle_territoire":"Forest-l'Abbaye (commune non irisée)"}},
{"type":"Feature","geometry":{"type":"Polygon","coordinates":[[[1.76793,50.25078],[1.75772,50.24907],[1.74615,50.25514],[1.73419,50.25004],[1.73376,50.25738],[1.72423,50.25789],[1.72434,50.25532],[1.71605,50.2576],[1.70703,50.25956],[1.70146,50.25141],[1.6968,50.25184],[1.69963,50.2454],[1.71172,50.24928],[1.7114,50.24443],[1.71761,50.24403],[1.71705,50.23605],[1.73687,50.23587],[1.74226,50.22384],[1.74686,50.22623],[1.76767,50.23697],[1.76724,50.24203],[1.77314,50.24148],[1.77461,50.24407],[1.76613,50.24713],[1.76793,50.25078]]]},"properties":{"code_territoire":"iris803320000","libelle_territoire":"Forest-Montiers (commune non irisée)"}},
{"type":"Feature","geometry":{"type":"Polygon","coordinates":[[[1.60246,50.35991],[1.5632,50.35653],[1.56613,50.35957],[1.56104,50.35974],[1.57042,50.36213],[1.56339,50.36576],[1.55861,50.36482],[1.56612,50.36763],[1.55675,50.36522],[1.55111,50.35778],[1.54753,50.32897],[1.57696,50.32752],[1.58672,50.33113],[1.58804,50.33754],[1.61146,50.33618],[1.61006,50.3486],[1.60246,50.35991]]]},"properties":{"code_territoire":"iris803330000","libelle_territoire":"Fort-Mahon-Plage (commune non irisée)"}},
{"type":"Feature","geometry":{"type":"Polygon","coordinates":[[[2.17375,49.80176],[2.19162,49.79257],[2.20613,49.80206],[2.20077,49.80461],[2.20179,49.80764],[2.19331,49.80765],[2.18287,49.81176],[2.17847,49.80301],[2.17375,49.80176]]]},"properties":{"code_territoire":"iris803340000","libelle_territoire":"Fossemanant (commune non irisée)"}},
{"type":"Feature","geometry":{"type":"Polygon","coordinates":[[[2.222,49.92531],[2.21651,49.92683],[2.22062,49.92422],[2.21026,49.91382],[2.21888,49.90986],[2.21096,49.90685],[2.21154,49.90452],[2.22691,49.90603],[2.23527,49.91322],[2.24064,49.91495],[2.23771,49.91733],[2.24074,49.91873],[2.2547,49.91879],[2.222,49.92531]]]},"properties":{"code_territoire":"iris802560000","libelle_territoire":"Dreuil-lès-Amiens (commune non irisée)"}},
{"type":"Feature","geometry":{"type":"Polygon","coordinates":[[[3.00241,49.97349],[2.99396,49.97006],[2.99231,49.96012],[2.98836,49.95822],[2.99157,49.95019],[2.99612,49.95121],[3.00252,49.94331],[3.01556,49.94658],[3.02529,49.9536],[3.02382,49.95838],[3.02004,49.95737],[3.01223,49.96481],[3.00674,49.96549],[3.00756,49.97291],[3.00241,49.97349]]]},"properties":{"code_territoire":"iris802580000","libelle_territoire":"Driencourt (commune non irisée)"}},
{"type":"Feature","geometry":{"type":"Polygon","coordinates":[[[2.88916,49.74785],[2.88561,49.75551],[2.88804,49.76],[2.88014,49.76015],[2.86643,49.76407],[2.86366,49.75723],[2.85084,49.74798],[2.86418,49.74904],[2.86396,49.74464],[2.87457,49.74581],[2.87497,49.7411],[2.88173,49.74505],[2.88472,49.74349],[2.88916,49.74785]]]},"properties":{"code_territoire":"iris804330000","libelle_territoire":"Herly (commune non irisée)"}},
{"type":"Feature","geometry":{"type":"Polygon","coordinates":[[[3.11756,49.91393],[3.12548,49.91941],[3.12274,49.92435],[3.12764,49.92459],[3.13297,49.93133],[3.13758,49.93206],[3.13748,49.93587],[3.12394,49.94719],[3.10506,49.94069],[3.09927,49.93463],[3.10038,49.92988],[3.09121,49.92635],[3.10682,49.92268],[3.1112,49.9158],[3.11756,49.91393]]]},"properties":{"code_territoire":"iris804340000","libelle_territoire":"Hervilly (commune non irisée)"}},
{"type":"Feature","geometry":{"type":"Polygon","coordinates":[[[3.12726,49.95445],[3.12215,49.95023],[3.12394,49.94719],[3.13748,49.93587],[3.1433,49.93608],[3.14914,49.94163],[3.16463,49.9474],[3.16628,49.95009],[3.16165,49.95083],[3.12726,49.95445]]]},"properties":{"code_territoire":"iris804350000","libelle_territoire":"Hesbécourt (commune non irisée)"}},
{"type":"Feature","geometry":{"type":"Polygon","coordinates":[[[1.83646,49.74038],[1.84099,49.73537],[1.83969,49.73108],[1.82043,49.72266],[1.8226,49.71762],[1.8296,49.72014],[1.83776,49.71821],[1.84152,49.71276],[1.838,49.71252],[1.83823,49.70842],[1.84906,49.70171],[1.86803,49.7042],[1.8812,49.69765],[1.8943,49.6992],[1.91732,49.71545],[1.92777,49.71647],[1.93326,49.72001],[1.93247,49.7215],[1.92599,49.72622],[1.91386,49.72793],[1.91587,49.7368],[1.91893,49.74104],[1.91445,49.75029],[1.90709,49.7537],[1.90505,49.76143],[1.89246,49.76091],[1.88113,49.75466],[1.86521,49.75777],[1.85744,49.75535],[1.85378,49.74903],[1.83725,49.75037],[1.83973,49.74109],[1.83646,49.74038]]]},"properties":{"code_territoire":"iris804360000","libelle_territoire":"Hescamps (commune non irisée)"}},
{"type":"Feature","geometry":{"type":"Polygon","coordinates":[[[2.78918,49.88115],[2.79081,49.88286],[2.78305,49.88774],[2.77862,49.88671],[2.77963,49.89088],[2.77009,49.89144],[2.76414,49.88896],[2.75618,49.88889],[2.75624,49.88648],[2.74945,49.8853],[2.74484,49.88832],[2.7454,49.88525],[2.74932,49.8766],[2.75831,49.87426],[2.7641,49.86265],[2.76961,49.8619],[2.76743,49.85718],[2.78164,49.85773],[2.77573,49.86758],[2.78867,49.87201],[2.78918,49.88115]]]},"properties":{"code_territoire":"iris803350000","libelle_territoire":"Foucaucourt-en-Santerre (commune non irisée)"}},
{"type":"Feature","geometry":{"type":"Polygon","coordinates":[[[1.72733,49.92614],[1.7097,49.92363],[1.70239,49.92078],[1.69656,49.91671],[1.7078,49.91644],[1.7117,49.90833],[1.71754,49.91152],[1.72737,49.91078],[1.73162,49.91814],[1.73298,49.92384],[1.72733,49.92614]]]},"properties":{"code_territoire":"iris803360000","libelle_territoire":"Foucaucourt-Hors-Nesle (commune non irisée)"}},
{"type":"Feature","geometry":{"type":"Polygon","coordinates":[[[2.39475,49.81376],[2.41492,49.80699],[2.42358,49.81221],[2.41616,49.81485],[2.42157,49.82336],[2.41955,49.82756],[2.40448,49.83137],[2.40343,49.82715],[2.39549,49.82887],[2.39509,49.82544],[2.39475,49.81376]]]},"properties":{"code_territoire":"iris803370000","libelle_territoire":"Fouencamps (commune non irisée)"}},
{"type":"Feature","geometry":{"type":"Polygon","coordinates":[[[2.49176,49.87278],[2.49647,49.87998],[2.51113,49.88073],[2.52719,49.88671],[2.52165,49.88982],[2.52743,49.89257],[2.52521,49.89531],[2.51268,49.90006],[2.51643,49.90318],[2.492,49.90128],[2.49387,49.89604],[2.48738,49.89217],[2.48663,49.88546],[2.49176,49.87278]]]},"properties":{"code_territoire":"iris803380000","libelle_territoire":"Fouilloy (commune non irisée)"}},
{"type":"Feature","geometry":{"type":"Polygon","coordinates":[[[2.76072,49.75985],[2.7577,49.76226],[2.76425,49.76668],[2.76497,49.77832],[2.76367,49.78105],[2.75372,49.77792],[2.75511,49.78034],[2.73828,49.77904],[2.7358,49.78119],[2.72689,49.78166],[2.73376,49.76919],[2.72729,49.76981],[2.73515,49.76347],[2.7299,49.76139],[2.73537,49.75697],[2.73987,49.76047],[2.75185,49.7562],[2.75544,49.76084],[2.76072,49.75985]]]},"properties":{"code_territoire":"iris803390000","libelle_territoire":"Fouquescourt (commune non irisée)"}},
{"type":"Feature","geometry":{"type":"Polygon","coordinates":[[[1.80936,49.75424],[1.82072,49.73918],[1.83646,49.74038],[1.83973,49.74109],[1.83725,49.75037],[1.83722,49.75742],[1.82918,49.76591],[1.82051,49.76605],[1.80936,49.75424]]]},"properties":{"code_territoire":"iris803400000","libelle_territoire":"Fourcigny (commune non irisée)"}},
{"type":"Feature","geometry":{"type":"Polygon","coordinates":[[[2.12985,49.91926],[2.13299,49.92556],[2.10116,49.94161],[2.09437,49.94414],[2.0909,49.94276],[2.09315,49.9384],[2.07987,49.93491],[2.08589,49.92848],[2.09184,49.91741],[2.09015,49.91256],[2.10815,49.90411],[2.12904,49.91597],[2.12985,49.91926]]]},"properties":{"code_territoire":"iris803410000","libelle_territoire":"Fourdrinoy (commune non irisée)"}},
{"type":"Feature","geometry":{"type":"Polygon","coordinates":[[[2.68928,49.87324],[2.6919,49.87014],[2.68553,49.8632],[2.69655,49.86041],[2.69459,49.85815],[2.7116,49.85501],[2.72467,49.84681],[2.72466,49.84145],[2.73105,49.84036],[2.73694,49.84521],[2.73974,49.84261],[2.74334,49.84528],[2.73321,49.86073],[2.7455,49.88439],[2.73918,49.88411],[2.74011,49.88777],[2.73715,49.88709],[2.73407,49.88136],[2.72739,49.88127],[2.72651,49.87379],[2.68928,49.87324]]]},"properties":{"code_territoire":"iris803420000","libelle_territoire":"Framerville-Rainecourt (commune non irisée)"}},
{"type":"Feature","geometry":{"type":"Polygon","coordinates":[[[1.69527,49.95978],[1.68927,49.96493],[1.68376,49.96594],[1.66661,49.96818],[1.65674,49.9601],[1.66083,49.95788],[1.65851,49.95596],[1.67157,49.94877],[1.66833,49.94223],[1.67507,49.94231],[1.68509,49.94181],[1.69527,49.95978]]]},"properties":{"code_territoire":"iris803430000","libelle_territoire":"Framicourt (commune non irisée)"}},
{"type":"Feature","geometry":{"type":"Polygon","coordinates":[[[1.9331,50.08418],[1.92989,50.08132],[1.92838,50.07573],[1.92024,50.07067],[1.9417,50.06147],[1.94484,50.06005],[1.96279,50.06825],[1.96446,50.07079],[1.95987,50.07222],[1.96581,50.07868],[1.96808,50.0869],[1.96452,50.08752],[1.95729,50.08568],[1.95662,50.08216],[1.9331,50.08418]]]},"properties":{"code_territoire":"iris803440000","libelle_territoire":"Francières (commune non irisée)"}},
{"type":"Feature","geometry":{"type":"Polygon","coordinates":[[[1.66464,50.09707],[1.6679,50.10731],[1.65361,50.10931],[1.64157,50.11868],[1.62463,50.1123],[1.62604,50.11071],[1.62873,50.10605],[1.62399,50.10466],[1.62336,50.09213],[1.63934,50.08801],[1.63794,50.08218],[1.64709,50.08017],[1.64929,50.08184],[1.66028,50.08881],[1.65696,50.09046],[1.66464,50.09707]]]},"properties":{"code_territoire":"iris803450000","libelle_territoire":"Franleu (commune non irisée)"}},
{"type":"Feature","geometry":{"type":"Polygon","coordinates":[[[2.06993,50.10092],[2.07528,50.09758],[2.0806,50.08487],[2.08844,50.08254],[2.10164,50.08845],[2.11577,50.08908],[2.12038,50.08515],[2.12232,50.08836],[2.116,50.09667],[2.12582,50.09746],[2.12728,50.09975],[2.12165,50.10309],[2.12029,50.10548],[2.10841,50.10443],[2.10905,50.09882],[2.1036,50.09833],[2.09635,50.10227],[2.07416,50.10553],[2.06993,50.10092]]]},"properties":{"code_territoire":"iris803460000","libelle_territoire":"Franqueville (commune non irisée)"}},
{"type":"Feature","geometry":{"type":"Polygon","coordinates":[[[2.76497,49.77832],[2.76425,49.76668],[2.7577,49.76226],[2.76072,49.75985],[2.77111,49.76306],[2.77732,49.75733],[2.78504,49.75778],[2.7835,49.77449],[2.77768,49.77986],[2.76497,49.77832]]]},"properties":{"code_territoire":"iris803470000","libelle_territoire":"Fransart (commune non irisée)"}},
{"type":"Feature","geometry":{"type":"Polygon","coordinates":[[[2.07231,50.12262],[2.07416,50.10553],[2.09635,50.10227],[2.1036,50.09833],[2.10905,50.09882],[2.10841,50.10443],[2.11511,50.1126],[2.10519,50.11285],[2.10482,50.11732],[2.09664,50.12027],[2.09685,50.12378],[2.09265,50.12526],[2.09078,50.1209],[2.08066,50.122],[2.08316,50.12462],[2.07763,50.13128],[2.07891,50.12464],[2.07231,50.12262]]]},"properties":{"code_territoire":"iris803480000","libelle_territoire":"Fransu (commune non irisée)"}},
{"type":"Feature","geometry":{"type":"Polygon","coordinates":[[[2.22962,49.70219],[2.24712,49.70172],[2.24901,49.71679],[2.2396,49.7245],[2.23069,49.72144],[2.22925,49.72596],[2.21651,49.7229],[2.21657,49.72486],[2.21439,49.722],[2.2192,49.72093],[2.2185,49.71699],[2.22962,49.70219]]]},"properties":{"code_territoire":"iris803490000","libelle_territoire":"Fransures (commune non irisée)"}},
{"type":"Feature","geometry":{"type":"Polygon","coordinates":[[[2.48261,49.9622],[2.4926,49.96072],[2.49468,49.9548],[2.49744,49.9552],[2.49736,49.95781],[2.51012,49.9615],[2.51573,49.97088],[2.51256,49.97719],[2.49854,49.98633],[2.49217,49.98525],[2.49479,49.97965],[2.48895,49.97748],[2.48759,49.97139],[2.48328,49.96941],[2.48261,49.9622]]]},"properties":{"code_territoire":"iris803500000","libelle_territoire":"Franvillers (commune non irisée)"}},
{"type":"Feature","geometry":{"type":"Polygon","coordinates":[[[1.87825,49.91771],[1.89529,49.92405],[1.90365,49.92932],[1.90124,49.93146],[1.90481,49.93438],[1.88669,49.94047],[1.88419,49.93786],[1.86984,49.93832],[1.86477,49.93697],[1.86517,49.92447],[1.87344,49.92279],[1.87825,49.91771]]]},"properties":{"code_territoire":"iris804370000","libelle_territoire":"Heucourt-Croquoison (commune non irisée)"}},
{"type":"Feature","geometry":{"type":"Polygon","coordinates":[[[3.07441,50.04528],[3.07504,50.03523],[3.06269,50.01273],[3.07148,50.00447],[3.0725,50.00894],[3.08741,50.0045],[3.09381,50.00549],[3.09329,50.01022],[3.0978,50.00679],[3.10477,50.02049],[3.12364,50.02441],[3.12441,50.02706],[3.11849,50.02609],[3.11384,50.03444],[3.11672,50.03752],[3.0903,50.04751],[3.09475,50.05262],[3.09028,50.05379],[3.08646,50.04747],[3.08242,50.04866],[3.07441,50.04528]]]},"properties":{"code_territoire":"iris804380000","libelle_territoire":"Heudicourt (commune non irisée)"}},
{"type":"Feature","geometry":{"type":"Polygon","coordinates":[[[2.17183,50.18601],[2.15272,50.17308],[2.14911,50.16677],[2.15382,50.16539],[2.15616,50.153],[2.16121,50.14785],[2.1672,50.15121],[2.17966,50.15106],[2.18158,50.15852],[2.1929,50.15676],[2.19225,50.16305],[2.17628,50.16846],[2.17887,50.18441],[2.17183,50.18601]]]},"properties":{"code_territoire":"iris804390000","libelle_territoire":"Heuzecourt (commune non irisée)"}},
{"type":"Feature","geometry":{"type":"Polygon","coordinates":[[[2.08592,50.20096],[2.08308,50.21696],[2.06858,50.21293],[2.06294,50.20298],[2.05672,50.20415],[2.06086,50.20102],[2.05188,50.19296],[2.05367,50.19116],[2.06611,50.18441],[2.07671,50.1874],[2.07972,50.19366],[2.08592,50.20096]]]},"properties":{"code_territoire":"iris804400000","libelle_territoire":"Hiermont (commune non irisée)"}},
{"type":"Feature","geometry":{"type":"Polygon","coordinates":[[[3.02833,49.75485],[3.02457,49.75675],[3.01113,49.7553],[3.00599,49.75893],[3.00498,49.75426],[2.99396,49.75081],[2.97026,49.75357],[2.96884,49.75593],[2.96493,49.75948],[2.95028,49.75416],[2.94776,49.75295],[2.95135,49.74674],[2.96162,49.73865],[2.97203,49.73559],[2.97949,49.72791],[2.97581,49.72093],[2.97955,49.71439],[2.97769,49.70961],[2.98409,49.70971],[2.98217,49.70423],[2.99135,49.70409],[2.98943,49.70844],[2.99234,49.70802],[2.99487,49.72293],[3.01365,49.73198],[3.01744,49.74196],[3.03025,49.74004],[3.02828,49.74848],[3.03513,49.74554],[3.03634,49.74941],[3.02833,49.75485]]]},"properties":{"code_territoire":"iris804420000","libelle_territoire":"Hombleux (commune non irisée)"}},
{"type":"Feature","geometry":{"type":"Polygon","coordinates":[[[1.92344,49.83657],[1.93102,49.84236],[1.93855,49.84278],[1.9576,49.83712],[1.96068,49.83261],[1.96296,49.83564],[1.98258,49.84582],[1.98716,49.85615],[1.97762,49.85925],[1.97595,49.86323],[1.98274,49.86528],[1.9743,49.8742],[1.95868,49.8717],[1.95595,49.87569],[1.95183,49.87468],[1.94715,49.87841],[1.93433,49.88164],[1.92758,49.87798],[1.93258,49.87511],[1.92748,49.87066],[1.93407,49.8681],[1.92942,49.86373],[1.92011,49.86983],[1.91224,49.87029],[1.91438,49.88812],[1.9147,49.88871],[1.91077,49.88751],[1.89643,49.89194],[1.8622,49.85964],[1.85791,49.85571],[1.86204,49.85422],[1.85342,49.85224],[1.85391,49.82329],[1.8484,49.81912],[1.84432,49.82126],[1.83211,49.8173],[1.82153,49.8101],[1.8268,49.79709],[1.84084,49.78923],[1.85917,49.80869],[1.86403,49.81194],[1.87342,49.81214],[1.88682,49.8159],[1.90133,49.83587],[1.92344,49.83657]]]},"properties":{"code_territoire":"iris804430000","libelle_territoire":"Hornoy-le-Bourg (commune non irisée)"}},
{"type":"Feature","geometry":{"type":"Polygon","coordinates":[[[2.42279,49.95651],[2.43942,49.95128],[2.44792,49.95641],[2.46246,49.95902],[2.45682,49.96567],[2.44318,49.96949],[2.44517,49.97443],[2.42397,49.97764],[2.41621,49.96305],[2.42279,49.95651]]]},"properties":{"code_territoire":"iris803510000","libelle_territoire":"Fréchencourt (commune non irisée)"}},
{"type":"Feature","geometry":{"type":"Polygon","coordinates":[[[2.11149,49.78177],[2.11942,49.78779],[2.11239,49.79387],[2.10306,49.78836],[2.09181,49.78984],[2.0815,49.78564],[2.07078,49.77782],[2.0466,49.77507],[2.0433,49.75584],[2.05187,49.74367],[2.05551,49.74428],[2.06728,49.7463],[2.08073,49.754],[2.09024,49.77058],[2.10056,49.78029],[2.11149,49.78177]]]},"properties":{"code_territoire":"iris803520000","libelle_territoire":"Frémontiers (commune non irisée)"}},
{"type":"Feature","geometry":{"type":"Polygon","coordinates":[[[2.88381,49.86053],[2.87887,49.8634],[2.86467,49.85992],[2.86284,49.8575],[2.84076,49.8576],[2.83387,49.84786],[2.84948,49.84581],[2.84825,49.84222],[2.85456,49.84149],[2.87485,49.84156],[2.87517,49.84592],[2.88812,49.85617],[2.88873,49.85908],[2.88381,49.86053]]]},"properties":{"code_territoire":"iris803530000","libelle_territoire":"Fresnes-Mazancourt (commune non irisée)"}},
{"type":"Feature","geometry":{"type":"Polygon","coordinates":[[[1.76906,49.97095],[1.7746,49.97686],[1.77156,49.9778],[1.77849,49.98552],[1.76768,49.98922],[1.76212,49.99003],[1.76077,49.98769],[1.74814,49.99346],[1.74083,49.99056],[1.75647,49.973],[1.76906,49.97095]]]},"properties":{"code_territoire":"iris803540000","libelle_territoire":"Fresnes-Tilloloy (commune non irisée)"}},
{"type":"Feature","geometry":{"type":"Polygon","coordinates":[[[1.81249,49.88739],[1.82324,49.87996],[1.82602,49.87713],[1.84065,49.88308],[1.85283,49.88917],[1.84888,49.89027],[1.84887,49.89418],[1.83436,49.89582],[1.82741,49.89383],[1.8248,49.89575],[1.81249,49.88739]]]},"properties":{"code_territoire":"iris803550000","libelle_territoire":"Fresneville (commune non irisée)"}},
{"type":"Feature","geometry":{"type":"Polygon","coordinates":[[[1.80683,49.90043],[1.8146,49.90604],[1.80745,49.91178],[1.79322,49.91582],[1.79546,49.92034],[1.79003,49.91954],[1.79247,49.91847],[1.78719,49.91462],[1.7816,49.91685],[1.77602,49.91165],[1.76777,49.91011],[1.77919,49.90278],[1.78499,49.9041],[1.79481,49.89905],[1.80363,49.90227],[1.80683,49.90043]]]},"properties":{"code_territoire":"iris803560000","libelle_territoire":"Fresnoy-Andainville (commune non irisée)"}},
{"type":"Feature","geometry":{"type":"Polygon","coordinates":[[[2.03243,49.82477],[2.03999,49.81963],[2.05132,49.82449],[2.05421,49.81932],[2.06011,49.82743],[2.06623,49.8278],[2.07242,49.83766],[2.07496,49.84624],[2.06639,49.85073],[2.06338,49.85787],[2.04445,49.84595],[2.02884,49.84477],[2.02977,49.83406],[2.03243,49.82477]]]},"properties":{"code_territoire":"iris803570000","libelle_territoire":"Fresnoy-au-Val (commune non irisée)"}},
{"type":"Feature","geometry":{"type":"Polygon","coordinates":[[[2.57224,49.76338],[2.58108,49.76017],[2.58286,49.76514],[2.59389,49.76507],[2.59899,49.769],[2.59621,49.7705],[2.60304,49.77664],[2.59129,49.78173],[2.57959,49.78505],[2.57415,49.77226],[2.57061,49.77396],[2.56484,49.76846],[2.57224,49.76338]]]},"properties":{"code_territoire":"iris803580000","libelle_territoire":"Fresnoy-en-Chaussée (commune non irisée)"}},
{"type":"Feature","geometry":{"type":"Polygon","coordinates":[[[2.78984,49.7522],[2.78396,49.75374],[2.78504,49.75778],[2.77732,49.75733],[2.77242,49.75176],[2.76669,49.75279],[2.76226,49.74703],[2.7528,49.74024],[2.75752,49.7332],[2.76259,49.73419],[2.77044,49.72949],[2.78361,49.72913],[2.78008,49.72563],[2.79094,49.72569],[2.79705,49.72687],[2.79809,49.73683],[2.80183,49.73622],[2.80287,49.73875],[2.80399,49.74144],[2.78984,49.7522]]]},"properties":{"code_territoire":"iris803590000","libelle_territoire":"Fresnoy-lès-Roye (commune non irisée)"}},
{"type":"Feature","geometry":{"type":"Polygon","coordinates":[[[1.57784,50.05039],[1.58534,50.06866],[1.5894,50.06883],[1.58842,50.07288],[1.58314,50.07717],[1.57362,50.07746],[1.57149,50.0838],[1.56538,50.08143],[1.55189,50.07447],[1.55948,50.07048],[1.55847,50.0656],[1.54076,50.04968],[1.55185,50.0459],[1.5697,50.03997],[1.57784,50.05039]]]},"properties":{"code_territoire":"iris803600000","libelle_territoire":"Fressenneville (commune non irisée)"}},
{"type":"Feature","geometry":{"type":"Polygon","coordinates":[[[1.82019,50.03375],[1.82061,50.03866],[1.82759,50.0385],[1.82391,50.04664],[1.83006,50.05272],[1.82491,50.05836],[1.82074,50.05642],[1.81047,50.06035],[1.80868,50.0683],[1.81347,50.07042],[1.7963,50.07222],[1.784,50.06518],[1.78856,50.06244],[1.78681,50.05997],[1.79427,50.05828],[1.78133,50.05064],[1.77788,50.04405],[1.78204,50.04164],[1.7749,50.03617],[1.7805,50.03295],[1.78566,50.03433],[1.78844,50.02908],[1.79897,50.02863],[1.82019,50.03375]]]},"properties":{"code_territoire":"iris804440000","libelle_territoire":"Huchenneville (commune non irisée)"}},
{"type":"Feature","geometry":{"type":"Polygon","coordinates":[[[2.43688,50.22747],[2.44222,50.22398],[2.43512,50.223],[2.43028,50.21485],[2.43991,50.21091],[2.43936,50.20671],[2.45071,50.19885],[2.45561,50.19079],[2.47192,50.19672],[2.47539,50.19317],[2.4789,50.19438],[2.47845,50.19779],[2.48345,50.20139],[2.48538,50.19982],[2.48905,50.20483],[2.46624,50.21281],[2.45078,50.23081],[2.43688,50.22747]]]},"properties":{"code_territoire":"iris804450000","libelle_territoire":"Humbercourt (commune non irisée)"}},
{"type":"Feature","geometry":{"type":"Polygon","coordinates":[[[1.78028,50.00947],[1.78587,50.01296],[1.78171,50.01403],[1.78502,50.02247],[1.79897,50.02863],[1.78844,50.02908],[1.78566,50.03433],[1.7805,50.03295],[1.7749,50.03617],[1.76484,50.0328],[1.75829,50.03483],[1.75487,50.04043],[1.74634,50.04319],[1.74289,50.03916],[1.74125,50.04062],[1.73432,50.03143],[1.73033,50.02863],[1.73586,50.02697],[1.72764,50.02219],[1.73589,50.02023],[1.73582,50.01694],[1.74024,50.01666],[1.74521,50.00933],[1.75759,50.01064],[1.76085,50.00843],[1.77999,50.01212],[1.78028,50.00947]]]},"properties":{"code_territoire":"iris804460000","libelle_territoire":"Huppy (commune non irisée)"}},
{"type":"Feature","geometry":{"type":"Polygon","coordinates":[[[2.5876,49.8129],[2.59002,49.81463],[2.59252,49.81283],[2.59134,49.81983],[2.59749,49.82344],[2.58288,49.82639],[2.56512,49.82771],[2.56198,49.82715],[2.56519,49.82234],[2.56288,49.81489],[2.56956,49.81495],[2.56527,49.81172],[2.56884,49.81189],[2.5683,49.8066],[2.56094,49.80579],[2.56634,49.80067],[2.57605,49.80226],[2.57251,49.80404],[2.5736,49.8082],[2.5876,49.8129]]]},"properties":{"code_territoire":"iris804490000","libelle_territoire":"Ignaucourt (commune non irisée)"}},
{"type":"Feature","geometry":{"type":"Polygon","coordinates":[[[1.76298,49.88498],[1.76373,49.88913],[1.7608,49.88699],[1.74092,49.8914],[1.73145,49.87812],[1.7334,49.87428],[1.74076,49.87418],[1.74755,49.87011],[1.76298,49.88498]]]},"properties":{"code_territoire":"iris804500000","libelle_territoire":"Inval-Boiron (commune non irisée)"}},
{"type":"Feature","geometry":{"type":"Polygon","coordinates":[[[1.83525,49.91968],[1.82688,49.92323],[1.82166,49.9347],[1.81404,49.92749],[1.79531,49.9369],[1.78573,49.93728],[1.79546,49.92034],[1.79322,49.91582],[1.80745,49.91178],[1.81262,49.91275],[1.81374,49.91725],[1.82321,49.91145],[1.83038,49.91639],[1.83525,49.91968]]]},"properties":{"code_territoire":"iris803610000","libelle_territoire":"Frettecuisse (commune non irisée)"}},
{"type":"Feature","geometry":{"type":"Polygon","coordinates":[[[1.63798,49.97831],[1.63951,49.98052],[1.64711,49.98056],[1.64724,49.992],[1.6524,49.99324],[1.6518,49.99772],[1.65623,50.00032],[1.65121,50.01042],[1.65179,50.02076],[1.64143,50.0208],[1.62676,50.01561],[1.62879,50.01257],[1.62336,50.00171],[1.63001,50.00001],[1.62912,49.99727],[1.62741,49.99458],[1.63245,49.98848],[1.62047,49.98576],[1.62186,49.98291],[1.62242,49.98028],[1.63798,49.97831]]]},"properties":{"code_territoire":"iris803620000","libelle_territoire":"Frettemeule (commune non irisée)"}},
{"type":"Feature","geometry":{"type":"Polygon","coordinates":[[[1.46576,50.09714],[1.45955,50.08101],[1.47162,50.07383],[1.47907,50.07538],[1.48125,50.07652],[1.47672,50.07898],[1.48597,50.08357],[1.49157,50.09555],[1.46985,50.10052],[1.46576,50.09714]]]},"properties":{"code_territoire":"iris803640000","libelle_territoire":"Friaucourt (commune non irisée)"}},
{"type":"Feature","geometry":{"type":"Polygon","coordinates":[[[1.9805,49.8284],[1.97134,49.82128],[1.9749,49.81806],[1.97268,49.81426],[1.97257,49.81122],[1.98424,49.80837],[1.98491,49.80391],[1.99139,49.80247],[2.00127,49.80723],[1.99734,49.80937],[2.01023,49.82562],[2.00586,49.82495],[2.00761,49.83213],[2.00348,49.83485],[1.99515,49.82843],[1.9805,49.8284]]]},"properties":{"code_territoire":"iris803650000","libelle_territoire":"Fricamps (commune non irisée)"}},
{"type":"Feature","geometry":{"type":"Polygon","coordinates":[[[2.70304,50.00951],[2.70437,50.0056],[2.69402,49.99971],[2.69188,49.99155],[2.69673,49.98835],[2.69189,49.98156],[2.69515,49.97495],[2.6989,49.97549],[2.7033,49.97796],[2.70641,49.97289],[2.71147,49.97293],[2.72178,49.97827],[2.73078,49.97777],[2.73089,49.97986],[2.73043,49.98515],[2.72336,49.98751],[2.72347,49.9933],[2.72684,49.99847],[2.73777,50.0032],[2.73914,50.00999],[2.74485,50.01012],[2.74585,50.0174],[2.74084,50.01832],[2.74158,50.01227],[2.73798,50.00953],[2.73257,50.01899],[2.72078,50.01912],[2.71735,50.01509],[2.7115,50.01779],[2.70304,50.00951]]]},"properties":{"code_territoire":"iris803660000","libelle_territoire":"Fricourt (commune non irisée)"}},
{"type":"Feature","geometry":{"type":"Polygon","coordinates":[[[2.8283,49.94689],[2.82898,49.95113],[2.82437,49.95321],[2.81959,49.94782],[2.81237,49.96016],[2.80714,49.96229],[2.80056,49.95908],[2.80575,49.95131],[2.80118,49.94533],[2.80612,49.93825],[2.80425,49.93165],[2.79105,49.93398],[2.79281,49.93198],[2.79348,49.92792],[2.82394,49.92376],[2.82498,49.93138],[2.83179,49.93264],[2.82978,49.94226],[2.82416,49.94591],[2.8283,49.94689]]]},"properties":{"code_territoire":"iris803670000","libelle_territoire":"Frise (commune non irisée)"}},
{"type":"Feature","geometry":{"type":"Polygon","coordinates":[[[1.52497,50.09086],[1.5204,50.08898],[1.51965,50.07277],[1.52648,50.06976],[1.55189,50.07447],[1.56538,50.08143],[1.5567,50.08505],[1.57051,50.0929],[1.56657,50.10058],[1.55532,50.10318],[1.54655,50.10123],[1.52497,50.09086]]]},"properties":{"code_territoire":"iris803680000","libelle_territoire":"Friville-Escarbotin (commune non irisée)"}},
{"type":"Feature","geometry":{"type":"Polygon","coordinates":[[[2.23084,50.21076],[2.22157,50.209],[2.22615,50.21094],[2.22392,50.21733],[2.21305,50.21871],[2.21107,50.21493],[2.20337,50.21353],[2.20108,50.21558],[2.19233,50.20912],[2.18695,50.21008],[2.18993,50.2041],[2.19761,50.1998],[2.18885,50.18722],[2.19174,50.17966],[2.19334,50.18473],[2.19881,50.18311],[2.21042,50.19441],[2.22916,50.19472],[2.2336,50.19892],[2.22461,50.20404],[2.23306,50.20896],[2.23084,50.21076]]]},"properties":{"code_territoire":"iris803690000","libelle_territoire":"Frohen-sur-Authie (commune non irisée)"}},
{"type":"Feature","geometry":{"type":"Polygon","coordinates":[[[1.93791,50.21667],[1.94314,50.2228],[1.9261,50.2324],[1.91522,50.22655],[1.91002,50.22875],[1.91359,50.21716],[1.91809,50.21904],[1.93791,50.21667]]]},"properties":{"code_territoire":"iris803710000","libelle_territoire":"Froyelles (commune non irisée)"}},
{"type":"Feature","geometry":{"type":"Polygon","coordinates":[[[1.82886,50.00318],[1.81239,50.00998],[1.8058,50.00675],[1.8016,50.00858],[1.79175,50.00049],[1.78871,49.99329],[1.7987,49.99185],[1.79803,49.98774],[1.8022,49.98984],[1.80682,49.98753],[1.81295,49.99177],[1.82884,49.99138],[1.83643,49.99834],[1.82886,50.00318]]]},"properties":{"code_territoire":"iris803720000","libelle_territoire":"Frucourt (commune non irisée)"}},
{"type":"Feature","geometry":{"type":"Polygon","coordinates":[[[2.77746,50.09958],[2.78124,50.10824],[2.7769,50.11592],[2.76246,50.1097],[2.75872,50.11259],[2.74941,50.11279],[2.74027,50.10332],[2.74417,50.09801],[2.73975,50.09667],[2.74148,50.09285],[2.75042,50.09157],[2.76238,50.09166],[2.76671,50.09488],[2.76989,50.09317],[2.77746,50.09958]]]},"properties":{"code_territoire":"iris804510000","libelle_territoire":"Irles (commune non irisée)"}},
{"type":"Feature","geometry":{"type":"Polygon","coordinates":[[[2.28587,49.74957],[2.31985,49.75626],[2.35013,49.752],[2.35828,49.76455],[2.34411,49.7728],[2.33622,49.7699],[2.3294,49.77488],[2.31626,49.77463],[2.31028,49.77374],[2.30813,49.77001],[2.30062,49.77138],[2.30477,49.76223],[2.29917,49.76346],[2.29264,49.76069],[2.2917,49.7631],[2.28534,49.76015],[2.28907,49.76018],[2.28587,49.74957]]]},"properties":{"code_territoire":"iris804520000","libelle_territoire":"Jumel (commune non irisée)"}},
{"type":"Feature","geometry":{"type":"Polygon","coordinates":[[[2.64302,49.65314],[2.64908,49.64823],[2.64649,49.64667],[2.66981,49.64163],[2.66733,49.64574],[2.68111,49.64783],[2.68047,49.66046],[2.68697,49.66053],[2.68915,49.662],[2.68016,49.67159],[2.68253,49.67469],[2.67036,49.67972],[2.66504,49.66705],[2.64302,49.65314]]]},"properties":{"code_territoire":"iris804530000","libelle_territoire":"Laboissière-en-Santerre (commune non irisée)"}},
{"type":"Feature","geometry":{"type":"Polygon","coordinates":[[[1.94544,49.7675],[1.9534,49.76331],[1.94883,49.7541],[1.95749,49.74817],[1.96271,49.75433],[1.96994,49.76455],[1.96508,49.76871],[1.96744,49.77214],[1.96184,49.7696],[1.96048,49.77188],[1.95361,49.77029],[1.95363,49.77235],[1.94544,49.7675]]]},"properties":{"code_territoire":"iris804550000","libelle_territoire":"Lachapelle (commune non irisée)"}},
{"type":"Feature","geometry":{"type":"Polygon","coordinates":[[[1.79777,49.79648],[1.81208,49.80172],[1.8088,49.80505],[1.82153,49.8101],[1.83211,49.8173],[1.84432,49.82126],[1.8484,49.81912],[1.85391,49.82329],[1.85342,49.85224],[1.86204,49.85422],[1.85791,49.85571],[1.8622,49.85964],[1.85785,49.86201],[1.85404,49.85693],[1.83916,49.86154],[1.83483,49.86034],[1.82437,49.84183],[1.81244,49.84623],[1.80502,49.84345],[1.79871,49.84602],[1.78421,49.8359],[1.78713,49.83163],[1.79002,49.82383],[1.78528,49.81973],[1.78537,49.80942],[1.75708,49.79717],[1.75799,49.80297],[1.75214,49.80595],[1.74463,49.80344],[1.74455,49.79886],[1.75243,49.79339],[1.75827,49.78275],[1.7613,49.78674],[1.76537,49.78518],[1.76455,49.78907],[1.7733,49.7863],[1.79777,49.79648]]]},"properties":{"code_territoire":"iris804560000","libelle_territoire":"Lafresguimont-Saint-Martin (commune non irisée)"}},
{"type":"Feature","geometry":{"type":"Polygon","coordinates":[[[1.5251,49.99861],[1.52739,49.99472],[1.54728,49.98734],[1.55811,49.97871],[1.57448,49.97333],[1.5793,49.97895],[1.59037,49.9775],[1.60065,49.97852],[1.60039,49.98115],[1.58322,49.98302],[1.57654,49.98669],[1.57096,49.9915],[1.57446,49.99412],[1.56995,49.99302],[1.56289,49.99951],[1.56879,50.00316],[1.56347,50.01104],[1.55002,50.01063],[1.55612,50.0192],[1.55318,50.02203],[1.54596,50.01989],[1.54572,50.01105],[1.54167,50.01183],[1.5251,49.99861]]]},"properties":{"code_territoire":"iris803730000","libelle_territoire":"Gamaches (commune non irisée)"}},
{"type":"Feature","geometry":{"type":"Polygon","coordinates":[[[1.96927,50.16798],[1.96833,50.17483],[1.97276,50.17569],[1.97345,50.18146],[1.97098,50.18556],[1.97506,50.18641],[1.9771,50.19373],[1.96954,50.19415],[1.96875,50.19772],[1.96107,50.19767],[1.95592,50.20017],[1.959,50.20163],[1.95449,50.20098],[1.95487,50.20276],[1.9429,50.19913],[1.9326,50.19639],[1.9355,50.19446],[1.94185,50.19211],[1.9387,50.19007],[1.94042,50.18517],[1.93483,50.18201],[1.94006,50.17257],[1.9322,50.16975],[1.93429,50.16688],[1.92091,50.16397],[1.93576,50.15281],[1.94631,50.1582],[1.94786,50.16183],[1.96719,50.16316],[1.96927,50.16798]]]},"properties":{"code_territoire":"iris803740000","libelle_territoire":"Gapennes (commune non irisée)"}},
{"type":"Feature","geometry":{"type":"Polygon","coordinates":[[[1.78117,49.76757],[1.81417,49.77212],[1.80882,49.77478],[1.81038,49.78373],[1.79777,49.79648],[1.7733,49.7863],[1.76455,49.78907],[1.76537,49.78518],[1.7613,49.78674],[1.75827,49.78275],[1.75833,49.78033],[1.77356,49.77739],[1.78117,49.76757]]]},"properties":{"code_territoire":"iris803750000","libelle_territoire":"Gauville (commune non irisée)"}},
{"type":"Feature","geometry":{"type":"Polygon","coordinates":[[[2.43862,49.8382],[2.45657,49.83117],[2.46314,49.83508],[2.4644,49.83943],[2.4727,49.8392],[2.46414,49.85817],[2.46054,49.85819],[2.46113,49.85422],[2.44456,49.85106],[2.44294,49.85654],[2.43499,49.85637],[2.4359,49.85517],[2.42972,49.85687],[2.42389,49.85707],[2.42088,49.85605],[2.42507,49.85648],[2.41596,49.85343],[2.44119,49.84525],[2.43862,49.8382]]]},"properties":{"code_territoire":"iris803760000","libelle_territoire":"Gentelles (commune non irisée)"}},
{"type":"Feature","geometry":{"type":"Polygon","coordinates":[[[2.33309,50.13463],[2.3341,50.13874],[2.32533,50.15121],[2.3313,50.15427],[2.3274,50.157],[2.3188,50.15696],[2.31803,50.15947],[2.31723,50.15627],[2.31045,50.15613],[2.30199,50.14296],[2.29387,50.13733],[2.29282,50.13246],[2.28797,50.13105],[2.29076,50.12589],[2.28618,50.12501],[2.2901,50.12186],[2.33309,50.13463]]]},"properties":{"code_territoire":"iris803770000","libelle_territoire":"Gézaincourt (commune non irisée)"}},
{"type":"Feature","geometry":{"type":"Polygon","coordinates":[[[2.85573,50.02616],[2.8448,50.02979],[2.83672,50.03865],[2.83343,50.04014],[2.83238,50.0364],[2.81742,50.03869],[2.81553,50.03583],[2.81214,50.03126],[2.82552,50.02452],[2.83391,50.01839],[2.8318,49.99891],[2.83787,49.99745],[2.84351,50.00228],[2.8475,50.01007],[2.84472,50.01212],[2.85655,50.02404],[2.85573,50.02616]]]},"properties":{"code_territoire":"iris803780000","libelle_territoire":"Ginchy (commune non irisée)"}},
{"type":"Feature","geometry":{"type":"Polygon","coordinates":[[[2.36202,49.88282],[2.36913,49.88037],[2.3703,49.87261],[2.37634,49.87257],[2.37616,49.86802],[2.3707,49.86588],[2.39597,49.85983],[2.39668,49.86484],[2.40708,49.86861],[2.40148,49.87324],[2.40478,49.88465],[2.38202,49.88489],[2.36202,49.88282]]]},"properties":{"code_territoire":"iris803790000","libelle_territoire":"Glisy (commune non irisée)"}},
{"type":"Feature","geometry":{"type":"Polygon","coordinates":[[[2.04113,50.08246],[2.05592,50.08313],[2.06662,50.07906],[2.0688,50.07705],[2.07344,50.0791],[2.0719,50.08115],[2.0806,50.08487],[2.07528,50.09758],[2.06993,50.10092],[2.06118,50.09664],[2.05542,50.105],[2.05188,50.10323],[2.04139,50.10649],[2.03269,50.09827],[2.04223,50.08851],[2.04113,50.08246]]]},"properties":{"code_territoire":"iris803800000","libelle_territoire":"Gorenflos (commune non irisée)"}},
{"type":"Feature","geometry":{"type":"Polygon","coordinates":[[[2.19929,50.11663],[2.18133,50.11839],[2.17451,50.11631],[2.17287,50.11904],[2.16481,50.1134],[2.16373,50.11132],[2.16807,50.10901],[2.16782,50.10201],[2.17222,50.10285],[2.17652,50.09843],[2.17857,50.10329],[2.18319,50.10216],[2.181,50.0953],[2.19103,50.09216],[2.20042,50.10526],[2.19758,50.10775],[2.19929,50.11663]]]},"properties":{"code_territoire":"iris803810000","libelle_territoire":"Gorges (commune non irisée)"}},
{"type":"Feature","geometry":{"type":"Polygon","coordinates":[[[2.79094,49.72569],[2.78008,49.72563],[2.78361,49.72913],[2.77044,49.72949],[2.76259,49.73419],[2.75752,49.7332],[2.75711,49.72901],[2.74945,49.72795],[2.75012,49.7238],[2.74339,49.7176],[2.7561,49.71238],[2.76932,49.70737],[2.77733,49.72015],[2.78987,49.71733],[2.79243,49.71964],[2.79094,49.72569]]]},"properties":{"code_territoire":"iris803830000","libelle_territoire":"Goyencourt (commune non irisée)"}},
{"type":"Feature","geometry":{"type":"Polygon","coordinates":[[[2.495,49.94049],[2.4896,49.94756],[2.49612,49.95049],[2.49744,49.9552],[2.49468,49.9548],[2.4926,49.96072],[2.48261,49.9622],[2.47204,49.96061],[2.47627,49.95709],[2.46771,49.95523],[2.47542,49.94914],[2.4656,49.93334],[2.47827,49.93296],[2.47681,49.93878],[2.48169,49.94193],[2.495,49.94049]]]},"properties":{"code_territoire":"iris804580000","libelle_territoire":"Lahoussoye (commune non irisée)"}},
{"type":"Feature","geometry":{"type":"Polygon","coordinates":[[[1.94832,49.94367],[1.94542,49.94352],[1.94409,49.94902],[1.93242,49.94846],[1.92548,49.94132],[1.9277,49.93804],[1.92467,49.93622],[1.92935,49.93406],[1.94886,49.94146],[1.94832,49.94367]]]},"properties":{"code_territoire":"iris804590000","libelle_territoire":"Laleu (commune non irisée)"}},
{"type":"Feature","geometry":{"type":"Polygon","coordinates":[[[1.89152,49.7976],[1.89621,49.79293],[1.911,49.80019],[1.92119,49.80514],[1.91108,49.81301],[1.90094,49.80957],[1.89187,49.80628],[1.89152,49.7976]]]},"properties":{"code_territoire":"iris804600000","libelle_territoire":"Lamaronde (commune non irisée)"}},
{"type":"Feature","geometry":{"type":"Polygon","coordinates":[[[2.38202,49.88489],[2.40478,49.88465],[2.41106,49.88525],[2.41497,49.88625],[2.40598,49.89416],[2.40612,49.89904],[2.39684,49.8989],[2.38988,49.91613],[2.38524,49.91475],[2.39067,49.91044],[2.38317,49.8944],[2.37544,49.88784],[2.38202,49.88489]]]},"properties":{"code_territoire":"iris804610000","libelle_territoire":"Lamotte-Brebière (commune non irisée)"}},
{"type":"Feature","geometry":{"type":"Polygon","coordinates":[[[1.84951,50.17497],[1.85414,50.17761],[1.86119,50.17546],[1.86183,50.17748],[1.85059,50.17919],[1.85718,50.19407],[1.85056,50.19988],[1.843,50.194],[1.82773,50.19815],[1.8229,50.1963],[1.81741,50.19795],[1.81688,50.19779],[1.81185,50.183],[1.81634,50.17991],[1.82088,50.17687],[1.82145,50.17876],[1.84951,50.17497]]]},"properties":{"code_territoire":"iris804620000","libelle_territoire":"Lamotte-Buleux (commune non irisée)"}},
{"type":"Feature","geometry":{"type":"Polygon","coordinates":[[[2.61138,49.87734],[2.60593,49.87777],[2.60905,49.88201],[2.60312,49.8842],[2.60693,49.88667],[2.59563,49.88457],[2.60084,49.89067],[2.59471,49.89136],[2.59741,49.89939],[2.6013,49.89945],[2.59678,49.9023],[2.58512,49.90336],[2.5879,49.90098],[2.58779,49.89071],[2.58303,49.88803],[2.58573,49.88499],[2.57649,49.8806],[2.57327,49.87141],[2.56084,49.87121],[2.554,49.8711],[2.55239,49.87107],[2.55247,49.86942],[2.57828,49.86588],[2.58013,49.86054],[2.58621,49.86116],[2.59327,49.85684],[2.60673,49.85698],[2.61148,49.86531],[2.61138,49.87734]]]},"properties":{"code_territoire":"iris804630000","libelle_territoire":"Lamotte-Warfusée (commune non irisée)"}},
{"type":"Feature","geometry":{"type":"Polygon","coordinates":[[[1.54121,50.12768],[1.55213,50.13368],[1.55641,50.14048],[1.56159,50.13472],[1.56766,50.13472],[1.56911,50.1464],[1.57487,50.14838],[1.57296,50.15005],[1.5799,50.15637],[1.56473,50.16652],[1.56666,50.16915],[1.55749,50.17555],[1.55706,50.18051],[1.56429,50.18637],[1.56164,50.19071],[1.57208,50.19496],[1.5571,50.20965],[1.55942,50.20477],[1.54787,50.1904],[1.55119,50.18768],[1.54811,50.1833],[1.54269,50.18261],[1.54306,50.17674],[1.53598,50.17357],[1.5347,50.15953],[1.53939,50.15994],[1.52653,50.15445],[1.53937,50.13561],[1.53649,50.1341],[1.54082,50.13138],[1.53696,50.12936],[1.54121,50.12768]]]},"properties":{"code_territoire":"iris804640000","libelle_territoire":"Lanchères (commune non irisée)"}},
{"type":"Feature","geometry":{"type":"Polygon","coordinates":[[[2.71908,50.0878],[2.70373,50.0807],[2.69528,50.08152],[2.69163,50.0764],[2.67885,50.07425],[2.69157,50.06877],[2.70604,50.05595],[2.7067,50.05049],[2.71859,50.05353],[2.72499,50.05644],[2.72758,50.06353],[2.7364,50.0681],[2.71908,50.0878]]]},"properties":{"code_territoire":"iris803840000","libelle_territoire":"Grandcourt (commune non irisée)"}},
{"type":"Feature","geometry":{"type":"Polygon","coordinates":[[[1.76187,50.13904],[1.75567,50.13858],[1.75289,50.13361],[1.79453,50.11633],[1.79395,50.12014],[1.79564,50.12227],[1.80481,50.12188],[1.80881,50.12539],[1.81178,50.14312],[1.8107,50.15038],[1.80109,50.15395],[1.79715,50.15047],[1.79384,50.15243],[1.78822,50.14895],[1.79251,50.14618],[1.78991,50.13977],[1.78498,50.14261],[1.77385,50.14277],[1.76565,50.13831],[1.76187,50.13904]]]},"properties":{"code_territoire":"iris803850000","libelle_territoire":"Grand-Laviers (commune non irisée)"}},
{"type":"Feature","geometry":{"type":"Polygon","coordinates":[[[2.52759,49.67598],[2.53572,49.67336],[2.54619,49.67576],[2.54993,49.67065],[2.56649,49.67456],[2.56947,49.6752],[2.56631,49.68822],[2.56195,49.68989],[2.55519,49.69622],[2.54558,49.69428],[2.53662,49.69246],[2.5351,49.68737],[2.53316,49.67965],[2.52847,49.67985],[2.52759,49.67598]]]},"properties":{"code_territoire":"iris803860000","libelle_territoire":"Gratibus (commune non irisée)"}},
{"type":"Feature","geometry":{"type":"Polygon","coordinates":[[[2.32496,49.7943],[2.32149,49.79958],[2.30056,49.80238],[2.28427,49.78613],[2.29204,49.78182],[2.28607,49.77662],[2.29097,49.77986],[2.29567,49.77191],[2.30062,49.77138],[2.30813,49.77001],[2.31028,49.77374],[2.31626,49.77463],[2.31323,49.77887],[2.32554,49.7918],[2.32496,49.7943]]]},"properties":{"code_territoire":"iris803870000","libelle_territoire":"Grattepanche (commune non irisée)"}},
{"type":"Feature","geometry":{"type":"Polygon","coordinates":[[[1.73582,50.01694],[1.73589,50.02023],[1.72764,50.02219],[1.73586,50.02697],[1.73033,50.02863],[1.73432,50.03143],[1.72329,50.03228],[1.7237,50.03046],[1.71524,50.03359],[1.71196,50.03154],[1.71468,50.03007],[1.70717,50.02332],[1.71489,50.0169],[1.72452,50.01992],[1.72943,50.01371],[1.73582,50.01694]]]},"properties":{"code_territoire":"iris803880000","libelle_territoire":"Grébault-Mesnil (commune non irisée)"}},
{"type":"Feature","geometry":{"type":"Polygon","coordinates":[[[2.41354,49.70041],[2.42033,49.69782],[2.41683,49.69542],[2.42036,49.69597],[2.42496,49.69058],[2.42033,49.68908],[2.42424,49.68645],[2.4219,49.68376],[2.43492,49.68879],[2.44315,49.67685],[2.44065,49.67502],[2.45264,49.66651],[2.44879,49.66313],[2.45427,49.66523],[2.46158,49.65948],[2.47006,49.66076],[2.47452,49.67077],[2.48807,49.67547],[2.49214,49.67173],[2.50297,49.67484],[2.50733,49.67268],[2.5151,49.67321],[2.50955,49.68237],[2.48819,49.68293],[2.48101,49.69575],[2.47991,49.69932],[2.46525,49.69638],[2.46018,49.69792],[2.46078,49.70375],[2.45417,49.70284],[2.44764,49.71189],[2.42866,49.70955],[2.42291,49.71229],[2.42116,49.70984],[2.41895,49.70168],[2.41354,49.70041]]]},"properties":{"code_territoire":"iris803900000","libelle_territoire":"Grivesnes (commune non irisée)"}},
{"type":"Feature","geometry":{"type":"Polygon","coordinates":[[[2.68915,49.662],[2.68697,49.66053],[2.68814,49.65314],[2.69697,49.65305],[2.69863,49.64943],[2.71718,49.65328],[2.716,49.66907],[2.70842,49.66947],[2.68915,49.662]]]},"properties":{"code_territoire":"iris803910000","libelle_territoire":"Grivillers (commune non irisée)"}},
{"type":"Feature","geometry":{"type":"Polygon","coordinates":[[[2.40283,50.16474],[2.41335,50.16242],[2.41715,50.16724],[2.41487,50.17331],[2.41185,50.17269],[2.39281,50.18639],[2.38627,50.18333],[2.3774,50.1859],[2.37942,50.19446],[2.36444,50.20221],[2.36279,50.20586],[2.35495,50.19712],[2.35609,50.19167],[2.35097,50.18892],[2.35287,50.18115],[2.35808,50.17918],[2.36814,50.17642],[2.36961,50.1733],[2.37441,50.17489],[2.38229,50.16948],[2.39137,50.16899],[2.39361,50.16554],[2.40283,50.16474]]]},"properties":{"code_territoire":"iris803920000","libelle_territoire":"Grouches-Luchuel (commune non irisée)"}},
{"type":"Feature","geometry":{"type":"Polygon","coordinates":[[[2.80395,49.7167],[2.82187,49.71533],[2.8226,49.7184],[2.82987,49.71419],[2.84145,49.72145],[2.83929,49.72329],[2.84418,49.72564],[2.83191,49.73667],[2.83015,49.73369],[2.80287,49.73875],[2.80183,49.73622],[2.79809,49.73683],[2.79705,49.72687],[2.79094,49.72569],[2.79243,49.71964],[2.80395,49.7167]]]},"properties":{"code_territoire":"iris803930000","libelle_territoire":"Gruny (commune non irisée)"}},
{"type":"Feature","geometry":{"type":"Polygon","coordinates":[[[2.64049,49.68143],[2.64329,49.67975],[2.6545,49.6864],[2.67023,49.68179],[2.67549,49.68443],[2.67201,49.68736],[2.6872,49.6933],[2.68708,49.69957],[2.69011,49.69991],[2.69121,49.70659],[2.68501,49.70955],[2.67279,49.71086],[2.6703,49.71527],[2.66321,49.71535],[2.66289,49.71243],[2.65565,49.71373],[2.65595,49.70444],[2.65131,49.70274],[2.65087,49.69795],[2.64322,49.697],[2.64049,49.68143]]]},"properties":{"code_territoire":"iris803950000","libelle_territoire":"Guerbigny (commune non irisée)"}},
{"type":"Feature","geometry":{"type":"Polygon","coordinates":[[[2.92773,49.73074],[2.93368,49.73254],[2.93345,49.73586],[2.94088,49.73666],[2.94399,49.74434],[2.95135,49.74674],[2.94776,49.75295],[2.95028,49.75416],[2.94461,49.75581],[2.94428,49.7615],[2.93057,49.75306],[2.9149,49.75015],[2.91762,49.74541],[2.91244,49.74426],[2.91773,49.73761],[2.91929,49.73591],[2.92243,49.73771],[2.92773,49.73074]]]},"properties":{"code_territoire":"iris804650000","libelle_territoire":"Languevoisin-Quiquery (commune non irisée)"}},
{"type":"Feature","geometry":{"type":"Polygon","coordinates":[[[2.15077,50.11434],[2.14265,50.11418],[2.13807,50.11034],[2.13452,50.11896],[2.12801,50.11555],[2.12956,50.10501],[2.13632,50.09832],[2.13297,50.08944],[2.13959,50.08654],[2.13717,50.08335],[2.15106,50.08624],[2.16044,50.08954],[2.15612,50.095],[2.16118,50.10037],[2.16782,50.10201],[2.16807,50.10901],[2.16373,50.11132],[2.15764,50.10385],[2.15563,50.10548],[2.14909,50.10045],[2.14441,50.10455],[2.14913,50.10777],[2.14265,50.10784],[2.15077,50.11434]]]},"properties":{"code_territoire":"iris804660000","libelle_territoire":"Lanches-Saint-Hilaire (commune non irisée)"}},
{"type":"Feature","geometry":{"type":"Polygon","coordinates":[[[2.76366,49.65906],[2.76576,49.66331],[2.77256,49.66065],[2.77523,49.66677],[2.78879,49.6617],[2.78861,49.66536],[2.78392,49.66574],[2.78325,49.67702],[2.77286,49.67926],[2.77122,49.68234],[2.77063,49.68551],[2.75926,49.6805],[2.7411,49.68022],[2.73894,49.67147],[2.74433,49.67214],[2.74239,49.66586],[2.74946,49.66744],[2.74953,49.66054],[2.76366,49.65906]]]},"properties":{"code_territoire":"iris804670000","libelle_territoire":"Laucourt (commune non irisée)"}},
{"type":"Feature","geometry":{"type":"Polygon","coordinates":[[[2.57718,50.00224],[2.56856,49.99916],[2.571,49.99654],[2.56604,49.99297],[2.56576,49.98915],[2.57605,49.98569],[2.57869,49.98126],[2.5861,49.98345],[2.5839,49.99106],[2.58878,49.9909],[2.57718,50.00224]]]},"properties":{"code_territoire":"iris804680000","libelle_territoire":"Laviéville (commune non irisée)"}},
{"type":"Feature","geometry":{"type":"Polygon","coordinates":[[[2.24712,49.70172],[2.24973,49.69731],[2.26033,49.69566],[2.26152,49.69841],[2.2774,49.69644],[2.27824,49.70211],[2.28835,49.70397],[2.28866,49.70861],[2.29622,49.71103],[2.29481,49.72518],[2.28277,49.72994],[2.26549,49.71938],[2.26004,49.72514],[2.24901,49.71679],[2.24712,49.70172]]]},"properties":{"code_territoire":"iris804690000","libelle_territoire":"Lawarde-Mauger-l'Hortoy (commune non irisée)"}},
{"type":"Feature","geometry":{"type":"Polygon","coordinates":[[[2.4973,50.06496],[2.50883,50.05759],[2.51149,50.05552],[2.51405,50.05776],[2.51336,50.06531],[2.518,50.07207],[2.51432,50.07687],[2.50827,50.07611],[2.50486,50.08197],[2.50025,50.07901],[2.50614,50.07478],[2.49721,50.07104],[2.50171,50.06799],[2.4973,50.06496]]]},"properties":{"code_territoire":"iris804700000","libelle_territoire":"Léalvillers (commune non irisée)"}},
{"type":"Feature","geometry":{"type":"Polygon","coordinates":[[[2.85573,50.02616],[2.84991,50.03046],[2.85871,50.03516],[2.86374,50.03255],[2.86822,50.03414],[2.87775,50.04277],[2.86716,50.05252],[2.86521,50.05955],[2.85659,50.06111],[2.83672,50.03865],[2.8448,50.02979],[2.85573,50.02616]]]},"properties":{"code_territoire":"iris804720000","libelle_territoire":"Lesbœufs (commune non irisée)"}},
{"type":"Feature","geometry":{"type":"Polygon","coordinates":[[[1.98734,50.23064],[1.99466,50.23442],[2.0023,50.22992],[2.00138,50.22678],[2.00842,50.22424],[2.00062,50.21698],[2.01186,50.21419],[2.01834,50.2127],[2.02351,50.21464],[2.0218,50.21886],[2.02661,50.22284],[2.02252,50.22528],[2.02992,50.23302],[2.04034,50.23565],[2.04197,50.23349],[2.04843,50.2358],[2.04522,50.23908],[2.05241,50.24363],[2.04846,50.24562],[2.03937,50.24385],[2.04155,50.24677],[2.02766,50.24972],[2.0262,50.24744],[2.01378,50.25411],[2.00589,50.25243],[1.99642,50.25566],[1.98436,50.2487],[1.98313,50.24494],[1.97438,50.24904],[1.97048,50.24435],[1.97787,50.23918],[1.98285,50.23971],[1.9777,50.23579],[1.98919,50.23538],[1.98478,50.23206],[1.98734,50.23064]]]},"properties":{"code_territoire":"iris803960000","libelle_territoire":"Gueschart (commune non irisée)"}},
{"type":"Feature","geometry":{"type":"Polygon","coordinates":[[[2.83672,50.03865],[2.85659,50.06111],[2.85774,50.07743],[2.85287,50.07847],[2.83358,50.07154],[2.83604,50.06647],[2.83108,50.06296],[2.83397,50.06124],[2.8281,50.05565],[2.83479,50.05363],[2.83088,50.05142],[2.8363,50.04733],[2.83343,50.04014],[2.83672,50.03865]]]},"properties":{"code_territoire":"iris803970000","libelle_territoire":"Gueudecourt (commune non irisée)"}},
{"type":"Feature","geometry":{"type":"Polygon","coordinates":[[[2.18709,49.87673],[2.18385,49.87852],[2.17507,49.8755],[2.16905,49.87984],[2.1578,49.8796],[2.14621,49.87764],[2.15295,49.86688],[2.16802,49.85953],[2.18565,49.86716],[2.19213,49.87107],[2.18709,49.87673]]]},"properties":{"code_territoire":"iris803990000","libelle_territoire":"Guignemicourt (commune non irisée)"}},
{"type":"Feature","geometry":{"type":"Polygon","coordinates":[[[2.64559,49.85235],[2.62207,49.85032],[2.61315,49.82548],[2.621,49.82587],[2.64194,49.82642],[2.64879,49.83023],[2.65619,49.83408],[2.65164,49.83744],[2.65525,49.83932],[2.64691,49.8421],[2.64559,49.85235]]]},"properties":{"code_territoire":"iris804000000","libelle_territoire":"Guillaucourt (commune non irisée)"}},
{"type":"Feature","geometry":{"type":"Polygon","coordinates":[[[2.81076,50.0093],[2.81785,50.00784],[2.81585,50.00384],[2.83124,49.99643],[2.8318,49.99891],[2.83391,50.01839],[2.82552,50.02452],[2.81662,50.01583],[2.80883,50.0143],[2.81076,50.0093]]]},"properties":{"code_territoire":"iris804010000","libelle_territoire":"Guillemont (commune non irisée)"}},
{"type":"Feature","geometry":{"type":"Polygon","coordinates":[[[1.98017,49.74656],[1.97706,49.74203],[1.97922,49.73684],[1.99309,49.7275],[1.99475,49.71998],[2.00272,49.71786],[2.0081,49.72089],[2.00925,49.72725],[2.01604,49.73065],[2.0101,49.73871],[2.01336,49.74422],[2.0016,49.74925],[1.98411,49.74947],[1.98017,49.74656]]]},"properties":{"code_territoire":"iris804020000","libelle_territoire":"Guizancourt (commune non irisée)"}},
{"type":"Feature","geometry":{"type":"Polygon","coordinates":[[[2.35828,49.76455],[2.36789,49.77339],[2.37099,49.77231],[2.37883,49.78711],[2.36392,49.78653],[2.36174,49.78805],[2.35319,49.78135],[2.34925,49.78229],[2.35123,49.77736],[2.33867,49.77688],[2.34411,49.7728],[2.35828,49.76455]]]},"properties":{"code_territoire":"iris804030000","libelle_territoire":"Guyencourt-sur-Noye (commune non irisée)"}},
{"type":"Feature","geometry":{"type":"Polygon","coordinates":[[[3.06264,49.98296],[3.0685,49.985],[3.0727,49.98105],[3.08453,49.98717],[3.09123,49.98574],[3.09586,49.99316],[3.09905,49.99198],[3.09727,49.99599],[3.09483,50.0037],[3.0978,50.00679],[3.09329,50.01022],[3.09381,50.00549],[3.08741,50.0045],[3.0725,50.00894],[3.07148,50.00447],[3.06264,49.98296]]]},"properties":{"code_territoire":"iris804040000","libelle_territoire":"Guyencourt-Saulcourt (commune non irisée)"}},
{"type":"Feature","geometry":{"type":"Polygon","coordinates":[[[2.44827,49.80728],[2.42966,49.8071],[2.42358,49.81221],[2.41492,49.80699],[2.41088,49.79545],[2.42123,49.78627],[2.42556,49.7828],[2.42961,49.78971],[2.44888,49.79956],[2.45145,49.80414],[2.44827,49.80728]]]},"properties":{"code_territoire":"iris804050000","libelle_territoire":"Hailles (commune non irisée)"}},
{"type":"Feature","geometry":{"type":"Polygon","coordinates":[[[1.82884,49.99138],[1.83736,49.98104],[1.86032,49.98098],[1.85913,49.97648],[1.86306,49.97935],[1.86781,49.97625],[1.87874,49.97719],[1.87907,49.97473],[1.89839,49.97833],[1.90384,49.97998],[1.90058,49.98174],[1.90085,49.98543],[1.90628,49.98778],[1.90384,49.9906],[1.91633,49.99403],[1.91992,49.99143],[1.9354,49.99895],[1.93505,50.00249],[1.90033,50.00668],[1.89134,50.01753],[1.89118,50.01854],[1.87208,50.00524],[1.86227,50.00633],[1.86209,50.01115],[1.85721,50.01059],[1.85062,50.01469],[1.84557,50.01062],[1.83548,50.01156],[1.82886,50.00318],[1.83643,49.99834],[1.82884,49.99138]]]},"properties":{"code_territoire":"iris804060000","libelle_territoire":"Hallencourt (commune non irisée)"}},
{"type":"Feature","geometry":{"type":"Polygon","coordinates":[[[2.29622,49.71103],[2.28866,49.70861],[2.28835,49.70397],[2.27824,49.70211],[2.2774,49.69644],[2.26152,49.69841],[2.26033,49.69566],[2.28333,49.69027],[2.2901,49.68458],[2.30177,49.68105],[2.31614,49.68694],[2.31544,49.68999],[2.31747,49.70235],[2.31038,49.70141],[2.31079,49.70814],[2.30211,49.71213],[2.29622,49.71103]]]},"properties":{"code_territoire":"iris804070000","libelle_territoire":"Hallivillers (commune non irisée)"}},
{"type":"Feature","geometry":{"type":"Polygon","coordinates":[[[2.80399,49.74144],[2.80964,49.74191],[2.81201,49.74679],[2.81709,49.74537],[2.82347,49.7493],[2.82652,49.7476],[2.83185,49.75286],[2.83615,49.75098],[2.84189,49.75744],[2.83376,49.76143],[2.83244,49.76647],[2.80785,49.76622],[2.79367,49.75805],[2.78984,49.7522],[2.80399,49.74144]]]},"properties":{"code_territoire":"iris804730000","libelle_territoire":"Liancourt-Fosse (commune non irisée)"}},
{"type":"Feature","geometry":{"type":"Polygon","coordinates":[[[2.90435,49.8102],[2.91035,49.81185],[2.91321,49.82022],[2.92812,49.82928],[2.92749,49.83227],[2.92156,49.83531],[2.91266,49.83458],[2.90386,49.84188],[2.90377,49.84189],[2.8951,49.83979],[2.87933,49.8235],[2.88399,49.81616],[2.89539,49.81055],[2.90435,49.8102]]]},"properties":{"code_territoire":"iris804740000","libelle_territoire":"Licourt (commune non irisée)"}},
{"type":"Feature","geometry":{"type":"Polygon","coordinates":[[[3.02948,49.99863],[3.03405,49.99532],[3.03298,49.99151],[3.04579,49.98256],[3.04362,49.97813],[3.05027,49.97557],[3.06264,49.98296],[3.07148,50.00447],[3.06269,50.01273],[3.05909,50.00869],[3.0507,50.01251],[3.04426,50.01029],[3.02948,49.99863]]]},"properties":{"code_territoire":"iris804750000","libelle_territoire":"Liéramont (commune non irisée)"}},
{"type":"Feature","geometry":{"type":"Polygon","coordinates":[[[1.89134,50.01753],[1.90932,50.02266],[1.91035,50.03249],[1.91559,50.03349],[1.919,50.0405],[1.89699,50.0443],[1.89286,50.04798],[1.88531,50.04407],[1.8856,50.03726],[1.87942,50.02975],[1.87859,50.02706],[1.89093,50.02267],[1.89118,50.01854],[1.89134,50.01753]]]},"properties":{"code_territoire":"iris804760000","libelle_territoire":"Liercourt (commune non irisée)"}},
{"type":"Feature","geometry":{"type":"Polygon","coordinates":[[[1.85489,50.28751],[1.86375,50.27824],[1.86613,50.28007],[1.87363,50.27802],[1.87503,50.2808],[1.88098,50.27892],[1.89096,50.28586],[1.88584,50.2889],[1.89397,50.29343],[1.87892,50.30035],[1.87517,50.29845],[1.86353,50.30478],[1.8565,50.30471],[1.85489,50.28751]]]},"properties":{"code_territoire":"iris804770000","libelle_territoire":"Ligescourt (commune non irisée)"}},
{"type":"Feature","geometry":{"type":"Polygon","coordinates":[[[2.63582,49.66042],[2.64302,49.65314],[2.66504,49.66705],[2.67036,49.67972],[2.67023,49.68179],[2.6545,49.6864],[2.64329,49.67975],[2.64049,49.68143],[2.63532,49.68438],[2.63198,49.67716],[2.6284,49.67076],[2.63656,49.66692],[2.63257,49.66359],[2.63582,49.66042]]]},"properties":{"code_territoire":"iris804780000","libelle_territoire":"Lignières (commune non irisée)"}},
{"type":"Feature","geometry":{"type":"Polygon","coordinates":[[[1.88646,49.77548],[1.88012,49.78972],[1.87093,49.7936],[1.86577,49.78491],[1.86372,49.78707],[1.84143,49.77817],[1.84587,49.77248],[1.83328,49.76945],[1.83895,49.76361],[1.85961,49.76879],[1.86199,49.76304],[1.86961,49.7641],[1.87274,49.7602],[1.87554,49.76119],[1.87181,49.77176],[1.88646,49.77548]]]},"properties":{"code_territoire":"iris804790000","libelle_territoire":"Lignières-Châtelain (commune non irisée)"}},
{"type":"Feature","geometry":{"type":"Polygon","coordinates":[[[1.72737,49.91078],[1.72726,49.91061],[1.74304,49.89937],[1.75652,49.90409],[1.76005,49.9024],[1.76365,49.90742],[1.75079,49.91632],[1.751,49.92073],[1.73947,49.91514],[1.73162,49.91814],[1.72737,49.91078]]]},"properties":{"code_territoire":"iris804800000","libelle_territoire":"Lignières-en-Vimeu (commune non irisée)"}},
{"type":"Feature","geometry":{"type":"Polygon","coordinates":[[[2.23089,50.04738],[2.22651,50.05183],[2.22119,50.0477],[2.22143,50.05043],[2.21646,50.05144],[2.20979,50.04481],[2.21079,50.05129],[2.20347,50.05234],[2.20857,50.05363],[2.2068,50.05988],[2.20302,50.0607],[2.19518,50.05656],[2.19501,50.04902],[2.18864,50.04952],[2.17982,50.03896],[2.18228,50.03485],[2.20686,50.02747],[2.20999,50.03368],[2.23089,50.04738]]]},"properties":{"code_territoire":"iris804080000","libelle_territoire":"Halloy-lès-Pernois (commune non irisée)"}},
{"type":"Feature","geometry":{"type":"Polygon","coordinates":[[[2.79971,49.78047],[2.79987,49.78099],[2.80182,49.78742],[2.79613,49.78732],[2.80096,49.79873],[2.79405,49.80085],[2.78674,49.80504],[2.7907,49.80769],[2.78127,49.80914],[2.77837,49.78781],[2.77472,49.78759],[2.77759,49.78176],[2.78388,49.7805],[2.79971,49.78047]]]},"properties":{"code_territoire":"iris804090000","libelle_territoire":"Hallu (commune non irisée)"}},
{"type":"Feature","geometry":{"type":"Polygon","coordinates":[[[3.06547,49.77045],[3.06529,49.76634],[3.06025,49.76676],[3.05501,49.7616],[3.04713,49.7597],[3.03917,49.74852],[3.06123,49.74434],[3.06522,49.74677],[3.06901,49.74275],[3.0941,49.74935],[3.09342,49.75709],[3.10056,49.76663],[3.07827,49.76535],[3.06547,49.77045]]]},"properties":{"code_territoire":"iris804100101","libelle_territoire":"Nord"}},
{"type":"Feature","geometry":{"type":"Polygon","coordinates":[[[3.0941,49.74935],[3.06901,49.74275],[3.06873,49.74015],[3.08415,49.74011],[3.08751,49.73796],[3.10066,49.73543],[3.0941,49.74935]]]},"properties":{"code_territoire":"iris804100201","libelle_territoire":"Sud"}},
{"type":"Feature","geometry":{"type":"Polygon","coordinates":[[[2.56509,49.91782],[2.56365,49.90774],[2.55457,49.90119],[2.56008,49.88961],[2.56084,49.87121],[2.57327,49.87141],[2.57649,49.8806],[2.58573,49.88499],[2.58303,49.88803],[2.58779,49.89071],[2.5879,49.90098],[2.58512,49.90336],[2.59678,49.9023],[2.60426,49.90372],[2.60367,49.90646],[2.59035,49.90967],[2.57615,49.91725],[2.56861,49.91937],[2.56509,49.91782]]]},"properties":{"code_territoire":"iris804110000","libelle_territoire":"Le Hamel (commune non irisée)"}},
{"type":"Feature","geometry":{"type":"Polygon","coordinates":[[[2.554,49.8711],[2.53981,49.89527],[2.54329,49.89996],[2.5396,49.91033],[2.53546,49.91082],[2.53476,49.91732],[2.52982,49.91629],[2.52795,49.91834],[2.51643,49.90318],[2.51268,49.90006],[2.52521,49.89531],[2.52743,49.89257],[2.52165,49.88982],[2.52719,49.88671],[2.53701,49.87823],[2.55239,49.87107],[2.554,49.8711]]]},"properties":{"code_territoire":"iris804120000","libelle_territoire":"Hamelet (commune non irisée)"}},
{"type":"Feature","geometry":{"type":"Polygon","coordinates":[[[3.07295,49.91675],[3.06488,49.9127],[3.05482,49.91224],[3.04861,49.91567],[3.04688,49.91332],[3.05365,49.91224],[3.05963,49.90499],[3.05627,49.89763],[3.06137,49.89874],[3.07229,49.89376],[3.08267,49.89545],[3.08847,49.90407],[3.07747,49.912],[3.07989,49.91614],[3.07295,49.91675]]]},"properties":{"code_territoire":"iris804130000","libelle_territoire":"Hancourt (commune non irisée)"}},
{"type":"Feature","geometry":{"type":"Polygon","coordinates":[[[2.49197,49.84709],[2.49835,49.83848],[2.49639,49.82125],[2.50282,49.81364],[2.51067,49.81741],[2.51623,49.81663],[2.52485,49.82844],[2.51972,49.84385],[2.51863,49.84779],[2.49791,49.85138],[2.49197,49.84709]]]},"properties":{"code_territoire":"iris804140000","libelle_territoire":"Hangard (commune non irisée)"}},
{"type":"Feature","geometry":{"type":"Polygon","coordinates":[[[2.59899,49.769],[2.59389,49.76507],[2.58286,49.76514],[2.58108,49.76017],[2.57224,49.76338],[2.56805,49.75996],[2.5765,49.75595],[2.57492,49.74607],[2.56967,49.74184],[2.57371,49.73796],[2.58578,49.73151],[2.60076,49.73373],[2.6032,49.73087],[2.61345,49.73016],[2.62135,49.73416],[2.62023,49.74015],[2.63819,49.76148],[2.60678,49.77457],[2.59899,49.769]]]},"properties":{"code_territoire":"iris804150000","libelle_territoire":"Hangest-en-Santerre (commune non irisée)"}},
{"type":"Feature","geometry":{"type":"Polygon","coordinates":[[[2.04692,50.01058],[2.04054,50.00825],[2.04785,49.99715],[2.04356,49.9939],[2.03247,49.98789],[2.01643,49.98709],[2.00814,49.98381],[2.00376,49.98341],[2.00158,49.97576],[2.00757,49.97408],[2.01738,49.96031],[2.0352,49.96664],[2.04555,49.96289],[2.0526,49.9656],[2.05522,49.96242],[2.05455,49.96638],[2.05941,49.96767],[2.06009,49.97096],[2.07367,49.97919],[2.05963,49.98763],[2.05783,49.99424],[2.05,49.9986],[2.04838,50.00894],[2.04692,50.01058]]]},"properties":{"code_territoire":"iris804160000","libelle_territoire":"Hangest-sur-Somme (commune non irisée)"}},
{"type":"Feature","geometry":{"type":"Polygon","coordinates":[[[2.71984,49.83253],[2.73618,49.8289],[2.73681,49.82467],[2.73242,49.82373],[2.73956,49.81765],[2.73628,49.81539],[2.75127,49.80762],[2.75221,49.81052],[2.76018,49.80917],[2.7635,49.81416],[2.78104,49.81062],[2.78324,49.81326],[2.77565,49.82112],[2.77999,49.82023],[2.78189,49.82839],[2.78872,49.82926],[2.78907,49.8321],[2.77723,49.83413],[2.76447,49.84547],[2.74557,49.84778],[2.74334,49.84528],[2.73974,49.84261],[2.73694,49.84521],[2.73105,49.84036],[2.71984,49.83253]]]},"properties":{"code_territoire":"iris804810000","libelle_territoire":"Lihons (commune non irisée)"}},
{"type":"Feature","geometry":{"type":"Polygon","coordinates":[[[1.79897,50.02863],[1.78502,50.02247],[1.78171,50.01403],[1.78587,50.01296],[1.78028,50.00947],[1.78656,50.00384],[1.79175,50.00049],[1.8016,50.00858],[1.8058,50.00675],[1.81239,50.00998],[1.82886,50.00318],[1.83548,50.01156],[1.82459,50.02213],[1.82495,50.02919],[1.82071,50.0291],[1.82019,50.03375],[1.79897,50.02863]]]},"properties":{"code_territoire":"iris804820000","libelle_territoire":"Limeux (commune non irisée)"}},
{"type":"Feature","geometry":{"type":"Polygon","coordinates":[[[1.79871,49.84602],[1.81823,49.85378],[1.82574,49.86256],[1.814,49.87387],[1.80227,49.86513],[1.7911,49.85143],[1.79871,49.84602]]]},"properties":{"code_territoire":"iris804840000","libelle_territoire":"Liomer (commune non irisée)"}},
{"type":"Feature","geometry":{"type":"Polygon","coordinates":[[[2.18291,49.72939],[2.19091,49.7316],[2.18467,49.73576],[2.18794,49.73559],[2.19052,49.74541],[2.19724,49.75095],[2.21508,49.75329],[2.23058,49.74848],[2.23326,49.75669],[2.23853,49.76979],[2.23413,49.77575],[2.2254,49.77259],[2.21313,49.78306],[2.20679,49.78378],[2.19162,49.79257],[2.17375,49.80176],[2.1698,49.80507],[2.15633,49.79419],[2.14575,49.7937],[2.14088,49.78873],[2.15473,49.77814],[2.16715,49.77406],[2.16681,49.76535],[2.16304,49.76536],[2.15524,49.75641],[2.16185,49.7549],[2.15943,49.75126],[2.16637,49.74905],[2.16595,49.74077],[2.18088,49.73976],[2.17984,49.73054],[2.18291,49.72939]]]},"properties":{"code_territoire":"iris804850000","libelle_territoire":"Ô-de-Selle (commune non irisée)"}},
{"type":"Feature","geometry":{"type":"Polygon","coordinates":[[[1.98743,50.06256],[1.98794,50.05824],[1.98243,50.06076],[1.97805,50.05499],[1.97675,50.05181],[1.98077,50.05026],[1.97743,50.04232],[1.96605,50.03933],[1.9585,50.0332],[1.97479,50.0216],[1.98107,50.0209],[1.97833,50.02417],[1.98277,50.02874],[1.985,50.02612],[1.99618,50.03033],[1.99901,50.0279],[2.00567,50.0349],[2.01053,50.03686],[2.01362,50.05088],[1.99617,50.05964],[1.98743,50.06256]]]},"properties":{"code_territoire":"iris804860000","libelle_territoire":"Long (commune non irisée)"}},
{"type":"Feature","geometry":{"type":"Polygon","coordinates":[[[2.69459,49.85815],[2.69655,49.86041],[2.68553,49.8632],[2.6919,49.87014],[2.68928,49.87324],[2.68565,49.87319],[2.68983,49.87812],[2.67704,49.878],[2.67171,49.87689],[2.6709,49.87297],[2.65138,49.87263],[2.65097,49.86133],[2.6554,49.8614],[2.64559,49.85235],[2.64691,49.8421],[2.65525,49.83932],[2.65164,49.83744],[2.65619,49.83408],[2.64879,49.83023],[2.65902,49.82076],[2.66394,49.82187],[2.67208,49.82879],[2.68115,49.82544],[2.68277,49.83116],[2.68886,49.82956],[2.6902,49.83357],[2.69148,49.83664],[2.6865,49.83869],[2.69044,49.84459],[2.68469,49.84632],[2.69459,49.85815]]]},"properties":{"code_territoire":"iris804170000","libelle_territoire":"Harbonnières (commune non irisée)"}},
{"type":"Feature","geometry":{"type":"Polygon","coordinates":[[[2.79532,49.99519],[2.79883,49.995],[2.79995,49.98507],[2.80396,49.98212],[2.81131,49.97973],[2.82522,49.98094],[2.83124,49.99643],[2.81585,50.00384],[2.81785,50.00784],[2.81076,50.0093],[2.80759,50.00636],[2.79532,49.99519]]]},"properties":{"code_territoire":"iris804180000","libelle_territoire":"Hardecourt-aux-Bois (commune non irisée)"}},
{"type":"Feature","geometry":{"type":"Polygon","coordinates":[[[2.48748,50.04579],[2.48955,50.03681],[2.49572,50.0356],[2.501,50.02483],[2.50599,50.02467],[2.50734,50.02986],[2.51119,50.02678],[2.51566,50.02873],[2.51131,50.03748],[2.49867,50.04835],[2.48748,50.04579]]]},"properties":{"code_territoire":"iris804200000","libelle_territoire":"Harponville (commune non irisée)"}},
{"type":"Feature","geometry":{"type":"Polygon","coordinates":[[[2.78388,49.7805],[2.77768,49.77986],[2.7835,49.77449],[2.78504,49.75778],[2.78396,49.75374],[2.78984,49.7522],[2.79367,49.75805],[2.80785,49.76622],[2.80295,49.76869],[2.80537,49.76983],[2.79971,49.78047],[2.78388,49.7805]]]},"properties":{"code_territoire":"iris804210000","libelle_territoire":"Hattencourt (commune non irisée)"}},
{"type":"Feature","geometry":{"type":"Polygon","coordinates":[[[1.81634,50.17991],[1.8002,50.17577],[1.79953,50.17364],[1.79054,50.17274],[1.79562,50.16485],[1.79289,50.16253],[1.80778,50.16097],[1.81255,50.1672],[1.82497,50.1612],[1.82511,50.16522],[1.83306,50.15995],[1.84509,50.16066],[1.84546,50.16848],[1.84951,50.17497],[1.82145,50.17876],[1.82088,50.17687],[1.81634,50.17991]]]},"properties":{"code_territoire":"iris804220000","libelle_territoire":"Hautvillers-Ouville (commune non irisée)"}},
{"type":"Feature","geometry":{"type":"Polygon","coordinates":[[[2.24484,50.02527],[2.24053,50.03591],[2.24583,50.03914],[2.24362,50.0492],[2.23089,50.04738],[2.20999,50.03368],[2.21262,50.02885],[2.23274,50.02548],[2.23037,50.02156],[2.23646,50.02592],[2.24484,50.02527]]]},"properties":{"code_territoire":"iris804230000","libelle_territoire":"Havernas (commune non irisée)"}},
{"type":"Feature","geometry":{"type":"Polygon","coordinates":[[[2.27574,49.82019],[2.27501,49.8275],[2.27239,49.8301],[2.26038,49.83001],[2.26097,49.83338],[2.24175,49.82311],[2.2467,49.82102],[2.24604,49.81574],[2.25637,49.81338],[2.25092,49.80032],[2.2563,49.79763],[2.26069,49.8001],[2.25919,49.80285],[2.2649,49.80146],[2.26778,49.8041],[2.26315,49.8115],[2.27574,49.82019]]]},"properties":{"code_territoire":"iris804240000","libelle_territoire":"Hébécourt (commune non irisée)"}},
{"type":"Feature","geometry":{"type":"Polygon","coordinates":[[[2.5452,50.04535],[2.54735,50.04109],[2.55282,50.03819],[2.56629,50.03779],[2.5717,50.0392],[2.57397,50.04412],[2.58183,50.04287],[2.58518,50.04537],[2.58753,50.04917],[2.5845,50.05377],[2.59009,50.06076],[2.58484,50.06406],[2.57739,50.05705],[2.56767,50.05479],[2.57093,50.04945],[2.5464,50.0498],[2.5452,50.04535]]]},"properties":{"code_territoire":"iris804250000","libelle_territoire":"Hédauville (commune non irisée)"}},
{"type":"Feature","geometry":{"type":"Polygon","coordinates":[[[2.5287,49.98547],[2.51793,49.98278],[2.51256,49.97719],[2.51573,49.97088],[2.51012,49.9615],[2.51478,49.95807],[2.51341,49.94906],[2.52274,49.94675],[2.52617,49.94053],[2.52833,49.9392],[2.55113,49.9507],[2.55655,49.96196],[2.53264,49.96802],[2.53394,49.97268],[2.5288,49.97643],[2.53985,49.97942],[2.5287,49.98547]]]},"properties":{"code_territoire":"iris804260000","libelle_territoire":"Heilly (commune non irisée)"}},
{"type":"Feature","geometry":{"type":"Polygon","coordinates":[[[2.25916,50.14205],[2.25769,50.13887],[2.26881,50.1354],[2.27798,50.13971],[2.286,50.13475],[2.29387,50.13733],[2.30199,50.14296],[2.31045,50.15613],[2.31723,50.15627],[2.31803,50.15947],[2.30091,50.16516],[2.30122,50.17028],[2.30634,50.17218],[2.30552,50.17445],[2.29849,50.17482],[2.2949,50.16709],[2.27954,50.17141],[2.27397,50.16752],[2.26795,50.1599],[2.27217,50.15457],[2.26895,50.15227],[2.25916,50.14205]]]},"properties":{"code_territoire":"iris804270000","libelle_territoire":"Hem-Hardinval (commune non irisée)"}},
{"type":"Feature","geometry":{"type":"Polygon","coordinates":[[[2.83799,49.96777],[2.83469,49.96512],[2.83111,49.96734],[2.82437,49.95321],[2.82898,49.95113],[2.8283,49.94689],[2.85365,49.95138],[2.85744,49.95827],[2.85331,49.96212],[2.85535,49.96448],[2.85084,49.96489],[2.84827,49.96897],[2.83799,49.96777]]]},"properties":{"code_territoire":"iris804280000","libelle_territoire":"Hem-Monacu (commune non irisée)"}},
{"type":"Feature","geometry":{"type":"Polygon","coordinates":[[[3.07845,49.96601],[3.07694,49.97725],[3.0727,49.98105],[3.0685,49.985],[3.06264,49.98296],[3.05027,49.97557],[3.04514,49.97057],[3.04928,49.96216],[3.05551,49.96339],[3.05652,49.96024],[3.06518,49.96279],[3.07051,49.96224],[3.07145,49.96761],[3.07845,49.96601]]]},"properties":{"code_territoire":"iris804870000","libelle_territoire":"Longavesnes (commune non irisée)"}},
{"type":"Feature","geometry":{"type":"Polygon","coordinates":[[[1.99901,50.0279],[1.99618,50.03033],[1.985,50.02612],[1.98277,50.02874],[1.97833,50.02417],[1.98107,50.0209],[1.97479,50.0216],[1.96467,50.00975],[1.95465,50.0073],[1.95409,50.00257],[1.93546,49.99841],[1.9357,49.99649],[1.95239,49.9963],[1.95512,50.00099],[1.96283,50.00374],[1.98268,50.0028],[1.98092,50.00131],[1.98696,49.99913],[1.99206,50.0042],[1.99959,50.00184],[2.0082,50.0184],[2.0062,50.02351],[1.99901,50.0279]]]},"properties":{"code_territoire":"iris804880000","libelle_territoire":"Longpré-les-Corps-Saints (commune non irisée)"}},
{"type":"Feature","geometry":{"type":"Polygon","coordinates":[[[2.3707,49.86588],[2.37616,49.86802],[2.37634,49.87257],[2.3703,49.87261],[2.36913,49.88037],[2.36202,49.88282],[2.35174,49.87836],[2.34318,49.88028],[2.34418,49.8766],[2.34121,49.87121],[2.3458,49.86601],[2.34767,49.8625],[2.35081,49.86458],[2.35675,49.86274],[2.36225,49.86792],[2.3707,49.86588]]]},"properties":{"code_territoire":"iris804890000","libelle_territoire":"Longueau (commune non irisée)"}},
{"type":"Feature","geometry":{"type":"Polygon","coordinates":[[[2.81076,50.0093],[2.80883,50.0143],[2.81662,50.01583],[2.82552,50.02452],[2.81214,50.03126],[2.81553,50.03583],[2.79974,50.04335],[2.79478,50.05047],[2.78866,50.0452],[2.7855,50.05137],[2.77677,50.047],[2.77675,50.04361],[2.78349,50.03334],[2.78253,50.02144],[2.80527,50.01333],[2.80427,50.0077],[2.80759,50.00636],[2.81076,50.0093]]]},"properties":{"code_territoire":"iris804900000","libelle_territoire":"Longueval (commune non irisée)"}},
{"type":"Feature","geometry":{"type":"Polygon","coordinates":[[[2.28797,50.13105],[2.29282,50.13246],[2.29387,50.13733],[2.286,50.13475],[2.27798,50.13971],[2.26881,50.1354],[2.27513,50.13408],[2.26465,50.12973],[2.26798,50.12534],[2.25856,50.12562],[2.26223,50.12178],[2.27958,50.12332],[2.28289,50.12641],[2.27921,50.13108],[2.28797,50.13105]]]},"properties":{"code_territoire":"iris804910000","libelle_territoire":"Longuevillette (commune non irisée)"}},
{"type":"Feature","geometry":{"type":"Polygon","coordinates":[[[2.50025,50.07901],[2.50486,50.08197],[2.50827,50.07611],[2.51432,50.07687],[2.52778,50.08803],[2.52997,50.09466],[2.52392,50.10213],[2.52031,50.10071],[2.51228,50.10665],[2.50506,50.10722],[2.49774,50.10516],[2.49902,50.10193],[2.48913,50.10147],[2.47912,50.09457],[2.47923,50.08743],[2.50025,50.07901]]]},"properties":{"code_territoire":"iris804930000","libelle_territoire":"Louvencourt (commune non irisée)"}},
{"type":"Feature","geometry":{"type":"Polygon","coordinates":[[[2.36607,49.7301],[2.3803,49.72854],[2.38235,49.72405],[2.39008,49.72613],[2.39052,49.72101],[2.4035,49.71822],[2.4077,49.72076],[2.41928,49.7278],[2.41555,49.73066],[2.40842,49.72921],[2.41355,49.73447],[2.42259,49.73622],[2.41062,49.74385],[2.40218,49.74142],[2.39993,49.74334],[2.38425,49.74246],[2.38694,49.73755],[2.37859,49.73542],[2.3788,49.73278],[2.36664,49.73328],[2.36607,49.7301]]]},"properties":{"code_territoire":"iris804940000","libelle_territoire":"Louvrechy (commune non irisée)"}},
{"type":"Feature","geometry":{"type":"Polygon","coordinates":[[[2.56604,49.99297],[2.571,49.99654],[2.56856,49.99916],[2.57718,50.00224],[2.57728,50.01133],[2.56355,50.01214],[2.5566,50.0123],[2.55674,50.01025],[2.5451,50.0076],[2.54452,50.00076],[2.56604,49.99297]]]},"properties":{"code_territoire":"iris804290000","libelle_territoire":"Hénencourt (commune non irisée)"}},
{"type":"Feature","geometry":{"type":"Polygon","coordinates":[[[2.83415,49.90998],[2.84821,49.91031],[2.85165,49.92085],[2.8555,49.9207],[2.8525,49.93299],[2.84381,49.93486],[2.83179,49.93264],[2.82498,49.93138],[2.82394,49.92376],[2.83415,49.90998]]]},"properties":{"code_territoire":"iris804300000","libelle_territoire":"Herbécourt (commune non irisée)"}},
{"type":"Feature","geometry":{"type":"Polygon","coordinates":[[[2.38708,50.03505],[2.39364,50.02947],[2.41142,50.02507],[2.41004,50.01899],[2.41696,50.01523],[2.41304,50.01191],[2.42018,50.01051],[2.42607,50.01468],[2.43563,50.01658],[2.43785,50.01446],[2.43952,50.01796],[2.43698,50.03257],[2.43618,50.03462],[2.41736,50.04049],[2.41532,50.04345],[2.40366,50.04251],[2.39857,50.03816],[2.3969,50.04084],[2.39108,50.03979],[2.38708,50.03505]]]},"properties":{"code_territoire":"iris804310000","libelle_territoire":"Hérissart (commune non irisée)"}},
{"type":"Feature","geometry":{"type":"Polygon","coordinates":[[[2.76743,49.85718],[2.76961,49.8619],[2.7641,49.86265],[2.75831,49.87426],[2.74932,49.8766],[2.7454,49.88525],[2.7455,49.88439],[2.73321,49.86073],[2.74334,49.84528],[2.74557,49.84778],[2.76447,49.84547],[2.76209,49.85275],[2.76623,49.85311],[2.76743,49.85718]]]},"properties":{"code_territoire":"iris804320000","libelle_territoire":"Herleville (commune non irisée)"}},
{"type":"Feature","geometry":{"type":"Polygon","coordinates":[[[2.43336,50.06238],[2.43906,50.06675],[2.45351,50.0615],[2.4596,50.06254],[2.4591,50.07705],[2.45504,50.08587],[2.44906,50.08936],[2.42893,50.08637],[2.4111,50.07648],[2.41248,50.07361],[2.42103,50.07115],[2.4221,50.06818],[2.43391,50.06716],[2.43336,50.06238]]]},"properties":{"code_territoire":"iris806590000","libelle_territoire":"Raincheval (commune non irisée)"}},
{"type":"Feature","geometry":{"type":"Polygon","coordinates":[[[2.38597,49.97507],[2.37214,49.98355],[2.36284,49.98258],[2.36022,49.98804],[2.35349,49.98757],[2.35388,49.99177],[2.35972,49.99403],[2.35739,49.99668],[2.35078,49.9889],[2.34489,49.98785],[2.33911,49.979],[2.35043,49.96704],[2.34514,49.96018],[2.36954,49.96268],[2.37547,49.96094],[2.38418,49.96514],[2.38097,49.97169],[2.38597,49.97507]]]},"properties":{"code_territoire":"iris806610000","libelle_territoire":"Rainneville (commune non irisée)"}},
{"type":"Feature","geometry":{"type":"Polygon","coordinates":[[[2.41487,50.17331],[2.42614,50.17904],[2.43916,50.18134],[2.45081,50.179],[2.46998,50.18787],[2.49533,50.19463],[2.49511,50.19978],[2.48905,50.20483],[2.48538,50.19982],[2.48345,50.20139],[2.47845,50.19779],[2.4789,50.19438],[2.47539,50.19317],[2.47192,50.19672],[2.45561,50.19079],[2.45071,50.19885],[2.43936,50.20671],[2.43991,50.21091],[2.43028,50.21485],[2.43512,50.223],[2.44222,50.22398],[2.43688,50.22747],[2.4141,50.22909],[2.40982,50.23527],[2.39201,50.22733],[2.39236,50.2244],[2.38527,50.22534],[2.39274,50.21227],[2.38957,50.20968],[2.36804,50.20787],[2.36193,50.20705],[2.36279,50.20586],[2.36444,50.20221],[2.37942,50.19446],[2.3774,50.1859],[2.38627,50.18333],[2.39281,50.18639],[2.41185,50.17269],[2.41487,50.17331]]]},"properties":{"code_territoire":"iris804950000","libelle_territoire":"Lucheux (commune non irisée)"}},
{"type":"Feature","geometry":{"type":"Polygon","coordinates":[[[1.85489,50.28751],[1.84088,50.27685],[1.83529,50.28136],[1.82981,50.28159],[1.8149,50.27521],[1.80775,50.26258],[1.81358,50.26072],[1.81964,50.26627],[1.82122,50.26268],[1.84805,50.2617],[1.8519,50.27023],[1.8548,50.26697],[1.85855,50.26912],[1.86482,50.27508],[1.86375,50.27824],[1.85489,50.28751]]]},"properties":{"code_territoire":"iris804960000","libelle_territoire":"Machiel (commune non irisée)"}},
{"type":"Feature","geometry":{"type":"Polygon","coordinates":[[[1.80775,50.26258],[1.8149,50.27521],[1.81798,50.27735],[1.816,50.2825],[1.79275,50.28473],[1.78658,50.27305],[1.79628,50.26997],[1.79491,50.26495],[1.80253,50.2668],[1.80775,50.26258]]]},"properties":{"code_territoire":"iris804970000","libelle_territoire":"Machy (commune non irisée)"}},
{"type":"Feature","geometry":{"type":"Polygon","coordinates":[[[1.71334,49.97757],[1.70368,49.9805],[1.68927,49.96493],[1.69527,49.95978],[1.72575,49.95632],[1.72885,49.95639],[1.72772,49.96065],[1.72326,49.96071],[1.72643,49.97216],[1.71828,49.97641],[1.71334,49.97757]]]},"properties":{"code_territoire":"iris806620000","libelle_territoire":"Ramburelles (commune non irisée)"}},
{"type":"Feature","geometry":{"type":"Polygon","coordinates":[[[1.7097,49.92363],[1.70626,49.93219],[1.72285,49.94782],[1.72575,49.95632],[1.69527,49.95978],[1.68509,49.94181],[1.67507,49.94231],[1.65447,49.93538],[1.66192,49.93126],[1.67388,49.93425],[1.67625,49.92569],[1.68057,49.92554],[1.68412,49.93091],[1.68383,49.92878],[1.69648,49.92612],[1.70239,49.92078],[1.7097,49.92363]]]},"properties":{"code_territoire":"iris806630000","libelle_territoire":"Rambures (commune non irisée)"}},
{"type":"Feature","geometry":{"type":"Polygon","coordinates":[[[2.89101,49.99415],[2.90003,49.99271],[2.91389,49.99892],[2.91365,50.00327],[2.92043,50.00459],[2.9139,50.01168],[2.90701,50.01453],[2.89802,50.00644],[2.8932,50.00758],[2.89631,50.00407],[2.88553,49.99691],[2.89105,49.99474],[2.89101,49.99415]]]},"properties":{"code_territoire":"iris806640000","libelle_territoire":"Rancourt (commune non irisée)"}},
{"type":"Feature","geometry":{"type":"Polygon","coordinates":[[[1.74192,50.27342],[1.74273,50.27168],[1.75099,50.27399],[1.75289,50.27182],[1.76934,50.27809],[1.77216,50.27531],[1.78658,50.27305],[1.79275,50.28473],[1.79742,50.29374],[1.78888,50.30037],[1.78026,50.30158],[1.766,50.29805],[1.7495,50.30076],[1.74522,50.29647],[1.74192,50.27342]]]},"properties":{"code_territoire":"iris806650000","libelle_territoire":"Regnière-Écluse (commune non irisée)"}},
{"type":"Feature","geometry":{"type":"Polygon","coordinates":[[[2.2336,50.19892],[2.2504,50.19742],[2.25796,50.21109],[2.2531,50.21486],[2.24615,50.21107],[2.24344,50.21426],[2.23084,50.21076],[2.23306,50.20896],[2.22461,50.20404],[2.2336,50.19892]]]},"properties":{"code_territoire":"iris806660000","libelle_territoire":"Remaisnil (commune non irisée)"}},
{"type":"Feature","geometry":{"type":"Polygon","coordinates":[[[2.67007,49.64083],[2.65482,49.62913],[2.64989,49.6181],[2.65907,49.61443],[2.65873,49.61978],[2.66357,49.61728],[2.67313,49.62263],[2.67429,49.62014],[2.68203,49.62108],[2.68703,49.6174],[2.68871,49.62544],[2.67007,49.64083]]]},"properties":{"code_territoire":"iris806670000","libelle_territoire":"Remaugies (commune non irisée)"}},
{"type":"Feature","geometry":{"type":"Polygon","coordinates":[[[2.36392,49.78653],[2.37883,49.78711],[2.37099,49.77231],[2.37197,49.76745],[2.39339,49.76643],[2.39908,49.76744],[2.40461,49.77981],[2.40024,49.78423],[2.38866,49.78609],[2.37826,49.79245],[2.36436,49.79053],[2.36769,49.78921],[2.36392,49.78653]]]},"properties":{"code_territoire":"iris806680000","libelle_territoire":"Remiencourt (commune non irisée)"}},
{"type":"Feature","geometry":{"type":"Polygon","coordinates":[[[2.83852,49.74822],[2.83191,49.73667],[2.84418,49.72564],[2.83929,49.72329],[2.84145,49.72145],[2.84477,49.71792],[2.84677,49.7192],[2.85499,49.72704],[2.88223,49.73295],[2.87893,49.73914],[2.88472,49.74349],[2.88173,49.74505],[2.87497,49.7411],[2.87457,49.74581],[2.86396,49.74464],[2.86418,49.74904],[2.85084,49.74798],[2.83852,49.74822]]]},"properties":{"code_territoire":"iris806690000","libelle_territoire":"Rethonvillers (commune non irisée)"}},
{"type":"Feature","geometry":{"type":"Polygon","coordinates":[[[2.10179,49.81996],[2.11571,49.82659],[2.12192,49.822],[2.13716,49.82636],[2.14662,49.83875],[2.14375,49.83996],[2.15586,49.84569],[2.15448,49.84818],[2.13563,49.85295],[2.1136,49.85844],[2.10678,49.85723],[2.10136,49.85011],[2.07496,49.84624],[2.07242,49.83766],[2.08088,49.83229],[2.09519,49.83059],[2.10179,49.81996]]]},"properties":{"code_territoire":"iris806700000","libelle_territoire":"Revelles (commune non irisée)"}},
{"type":"Feature","geometry":{"type":"Polygon","coordinates":[[[2.13792,50.12483],[2.1328,50.13091],[2.12083,50.13548],[2.11781,50.13097],[2.09685,50.12378],[2.09664,50.12027],[2.10482,50.11732],[2.10519,50.11285],[2.11511,50.1126],[2.10841,50.10443],[2.12029,50.10548],[2.12165,50.10309],[2.12956,50.10501],[2.12801,50.11555],[2.13452,50.11896],[2.13792,50.12483]]]},"properties":{"code_territoire":"iris806710000","libelle_territoire":"Ribeaucourt (commune non irisée)"}},
{"type":"Feature","geometry":{"type":"Polygon","coordinates":[[[2.57989,50.0962],[2.5796,50.0915],[2.5688,50.08316],[2.57809,50.07479],[2.5686,50.07458],[2.56767,50.05479],[2.57739,50.05705],[2.58484,50.06406],[2.59009,50.06076],[2.61525,50.07609],[2.61686,50.08451],[2.63588,50.1002],[2.63093,50.10537],[2.62573,50.09499],[2.61986,50.09625],[2.60378,50.09225],[2.58351,50.098],[2.57989,50.0962]]]},"properties":{"code_territoire":"iris804980000","libelle_territoire":"Mailly-Maillet (commune non irisée)"}},
{"type":"Feature","geometry":{"type":"Polygon","coordinates":[[[2.41062,49.74385],[2.42259,49.73622],[2.41355,49.73447],[2.40842,49.72921],[2.41555,49.73066],[2.41928,49.7278],[2.42948,49.73388],[2.43083,49.73018],[2.43688,49.73188],[2.43626,49.72753],[2.44256,49.72498],[2.44619,49.72383],[2.45127,49.72711],[2.45345,49.72456],[2.46849,49.73103],[2.47001,49.73507],[2.47585,49.7355],[2.47929,49.74057],[2.49389,49.74993],[2.48382,49.7533],[2.47565,49.75758],[2.46793,49.75454],[2.4616,49.75829],[2.4588,49.75618],[2.45042,49.75904],[2.44108,49.75488],[2.43565,49.75737],[2.42936,49.755],[2.41062,49.74385]]]},"properties":{"code_territoire":"iris804990000","libelle_territoire":"Mailly-Raineval (commune non irisée)"}},
{"type":"Feature","geometry":{"type":"Polygon","coordinates":[[[1.65013,50.03242],[1.64101,50.03404],[1.62719,50.02293],[1.61172,50.02416],[1.60806,50.02071],[1.60325,50.02089],[1.59717,50.02846],[1.58934,50.03188],[1.5858,50.02966],[1.58124,50.02272],[1.57209,50.02169],[1.57979,50.00475],[1.58688,50.00355],[1.59475,49.9939],[1.59881,49.99403],[1.60317,50.00114],[1.62912,49.99727],[1.63001,50.00001],[1.62336,50.00171],[1.62879,50.01257],[1.62676,50.01561],[1.64143,50.0208],[1.65179,50.02076],[1.65425,50.02323],[1.65013,50.03242]]]},"properties":{"code_territoire":"iris805000000","libelle_territoire":"Maisnières (commune non irisée)"}},
{"type":"Feature","geometry":{"type":"Polygon","coordinates":[[[2.08308,50.21696],[2.07923,50.22091],[2.07336,50.21956],[2.0763,50.2244],[2.07443,50.22715],[2.06863,50.22703],[2.06493,50.21862],[2.04642,50.21726],[2.04845,50.22233],[2.03463,50.2162],[2.02661,50.22284],[2.0218,50.21886],[2.02351,50.21464],[2.01834,50.2127],[2.01186,50.21419],[2.00897,50.20294],[2.03888,50.18837],[2.04397,50.19125],[2.04854,50.18862],[2.05367,50.19116],[2.05188,50.19296],[2.06086,50.20102],[2.05672,50.20415],[2.06294,50.20298],[2.06858,50.21293],[2.08308,50.21696]]]},"properties":{"code_territoire":"iris805010000","libelle_territoire":"Maison-Ponthieu (commune non irisée)"}},
{"type":"Feature","geometry":{"type":"Polygon","coordinates":[[[2.02999,50.14128],[2.00811,50.13417],[2.00465,50.13009],[2.00213,50.12613],[2.02638,50.12022],[2.03024,50.11661],[2.04178,50.11853],[2.04309,50.13307],[2.03933,50.13865],[2.03322,50.13671],[2.02999,50.14128]]]},"properties":{"code_territoire":"iris805020000","libelle_territoire":"Maison-Roland (commune non irisée)"}},
{"type":"Feature","geometry":{"type":"Polygon","coordinates":[[[2.55113,49.9507],[2.56161,49.953],[2.56109,49.95518],[2.57765,49.96047],[2.57691,49.96244],[2.58375,49.96025],[2.57869,49.98126],[2.57605,49.98569],[2.56576,49.98915],[2.56226,49.9881],[2.56052,49.97713],[2.55635,49.97646],[2.55327,49.98154],[2.53168,49.98984],[2.5287,49.98547],[2.53985,49.97942],[2.5288,49.97643],[2.53394,49.97268],[2.53264,49.96802],[2.55655,49.96196],[2.55113,49.9507]]]},"properties":{"code_territoire":"iris806720000","libelle_territoire":"Ribemont-sur-Ancre (commune non irisée)"}},
{"type":"Feature","geometry":{"type":"Polygon","coordinates":[[[2.05288,49.9162],[2.05495,49.93036],[2.05645,49.93713],[2.05111,49.93783],[2.04685,49.93499],[2.01234,49.93289],[2.01412,49.93102],[2.00452,49.92112],[2.0021,49.90943],[2.01817,49.90603],[2.03623,49.90591],[2.04817,49.90998],[2.05288,49.9162]]]},"properties":{"code_territoire":"iris806730000","libelle_territoire":"Riencourt (commune non irisée)"}},
{"type":"Feature","geometry":{"type":"Polygon","coordinates":[[[2.33994,49.92844],[2.33174,49.92327],[2.33506,49.91854],[2.3322,49.91296],[2.33345,49.91098],[2.3261,49.90899],[2.32084,49.90752],[2.32018,49.89935],[2.31228,49.89637],[2.33081,49.89118],[2.33992,49.90114],[2.34966,49.90124],[2.34955,49.90531],[2.35378,49.90452],[2.35648,49.91748],[2.36679,49.92041],[2.35441,49.92458],[2.33994,49.92844]]]},"properties":{"code_territoire":"iris806740000","libelle_territoire":"Rivery (commune non irisée)"}},
{"type":"Feature","geometry":{"type":"Polygon","coordinates":[[[2.18168,49.72747],[2.19171,49.71454],[2.19266,49.70866],[2.18737,49.70648],[2.19042,49.70379],[2.20362,49.69826],[2.21736,49.70252],[2.22962,49.70219],[2.2185,49.71699],[2.2192,49.72093],[2.21439,49.722],[2.21325,49.72695],[2.20519,49.72454],[2.19775,49.72841],[2.18991,49.72475],[2.18381,49.72893],[2.18168,49.72747]]]},"properties":{"code_territoire":"iris806750000","libelle_territoire":"Rogy (commune non irisée)"}},
{"type":"Feature","geometry":{"type":"Polygon","coordinates":[[[2.84564,49.67057],[2.86217,49.67957],[2.85688,49.68289],[2.83869,49.69024],[2.84189,49.69448],[2.83309,49.6956],[2.82533,49.69153],[2.81297,49.6931],[2.8111,49.69072],[2.80995,49.68853],[2.81899,49.68432],[2.81442,49.6809],[2.81714,49.67787],[2.83713,49.6702],[2.84195,49.67357],[2.84564,49.67057]]]},"properties":{"code_territoire":"iris806760000","libelle_territoire":"Roiglise (commune non irisée)"}},
{"type":"Feature","geometry":{"type":"Polygon","coordinates":[[[3.07989,49.91614],[3.0847,49.924],[3.09121,49.92635],[3.10038,49.92988],[3.09927,49.93463],[3.10506,49.94069],[3.12394,49.94719],[3.12215,49.95023],[3.12726,49.95445],[3.11807,49.96014],[3.11136,49.964],[3.10968,49.96148],[3.09993,49.96321],[3.098,49.96618],[3.09163,49.9642],[3.09001,49.9677],[3.08081,49.96484],[3.07814,49.96005],[3.08382,49.95694],[3.08739,49.93301],[3.07761,49.9295],[3.06857,49.9299],[3.06762,49.92624],[3.07173,49.92429],[3.06804,49.92287],[3.07151,49.92096],[3.06732,49.91924],[3.07295,49.91675],[3.07989,49.91614]]]},"properties":{"code_territoire":"iris806770000","libelle_territoire":"Roisel (commune non irisée)"}},
{"type":"Feature","geometry":{"type":"Polygon","coordinates":[[[2.62724,49.60997],[2.62291,49.60583],[2.63309,49.59881],[2.62583,49.59177],[2.62953,49.5885],[2.62597,49.58729],[2.6295,49.57954],[2.64973,49.57178],[2.67084,49.58147],[2.67326,49.58576],[2.66999,49.59163],[2.67371,49.59477],[2.66811,49.59906],[2.67421,49.60006],[2.67399,49.60241],[2.65794,49.60732],[2.65949,49.61192],[2.64937,49.61394],[2.63594,49.6124],[2.6308,49.61466],[2.62724,49.60997]]]},"properties":{"code_territoire":"iris806780000","libelle_territoire":"Rollot (commune non irisée)"}},
{"type":"Feature","geometry":{"type":"Polygon","coordinates":[[[3.17016,49.96785],[3.18309,49.97631],[3.19071,49.97609],[3.20277,49.98548],[3.19555,49.98535],[3.19721,49.98699],[3.19247,49.98888],[3.17522,49.98544],[3.17294,49.98991],[3.16668,49.98655],[3.16489,49.98927],[3.17019,49.99104],[3.16783,49.9951],[3.16472,49.99021],[3.1557,49.99163],[3.14916,49.99487],[3.13834,49.98591],[3.14294,49.98382],[3.13821,49.97907],[3.14564,49.97343],[3.14936,49.97498],[3.16238,49.96836],[3.17016,49.96785]]]},"properties":{"code_territoire":"iris806790000","libelle_territoire":"Ronssoy (commune non irisée)"}},
{"type":"Feature","geometry":{"type":"Polygon","coordinates":[[[2.11565,50.1824],[2.12256,50.18187],[2.13001,50.18883],[2.14321,50.18777],[2.14869,50.18993],[2.14904,50.19087],[2.14594,50.19912],[2.13033,50.20952],[2.12088,50.21091],[2.11902,50.20774],[2.11545,50.2086],[2.11456,50.20318],[2.10692,50.19069],[2.1148,50.18728],[2.11326,50.18218],[2.11565,50.1824]]]},"properties":{"code_territoire":"iris805030000","libelle_territoire":"Maizicourt (commune non irisée)"}},
{"type":"Feature","geometry":{"type":"Polygon","coordinates":[[[2.50955,49.68237],[2.5104,49.68822],[2.51509,49.69104],[2.50361,49.69953],[2.51163,49.70403],[2.49593,49.70546],[2.48442,49.70091],[2.48539,49.69764],[2.48101,49.69575],[2.48819,49.68293],[2.50955,49.68237]]]},"properties":{"code_territoire":"iris805040000","libelle_territoire":"Malpart (commune non irisée)"}},
{"type":"Feature","geometry":{"type":"Polygon","coordinates":[[[2.77503,49.99256],[2.7661,49.99384],[2.76145,49.99802],[2.76455,50.00533],[2.75881,50.02005],[2.75861,50.02387],[2.74793,50.02457],[2.74585,50.0174],[2.74485,50.01012],[2.73914,50.00999],[2.73777,50.0032],[2.72684,49.99847],[2.72347,49.9933],[2.72336,49.98751],[2.73043,49.98515],[2.73089,49.97986],[2.74554,49.9741],[2.74934,49.98076],[2.75704,49.97956],[2.76293,49.98171],[2.77503,49.99256]]]},"properties":{"code_territoire":"iris805050000","libelle_territoire":"Carnoy-Mametz (commune non irisée)"}},
{"type":"Feature","geometry":{"type":"Polygon","coordinates":[[[2.54515,49.85296],[2.56512,49.82771],[2.58288,49.82639],[2.5901,49.82634],[2.5943,49.83291],[2.59142,49.83592],[2.59642,49.83691],[2.59264,49.83777],[2.59495,49.84569],[2.59048,49.84614],[2.59327,49.85684],[2.58621,49.86116],[2.58013,49.86054],[2.57828,49.86588],[2.55247,49.86942],[2.54672,49.86932],[2.54823,49.86771],[2.54093,49.86463],[2.54091,49.8598],[2.54936,49.85824],[2.54472,49.85652],[2.54515,49.85296]]]},"properties":{"code_territoire":"iris805070000","libelle_territoire":"Marcelcave (commune non irisée)"}},
{"type":"Feature","geometry":{"type":"Polygon","coordinates":[[[2.85069,49.71529],[2.85526,49.71592],[2.85485,49.71868],[2.86752,49.71944],[2.86724,49.71641],[2.87287,49.71882],[2.87161,49.7246],[2.88349,49.73185],[2.88223,49.73295],[2.85499,49.72704],[2.84677,49.7192],[2.85069,49.71529]]]},"properties":{"code_territoire":"iris805080000","libelle_territoire":"Marché-Allouarde (commune non irisée)"}},
{"type":"Feature","geometry":{"type":"Polygon","coordinates":[[[2.84764,49.83437],[2.84904,49.82682],[2.85427,49.82325],[2.85168,49.82059],[2.87933,49.8235],[2.8951,49.83979],[2.90377,49.84189],[2.90125,49.84732],[2.89581,49.84516],[2.90131,49.86115],[2.89878,49.86338],[2.89554,49.85927],[2.88381,49.86053],[2.88873,49.85908],[2.88812,49.85617],[2.87517,49.84592],[2.87485,49.84156],[2.85456,49.84149],[2.84764,49.83437]]]},"properties":{"code_territoire":"iris805090000","libelle_territoire":"Marchélepot-Misery (commune non irisée)"}},
{"type":"Feature","geometry":{"type":"Polygon","coordinates":[[[2.5351,49.68737],[2.53346,49.69015],[2.51509,49.69104],[2.5104,49.68822],[2.50955,49.68237],[2.5151,49.67321],[2.52759,49.67598],[2.52847,49.67985],[2.53316,49.67965],[2.5351,49.68737]]]},"properties":{"code_territoire":"iris805110000","libelle_territoire":"Marestmontiers (commune non irisée)"}},
{"type":"Feature","geometry":{"type":"Polygon","coordinates":[[[2.67552,49.80751],[2.6917,49.80632],[2.71367,49.79727],[2.72373,49.80421],[2.72013,49.80584],[2.73628,49.81539],[2.73956,49.81765],[2.73242,49.82373],[2.73681,49.82467],[2.73618,49.8289],[2.71984,49.83253],[2.71201,49.83556],[2.71082,49.82992],[2.6902,49.83357],[2.68886,49.82956],[2.68277,49.83116],[2.68115,49.82544],[2.67208,49.82879],[2.66394,49.82187],[2.67605,49.81752],[2.67247,49.8165],[2.67493,49.81221],[2.67187,49.8077],[2.67552,49.80751]]]},"properties":{"code_territoire":"iris806800000","libelle_territoire":"Rosières-en-Santerre (commune non irisée)"}},
{"type":"Feature","geometry":{"type":"Polygon","coordinates":[[[2.39339,49.76643],[2.39217,49.76113],[2.40145,49.76279],[2.40187,49.7582],[2.40547,49.75849],[2.40379,49.75493],[2.41225,49.75322],[2.42936,49.755],[2.43565,49.75737],[2.43239,49.76635],[2.43945,49.76984],[2.43647,49.77604],[2.42646,49.77764],[2.42556,49.7828],[2.42123,49.78627],[2.41699,49.77944],[2.41037,49.78156],[2.40461,49.77981],[2.39908,49.76744],[2.39339,49.76643]]]},"properties":{"code_territoire":"iris806810000","libelle_territoire":"Rouvrel (commune non irisée)"}},
{"type":"Feature","geometry":{"type":"Polygon","coordinates":[[[2.7299,49.76139],[2.73515,49.76347],[2.72729,49.76981],[2.73376,49.76919],[2.72689,49.78166],[2.72366,49.78072],[2.72121,49.78429],[2.7183,49.78093],[2.71221,49.78506],[2.70076,49.78033],[2.70585,49.77692],[2.69854,49.77503],[2.6967,49.76969],[2.68788,49.76438],[2.68687,49.76164],[2.69357,49.76029],[2.6904,49.75932],[2.69997,49.75314],[2.70934,49.75501],[2.71329,49.75332],[2.7299,49.76139]]]},"properties":{"code_territoire":"iris806820000","libelle_territoire":"Rouvroy-en-Santerre (commune non irisée)"}},
{"type":"Feature","geometry":{"type":"Polygon","coordinates":[[[2.93848,49.77108],[2.94956,49.77529],[2.96,49.77328],[2.96581,49.7768],[2.97027,49.77925],[2.96894,49.78359],[2.96667,49.78799],[2.95398,49.78619],[2.94985,49.78943],[2.94206,49.7889],[2.92924,49.77346],[2.9311,49.77052],[2.93848,49.77108]]]},"properties":{"code_territoire":"iris806830000","libelle_territoire":"Rouy-le-Grand (commune non irisée)"}},
{"type":"Feature","geometry":{"type":"Polygon","coordinates":[[[2.96884,49.75593],[2.96346,49.77279],[2.96581,49.7768],[2.96,49.77328],[2.94956,49.77529],[2.93848,49.77108],[2.94009,49.76294],[2.94428,49.7615],[2.94461,49.75581],[2.95028,49.75416],[2.96493,49.75948],[2.96884,49.75593]]]},"properties":{"code_territoire":"iris806840000","libelle_territoire":"Rouy-le-Petit (commune non irisée)"}},
{"type":"Feature","geometry":{"type":"Polygon","coordinates":[[[2.79243,49.71964],[2.78987,49.71733],[2.77733,49.72015],[2.76932,49.70737],[2.7561,49.71238],[2.75565,49.69719],[2.77676,49.69715],[2.77667,49.6876],[2.77176,49.68621],[2.77122,49.68234],[2.77286,49.67926],[2.78325,49.67702],[2.78392,49.66574],[2.78861,49.66536],[2.78879,49.6617],[2.79488,49.66453],[2.81714,49.67787],[2.81442,49.6809],[2.81899,49.68432],[2.80995,49.68853],[2.8111,49.69072],[2.80674,49.69247],[2.81,49.69624],[2.80158,49.70501],[2.80395,49.7167],[2.79243,49.71964]]]},"properties":{"code_territoire":"iris806850000","libelle_territoire":"Roye (commune non irisée)"}},
{"type":"Feature","geometry":{"type":"Polygon","coordinates":[[[2.39819,50.01459],[2.40425,50.01424],[2.41004,50.01899],[2.41142,50.02507],[2.39364,50.02947],[2.38708,50.03505],[2.37177,50.02895],[2.36481,50.03508],[2.361,50.03439],[2.35292,50.02172],[2.34701,50.02218],[2.34686,50.01882],[2.33935,50.01863],[2.34034,50.00626],[2.34843,50.00526],[2.35615,50.00009],[2.35579,50.00228],[2.3705,50.00623],[2.37058,50.01455],[2.37574,50.01838],[2.39176,50.01234],[2.39819,50.01459]]]},"properties":{"code_territoire":"iris806860000","libelle_territoire":"Rubempré (commune non irisée)"}},
{"type":"Feature","geometry":{"type":"Polygon","coordinates":[[[2.59319,49.61177],[2.58673,49.6124],[2.58141,49.62122],[2.5721,49.61944],[2.5767,49.62546],[2.57337,49.62515],[2.5665,49.61893],[2.56559,49.61197],[2.56059,49.61057],[2.55911,49.60541],[2.5679,49.60333],[2.57103,49.59667],[2.57556,49.59931],[2.57794,49.59626],[2.5836,49.60115],[2.58188,49.60325],[2.58713,49.60444],[2.58246,49.60746],[2.59551,49.60873],[2.59319,49.61177]]]},"properties":{"code_territoire":"iris806870000","libelle_territoire":"Rubescourt (commune non irisée)"}},
{"type":"Feature","geometry":{"type":"Polygon","coordinates":[[[1.71605,50.2576],[1.71293,50.26456],[1.72236,50.26929],[1.71668,50.27105],[1.70294,50.26588],[1.69586,50.28232],[1.69458,50.29118],[1.68626,50.29065],[1.6863,50.30119],[1.67887,50.30552],[1.66636,50.31016],[1.65035,50.31159],[1.64561,50.30585],[1.63294,50.30295],[1.63209,50.29711],[1.62343,50.29227],[1.62286,50.28483],[1.61704,50.28491],[1.62706,50.28141],[1.62283,50.27692],[1.62705,50.28002],[1.63107,50.27868],[1.62994,50.27443],[1.6349,50.27226],[1.63765,50.26428],[1.64141,50.26417],[1.63824,50.26072],[1.64312,50.25912],[1.63962,50.25661],[1.64295,50.24953],[1.65,50.24768],[1.66013,50.25288],[1.68269,50.25207],[1.69003,50.2547],[1.6968,50.25184],[1.70146,50.25141],[1.70703,50.25956],[1.71605,50.2576]]]},"properties":{"code_territoire":"iris806880000","libelle_territoire":"Rue (commune non irisée)"}},
{"type":"Feature","geometry":{"type":"Polygon","coordinates":[[[1.83006,50.05272],[1.84326,50.06144],[1.85261,50.0601],[1.85153,50.06388],[1.86647,50.06173],[1.86661,50.06227],[1.85707,50.0682],[1.85295,50.06635],[1.84112,50.07391],[1.83971,50.07807],[1.83629,50.07711],[1.8305,50.08324],[1.82082,50.08646],[1.80551,50.09152],[1.80419,50.08876],[1.80463,50.0784],[1.7963,50.07222],[1.81347,50.07042],[1.80868,50.0683],[1.81047,50.06035],[1.82074,50.05642],[1.82491,50.05836],[1.83006,50.05272]]]},"properties":{"code_territoire":"iris805120000","libelle_territoire":"Mareuil-Caubert (commune non irisée)"}},
{"type":"Feature","geometry":{"type":"Polygon","coordinates":[[[2.76293,49.98171],[2.76831,49.96786],[2.7754,49.96582],[2.7779,49.96825],[2.78922,49.96864],[2.80284,49.9683],[2.8072,49.976],[2.80396,49.98212],[2.79995,49.98507],[2.79883,49.995],[2.79532,49.99519],[2.78328,49.9968],[2.77503,49.99256],[2.76293,49.98171]]]},"properties":{"code_territoire":"iris805130000","libelle_territoire":"Maricourt (commune non irisée)"}},
{"type":"Feature","geometry":{"type":"Polygon","coordinates":[[[2.44617,50.11753],[2.43011,50.08841],[2.42893,50.08637],[2.44906,50.08936],[2.45317,50.0936],[2.46106,50.10407],[2.45707,50.11463],[2.44617,50.11753]]]},"properties":{"code_territoire":"iris805140000","libelle_territoire":"Marieux (commune non irisée)"}},
{"type":"Feature","geometry":{"type":"Polygon","coordinates":[[[1.83725,49.75037],[1.85378,49.74903],[1.85744,49.75535],[1.86521,49.75777],[1.88113,49.75466],[1.87274,49.7602],[1.86961,49.7641],[1.86199,49.76304],[1.85961,49.76879],[1.83895,49.76361],[1.83328,49.76945],[1.82918,49.76591],[1.83722,49.75742],[1.83725,49.75037]]]},"properties":{"code_territoire":"iris805150000","libelle_territoire":"Marlers (commune non irisée)"}},
{"type":"Feature","geometry":{"type":"Polygon","coordinates":[[[3.06518,49.96279],[3.06305,49.93998],[3.06417,49.93075],[3.06857,49.9299],[3.07761,49.9295],[3.08739,49.93301],[3.08382,49.95694],[3.07814,49.96005],[3.08081,49.96484],[3.07845,49.96601],[3.07145,49.96761],[3.07051,49.96224],[3.06518,49.96279]]]},"properties":{"code_territoire":"iris805160000","libelle_territoire":"Marquaix (commune non irisée)"}},
{"type":"Feature","geometry":{"type":"Polygon","coordinates":[[[2.70595,49.68298],[2.69578,49.68481],[2.69624,49.69061],[2.69039,49.69097],[2.69734,49.69894],[2.69011,49.69991],[2.68708,49.69957],[2.6872,49.6933],[2.67201,49.68736],[2.67549,49.68443],[2.67023,49.68179],[2.67036,49.67972],[2.68253,49.67469],[2.68016,49.67159],[2.68915,49.662],[2.70842,49.66947],[2.70309,49.67216],[2.70595,49.68298]]]},"properties":{"code_territoire":"iris805170000","libelle_territoire":"Marquivillers (commune non irisée)"}},
{"type":"Feature","geometry":{"type":"Polygon","coordinates":[[[2.28427,49.78613],[2.30056,49.80238],[2.30582,49.8187],[2.29976,49.82248],[2.2925,49.82223],[2.28383,49.81649],[2.27574,49.82019],[2.26315,49.8115],[2.26778,49.8041],[2.2649,49.80146],[2.25919,49.80285],[2.26069,49.8001],[2.26971,49.79891],[2.26993,49.78995],[2.27995,49.78584],[2.28427,49.78613]]]},"properties":{"code_territoire":"iris806900000","libelle_territoire":"Rumigny (commune non irisée)"}},
{"type":"Feature","geometry":{"type":"Polygon","coordinates":[[[1.71987,50.15759],[1.7159,50.15873],[1.7184,50.16137],[1.7119,50.16304],[1.70449,50.15397],[1.69292,50.14944],[1.70115,50.1429],[1.69165,50.13772],[1.68401,50.12811],[1.68605,50.12536],[1.67662,50.11947],[1.67986,50.11718],[1.68865,50.12273],[1.69367,50.11884],[1.69519,50.121],[1.70113,50.11964],[1.71063,50.12857],[1.71635,50.12665],[1.71997,50.13118],[1.73503,50.1291],[1.74486,50.13722],[1.75251,50.13323],[1.75289,50.13361],[1.75567,50.13858],[1.76187,50.13904],[1.75102,50.14593],[1.71987,50.15759]]]},"properties":{"code_territoire":"iris806910000","libelle_territoire":"Saigneville (commune non irisée)"}},
{"type":"Feature","geometry":{"type":"Polygon","coordinates":[[[1.73706,50.17143],[1.76813,50.16306],[1.78232,50.16709],[1.78806,50.15993],[1.79289,50.16253],[1.79562,50.16485],[1.79054,50.17274],[1.79953,50.17364],[1.8002,50.17577],[1.78352,50.18289],[1.78821,50.19392],[1.77622,50.19467],[1.77577,50.19947],[1.7688,50.20027],[1.7682,50.19834],[1.75907,50.2015],[1.75437,50.18534],[1.74916,50.18513],[1.74578,50.17747],[1.73706,50.17143]]]},"properties":{"code_territoire":"iris806920000","libelle_territoire":"Sailly-Flibeaucourt (commune non irisée)"}},
{"type":"Feature","geometry":{"type":"Polygon","coordinates":[[[2.61732,49.93703],[2.61254,49.93677],[2.6133,49.92991],[2.59947,49.92376],[2.59988,49.9177],[2.59615,49.91394],[2.59173,49.91498],[2.59035,49.90967],[2.60367,49.90646],[2.60426,49.90372],[2.61216,49.90497],[2.60977,49.90935],[2.6167,49.91299],[2.63381,49.91475],[2.63179,49.91775],[2.63718,49.92066],[2.63998,49.92824],[2.63038,49.93568],[2.61788,49.93469],[2.61732,49.93703]]]},"properties":{"code_territoire":"iris806930000","libelle_territoire":"Sailly-Laurette (commune non irisée)"}},
{"type":"Feature","geometry":{"type":"Polygon","coordinates":[[[2.59216,49.94085],[2.5881,49.94075],[2.58485,49.93743],[2.57894,49.93732],[2.56902,49.93478],[2.57529,49.93153],[2.5729,49.92365],[2.56207,49.91911],[2.56509,49.91782],[2.56861,49.91937],[2.57615,49.91725],[2.59035,49.90967],[2.59173,49.91498],[2.59615,49.91394],[2.59988,49.9177],[2.59947,49.92376],[2.6133,49.92991],[2.61254,49.93677],[2.59216,49.94085]]]},"properties":{"code_territoire":"iris806940000","libelle_territoire":"Sailly-le-Sec (commune non irisée)"}},
{"type":"Feature","geometry":{"type":"Polygon","coordinates":[[[2.93467,50.04539],[2.93293,50.0433],[2.92366,50.04437],[2.92498,50.04748],[2.92026,50.04908],[2.91708,50.0349],[2.9132,50.0383],[2.89692,50.03747],[2.87937,50.03045],[2.87564,50.02698],[2.87862,50.02452],[2.88435,50.0204],[2.89159,50.02226],[2.89588,50.01953],[2.89698,50.02137],[2.90257,50.02013],[2.90701,50.01453],[2.9139,50.01168],[2.91918,50.0163],[2.9221,50.01447],[2.92623,50.01652],[2.92587,50.01956],[2.93207,50.01837],[2.93243,50.02511],[2.93732,50.02616],[2.94238,50.03335],[2.93467,50.04539]]]},"properties":{"code_territoire":"iris806950000","libelle_territoire":"Sailly-Saillisel (commune non irisée)"}},
{"type":"Feature","geometry":{"type":"Polygon","coordinates":[[[2.29976,49.82248],[2.30582,49.8187],[2.30056,49.80238],[2.32149,49.79958],[2.32496,49.7943],[2.33286,49.80007],[2.34186,49.8018],[2.34125,49.80868],[2.35075,49.80759],[2.35047,49.81056],[2.34322,49.81851],[2.34621,49.82119],[2.33876,49.82571],[2.34379,49.8294],[2.34021,49.83202],[2.33578,49.83108],[2.32703,49.82818],[2.30936,49.83025],[2.29976,49.82248]]]},"properties":{"code_territoire":"iris806960000","libelle_territoire":"Sains-en-Amiénois (commune non irisée)"}},
{"type":"Feature","geometry":{"type":"Polygon","coordinates":[[[2.15272,50.17308],[2.17183,50.18601],[2.17268,50.19151],[2.16774,50.19262],[2.17733,50.20781],[2.17382,50.20919],[2.15984,50.19489],[2.15445,50.19277],[2.15167,50.19434],[2.14904,50.19087],[2.14869,50.18993],[2.15615,50.18161],[2.15152,50.17943],[2.14941,50.17265],[2.15272,50.17308]]]},"properties":{"code_territoire":"iris806970000","libelle_territoire":"Saint-Acheul (commune non irisée)"}},
{"type":"Feature","geometry":{"type":"Polygon","coordinates":[[[2.02977,49.83406],[2.02884,49.84477],[2.0223,49.84735],[2.02407,49.855],[2.01869,49.85353],[2.01996,49.85954],[2.01055,49.85907],[2.0059,49.8561],[2.00082,49.85742],[1.99622,49.85197],[1.98716,49.85615],[1.98258,49.84582],[1.96296,49.83564],[1.97453,49.83803],[1.9805,49.8284],[1.99515,49.82843],[2.00348,49.83485],[2.00761,49.83213],[2.00586,49.82495],[2.01023,49.82562],[2.02471,49.83492],[2.02977,49.83406]]]},"properties":{"code_territoire":"iris806980000","libelle_territoire":"Saint-Aubin-Montenoy (commune non irisée)"}},
{"type":"Feature","geometry":{"type":"Polygon","coordinates":[[[1.71334,49.97757],[1.72195,49.99031],[1.71406,49.99688],[1.72175,49.99991],[1.72142,50.00542],[1.71645,50.00582],[1.72943,50.01371],[1.72452,50.01992],[1.71489,50.0169],[1.70373,50.01124],[1.68477,50.00101],[1.69243,49.99595],[1.68767,49.99407],[1.68586,49.98673],[1.68937,49.98516],[1.69395,49.983],[1.70034,49.98732],[1.70847,49.98395],[1.70368,49.9805],[1.71334,49.97757]]]},"properties":{"code_territoire":"iris805180000","libelle_territoire":"Martainneville (commune non irisée)"}},
{"type":"Feature","geometry":{"type":"Polygon","coordinates":[[[3.02507,49.78796],[3.02958,49.79108],[3.03525,49.79812],[3.03475,49.80723],[3.0245,49.81238],[3.02015,49.80783],[3.0027,49.80506],[2.99967,49.79953],[2.99532,49.80055],[2.99175,49.79291],[2.98599,49.79142],[2.98739,49.78828],[2.98893,49.78422],[2.99367,49.78498],[2.99601,49.78207],[3.00067,49.78547],[3.01758,49.78377],[3.02507,49.78796]]]},"properties":{"code_territoire":"iris805190000","libelle_territoire":"Matigny (commune non irisée)"}},
{"type":"Feature","geometry":{"type":"Polygon","coordinates":[[[2.76367,49.78105],[2.75708,49.80552],[2.76018,49.80917],[2.75221,49.81052],[2.75127,49.80762],[2.7446,49.80452],[2.74826,49.7942],[2.74275,49.79305],[2.74617,49.78742],[2.73839,49.78535],[2.74067,49.78278],[2.7358,49.78119],[2.73828,49.77904],[2.75511,49.78034],[2.75372,49.77792],[2.76367,49.78105]]]},"properties":{"code_territoire":"iris805200000","libelle_territoire":"Maucourt (commune non irisée)"}},
{"type":"Feature","geometry":{"type":"Polygon","coordinates":[[[2.85535,49.96448],[2.87174,49.97436],[2.87178,49.98726],[2.87891,49.99062],[2.88417,49.98886],[2.89101,49.99415],[2.89105,49.99474],[2.8851,49.99178],[2.86471,50.00073],[2.85962,49.99862],[2.85944,50.00215],[2.84351,50.00228],[2.83787,49.99745],[2.8318,49.99891],[2.83124,49.99643],[2.82522,49.98094],[2.83481,49.97861],[2.83622,49.98077],[2.83799,49.96777],[2.84827,49.96897],[2.85084,49.96489],[2.85535,49.96448]]]},"properties":{"code_territoire":"iris805210000","libelle_territoire":"Maurepas (commune non irisée)"}},
{"type":"Feature","geometry":{"type":"Polygon","coordinates":[[[1.76318,49.86012],[1.77484,49.87511],[1.78627,49.87813],[1.76298,49.88498],[1.74755,49.87011],[1.75392,49.86386],[1.75082,49.86017],[1.75539,49.85603],[1.76318,49.86012]]]},"properties":{"code_territoire":"iris805220000","libelle_territoire":"Le Mazis (commune non irisée)"}},
{"type":"Feature","geometry":{"type":"Polygon","coordinates":[[[2.63651,49.97096],[2.639,49.96662],[2.64191,49.96711],[2.63897,49.9651],[2.64199,49.96183],[2.64486,49.96641],[2.6478,49.96389],[2.65418,49.96534],[2.65784,49.96163],[2.67856,49.95892],[2.68851,49.96101],[2.69479,49.9673],[2.69133,49.9702],[2.69972,49.9729],[2.6989,49.97549],[2.69515,49.97495],[2.69189,49.98156],[2.67832,49.98598],[2.67363,49.99369],[2.66896,49.99513],[2.6572,49.99332],[2.64726,49.98287],[2.64826,49.97603],[2.63651,49.97096]]]},"properties":{"code_territoire":"iris805230000","libelle_territoire":"Méaulte (commune non irisée)"}},
{"type":"Feature","geometry":{"type":"Polygon","coordinates":[[[1.78967,49.87358],[1.78446,49.87523],[1.78627,49.87813],[1.77484,49.87511],[1.76318,49.86012],[1.76998,49.85521],[1.77699,49.85662],[1.78058,49.85674],[1.79597,49.86952],[1.78967,49.87358]]]},"properties":{"code_territoire":"iris806990000","libelle_territoire":"Saint-Aubin-Rivière (commune non irisée)"}},
{"type":"Feature","geometry":{"type":"Polygon","coordinates":[[[1.54077,50.12624],[1.5449,50.12383],[1.55917,50.12497],[1.56144,50.11657],[1.55153,50.1065],[1.55532,50.10318],[1.56657,50.10058],[1.58307,50.11614],[1.58357,50.12349],[1.58004,50.12976],[1.56766,50.13472],[1.56159,50.13472],[1.55641,50.14048],[1.55213,50.13368],[1.54121,50.12768],[1.54077,50.12624]]]},"properties":{"code_territoire":"iris807000000","libelle_territoire":"Saint-Blimont (commune non irisée)"}},
{"type":"Feature","geometry":{"type":"Polygon","coordinates":[[[2.92901,49.83219],[2.92936,49.83215],[2.92893,49.84],[2.93283,49.84042],[2.93238,49.84407],[2.94733,49.84784],[2.94865,49.85582],[2.95489,49.85764],[2.95472,49.8631],[2.94685,49.86506],[2.95073,49.86826],[2.94429,49.86459],[2.92272,49.8622],[2.9206,49.8654],[2.90131,49.86115],[2.89581,49.84516],[2.90125,49.84732],[2.90377,49.84189],[2.90386,49.84188],[2.92612,49.84812],[2.92901,49.83219]]]},"properties":{"code_territoire":"iris807010000","libelle_territoire":"Saint-Christ-Briost (commune non irisée)"}},
{"type":"Feature","geometry":{"type":"Polygon","coordinates":[[[2.3199,49.84684],[2.3125,49.85137],[2.3162,49.85318],[2.31204,49.85312],[2.31574,49.85934],[2.31372,49.86521],[2.30834,49.86655],[2.31029,49.85972],[2.30437,49.85942],[2.30462,49.85172],[2.27597,49.83669],[2.27501,49.8275],[2.27574,49.82019],[2.28383,49.81649],[2.2925,49.82223],[2.29976,49.82248],[2.30936,49.83025],[2.32703,49.82818],[2.33578,49.83108],[2.33536,49.83544],[2.32503,49.83849],[2.3199,49.84684]]]},"properties":{"code_territoire":"iris807020000","libelle_territoire":"Saint-Fuscien (commune non irisée)"}},
{"type":"Feature","geometry":{"type":"Polygon","coordinates":[[[1.72593,49.83982],[1.72531,49.83246],[1.73406,49.81241],[1.74463,49.80344],[1.75214,49.80595],[1.76015,49.80825],[1.7611,49.81329],[1.75437,49.81718],[1.7627,49.83261],[1.76173,49.84112],[1.76504,49.84339],[1.76209,49.84697],[1.7574,49.84583],[1.75992,49.84307],[1.7552,49.84511],[1.7349,49.83979],[1.73403,49.84345],[1.72593,49.83982]]]},"properties":{"code_territoire":"iris807030000","libelle_territoire":"Saint-Germain-sur-Bresle (commune non irisée)"}},
{"type":"Feature","geometry":{"type":"Polygon","coordinates":[[[2.38418,49.96514],[2.38652,49.95598],[2.38981,49.95202],[2.40798,49.94913],[2.41019,49.9545],[2.41279,49.95296],[2.41724,49.95739],[2.42056,49.95508],[2.42279,49.95651],[2.41621,49.96305],[2.42397,49.97764],[2.40837,49.98067],[2.40233,49.97642],[2.38597,49.97507],[2.38097,49.97169],[2.38418,49.96514]]]},"properties":{"code_territoire":"iris807040000","libelle_territoire":"Saint-Gratien (commune non irisée)"}},
{"type":"Feature","geometry":{"type":"Polygon","coordinates":[[[2.52454,50.11063],[2.53229,50.11516],[2.51919,50.12886],[2.51519,50.14096],[2.49123,50.13784],[2.49193,50.13453],[2.49973,50.13481],[2.50224,50.12456],[2.5078,50.11934],[2.52454,50.11063]]]},"properties":{"code_territoire":"iris807050000","libelle_territoire":"Saint-Léger-lès-Authie (commune non irisée)"}},
{"type":"Feature","geometry":{"type":"Polygon","coordinates":[[[2.10724,50.05319],[2.11538,50.04387],[2.11781,50.04205],[2.13657,50.04541],[2.151,50.04817],[2.15006,50.05152],[2.16704,50.05706],[2.17623,50.07446],[2.1715,50.0755],[2.16403,50.07201],[2.16097,50.06507],[2.15077,50.06072],[2.14501,50.05886],[2.14141,50.06157],[2.13601,50.05823],[2.12907,50.06475],[2.11299,50.05463],[2.10644,50.05414],[2.10724,50.05319]]]},"properties":{"code_territoire":"iris807060000","libelle_territoire":"Saint-Léger-lès-Domart (commune non irisée)"}},
{"type":"Feature","geometry":{"type":"Polygon","coordinates":[[[1.71851,49.86578],[1.73082,49.87097],[1.72581,49.87674],[1.71151,49.87398],[1.7149,49.86605],[1.71851,49.86578]]]},"properties":{"code_territoire":"iris807070000","libelle_territoire":"Saint-Léger-sur-Bresle (commune non irisée)"}},
{"type":"Feature","geometry":{"type":"Polygon","coordinates":[[[2.74187,49.68539],[2.7411,49.68022],[2.75926,49.6805],[2.77063,49.68551],[2.77122,49.68234],[2.77176,49.68621],[2.77667,49.6876],[2.77676,49.69715],[2.75565,49.69719],[2.74038,49.69541],[2.74187,49.68539]]]},"properties":{"code_territoire":"iris807080000","libelle_territoire":"Saint-Mard (commune non irisée)"}},
{"type":"Feature","geometry":{"type":"Polygon","coordinates":[[[1.84887,49.89418],[1.85211,49.90034],[1.84205,49.90674],[1.84366,49.91091],[1.83038,49.91639],[1.82321,49.91145],[1.81374,49.91725],[1.81262,49.91275],[1.80745,49.91178],[1.8146,49.90604],[1.80683,49.90043],[1.80962,49.8987],[1.80291,49.89761],[1.80935,49.89439],[1.80518,49.89219],[1.81143,49.88697],[1.81249,49.88739],[1.8248,49.89575],[1.82741,49.89383],[1.83436,49.89582],[1.84887,49.89418]]]},"properties":{"code_territoire":"iris807090000","libelle_territoire":"Saint-Maulvis (commune non irisée)"}},
{"type":"Feature","geometry":{"type":"Polygon","coordinates":[[[1.74814,49.99346],[1.74648,50.00159],[1.75032,50.00478],[1.74521,50.00933],[1.74024,50.01666],[1.73582,50.01694],[1.72943,50.01371],[1.71645,50.00582],[1.72142,50.00542],[1.72175,49.99991],[1.71406,49.99688],[1.72195,49.99031],[1.71334,49.97757],[1.71828,49.97641],[1.74083,49.99056],[1.74814,49.99346]]]},"properties":{"code_territoire":"iris807100000","libelle_territoire":"Saint-Maxent (commune non irisée)"}},
{"type":"Feature","geometry":{"type":"Polygon","coordinates":[[[2.10065,50.02704],[2.11655,50.03944],[2.1348,50.02153],[2.15646,50.02961],[2.14325,50.03999],[2.13579,50.03947],[2.13657,50.04541],[2.11781,50.04205],[2.11538,50.04387],[2.1164,50.04145],[2.10946,50.03919],[2.09985,50.02825],[2.10065,50.02704]]]},"properties":{"code_territoire":"iris807110000","libelle_territoire":"Saint-Ouen (commune non irisée)"}},
{"type":"Feature","geometry":{"type":"Polygon","coordinates":[[[1.61704,50.28491],[1.61042,50.28157],[1.60484,50.28327],[1.59674,50.29621],[1.5975,50.3042],[1.54218,50.30514],[1.53789,50.28311],[1.54168,50.25961],[1.54918,50.25633],[1.54553,50.25802],[1.54255,50.26103],[1.54046,50.2704],[1.54312,50.26061],[1.54605,50.25789],[1.54964,50.2569],[1.55631,50.2576],[1.54638,50.26026],[1.54553,50.26689],[1.54945,50.26023],[1.56089,50.25634],[1.58542,50.25511],[1.59478,50.25777],[1.61269,50.25781],[1.61369,50.26377],[1.62087,50.26317],[1.61748,50.26995],[1.6241,50.27128],[1.62283,50.27692],[1.62706,50.28141],[1.61704,50.28491]]]},"properties":{"code_territoire":"iris807130000","libelle_territoire":"Saint-Quentin-en-Tourmont (commune non irisée)"}},
{"type":"Feature","geometry":{"type":"Polygon","coordinates":[[[1.49015,50.06877],[1.4818,50.07314],[1.47907,50.07538],[1.47162,50.07383],[1.45955,50.08101],[1.4508,50.07858],[1.44358,50.08435],[1.4321,50.07971],[1.42104,50.0889],[1.41756,50.08754],[1.41893,50.08104],[1.42601,50.07759],[1.41447,50.07092],[1.42189,50.06945],[1.43181,50.0722],[1.43162,50.07023],[1.4496,50.07006],[1.45332,50.06452],[1.45917,50.06274],[1.47525,50.06372],[1.49015,50.06877]]]},"properties":{"code_territoire":"iris807140000","libelle_territoire":"Saint-Quentin-la-Motte-Croix-au-Bailly (commune non irisée)"}},
{"type":"Feature","geometry":{"type":"Polygon","coordinates":[[[1.91131,50.10748],[1.92254,50.1067],[1.92807,50.113],[1.9305,50.10983],[1.93322,50.1123],[1.94131,50.11176],[1.95853,50.1077],[1.96516,50.12254],[1.97662,50.12576],[1.96734,50.13051],[1.97056,50.13712],[1.95808,50.14491],[1.94631,50.1582],[1.93576,50.15281],[1.93092,50.14759],[1.93357,50.14492],[1.92665,50.13518],[1.92829,50.13241],[1.9204,50.1306],[1.92093,50.12351],[1.90836,50.12128],[1.91007,50.10833],[1.91131,50.10748]]]},"properties":{"code_territoire":"iris807160000","libelle_territoire":"Saint-Riquier (commune non irisée)"}},
{"type":"Feature","geometry":{"type":"Polygon","coordinates":[[[2.23413,49.77575],[2.23853,49.76979],[2.2515,49.77421],[2.25844,49.77473],[2.26308,49.77173],[2.27995,49.78584],[2.26993,49.78995],[2.26971,49.79891],[2.26069,49.8001],[2.2563,49.79763],[2.25092,49.80032],[2.24545,49.79989],[2.24361,49.80408],[2.23806,49.79084],[2.23227,49.79248],[2.23413,49.77575]]]},"properties":{"code_territoire":"iris807170000","libelle_territoire":"Saint-Sauflieu (commune non irisée)"}},
{"type":"Feature","geometry":{"type":"Polygon","coordinates":[[[2.21651,49.92683],[2.222,49.92531],[2.21371,49.93426],[2.21959,49.93317],[2.22608,49.94429],[2.24,49.95304],[2.23613,49.95744],[2.2258,49.95848],[2.2274,49.96465],[2.22348,49.96637],[2.20074,49.96273],[2.20022,49.9605],[2.20197,49.95585],[2.19547,49.95532],[2.19349,49.9514],[2.19007,49.95256],[2.18338,49.9419],[2.21651,49.92683]]]},"properties":{"code_territoire":"iris807180000","libelle_territoire":"Saint-Sauveur (commune non irisée)"}},
{"type":"Feature","geometry":{"type":"Polygon","coordinates":[[[1.90505,49.76143],[1.90709,49.7537],[1.91445,49.75029],[1.92338,49.75177],[1.92225,49.76265],[1.91978,49.76813],[1.91098,49.77323],[1.91175,49.77008],[1.90421,49.76679],[1.90505,49.76143]]]},"properties":{"code_territoire":"iris807190000","libelle_territoire":"Sainte-Segrée (commune non irisée)"}},
{"type":"Feature","geometry":{"type":"Polygon","coordinates":[[[1.64498,50.17053],[1.64995,50.17642],[1.65774,50.17528],[1.66524,50.17772],[1.64579,50.18291],[1.64356,50.18624],[1.6467,50.17692],[1.64328,50.18561],[1.62708,50.19031],[1.61277,50.19188],[1.61237,50.19134],[1.59311,50.18432],[1.59138,50.18581],[1.5941,50.18341],[1.59959,50.17956],[1.60203,50.17914],[1.5932,50.17076],[1.60958,50.1647],[1.61048,50.15747],[1.63928,50.16532],[1.64498,50.17053]]]},"properties":{"code_territoire":"iris807210000","libelle_territoire":"Saint-Valery-sur-Somme (commune non irisée)"}},
{"type":"Feature","geometry":{"type":"Polygon","coordinates":[[[2.7358,49.78119],[2.74067,49.78278],[2.73839,49.78535],[2.74617,49.78742],[2.74275,49.79305],[2.74826,49.7942],[2.7446,49.80452],[2.75127,49.80762],[2.73628,49.81539],[2.72013,49.80584],[2.72373,49.80421],[2.71367,49.79727],[2.70821,49.7881],[2.71221,49.78506],[2.7183,49.78093],[2.72121,49.78429],[2.72366,49.78072],[2.72689,49.78166],[2.7358,49.78119]]]},"properties":{"code_territoire":"iris805240000","libelle_territoire":"Méharicourt (commune non irisée)"}},
{"type":"Feature","geometry":{"type":"Polygon","coordinates":[[[1.91052,49.77505],[1.90316,49.77242],[1.9003,49.77495],[1.88646,49.77548],[1.87181,49.77176],[1.87554,49.76119],[1.87274,49.7602],[1.88113,49.75466],[1.89246,49.76091],[1.90505,49.76143],[1.90421,49.76679],[1.91175,49.77008],[1.91098,49.77323],[1.91052,49.77505]]]},"properties":{"code_territoire":"iris805250000","libelle_territoire":"Meigneux (commune non irisée)"}},
{"type":"Feature","geometry":{"type":"Polygon","coordinates":[[[2.20648,50.15596],[2.21999,50.16419],[2.22365,50.16317],[2.22087,50.16673],[2.21403,50.17035],[2.21399,50.17674],[2.20987,50.17386],[2.20536,50.17544],[2.21594,50.18037],[2.22085,50.18725],[2.21537,50.18595],[2.21161,50.1806],[2.19881,50.18311],[2.19334,50.18473],[2.19174,50.17966],[2.18885,50.18722],[2.17887,50.18441],[2.17628,50.16846],[2.19225,50.16305],[2.1929,50.15676],[2.20648,50.15596]]]},"properties":{"code_territoire":"iris805260000","libelle_territoire":"Le Meillard (commune non irisée)"}},
{"type":"Feature","geometry":{"type":"Polygon","coordinates":[[[1.47525,50.06372],[1.4832,50.05687],[1.4806,50.05363],[1.48371,50.05319],[1.48384,50.04759],[1.50496,50.05175],[1.50746,50.04972],[1.51044,50.05276],[1.50603,50.05527],[1.51195,50.05948],[1.50572,50.06622],[1.49015,50.06877],[1.47525,50.06372]]]},"properties":{"code_territoire":"iris805270000","libelle_territoire":"Méneslies (commune non irisée)"}},
{"type":"Feature","geometry":{"type":"Polygon","coordinates":[[[1.91587,49.7368],[1.91386,49.72793],[1.92599,49.72622],[1.93247,49.7215],[1.94464,49.72299],[1.94456,49.73643],[1.91587,49.7368]]]},"properties":{"code_territoire":"iris805280000","libelle_territoire":"Méréaucourt (commune non irisée)"}},
{"type":"Feature","geometry":{"type":"Polygon","coordinates":[[[1.85913,49.97648],[1.86032,49.98098],[1.83736,49.98104],[1.83581,49.97654],[1.83187,49.97675],[1.83344,49.96632],[1.85281,49.96186],[1.86341,49.96225],[1.86455,49.97111],[1.85913,49.97648]]]},"properties":{"code_territoire":"iris805290000","libelle_territoire":"Mérélessart (commune non irisée)"}},
{"type":"Feature","geometry":{"type":"Polygon","coordinates":[[[2.5881,49.94075],[2.58848,49.94514],[2.58264,49.94696],[2.58483,49.95962],[2.58375,49.96025],[2.57691,49.96244],[2.57765,49.96047],[2.56109,49.95518],[2.56161,49.953],[2.55113,49.9507],[2.52833,49.9392],[2.52446,49.93739],[2.52705,49.93612],[2.52904,49.93832],[2.53766,49.93775],[2.53837,49.93559],[2.55315,49.93363],[2.56715,49.93637],[2.56677,49.93822],[2.5699,49.93622],[2.57713,49.93964],[2.57894,49.93732],[2.58485,49.93743],[2.5881,49.94075]]]},"properties":{"code_territoire":"iris805300000","libelle_territoire":"Méricourt-l'Abbé (commune non irisée)"}},
{"type":"Feature","geometry":{"type":"Polygon","coordinates":[[[2.17498,49.9853],[2.17296,49.98309],[2.1794,49.97983],[2.17711,49.97794],[2.1878,49.97682],[2.19224,49.97241],[2.18109,49.97107],[2.18217,49.96573],[2.19884,49.96358],[2.19666,49.96095],[2.1924,49.96206],[2.18534,49.95427],[2.20022,49.9605],[2.20074,49.96273],[2.22348,49.96637],[2.22499,49.97317],[2.23082,49.97672],[2.22495,49.98033],[2.21536,49.97649],[2.21078,49.97997],[2.20396,49.97622],[2.20241,49.97794],[2.19347,49.97555],[2.17498,49.9853]]]},"properties":{"code_territoire":"iris807220000","libelle_territoire":"Saint-Vaast-en-Chaussée (commune non irisée)"}},
{"type":"Feature","geometry":{"type":"Polygon","coordinates":[[[2.10248,49.90207],[2.0922,49.89373],[2.09459,49.8847],[2.10289,49.88324],[2.11792,49.88574],[2.12373,49.89675],[2.13596,49.90099],[2.1417,49.9067],[2.14676,49.91533],[2.14004,49.92397],[2.13806,49.92092],[2.12985,49.91926],[2.12904,49.91597],[2.10815,49.90411],[2.1087,49.90183],[2.10248,49.90207]]]},"properties":{"code_territoire":"iris807230000","libelle_territoire":"Saisseval (commune non irisée)"}},
{"type":"Feature","geometry":{"type":"Polygon","coordinates":[[[2.18565,49.86716],[2.18229,49.86272],[2.19785,49.85768],[2.21016,49.85849],[2.21577,49.85548],[2.22168,49.85921],[2.22809,49.85751],[2.22522,49.85205],[2.22785,49.85166],[2.21684,49.85155],[2.21438,49.84623],[2.22,49.85009],[2.23196,49.8468],[2.23735,49.85356],[2.25286,49.85109],[2.25597,49.85684],[2.24884,49.86693],[2.2438,49.86311],[2.23551,49.86285],[2.23563,49.86586],[2.22725,49.86908],[2.21637,49.86846],[2.20473,49.87372],[2.19559,49.87425],[2.19408,49.87762],[2.18709,49.87673],[2.19213,49.87107],[2.18565,49.86716]]]},"properties":{"code_territoire":"iris807240000","libelle_territoire":"Saleux (commune non irisée)"}},
{"type":"Feature","geometry":{"type":"Polygon","coordinates":[[[2.20473,49.87372],[2.21637,49.86846],[2.22725,49.86908],[2.23563,49.86586],[2.23551,49.86285],[2.2438,49.86311],[2.24884,49.86693],[2.25597,49.85684],[2.27227,49.87475],[2.2598,49.87452],[2.25153,49.86846],[2.24804,49.86994],[2.25195,49.8733],[2.23989,49.87231],[2.22252,49.87855],[2.20473,49.87372]]]},"properties":{"code_territoire":"iris807250000","libelle_territoire":"Salouël (commune non irisée)"}},
{"type":"Feature","geometry":{"type":"Polygon","coordinates":[[[3.02507,49.78796],[3.03726,49.77663],[3.03353,49.77429],[3.03336,49.76476],[3.02575,49.75875],[3.02833,49.75485],[3.03634,49.74941],[3.03917,49.74852],[3.04713,49.7597],[3.05501,49.7616],[3.06025,49.76676],[3.06529,49.76634],[3.06547,49.77045],[3.06762,49.77562],[3.06133,49.78125],[3.05725,49.78351],[3.05312,49.77841],[3.05067,49.78109],[3.04805,49.77909],[3.04871,49.78488],[3.02958,49.79108],[3.02507,49.78796]]]},"properties":{"code_territoire":"iris807260000","libelle_territoire":"Sancourt (commune non irisée)"}},
{"type":"Feature","geometry":{"type":"Polygon","coordinates":[[[1.92225,49.76265],[1.92338,49.75177],[1.92926,49.7544],[1.93526,49.74683],[1.94378,49.74802],[1.95749,49.74817],[1.94883,49.7541],[1.9534,49.76331],[1.94544,49.7675],[1.92225,49.76265]]]},"properties":{"code_territoire":"iris807280000","libelle_territoire":"Saulchoy-sous-Poix (commune non irisée)"}},
{"type":"Feature","geometry":{"type":"Polygon","coordinates":[[[2.46078,49.70375],[2.4709,49.71636],[2.48352,49.71926],[2.48757,49.72594],[2.47585,49.7355],[2.47001,49.73507],[2.46849,49.73103],[2.45345,49.72456],[2.456,49.72126],[2.44974,49.72002],[2.44764,49.71189],[2.45417,49.70284],[2.46078,49.70375]]]},"properties":{"code_territoire":"iris807290000","libelle_territoire":"Sauvillers-Mongival (commune non irisée)"}},
{"type":"Feature","geometry":{"type":"Polygon","coordinates":[[[2.22691,49.90603],[2.21154,49.90452],[2.19526,49.9037],[2.20082,49.89876],[2.19985,49.89451],[2.18788,49.89377],[2.19033,49.88846],[2.18647,49.88211],[2.19896,49.88737],[2.21205,49.88751],[2.22921,49.89593],[2.22684,49.89976],[2.22357,49.90261],[2.22691,49.90603]]]},"properties":{"code_territoire":"iris807300000","libelle_territoire":"Saveuse (commune non irisée)"}},
{"type":"Feature","geometry":{"type":"Polygon","coordinates":[[[1.7117,49.90833],[1.69171,49.89865],[1.69478,49.89365],[1.70317,49.89315],[1.71284,49.8873],[1.71151,49.87398],[1.72581,49.87674],[1.73082,49.87097],[1.7334,49.87428],[1.73145,49.87812],[1.74092,49.8914],[1.73352,49.89577],[1.73072,49.89389],[1.72157,49.8965],[1.71786,49.89986],[1.72641,49.90366],[1.72383,49.90546],[1.72726,49.91061],[1.72737,49.91078],[1.71754,49.91152],[1.7117,49.90833]]]},"properties":{"code_territoire":"iris807320000","libelle_territoire":"Senarpont (commune non irisée)"}},
{"type":"Feature","geometry":{"type":"Polygon","coordinates":[[[2.58985,50.01546],[2.5978,50.01265],[2.59998,50.0143],[2.59413,50.02708],[2.59881,50.03245],[2.59202,50.03682],[2.59131,50.04312],[2.58518,50.04537],[2.58183,50.04287],[2.57397,50.04412],[2.5717,50.0392],[2.56629,50.03779],[2.55282,50.03819],[2.56724,50.0152],[2.56355,50.01214],[2.57728,50.01133],[2.58985,50.01546]]]},"properties":{"code_territoire":"iris807330000","libelle_territoire":"Senlis-le-Sec (commune non irisée)"}},
{"type":"Feature","geometry":{"type":"Polygon","coordinates":[[[1.93433,49.88164],[1.94715,49.87841],[1.95678,49.8934],[1.95197,49.89784],[1.9552,49.90558],[1.94991,49.9134],[1.94057,49.90302],[1.93866,49.89294],[1.93433,49.88164]]]},"properties":{"code_territoire":"iris805310000","libelle_territoire":"Méricourt-en-Vimeu (commune non irisée)"}},
{"type":"Feature","geometry":{"type":"Polygon","coordinates":[[[1.42189,50.06945],[1.41447,50.07092],[1.42601,50.07759],[1.41893,50.08104],[1.41756,50.08754],[1.39008,50.07373],[1.38022,50.06492],[1.39249,50.06083],[1.39222,50.06353],[1.39672,50.06418],[1.39732,50.05829],[1.40873,50.05709],[1.42189,50.06945]]]},"properties":{"code_territoire":"iris805330000","libelle_territoire":"Mers-les-Bains (commune non irisée)"}},
{"type":"Feature","geometry":{"type":"Polygon","coordinates":[[[2.01234,49.93289],[2.04685,49.93499],[2.05111,49.93783],[2.05645,49.93713],[2.05495,49.93036],[2.0606,49.93291],[2.08172,49.92511],[2.08589,49.92848],[2.07987,49.93491],[2.05175,49.95229],[2.01966,49.95207],[2.00974,49.94509],[2.01234,49.93289]]]},"properties":{"code_territoire":"iris805350000","libelle_territoire":"Le Mesge (commune non irisée)"}},
{"type":"Feature","geometry":{"type":"Polygon","coordinates":[[[2.93759,49.9009],[2.94613,49.89879],[2.94577,49.89087],[2.9503,49.88654],[2.96646,49.88133],[2.97135,49.88728],[2.98604,49.89413],[2.98669,49.90461],[2.97617,49.90427],[2.97341,49.91095],[2.96663,49.90598],[2.96185,49.91077],[2.95308,49.91274],[2.94589,49.90929],[2.94558,49.9114],[2.93759,49.9009]]]},"properties":{"code_territoire":"iris805360000","libelle_territoire":"Mesnil-Bruntel (commune non irisée)"}},
{"type":"Feature","geometry":{"type":"Polygon","coordinates":[[[2.07763,50.13128],[2.07977,50.13358],[2.07539,50.14291],[2.06412,50.13969],[2.03933,50.13865],[2.04309,50.13307],[2.05157,50.13406],[2.05289,50.12988],[2.06392,50.12277],[2.07231,50.12262],[2.07891,50.12464],[2.07763,50.13128]]]},"properties":{"code_territoire":"iris805370000","libelle_territoire":"Mesnil-Domqueur (commune non irisée)"}},
{"type":"Feature","geometry":{"type":"Polygon","coordinates":[[[2.93467,50.04539],[2.94238,50.03335],[2.93732,50.02616],[2.93243,50.02511],[2.93207,50.01837],[2.9322,50.01832],[2.94596,50.02089],[2.95034,50.01589],[2.95561,50.01742],[2.95208,50.02135],[2.95713,50.03125],[2.96466,50.03613],[2.9622,50.03788],[2.97178,50.04155],[2.96857,50.04871],[2.94571,50.05411],[2.93467,50.04539]]]},"properties":{"code_territoire":"iris805380000","libelle_territoire":"Mesnil-en-Arrouaise (commune non irisée)"}},
{"type":"Feature","geometry":{"type":"Polygon","coordinates":[[[2.04626,49.72159],[2.03699,49.73035],[2.02282,49.736],[2.02318,49.73187],[2.01604,49.73065],[2.00925,49.72725],[2.0081,49.72089],[2.00272,49.71786],[2.00215,49.71342],[2.01113,49.70791],[2.02819,49.71088],[2.02444,49.71358],[2.0282,49.71557],[2.04754,49.71904],[2.04626,49.72159]]]},"properties":{"code_territoire":"iris807340000","libelle_territoire":"Sentelie (commune non irisée)"}},
{"type":"Feature","geometry":{"type":"Polygon","coordinates":[[[2.08739,49.87764],[2.08613,49.87543],[2.10061,49.87086],[2.10173,49.86568],[2.10806,49.866],[2.12315,49.87791],[2.11792,49.88574],[2.10289,49.88324],[2.09459,49.8847],[2.08739,49.87764]]]},"properties":{"code_territoire":"iris807350000","libelle_territoire":"Seux (commune non irisée)"}},
{"type":"Feature","geometry":{"type":"Polygon","coordinates":[[[1.89134,50.01753],[1.90033,50.00668],[1.93505,50.00249],[1.93303,50.00886],[1.92564,50.01231],[1.92735,50.01813],[1.91991,50.01728],[1.91616,50.02179],[1.90932,50.02266],[1.89134,50.01753]]]},"properties":{"code_territoire":"iris807360000","libelle_territoire":"Sorel-en-Vimeu (commune non irisée)"}},
{"type":"Feature","geometry":{"type":"Polygon","coordinates":[[[3.02368,50.01523],[3.03278,50.01279],[3.03859,50.01413],[3.04426,50.01029],[3.0507,50.01251],[3.05909,50.00869],[3.06269,50.01273],[3.07504,50.03523],[3.07441,50.04528],[3.06167,50.04947],[3.05973,50.0465],[3.06803,50.04083],[3.05867,50.03858],[3.05774,50.03135],[3.0339,50.03319],[3.02514,50.01686],[3.02368,50.01523]]]},"properties":{"code_territoire":"iris807370000","libelle_territoire":"Sorel (commune non irisée)"}},
{"type":"Feature","geometry":{"type":"Polygon","coordinates":[[[2.05941,49.96767],[2.05455,49.96638],[2.05522,49.96242],[2.0526,49.9656],[2.04555,49.96289],[2.0352,49.96664],[2.01738,49.96031],[2.01966,49.95207],[2.05175,49.95229],[2.07987,49.93491],[2.09315,49.9384],[2.0909,49.94276],[2.09437,49.94414],[2.0865,49.94633],[2.08703,49.94985],[2.08191,49.95131],[2.08497,49.955],[2.06853,49.95767],[2.07176,49.9607],[2.05941,49.96767]]]},"properties":{"code_territoire":"iris807380000","libelle_territoire":"Soues (commune non irisée)"}},
{"type":"Feature","geometry":{"type":"Polygon","coordinates":[[[2.42116,49.70984],[2.4077,49.72076],[2.4035,49.71822],[2.39052,49.72101],[2.39006,49.70557],[2.37744,49.69831],[2.38129,49.69535],[2.38944,49.69982],[2.39012,49.69771],[2.3954,49.69878],[2.39631,49.69551],[2.41354,49.70041],[2.41895,49.70168],[2.42116,49.70984]]]},"properties":{"code_territoire":"iris807400000","libelle_territoire":"Sourdon (commune non irisée)"}},
{"type":"Feature","geometry":{"type":"Polygon","coordinates":[[[2.81488,49.85272],[2.80558,49.86411],[2.80825,49.87001],[2.80375,49.87487],[2.80425,49.8769],[2.78918,49.88115],[2.78867,49.87201],[2.77573,49.86758],[2.78164,49.85773],[2.7916,49.85565],[2.79105,49.85183],[2.79864,49.8497],[2.79918,49.85339],[2.81047,49.85101],[2.81488,49.85272]]]},"properties":{"code_territoire":"iris807410000","libelle_territoire":"Soyécourt (commune non irisée)"}},
{"type":"Feature","geometry":{"type":"Polygon","coordinates":[[[2.10724,50.05319],[2.10644,50.05414],[2.09772,50.06521],[2.07344,50.0791],[2.0688,50.07705],[2.06662,50.07906],[2.0703,50.07397],[2.06616,50.0672],[2.07294,50.06648],[2.07932,50.06019],[2.09076,50.0603],[2.10724,50.05319]]]},"properties":{"code_territoire":"iris807420000","libelle_territoire":"Surcamps (commune non irisée)"}},
{"type":"Feature","geometry":{"type":"Polygon","coordinates":[[[2.74554,49.9741],[2.74647,49.95451],[2.74222,49.95422],[2.74671,49.94259],[2.75467,49.94097],[2.76675,49.94556],[2.77732,49.94253],[2.78805,49.94498],[2.78743,49.94919],[2.7748,49.95175],[2.77818,49.95524],[2.77204,49.95488],[2.77951,49.96286],[2.7754,49.96582],[2.76831,49.96786],[2.76293,49.98171],[2.75704,49.97956],[2.74934,49.98076],[2.74554,49.9741]]]},"properties":{"code_territoire":"iris807430000","libelle_territoire":"Suzanne (commune non irisée)"}},
{"type":"Feature","geometry":{"type":"Polygon","coordinates":[[[1.96305,49.94319],[1.94832,49.94367],[1.94886,49.94146],[1.92935,49.93406],[1.92333,49.9318],[1.92002,49.92494],[1.9399,49.92985],[1.96153,49.92783],[1.97205,49.93561],[1.96305,49.94319]]]},"properties":{"code_territoire":"iris807440000","libelle_territoire":"Tailly (commune non irisée)"}},
{"type":"Feature","geometry":{"type":"Polygon","coordinates":[[[2.39108,50.03979],[2.38207,50.04855],[2.36429,50.06129],[2.35018,50.05603],[2.34409,50.06805],[2.33028,50.05813],[2.32408,50.05757],[2.33008,50.05138],[2.3126,50.0474],[2.29835,50.03607],[2.30543,50.02556],[2.32577,50.02265],[2.33245,50.02555],[2.33894,50.02327],[2.33935,50.01863],[2.34686,50.01882],[2.34701,50.02218],[2.35292,50.02172],[2.361,50.03439],[2.36481,50.03508],[2.37177,50.02895],[2.38708,50.03505],[2.39108,50.03979]]]},"properties":{"code_territoire":"iris807460000","libelle_territoire":"Talmas (commune non irisée)"}},
{"type":"Feature","geometry":{"type":"Polygon","coordinates":[[[2.63162,50.02571],[2.64136,50.02308],[2.64073,50.02581],[2.64681,50.02449],[2.64947,50.03267],[2.64376,50.03275],[2.64341,50.04825],[2.65465,50.05054],[2.66168,50.04682],[2.65582,50.03707],[2.65746,50.033],[2.66647,50.03848],[2.66498,50.05246],[2.6547,50.05211],[2.6511,50.06496],[2.64583,50.06453],[2.6447,50.07032],[2.63132,50.06677],[2.62723,50.05789],[2.61668,50.05183],[2.62595,50.03652],[2.63162,50.02571]]]},"properties":{"code_territoire":"iris805400000","libelle_territoire":"Mesnil-Martinsart (commune non irisée)"}},
{"type":"Feature","geometry":{"type":"Polygon","coordinates":[[[2.52501,49.65492],[2.52248,49.65153],[2.51519,49.65302],[2.50732,49.64958],[2.50595,49.64017],[2.50521,49.63958],[2.50474,49.63511],[2.51595,49.62913],[2.52148,49.62694],[2.52678,49.62963],[2.54907,49.63523],[2.5427,49.64599],[2.53269,49.64818],[2.53561,49.65097],[2.52501,49.65492]]]},"properties":{"code_territoire":"iris805410000","libelle_territoire":"Mesnil-Saint-Georges (commune non irisée)"}},
{"type":"Feature","geometry":{"type":"Polygon","coordinates":[[[2.93774,49.78994],[2.93588,49.78732],[2.93141,49.79011],[2.92199,49.78591],[2.91368,49.78704],[2.89193,49.78986],[2.89426,49.78287],[2.88721,49.77806],[2.89252,49.77321],[2.89896,49.7739],[2.89432,49.76884],[2.90709,49.76374],[2.91588,49.7695],[2.92061,49.7664],[2.9311,49.77052],[2.92924,49.77346],[2.94206,49.7889],[2.93774,49.78994]]]},"properties":{"code_territoire":"iris805420000","libelle_territoire":"Mesnil-Saint-Nicaise (commune non irisée)"}},
{"type":"Feature","geometry":{"type":"Polygon","coordinates":[[[1.92002,49.92494],[1.92333,49.9318],[1.92935,49.93406],[1.92467,49.93622],[1.9277,49.93804],[1.92548,49.94132],[1.93242,49.94846],[1.92382,49.95283],[1.9182,49.95074],[1.91259,49.95275],[1.88669,49.94047],[1.90481,49.93438],[1.90124,49.93146],[1.90365,49.92932],[1.89529,49.92405],[1.90546,49.91686],[1.92002,49.92494]]]},"properties":{"code_territoire":"iris805430000","libelle_territoire":"Métigny (commune non irisée)"}},
{"type":"Feature","geometry":{"type":"Polygon","coordinates":[[[2.2336,50.19892],[2.22916,50.19472],[2.21042,50.19441],[2.19881,50.18311],[2.21161,50.1806],[2.21537,50.18595],[2.22085,50.18725],[2.21594,50.18037],[2.20536,50.17544],[2.20987,50.17386],[2.21399,50.17674],[2.21403,50.17035],[2.22087,50.16673],[2.22636,50.16824],[2.22751,50.1744],[2.23258,50.17719],[2.23506,50.17574],[2.23594,50.18118],[2.25045,50.18167],[2.25126,50.18514],[2.2429,50.18489],[2.24664,50.18686],[2.24096,50.19005],[2.2514,50.19377],[2.2504,50.19742],[2.2336,50.19892]]]},"properties":{"code_territoire":"iris805440000","libelle_territoire":"Mézerolles (commune non irisée)"}},
{"type":"Feature","geometry":{"type":"Polygon","coordinates":[[[3.02529,49.9536],[3.02972,49.95814],[3.03297,49.95608],[3.04928,49.96216],[3.04514,49.97057],[3.05027,49.97557],[3.04362,49.97813],[3.02446,49.97543],[3.01937,49.97929],[3.02093,49.98436],[3.01424,49.98389],[3.01909,49.99077],[3.01269,49.98998],[3.00558,49.98441],[3.0003,49.9803],[3.00241,49.97349],[3.00756,49.97291],[3.00674,49.96549],[3.01223,49.96481],[3.02004,49.95737],[3.02382,49.95838],[3.02529,49.9536]]]},"properties":{"code_territoire":"iris807470000","libelle_territoire":"Templeux-la-Fosse (commune non irisée)"}},
{"type":"Feature","geometry":{"type":"Polygon","coordinates":[[[3.16165,49.95083],[3.15944,49.9522],[3.16803,49.9614],[3.16281,49.96175],[3.16262,49.96501],[3.17016,49.96785],[3.16238,49.96836],[3.14936,49.97498],[3.14564,49.97343],[3.13821,49.97907],[3.1308,49.97245],[3.1338,49.96899],[3.11807,49.96014],[3.12726,49.95445],[3.16165,49.95083]]]},"properties":{"code_territoire":"iris807480000","libelle_territoire":"Templeux-le-Guérard (commune non irisée)"}},
{"type":"Feature","geometry":{"type":"Polygon","coordinates":[[[2.39728,50.10653],[2.39172,50.11165],[2.39025,50.10643],[2.3754,50.10935],[2.38038,50.10386],[2.37226,50.10201],[2.36929,50.09892],[2.38463,50.08999],[2.39693,50.09787],[2.39728,50.10653]]]},"properties":{"code_territoire":"iris807490000","libelle_territoire":"Terramesnil (commune non irisée)"}},
{"type":"Feature","geometry":{"type":"Polygon","coordinates":[[[3.07343,49.83894],[3.08575,49.8421],[3.08024,49.86512],[3.07026,49.87301],[3.0737,49.87618],[3.05759,49.87829],[3.05253,49.87515],[3.06,49.86954],[3.05508,49.86785],[3.07343,49.83894]]]},"properties":{"code_territoire":"iris807500000","libelle_territoire":"Tertry (commune non irisée)"}},
{"type":"Feature","geometry":{"type":"Polygon","coordinates":[[[2.51599,49.80082],[2.503,49.80859],[2.49942,49.80652],[2.49206,49.81111],[2.49339,49.81454],[2.47925,49.8175],[2.46078,49.80893],[2.45294,49.81045],[2.44827,49.80728],[2.45145,49.80414],[2.44888,49.79956],[2.45742,49.79206],[2.48679,49.79724],[2.49735,49.79427],[2.50934,49.79559],[2.51054,49.79332],[2.51599,49.80082]]]},"properties":{"code_territoire":"iris807510000","libelle_territoire":"Thennes (commune non irisée)"}},
{"type":"Feature","geometry":{"type":"Polygon","coordinates":[[[2.45294,49.81045],[2.44961,49.81174],[2.45657,49.83117],[2.43862,49.8382],[2.44006,49.83595],[2.41955,49.82756],[2.42157,49.82336],[2.41616,49.81485],[2.42358,49.81221],[2.42966,49.8071],[2.44827,49.80728],[2.45294,49.81045]]]},"properties":{"code_territoire":"iris807520000","libelle_territoire":"Thézy-Glimont (commune non irisée)"}},
{"type":"Feature","geometry":{"type":"Polygon","coordinates":[[[2.6684,50.05864],[2.6724,50.0568],[2.67437,50.05875],[2.69513,50.04665],[2.7067,50.05049],[2.70604,50.05595],[2.69157,50.06877],[2.67885,50.07425],[2.67857,50.0741],[2.67316,50.06532],[2.66779,50.06432],[2.6684,50.05864]]]},"properties":{"code_territoire":"iris807530000","libelle_territoire":"Thiepval (commune non irisée)"}},
{"type":"Feature","geometry":{"type":"Polygon","coordinates":[[[1.91484,49.79849],[1.91815,49.80008],[1.93121,49.79596],[1.93217,49.79886],[1.93925,49.7979],[1.94484,49.80026],[1.94353,49.8073],[1.95016,49.80637],[1.95473,49.81053],[1.96079,49.80779],[1.97268,49.81426],[1.9749,49.81806],[1.97134,49.82128],[1.9805,49.8284],[1.97453,49.83803],[1.96296,49.83564],[1.96068,49.83261],[1.9576,49.83712],[1.93855,49.84278],[1.93102,49.84236],[1.92344,49.83657],[1.93176,49.83086],[1.92729,49.82892],[1.93054,49.82486],[1.91759,49.82102],[1.91781,49.81634],[1.91108,49.81301],[1.92119,49.80514],[1.911,49.80019],[1.91484,49.79849]]]},"properties":{"code_territoire":"iris807540000","libelle_territoire":"Thieulloy-l'Abbaye (commune non irisée)"}},
{"type":"Feature","geometry":{"type":"Polygon","coordinates":[[[1.94456,49.73643],[1.94928,49.73847],[1.94495,49.73997],[1.94839,49.74172],[1.94378,49.74802],[1.93526,49.74683],[1.92926,49.7544],[1.92338,49.75177],[1.91445,49.75029],[1.91893,49.74104],[1.91587,49.7368],[1.94456,49.73643]]]},"properties":{"code_territoire":"iris807550000","libelle_territoire":"Thieulloy-la-Ville (commune non irisée)"}},
{"type":"Feature","geometry":{"type":"Polygon","coordinates":[[[2.46106,50.10407],[2.46523,50.10267],[2.4728,50.1073],[2.47572,50.11337],[2.46979,50.11561],[2.47287,50.12208],[2.4624,50.12527],[2.46862,50.12758],[2.46956,50.13408],[2.45903,50.12928],[2.45502,50.13139],[2.44617,50.11753],[2.45707,50.11463],[2.46106,50.10407]]]},"properties":{"code_territoire":"iris807560000","libelle_territoire":"Thièvres (commune non irisée)"}},
{"type":"Feature","geometry":{"type":"Polygon","coordinates":[[[2.5261,49.78006],[2.52812,49.77223],[2.52167,49.76836],[2.52473,49.76684],[2.51904,49.7661],[2.52433,49.75924],[2.53406,49.7659],[2.53767,49.76664],[2.54164,49.76338],[2.55113,49.76926],[2.55607,49.7645],[2.56294,49.76602],[2.56247,49.76969],[2.56484,49.76846],[2.57061,49.77396],[2.57415,49.77226],[2.57959,49.78505],[2.56467,49.79307],[2.56957,49.79894],[2.55051,49.80473],[2.54128,49.79899],[2.53894,49.79402],[2.54538,49.78304],[2.5261,49.78006]]]},"properties":{"code_territoire":"iris805450000","libelle_territoire":"Mézières-en-Santerre (commune non irisée)"}},
{"type":"Feature","geometry":{"type":"Polygon","coordinates":[[[1.69955,50.08436],[1.71379,50.08703],[1.71756,50.09108],[1.72216,50.09114],[1.72683,50.08705],[1.73532,50.08962],[1.73657,50.08454],[1.74463,50.08437],[1.74964,50.08813],[1.74642,50.08915],[1.74812,50.09907],[1.74408,50.09852],[1.74137,50.10634],[1.7297,50.10669],[1.72478,50.11292],[1.71883,50.10883],[1.71192,50.11113],[1.70702,50.10894],[1.71076,50.10754],[1.70995,50.10391],[1.70573,50.10505],[1.69802,50.10191],[1.69467,50.09261],[1.68954,50.09005],[1.68067,50.09088],[1.67181,50.08594],[1.6867,50.0875],[1.69783,50.08281],[1.69955,50.08436]]]},"properties":{"code_territoire":"iris805460000","libelle_territoire":"Miannay (commune non irisée)"}},
{"type":"Feature","geometry":{"type":"Polygon","coordinates":[[[2.60318,49.98843],[2.61078,49.99064],[2.61342,49.99142],[2.62113,49.9973],[2.61653,50.00938],[2.60902,50.00811],[2.60873,50.00584],[2.59855,50.00646],[2.59188,50.00997],[2.58985,50.01546],[2.57728,50.01133],[2.57718,50.00224],[2.58878,49.9909],[2.60318,49.98843]]]},"properties":{"code_territoire":"iris805470000","libelle_territoire":"Millencourt (commune non irisée)"}},
{"type":"Feature","geometry":{"type":"Polygon","coordinates":[[[1.90278,50.14078],[1.91246,50.14043],[1.90946,50.13076],[1.9204,50.1306],[1.92829,50.13241],[1.92665,50.13518],[1.93357,50.14492],[1.93092,50.14759],[1.93576,50.15281],[1.92091,50.16397],[1.91219,50.16328],[1.91382,50.16641],[1.89273,50.1604],[1.88685,50.162],[1.88374,50.15502],[1.87913,50.15368],[1.88709,50.1523],[1.88958,50.14814],[1.89354,50.14958],[1.90278,50.14078]]]},"properties":{"code_territoire":"iris805480000","libelle_territoire":"Millencourt-en-Ponthieu (commune non irisée)"}},
{"type":"Feature","geometry":{"type":"Polygon","coordinates":[[[2.74941,50.11279],[2.73189,50.12538],[2.70885,50.12861],[2.71188,50.11922],[2.70886,50.1161],[2.71408,50.10985],[2.69759,50.10611],[2.69565,50.10219],[2.71908,50.0878],[2.7364,50.0681],[2.74511,50.07016],[2.74359,50.07377],[2.74987,50.07891],[2.74837,50.08468],[2.74396,50.08621],[2.75042,50.09157],[2.74148,50.09285],[2.73975,50.09667],[2.74417,50.09801],[2.74027,50.10332],[2.74941,50.11279]]]},"properties":{"code_territoire":"iris805490000","libelle_territoire":"Miraumont (commune non irisée)"}},
{"type":"Feature","geometry":{"type":"Polygon","coordinates":[[[2.02819,49.71088],[2.03468,49.71055],[2.03843,49.70664],[2.03493,49.70512],[2.04655,49.7028],[2.04668,49.69688],[2.05939,49.69733],[2.05869,49.69148],[2.06402,49.68776],[2.04827,49.68824],[2.05615,49.68389],[2.06281,49.68611],[2.06538,49.68311],[2.07051,49.68442],[2.08156,49.69386],[2.08808,49.69043],[2.09525,49.69285],[2.09087,49.69597],[2.09524,49.70101],[2.09381,49.7069],[2.08674,49.70845],[2.08028,49.71405],[2.07524,49.71282],[2.07436,49.71999],[2.04754,49.71904],[2.0282,49.71557],[2.02444,49.71358],[2.02819,49.71088]]]},"properties":{"code_territoire":"iris807570000","libelle_territoire":"Thoix (commune non irisée)"}},
{"type":"Feature","geometry":{"type":"Polygon","coordinates":[[[2.4077,49.72076],[2.42116,49.70984],[2.42291,49.71229],[2.42866,49.70955],[2.44764,49.71189],[2.44974,49.72002],[2.456,49.72126],[2.45345,49.72456],[2.45127,49.72711],[2.44619,49.72383],[2.44256,49.72498],[2.43626,49.72753],[2.43688,49.73188],[2.43083,49.73018],[2.42948,49.73388],[2.41928,49.7278],[2.4077,49.72076]]]},"properties":{"code_territoire":"iris807580000","libelle_territoire":"Thory (commune non irisée)"}},
{"type":"Feature","geometry":{"type":"Polygon","coordinates":[[[2.74953,49.66054],[2.74882,49.65817],[2.74441,49.66044],[2.73451,49.6498],[2.72653,49.64938],[2.72351,49.64776],[2.73545,49.64211],[2.7255,49.62501],[2.73782,49.62404],[2.73883,49.62726],[2.75726,49.62109],[2.7562,49.62507],[2.74701,49.62788],[2.7573,49.63812],[2.75982,49.64663],[2.75232,49.64811],[2.75307,49.65247],[2.75999,49.65121],[2.76366,49.65906],[2.74953,49.66054]]]},"properties":{"code_territoire":"iris807590000","libelle_territoire":"Tilloloy (commune non irisée)"}},
{"type":"Feature","geometry":{"type":"Polygon","coordinates":[[[1.60065,49.97852],[1.62186,49.98291],[1.62047,49.98576],[1.63245,49.98848],[1.62741,49.99458],[1.62912,49.99727],[1.60317,50.00114],[1.59881,49.99403],[1.59475,49.9939],[1.58688,50.00355],[1.57979,50.00475],[1.57114,50.00094],[1.56879,50.00316],[1.56289,49.99951],[1.56995,49.99302],[1.57446,49.99412],[1.57096,49.9915],[1.57654,49.98669],[1.58322,49.98302],[1.60039,49.98115],[1.60065,49.97852]]]},"properties":{"code_territoire":"iris807600000","libelle_territoire":"Tilloy-Floriville (commune non irisée)"}},
{"type":"Feature","geometry":{"type":"Polygon","coordinates":[[[3.04861,49.91567],[3.05482,49.91224],[3.06488,49.9127],[3.07295,49.91675],[3.06732,49.91924],[3.07151,49.92096],[3.06804,49.92287],[3.07173,49.92429],[3.06762,49.92624],[3.06857,49.9299],[3.06417,49.93075],[3.06305,49.93998],[3.06518,49.96279],[3.05652,49.96024],[3.05551,49.96339],[3.04928,49.96216],[3.03297,49.95608],[3.02364,49.94455],[3.02638,49.93892],[3.02233,49.93712],[3.03137,49.9296],[3.04338,49.92048],[3.04115,49.91873],[3.05125,49.91742],[3.04861,49.91567]]]},"properties":{"code_territoire":"iris807620000","libelle_territoire":"Tincourt-Boucly (commune non irisée)"}},
{"type":"Feature","geometry":{"type":"Polygon","coordinates":[[[1.8002,50.17577],[1.81634,50.17991],[1.81185,50.183],[1.81688,50.19779],[1.80221,50.20061],[1.78973,50.198],[1.78821,50.19392],[1.78352,50.18289],[1.8002,50.17577]]]},"properties":{"code_territoire":"iris807630000","libelle_territoire":"Le Titre (commune non irisée)"}},
{"type":"Feature","geometry":{"type":"Polygon","coordinates":[[[1.73364,50.06438],[1.72606,50.06763],[1.72701,50.07296],[1.71452,50.07951],[1.70757,50.07858],[1.69901,50.08238],[1.69146,50.0714],[1.69116,50.0592],[1.69607,50.05489],[1.70209,50.05462],[1.70346,50.05034],[1.69975,50.0484],[1.70414,50.04612],[1.70098,50.04255],[1.70464,50.04063],[1.7207,50.05208],[1.72836,50.04861],[1.7348,50.05105],[1.73302,50.05342],[1.73794,50.05528],[1.73364,50.06438]]]},"properties":{"code_territoire":"iris807640000","libelle_territoire":"Tœufles (commune non irisée)"}},
{"type":"Feature","geometry":{"type":"Polygon","coordinates":[[[1.65425,50.02323],[1.66744,50.02367],[1.6694,50.02002],[1.67373,50.02426],[1.68821,50.02287],[1.70373,50.01124],[1.71489,50.0169],[1.70717,50.02332],[1.71468,50.03007],[1.71196,50.03154],[1.70464,50.04063],[1.70098,50.04255],[1.70414,50.04612],[1.69975,50.0484],[1.70346,50.05034],[1.70209,50.05462],[1.69607,50.05489],[1.69116,50.0592],[1.67583,50.05369],[1.67695,50.05095],[1.6487,50.03657],[1.65013,50.03242],[1.65425,50.02323]]]},"properties":{"code_territoire":"iris807650000","libelle_territoire":"Tours-en-Vimeu (commune non irisée)"}},
{"type":"Feature","geometry":{"type":"Polygon","coordinates":[[[2.43698,50.03257],[2.44858,50.02326],[2.46306,50.02224],[2.47565,50.02536],[2.48955,50.03681],[2.48748,50.04579],[2.48447,50.04941],[2.48785,50.05232],[2.50883,50.05759],[2.4973,50.06496],[2.47775,50.05627],[2.4596,50.06254],[2.45351,50.0615],[2.43906,50.06675],[2.43336,50.06238],[2.43527,50.05412],[2.44605,50.05109],[2.44365,50.04577],[2.44711,50.0436],[2.44308,50.04072],[2.44522,50.03754],[2.43618,50.03462],[2.43698,50.03257]]]},"properties":{"code_territoire":"iris807660000","libelle_territoire":"Toutencourt (commune non irisée)"}},
{"type":"Feature","geometry":{"type":"Polygon","coordinates":[[[1.68937,49.98516],[1.68586,49.98673],[1.68064,49.98259],[1.67437,49.98521],[1.67448,49.98216],[1.6702,49.98302],[1.66537,49.97643],[1.64711,49.98056],[1.63951,49.98052],[1.63798,49.97831],[1.6355,49.97503],[1.64197,49.97314],[1.63951,49.97058],[1.65674,49.9601],[1.66661,49.96818],[1.68376,49.96594],[1.68031,49.97037],[1.69064,49.98077],[1.68687,49.98276],[1.68937,49.98516]]]},"properties":{"code_territoire":"iris807670000","libelle_territoire":"Le Translay (commune non irisée)"}},
{"type":"Feature","geometry":{"type":"Polygon","coordinates":[[[2.39176,50.01234],[2.3929,50.01005],[2.3876,50.00885],[2.39098,50.00547],[2.38642,49.99878],[2.39915,49.99354],[2.41043,49.99788],[2.40604,50.00029],[2.4087,50.00524],[2.39591,50.01219],[2.39819,50.01459],[2.39176,50.01234]]]},"properties":{"code_territoire":"iris805500000","libelle_territoire":"Mirvaux (commune non irisée)"}},
{"type":"Feature","geometry":{"type":"Polygon","coordinates":[[[2.96517,49.96667],[3.0003,49.9803],[3.00558,49.98441],[2.99741,49.98976],[3.00104,49.99789],[2.99776,50.00199],[3.00118,50.00483],[2.99279,50.0114],[2.99768,50.01669],[2.99156,50.0142],[2.98739,50.01556],[2.97982,50.01137],[2.97611,50.0125],[2.97529,50.01031],[2.95561,50.01742],[2.95034,50.01589],[2.94596,50.02089],[2.9322,50.01832],[2.94153,50.01135],[2.93811,50.01005],[2.93919,50.00113],[2.93406,49.99979],[2.93199,49.99514],[2.93492,49.98943],[2.94159,49.98977],[2.93764,49.9862],[2.94043,49.98317],[2.95263,49.97167],[2.96517,49.96667]]]},"properties":{"code_territoire":"iris805520000","libelle_territoire":"Moislains (commune non irisée)"}},
{"type":"Feature","geometry":{"type":"Polygon","coordinates":[[[2.35739,49.99668],[2.35972,49.99403],[2.35388,49.99177],[2.35349,49.98757],[2.36022,49.98804],[2.36284,49.98258],[2.37214,49.98355],[2.38597,49.97507],[2.40233,49.97642],[2.40837,49.98067],[2.39915,49.99354],[2.38642,49.99878],[2.37911,49.99928],[2.37361,49.99649],[2.3705,50.00623],[2.35579,50.00228],[2.35615,50.00009],[2.35739,49.99668]]]},"properties":{"code_territoire":"iris805530000","libelle_territoire":"Molliens-au-Bois (commune non irisée)"}},
{"type":"Feature","geometry":{"type":"Polygon","coordinates":[[[2.01996,49.85954],[2.033,49.86526],[2.03007,49.866],[2.04169,49.88336],[2.04798,49.88641],[2.05828,49.88641],[2.05899,49.89306],[2.04404,49.8979],[2.04381,49.90453],[2.03623,49.90591],[2.01817,49.90603],[2.01825,49.90425],[1.99618,49.90276],[1.98177,49.8945],[1.97893,49.89637],[1.97299,49.89352],[1.96871,49.89259],[1.98225,49.8848],[1.98161,49.87627],[1.9743,49.8742],[1.98274,49.86528],[1.97595,49.86323],[1.97762,49.85925],[1.98716,49.85615],[1.99622,49.85197],[2.00082,49.85742],[2.0059,49.8561],[2.01055,49.85907],[2.01996,49.85954]]]},"properties":{"code_territoire":"iris805540000","libelle_territoire":"Molliens-Dreuil (commune non irisée)"}},
{"type":"Feature","geometry":{"type":"Polygon","coordinates":[[[3.02003,49.85843],[3.01968,49.84372],[3.01116,49.84281],[3.01308,49.83771],[3.03436,49.82943],[3.05902,49.82771],[3.05533,49.83208],[3.06613,49.83312],[3.06617,49.83616],[3.07343,49.83894],[3.05508,49.86785],[3.06,49.86954],[3.05253,49.87515],[3.05759,49.87829],[3.0516,49.87852],[3.04379,49.87377],[3.02648,49.87396],[3.02638,49.86578],[3.02003,49.85843]]]},"properties":{"code_territoire":"iris805550000","libelle_territoire":"Monchy-Lagache (commune non irisée)"}},
{"type":"Feature","geometry":{"type":"Polygon","coordinates":[[[2.5881,49.94075],[2.59216,49.94085],[2.60089,49.94275],[2.59565,49.95181],[2.60128,49.95886],[2.59516,49.96091],[2.58483,49.95962],[2.58264,49.94696],[2.58848,49.94514],[2.5881,49.94075]]]},"properties":{"code_territoire":"iris807690000","libelle_territoire":"Treux (commune non irisée)"}},
{"type":"Feature","geometry":{"type":"Polygon","coordinates":[[[1.50606,50.08921],[1.51198,50.07082],[1.51965,50.07277],[1.5204,50.08898],[1.52497,50.09086],[1.51401,50.09333],[1.50664,50.09005],[1.50606,50.08921]]]},"properties":{"code_territoire":"iris807700000","libelle_territoire":"Tully (commune non irisée)"}},
{"type":"Feature","geometry":{"type":"Polygon","coordinates":[[[3.08008,49.81008],[3.07763,49.81285],[3.08495,49.81797],[3.07901,49.82248],[3.06081,49.82002],[3.04512,49.81275],[3.05546,49.80785],[3.08008,49.81008]]]},"properties":{"code_territoire":"iris807710000","libelle_territoire":"Ugny-l'Équipée (commune non irisée)"}},
{"type":"Feature","geometry":{"type":"Polygon","coordinates":[[[2.501,50.02483],[2.49572,50.0356],[2.48955,50.03681],[2.47565,50.02536],[2.48121,50.02495],[2.48204,50.00578],[2.49285,49.99598],[2.50096,50.00014],[2.49689,50.00809],[2.49982,50.00834],[2.501,50.02483]]]},"properties":{"code_territoire":"iris807730000","libelle_territoire":"Vadencourt (commune non irisée)"}},
{"type":"Feature","geometry":{"type":"Polygon","coordinates":[[[2.52795,49.91834],[2.52982,49.91629],[2.53476,49.91732],[2.53546,49.91082],[2.5396,49.91033],[2.54329,49.89996],[2.53981,49.89527],[2.554,49.8711],[2.56084,49.87121],[2.56008,49.88961],[2.55457,49.90119],[2.56365,49.90774],[2.56509,49.91782],[2.56207,49.91911],[2.54962,49.91738],[2.53248,49.92319],[2.52795,49.91834]]]},"properties":{"code_territoire":"iris807740000","libelle_territoire":"Vaire-sous-Corbie (commune non irisée)"}},
{"type":"Feature","geometry":{"type":"Polygon","coordinates":[[[1.64929,50.08184],[1.64709,50.08017],[1.63794,50.08218],[1.63934,50.08801],[1.62336,50.09213],[1.61747,50.09306],[1.61597,50.08839],[1.61189,50.08843],[1.61147,50.0713],[1.62425,50.06814],[1.64058,50.07023],[1.65102,50.07928],[1.64929,50.08184]]]},"properties":{"code_territoire":"iris807750000","libelle_territoire":"Valines (commune non irisée)"}},
{"type":"Feature","geometry":{"type":"Polygon","coordinates":[[[2.51566,50.02873],[2.52598,50.03138],[2.5333,50.03797],[2.54735,50.04109],[2.5452,50.04535],[2.53502,50.05462],[2.51405,50.05776],[2.51149,50.05552],[2.50883,50.05759],[2.48785,50.05232],[2.48447,50.04941],[2.48748,50.04579],[2.49867,50.04835],[2.51131,50.03748],[2.51566,50.02873]]]},"properties":{"code_territoire":"iris807760000","libelle_territoire":"Varennes (commune non irisée)"}},
{"type":"Feature","geometry":{"type":"Polygon","coordinates":[[[2.45317,50.0936],[2.45147,50.0895],[2.46098,50.08099],[2.46683,50.0832],[2.47297,50.08059],[2.47923,50.08743],[2.47912,50.09457],[2.48913,50.10147],[2.4728,50.1073],[2.46523,50.10267],[2.46106,50.10407],[2.45317,50.0936]]]},"properties":{"code_territoire":"iris807770000","libelle_territoire":"Vauchelles-lès-Authie (commune non irisée)"}},
{"type":"Feature","geometry":{"type":"Polygon","coordinates":[[[2.07144,50.04736],[2.08511,50.05703],[2.08262,50.05958],[2.07256,50.05807],[2.06567,50.0632],[2.0567,50.06197],[2.03638,50.06593],[2.03347,50.06161],[2.03944,50.05496],[2.07144,50.04736]]]},"properties":{"code_territoire":"iris807780000","libelle_territoire":"Vauchelles-lès-Domart (commune non irisée)"}},
{"type":"Feature","geometry":{"type":"Polygon","coordinates":[[[1.86678,50.0972],[1.8742,50.09374],[1.8911,50.08778],[1.89586,50.09192],[1.89301,50.09532],[1.89661,50.09403],[1.90499,50.10686],[1.91131,50.10748],[1.91007,50.10833],[1.90295,50.11322],[1.89548,50.11187],[1.89152,50.11611],[1.86887,50.11277],[1.86728,50.11165],[1.86678,50.0972]]]},"properties":{"code_territoire":"iris807790000","libelle_territoire":"Vauchelles-les-Quesnoy (commune non irisée)"}},
{"type":"Feature","geometry":{"type":"Polygon","coordinates":[[[1.53569,50.11796],[1.54655,50.10123],[1.55532,50.10318],[1.55153,50.1065],[1.56144,50.11657],[1.55917,50.12497],[1.5449,50.12383],[1.54077,50.12624],[1.54169,50.12005],[1.53569,50.11796]]]},"properties":{"code_territoire":"iris807800000","libelle_territoire":"Vaudricourt (commune non irisée)"}},
{"type":"Feature","geometry":{"type":"Polygon","coordinates":[[[2.73105,49.84036],[2.72466,49.84145],[2.72467,49.84681],[2.7116,49.85501],[2.69459,49.85815],[2.68469,49.84632],[2.69044,49.84459],[2.6865,49.83869],[2.69148,49.83664],[2.6902,49.83357],[2.71082,49.82992],[2.71201,49.83556],[2.71984,49.83253],[2.73105,49.84036]]]},"properties":{"code_territoire":"iris807810000","libelle_territoire":"Vauvillers (commune non irisée)"}},
{"type":"Feature","geometry":{"type":"Polygon","coordinates":[[[2.24,49.95304],[2.24639,49.95793],[2.27276,49.96002],[2.27344,49.972],[2.2699,49.97263],[2.2685,49.97794],[2.25025,49.98358],[2.24112,49.991],[2.22662,49.98995],[2.22024,49.98679],[2.21753,49.98917],[2.21273,49.98908],[2.21078,49.97997],[2.21536,49.97649],[2.22495,49.98033],[2.23082,49.97672],[2.22499,49.97317],[2.22348,49.96637],[2.2274,49.96465],[2.2258,49.95848],[2.23613,49.95744],[2.24,49.95304]]]},"properties":{"code_territoire":"iris807820000","libelle_territoire":"Vaux-en-Amiénois (commune non irisée)"}},
{"type":"Feature","geometry":{"type":"Polygon","coordinates":[[[1.7746,49.97686],[1.78196,49.97474],[1.78665,49.97831],[1.7919,49.97546],[1.79542,49.97827],[1.79319,49.98013],[1.79803,49.98774],[1.7987,49.99185],[1.78871,49.99329],[1.79175,50.00049],[1.78656,50.00384],[1.77778,49.99965],[1.77693,49.99534],[1.77186,49.99561],[1.77189,49.99051],[1.76768,49.98922],[1.77849,49.98552],[1.77156,49.9778],[1.7746,49.97686]]]},"properties":{"code_territoire":"iris807830000","libelle_territoire":"Vaux-Marquenneville (commune non irisée)"}},
{"type":"Feature","geometry":{"type":"Polygon","coordinates":[[[2.53248,49.92319],[2.54962,49.91738],[2.56207,49.91911],[2.5729,49.92365],[2.57529,49.93153],[2.56902,49.93478],[2.57894,49.93732],[2.57713,49.93964],[2.5699,49.93622],[2.56677,49.93822],[2.56715,49.93637],[2.55315,49.93363],[2.53837,49.93559],[2.52672,49.92545],[2.53248,49.92319]]]},"properties":{"code_territoire":"iris807840000","libelle_territoire":"Vaux-sur-Somme (commune non irisée)"}},
{"type":"Feature","geometry":{"type":"Polygon","coordinates":[[[1.64157,50.11868],[1.65361,50.10931],[1.6679,50.10731],[1.67986,50.11718],[1.67662,50.11947],[1.68605,50.12536],[1.68401,50.12811],[1.69165,50.13772],[1.68137,50.14613],[1.67583,50.14023],[1.66223,50.13462],[1.659,50.13704],[1.63646,50.13942],[1.64443,50.13505],[1.63778,50.12966],[1.64445,50.12711],[1.64157,50.11868]]]},"properties":{"code_territoire":"iris805560000","libelle_territoire":"Mons-Boubert (commune non irisée)"}},
{"type":"Feature","geometry":{"type":"Polygon","coordinates":[[[3.02003,49.85843],[3.02638,49.86578],[3.02648,49.87396],[3.04379,49.87377],[3.0516,49.87852],[3.05085,49.88151],[3.04815,49.88429],[3.04328,49.88207],[3.03386,49.88906],[3.03677,49.89191],[3.03259,49.89751],[3.02118,49.89755],[3.02077,49.89297],[2.99457,49.89252],[2.99422,49.89555],[2.98873,49.8969],[2.98604,49.89413],[2.97135,49.88728],[2.96646,49.88133],[2.96602,49.87711],[2.98067,49.87732],[2.97858,49.86979],[2.99052,49.87061],[2.99655,49.86153],[3.00056,49.86303],[3.00016,49.85937],[3.02003,49.85843]]]},"properties":{"code_territoire":"iris805570000","libelle_territoire":"Estrées-Mons (commune non irisée)"}},
{"type":"Feature","geometry":{"type":"Polygon","coordinates":[[[2.12222,49.70851],[2.12145,49.70408],[2.13408,49.7027],[2.13325,49.69955],[2.14696,49.69875],[2.15176,49.70216],[2.17405,49.70106],[2.19042,49.70379],[2.18737,49.70648],[2.19266,49.70866],[2.19171,49.71454],[2.18168,49.72747],[2.16494,49.72002],[2.14186,49.71639],[2.12222,49.70851]]]},"properties":{"code_territoire":"iris805580000","libelle_territoire":"Monsures (commune non irisée)"}},
{"type":"Feature","geometry":{"type":"Polygon","coordinates":[[[2.00452,49.92112],[1.99778,49.92365],[1.99519,49.92187],[1.99581,49.92502],[1.98775,49.92359],[1.98024,49.92852],[1.97385,49.92506],[1.98033,49.92413],[1.96693,49.91675],[1.97613,49.91113],[1.97082,49.90452],[1.97397,49.90246],[1.96688,49.90002],[1.96722,49.89722],[1.97299,49.89352],[1.97893,49.89637],[1.98177,49.8945],[1.99618,49.90276],[2.01825,49.90425],[2.01817,49.90603],[2.0021,49.90943],[2.00452,49.92112]]]},"properties":{"code_territoire":"iris805590000","libelle_territoire":"Montagne-Fayel (commune non irisée)"}},
{"type":"Feature","geometry":{"type":"Polygon","coordinates":[[[2.80759,50.00636],[2.80427,50.0077],[2.80527,50.01333],[2.78253,50.02144],[2.78077,50.01493],[2.77603,50.0137],[2.77591,50.02081],[2.77207,50.02247],[2.76336,50.01894],[2.75881,50.02005],[2.76455,50.00533],[2.76145,49.99802],[2.7661,49.99384],[2.77503,49.99256],[2.78328,49.9968],[2.79532,49.99519],[2.80759,50.00636]]]},"properties":{"code_territoire":"iris805600000","libelle_territoire":"Montauban-de-Picardie (commune non irisée)"}},
{"type":"Feature","geometry":{"type":"Polygon","coordinates":[[[2.53561,49.65097],[2.53269,49.64818],[2.5427,49.64599],[2.54907,49.63523],[2.55657,49.63677],[2.55807,49.63396],[2.5598,49.63602],[2.56175,49.62962],[2.57257,49.62899],[2.57337,49.62515],[2.5767,49.62546],[2.58627,49.62827],[2.58025,49.63113],[2.59021,49.63754],[2.59219,49.63897],[2.58719,49.64123],[2.59399,49.64383],[2.5913,49.6476],[2.59701,49.64771],[2.59973,49.65155],[2.5993,49.65456],[2.58724,49.65474],[2.58273,49.66876],[2.57379,49.66989],[2.57191,49.66608],[2.56736,49.66555],[2.56745,49.6681],[2.56137,49.66783],[2.56289,49.66549],[2.5568,49.66409],[2.55592,49.65989],[2.54929,49.66126],[2.54779,49.65674],[2.53561,49.65097]]]},"properties":{"code_territoire":"iris805610000","libelle_territoire":"Montdidier (commune non irisée)"}},
{"type":"Feature","geometry":{"type":"Polygon","coordinates":[[[2.4326,49.88508],[2.44884,49.88615],[2.45326,49.9014],[2.44466,49.90002],[2.43905,49.8957],[2.43918,49.8916],[2.43393,49.89135],[2.43547,49.88669],[2.41497,49.88625],[2.41106,49.88525],[2.4326,49.88508]]]},"properties":{"code_territoire":"iris807850000","libelle_territoire":"Vecquemont (commune non irisée)"}},
{"type":"Feature","geometry":{"type":"Polygon","coordinates":[[[2.08073,49.754],[2.09257,49.75251],[2.11436,49.76971],[2.11149,49.78177],[2.10056,49.78029],[2.09024,49.77058],[2.08073,49.754]]]},"properties":{"code_territoire":"iris807860000","libelle_territoire":"Velennes (commune non irisée)"}},
{"type":"Feature","geometry":{"type":"Polygon","coordinates":[[[1.69586,50.28232],[1.72871,50.29632],[1.70734,50.30799],[1.6863,50.30119],[1.68626,50.29065],[1.69458,50.29118],[1.69586,50.28232]]]},"properties":{"code_territoire":"iris807870000","libelle_territoire":"Vercourt (commune non irisée)"}},
{"type":"Feature","geometry":{"type":"Polygon","coordinates":[[[1.8304,49.9449],[1.82166,49.9347],[1.82688,49.92323],[1.83525,49.91968],[1.84114,49.91814],[1.86517,49.92447],[1.86477,49.93697],[1.86984,49.93832],[1.86244,49.94552],[1.8649,49.9463],[1.8569,49.95026],[1.85033,49.94655],[1.83066,49.94292],[1.8304,49.9449]]]},"properties":{"code_territoire":"iris807880000","libelle_territoire":"Vergies (commune non irisée)"}},
{"type":"Feature","geometry":{"type":"Polygon","coordinates":[[[2.79864,49.8497],[2.79105,49.85183],[2.7916,49.85565],[2.78164,49.85773],[2.76743,49.85718],[2.76623,49.85311],[2.76209,49.85275],[2.76447,49.84547],[2.77723,49.83413],[2.78907,49.8321],[2.79986,49.83349],[2.79864,49.8497]]]},"properties":{"code_territoire":"iris807890000","libelle_territoire":"Vermandovillers (commune non irisée)"}},
{"type":"Feature","geometry":{"type":"Polygon","coordinates":[[[2.80018,49.66119],[2.82117,49.6592],[2.82779,49.66255],[2.83301,49.65934],[2.83766,49.66221],[2.84333,49.65849],[2.85005,49.66229],[2.84564,49.67057],[2.84195,49.67357],[2.83713,49.6702],[2.81714,49.67787],[2.79488,49.66453],[2.80018,49.66119]]]},"properties":{"code_territoire":"iris807900000","libelle_territoire":"Verpillières (commune non irisée)"}},
{"type":"Feature","geometry":{"type":"Polygon","coordinates":[[[2.18272,49.84198],[2.18465,49.83748],[2.20391,49.8401],[2.22658,49.83393],[2.22677,49.83186],[2.23176,49.83249],[2.23177,49.8268],[2.24175,49.82311],[2.26097,49.83338],[2.26416,49.83439],[2.2598,49.83533],[2.26239,49.83936],[2.25402,49.84112],[2.25286,49.85109],[2.23735,49.85356],[2.23196,49.8468],[2.22,49.85009],[2.21438,49.84623],[2.21684,49.85155],[2.22785,49.85166],[2.22522,49.85205],[2.22809,49.85751],[2.22168,49.85921],[2.21577,49.85548],[2.21016,49.85849],[2.19785,49.85768],[2.19045,49.85398],[2.19467,49.85081],[2.18272,49.84198]]]},"properties":{"code_territoire":"iris807910000","libelle_territoire":"Vers-sur-Selle (commune non irisée)"}},
{"type":"Feature","geometry":{"type":"Polygon","coordinates":[[[2.3126,50.0474],[2.33008,50.05138],[2.32408,50.05757],[2.33028,50.05813],[2.34409,50.06805],[2.33802,50.08065],[2.33421,50.08169],[2.32202,50.07229],[2.32449,50.07017],[2.31289,50.0685],[2.30973,50.06673],[2.3126,50.0474]]]},"properties":{"code_territoire":"iris807920000","libelle_territoire":"La Vicogne (commune non irisée)"}},
{"type":"Feature","geometry":{"type":"Polygon","coordinates":[[[2.17813,50.03473],[2.15646,50.02961],[2.1348,50.02153],[2.14606,50.01039],[2.14734,50.00202],[2.15323,49.99681],[2.15539,49.99856],[2.16118,49.99686],[2.15802,49.99427],[2.17082,49.98748],[2.17498,49.9853],[2.19347,49.97555],[2.20241,49.97794],[2.20396,49.97622],[2.21078,49.97997],[2.21273,49.98908],[2.21753,49.98917],[2.22654,49.99389],[2.22229,49.99677],[2.22599,49.99854],[2.22183,50.00624],[2.23037,50.02156],[2.23274,50.02548],[2.21262,50.02885],[2.20999,50.03368],[2.20686,50.02747],[2.18228,50.03485],[2.17813,50.03473]]]},"properties":{"code_territoire":"iris807930000","libelle_territoire":"Vignacourt (commune non irisée)"}},
{"type":"Feature","geometry":{"type":"Polygon","coordinates":[[[2.98599,49.79142],[2.98061,49.79027],[2.97601,49.80809],[2.95706,49.8078],[2.96474,49.80138],[2.97305,49.79422],[2.9749,49.78749],[2.9798,49.78573],[2.98739,49.78828],[2.98599,49.79142]]]},"properties":{"code_territoire":"iris807940000","libelle_territoire":"Villecourt (commune non irisée)"}},
{"type":"Feature","geometry":{"type":"Polygon","coordinates":[[[2.09076,50.0603],[2.08511,50.05703],[2.07144,50.04736],[2.07378,50.03968],[2.08217,50.0371],[2.07805,50.03385],[2.06504,50.032],[2.06854,50.02738],[2.07346,50.03044],[2.0768,50.02847],[2.07046,50.02502],[2.07896,50.02167],[2.07925,50.01821],[2.0911,50.0207],[2.09108,50.02362],[2.09985,50.02825],[2.10946,50.03919],[2.1164,50.04145],[2.11538,50.04387],[2.10724,50.05319],[2.09076,50.0603]]]},"properties":{"code_territoire":"iris807950000","libelle_territoire":"Ville-le-Marclet (commune non irisée)"}},
{"type":"Feature","geometry":{"type":"Polygon","coordinates":[[[1.72885,49.95639],[1.72575,49.95632],[1.72285,49.94782],[1.70626,49.93219],[1.7097,49.92363],[1.72733,49.92614],[1.73206,49.92899],[1.73502,49.92754],[1.74286,49.93701],[1.74285,49.93703],[1.74248,49.94387],[1.74644,49.94665],[1.74085,49.94991],[1.73975,49.95589],[1.73498,49.95564],[1.72885,49.95639]]]},"properties":{"code_territoire":"iris807960000","libelle_territoire":"Villeroy (commune non irisée)"}},
{"type":"Feature","geometry":{"type":"Polygon","coordinates":[[[2.51054,49.79332],[2.50894,49.79115],[2.51495,49.79142],[2.51741,49.78419],[2.52531,49.7856],[2.5261,49.78006],[2.54538,49.78304],[2.53894,49.79402],[2.54128,49.79899],[2.52409,49.80467],[2.52079,49.80084],[2.51702,49.80222],[2.51599,49.80082],[2.51054,49.79332]]]},"properties":{"code_territoire":"iris807970000","libelle_territoire":"Villers-aux-Érables (commune non irisée)"}},
{"type":"Feature","geometry":{"type":"Polygon","coordinates":[[[2.35615,50.00009],[2.34843,50.00526],[2.34034,50.00626],[2.33935,50.01863],[2.33894,50.02327],[2.33245,50.02555],[2.32577,50.02265],[2.30543,50.02556],[2.29795,50.02461],[2.30267,50.02246],[2.29841,50.01852],[2.29512,50.02066],[2.28809,50.01442],[2.29515,50.00803],[2.29208,50.00409],[2.30489,49.9978],[2.3046,49.99125],[2.31435,49.99018],[2.31547,49.98705],[2.3228,49.98724],[2.32444,49.98984],[2.33178,49.98436],[2.33257,49.98025],[2.33911,49.979],[2.34489,49.98785],[2.35078,49.9889],[2.35739,49.99668],[2.35615,50.00009]]]},"properties":{"code_territoire":"iris807980000","libelle_territoire":"Villers-Bocage (commune non irisée)"}},
{"type":"Feature","geometry":{"type":"Polygon","coordinates":[[[2.40837,49.98067],[2.42397,49.97764],[2.44517,49.97443],[2.44753,49.98149],[2.43583,49.98931],[2.41043,49.99788],[2.39915,49.99354],[2.40837,49.98067]]]},"properties":{"code_territoire":"iris805620000","libelle_territoire":"Montigny-sur-l'Hallue (commune non irisée)"}},
{"type":"Feature","geometry":{"type":"Polygon","coordinates":[[[2.11565,50.1824],[2.11605,50.17584],[2.12205,50.17339],[2.11871,50.16799],[2.1263,50.16621],[2.13217,50.16956],[2.13781,50.1658],[2.14941,50.17265],[2.15152,50.17943],[2.15615,50.18161],[2.14869,50.18993],[2.14321,50.18777],[2.13001,50.18883],[2.12256,50.18187],[2.11565,50.1824]]]},"properties":{"code_territoire":"iris805630000","libelle_territoire":"Montigny-les-Jongleurs (commune non irisée)"}},
{"type":"Feature","geometry":{"type":"Polygon","coordinates":[[[2.3046,49.99125],[2.30489,49.9978],[2.29208,50.00409],[2.28397,49.99595],[2.28816,49.99386],[2.29703,49.99],[2.3046,49.99125]]]},"properties":{"code_territoire":"iris805650000","libelle_territoire":"Montonvillers (commune non irisée)"}},
{"type":"Feature","geometry":{"type":"Polygon","coordinates":[[[2.20794,50.07877],[2.23111,50.07204],[2.23777,50.08755],[2.24707,50.09117],[2.24709,50.09416],[2.24293,50.09611],[2.24603,50.0984],[2.23875,50.10039],[2.23387,50.09613],[2.22954,50.09718],[2.23044,50.09944],[2.22211,50.09865],[2.21177,50.1108],[2.19758,50.10775],[2.20042,50.10526],[2.19103,50.09216],[2.19115,50.08212],[2.20014,50.08371],[2.19953,50.08148],[2.20794,50.07877]]]},"properties":{"code_territoire":"iris805660000","libelle_territoire":"Fieffes-Montrelet (commune non irisée)"}},
{"type":"Feature","geometry":{"type":"Polygon","coordinates":[[[2.94574,49.79466],[2.94232,49.80098],[2.9362,49.80175],[2.93285,49.81003],[2.92597,49.81017],[2.92705,49.81377],[2.91035,49.81185],[2.90435,49.8102],[2.90768,49.79194],[2.91491,49.7934],[2.91368,49.78704],[2.92199,49.78591],[2.93141,49.79011],[2.93588,49.78732],[2.93774,49.78994],[2.93634,49.79397],[2.94574,49.79466]]]},"properties":{"code_territoire":"iris805680000","libelle_territoire":"Morchain (commune non irisée)"}},
{"type":"Feature","geometry":{"type":"Polygon","coordinates":[[[2.65138,49.87263],[2.6709,49.87297],[2.67171,49.87689],[2.67704,49.878],[2.67988,49.88794],[2.67139,49.89349],[2.67158,49.89877],[2.66697,49.90167],[2.65821,49.89667],[2.64974,49.90182],[2.64273,49.89966],[2.63644,49.87764],[2.63624,49.87253],[2.64727,49.87451],[2.64678,49.87256],[2.65138,49.87263]]]},"properties":{"code_territoire":"iris805690000","libelle_territoire":"Morcourt (commune non irisée)"}},
{"type":"Feature","geometry":{"type":"Polygon","coordinates":[[[2.43945,49.76984],[2.45415,49.77115],[2.45406,49.77576],[2.46624,49.78016],[2.48412,49.7642],[2.48382,49.7533],[2.49389,49.74993],[2.47929,49.74057],[2.50187,49.74516],[2.50887,49.75043],[2.51494,49.75059],[2.51467,49.75595],[2.52433,49.75924],[2.51904,49.7661],[2.52473,49.76684],[2.52167,49.76836],[2.52812,49.77223],[2.5261,49.78006],[2.52531,49.7856],[2.51741,49.78419],[2.51495,49.79142],[2.50894,49.79115],[2.51054,49.79332],[2.50934,49.79559],[2.49735,49.79427],[2.48679,49.79724],[2.45742,49.79206],[2.44888,49.79956],[2.42961,49.78971],[2.42556,49.7828],[2.42646,49.77764],[2.43647,49.77604],[2.43945,49.76984]]]},"properties":{"code_territoire":"iris805700000","libelle_territoire":"Moreuil (commune non irisée)"}},
{"type":"Feature","geometry":{"type":"Polygon","coordinates":[[[2.55247,49.86942],[2.55239,49.87107],[2.53701,49.87823],[2.52719,49.88671],[2.51113,49.88073],[2.49647,49.87998],[2.49176,49.87278],[2.48431,49.87285],[2.48898,49.86853],[2.486,49.85877],[2.49763,49.86114],[2.49791,49.85138],[2.51863,49.84779],[2.51972,49.84385],[2.52581,49.84477],[2.52507,49.83898],[2.52825,49.83936],[2.53848,49.84405],[2.53542,49.85155],[2.54515,49.85296],[2.54472,49.85652],[2.54936,49.85824],[2.54091,49.8598],[2.54093,49.86463],[2.54823,49.86771],[2.54672,49.86932],[2.55247,49.86942]]]},"properties":{"code_territoire":"iris807990000","libelle_territoire":"Villers-Bretonneux (commune non irisée)"}},
{"type":"Feature","geometry":{"type":"Polygon","coordinates":[[[1.8485,49.8763],[1.84356,49.87715],[1.84065,49.88308],[1.82602,49.87713],[1.82324,49.87996],[1.814,49.87387],[1.82574,49.86256],[1.83483,49.86034],[1.83916,49.86154],[1.85404,49.85693],[1.85785,49.86201],[1.84868,49.86527],[1.85049,49.86861],[1.84443,49.87314],[1.8485,49.8763]]]},"properties":{"code_territoire":"iris808000000","libelle_territoire":"Villers-Campsart (commune non irisée)"}},
{"type":"Feature","geometry":{"type":"Polygon","coordinates":[[[2.86467,49.85992],[2.87887,49.8634],[2.88381,49.86053],[2.89554,49.85927],[2.89878,49.86338],[2.90131,49.86115],[2.9206,49.8654],[2.92647,49.86654],[2.92963,49.87275],[2.92863,49.87631],[2.92345,49.87639],[2.89882,49.87665],[2.89561,49.88267],[2.88097,49.88205],[2.87896,49.87591],[2.8673,49.87575],[2.86467,49.85992]]]},"properties":{"code_territoire":"iris808010000","libelle_territoire":"Villers-Carbonnel (commune non irisée)"}},
{"type":"Feature","geometry":{"type":"Polygon","coordinates":[[[3.07845,49.96601],[3.08081,49.96484],[3.09001,49.9677],[3.09163,49.9642],[3.098,49.96618],[3.09993,49.96321],[3.10968,49.96148],[3.11136,49.964],[3.11807,49.96014],[3.1338,49.96899],[3.1308,49.97245],[3.13821,49.97907],[3.14294,49.98382],[3.13834,49.98591],[3.13381,49.98936],[3.11654,49.98605],[3.09727,49.99599],[3.09905,49.99198],[3.09586,49.99316],[3.09123,49.98574],[3.08453,49.98717],[3.0727,49.98105],[3.07694,49.97725],[3.07845,49.96601]]]},"properties":{"code_territoire":"iris808020000","libelle_territoire":"Villers-Faucon (commune non irisée)"}},
{"type":"Feature","geometry":{"type":"Polygon","coordinates":[[[2.7561,49.71238],[2.74339,49.7176],[2.73195,49.72233],[2.72313,49.70919],[2.72012,49.71016],[2.71031,49.70136],[2.71051,49.69798],[2.71579,49.70079],[2.72274,49.699],[2.72084,49.69448],[2.7241,49.69635],[2.73262,49.69359],[2.74038,49.69541],[2.75565,49.69719],[2.7561,49.71238]]]},"properties":{"code_territoire":"iris808030000","libelle_territoire":"Villers-lès-Roye (commune non irisée)"}},
{"type":"Feature","geometry":{"type":"Polygon","coordinates":[[[2.0319,50.05101],[2.03944,50.05496],[2.03347,50.06161],[2.03638,50.06593],[2.03793,50.07045],[2.02655,50.07069],[2.02337,50.07332],[2.01579,50.07399],[2.01221,50.0774],[2.00366,50.07515],[1.99921,50.07041],[2.00256,50.06882],[1.9991,50.06683],[2.00133,50.06182],[1.99617,50.05964],[2.01362,50.05088],[2.02331,50.04855],[2.0319,50.05101]]]},"properties":{"code_territoire":"iris808040000","libelle_territoire":"Villers-sous-Ailly (commune non irisée)"}},
{"type":"Feature","geometry":{"type":"Polygon","coordinates":[[[2.44542,49.65304],[2.45265,49.641],[2.45564,49.64122],[2.45346,49.63543],[2.45806,49.63405],[2.46534,49.63811],[2.47229,49.64433],[2.48449,49.64768],[2.4855,49.6535],[2.48042,49.66167],[2.47006,49.66076],[2.46158,49.65948],[2.45427,49.66523],[2.44879,49.66313],[2.44542,49.65304]]]},"properties":{"code_territoire":"iris808050000","libelle_territoire":"Villers-Tournelle (commune non irisée)"}},
{"type":"Feature","geometry":{"type":"Polygon","coordinates":[[[1.72907,50.29656],[1.72502,50.30499],[1.72881,50.30555],[1.72774,50.30918],[1.72407,50.30909],[1.72211,50.31327],[1.72333,50.32051],[1.71542,50.32413],[1.70942,50.32302],[1.6969,50.32849],[1.6901,50.32651],[1.69456,50.33897],[1.68972,50.34375],[1.69315,50.33784],[1.68769,50.33839],[1.6658,50.3298],[1.66236,50.33133],[1.65571,50.32339],[1.65799,50.31968],[1.67887,50.30552],[1.6863,50.30119],[1.70734,50.30799],[1.72871,50.29632],[1.72907,50.29656]]]},"properties":{"code_territoire":"iris808060000","libelle_territoire":"Villers-sur-Authie (commune non irisée)"}},
{"type":"Feature","geometry":{"type":"Polygon","coordinates":[[[2.61254,49.93677],[2.61732,49.93703],[2.62174,49.95823],[2.63469,49.96241],[2.63807,49.95938],[2.64199,49.96183],[2.63897,49.9651],[2.64191,49.96711],[2.639,49.96662],[2.63651,49.97096],[2.62703,49.96528],[2.62304,49.96942],[2.61399,49.96574],[2.60644,49.96728],[2.59516,49.96091],[2.60128,49.95886],[2.59565,49.95181],[2.60089,49.94275],[2.59216,49.94085],[2.61254,49.93677]]]},"properties":{"code_territoire":"iris808070000","libelle_territoire":"Ville-sur-Ancre (commune non irisée)"}},
{"type":"Feature","geometry":{"type":"Polygon","coordinates":[[[1.8565,50.30471],[1.85471,50.31227],[1.84526,50.31472],[1.84197,50.31568],[1.84261,50.32235],[1.83408,50.31788],[1.83604,50.31597],[1.82286,50.30962],[1.82192,50.31395],[1.81487,50.31556],[1.81645,50.31959],[1.80764,50.31713],[1.79611,50.31379],[1.80002,50.30538],[1.78888,50.30037],[1.79742,50.29374],[1.79275,50.28473],[1.816,50.2825],[1.81798,50.27735],[1.8149,50.27521],[1.82981,50.28159],[1.83529,50.28136],[1.84088,50.27685],[1.85489,50.28751],[1.8565,50.30471]]]},"properties":{"code_territoire":"iris808080000","libelle_territoire":"Vironchaux (commune non irisée)"}},
{"type":"Feature","geometry":{"type":"Polygon","coordinates":[[[2.48382,49.7533],[2.48412,49.7642],[2.46624,49.78016],[2.45406,49.77576],[2.45415,49.77115],[2.43945,49.76984],[2.43239,49.76635],[2.43565,49.75737],[2.44108,49.75488],[2.45042,49.75904],[2.4588,49.75618],[2.4616,49.75829],[2.46793,49.75454],[2.47565,49.75758],[2.48382,49.7533]]]},"properties":{"code_territoire":"iris805710000","libelle_territoire":"Morisel (commune non irisée)"}},
{"type":"Feature","geometry":{"type":"Polygon","coordinates":[[[2.63038,49.93568],[2.64259,49.93642],[2.64526,49.93249],[2.6501,49.93411],[2.65792,49.92892],[2.66063,49.93257],[2.6637,49.9315],[2.66648,49.93307],[2.66025,49.93616],[2.67283,49.94093],[2.67856,49.95892],[2.65784,49.96163],[2.65418,49.96534],[2.6478,49.96389],[2.64486,49.96641],[2.64199,49.96183],[2.63807,49.95938],[2.63469,49.96241],[2.62174,49.95823],[2.61732,49.93703],[2.61788,49.93469],[2.63038,49.93568]]]},"properties":{"code_territoire":"iris805720000","libelle_territoire":"Morlancourt (commune non irisée)"}},
{"type":"Feature","geometry":{"type":"Polygon","coordinates":[[[1.84084,49.78923],[1.8268,49.79709],[1.82153,49.8101],[1.8088,49.80505],[1.81208,49.80172],[1.79777,49.79648],[1.81038,49.78373],[1.80882,49.77478],[1.81417,49.77212],[1.78117,49.76757],[1.78672,49.76196],[1.78378,49.7583],[1.79089,49.75761],[1.79415,49.75002],[1.80936,49.75424],[1.82051,49.76605],[1.82918,49.76591],[1.83328,49.76945],[1.84587,49.77248],[1.84143,49.77817],[1.83792,49.78302],[1.84448,49.78666],[1.84084,49.78923]]]},"properties":{"code_territoire":"iris805730000","libelle_territoire":"Morvillers-Saint-Saturnin (commune non irisée)"}},
{"type":"Feature","geometry":{"type":"Polygon","coordinates":[[[2.03944,50.05496],[2.0319,50.05101],[2.04774,50.03922],[2.0634,50.03976],[2.06698,50.03572],[2.06325,50.03435],[2.06504,50.032],[2.07805,50.03385],[2.08217,50.0371],[2.07378,50.03968],[2.07144,50.04736],[2.03944,50.05496]]]},"properties":{"code_territoire":"iris805740000","libelle_territoire":"Mouflers (commune non irisée)"}},
{"type":"Feature","geometry":{"type":"Polygon","coordinates":[[[1.73162,49.91814],[1.73947,49.91514],[1.751,49.92073],[1.75635,49.92703],[1.75059,49.93011],[1.74881,49.93743],[1.74286,49.93701],[1.73502,49.92754],[1.73206,49.92899],[1.72733,49.92614],[1.73298,49.92384],[1.73162,49.91814]]]},"properties":{"code_territoire":"iris805750000","libelle_territoire":"Mouflières (commune non irisée)"}},
{"type":"Feature","geometry":{"type":"Polygon","coordinates":[[[2.93059,49.71904],[2.93841,49.71944],[2.94157,49.71408],[2.95632,49.7139],[2.9643,49.72365],[2.96644,49.72687],[2.9609,49.73381],[2.94522,49.72929],[2.94052,49.73317],[2.93566,49.73091],[2.93368,49.73254],[2.92773,49.73074],[2.93059,49.71904]]]},"properties":{"code_territoire":"iris805760000","libelle_territoire":"Moyencourt (commune non irisée)"}},
{"type":"Feature","geometry":{"type":"Polygon","coordinates":[[[2.03093,49.78532],[2.034,49.78646],[2.03463,49.77917],[2.0466,49.77507],[2.07078,49.77782],[2.0815,49.78564],[2.0785,49.79506],[2.06579,49.78853],[2.0627,49.79426],[2.05008,49.79225],[2.04668,49.79113],[2.04109,49.79439],[2.04707,49.79934],[2.04146,49.80731],[2.03753,49.80812],[2.03223,49.8047],[2.02777,49.8086],[2.01829,49.80418],[2.01138,49.81003],[2.00399,49.80037],[2.007,49.79793],[2.01494,49.78686],[2.01922,49.78585],[2.03093,49.78532]]]},"properties":{"code_territoire":"iris805770000","libelle_territoire":"Moyencourt-lès-Poix (commune non irisée)"}},
{"type":"Feature","geometry":{"type":"Polygon","coordinates":[[[1.64711,49.98056],[1.66537,49.97643],[1.6702,49.98302],[1.67448,49.98216],[1.67437,49.98521],[1.68064,49.98259],[1.68586,49.98673],[1.68767,49.99407],[1.69243,49.99595],[1.68477,50.00101],[1.70373,50.01124],[1.68821,50.02287],[1.67373,50.02426],[1.6694,50.02002],[1.66744,50.02367],[1.65425,50.02323],[1.65179,50.02076],[1.65121,50.01042],[1.65623,50.00032],[1.6518,49.99772],[1.6524,49.99324],[1.64724,49.992],[1.64711,49.98056]]]},"properties":{"code_territoire":"iris808090000","libelle_territoire":"Vismes (commune non irisée)"}},
{"type":"Feature","geometry":{"type":"Polygon","coordinates":[[[2.04197,50.23349],[2.04973,50.23031],[2.05015,50.23339],[2.05533,50.23294],[2.05309,50.23522],[2.06341,50.23459],[2.06519,50.2415],[2.0722,50.24253],[2.07822,50.24849],[2.07686,50.25156],[2.07028,50.25102],[2.06538,50.25596],[2.05505,50.25447],[2.04771,50.25676],[2.04329,50.26313],[2.03813,50.2642],[2.03405,50.26037],[2.04498,50.25738],[2.04155,50.24677],[2.03937,50.24385],[2.04846,50.24562],[2.05241,50.24363],[2.04522,50.23908],[2.04843,50.2358],[2.04197,50.23349]]]},"properties":{"code_territoire":"iris808100000","libelle_territoire":"Vitz-sur-Authie (commune non irisée)"}},
{"type":"Feature","geometry":{"type":"Polygon","coordinates":[[[2.96894,49.78359],[2.97027,49.77925],[2.96581,49.7768],[2.96346,49.77279],[2.96884,49.75593],[2.97026,49.75357],[2.99396,49.75081],[3.00498,49.75426],[3.00599,49.75893],[2.99874,49.76512],[3.00003,49.7699],[2.99593,49.77086],[3.00297,49.78248],[3.00067,49.78547],[2.99601,49.78207],[2.99367,49.78498],[2.98893,49.78422],[2.98739,49.78828],[2.9798,49.78573],[2.9749,49.78749],[2.96894,49.78359]]]},"properties":{"code_territoire":"iris808110000","libelle_territoire":"Voyennes (commune non irisée)"}},
{"type":"Feature","geometry":{"type":"Polygon","coordinates":[[[3.08292,49.8786],[3.0818,49.88536],[3.07843,49.88555],[3.08641,49.89329],[3.08267,49.89545],[3.07229,49.89376],[3.06137,49.89874],[3.05627,49.89763],[3.05445,49.89603],[3.05085,49.88151],[3.0516,49.87852],[3.05759,49.87829],[3.0737,49.87618],[3.07529,49.8786],[3.08292,49.8786]]]},"properties":{"code_territoire":"iris808120000","libelle_territoire":"Vraignes-en-Vermandois (commune non irisée)"}},
{"type":"Feature","geometry":{"type":"Polygon","coordinates":[[[1.90094,49.80957],[1.91108,49.81301],[1.91781,49.81634],[1.91759,49.82102],[1.93054,49.82486],[1.92729,49.82892],[1.93176,49.83086],[1.92344,49.83657],[1.90133,49.83587],[1.88682,49.8159],[1.90094,49.80957]]]},"properties":{"code_territoire":"iris808130000","libelle_territoire":"Vraignes-lès-Hornoy (commune non irisée)"}},
{"type":"Feature","geometry":{"type":"Polygon","coordinates":[[[2.66371,49.7946],[2.66683,49.78614],[2.6743,49.79019],[2.67785,49.78703],[2.68288,49.78921],[2.68905,49.78689],[2.69147,49.79227],[2.69699,49.78745],[2.70252,49.78978],[2.70542,49.78657],[2.70821,49.7881],[2.71367,49.79727],[2.6917,49.80632],[2.67552,49.80751],[2.66567,49.8017],[2.66826,49.79987],[2.66371,49.7946]]]},"properties":{"code_territoire":"iris808140000","libelle_territoire":"Vrély (commune non irisée)"}},
{"type":"Feature","geometry":{"type":"Polygon","coordinates":[[[1.72907,50.29656],[1.7316,50.29736],[1.73224,50.29454],[1.74522,50.29647],[1.7495,50.30076],[1.766,50.29805],[1.78026,50.30158],[1.78888,50.30037],[1.80002,50.30538],[1.79611,50.31379],[1.80764,50.31713],[1.8044,50.31852],[1.81269,50.32668],[1.80114,50.33126],[1.81018,50.33544],[1.80416,50.33726],[1.79344,50.33837],[1.7826,50.32894],[1.77604,50.33096],[1.76616,50.32573],[1.76558,50.32818],[1.75878,50.32519],[1.75832,50.32955],[1.74769,50.33294],[1.74124,50.33135],[1.7393,50.33451],[1.72421,50.32736],[1.72539,50.3249],[1.72239,50.32707],[1.71542,50.32413],[1.72333,50.32051],[1.72211,50.31327],[1.72407,50.30909],[1.72774,50.30918],[1.72881,50.30555],[1.72502,50.30499],[1.72907,50.29656]]]},"properties":{"code_territoire":"iris808150000","libelle_territoire":"Vron (commune non irisée)"}},
{"type":"Feature","geometry":{"type":"Polygon","coordinates":[[[2.25711,50.02417],[2.25987,50.03731],[2.25442,50.05103],[2.24362,50.0492],[2.24583,50.03914],[2.24053,50.03591],[2.24484,50.02527],[2.25711,50.02417]]]},"properties":{"code_territoire":"iris808190000","libelle_territoire":"Wargnies (commune non irisée)"}},
{"type":"Feature","geometry":{"type":"Polygon","coordinates":[[[2.501,50.02483],[2.49982,50.00834],[2.49689,50.00809],[2.50096,50.00014],[2.5196,50.00097],[2.52412,49.99681],[2.53654,49.99751],[2.54452,50.00076],[2.5451,50.0076],[2.55674,50.01025],[2.5566,50.0123],[2.56355,50.01214],[2.56724,50.0152],[2.55282,50.03819],[2.54735,50.04109],[2.5333,50.03797],[2.52598,50.03138],[2.51566,50.02873],[2.51119,50.02678],[2.50734,50.02986],[2.50599,50.02467],[2.501,50.02483]]]},"properties":{"code_territoire":"iris808200000","libelle_territoire":"Warloy-Baillon (commune non irisée)"}},
{"type":"Feature","geometry":{"type":"Polygon","coordinates":[[[1.74964,50.08813],[1.74463,50.08437],[1.73657,50.08454],[1.73532,50.08962],[1.72683,50.08705],[1.72216,50.09114],[1.71756,50.09108],[1.71379,50.08703],[1.69955,50.08436],[1.69901,50.08238],[1.70757,50.07858],[1.71452,50.07951],[1.72701,50.07296],[1.72606,50.06763],[1.73364,50.06438],[1.74043,50.06183],[1.73939,50.06412],[1.74344,50.06435],[1.74463,50.06203],[1.7579,50.06164],[1.7595,50.06388],[1.784,50.06518],[1.7963,50.07222],[1.80463,50.0784],[1.80419,50.08876],[1.784,50.07782],[1.76544,50.08609],[1.75781,50.08998],[1.74964,50.08813]]]},"properties":{"code_territoire":"iris805780000","libelle_territoire":"Moyenneville (commune non irisée)"}},
{"type":"Feature","geometry":{"type":"Polygon","coordinates":[[[3.04077,49.723],[3.05237,49.71394],[3.05808,49.71164],[3.06544,49.71419],[3.07844,49.71093],[3.08337,49.71273],[3.08164,49.71943],[3.08751,49.73796],[3.08415,49.74011],[3.06873,49.74015],[3.05859,49.72525],[3.04327,49.72597],[3.04077,49.723]]]},"properties":{"code_territoire":"iris805790000","libelle_territoire":"Muille-Villette (commune non irisée)"}},
{"type":"Feature","geometry":{"type":"Polygon","coordinates":[[[1.69456,50.33897],[1.6901,50.32651],[1.6969,50.32849],[1.70942,50.32302],[1.71542,50.32413],[1.72239,50.32707],[1.72539,50.3249],[1.72421,50.32736],[1.7393,50.33451],[1.74124,50.33135],[1.74769,50.33294],[1.75832,50.32955],[1.75878,50.32519],[1.76558,50.32818],[1.76616,50.32573],[1.77604,50.33096],[1.7826,50.32894],[1.79344,50.33837],[1.80416,50.33726],[1.79034,50.34508],[1.80478,50.35961],[1.76183,50.36159],[1.75935,50.35807],[1.7352,50.35341],[1.74065,50.35103],[1.72824,50.34594],[1.70498,50.34374],[1.69456,50.33897]]]},"properties":{"code_territoire":"iris805800000","libelle_territoire":"Nampont (commune non irisée)"}},
{"type":"Feature","geometry":{"type":"Polygon","coordinates":[[[2.0815,49.78564],[2.09181,49.78984],[2.10306,49.78836],[2.11239,49.79387],[2.11942,49.78779],[2.12497,49.78498],[2.14088,49.78873],[2.14575,49.7937],[2.15633,49.79419],[2.1698,49.80507],[2.16541,49.81057],[2.17022,49.82016],[2.16541,49.81737],[2.15813,49.82312],[2.13716,49.82636],[2.12192,49.822],[2.11571,49.82659],[2.10179,49.81996],[2.08499,49.81637],[2.0875,49.81428],[2.08238,49.81251],[2.08559,49.80984],[2.07124,49.8032],[2.0785,49.79506],[2.0815,49.78564]]]},"properties":{"code_territoire":"iris805820000","libelle_territoire":"Namps-Maisnil (commune non irisée)"}},
{"type":"Feature","geometry":{"type":"Polygon","coordinates":[[[1.96722,49.89722],[1.96688,49.90002],[1.97397,49.90246],[1.97082,49.90452],[1.97613,49.91113],[1.96693,49.91675],[1.98033,49.92413],[1.97385,49.92506],[1.98024,49.92852],[1.97205,49.93561],[1.96153,49.92783],[1.9399,49.92985],[1.92002,49.92494],[1.92211,49.91884],[1.93749,49.92006],[1.94991,49.9134],[1.9552,49.90558],[1.95197,49.89784],[1.95678,49.8934],[1.96722,49.89722]]]},"properties":{"code_territoire":"iris808210000","libelle_territoire":"Warlus (commune non irisée)"}},
{"type":"Feature","geometry":{"type":"Polygon","coordinates":[[[2.64083,49.71244],[2.63706,49.71195],[2.64053,49.70893],[2.63147,49.70207],[2.62643,49.70371],[2.62456,49.70187],[2.6312,49.69564],[2.64322,49.697],[2.65087,49.69795],[2.65131,49.70274],[2.65595,49.70444],[2.65565,49.71373],[2.66289,49.71243],[2.66321,49.71535],[2.65134,49.71751],[2.64931,49.71391],[2.64083,49.71244]]]},"properties":{"code_territoire":"iris808220000","libelle_territoire":"Warsy (commune non irisée)"}},
{"type":"Feature","geometry":{"type":"Polygon","coordinates":[[[2.68089,49.77034],[2.68791,49.76798],[2.68788,49.76438],[2.6967,49.76969],[2.69854,49.77503],[2.70585,49.77692],[2.70076,49.78033],[2.71221,49.78506],[2.70821,49.7881],[2.70542,49.78657],[2.70252,49.78978],[2.69699,49.78745],[2.69147,49.79227],[2.68905,49.78689],[2.68288,49.78921],[2.67785,49.78703],[2.67441,49.78302],[2.6808,49.77934],[2.67483,49.77272],[2.68089,49.77034]]]},"properties":{"code_territoire":"iris808230000","libelle_territoire":"Warvillers (commune non irisée)"}},
{"type":"Feature","geometry":{"type":"Polygon","coordinates":[[[2.59327,49.85684],[2.59048,49.84614],[2.59495,49.84569],[2.59264,49.83777],[2.59642,49.83691],[2.59142,49.83592],[2.5943,49.83291],[2.5901,49.82634],[2.59932,49.82598],[2.60348,49.82195],[2.61315,49.82548],[2.62207,49.85032],[2.61064,49.85236],[2.60673,49.85698],[2.59327,49.85684]]]},"properties":{"code_territoire":"iris808240000","libelle_territoire":"Wiencourt-l'Équipée (commune non irisée)"}},
{"type":"Feature","geometry":{"type":"Polygon","coordinates":[[[1.8569,49.95026],[1.8622,49.95352],[1.86341,49.96225],[1.85281,49.96186],[1.83344,49.96632],[1.82656,49.96568],[1.82949,49.95544],[1.82493,49.94915],[1.8304,49.9449],[1.83066,49.94292],[1.85033,49.94655],[1.8569,49.95026]]]},"properties":{"code_territoire":"iris808250000","libelle_territoire":"Wiry-au-Mont (commune non irisée)"}},
{"type":"Feature","geometry":{"type":"Polygon","coordinates":[[[1.49769,50.09831],[1.50874,50.11484],[1.52505,50.12601],[1.52512,50.13018],[1.5213,50.1278],[1.52259,50.13077],[1.51492,50.13817],[1.50988,50.13582],[1.50621,50.13805],[1.48855,50.12705],[1.48418,50.13098],[1.49262,50.13839],[1.48845,50.13707],[1.483,50.14003],[1.47937,50.15122],[1.46823,50.13904],[1.4542,50.11009],[1.46503,50.10257],[1.46576,50.09714],[1.46985,50.10052],[1.49157,50.09555],[1.49769,50.09831]]]},"properties":{"code_territoire":"iris808260000","libelle_territoire":"Woignarue (commune non irisée)"}},
{"type":"Feature","geometry":{"type":"Polygon","coordinates":[[[1.54076,50.04968],[1.55847,50.0656],[1.55948,50.07048],[1.55189,50.07447],[1.52648,50.06976],[1.53057,50.06466],[1.52751,50.05194],[1.54076,50.04968]]]},"properties":{"code_territoire":"iris808270000","libelle_territoire":"Woincourt (commune non irisée)"}},
{"type":"Feature","geometry":{"type":"Polygon","coordinates":[[[1.81383,49.96597],[1.80981,49.95914],[1.82493,49.94915],[1.82949,49.95544],[1.82656,49.96568],[1.81383,49.96597]]]},"properties":{"code_territoire":"iris808280000","libelle_territoire":"Woirel (commune non irisée)"}},
{"type":"Feature","geometry":{"type":"Polygon","coordinates":[[[2.98009,49.81407],[2.97311,49.81098],[2.97601,49.80809],[2.98061,49.79027],[2.98599,49.79142],[2.99175,49.79291],[2.99532,49.80055],[2.99967,49.79953],[3.0027,49.80506],[2.99149,49.81062],[2.98166,49.80888],[2.98009,49.81407]]]},"properties":{"code_territoire":"iris808290000","libelle_territoire":"Y (commune non irisée)"}},
{"type":"Feature","geometry":{"type":"Polygon","coordinates":[[[2.20613,49.80206],[2.19162,49.79257],[2.20679,49.78378],[2.21313,49.78306],[2.2254,49.77259],[2.23413,49.77575],[2.23227,49.79248],[2.20923,49.80423],[2.20613,49.80206]]]},"properties":{"code_territoire":"iris805830000","libelle_territoire":"Nampty (commune non irisée)"}},
{"type":"Feature","geometry":{"type":"Polygon","coordinates":[[[2.29795,50.02461],[2.30543,50.02556],[2.29835,50.03607],[2.3126,50.0474],[2.30973,50.06673],[2.30355,50.0728],[2.29421,50.07032],[2.2705,50.05916],[2.26301,50.05994],[2.26244,50.05367],[2.25442,50.05103],[2.25987,50.03731],[2.25711,50.02417],[2.27246,50.02128],[2.29795,50.02461]]]},"properties":{"code_territoire":"iris805840000","libelle_territoire":"Naours (commune non irisée)"}},
{"type":"Feature","geometry":{"type":"Polygon","coordinates":[[[2.9149,49.75015],[2.93057,49.75306],[2.94428,49.7615],[2.94009,49.76294],[2.93848,49.77108],[2.9311,49.77052],[2.92061,49.7664],[2.91588,49.7695],[2.90709,49.76374],[2.89432,49.76884],[2.89896,49.7739],[2.89252,49.77321],[2.88773,49.77162],[2.88014,49.76015],[2.88804,49.76],[2.88561,49.75551],[2.88916,49.74785],[2.89991,49.74631],[2.9149,49.75015]]]},"properties":{"code_territoire":"iris805850000","libelle_territoire":"Nesle (commune non irisée)"}},
{"type":"Feature","geometry":{"type":"Polygon","coordinates":[[[1.67904,49.91671],[1.67836,49.91356],[1.68462,49.91086],[1.68505,49.90282],[1.68972,49.90288],[1.69171,49.89865],[1.7117,49.90833],[1.7078,49.91644],[1.69656,49.91671],[1.70239,49.92078],[1.69648,49.92612],[1.68383,49.92878],[1.68412,49.93091],[1.68057,49.92554],[1.67625,49.92569],[1.67904,49.91671]]]},"properties":{"code_territoire":"iris805860000","libelle_territoire":"Nesle-l'Hôpital (commune non irisée)"}},
{"type":"Feature","geometry":{"type":"Polygon","coordinates":[[[1.64759,49.92859],[1.67904,49.91671],[1.67625,49.92569],[1.67388,49.93425],[1.66192,49.93126],[1.65447,49.93538],[1.65336,49.93506],[1.64759,49.92859]]]},"properties":{"code_territoire":"iris805870000","libelle_territoire":"Neslette (commune non irisée)"}},
{"type":"Feature","geometry":{"type":"Polygon","coordinates":[[[1.96817,50.09096],[1.97841,50.09306],[1.98147,50.09074],[1.98907,50.09644],[2.00016,50.09412],[1.99421,50.1007],[1.99361,50.10791],[1.98627,50.10882],[1.98231,50.11253],[1.98829,50.12106],[1.97662,50.12576],[1.96516,50.12254],[1.95853,50.1077],[1.96175,50.09487],[1.96817,50.09096]]]},"properties":{"code_territoire":"iris808300000","libelle_territoire":"Yaucourt-Bussus (commune non irisée)"}},
{"type":"Feature","geometry":{"type":"Polygon","coordinates":[[[2.01194,50.16712],[2.04723,50.18132],[2.03888,50.18837],[2.00897,50.20294],[2.00761,50.20073],[2.0018,50.20265],[1.99158,50.19444],[1.99898,50.18542],[1.9941,50.17637],[2.00978,50.16645],[2.01194,50.16712]]]},"properties":{"code_territoire":"iris808320000","libelle_territoire":"Yvrench (commune non irisée)"}},
{"type":"Feature","geometry":{"type":"Polygon","coordinates":[[[1.96927,50.16798],[1.97546,50.16099],[1.98522,50.16754],[2.00309,50.16324],[2.00978,50.16645],[1.9941,50.17637],[1.99898,50.18542],[1.99158,50.19444],[1.9771,50.19373],[1.97506,50.18641],[1.97098,50.18556],[1.97345,50.18146],[1.97276,50.17569],[1.96833,50.17483],[1.96927,50.16798]]]},"properties":{"code_territoire":"iris808330000","libelle_territoire":"Yvrencheux (commune non irisée)"}},
{"type":"Feature","geometry":{"type":"Polygon","coordinates":[[[1.52751,50.05194],[1.53057,50.06466],[1.52648,50.06976],[1.51965,50.07277],[1.51198,50.07082],[1.50572,50.06622],[1.51195,50.05948],[1.50603,50.05527],[1.51044,50.05276],[1.50746,50.04972],[1.51755,50.04734],[1.52158,50.05168],[1.52751,50.05194]]]},"properties":{"code_territoire":"iris808340000","libelle_territoire":"Yzengremer (commune non irisée)"}},
{"type":"Feature","geometry":{"type":"Polygon","coordinates":[[[2.08919,49.9751],[2.11152,49.96364],[2.12195,49.97177],[2.12036,49.97802],[2.1258,49.98157],[2.12551,49.99041],[2.11633,49.99702],[2.11378,49.9915],[2.10142,49.98844],[2.08919,49.9751]]]},"properties":{"code_territoire":"iris808350000","libelle_territoire":"Yzeux (commune non irisée)"}},
{"type":"Feature","geometry":{"type":"Polygon","coordinates":[[[1.80419,50.08876],[1.80551,50.09152],[1.79765,50.10136],[1.79156,50.10267],[1.76544,50.08609],[1.784,50.07782],[1.80419,50.08876]]]},"properties":{"code_territoire":"iris808360000","libelle_territoire":"Yonval (commune non irisée)"}},
{"type":"Feature","geometry":{"type":"Polygon","coordinates":[[[1.89152,50.11611],[1.89548,50.11187],[1.90295,50.11322],[1.91007,50.10833],[1.90836,50.12128],[1.92093,50.12351],[1.9204,50.1306],[1.90946,50.13076],[1.91246,50.14043],[1.90278,50.14078],[1.89534,50.13949],[1.88639,50.13033],[1.89431,50.1309],[1.893,50.12553],[1.89948,50.12302],[1.89152,50.11611]]]},"properties":{"code_territoire":"iris805880000","libelle_territoire":"Neufmoulin (commune non irisée)"}},
{"type":"Feature","geometry":{"type":"Polygon","coordinates":[[[2.02661,50.22284],[2.03463,50.2162],[2.04845,50.22233],[2.04642,50.21726],[2.06493,50.21862],[2.06863,50.22703],[2.07055,50.23037],[2.06341,50.23459],[2.05309,50.23522],[2.05533,50.23294],[2.05015,50.23339],[2.04973,50.23031],[2.04197,50.23349],[2.04034,50.23565],[2.02992,50.23302],[2.02252,50.22528],[2.02661,50.22284]]]},"properties":{"code_territoire":"iris805890000","libelle_territoire":"Neuilly-le-Dien (commune non irisée)"}},
{"type":"Feature","geometry":{"type":"Polygon","coordinates":[[[1.84951,50.17497],[1.84546,50.16848],[1.85264,50.16717],[1.85024,50.16183],[1.85569,50.15967],[1.86253,50.16311],[1.88685,50.162],[1.89273,50.1604],[1.91382,50.16641],[1.91258,50.17379],[1.90005,50.1797],[1.88176,50.17811],[1.8807,50.1758],[1.86183,50.17748],[1.86119,50.17546],[1.85414,50.17761],[1.84951,50.17497]]]},"properties":{"code_territoire":"iris805900000","libelle_territoire":"Neuilly-l'Hôpital (commune non irisée)"}},
{"type":"Feature","geometry":{"type":"Polygon","coordinates":[[[1.7746,49.97686],[1.76906,49.97095],[1.77058,49.9641],[1.77946,49.96174],[1.77837,49.95772],[1.78628,49.9588],[1.78757,49.96615],[1.80154,49.97277],[1.79542,49.97827],[1.7919,49.97546],[1.78665,49.97831],[1.78196,49.97474],[1.7746,49.97686]]]},"properties":{"code_territoire":"iris805910000","libelle_territoire":"Neuville-au-Bois (commune non irisée)"}},
{"type":"Feature","geometry":{"type":"Polygon","coordinates":[[[1.74755,49.87011],[1.74076,49.87418],[1.7334,49.87428],[1.73082,49.87097],[1.71851,49.86578],[1.72039,49.8503],[1.71715,49.84823],[1.72576,49.84529],[1.72593,49.83982],[1.73403,49.84345],[1.7349,49.83979],[1.7552,49.84511],[1.75992,49.84307],[1.7574,49.84583],[1.76209,49.84697],[1.75744,49.84916],[1.77699,49.85662],[1.76998,49.85521],[1.76318,49.86012],[1.75539,49.85603],[1.75082,49.86017],[1.75392,49.86386],[1.74755,49.87011]]]},"properties":{"code_territoire":"iris805920000","libelle_territoire":"Neuville-Coppegueule (commune non irisée)"}},
{"type":"Feature","geometry":{"type":"Polygon","coordinates":[[[2.70923,49.91601],[2.70893,49.91555],[2.71515,49.91296],[2.71378,49.90711],[2.72446,49.91176],[2.72936,49.91957],[2.73549,49.91765],[2.73912,49.9218],[2.73326,49.9228],[2.73735,49.92779],[2.7254,49.93471],[2.71451,49.93708],[2.70923,49.91601]]]},"properties":{"code_territoire":"iris805930000","libelle_territoire":"La Neuville-lès-Bray (commune non irisée)"}},
{"type":"Feature","geometry":{"type":"Polygon","coordinates":[[[2.50887,49.75043],[2.50879,49.73809],[2.52118,49.73007],[2.54142,49.73603],[2.53661,49.73842],[2.52433,49.75924],[2.51467,49.75595],[2.51494,49.75059],[2.50887,49.75043]]]},"properties":{"code_territoire":"iris805950000","libelle_territoire":"La Neuville-Sire-Bernard (commune non irisée)"}},
{"type":"Feature","geometry":{"type":"Polygon","coordinates":[[[2.3047,50.19985],[2.30935,50.19776],[2.32302,50.20033],[2.32837,50.20678],[2.32716,50.21315],[2.32447,50.2196],[2.32035,50.22042],[2.30168,50.21308],[2.30665,50.20485],[2.3047,50.19985]]]},"properties":{"code_territoire":"iris805960000","libelle_territoire":"Neuvillette (commune non irisée)"}},
{"type":"Feature","geometry":{"type":"Polygon","coordinates":[[[1.61147,50.0713],[1.61189,50.08843],[1.60272,50.0927],[1.59336,50.10489],[1.60603,50.11136],[1.59472,50.12446],[1.58357,50.12349],[1.58307,50.11614],[1.56657,50.10058],[1.57051,50.0929],[1.5567,50.08505],[1.56538,50.08143],[1.57149,50.0838],[1.57362,50.07746],[1.58314,50.07717],[1.58842,50.07288],[1.60153,50.07407],[1.60195,50.07009],[1.60718,50.06859],[1.61147,50.0713]]]},"properties":{"code_territoire":"iris805970000","libelle_territoire":"Nibas (commune non irisée)"}},
{"type":"Feature","geometry":{"type":"Polygon","coordinates":[[[1.75907,50.2015],[1.7682,50.19834],[1.7688,50.20027],[1.77577,50.19947],[1.77622,50.19467],[1.78821,50.19392],[1.78973,50.198],[1.80221,50.20061],[1.81688,50.19779],[1.81741,50.19795],[1.82155,50.21203],[1.79974,50.21051],[1.79026,50.21565],[1.81132,50.21662],[1.81371,50.22325],[1.80842,50.22375],[1.80876,50.2259],[1.7864,50.22793],[1.78757,50.23642],[1.76767,50.23697],[1.74686,50.22623],[1.74794,50.224],[1.7429,50.22225],[1.74681,50.21414],[1.75305,50.21467],[1.75115,50.21184],[1.75907,50.2015]]]},"properties":{"code_territoire":"iris805980000","libelle_territoire":"Nouvion (commune non irisée)"}},
{"type":"Feature","geometry":{"type":"Polygon","coordinates":[[[1.9771,50.19373],[1.99158,50.19444],[2.0018,50.20265],[2.00761,50.20073],[2.00897,50.20294],[2.01186,50.21419],[2.00062,50.21698],[2.00842,50.22424],[2.00138,50.22678],[2.0023,50.22992],[1.99466,50.23442],[1.98734,50.23064],[1.96891,50.22068],[1.97297,50.2159],[1.96446,50.21108],[1.959,50.20163],[1.95592,50.20017],[1.96107,50.19767],[1.96875,50.19772],[1.96954,50.19415],[1.9771,50.19373]]]},"properties":{"code_territoire":"iris805990000","libelle_territoire":"Noyelles-en-Chaussée (commune non irisée)"}},
{"type":"Feature","geometry":{"type":"Polygon","coordinates":[[[1.75907,50.2015],[1.75115,50.21184],[1.7431,50.20706],[1.74324,50.20906],[1.73153,50.20644],[1.71982,50.20776],[1.71389,50.20371],[1.67694,50.19416],[1.68872,50.18801],[1.68381,50.18301],[1.69462,50.17244],[1.7119,50.16304],[1.7184,50.16137],[1.7159,50.15873],[1.71987,50.15759],[1.73706,50.17143],[1.74578,50.17747],[1.74916,50.18513],[1.75437,50.18534],[1.75907,50.2015]]]},"properties":{"code_territoire":"iris806000000","libelle_territoire":"Noyelles-sur-Mer (commune non irisée)"}},
{"type":"Feature","geometry":{"type":"Polygon","coordinates":[[[3.04426,50.01029],[3.03859,50.01413],[3.03278,50.01279],[3.02368,50.01523],[3.01109,50.01166],[3.00398,50.01703],[2.99856,50.01852],[2.99768,50.01669],[2.99279,50.0114],[3.00118,50.00483],[2.99776,50.00199],[3.00104,49.99789],[2.99741,49.98976],[3.00558,49.98441],[3.01269,49.98998],[3.01409,49.99594],[3.02413,49.99546],[3.02948,49.99863],[3.04426,50.01029]]]},"properties":{"code_territoire":"iris806010000","libelle_territoire":"Nurlu (commune non irisée)"}},
{"type":"Feature","geometry":{"type":"Polygon","coordinates":[[[2.30935,50.19776],[2.3047,50.19985],[2.28948,50.19755],[2.27421,50.18836],[2.27119,50.18969],[2.27152,50.18239],[2.26064,50.17605],[2.27397,50.16752],[2.27954,50.17141],[2.2949,50.16709],[2.29849,50.17482],[2.30552,50.17445],[2.3012,50.17801],[2.30139,50.18674],[2.30935,50.19776]]]},"properties":{"code_territoire":"iris806020000","libelle_territoire":"Occoches (commune non irisée)"}},
{"type":"Feature","geometry":{"type":"Polygon","coordinates":[[[1.61189,50.08843],[1.61597,50.08839],[1.61747,50.09306],[1.62336,50.09213],[1.62399,50.10466],[1.62873,50.10605],[1.62604,50.11071],[1.61692,50.1085],[1.60603,50.11136],[1.59336,50.10489],[1.60272,50.0927],[1.61189,50.08843]]]},"properties":{"code_territoire":"iris806030000","libelle_territoire":"Ochancourt (commune non irisée)"}},
{"type":"Feature","geometry":{"type":"Polygon","coordinates":[[[1.84143,49.77817],[1.86372,49.78707],[1.86577,49.78491],[1.87093,49.7936],[1.86464,49.80675],[1.87342,49.81214],[1.86403,49.81194],[1.85917,49.80869],[1.84084,49.78923],[1.84448,49.78666],[1.83792,49.78302],[1.84143,49.77817]]]},"properties":{"code_territoire":"iris806040000","libelle_territoire":"Offignies (commune non irisée)"}},
{"type":"Feature","geometry":{"type":"Polygon","coordinates":[[[3.00067,49.78547],[3.00297,49.78248],[2.99593,49.77086],[3.00003,49.7699],[2.99874,49.76512],[3.00599,49.75893],[3.01113,49.7553],[3.02457,49.75675],[3.02833,49.75485],[3.02575,49.75875],[3.03336,49.76476],[3.03353,49.77429],[3.03726,49.77663],[3.02507,49.78796],[3.01758,49.78377],[3.00067,49.78547]]]},"properties":{"code_territoire":"iris806050000","libelle_territoire":"Offoy (commune non irisée)"}},
{"type":"Feature","geometry":{"type":"Polygon","coordinates":[[[1.75647,49.973],[1.7521,49.97068],[1.75534,49.96686],[1.7448,49.96366],[1.74121,49.9655],[1.73498,49.95564],[1.73975,49.95589],[1.74085,49.94991],[1.74644,49.94665],[1.74248,49.94387],[1.74285,49.93703],[1.76779,49.94665],[1.77917,49.94066],[1.77748,49.95007],[1.78787,49.95454],[1.78628,49.9588],[1.77837,49.95772],[1.77946,49.96174],[1.77058,49.9641],[1.76906,49.97095],[1.75647,49.973]]]},"properties":{"code_territoire":"iris806060000","libelle_territoire":"Oisemont (commune non irisée)"}},
{"type":"Feature","geometry":{"type":"Polygon","coordinates":[[[2.06003,49.88632],[2.08019,49.89582],[2.08091,49.89757],[2.07119,49.89904],[2.08063,49.90999],[2.05976,49.91665],[2.05288,49.9162],[2.04817,49.90998],[2.03623,49.90591],[2.04381,49.90453],[2.04404,49.8979],[2.05899,49.89306],[2.05828,49.88641],[2.06003,49.88632]]]},"properties":{"code_territoire":"iris806070000","libelle_territoire":"Oissy (commune non irisée)"}},
{"type":"Feature","geometry":{"type":"Polygon","coordinates":[[[1.94631,50.1582],[1.95808,50.14491],[1.97056,50.13712],[1.96734,50.13051],[1.97662,50.12576],[1.98829,50.12106],[2.00213,50.12613],[2.00465,50.13009],[1.98766,50.13417],[1.98614,50.14376],[2.00147,50.15392],[2.00914,50.15362],[2.01529,50.1577],[2.01194,50.16712],[2.00978,50.16645],[2.00309,50.16324],[1.98522,50.16754],[1.97546,50.16099],[1.96927,50.16798],[1.96719,50.16316],[1.94786,50.16183],[1.94631,50.1582]]]},"properties":{"code_territoire":"iris806090000","libelle_territoire":"Oneux (commune non irisée)"}},
{"type":"Feature","geometry":{"type":"Polygon","coordinates":[[[2.27995,49.78584],[2.26308,49.77173],[2.25844,49.77473],[2.2515,49.77421],[2.23853,49.76979],[2.23326,49.75669],[2.26224,49.7503],[2.27503,49.75318],[2.28534,49.76015],[2.2917,49.7631],[2.29264,49.76069],[2.29917,49.76346],[2.30477,49.76223],[2.30062,49.77138],[2.29567,49.77191],[2.29097,49.77986],[2.28607,49.77662],[2.29204,49.78182],[2.28427,49.78613],[2.27995,49.78584]]]},"properties":{"code_territoire":"iris806110000","libelle_territoire":"Oresmaux (commune non irisée)"}},
{"type":"Feature","geometry":{"type":"Polygon","coordinates":[[[1.45917,50.06274],[1.45488,50.05582],[1.45592,50.0444],[1.44885,50.0455],[1.45498,50.03766],[1.47339,50.03364],[1.48667,50.04332],[1.48384,50.04759],[1.48371,50.05319],[1.4806,50.05363],[1.4832,50.05687],[1.47525,50.06372],[1.45917,50.06274]]]},"properties":{"code_territoire":"iris806130000","libelle_territoire":"Oust-Marest (commune non irisée)"}},
{"type":"Feature","geometry":{"type":"Polygon","coordinates":[[[2.22365,50.16317],[2.22937,50.16523],[2.24496,50.15273],[2.25219,50.15111],[2.25595,50.15365],[2.25808,50.15156],[2.26748,50.15557],[2.26895,50.15227],[2.27217,50.15457],[2.26795,50.1599],[2.27397,50.16752],[2.26064,50.17605],[2.27152,50.18239],[2.27119,50.18969],[2.26336,50.19138],[2.25126,50.18514],[2.25045,50.18167],[2.23594,50.18118],[2.23506,50.17574],[2.23258,50.17719],[2.22751,50.1744],[2.22636,50.16824],[2.22087,50.16673],[2.22365,50.16317]]]},"properties":{"code_territoire":"iris806140000","libelle_territoire":"Outrebois (commune non irisée)"}},
{"type":"Feature","geometry":{"type":"Polygon","coordinates":[[[2.71759,50.02616],[2.70916,50.03032],[2.71689,50.03439],[2.71108,50.04343],[2.71218,50.04602],[2.72049,50.04712],[2.71859,50.05353],[2.7067,50.05049],[2.69513,50.04665],[2.68867,50.04012],[2.67839,50.02986],[2.68189,50.02328],[2.67775,50.01976],[2.67569,50.01279],[2.67795,50.01058],[2.69219,50.01068],[2.69485,50.00808],[2.70124,50.01155],[2.70304,50.00951],[2.7115,50.01779],[2.71735,50.01509],[2.71419,50.02422],[2.71759,50.02616]]]},"properties":{"code_territoire":"iris806150000","libelle_territoire":"Ovillers-la-Boisselle (commune non irisée)"}},
{"type":"Feature","geometry":{"type":"Polygon","coordinates":[[[2.94574,49.79466],[2.95372,49.80068],[2.96474,49.80138],[2.95706,49.8078],[2.95779,49.81713],[2.94808,49.82317],[2.94937,49.82024],[2.93756,49.8169],[2.93285,49.81003],[2.9362,49.80175],[2.94232,49.80098],[2.94574,49.79466]]]},"properties":{"code_territoire":"iris806160000","libelle_territoire":"Pargny (commune non irisée)"}},
{"type":"Feature","geometry":{"type":"Polygon","coordinates":[[[2.70314,49.73425],[2.71091,49.73108],[2.7194,49.73767],[2.73653,49.73739],[2.74737,49.74291],[2.7528,49.74024],[2.76226,49.74703],[2.75521,49.74928],[2.75827,49.75159],[2.75052,49.75399],[2.75185,49.7562],[2.73987,49.76047],[2.73537,49.75697],[2.7299,49.76139],[2.71329,49.75332],[2.70934,49.75501],[2.69997,49.75314],[2.69404,49.74597],[2.69841,49.74523],[2.69051,49.73941],[2.69592,49.7372],[2.70314,49.73425]]]},"properties":{"code_territoire":"iris806170000","libelle_territoire":"Parvillers-le-Quesnoy (commune non irisée)"}},
{"type":"Feature","geometry":{"type":"Polygon","coordinates":[[[1.59472,50.12446],[1.59973,50.14182],[1.59496,50.14457],[1.60834,50.15277],[1.61048,50.15747],[1.60958,50.1647],[1.5932,50.17076],[1.60203,50.17914],[1.59959,50.17956],[1.5941,50.18341],[1.59138,50.18581],[1.57208,50.19496],[1.56164,50.19071],[1.56429,50.18637],[1.55706,50.18051],[1.55749,50.17555],[1.56666,50.16915],[1.56473,50.16652],[1.5799,50.15637],[1.57296,50.15005],[1.57487,50.14838],[1.56911,50.1464],[1.56766,50.13472],[1.58004,50.12976],[1.58357,50.12349],[1.59472,50.12446]]]},"properties":{"code_territoire":"iris806180000","libelle_territoire":"Pendé (commune non irisée)"}},
{"type":"Feature","geometry":{"type":"Polygon","coordinates":[[[2.18228,50.03485],[2.17982,50.03896],[2.18864,50.04952],[2.19501,50.04902],[2.19518,50.05656],[2.20302,50.0607],[2.20794,50.07877],[2.19953,50.08148],[2.20014,50.08371],[2.19115,50.08212],[2.17623,50.07446],[2.16704,50.05706],[2.16823,50.04206],[2.17813,50.03473],[2.18228,50.03485]]]},"properties":{"code_territoire":"iris806190000","libelle_territoire":"Pernois (commune non irisée)"}},
{"type":"Feature","geometry":{"type":"MultiPolygon","coordinates":[[[[2.93395,49.926],[2.94489,49.93191],[2.93902,49.93487],[2.93209,49.931],[2.93048,49.92528],[2.93395,49.926]]],[[[2.93516,49.93591],[2.93382,49.94181],[2.92049,49.94114],[2.93039,49.93277],[2.93516,49.93591]]]]},"properties":{"code_territoire":"iris806200101","libelle_territoire":"Iris 0101"}},
{"type":"Feature","geometry":{"type":"MultiPolygon","coordinates":[[[[2.91081,49.911],[2.91342,49.90421],[2.92004,49.90848],[2.93046,49.90632],[2.93317,49.91227],[2.92529,49.9174],[2.91425,49.91596],[2.91081,49.911]]],[[[2.93516,49.93591],[2.93039,49.93277],[2.93209,49.931],[2.93902,49.93487],[2.94686,49.93672],[2.94381,49.93981],[2.93899,49.94107],[2.9401,49.93551],[2.93516,49.93591]]]]},"properties":{"code_territoire":"iris806200201","libelle_territoire":"Iris 0201"}},
{"type":"Feature","geometry":{"type":"MultiPolygon","coordinates":[[[[2.92184,49.89394],[2.92978,49.89714],[2.93724,49.91308],[2.93429,49.91854],[2.92708,49.91977],[2.92951,49.91849],[2.92529,49.9174],[2.93317,49.91227],[2.93046,49.90632],[2.92004,49.90848],[2.91342,49.90421],[2.91517,49.89637],[2.92184,49.89394]]],[[[2.93382,49.94181],[2.93516,49.93591],[2.9401,49.93551],[2.93899,49.94107],[2.94381,49.93981],[2.93706,49.94441],[2.93382,49.94181]]]]},"properties":{"code_territoire":"iris806200301","libelle_territoire":"Iris 0301"}},
{"type":"Feature","geometry":{"type":"Polygon","coordinates":[[[2.93601,49.89587],[2.93759,49.9009],[2.94558,49.9114],[2.9449,49.91466],[2.93846,49.91523],[2.93395,49.926],[2.93048,49.92528],[2.93209,49.931],[2.93039,49.93277],[2.92049,49.94114],[2.93382,49.94181],[2.93706,49.94441],[2.94381,49.93981],[2.94686,49.93672],[2.93902,49.93487],[2.94489,49.93191],[2.95757,49.93417],[2.95418,49.93742],[2.95438,49.95214],[2.9546,49.95479],[2.93877,49.95275],[2.93106,49.95849],[2.92718,49.9536],[2.93115,49.94565],[2.91577,49.94962],[2.90874,49.94727],[2.90932,49.94171],[2.89493,49.94046],[2.90709,49.93419],[2.91793,49.92201],[2.92708,49.91977],[2.93429,49.91854],[2.93724,49.91308],[2.92978,49.89714],[2.93601,49.89587]]]},"properties":{"code_territoire":"iris806200401","libelle_territoire":"Iris 0401"}},
{"type":"Feature","geometry":{"type":"Polygon","coordinates":[[[2.87933,49.8235],[2.85168,49.82059],[2.85427,49.82325],[2.84904,49.82682],[2.84764,49.83437],[2.831,49.82782],[2.82837,49.83154],[2.8244,49.8251],[2.82262,49.81246],[2.82733,49.81154],[2.83328,49.80411],[2.84279,49.80038],[2.83295,49.78712],[2.83927,49.78401],[2.8445,49.78183],[2.85042,49.78819],[2.86108,49.78375],[2.86006,49.7879],[2.8658,49.78679],[2.8719,49.79417],[2.87696,49.79307],[2.87577,49.79659],[2.88915,49.80064],[2.88652,49.80899],[2.89407,49.8075],[2.89539,49.81055],[2.88399,49.81616],[2.87933,49.8235]]]},"properties":{"code_territoire":"iris806210000","libelle_territoire":"Hypercourt (commune non irisée)"}},
{"type":"Feature","geometry":{"type":"Polygon","coordinates":[[[2.15129,49.9007],[2.15519,49.89902],[2.16295,49.90317],[2.15724,49.90946],[2.15184,49.91792],[2.14618,49.91974],[2.1488,49.9258],[2.14208,49.92616],[2.15263,49.93663],[2.16507,49.94219],[2.17134,49.94128],[2.17362,49.94471],[2.1648,49.94955],[2.15131,49.94664],[2.14173,49.95028],[2.13912,49.9484],[2.12733,49.9539],[2.12546,49.95284],[2.1283,49.94991],[2.12467,49.94551],[2.11738,49.94272],[2.11037,49.94421],[2.1121,49.94715],[2.10631,49.94686],[2.10116,49.94161],[2.13299,49.92556],[2.12985,49.91926],[2.13806,49.92092],[2.14004,49.92397],[2.14676,49.91533],[2.1417,49.9067],[2.15129,49.9007]]]},"properties":{"code_territoire":"iris806220000","libelle_territoire":"Picquigny (commune non irisée)"}},
{"type":"Feature","geometry":{"type":"Polygon","coordinates":[[[2.66981,49.64163],[2.64649,49.64667],[2.63618,49.64024],[2.6348,49.64226],[2.61968,49.63665],[2.61725,49.63307],[2.61229,49.63395],[2.61078,49.63098],[2.6197,49.62245],[2.6187,49.61661],[2.62604,49.61094],[2.62724,49.60997],[2.6308,49.61466],[2.63594,49.6124],[2.64937,49.61394],[2.65949,49.61192],[2.65794,49.60732],[2.67399,49.60241],[2.67559,49.60649],[2.68262,49.60775],[2.6814,49.60988],[2.68809,49.61401],[2.68703,49.6174],[2.68203,49.62108],[2.67429,49.62014],[2.67313,49.62263],[2.66357,49.61728],[2.65873,49.61978],[2.65907,49.61443],[2.64989,49.6181],[2.65482,49.62913],[2.67007,49.64083],[2.66981,49.64163]]]},"properties":{"code_territoire":"iris806230000","libelle_territoire":"Piennes-Onvillers (commune non irisée)"}},
{"type":"Feature","geometry":{"type":"Polygon","coordinates":[[[2.38642,49.99878],[2.39098,50.00547],[2.3876,50.00885],[2.3929,50.01005],[2.39176,50.01234],[2.37574,50.01838],[2.37058,50.01455],[2.3705,50.00623],[2.37361,49.99649],[2.37911,49.99928],[2.38642,49.99878]]]},"properties":{"code_territoire":"iris806240000","libelle_territoire":"Pierregot (commune non irisée)"}},
{"type":"Feature","geometry":{"type":"Polygon","coordinates":[[[2.49593,49.70546],[2.51163,49.70403],[2.52036,49.7019],[2.53551,49.70558],[2.5334,49.70428],[2.53837,49.70036],[2.54166,49.70414],[2.54585,49.70311],[2.54558,49.69428],[2.55519,49.69622],[2.56195,49.68989],[2.55706,49.69449],[2.56454,49.69833],[2.56095,49.70744],[2.56703,49.71421],[2.56951,49.71],[2.57156,49.71611],[2.57679,49.71821],[2.57086,49.72159],[2.57879,49.72483],[2.57472,49.72758],[2.58163,49.72799],[2.58578,49.73151],[2.57371,49.73796],[2.55618,49.734],[2.55391,49.73609],[2.54142,49.73603],[2.52118,49.73007],[2.50519,49.71522],[2.50671,49.712],[2.49735,49.70725],[2.49593,49.70546]]]},"properties":{"code_territoire":"iris806250000","libelle_territoire":"Trois-Rivières (commune non irisée)"}},
{"type":"Feature","geometry":{"type":"Polygon","coordinates":[[[2.14621,49.87764],[2.13274,49.88067],[2.12315,49.87791],[2.10806,49.866],[2.10173,49.86568],[2.10678,49.85723],[2.1136,49.85844],[2.13563,49.85295],[2.15295,49.86688],[2.14621,49.87764]]]},"properties":{"code_territoire":"iris806260000","libelle_territoire":"Pissy (commune non irisée)"}},
{"type":"Feature","geometry":{"type":"Polygon","coordinates":[[[2.23227,49.79248],[2.23806,49.79084],[2.24361,49.80408],[2.24545,49.79989],[2.25092,49.80032],[2.25637,49.81338],[2.24604,49.81574],[2.2467,49.82102],[2.24175,49.82311],[2.23177,49.8268],[2.2299,49.82437],[2.20101,49.82777],[2.1802,49.82501],[2.19213,49.82135],[2.20434,49.8216],[2.21515,49.81495],[2.20923,49.80423],[2.23227,49.79248]]]},"properties":{"code_territoire":"iris806270000","libelle_territoire":"Plachy-Buyon (commune non irisée)"}},
{"type":"Feature","geometry":{"type":"Polygon","coordinates":[[[2.56484,49.76846],[2.56247,49.76969],[2.56294,49.76602],[2.55607,49.7645],[2.55113,49.76926],[2.54164,49.76338],[2.53767,49.76664],[2.53406,49.7659],[2.52433,49.75924],[2.53661,49.73842],[2.54142,49.73603],[2.55391,49.73609],[2.55618,49.734],[2.57371,49.73796],[2.56967,49.74184],[2.57492,49.74607],[2.5765,49.75595],[2.56805,49.75996],[2.57224,49.76338],[2.56484,49.76846]]]},"properties":{"code_territoire":"iris806280000","libelle_territoire":"Le Plessier-Rozainvillers (commune non irisée)"}},
{"type":"Feature","geometry":{"type":"Polygon","coordinates":[[[3.08292,49.8786],[3.08557,49.87173],[3.08271,49.86637],[3.08848,49.86562],[3.08678,49.86836],[3.09136,49.86709],[3.09166,49.87054],[3.10804,49.87554],[3.12009,49.88425],[3.11738,49.8909],[3.10984,49.89001],[3.09721,49.89413],[3.09441,49.89636],[3.09745,49.90045],[3.08847,49.90407],[3.08267,49.89545],[3.08641,49.89329],[3.07843,49.88555],[3.0818,49.88536],[3.08292,49.8786]]]},"properties":{"code_territoire":"iris806290000","libelle_territoire":"Pœuilly (commune non irisée)"}},
{"type":"Feature","geometry":{"type":"MultiPolygon","coordinates":[[[[1.97168,49.72021],[1.97141,49.71598],[1.97805,49.70973],[1.98903,49.71168],[1.98904,49.7088],[2.00215,49.71342],[2.00272,49.71786],[1.99475,49.71998],[1.99309,49.7275],[1.97922,49.73684],[1.97706,49.74203],[1.96794,49.73878],[1.97218,49.73282],[1.96772,49.73065],[1.97168,49.72021]]],[[[1.98017,49.74656],[1.98411,49.74947],[1.98529,49.75628],[1.97786,49.76418],[1.99395,49.77013],[1.99378,49.77279],[1.9971,49.77196],[2.00037,49.77742],[1.99281,49.77803],[1.98203,49.78607],[1.97384,49.78468],[1.97011,49.78364],[1.97384,49.78055],[1.95363,49.77235],[1.95361,49.77029],[1.96048,49.77188],[1.96184,49.7696],[1.96744,49.77214],[1.96508,49.76871],[1.96994,49.76455],[1.96271,49.75433],[1.96685,49.74989],[1.96517,49.74569],[1.98017,49.74656]]]]},"properties":{"code_territoire":"iris806300000","libelle_territoire":"Poix-de-Picardie (commune non irisée)"}},
{"type":"Feature","geometry":{"type":"Polygon","coordinates":[[[1.89896,50.31333],[1.89812,50.31835],[1.88321,50.31769],[1.87552,50.32282],[1.86897,50.32593],[1.86959,50.32239],[1.86262,50.31793],[1.85673,50.3234],[1.84526,50.31472],[1.85471,50.31227],[1.8565,50.30471],[1.86353,50.30478],[1.87517,50.29845],[1.87892,50.30035],[1.89397,50.29343],[1.89896,50.31333]]]},"properties":{"code_territoire":"iris806310000","libelle_territoire":"Ponches-Estruval (commune non irisée)"}},
{"type":"Feature","geometry":{"type":"Polygon","coordinates":[[[2.25334,49.89007],[2.22921,49.89593],[2.21205,49.88751],[2.19896,49.88737],[2.19408,49.87762],[2.19559,49.87425],[2.20473,49.87372],[2.22252,49.87855],[2.23989,49.87231],[2.25195,49.8733],[2.25574,49.87692],[2.26099,49.87697],[2.25773,49.87796],[2.25913,49.88192],[2.25336,49.8807],[2.25706,49.88708],[2.25334,49.89007]]]},"properties":{"code_territoire":"iris806320000","libelle_territoire":"Pont-de-Metz (commune non irisée)"}},
{"type":"Feature","geometry":{"type":"Polygon","coordinates":[[[1.69963,50.2454],[1.69474,50.23518],[1.68343,50.22755],[1.68201,50.21687],[1.67534,50.2173],[1.67359,50.22005],[1.66261,50.21425],[1.67805,50.20894],[1.68703,50.20037],[1.67694,50.19416],[1.71389,50.20371],[1.71982,50.20776],[1.73153,50.20644],[1.74324,50.20906],[1.7431,50.20706],[1.75115,50.21184],[1.75305,50.21467],[1.74681,50.21414],[1.7429,50.22225],[1.74794,50.224],[1.74686,50.22623],[1.74226,50.22384],[1.73687,50.23587],[1.71705,50.23605],[1.71761,50.24403],[1.7114,50.24443],[1.71172,50.24928],[1.69963,50.2454]]]},"properties":{"code_territoire":"iris806330000","libelle_territoire":"Ponthoile (commune non irisée)"}},
{"type":"Feature","geometry":{"type":"Polygon","coordinates":[[[2.45652,49.92378],[2.46069,49.92378],[2.4609,49.93236],[2.4656,49.93334],[2.47542,49.94914],[2.46771,49.95523],[2.47627,49.95709],[2.47204,49.96061],[2.46246,49.95902],[2.44792,49.95641],[2.43942,49.95128],[2.42979,49.92221],[2.45652,49.92378]]]},"properties":{"code_territoire":"iris806340000","libelle_territoire":"Pont-Noyelles (commune non irisée)"}},
{"type":"Feature","geometry":{"type":"Polygon","coordinates":[[[1.90318,50.07867],[1.90239,50.06731],[1.89235,50.05589],[1.89638,50.05437],[1.89286,50.04798],[1.89699,50.0443],[1.919,50.0405],[1.91565,50.05004],[1.92937,50.04709],[1.92807,50.04925],[1.9417,50.06147],[1.92024,50.07067],[1.92838,50.07573],[1.92989,50.08132],[1.90702,50.08513],[1.90318,50.07867]]]},"properties":{"code_territoire":"iris806350000","libelle_territoire":"Pont-Remy (commune non irisée)"}},
{"type":"Feature","geometry":{"type":"Polygon","coordinates":[[[1.76187,50.13904],[1.76565,50.13831],[1.77385,50.14277],[1.78498,50.14261],[1.78991,50.13977],[1.79251,50.14618],[1.78822,50.14895],[1.79384,50.15243],[1.78806,50.15993],[1.78232,50.16709],[1.76813,50.16306],[1.73706,50.17143],[1.71987,50.15759],[1.75102,50.14593],[1.76187,50.13904]]]},"properties":{"code_territoire":"iris806370000","libelle_territoire":"Port-le-Grand (commune non irisée)"}},
{"type":"Feature","geometry":{"type":"Polygon","coordinates":[[[2.89539,49.81055],[2.89407,49.8075],[2.88652,49.80899],[2.88915,49.80064],[2.89193,49.78986],[2.91368,49.78704],[2.91491,49.7934],[2.90768,49.79194],[2.90435,49.8102],[2.89539,49.81055]]]},"properties":{"code_territoire":"iris806380000","libelle_territoire":"Potte (commune non irisée)"}},
{"type":"Feature","geometry":{"type":"Polygon","coordinates":[[[2.27637,49.95058],[2.28053,49.94095],[2.28853,49.94389],[2.29566,49.9387],[2.29934,49.92836],[2.30614,49.9287],[2.3225,49.9308],[2.32608,49.93539],[2.3288,49.93889],[2.33321,49.94465],[2.32679,49.94602],[2.32814,49.95176],[2.31465,49.95755],[2.32639,49.96966],[2.32017,49.97053],[2.32353,49.98492],[2.33178,49.98436],[2.32444,49.98984],[2.3228,49.98724],[2.31547,49.98705],[2.3163,49.98232],[2.3085,49.9818],[2.30147,49.96969],[2.30478,49.9688],[2.30212,49.96811],[2.30538,49.96105],[2.27625,49.95106],[2.27637,49.95058]]]},"properties":{"code_territoire":"iris806390000","libelle_territoire":"Poulainville (commune non irisée)"}},
{"type":"Feature","geometry":{"type":"Polygon","coordinates":[[[2.71759,50.02616],[2.72636,50.02957],[2.72781,50.03899],[2.73888,50.04616],[2.72838,50.05058],[2.72499,50.05644],[2.71859,50.05353],[2.72049,50.04712],[2.71218,50.04602],[2.71108,50.04343],[2.71689,50.03439],[2.70916,50.03032],[2.71759,50.02616]]]},"properties":{"code_territoire":"iris806400000","libelle_territoire":"Pozières (commune non irisée)"}},
{"type":"Feature","geometry":{"type":"Polygon","coordinates":[[[2.15616,50.153],[2.15382,50.16539],[2.14911,50.16677],[2.15272,50.17308],[2.14941,50.17265],[2.13781,50.1658],[2.13217,50.16956],[2.1263,50.16621],[2.11871,50.16799],[2.10287,50.15834],[2.10618,50.15345],[2.10138,50.14918],[2.10543,50.14385],[2.12732,50.14253],[2.13708,50.14674],[2.14572,50.14431],[2.15616,50.153]]]},"properties":{"code_territoire":"iris806420000","libelle_territoire":"Prouville (commune non irisée)"}},
{"type":"Feature","geometry":{"type":"Polygon","coordinates":[[[2.20923,49.80423],[2.21515,49.81495],[2.20434,49.8216],[2.19213,49.82135],[2.1802,49.82501],[2.17022,49.82016],[2.16541,49.81057],[2.1698,49.80507],[2.17375,49.80176],[2.17847,49.80301],[2.18287,49.81176],[2.19331,49.80765],[2.20179,49.80764],[2.20077,49.80461],[2.20613,49.80206],[2.20923,49.80423]]]},"properties":{"code_territoire":"iris806430000","libelle_territoire":"Prouzel (commune non irisée)"}},
{"type":"Feature","geometry":{"type":"Polygon","coordinates":[[[2.67988,49.88794],[2.67704,49.878],[2.68983,49.87812],[2.68565,49.87319],[2.68928,49.87324],[2.72651,49.87379],[2.72739,49.88127],[2.73407,49.88136],[2.73715,49.88709],[2.72655,49.88627],[2.72866,49.88965],[2.72528,49.89324],[2.71952,49.89098],[2.71204,49.89549],[2.71495,49.90027],[2.70927,49.90217],[2.71378,49.90711],[2.71515,49.91296],[2.70893,49.91555],[2.70863,49.91221],[2.70318,49.9121],[2.69181,49.91798],[2.68816,49.91706],[2.69328,49.91009],[2.70255,49.90621],[2.69407,49.89751],[2.69843,49.8941],[2.68766,49.88998],[2.69098,49.88658],[2.67988,49.88794]]]},"properties":{"code_territoire":"iris806440000","libelle_territoire":"Proyart (commune non irisée)"}},
{"type":"Feature","geometry":{"type":"Polygon","coordinates":[[[2.43618,50.03462],[2.44522,50.03754],[2.44308,50.04072],[2.44711,50.0436],[2.44365,50.04577],[2.44605,50.05109],[2.43527,50.05412],[2.43336,50.06238],[2.43391,50.06716],[2.4221,50.06818],[2.42103,50.07115],[2.41248,50.07361],[2.3817,50.0712],[2.36943,50.06532],[2.38383,50.06258],[2.38207,50.04855],[2.39108,50.03979],[2.3969,50.04084],[2.39857,50.03816],[2.40366,50.04251],[2.41532,50.04345],[2.41736,50.04049],[2.43618,50.03462]]]},"properties":{"code_territoire":"iris806450000","libelle_territoire":"Puchevillers (commune non irisée)"}},
{"type":"Feature","geometry":{"type":"Polygon","coordinates":[[[2.79987,49.78099],[2.82237,49.78664],[2.81161,49.80389],[2.80226,49.80469],[2.79405,49.80085],[2.80096,49.79873],[2.79613,49.78732],[2.80182,49.78742],[2.79987,49.78099]]]},"properties":{"code_territoire":"iris806460000","libelle_territoire":"Punchy (commune non irisée)"}},
{"type":"Feature","geometry":{"type":"Polygon","coordinates":[[[2.82237,49.78664],[2.83295,49.78712],[2.84279,49.80038],[2.83328,49.80411],[2.82733,49.81154],[2.82378,49.80899],[2.81733,49.80949],[2.81161,49.80389],[2.82237,49.78664]]]},"properties":{"code_territoire":"iris806470000","libelle_territoire":"Puzeaux (commune non irisée)"}},
{"type":"Feature","geometry":{"type":"Polygon","coordinates":[[[2.77746,50.09958],[2.76989,50.09317],[2.76671,50.09488],[2.76238,50.09166],[2.75042,50.09157],[2.74396,50.08621],[2.74837,50.08468],[2.74987,50.07891],[2.74359,50.07377],[2.74511,50.07016],[2.74691,50.06775],[2.76038,50.06964],[2.77157,50.08028],[2.77435,50.07934],[2.7732,50.0858],[2.77786,50.08363],[2.77588,50.08552],[2.78208,50.09106],[2.77746,50.09958]]]},"properties":{"code_territoire":"iris806480000","libelle_territoire":"Pys (commune non irisée)"}},
{"type":"Feature","geometry":{"type":"Polygon","coordinates":[[[1.66236,50.33133],[1.66539,50.33411],[1.66171,50.33848],[1.6557,50.33616],[1.65129,50.34006],[1.64468,50.33952],[1.64695,50.34314],[1.64235,50.34519],[1.64633,50.34836],[1.6269,50.36005],[1.62637,50.36596],[1.61349,50.36042],[1.60246,50.35991],[1.61006,50.3486],[1.61146,50.33618],[1.58804,50.33754],[1.58672,50.33113],[1.57696,50.32752],[1.54753,50.32897],[1.54218,50.30514],[1.5975,50.3042],[1.59674,50.29621],[1.60484,50.28327],[1.61042,50.28157],[1.61704,50.28491],[1.62286,50.28483],[1.62343,50.29227],[1.63209,50.29711],[1.63294,50.30295],[1.64561,50.30585],[1.65035,50.31159],[1.66636,50.31016],[1.67887,50.30552],[1.65799,50.31968],[1.65571,50.32339],[1.66236,50.33133]]]},"properties":{"code_territoire":"iris806490000","libelle_territoire":"Quend (commune non irisée)"}},
{"type":"Feature","geometry":{"type":"Polygon","coordinates":[[[2.38775,49.92154],[2.40613,49.92498],[2.40819,49.92285],[2.41818,49.92624],[2.42979,49.92221],[2.43942,49.95128],[2.42279,49.95651],[2.42056,49.95508],[2.41724,49.95739],[2.41279,49.95296],[2.41019,49.9545],[2.40798,49.94913],[2.38981,49.95202],[2.39599,49.94473],[2.39025,49.93273],[2.39585,49.93168],[2.38115,49.92472],[2.38525,49.92144],[2.38775,49.92154]]]},"properties":{"code_territoire":"iris806500000","libelle_territoire":"Querrieu (commune non irisée)"}},
{"type":"Feature","geometry":{"type":"Polygon","coordinates":[[[1.80227,49.86513],[1.79597,49.86952],[1.78058,49.85674],[1.7911,49.85143],[1.80227,49.86513]]]},"properties":{"code_territoire":"iris806510000","libelle_territoire":"Le Quesne (commune non irisée)"}},
{"type":"Feature","geometry":{"type":"Polygon","coordinates":[[[2.64315,49.75933],[2.64979,49.77299],[2.64423,49.7727],[2.6471,49.79236],[2.63394,49.79586],[2.62244,49.80329],[2.61014,49.79845],[2.59129,49.78173],[2.60304,49.77664],[2.59621,49.7705],[2.59899,49.769],[2.60678,49.77457],[2.63819,49.76148],[2.64315,49.75933]]]},"properties":{"code_territoire":"iris806520000","libelle_territoire":"Le Quesnel (commune non irisée)"}},
{"type":"Feature","geometry":{"type":"Polygon","coordinates":[[[1.66464,50.09707],[1.68067,50.09088],[1.68954,50.09005],[1.69467,50.09261],[1.69802,50.10191],[1.70573,50.10505],[1.70995,50.10391],[1.71076,50.10754],[1.70702,50.10894],[1.71192,50.11113],[1.70113,50.11964],[1.69519,50.121],[1.69367,50.11884],[1.68865,50.12273],[1.67986,50.11718],[1.6679,50.10731],[1.66464,50.09707]]]},"properties":{"code_territoire":"iris806540000","libelle_territoire":"Quesnoy-le-Montant (commune non irisée)"}},
{"type":"Feature","geometry":{"type":"Polygon","coordinates":[[[1.97205,49.93561],[1.98024,49.92852],[1.98775,49.92359],[1.99581,49.92502],[1.99519,49.92187],[1.99778,49.92365],[2.00452,49.92112],[2.01412,49.93102],[2.01234,49.93289],[2.00974,49.94509],[2.01966,49.95207],[2.01738,49.96031],[2.00757,49.97408],[2.00158,49.97576],[1.99091,49.97163],[1.97212,49.97027],[1.97103,49.95443],[1.96824,49.95552],[1.96637,49.94974],[1.9601,49.94655],[1.96305,49.94319],[1.97205,49.93561]]]},"properties":{"code_territoire":"iris806550000","libelle_territoire":"Quesnoy-sur-Airaines (commune non irisée)"}},
{"type":"Feature","geometry":{"type":"Polygon","coordinates":[[[2.07242,49.83766],[2.06623,49.8278],[2.06011,49.82743],[2.05421,49.81932],[2.05043,49.81497],[2.05686,49.81703],[2.06342,49.81146],[2.05848,49.80885],[2.06707,49.80078],[2.05008,49.79225],[2.0627,49.79426],[2.06579,49.78853],[2.0785,49.79506],[2.07124,49.8032],[2.08559,49.80984],[2.08238,49.81251],[2.0875,49.81428],[2.08499,49.81637],[2.10179,49.81996],[2.09519,49.83059],[2.08088,49.83229],[2.07242,49.83766]]]},"properties":{"code_territoire":"iris806560000","libelle_territoire":"Quevauvillers (commune non irisée)"}},
{"type":"Feature","geometry":{"type":"Polygon","coordinates":[[[2.36194,49.66681],[2.3709,49.65643],[2.3884,49.65586],[2.40226,49.66064],[2.39824,49.66231],[2.39647,49.67132],[2.40506,49.68069],[2.40267,49.68265],[2.39692,49.68018],[2.38042,49.68694],[2.37753,49.68543],[2.37617,49.67994],[2.36726,49.67361],[2.36839,49.66912],[2.36144,49.66907],[2.36194,49.66681]]]},"properties":{"code_territoire":"iris806570000","libelle_territoire":"Quiry-le-Sec (commune non irisée)"}},
{"type":"Feature","geometry":{"type":"Polygon","coordinates":[[[3.03475,49.80723],[3.03944,49.80974],[3.041,49.80819],[3.04512,49.81275],[3.06081,49.82002],[3.05902,49.82771],[3.03436,49.82943],[3.01308,49.83771],[3.01116,49.84281],[3.00718,49.84372],[3.0087,49.83869],[2.99956,49.83873],[3.01676,49.82598],[3.01977,49.81887],[3.02575,49.8156],[3.02114,49.81308],[3.0245,49.81238],[3.03475,49.80723]]]},"properties":{"code_territoire":"iris806580000","libelle_territoire":"Quivières (commune non irisée)"}}
]}